设备编号,时间,透水率,IQR下界,IQR上界
A1,2024-08-06 00:00:03,133.00328789469,55.160982166793985,131.2903223645688
A1,2025-04-13 16:00:00,136.062384238679,55.160982166793985,131.2903223645688
A1,2025-07-12 02:00:00,131.509831014327,55.160982166793985,131.2903223645688
A1,2025-07-19 23:00:00,140.370353586497,55.160982166793985,131.2903223645688
A1,2025-09-20 21:00:00,131.541660847728,55.160982166793985,131.2903223645688
A1,2025-12-22 06:00:00,49.2940928099602,55.160982166793985,131.2903223645688
A1,2025-12-27 04:00:00,44.0976877943316,55.160982166793985,131.2903223645688
A1,2025-12-28 00:00:00,55.0522469143469,55.160982166793985,131.2903223645688
A1,2025-12-28 02:00:00,55.0865840189906,55.160982166793985,131.2903223645688
A1,2025-12-28 04:00:00,54.8501000791861,55.160982166793985,131.2903223645688
A1,2025-12-28 05:00:00,54.9279063629584,55.160982166793985,131.2903223645688
A1,2025-12-28 06:00:00,54.7840089929237,55.160982166793985,131.2903223645688
A1,2025-12-28 07:00:00,54.9437937991393,55.160982166793985,131.2903223645688
A1,2025-12-28 12:00:00,55.1128907124591,55.160982166793985,131.2903223645688
A1,2025-12-28 13:00:00,55.1219796411493,55.160982166793985,131.2903223645688
A1,2025-12-28 14:00:00,55.0997348259503,55.160982166793985,131.2903223645688
A1,2025-12-28 15:00:00,55.0963236528032,55.160982166793985,131.2903223645688
A1,2025-12-28 16:00:00,54.7523640816732,55.160982166793985,131.2903223645688
A1,2025-12-28 17:00:00,54.9129244454449,55.160982166793985,131.2903223645688
A1,2025-12-28 19:00:00,54.8782906358966,55.160982166793985,131.2903223645688
A1,2025-12-28 20:00:00,55.0788234003749,55.160982166793985,131.2903223645688
A1,2025-12-28 21:00:00,54.7209469695843,55.160982166793985,131.2903223645688
A1,2025-12-28 22:00:00,55.1440705743927,55.160982166793985,131.2903223645688
A1,2025-12-28 23:00:00,55.140783219654,55.160982166793985,131.2903223645688
A1,2025-12-29 00:00:00,54.1805191843885,55.160982166793985,131.2903223645688
A1,2025-12-29 01:00:00,54.071347271239,55.160982166793985,131.2903223645688
A1,2025-12-29 02:00:00,53.9636448458214,55.160982166793985,131.2903223645688
A1,2025-12-29 03:00:00,54.2057073215183,55.160982166793985,131.2903223645688
A1,2025-12-29 04:00:00,53.9435575030618,55.160982166793985,131.2903223645688
A1,2025-12-29 06:00:00,54.0889124630451,55.160982166793985,131.2903223645688
A1,2025-12-29 07:00:00,53.9464764957864,55.160982166793985,131.2903223645688
A1,2025-12-29 09:00:00,54.0723218688657,55.160982166793985,131.2903223645688
A1,2025-12-29 10:00:00,54.3589054796018,55.160982166793985,131.2903223645688
A1,2025-12-29 11:00:00,53.9437026180231,55.160982166793985,131.2903223645688
A1,2025-12-29 12:00:00,54.0268586554896,55.160982166793985,131.2903223645688
A1,2025-12-29 13:00:00,54.1976992227979,55.160982166793985,131.2903223645688
A1,2025-12-29 14:00:00,54.2042353961174,55.160982166793985,131.2903223645688
A1,2025-12-29 15:00:00,54.0882160019441,55.160982166793985,131.2903223645688
A1,2025-12-29 16:00:00,54.2739029547279,55.160982166793985,131.2903223645688
A1,2025-12-29 17:00:00,54.138405313756,55.160982166793985,131.2903223645688
A1,2025-12-29 18:00:00,54.155157770028,55.160982166793985,131.2903223645688
A1,2025-12-29 19:00:00,54.0830113342752,55.160982166793985,131.2903223645688
A1,2025-12-30 07:00:00,53.645276248766,55.160982166793985,131.2903223645688
A1,2025-12-30 10:00:00,53.9818393126366,55.160982166793985,131.2903223645688
A1,2025-12-30 11:00:00,53.4704950208347,55.160982166793985,131.2903223645688
A1,2025-12-30 12:00:00,53.8655503191883,55.160982166793985,131.2903223645688
A1,2025-12-30 13:00:00,53.7484105903632,55.160982166793985,131.2903223645688
A1,2025-12-30 14:00:00,53.1606596240276,55.160982166793985,131.2903223645688
A1,2025-12-30 15:00:00,53.7438724389354,55.160982166793985,131.2903223645688
A1,2025-12-30 16:00:00,53.6163985357823,55.160982166793985,131.2903223645688
A1,2025-12-30 17:00:00,53.7006462901732,55.160982166793985,131.2903223645688
A1,2025-12-30 18:00:00,53.5263383345879,55.160982166793985,131.2903223645688
A1,2025-12-30 19:00:00,53.9532107106258,55.160982166793985,131.2903223645688
A1,2025-12-30 20:00:00,53.3176672859939,55.160982166793985,131.2903223645688
A1,2025-12-30 21:00:00,53.3645004765348,55.160982166793985,131.2903223645688
A1,2025-12-30 22:00:00,53.7639341524771,55.160982166793985,131.2903223645688
A1,2025-12-30 23:00:00,53.6207116536422,55.160982166793985,131.2903223645688
A1,2025-12-31 00:00:00,52.9255511850134,55.160982166793985,131.2903223645688
A1,2025-12-31 01:00:00,53.1798901202487,55.160982166793985,131.2903223645688
A1,2025-12-31 02:00:00,53.0479563880647,55.160982166793985,131.2903223645688
A1,2025-12-31 03:00:00,52.7005832153363,55.160982166793985,131.2903223645688
A1,2025-12-31 04:00:00,53.3250947572093,55.160982166793985,131.2903223645688
A1,2025-12-31 05:00:00,53.2734843398829,55.160982166793985,131.2903223645688
A1,2025-12-31 06:00:00,53.329971764178,55.160982166793985,131.2903223645688
A1,2025-12-31 07:00:00,53.1252336804112,55.160982166793985,131.2903223645688
A1,2025-12-31 08:00:00,53.0296043932275,55.160982166793985,131.2903223645688
A1,2025-12-31 09:00:00,52.959499876155,55.160982166793985,131.2903223645688
A1,2025-12-31 10:00:00,53.2569068431531,55.160982166793985,131.2903223645688
A1,2025-12-31 11:00:00,52.9075945146845,55.160982166793985,131.2903223645688
A1,2025-12-31 12:00:00,53.2866554140808,55.160982166793985,131.2903223645688
A1,2025-12-31 13:00:00,53.1131768402649,55.160982166793985,131.2903223645688
A1,2025-12-31 14:00:00,53.2470292067456,55.160982166793985,131.2903223645688
A1,2025-12-31 15:00:00,53.069593243411,55.160982166793985,131.2903223645688
A1,2025-12-31 16:00:00,53.3663899330881,55.160982166793985,131.2903223645688
A1,2025-12-31 17:00:00,53.4881199802366,55.160982166793985,131.2903223645688
A1,2025-12-31 18:00:00,53.0518161252918,55.160982166793985,131.2903223645688
A1,2025-12-31 19:00:00,53.7067314470065,55.160982166793985,131.2903223645688
A1,2025-12-31 20:00:00,53.0743197042492,55.160982166793985,131.2903223645688
A1,2025-12-31 21:00:00,53.1645858347506,55.160982166793985,131.2903223645688
A1,2025-12-31 22:00:00,53.1615565190777,55.160982166793985,131.2903223645688
A1,2025-12-31 23:00:00,53.2003370172284,55.160982166793985,131.2903223645688
A1,2026-01-01 00:00:00,52.5733491181438,55.160982166793985,131.2903223645688
A1,2026-01-01 01:00:00,53.2803322398021,55.160982166793985,131.2903223645688
A1,2026-01-01 02:00:00,53.0280862593678,55.160982166793985,131.2903223645688
A1,2026-01-01 03:00:00,52.6042571448075,55.160982166793985,131.2903223645688
A1,2026-01-01 04:00:00,53.1001892441513,55.160982166793985,131.2903223645688
A1,2026-01-01 05:00:00,49.3605599188349,55.160982166793985,131.2903223645688
A1,2026-01-01 13:00:00,52.5750814709425,55.160982166793985,131.2903223645688
A1,2026-01-01 14:00:00,52.736934010282,55.160982166793985,131.2903223645688
A1,2026-01-01 15:00:00,52.5909792951219,55.160982166793985,131.2903223645688
A1,2026-01-01 16:00:00,52.9083846596774,55.160982166793985,131.2903223645688
A1,2026-01-01 17:00:00,53.2754026012973,55.160982166793985,131.2903223645688
A1,2026-01-01 18:00:00,52.8293010055603,55.160982166793985,131.2903223645688
A1,2026-01-01 19:00:00,53.4383017683129,55.160982166793985,131.2903223645688
A1,2026-01-01 20:00:00,53.0332644076316,55.160982166793985,131.2903223645688
A1,2026-01-01 21:00:00,52.9519355997093,55.160982166793985,131.2903223645688
A1,2026-01-01 22:00:00,52.8381157578274,55.160982166793985,131.2903223645688
A1,2026-01-01 23:00:00,53.0667237022021,55.160982166793985,131.2903223645688
A1,2026-01-02 00:00:00,51.9842638212875,55.160982166793985,131.2903223645688
A1,2026-01-02 01:00:00,52.1299667866748,55.160982166793985,131.2903223645688
A1,2026-01-02 02:00:00,52.280094445148,55.160982166793985,131.2903223645688
A1,2026-01-02 03:00:00,51.8477511385328,55.160982166793985,131.2903223645688
A1,2026-01-02 04:00:00,51.9644735684749,55.160982166793985,131.2903223645688
A1,2026-01-02 05:00:00,52.0853033221539,55.160982166793985,131.2903223645688
A1,2026-01-02 06:00:00,52.1588129286967,55.160982166793985,131.2903223645688
A1,2026-01-02 07:00:00,52.4488831657003,55.160982166793985,131.2903223645688
A1,2026-01-02 08:00:00,52.2287632657122,55.160982166793985,131.2903223645688
A1,2026-01-02 12:00:00,52.180323720022,55.160982166793985,131.2903223645688
A1,2026-01-02 13:00:00,52.1271833183562,55.160982166793985,131.2903223645688
A1,2026-01-02 14:00:00,52.2445763497186,55.160982166793985,131.2903223645688
A1,2026-01-02 15:00:00,51.6320657125791,55.160982166793985,131.2903223645688
A1,2026-01-02 16:00:00,52.5264955951959,55.160982166793985,131.2903223645688
A1,2026-01-03 23:00:00,51.9673229002608,55.160982166793985,131.2903223645688
A1,2026-01-04 00:00:00,51.4462108578355,55.160982166793985,131.2903223645688
A1,2026-01-04 01:00:00,51.5359085817163,55.160982166793985,131.2903223645688
A1,2026-01-04 02:00:00,51.1633257682776,55.160982166793985,131.2903223645688
A1,2026-01-04 03:00:00,51.1302913515997,55.160982166793985,131.2903223645688
A1,2026-01-04 04:00:00,50.8932480025877,55.160982166793985,131.2903223645688
A1,2026-01-04 06:00:00,51.0732674156861,55.160982166793985,131.2903223645688
A1,2026-01-04 12:00:00,51.5519153560346,55.160982166793985,131.2903223645688
A1,2026-01-04 13:00:00,51.3346958354694,55.160982166793985,131.2903223645688
A1,2026-01-04 14:00:00,51.0643796700596,55.160982166793985,131.2903223645688
A1,2026-01-04 15:00:00,50.8688061480929,55.160982166793985,131.2903223645688
A1,2026-01-04 16:00:00,51.2889115444155,55.160982166793985,131.2903223645688
A1,2026-01-04 17:00:00,51.2966282924009,55.160982166793985,131.2903223645688
A1,2026-01-04 18:00:00,51.1366543990902,55.160982166793985,131.2903223645688
A1,2026-01-04 19:00:00,50.4414122282268,55.160982166793985,131.2903223645688
A1,2026-01-04 20:00:00,51.6631006553349,55.160982166793985,131.2903223645688
A1,2026-01-04 21:00:00,51.1212812009533,55.160982166793985,131.2903223645688
A1,2026-01-04 22:00:00,51.4622414694279,55.160982166793985,131.2903223645688
A1,2026-01-04 23:00:00,51.2397600364435,55.160982166793985,131.2903223645688
A1,2026-01-05 00:00:00,50.4580373677012,55.160982166793985,131.2903223645688
A1,2026-01-05 01:00:00,50.9309246341073,55.160982166793985,131.2903223645688
A1,2026-01-05 02:00:00,50.8982364004736,55.160982166793985,131.2903223645688
A1,2026-01-05 03:00:00,50.3790438214221,55.160982166793985,131.2903223645688
A1,2026-01-05 04:00:00,50.2967127769738,55.160982166793985,131.2903223645688
A1,2026-01-05 05:00:00,50.6069974141922,55.160982166793985,131.2903223645688
A1,2026-01-05 10:00:00,50.673300446331,55.160982166793985,131.2903223645688
A1,2026-01-05 11:00:00,50.70056759059,55.160982166793985,131.2903223645688
A1,2026-01-05 12:00:00,50.3557196498153,55.160982166793985,131.2903223645688
A1,2026-01-05 13:00:00,50.8791991892713,55.160982166793985,131.2903223645688
A1,2026-01-05 14:00:00,50.8366817380213,55.160982166793985,131.2903223645688
A1,2026-01-05 15:00:00,50.4022370859588,55.160982166793985,131.2903223645688
A1,2026-01-05 16:00:00,50.4955207350418,55.160982166793985,131.2903223645688
A1,2026-01-05 17:00:00,50.5670129307296,55.160982166793985,131.2903223645688
A1,2026-01-05 18:00:00,50.2775350390384,55.160982166793985,131.2903223645688
A1,2026-01-05 19:00:00,50.5297192119279,55.160982166793985,131.2903223645688
A1,2026-01-05 20:00:00,50.437249684628,55.160982166793985,131.2903223645688
A1,2026-01-05 21:00:00,50.3212592798433,55.160982166793985,131.2903223645688
A1,2026-01-05 22:00:00,50.1450055174837,55.160982166793985,131.2903223645688
A1,2026-01-05 23:00:00,50.6356524906433,55.160982166793985,131.2903223645688
A1,2026-01-06 00:00:00,49.7720912030994,55.160982166793985,131.2903223645688
A1,2026-01-06 01:00:00,49.6876831955626,55.160982166793985,131.2903223645688
A1,2026-01-06 03:00:00,49.6219585847034,55.160982166793985,131.2903223645688
A1,2026-01-06 04:00:00,40.5933040129816,55.160982166793985,131.2903223645688
A1,2026-01-06 05:00:00,49.7439410478921,55.160982166793985,131.2903223645688
A1,2026-01-06 06:00:00,49.4314506284063,55.160982166793985,131.2903223645688
A1,2026-01-06 07:00:00,49.3160750261007,55.160982166793985,131.2903223645688
A1,2026-01-06 10:00:00,49.5008040826399,55.160982166793985,131.2903223645688
A1,2026-01-06 11:00:00,49.3819763750477,55.160982166793985,131.2903223645688
A1,2026-01-06 12:00:00,50.0595310317548,55.160982166793985,131.2903223645688
A1,2026-01-06 13:00:00,49.6638466806957,55.160982166793985,131.2903223645688
A1,2026-01-06 14:00:00,49.5264793986905,55.160982166793985,131.2903223645688
A1,2026-01-06 15:00:00,49.7612428971005,55.160982166793985,131.2903223645688
A1,2026-01-06 16:00:00,50.0340593175305,55.160982166793985,131.2903223645688
A1,2026-01-06 17:00:00,49.7189928656114,55.160982166793985,131.2903223645688
A1,2026-01-06 18:00:00,49.5800111821503,55.160982166793985,131.2903223645688
A1,2026-01-06 19:00:00,49.5603518065611,55.160982166793985,131.2903223645688
A1,2026-01-06 20:00:00,50.013472201891,55.160982166793985,131.2903223645688
A1,2026-01-06 21:00:00,49.5457755233176,55.160982166793985,131.2903223645688
A1,2026-01-06 22:00:00,49.9768500527912,55.160982166793985,131.2903223645688
A1,2026-01-06 23:00:00,49.7786353533053,55.160982166793985,131.2903223645688
A1,2026-01-07 00:00:00,48.8639815626101,55.160982166793985,131.2903223645688
A1,2026-01-07 01:00:00,49.0050184542946,55.160982166793985,131.2903223645688
A1,2026-01-07 02:00:00,48.790203577416,55.160982166793985,131.2903223645688
A1,2026-01-07 03:00:00,48.8710074926462,55.160982166793985,131.2903223645688
A1,2026-01-07 04:00:00,48.7544815643127,55.160982166793985,131.2903223645688
A1,2026-01-07 05:00:00,49.4110566080588,55.160982166793985,131.2903223645688
A1,2026-01-07 06:00:00,48.9892721333048,55.160982166793985,131.2903223645688
A1,2026-01-07 07:00:00,48.5631711476532,55.160982166793985,131.2903223645688
A1,2026-01-07 08:00:00,49.0161529934371,55.160982166793985,131.2903223645688
A1,2026-01-07 11:00:00,48.8993312250066,55.160982166793985,131.2903223645688
A1,2026-01-07 12:00:00,49.3250721770185,55.160982166793985,131.2903223645688
A1,2026-01-07 13:00:00,49.0540016963725,55.160982166793985,131.2903223645688
A1,2026-01-08 01:00:00,48.392522732003,55.160982166793985,131.2903223645688
A1,2026-01-08 02:00:00,47.9259791420642,55.160982166793985,131.2903223645688
A1,2026-01-08 03:00:00,48.2033616340799,55.160982166793985,131.2903223645688
A1,2026-01-08 04:00:00,48.6925037035685,55.160982166793985,131.2903223645688
A1,2026-01-08 05:00:00,48.5902533281158,55.160982166793985,131.2903223645688
A1,2026-01-08 07:00:00,48.3873181321435,55.160982166793985,131.2903223645688
A1,2026-01-08 09:00:00,48.7355445720899,55.160982166793985,131.2903223645688
A1,2026-01-08 10:00:00,48.0977049309326,55.160982166793985,131.2903223645688
A1,2026-01-08 11:00:00,48.4531698611858,55.160982166793985,131.2903223645688
A1,2026-01-08 12:00:00,48.2204734384228,55.160982166793985,131.2903223645688
A1,2026-01-08 13:00:00,48.8593612566497,55.160982166793985,131.2903223645688
A1,2026-01-08 14:00:00,48.4730619084501,55.160982166793985,131.2903223645688
A1,2026-01-08 15:00:00,48.5011715680302,55.160982166793985,131.2903223645688
A1,2026-01-08 16:00:00,48.3484238645341,55.160982166793985,131.2903223645688
A1,2026-01-08 17:00:00,47.7209158454721,55.160982166793985,131.2903223645688
A1,2026-01-08 18:00:00,48.0314383052554,55.160982166793985,131.2903223645688
A1,2026-01-08 19:00:00,48.3969458177044,55.160982166793985,131.2903223645688
A1,2026-01-08 20:00:00,48.0186642995964,55.160982166793985,131.2903223645688
A1,2026-01-08 21:00:00,48.4708202199197,55.160982166793985,131.2903223645688
A1,2026-01-08 22:00:00,47.6891380837231,55.160982166793985,131.2903223645688
A1,2026-01-08 23:00:00,48.1036137127485,55.160982166793985,131.2903223645688
A1,2026-01-09 00:00:00,47.052425189335,55.160982166793985,131.2903223645688
A1,2026-01-09 01:00:00,47.1864812645029,55.160982166793985,131.2903223645688
A1,2026-01-09 02:00:00,47.0057001348351,55.160982166793985,131.2903223645688
A1,2026-01-09 03:00:00,47.2513009223908,55.160982166793985,131.2903223645688
A1,2026-01-09 04:00:00,47.3085236776519,55.160982166793985,131.2903223645688
A1,2026-01-09 05:00:00,47.0270795039339,55.160982166793985,131.2903223645688
A1,2026-01-09 06:00:00,47.0689128218081,55.160982166793985,131.2903223645688
A1,2026-01-09 07:00:00,47.239609606779,55.160982166793985,131.2903223645688
A1,2026-01-09 08:00:00,46.9952826201841,55.160982166793985,131.2903223645688
A1,2026-01-09 09:00:00,46.8722808786221,55.160982166793985,131.2903223645688
A1,2026-01-09 10:00:00,47.5208320706988,55.160982166793985,131.2903223645688
A1,2026-01-09 11:00:00,47.00002807349,55.160982166793985,131.2903223645688
A1,2026-01-09 12:00:00,46.8954788939425,55.160982166793985,131.2903223645688
A1,2026-01-09 13:00:00,47.3339778242889,55.160982166793985,131.2903223645688
A1,2026-01-09 14:00:00,46.9890581292823,55.160982166793985,131.2903223645688
A1,2026-01-09 15:00:00,46.9821951205135,55.160982166793985,131.2903223645688
A1,2026-01-09 16:00:00,47.2025457442188,55.160982166793985,131.2903223645688
A1,2026-01-09 17:00:00,47.1868626495085,55.160982166793985,131.2903223645688
A1,2026-01-09 18:00:00,47.4487580145128,55.160982166793985,131.2903223645688
A1,2026-01-09 19:00:00,47.16998362327,55.160982166793985,131.2903223645688
A1,2026-01-09 20:00:00,47.164999748948,55.160982166793985,131.2903223645688
A1,2026-01-09 21:00:00,47.2540880583811,55.160982166793985,131.2903223645688
A1,2026-01-09 22:00:00,47.1884615998383,55.160982166793985,131.2903223645688
A1,2026-01-09 23:00:00,47.0148132215027,55.160982166793985,131.2903223645688
A1,2026-01-10 00:00:00,46.5645983949371,55.160982166793985,131.2903223645688
A1,2026-01-10 01:00:00,46.346929289684,55.160982166793985,131.2903223645688
A1,2026-01-10 02:00:00,46.8210581507734,55.160982166793985,131.2903223645688
A1,2026-01-10 04:00:00,46.6737740584011,55.160982166793985,131.2903223645688
A1,2026-01-10 05:00:00,46.7421216208656,55.160982166793985,131.2903223645688
A1,2026-01-10 06:00:00,46.6343918613253,55.160982166793985,131.2903223645688
A1,2026-01-10 07:00:00,46.8748143400114,55.160982166793985,131.2903223645688
A1,2026-01-10 08:00:00,47.0222822086149,55.160982166793985,131.2903223645688
A1,2026-01-10 12:00:00,46.6133046523474,55.160982166793985,131.2903223645688
A1,2026-01-10 13:00:00,46.9130830579304,55.160982166793985,131.2903223645688
A1,2026-01-10 14:00:00,46.6887778918874,55.160982166793985,131.2903223645688
A1,2026-01-10 15:00:00,46.597520107163,55.160982166793985,131.2903223645688
A1,2026-01-10 16:00:00,46.4150505818168,55.160982166793985,131.2903223645688
A1,2026-01-10 17:00:00,47.1754287153494,55.160982166793985,131.2903223645688
A1,2026-01-10 18:00:00,46.7106233195771,55.160982166793985,131.2903223645688
A1,2026-01-10 19:00:00,46.5923471851968,55.160982166793985,131.2903223645688
A1,2026-01-10 20:00:00,46.8722134794467,55.160982166793985,131.2903223645688
A1,2026-01-10 21:00:00,46.8591343665851,55.160982166793985,131.2903223645688
A1,2026-01-10 22:00:00,46.9010113581443,55.160982166793985,131.2903223645688
A1,2026-01-10 23:00:00,46.7829716941896,55.160982166793985,131.2903223645688
A1,2026-01-11 00:00:00,45.2170380310204,55.160982166793985,131.2903223645688
A1,2026-01-11 01:00:00,45.8724623015164,55.160982166793985,131.2903223645688
A1,2026-01-11 02:00:00,45.479842588506,55.160982166793985,131.2903223645688
A1,2026-01-11 03:00:00,45.5320995651254,55.160982166793985,131.2903223645688
A1,2026-01-11 04:00:00,45.4965973683048,55.160982166793985,131.2903223645688
A1,2026-01-11 05:00:00,45.5245246829313,55.160982166793985,131.2903223645688
A1,2026-01-11 06:00:00,45.527993192645,55.160982166793985,131.2903223645688
A1,2026-01-11 07:00:00,45.7458291368493,55.160982166793985,131.2903223645688
A1,2026-01-11 12:00:00,45.2698893085236,55.160982166793985,131.2903223645688
A1,2026-01-11 13:00:00,45.9989013160887,55.160982166793985,131.2903223645688
A1,2026-01-11 14:00:00,45.6450511261939,55.160982166793985,131.2903223645688
A1,2026-01-11 15:00:00,45.5355917053411,55.160982166793985,131.2903223645688
A1,2026-01-11 16:00:00,45.6308578108513,55.160982166793985,131.2903223645688
A1,2026-01-11 17:00:00,45.3063888994987,55.160982166793985,131.2903223645688
A1,2026-01-11 18:00:00,45.136266733357,55.160982166793985,131.2903223645688
A1,2026-01-11 19:00:00,45.274937185988,55.160982166793985,131.2903223645688
A1,2026-01-11 20:00:00,45.555478589833,55.160982166793985,131.2903223645688
A1,2026-01-11 21:00:00,45.7598136569178,55.160982166793985,131.2903223645688
A1,2026-01-11 22:00:00,45.1874953837646,55.160982166793985,131.2903223645688
A1,2026-01-11 23:00:00,45.6489173204669,55.160982166793985,131.2903223645688
A1,2026-01-12 00:00:00,44.4781110313803,55.160982166793985,131.2903223645688
A1,2026-01-12 01:00:00,44.7932174952314,55.160982166793985,131.2903223645688
A1,2026-01-12 02:00:00,45.0316046631852,55.160982166793985,131.2903223645688
A1,2026-01-12 03:00:00,44.6451873638637,55.160982166793985,131.2903223645688
A1,2026-01-12 04:00:00,44.4468268923227,55.160982166793985,131.2903223645688
A1,2026-01-12 05:00:00,45.0617556326184,55.160982166793985,131.2903223645688
A1,2026-01-12 06:00:00,44.7274524783825,55.160982166793985,131.2903223645688
A1,2026-01-12 07:00:00,44.8367633860598,55.160982166793985,131.2903223645688
A1,2026-01-12 08:00:00,44.7095893617746,55.160982166793985,131.2903223645688
A1,2026-01-12 09:00:00,44.6930093375438,55.160982166793985,131.2903223645688
A1,2026-01-12 10:00:00,44.536865896141,55.160982166793985,131.2903223645688
A1,2026-01-12 11:00:00,44.6715932985011,55.160982166793985,131.2903223645688
A1,2026-01-12 12:00:00,45.2466196686855,55.160982166793985,131.2903223645688
A1,2026-01-12 13:00:00,44.9225713334752,55.160982166793985,131.2903223645688
A1,2026-01-12 14:00:00,44.3616174079836,55.160982166793985,131.2903223645688
A1,2026-01-12 15:00:00,44.3163964832144,55.160982166793985,131.2903223645688
A1,2026-01-12 16:00:00,44.6132149545017,55.160982166793985,131.2903223645688
A1,2026-01-12 17:00:00,45.0783675309314,55.160982166793985,131.2903223645688
A1,2026-01-12 19:00:00,44.5958159427665,55.160982166793985,131.2903223645688
A1,2026-01-12 20:00:00,44.8844603926992,55.160982166793985,131.2903223645688
A1,2026-01-12 21:00:00,44.6696383685254,55.160982166793985,131.2903223645688
A1,2026-01-12 22:00:00,44.6802820627334,55.160982166793985,131.2903223645688
A1,2026-01-12 23:00:00,44.4549763529507,55.160982166793985,131.2903223645688
A1,2026-01-13 00:00:00,43.5359802801354,55.160982166793985,131.2903223645688
A1,2026-01-13 01:00:00,43.5111205619951,55.160982166793985,131.2903223645688
A1,2026-01-13 02:00:00,43.5200498855298,55.160982166793985,131.2903223645688
A1,2026-01-13 03:00:00,43.3257990035923,55.160982166793985,131.2903223645688
A1,2026-01-13 04:00:00,43.6192539948479,55.160982166793985,131.2903223645688
A1,2026-01-13 05:00:00,43.9193148617816,55.160982166793985,131.2903223645688
A1,2026-01-13 06:00:00,39.1838580036503,55.160982166793985,131.2903223645688
A1,2026-01-13 10:00:00,43.6056814654454,55.160982166793985,131.2903223645688
A1,2026-01-13 11:00:00,43.5000813922663,55.160982166793985,131.2903223645688
A1,2026-01-13 12:00:00,43.2058872498659,55.160982166793985,131.2903223645688
A1,2026-01-13 13:00:00,43.4929218008466,55.160982166793985,131.2903223645688
A1,2026-01-13 14:00:00,43.2535777151012,55.160982166793985,131.2903223645688
A1,2026-01-13 15:00:00,44.0077656686367,55.160982166793985,131.2903223645688
A1,2026-01-13 16:00:00,43.9044816599999,55.160982166793985,131.2903223645688
A1,2026-01-13 17:00:00,43.7571706810744,55.160982166793985,131.2903223645688
A1,2026-01-13 18:00:00,43.4359641726661,55.160982166793985,131.2903223645688
A1,2026-01-13 19:00:00,43.9704304351957,55.160982166793985,131.2903223645688
A1,2026-01-14 07:00:00,42.685080966952,55.160982166793985,131.2903223645688
A1,2026-01-14 08:00:00,43.2772069506885,55.160982166793985,131.2903223645688
A1,2026-01-14 09:00:00,43.2026125597158,55.160982166793985,131.2903223645688
A1,2026-01-14 10:00:00,42.6283880462706,55.160982166793985,131.2903223645688
A1,2026-01-14 11:00:00,43.0815754534814,55.160982166793985,131.2903223645688
A1,2026-01-14 12:00:00,42.8221979705503,55.160982166793985,131.2903223645688
A1,2026-01-14 13:00:00,42.4364153311364,55.160982166793985,131.2903223645688
A1,2026-01-14 14:00:00,42.9145481460078,55.160982166793985,131.2903223645688
A1,2026-01-14 15:00:00,42.8530084971987,55.160982166793985,131.2903223645688
A1,2026-01-14 16:00:00,42.9250583586621,55.160982166793985,131.2903223645688
A1,2026-01-14 17:00:00,42.9163650019554,55.160982166793985,131.2903223645688
A1,2026-01-14 18:00:00,42.5794884760998,55.160982166793985,131.2903223645688
A1,2026-01-14 19:00:00,42.6160529845224,55.160982166793985,131.2903223645688
A1,2026-01-14 20:00:00,42.8837048604022,55.160982166793985,131.2903223645688
A1,2026-01-14 21:00:00,43.1093043763374,55.160982166793985,131.2903223645688
A1,2026-01-14 22:00:00,42.7114679080874,55.160982166793985,131.2903223645688
A1,2026-01-14 23:00:00,42.5646349274259,55.160982166793985,131.2903223645688
A1,2026-01-15 00:00:00,42.1165883752765,55.160982166793985,131.2903223645688
A1,2026-01-15 01:00:00,42.3642207777044,55.160982166793985,131.2903223645688
A1,2026-01-15 02:00:00,41.5337690825969,55.160982166793985,131.2903223645688
A1,2026-01-15 03:00:00,42.0354428467636,55.160982166793985,131.2903223645688
A1,2026-01-15 04:00:00,44.4122225552896,55.160982166793985,131.2903223645688
A1,2026-01-15 05:00:00,42.0461975115219,55.160982166793985,131.2903223645688
A1,2026-01-15 06:00:00,42.2079330310551,55.160982166793985,131.2903223645688
A1,2026-01-15 07:00:00,42.1401611487849,55.160982166793985,131.2903223645688
A1,2026-01-15 10:00:00,41.7083780223398,55.160982166793985,131.2903223645688
A1,2026-01-15 11:00:00,42.2648238114106,55.160982166793985,131.2903223645688
A1,2026-01-15 12:00:00,42.2318211367333,55.160982166793985,131.2903223645688
A1,2026-01-15 13:00:00,42.1539083484712,55.160982166793985,131.2903223645688
A1,2026-01-15 14:00:00,41.9965853871582,55.160982166793985,131.2903223645688
A1,2026-01-15 15:00:00,41.8231076242114,55.160982166793985,131.2903223645688
A1,2026-01-15 16:00:00,42.0449964279874,55.160982166793985,131.2903223645688
A1,2026-01-15 17:00:00,41.5308786804593,55.160982166793985,131.2903223645688
A1,2026-01-15 18:00:00,42.3178572044963,55.160982166793985,131.2903223645688
A1,2026-01-15 19:00:00,41.8802592461203,55.160982166793985,131.2903223645688
A1,2026-01-15 20:00:00,41.8460951529746,55.160982166793985,131.2903223645688
A1,2026-01-15 21:00:00,42.2179046686599,55.160982166793985,131.2903223645688
A1,2026-01-15 22:00:00,42.4239162695774,55.160982166793985,131.2903223645688
A1,2026-01-15 23:00:00,41.9509715641973,55.160982166793985,131.2903223645688
A1,2026-01-16 00:00:00,41.1526166661658,55.160982166793985,131.2903223645688
A1,2026-01-16 01:00:00,40.9633532143918,55.160982166793985,131.2903223645688
A1,2026-01-16 02:00:00,40.8642242103405,55.160982166793985,131.2903223645688
A1,2026-01-16 03:00:00,41.0048363025803,55.160982166793985,131.2903223645688
A1,2026-01-16 04:00:00,41.1384465511968,55.160982166793985,131.2903223645688
A1,2026-01-16 05:00:00,41.4334781094992,55.160982166793985,131.2903223645688
A1,2026-01-16 07:00:00,40.89520270207,55.160982166793985,131.2903223645688
A1,2026-01-16 08:00:00,41.1173367205056,55.160982166793985,131.2903223645688
A1,2026-01-16 11:00:00,40.811376607318,55.160982166793985,131.2903223645688
A1,2026-01-16 12:00:00,41.4102510371085,55.160982166793985,131.2903223645688
A1,2026-01-16 13:00:00,40.3411142012817,55.160982166793985,131.2903223645688
A1,2026-01-16 14:00:00,40.9866792195411,55.160982166793985,131.2903223645688
A1,2026-01-16 15:00:00,41.0179936151099,55.160982166793985,131.2903223645688
A1,2026-01-16 16:00:00,40.7131308528112,55.160982166793985,131.2903223645688
A1,2026-01-16 17:00:00,40.563833644487,55.160982166793985,131.2903223645688
A1,2026-01-16 18:00:00,40.7632637460832,55.160982166793985,131.2903223645688
A1,2026-01-16 19:00:00,41.132391244791,55.160982166793985,131.2903223645688
A1,2026-01-16 20:00:00,41.0875411439541,55.160982166793985,131.2903223645688
A1,2026-01-16 21:00:00,40.9878523825075,55.160982166793985,131.2903223645688
A1,2026-01-16 22:00:00,40.612621855794,55.160982166793985,131.2903223645688
A1,2026-01-16 23:00:00,40.695632917375,55.160982166793985,131.2903223645688
A1,2026-01-17 00:00:00,39.7155411301964,55.160982166793985,131.2903223645688
A1,2026-01-17 01:00:00,39.9198207293909,55.160982166793985,131.2903223645688
A1,2026-01-17 02:00:00,39.7071221997547,55.160982166793985,131.2903223645688
A1,2026-01-17 03:00:00,39.8456921577185,55.160982166793985,131.2903223645688
A1,2026-01-17 04:00:00,40.2548592008594,55.160982166793985,131.2903223645688
A1,2026-01-17 05:00:00,40.1536677851469,55.160982166793985,131.2903223645688
A1,2026-01-17 06:00:00,39.9842475307193,55.160982166793985,131.2903223645688
A1,2026-01-17 11:00:00,39.7975129105742,55.160982166793985,131.2903223645688
A1,2026-01-17 13:00:00,39.699018737958,55.160982166793985,131.2903223645688
A1,2026-01-17 14:00:00,40.0375603670156,55.160982166793985,131.2903223645688
A1,2026-01-17 15:00:00,39.8572311012308,55.160982166793985,131.2903223645688
A1,2026-01-17 16:00:00,39.8354493095812,55.160982166793985,131.2903223645688
A1,2026-01-17 17:00:00,39.7544056306751,55.160982166793985,131.2903223645688
A1,2026-01-17 18:00:00,39.6477369836897,55.160982166793985,131.2903223645688
A1,2026-01-17 19:00:00,40.0688941258845,55.160982166793985,131.2903223645688
A1,2026-01-17 20:00:00,39.4259581101892,55.160982166793985,131.2903223645688
A1,2026-01-17 21:00:00,40.0339952213167,55.160982166793985,131.2903223645688
A1,2026-01-17 22:00:00,39.7436348761068,55.160982166793985,131.2903223645688
A1,2026-01-17 23:00:00,39.8668106060193,55.160982166793985,131.2903223645688
A1,2026-01-18 00:00:00,38.7024507724925,55.160982166793985,131.2903223645688
A1,2026-01-18 01:00:00,39.1624138311571,55.160982166793985,131.2903223645688
A1,2026-01-18 02:00:00,38.9785653792129,55.160982166793985,131.2903223645688
A1,2026-01-18 03:00:00,38.9435147819014,55.160982166793985,131.2903223645688
A1,2026-01-18 04:00:00,38.9641012315631,55.160982166793985,131.2903223645688
A1,2026-01-18 05:00:00,39.2826430591048,55.160982166793985,131.2903223645688
A1,2026-01-18 06:00:00,39.484946053235,55.160982166793985,131.2903223645688
A1,2026-01-18 07:00:00,39.2746331561446,55.160982166793985,131.2903223645688
A1,2026-01-18 12:00:00,39.1877922712642,55.160982166793985,131.2903223645688
A1,2026-01-18 13:00:00,38.6385107329374,55.160982166793985,131.2903223645688
A1,2026-01-18 14:00:00,39.2144635090419,55.160982166793985,131.2903223645688
A1,2026-01-18 15:00:00,38.7956439773846,55.160982166793985,131.2903223645688
A1,2026-01-18 16:00:00,38.7472179633338,55.160982166793985,131.2903223645688
A1,2026-01-18 17:00:00,39.06881367503,55.160982166793985,131.2903223645688
A1,2026-01-18 18:00:00,38.9635226390321,55.160982166793985,131.2903223645688
A1,2026-01-18 19:00:00,38.7920081264504,55.160982166793985,131.2903223645688
A1,2026-01-18 20:00:00,38.829707286398,55.160982166793985,131.2903223645688
A1,2026-01-18 21:00:00,38.6962264887839,55.160982166793985,131.2903223645688
A1,2026-01-18 22:00:00,39.0196377316216,55.160982166793985,131.2903223645688
A1,2026-01-18 23:00:00,39.1770067137046,55.160982166793985,131.2903223645688
A10,2024-05-28 17:00:07,180.0,16.30619239281362,179.36315003855742
A10,2024-06-13 04:00:05,180.0,16.30619239281362,179.36315003855742
A10,2024-06-18 13:00:05,180.0,16.30619239281362,179.36315003855742
A10,2024-06-21 10:00:05,180.0,16.30619239281362,179.36315003855742
A10,2024-08-27 17:00:01,180.0,16.30619239281362,179.36315003855742
A2,2024-08-28 07:00:01,121.718689733117,38.90503638675585,110.02432341559569
A2,2024-09-10 19:00:01,121.19717490238,38.90503638675585,110.02432341559569
A2,2024-11-07 03:00:00,112.3690047896,38.90503638675585,110.02432341559569
A2,2026-01-09 04:00:00,36.4519319044165,38.90503638675585,110.02432341559569
A2,2026-01-17 11:00:00,33.5779561795667,38.90503638675585,110.02432341559569
A2,2026-01-26 18:00:00,38.0932943503858,38.90503638675585,110.02432341559569
A2,2026-01-27 00:00:00,38.7864260650012,38.90503638675585,110.02432341559569
A2,2026-01-27 06:00:00,38.4348061866071,38.90503638675585,110.02432341559569
A2,2026-01-27 12:00:00,38.4014556228504,38.90503638675585,110.02432341559569
A2,2026-01-27 18:00:00,38.3433959931454,38.90503638675585,110.02432341559569
A2,2026-01-28 00:00:00,37.7231842615249,38.90503638675585,110.02432341559569
A2,2026-01-28 06:00:00,37.9341894541717,38.90503638675585,110.02432341559569
A2,2026-01-28 12:00:00,37.5252822146363,38.90503638675585,110.02432341559569
A2,2026-01-28 18:00:00,28.0564208372709,38.90503638675585,110.02432341559569
A2,2026-03-03 00:00:00,38.6578820538326,38.90503638675585,110.02432341559569
A2,2026-03-04 00:00:00,38.7425391639469,38.90503638675585,110.02432341559569
A2,2026-03-04 06:00:00,38.2955397290915,38.90503638675585,110.02432341559569
A2,2026-03-06 12:00:00,38.0964481655233,38.90503638675585,110.02432341559569
A2,2026-03-06 18:00:00,38.6035820223522,38.90503638675585,110.02432341559569
A2,2026-03-07 00:00:00,37.4282206294804,38.90503638675585,110.02432341559569
A2,2026-03-07 06:00:00,38.5568366095216,38.90503638675585,110.02432341559569
A2,2026-03-07 18:00:00,31.2266566827201,38.90503638675585,110.02432341559569
A2,2026-03-08 00:00:00,37.8481272146755,38.90503638675585,110.02432341559569
A2,2026-03-08 06:00:00,38.0073302729573,38.90503638675585,110.02432341559569
A2,2026-03-08 12:00:00,38.0734682718923,38.90503638675585,110.02432341559569
A2,2026-03-08 18:00:00,38.1413805849988,38.90503638675585,110.02432341559569
A2,2026-03-09 00:00:00,37.7704784950068,38.90503638675585,110.02432341559569
A2,2026-03-09 06:00:00,37.6203456485681,38.90503638675585,110.02432341559569
A2,2026-03-09 12:00:00,36.8891387536893,38.90503638675585,110.02432341559569
A2,2026-03-09 18:00:00,36.4352545814049,38.90503638675585,110.02432341559569
A2,2026-03-10 00:00:00,37.3106852838222,38.90503638675585,110.02432341559569
A2,2026-03-10 06:00:00,37.1324213139072,38.90503638675585,110.02432341559569
A2,2026-03-10 12:00:00,38.1794071538278,38.90503638675585,110.02432341559569
A2,2026-03-10 18:00:00,37.379047840106,38.90503638675585,110.02432341559569
A2,2026-03-11 00:00:00,37.2999149742311,38.90503638675585,110.02432341559569
A2,2026-03-11 06:00:00,37.217674809134,38.90503638675585,110.02432341559569
A2,2026-03-11 12:00:00,37.6392033709529,38.90503638675585,110.02432341559569
A2,2026-03-30 18:00:00,35.4108770178747,38.90503638675585,110.02432341559569
A3,2024-04-17 23:00:00,147.157047270784,48.72807984162138,136.01433769639755
A3,2024-05-20 16:00:08,145.605447620412,48.72807984162138,136.01433769639755
A3,2024-05-24 19:00:08,145.085708683185,48.72807984162138,136.01433769639755
A3,2024-06-17 10:00:05,154.568830938815,48.72807984162138,136.01433769639755
A3,2024-06-24 00:00:01,152.091098660729,48.72807984162138,136.01433769639755
A3,2024-07-01 17:00:03,141.151471325817,48.72807984162138,136.01433769639755
A3,2024-08-02 15:00:03,147.513888086121,48.72807984162138,136.01433769639755
A3,2024-08-17 21:00:03,149.91612171638,48.72807984162138,136.01433769639755
A3,2024-08-28 18:00:01,150.131458374561,48.72807984162138,136.01433769639755
A3,2024-08-30 15:00:01,143.193741011481,48.72807984162138,136.01433769639755
A3,2025-09-28 08:00:00,147.101366765376,48.72807984162138,136.01433769639755
A4,2024-04-03 01:00:05,47.802342067266,50.53272511927419,136.01267115073068
A4,2024-04-03 03:00:05,48.931762548318,50.53272511927419,136.01267115073068
A4,2024-04-03 04:00:05,47.964940626009,50.53272511927419,136.01267115073068
A4,2024-04-03 05:00:05,50.1413468313252,50.53272511927419,136.01267115073068
A4,2024-04-03 06:00:05,48.4932278189361,50.53272511927419,136.01267115073068
A4,2024-04-03 07:00:05,47.3479290114849,50.53272511927419,136.01267115073068
A4,2024-04-03 08:00:05,49.5918386854512,50.53272511927419,136.01267115073068
A4,2024-04-03 09:00:05,49.0120687828344,50.53272511927419,136.01267115073068
A4,2024-04-03 10:00:05,49.3839615267757,50.53272511927419,136.01267115073068
A4,2024-04-03 11:00:05,48.9306835172684,50.53272511927419,136.01267115073068
A4,2024-04-03 12:00:05,49.2870137566488,50.53272511927419,136.01267115073068
A4,2024-04-03 13:00:05,47.6237705490444,50.53272511927419,136.01267115073068
A4,2024-04-03 14:00:05,49.805883002464,50.53272511927419,136.01267115073068
A4,2024-04-03 15:00:05,49.6637646994196,50.53272511927419,136.01267115073068
A4,2024-04-03 16:00:05,49.9918620589325,50.53272511927419,136.01267115073068
A4,2024-04-03 17:00:05,49.8616540650472,50.53272511927419,136.01267115073068
A4,2024-04-03 18:00:05,49.6670123779688,50.53272511927419,136.01267115073068
A4,2024-04-03 19:00:05,50.2691154849381,50.53272511927419,136.01267115073068
A4,2024-04-03 20:00:05,49.8618664237143,50.53272511927419,136.01267115073068
A4,2024-04-03 21:00:05,48.7994977511937,50.53272511927419,136.01267115073068
A4,2024-04-03 22:00:05,48.7437350978028,50.53272511927419,136.01267115073068
A4,2024-04-03 23:00:05,49.8119334141691,50.53272511927419,136.01267115073068
A4,2024-04-04 00:00:03,49.7575177191196,50.53272511927419,136.01267115073068
A4,2024-04-04 01:00:05,48.4246952620655,50.53272511927419,136.01267115073068
A4,2024-04-04 02:00:05,48.9676046765891,50.53272511927419,136.01267115073068
A4,2024-04-04 03:00:05,49.9181284433038,50.53272511927419,136.01267115073068
A4,2024-04-04 04:00:05,48.9513155176288,50.53272511927419,136.01267115073068
A4,2024-04-04 05:00:05,47.5647678996452,50.53272511927419,136.01267115073068
A4,2024-04-04 07:00:05,47.6188836924471,50.53272511927419,136.01267115073068
A4,2024-04-04 08:00:05,49.1839566608267,50.53272511927419,136.01267115073068
A4,2024-04-04 12:00:05,49.3128292591196,50.53272511927419,136.01267115073068
A4,2024-04-04 13:00:05,48.1811661560912,50.53272511927419,136.01267115073068
A4,2024-04-04 14:00:05,49.8016210248459,50.53272511927419,136.01267115073068
A4,2024-04-04 15:00:05,48.3110139046517,50.53272511927419,136.01267115073068
A4,2024-04-04 16:00:05,48.1049217764713,50.53272511927419,136.01267115073068
A4,2024-04-04 17:00:05,49.1688677780257,50.53272511927419,136.01267115073068
A4,2024-04-04 18:00:05,49.0593021424452,50.53272511927419,136.01267115073068
A4,2024-04-04 19:00:05,48.6487426101177,50.53272511927419,136.01267115073068
A4,2024-04-04 20:00:05,49.445466286783,50.53272511927419,136.01267115073068
A4,2024-04-04 21:00:05,49.8093889913308,50.53272511927419,136.01267115073068
A4,2024-04-04 22:00:05,48.7052063974954,50.53272511927419,136.01267115073068
A4,2024-04-04 23:00:05,49.4442896550764,50.53272511927419,136.01267115073068
A4,2024-04-05 00:00:03,49.6205592656587,50.53272511927419,136.01267115073068
A4,2024-04-05 01:00:05,48.499566618579,50.53272511927419,136.01267115073068
A4,2024-04-05 02:00:05,50.0685366920052,50.53272511927419,136.01267115073068
A4,2024-04-05 03:00:05,48.9608932270273,50.53272511927419,136.01267115073068
A4,2024-04-05 04:00:05,48.3779917411441,50.53272511927419,136.01267115073068
A4,2024-04-05 05:00:05,49.4553645086802,50.53272511927419,136.01267115073068
A4,2024-04-05 06:00:05,48.6938108119258,50.53272511927419,136.01267115073068
A4,2024-04-05 07:00:05,48.8200378521582,50.53272511927419,136.01267115073068
A4,2024-04-05 08:00:05,49.8875512227892,50.53272511927419,136.01267115073068
A4,2024-04-05 09:00:05,48.5051506368921,50.53272511927419,136.01267115073068
A4,2024-04-05 11:00:05,48.1252149279279,50.53272511927419,136.01267115073068
A4,2024-04-05 12:00:05,49.0290217900458,50.53272511927419,136.01267115073068
A4,2024-04-05 13:00:05,48.3497290178791,50.53272511927419,136.01267115073068
A4,2024-04-05 14:00:05,47.634960163378,50.53272511927419,136.01267115073068
A4,2024-04-05 15:00:05,49.3727523032814,50.53272511927419,136.01267115073068
A4,2024-04-05 17:00:05,49.1613318179582,50.53272511927419,136.01267115073068
A4,2024-04-05 18:00:05,46.781257973759,50.53272511927419,136.01267115073068
A4,2024-04-05 19:00:05,48.369636009387,50.53272511927419,136.01267115073068
A4,2024-04-05 20:00:05,48.5381527251183,50.53272511927419,136.01267115073068
A4,2024-04-05 21:00:05,48.0664495069545,50.53272511927419,136.01267115073068
A4,2024-04-05 22:00:05,47.8364818535756,50.53272511927419,136.01267115073068
A4,2024-04-05 23:00:05,47.5589997335903,50.53272511927419,136.01267115073068
A4,2024-04-06 00:00:02,49.1843146238567,50.53272511927419,136.01267115073068
A4,2024-04-06 01:00:05,48.6524291727292,50.53272511927419,136.01267115073068
A4,2024-04-06 02:00:05,47.7036080424992,50.53272511927419,136.01267115073068
A4,2024-04-06 03:00:05,48.4043051600063,50.53272511927419,136.01267115073068
A4,2024-04-06 05:00:05,47.6706469676376,50.53272511927419,136.01267115073068
A4,2024-04-06 06:00:05,49.2438946388907,50.53272511927419,136.01267115073068
A4,2024-04-06 07:00:05,49.3517177889601,50.53272511927419,136.01267115073068
A4,2024-04-06 08:00:05,48.0455032898172,50.53272511927419,136.01267115073068
A4,2024-04-06 09:00:05,48.288705125359,50.53272511927419,136.01267115073068
A4,2024-04-06 10:00:05,49.5604041969,50.53272511927419,136.01267115073068
A4,2024-04-06 11:00:05,46.2179846891345,50.53272511927419,136.01267115073068
A4,2024-04-06 12:00:05,47.1266263466774,50.53272511927419,136.01267115073068
A4,2024-04-06 13:00:05,48.4397023001977,50.53272511927419,136.01267115073068
A4,2024-04-06 14:00:05,48.8235797142039,50.53272511927419,136.01267115073068
A4,2024-04-06 15:00:05,48.6366974335845,50.53272511927419,136.01267115073068
A4,2024-04-06 16:00:05,48.7412368666565,50.53272511927419,136.01267115073068
A4,2024-04-06 17:00:05,47.4045412990096,50.53272511927419,136.01267115073068
A4,2024-04-06 18:00:05,46.8789693402778,50.53272511927419,136.01267115073068
A4,2024-04-06 19:00:05,46.248112573977,50.53272511927419,136.01267115073068
A4,2024-04-06 20:00:05,48.6870762819524,50.53272511927419,136.01267115073068
A4,2024-04-06 21:00:05,48.0218592684652,50.53272511927419,136.01267115073068
A4,2024-04-06 22:00:05,47.8600934415163,50.53272511927419,136.01267115073068
A4,2024-04-06 23:00:05,48.5271187618314,50.53272511927419,136.01267115073068
A4,2024-04-07 00:00:02,49.1267732831035,50.53272511927419,136.01267115073068
A4,2024-04-07 02:00:05,46.4856796478516,50.53272511927419,136.01267115073068
A4,2024-04-07 03:00:05,47.7222849774422,50.53272511927419,136.01267115073068
A4,2024-04-07 04:00:05,47.0067185869267,50.53272511927419,136.01267115073068
A4,2024-04-07 05:00:05,47.0257905377783,50.53272511927419,136.01267115073068
A4,2024-04-07 06:00:05,47.8655409919975,50.53272511927419,136.01267115073068
A4,2024-04-07 07:00:05,48.3697880061606,50.53272511927419,136.01267115073068
A4,2024-04-07 08:00:05,48.4339908858581,50.53272511927419,136.01267115073068
A4,2024-04-07 09:00:05,47.6982024479456,50.53272511927419,136.01267115073068
A4,2024-04-07 10:00:05,48.7586421919717,50.53272511927419,136.01267115073068
A4,2024-04-07 11:00:05,47.2368531484297,50.53272511927419,136.01267115073068
A4,2024-04-07 12:00:05,49.1187940535338,50.53272511927419,136.01267115073068
A4,2024-04-07 13:00:05,48.9056541454839,50.53272511927419,136.01267115073068
A4,2024-04-07 14:00:05,35.4877688702515,50.53272511927419,136.01267115073068
A4,2024-04-07 15:00:05,48.56507770933,50.53272511927419,136.01267115073068
A4,2024-04-07 19:00:05,48.0959845254556,50.53272511927419,136.01267115073068
A4,2024-04-07 20:00:05,46.4200710452103,50.53272511927419,136.01267115073068
A4,2024-04-07 21:00:05,48.3889834220164,50.53272511927419,136.01267115073068
A4,2024-04-07 22:00:05,48.4565090770352,50.53272511927419,136.01267115073068
A4,2024-04-07 23:00:05,47.8457966259708,50.53272511927419,136.01267115073068
A4,2024-04-08 00:00:02,48.1193898568419,50.53272511927419,136.01267115073068
A4,2024-04-08 01:00:05,47.2394817765868,50.53272511927419,136.01267115073068
A4,2024-04-08 02:00:05,46.2157484293074,50.53272511927419,136.01267115073068
A4,2024-04-10 00:00:01,47.4763241116727,50.53272511927419,136.01267115073068
A4,2024-04-10 01:00:05,48.3483573009915,50.53272511927419,136.01267115073068
A4,2024-04-10 02:00:05,47.1305731819955,50.53272511927419,136.01267115073068
A4,2024-04-10 03:00:05,46.636589499372,50.53272511927419,136.01267115073068
A4,2024-04-10 04:00:05,48.0683154331582,50.53272511927419,136.01267115073068
A4,2024-04-10 05:00:05,46.6556057168167,50.53272511927419,136.01267115073068
A4,2024-04-10 07:00:05,47.859991330928,50.53272511927419,136.01267115073068
A4,2024-04-10 08:00:05,47.5447913104979,50.53272511927419,136.01267115073068
A4,2024-04-10 09:00:05,46.5250165149945,50.53272511927419,136.01267115073068
A4,2024-04-10 10:00:05,47.3374201358892,50.53272511927419,136.01267115073068
A4,2024-04-10 11:00:05,47.4262787417735,50.53272511927419,136.01267115073068
A4,2024-04-10 12:00:05,48.1167205925493,50.53272511927419,136.01267115073068
A4,2024-04-10 13:00:05,46.8035562239215,50.53272511927419,136.01267115073068
A4,2024-04-10 14:00:05,46.4260971648298,50.53272511927419,136.01267115073068
A4,2024-04-10 15:00:05,47.334256233002,50.53272511927419,136.01267115073068
A4,2024-04-10 16:00:05,47.3460418858424,50.53272511927419,136.01267115073068
A4,2024-04-10 17:00:05,48.2485896480093,50.53272511927419,136.01267115073068
A4,2024-04-10 18:00:05,47.51924911631,50.53272511927419,136.01267115073068
A4,2024-04-10 19:00:05,48.0641005582287,50.53272511927419,136.01267115073068
A4,2024-04-10 20:00:05,49.4664169449395,50.53272511927419,136.01267115073068
A4,2024-04-10 21:00:05,48.183202962404,50.53272511927419,136.01267115073068
A4,2024-04-10 22:00:05,46.9179877359476,50.53272511927419,136.01267115073068
A4,2024-04-10 23:00:05,47.8092023256543,50.53272511927419,136.01267115073068
A4,2024-04-11 00:00:00,47.4655587631676,50.53272511927419,136.01267115073068
A4,2024-04-11 01:00:05,48.0206076729132,50.53272511927419,136.01267115073068
A4,2024-04-11 02:00:05,46.4026853491037,50.53272511927419,136.01267115073068
A4,2024-04-11 03:00:05,46.4938848577023,50.53272511927419,136.01267115073068
A4,2024-04-11 04:00:05,47.7072810303367,50.53272511927419,136.01267115073068
A4,2024-04-11 05:00:05,46.9271066810588,50.53272511927419,136.01267115073068
A4,2024-04-11 06:00:05,45.5554849768436,50.53272511927419,136.01267115073068
A4,2024-04-11 07:00:05,47.743521023108,50.53272511927419,136.01267115073068
A4,2024-04-11 08:00:05,46.7424898674495,50.53272511927419,136.01267115073068
A4,2024-04-11 09:00:05,46.1249911831064,50.53272511927419,136.01267115073068
A4,2024-04-11 12:00:05,44.7690202405536,50.53272511927419,136.01267115073068
A4,2024-04-11 13:00:05,46.7603574553992,50.53272511927419,136.01267115073068
A4,2024-04-11 14:00:05,48.228872328088,50.53272511927419,136.01267115073068
A4,2024-04-11 15:00:05,47.4770929816114,50.53272511927419,136.01267115073068
A4,2024-04-11 16:00:05,46.9003489746615,50.53272511927419,136.01267115073068
A4,2024-04-11 17:00:05,47.1296561370895,50.53272511927419,136.01267115073068
A4,2024-04-11 18:00:05,46.4699334780691,50.53272511927419,136.01267115073068
A4,2024-04-11 19:00:05,46.7588805264689,50.53272511927419,136.01267115073068
A4,2024-04-11 20:00:05,47.0476361845082,50.53272511927419,136.01267115073068
A4,2024-04-11 21:00:05,46.523598346703,50.53272511927419,136.01267115073068
A4,2024-04-11 22:00:05,46.0254049110356,50.53272511927419,136.01267115073068
A4,2024-04-11 23:00:05,47.5577566381735,50.53272511927419,136.01267115073068
A4,2024-04-12 00:00:00,47.0358222026644,50.53272511927419,136.01267115073068
A4,2024-04-12 01:00:05,47.351565836406,50.53272511927419,136.01267115073068
A4,2024-04-12 02:00:05,47.1059478940517,50.53272511927419,136.01267115073068
A4,2024-04-12 03:00:05,45.4981588439445,50.53272511927419,136.01267115073068
A4,2024-04-12 04:00:05,46.7791611348359,50.53272511927419,136.01267115073068
A4,2024-04-12 05:00:05,45.6252213403187,50.53272511927419,136.01267115073068
A4,2024-04-12 06:00:05,47.6980753119269,50.53272511927419,136.01267115073068
A4,2024-04-12 07:00:05,48.3956255810532,50.53272511927419,136.01267115073068
A4,2024-04-12 08:00:05,47.1114598748495,50.53272511927419,136.01267115073068
A4,2024-04-12 09:00:05,46.5698072117199,50.53272511927419,136.01267115073068
A4,2024-04-12 10:00:06,47.4177412779804,50.53272511927419,136.01267115073068
A4,2024-04-12 11:00:06,48.8702453992515,50.53272511927419,136.01267115073068
A4,2024-04-12 12:00:09,46.5471726125539,50.53272511927419,136.01267115073068
A4,2024-04-12 13:00:09,45.5266932241067,50.53272511927419,136.01267115073068
A4,2024-04-12 14:00:09,47.5912752338551,50.53272511927419,136.01267115073068
A4,2024-04-12 15:00:09,46.8339003985153,50.53272511927419,136.01267115073068
A4,2024-04-12 16:00:09,46.9523189305303,50.53272511927419,136.01267115073068
A4,2024-04-12 17:00:09,46.9322088771383,50.53272511927419,136.01267115073068
A4,2024-04-12 19:00:09,47.3214766557881,50.53272511927419,136.01267115073068
A4,2024-04-13 05:00:09,45.9621051809181,50.53272511927419,136.01267115073068
A4,2024-04-13 06:00:09,47.7072779346319,50.53272511927419,136.01267115073068
A4,2024-04-13 07:00:09,47.7884641838562,50.53272511927419,136.01267115073068
A4,2024-04-13 08:00:09,47.0801583414459,50.53272511927419,136.01267115073068
A4,2024-04-13 09:00:09,45.8011622227409,50.53272511927419,136.01267115073068
A4,2024-04-13 10:00:09,45.2905904768754,50.53272511927419,136.01267115073068
A4,2024-04-13 11:00:09,45.8167239273803,50.53272511927419,136.01267115073068
A4,2024-04-13 12:00:09,45.8178068575648,50.53272511927419,136.01267115073068
A4,2024-04-13 13:00:09,48.3555561415708,50.53272511927419,136.01267115073068
A4,2024-04-13 14:00:09,45.2549317895153,50.53272511927419,136.01267115073068
A4,2024-04-13 15:00:09,47.4109159321271,50.53272511927419,136.01267115073068
A4,2024-04-13 16:00:09,47.155468753492,50.53272511927419,136.01267115073068
A4,2024-04-13 17:00:09,46.4666589705075,50.53272511927419,136.01267115073068
A4,2024-04-13 18:00:09,46.8004081546506,50.53272511927419,136.01267115073068
A4,2024-04-13 19:00:09,46.5853485246555,50.53272511927419,136.01267115073068
A4,2024-04-13 20:00:09,46.1001111693253,50.53272511927419,136.01267115073068
A4,2024-04-13 21:00:09,47.0205461473194,50.53272511927419,136.01267115073068
A4,2024-04-13 22:00:09,47.2436255952579,50.53272511927419,136.01267115073068
A4,2024-04-13 23:00:09,46.0674113357252,50.53272511927419,136.01267115073068
A4,2024-04-14 00:00:00,46.8125400631005,50.53272511927419,136.01267115073068
A4,2024-04-14 01:00:09,47.1877886671154,50.53272511927419,136.01267115073068
A4,2024-04-14 02:00:09,47.320965586557,50.53272511927419,136.01267115073068
A4,2024-04-14 03:00:09,45.0683751122118,50.53272511927419,136.01267115073068
A4,2024-04-14 04:00:09,45.2275928906507,50.53272511927419,136.01267115073068
A4,2024-04-14 05:00:09,46.8573964330471,50.53272511927419,136.01267115073068
A4,2024-04-14 06:00:09,46.769375250819,50.53272511927419,136.01267115073068
A4,2024-04-14 07:00:09,45.6780985331098,50.53272511927419,136.01267115073068
A4,2024-04-14 08:00:09,46.1085580909372,50.53272511927419,136.01267115073068
A4,2024-04-14 11:00:09,45.7724881065198,50.53272511927419,136.01267115073068
A4,2024-04-14 12:00:09,47.1607479056603,50.53272511927419,136.01267115073068
A4,2024-04-14 13:00:09,45.9003646839563,50.53272511927419,136.01267115073068
A4,2024-04-14 14:00:09,46.6972660519007,50.53272511927419,136.01267115073068
A4,2024-04-14 15:00:09,45.922421229085,50.53272511927419,136.01267115073068
A4,2024-04-14 16:00:09,46.8312939581052,50.53272511927419,136.01267115073068
A4,2024-04-14 17:00:09,46.9344199388611,50.53272511927419,136.01267115073068
A4,2024-04-14 18:00:09,45.5108844311475,50.53272511927419,136.01267115073068
A4,2024-04-14 19:00:09,46.7555716081615,50.53272511927419,136.01267115073068
A4,2024-04-14 20:00:09,46.3545672222422,50.53272511927419,136.01267115073068
A4,2024-04-14 21:00:09,46.0477791521932,50.53272511927419,136.01267115073068
A4,2024-04-14 22:00:09,45.862762198081,50.53272511927419,136.01267115073068
A4,2024-04-14 23:00:09,46.0893341892941,50.53272511927419,136.01267115073068
A4,2024-04-15 00:00:00,46.0189267992367,50.53272511927419,136.01267115073068
A4,2024-04-15 01:00:09,47.006076322346,50.53272511927419,136.01267115073068
A4,2024-04-15 02:00:09,47.6133883061168,50.53272511927419,136.01267115073068
A4,2024-04-15 03:00:09,46.9432846987624,50.53272511927419,136.01267115073068
A4,2024-04-15 04:00:09,46.7084573631238,50.53272511927419,136.01267115073068
A4,2024-04-15 05:00:09,45.681233692474,50.53272511927419,136.01267115073068
A4,2024-04-15 06:00:09,47.2572964517887,50.53272511927419,136.01267115073068
A4,2024-04-15 07:00:09,46.5182206638523,50.53272511927419,136.01267115073068
A4,2024-04-15 08:00:09,46.7368656349495,50.53272511927419,136.01267115073068
A4,2024-04-15 09:00:09,46.3505177425307,50.53272511927419,136.01267115073068
A4,2024-04-15 10:00:09,44.7140871198821,50.53272511927419,136.01267115073068
A4,2024-04-15 11:00:09,45.9088122072436,50.53272511927419,136.01267115073068
A4,2024-04-15 12:00:09,45.4720558287199,50.53272511927419,136.01267115073068
A4,2024-04-15 13:00:09,45.1303377591674,50.53272511927419,136.01267115073068
A4,2024-04-15 14:00:09,45.9863421713605,50.53272511927419,136.01267115073068
A4,2024-04-15 15:00:09,46.8948261300985,50.53272511927419,136.01267115073068
A4,2024-04-15 16:00:09,45.5253685705331,50.53272511927419,136.01267115073068
A4,2024-04-15 17:00:09,45.6462075207913,50.53272511927419,136.01267115073068
A4,2024-04-15 18:00:09,46.6884404620154,50.53272511927419,136.01267115073068
A4,2024-04-15 19:00:09,45.3638305682411,50.53272511927419,136.01267115073068
A4,2024-04-15 20:00:09,46.3170568416496,50.53272511927419,136.01267115073068
A4,2024-04-15 21:00:09,45.9146267585787,50.53272511927419,136.01267115073068
A4,2024-04-15 22:00:09,45.7095707970241,50.53272511927419,136.01267115073068
A4,2024-04-15 23:00:09,45.843522701314,50.53272511927419,136.01267115073068
A4,2024-04-16 00:00:01,46.0488496089227,50.53272511927419,136.01267115073068
A4,2024-04-16 01:00:09,46.5887380407573,50.53272511927419,136.01267115073068
A4,2024-04-16 02:00:09,48.2379024168939,50.53272511927419,136.01267115073068
A4,2024-04-16 03:00:09,43.7553880080326,50.53272511927419,136.01267115073068
A4,2024-04-16 04:00:09,45.5164675025971,50.53272511927419,136.01267115073068
A4,2024-04-16 05:00:09,47.081679706313,50.53272511927419,136.01267115073068
A4,2024-04-16 07:00:09,46.3023927421221,50.53272511927419,136.01267115073068
A4,2024-04-16 08:00:09,46.0087131840683,50.53272511927419,136.01267115073068
A4,2024-04-16 09:00:09,46.623897674906,50.53272511927419,136.01267115073068
A4,2024-04-16 10:00:09,46.6030538986135,50.53272511927419,136.01267115073068
A4,2024-04-16 11:00:09,45.9276641524176,50.53272511927419,136.01267115073068
A4,2024-04-16 12:00:01,46.1583556453316,50.53272511927419,136.01267115073068
A4,2024-04-16 13:00:01,45.9236663592944,50.53272511927419,136.01267115073068
A4,2024-04-16 14:00:01,47.0417845024282,50.53272511927419,136.01267115073068
A4,2024-04-16 15:00:01,47.9556779132872,50.53272511927419,136.01267115073068
A4,2024-04-16 16:00:01,46.6694774185726,50.53272511927419,136.01267115073068
A4,2024-04-16 17:00:01,44.8203117129505,50.53272511927419,136.01267115073068
A4,2024-04-16 18:00:01,45.7932678379367,50.53272511927419,136.01267115073068
A4,2024-04-16 19:00:01,47.2345679799801,50.53272511927419,136.01267115073068
A4,2024-04-17 08:00:01,45.2373949518072,50.53272511927419,136.01267115073068
A4,2024-04-17 09:00:01,46.9801413798184,50.53272511927419,136.01267115073068
A4,2024-04-17 10:00:01,45.5152474985105,50.53272511927419,136.01267115073068
A4,2024-04-17 11:00:01,44.9101240062661,50.53272511927419,136.01267115073068
A4,2024-04-17 12:00:01,45.4484967840997,50.53272511927419,136.01267115073068
A4,2024-04-17 13:00:01,45.0791458116835,50.53272511927419,136.01267115073068
A4,2024-04-17 14:00:01,45.2183025096692,50.53272511927419,136.01267115073068
A4,2024-04-17 19:00:00,46.0109007226915,50.53272511927419,136.01267115073068
A4,2024-04-17 20:00:00,46.11070768381,50.53272511927419,136.01267115073068
A4,2024-04-17 21:00:00,47.1294248039818,50.53272511927419,136.01267115073068
A4,2024-04-17 22:00:00,45.8694657259048,50.53272511927419,136.01267115073068
A4,2024-04-17 23:00:00,45.4673769827221,50.53272511927419,136.01267115073068
A4,2024-04-18 00:00:00,47.4148838811765,50.53272511927419,136.01267115073068
A4,2024-04-18 01:00:00,45.7757187889188,50.53272511927419,136.01267115073068
A4,2024-04-18 02:00:00,46.6241348963854,50.53272511927419,136.01267115073068
A4,2024-04-18 03:00:00,44.396392728646,50.53272511927419,136.01267115073068
A4,2024-04-18 04:00:00,45.1411500754951,50.53272511927419,136.01267115073068
A4,2024-04-18 05:00:00,45.6499461584385,50.53272511927419,136.01267115073068
A4,2024-04-18 06:00:00,46.2758678506664,50.53272511927419,136.01267115073068
A4,2024-04-18 08:00:00,45.7714242647457,50.53272511927419,136.01267115073068
A4,2024-04-18 09:00:00,45.8693348885589,50.53272511927419,136.01267115073068
A4,2024-04-18 10:00:00,46.6495192750309,50.53272511927419,136.01267115073068
A4,2024-04-18 11:00:00,43.7725672071287,50.53272511927419,136.01267115073068
A4,2024-04-18 12:00:00,46.4439946716285,50.53272511927419,136.01267115073068
A4,2024-04-18 13:00:00,46.1341469905883,50.53272511927419,136.01267115073068
A4,2024-04-18 14:00:00,46.6663243976416,50.53272511927419,136.01267115073068
A4,2024-04-18 15:00:00,46.453354942676,50.53272511927419,136.01267115073068
A4,2024-04-18 16:00:00,45.7631851730417,50.53272511927419,136.01267115073068
A4,2024-04-18 19:00:00,44.9827495822305,50.53272511927419,136.01267115073068
A4,2024-04-18 20:00:00,46.5485107979779,50.53272511927419,136.01267115073068
A4,2024-04-18 21:00:00,45.0816892156637,50.53272511927419,136.01267115073068
A4,2024-04-18 22:00:00,45.5162867221312,50.53272511927419,136.01267115073068
A4,2024-04-18 23:00:00,45.8615249260081,50.53272511927419,136.01267115073068
A4,2024-04-19 03:00:00,46.6400148637974,50.53272511927419,136.01267115073068
A4,2024-04-19 04:00:00,45.5177103231238,50.53272511927419,136.01267115073068
A4,2024-04-19 05:00:00,46.2370167940932,50.53272511927419,136.01267115073068
A4,2024-04-19 06:00:00,44.0429166090098,50.53272511927419,136.01267115073068
A4,2024-04-19 07:00:00,46.0594428289825,50.53272511927419,136.01267115073068
A4,2024-04-19 08:00:00,46.3224098588893,50.53272511927419,136.01267115073068
A4,2024-04-19 09:00:00,46.314828274836,50.53272511927419,136.01267115073068
A4,2024-04-19 10:00:00,45.9297238271867,50.53272511927419,136.01267115073068
A4,2024-04-19 11:00:00,45.041231658098,50.53272511927419,136.01267115073068
A4,2024-04-19 12:00:00,44.3690337480583,50.53272511927419,136.01267115073068
A4,2024-04-19 13:00:00,46.6941223712261,50.53272511927419,136.01267115073068
A4,2024-04-19 14:00:00,44.3900482760162,50.53272511927419,136.01267115073068
A4,2024-04-19 15:00:00,45.5804196787423,50.53272511927419,136.01267115073068
A4,2024-04-19 16:00:00,46.2529371056401,50.53272511927419,136.01267115073068
A4,2024-04-19 17:00:00,45.8752223087324,50.53272511927419,136.01267115073068
A4,2024-04-19 18:00:00,45.3963691536322,50.53272511927419,136.01267115073068
A4,2024-04-19 19:00:00,46.1007369084421,50.53272511927419,136.01267115073068
A4,2024-04-19 20:00:00,45.8592926675716,50.53272511927419,136.01267115073068
A4,2024-04-20 01:00:00,45.5735731773045,50.53272511927419,136.01267115073068
A4,2024-04-20 02:00:00,46.8308545035575,50.53272511927419,136.01267115073068
A4,2024-04-20 03:00:00,46.787159131698,50.53272511927419,136.01267115073068
A4,2024-04-20 04:00:00,45.695901985767,50.53272511927419,136.01267115073068
A4,2024-04-20 05:00:00,45.3585394876833,50.53272511927419,136.01267115073068
A4,2024-04-20 06:00:00,45.1173323198901,50.53272511927419,136.01267115073068
A4,2024-04-20 07:00:00,44.3442258984226,50.53272511927419,136.01267115073068
A4,2024-04-20 08:00:00,44.3773111786628,50.53272511927419,136.01267115073068
A4,2024-04-20 09:00:00,45.8700445984936,50.53272511927419,136.01267115073068
A4,2024-04-20 10:00:00,45.7580311771611,50.53272511927419,136.01267115073068
A4,2024-04-20 14:00:00,46.3435891042607,50.53272511927419,136.01267115073068
A4,2024-04-20 15:00:00,45.3289987360424,50.53272511927419,136.01267115073068
A4,2024-04-20 16:00:00,46.3744381852581,50.53272511927419,136.01267115073068
A4,2024-04-20 17:00:00,44.6414831588757,50.53272511927419,136.01267115073068
A4,2024-04-20 18:00:00,46.0359471291116,50.53272511927419,136.01267115073068
A4,2024-04-20 19:00:00,44.4349528128872,50.53272511927419,136.01267115073068
A4,2024-04-20 20:00:00,44.4297904190638,50.53272511927419,136.01267115073068
A4,2024-04-20 21:00:00,44.2493165349465,50.53272511927419,136.01267115073068
A4,2024-04-20 22:00:00,46.0965263277872,50.53272511927419,136.01267115073068
A4,2024-04-20 23:00:00,44.4440692352343,50.53272511927419,136.01267115073068
A4,2024-04-21 00:00:00,45.1059561748688,50.53272511927419,136.01267115073068
A4,2024-04-21 01:00:00,46.1403254558447,50.53272511927419,136.01267115073068
A4,2024-04-21 02:00:00,45.5557947758127,50.53272511927419,136.01267115073068
A4,2024-04-21 03:00:00,46.3789778807777,50.53272511927419,136.01267115073068
A4,2024-04-21 04:00:00,45.2518733148228,50.53272511927419,136.01267115073068
A4,2024-04-21 05:00:00,45.4391870462035,50.53272511927419,136.01267115073068
A4,2024-04-21 06:00:00,45.8933581031567,50.53272511927419,136.01267115073068
A4,2024-04-21 07:00:00,43.9803503804199,50.53272511927419,136.01267115073068
A4,2024-04-21 08:00:00,47.0756677570751,50.53272511927419,136.01267115073068
A4,2024-04-21 09:00:00,44.6063879765955,50.53272511927419,136.01267115073068
A4,2024-04-21 10:00:00,33.348469581104,50.53272511927419,136.01267115073068
A4,2024-04-21 11:00:00,44.5351217627545,50.53272511927419,136.01267115073068
A4,2024-04-21 12:00:00,45.1570874618018,50.53272511927419,136.01267115073068
A4,2024-04-21 13:00:00,44.8615053244762,50.53272511927419,136.01267115073068
A4,2024-04-21 14:00:00,43.6237332782422,50.53272511927419,136.01267115073068
A4,2024-04-21 15:00:00,43.9223947853951,50.53272511927419,136.01267115073068
A4,2024-04-21 16:00:00,45.7883418904425,50.53272511927419,136.01267115073068
A4,2024-04-21 17:00:00,45.5258045458317,50.53272511927419,136.01267115073068
A4,2024-04-21 18:00:00,44.3261590441972,50.53272511927419,136.01267115073068
A4,2024-04-21 19:00:00,43.763879790125,50.53272511927419,136.01267115073068
A4,2024-04-21 20:00:00,46.048404894931,50.53272511927419,136.01267115073068
A4,2024-04-21 21:00:00,46.4945611912151,50.53272511927419,136.01267115073068
A4,2024-04-21 22:00:00,44.3586020857579,50.53272511927419,136.01267115073068
A4,2024-04-21 23:00:00,44.0980909871192,50.53272511927419,136.01267115073068
A4,2024-04-22 00:00:00,43.1655200847264,50.53272511927419,136.01267115073068
A4,2024-04-22 00:00:01,45.5687892880161,50.53272511927419,136.01267115073068
A4,2024-04-22 01:00:00,45.3751318367029,50.53272511927419,136.01267115073068
A4,2024-04-22 02:00:00,45.9236535566555,50.53272511927419,136.01267115073068
A4,2024-04-22 03:00:00,46.1473556567878,50.53272511927419,136.01267115073068
A4,2024-04-22 04:00:00,45.3491267871337,50.53272511927419,136.01267115073068
A4,2024-04-22 05:00:00,46.3134597208658,50.53272511927419,136.01267115073068
A4,2024-04-22 06:00:00,44.6398537105564,50.53272511927419,136.01267115073068
A4,2024-04-22 07:00:00,46.6650282381581,50.53272511927419,136.01267115073068
A4,2024-04-22 08:00:00,44.9182108363079,50.53272511927419,136.01267115073068
A4,2024-04-22 10:00:00,44.1169452716055,50.53272511927419,136.01267115073068
A4,2024-04-22 11:00:07,43.6646140369819,50.53272511927419,136.01267115073068
A4,2024-04-22 12:00:07,43.5679130789126,50.53272511927419,136.01267115073068
A4,2024-04-22 13:00:07,45.3304970706114,50.53272511927419,136.01267115073068
A4,2024-04-22 14:00:07,44.5705117506749,50.53272511927419,136.01267115073068
A4,2024-04-22 15:00:07,43.8252121829474,50.53272511927419,136.01267115073068
A4,2024-04-22 16:00:07,45.6904384303547,50.53272511927419,136.01267115073068
A4,2024-04-22 17:00:07,43.7223060052015,50.53272511927419,136.01267115073068
A4,2024-04-22 18:00:07,44.7569439337921,50.53272511927419,136.01267115073068
A4,2024-04-22 19:00:07,44.4120002751451,50.53272511927419,136.01267115073068
A4,2024-04-22 20:00:07,45.6863657123966,50.53272511927419,136.01267115073068
A4,2024-04-22 21:00:07,45.8219732002567,50.53272511927419,136.01267115073068
A4,2024-04-22 22:00:07,44.7252688390768,50.53272511927419,136.01267115073068
A4,2024-04-22 23:00:07,45.6079753135426,50.53272511927419,136.01267115073068
A4,2024-04-23 00:00:00,44.3533376828001,50.53272511927419,136.01267115073068
A4,2024-04-23 01:00:07,44.8325814324676,50.53272511927419,136.01267115073068
A4,2024-04-23 02:00:07,45.0186486517842,50.53272511927419,136.01267115073068
A4,2024-04-23 03:00:07,43.464216634818,50.53272511927419,136.01267115073068
A4,2024-04-23 04:00:07,43.665638700339,50.53272511927419,136.01267115073068
A4,2024-04-23 05:00:07,44.2831225022807,50.53272511927419,136.01267115073068
A4,2024-04-23 06:00:07,44.1972702097884,50.53272511927419,136.01267115073068
A4,2024-04-23 07:00:07,43.4974887269722,50.53272511927419,136.01267115073068
A4,2024-04-23 08:00:07,43.9029406408104,50.53272511927419,136.01267115073068
A4,2024-04-23 09:00:07,43.9714256286227,50.53272511927419,136.01267115073068
A4,2024-04-23 10:00:07,45.7199371380049,50.53272511927419,136.01267115073068
A4,2024-04-23 11:00:07,37.9582749564394,50.53272511927419,136.01267115073068
A4,2024-04-23 12:00:07,44.4535408387192,50.53272511927419,136.01267115073068
A4,2024-04-23 13:00:07,44.3462900486473,50.53272511927419,136.01267115073068
A4,2024-04-24 10:00:06,44.1210907704837,50.53272511927419,136.01267115073068
A4,2024-04-24 11:00:06,44.4658700099036,50.53272511927419,136.01267115073068
A4,2024-04-24 13:00:08,44.4897697238512,50.53272511927419,136.01267115073068
A4,2024-04-24 14:00:08,42.0868780421173,50.53272511927419,136.01267115073068
A4,2024-04-24 15:00:08,44.8083516486612,50.53272511927419,136.01267115073068
A4,2024-04-24 16:00:08,44.8227179703017,50.53272511927419,136.01267115073068
A4,2024-04-24 17:00:08,43.4806208761262,50.53272511927419,136.01267115073068
A4,2024-04-24 18:00:08,44.8175758549526,50.53272511927419,136.01267115073068
A4,2024-04-24 19:00:08,45.917924740648,50.53272511927419,136.01267115073068
A4,2024-04-24 20:00:08,43.7025863547332,50.53272511927419,136.01267115073068
A4,2024-04-24 21:00:08,44.691963095938,50.53272511927419,136.01267115073068
A4,2024-04-24 22:00:08,43.8460207192854,50.53272511927419,136.01267115073068
A4,2024-04-24 23:00:08,44.8670899409349,50.53272511927419,136.01267115073068
A4,2024-04-25 00:00:00,45.6967413929723,50.53272511927419,136.01267115073068
A4,2024-04-25 01:00:08,44.3839609240492,50.53272511927419,136.01267115073068
A4,2024-04-25 02:00:08,43.7250500757081,50.53272511927419,136.01267115073068
A4,2024-04-25 03:00:08,42.7831930019393,50.53272511927419,136.01267115073068
A4,2024-04-25 04:00:08,44.7056987052466,50.53272511927419,136.01267115073068
A4,2024-04-25 05:00:08,43.3896911029892,50.53272511927419,136.01267115073068
A4,2024-04-25 06:00:08,45.5611020201437,50.53272511927419,136.01267115073068
A4,2024-04-25 07:00:08,44.2623395302175,50.53272511927419,136.01267115073068
A4,2024-04-25 08:00:08,43.0672598495736,50.53272511927419,136.01267115073068
A4,2024-04-25 09:00:08,44.5630487698596,50.53272511927419,136.01267115073068
A4,2024-04-25 10:00:08,44.1954473313985,50.53272511927419,136.01267115073068
A4,2024-04-25 11:00:08,45.2532091978143,50.53272511927419,136.01267115073068
A4,2024-04-25 12:00:08,45.2983699113676,50.53272511927419,136.01267115073068
A4,2024-04-25 13:00:08,44.7200238400203,50.53272511927419,136.01267115073068
A4,2024-04-25 14:00:08,46.6342174744117,50.53272511927419,136.01267115073068
A4,2024-04-25 15:00:08,45.0674986050653,50.53272511927419,136.01267115073068
A4,2024-04-25 16:00:08,42.5495026000521,50.53272511927419,136.01267115073068
A4,2024-04-25 17:00:08,43.7524583237784,50.53272511927419,136.01267115073068
A4,2024-04-25 18:00:08,44.1455684397913,50.53272511927419,136.01267115073068
A4,2024-04-25 19:00:08,45.7967208395299,50.53272511927419,136.01267115073068
A4,2024-04-25 20:00:08,45.3244002192838,50.53272511927419,136.01267115073068
A4,2024-04-25 21:00:08,44.9476025112771,50.53272511927419,136.01267115073068
A4,2024-04-25 23:00:08,40.7799543485863,50.53272511927419,136.01267115073068
A4,2024-04-26 00:00:01,43.6364440612254,50.53272511927419,136.01267115073068
A4,2024-04-26 01:00:08,43.8240289652655,50.53272511927419,136.01267115073068
A4,2024-04-26 02:00:08,44.2386997815117,50.53272511927419,136.01267115073068
A4,2024-04-26 03:00:08,42.7743852874368,50.53272511927419,136.01267115073068
A4,2024-04-26 04:00:08,44.0665650073333,50.53272511927419,136.01267115073068
A4,2024-04-26 05:00:08,43.6207095116635,50.53272511927419,136.01267115073068
A4,2024-04-26 06:00:08,43.6755457201182,50.53272511927419,136.01267115073068
A4,2024-04-26 07:00:08,43.2707190896091,50.53272511927419,136.01267115073068
A4,2024-04-26 08:00:08,43.771724243451,50.53272511927419,136.01267115073068
A4,2024-04-26 10:00:08,44.8502166828343,50.53272511927419,136.01267115073068
A4,2024-04-26 11:00:08,43.4296491505596,50.53272511927419,136.01267115073068
A4,2024-04-26 12:00:08,45.068435758965,50.53272511927419,136.01267115073068
A4,2024-04-26 13:00:08,42.8921392637048,50.53272511927419,136.01267115073068
A4,2024-04-26 14:00:08,43.7654198230544,50.53272511927419,136.01267115073068
A4,2024-04-26 15:00:08,44.1986273996021,50.53272511927419,136.01267115073068
A4,2024-04-26 16:00:08,44.0369627989761,50.53272511927419,136.01267115073068
A4,2024-04-26 17:00:04,44.3677429096278,50.53272511927419,136.01267115073068
A4,2024-04-26 18:00:04,44.2307858692923,50.53272511927419,136.01267115073068
A4,2024-04-26 19:00:04,43.2834124769779,50.53272511927419,136.01267115073068
A4,2024-04-26 20:00:04,43.8008002452059,50.53272511927419,136.01267115073068
A4,2024-04-26 21:00:04,43.0835768705485,50.53272511927419,136.01267115073068
A4,2024-04-26 22:00:04,44.7591656293112,50.53272511927419,136.01267115073068
A4,2024-04-26 23:00:04,42.5904914310613,50.53272511927419,136.01267115073068
A4,2024-04-27 00:00:00,44.8045468870779,50.53272511927419,136.01267115073068
A4,2024-04-27 01:00:04,43.6649120122234,50.53272511927419,136.01267115073068
A4,2024-04-27 15:00:04,44.7819109355278,50.53272511927419,136.01267115073068
A4,2024-04-27 16:00:04,43.8173124067796,50.53272511927419,136.01267115073068
A4,2024-04-27 17:00:04,42.7878722315995,50.53272511927419,136.01267115073068
A4,2024-04-27 18:00:04,43.3576881358121,50.53272511927419,136.01267115073068
A4,2024-04-27 19:00:04,43.280594782599,50.53272511927419,136.01267115073068
A4,2024-04-27 20:00:04,44.9034228443917,50.53272511927419,136.01267115073068
A4,2024-04-27 21:00:04,44.1365941133481,50.53272511927419,136.01267115073068
A4,2024-04-27 22:00:04,44.4995110804404,50.53272511927419,136.01267115073068
A4,2024-04-27 23:00:04,44.6578825582843,50.53272511927419,136.01267115073068
A4,2024-04-28 00:00:01,42.1836808756964,50.53272511927419,136.01267115073068
A4,2024-04-28 01:00:04,43.2143323372726,50.53272511927419,136.01267115073068
A4,2024-04-28 02:00:04,44.8454929288453,50.53272511927419,136.01267115073068
A4,2024-04-28 03:00:04,44.3134065090696,50.53272511927419,136.01267115073068
A4,2024-04-28 04:00:04,43.2101367657861,50.53272511927419,136.01267115073068
A4,2024-04-28 05:00:04,42.5324507791283,50.53272511927419,136.01267115073068
A4,2024-04-28 06:00:04,43.0057933171408,50.53272511927419,136.01267115073068
A4,2024-04-28 07:00:04,45.0302938952759,50.53272511927419,136.01267115073068
A4,2024-04-28 08:00:04,45.2605747746748,50.53272511927419,136.01267115073068
A4,2024-04-28 09:00:04,43.8239017528197,50.53272511927419,136.01267115073068
A4,2024-04-28 10:00:04,45.2358770385465,50.53272511927419,136.01267115073068
A4,2024-04-28 11:00:04,42.9316881252964,50.53272511927419,136.01267115073068
A4,2024-04-28 12:00:04,44.6802618617789,50.53272511927419,136.01267115073068
A4,2024-04-28 13:00:04,43.1248179591291,50.53272511927419,136.01267115073068
A4,2024-04-28 14:00:04,43.2458665247345,50.53272511927419,136.01267115073068
A4,2024-04-28 15:00:04,44.2612013202146,50.53272511927419,136.01267115073068
A4,2024-04-28 16:00:04,43.0977315315294,50.53272511927419,136.01267115073068
A4,2024-04-28 17:00:04,43.7518266226571,50.53272511927419,136.01267115073068
A4,2024-04-28 18:00:04,44.6521489650148,50.53272511927419,136.01267115073068
A4,2024-04-28 19:00:04,43.8010904579586,50.53272511927419,136.01267115073068
A4,2024-04-28 20:00:04,42.6596529936101,50.53272511927419,136.01267115073068
A4,2024-04-28 21:00:04,44.6733016685579,50.53272511927419,136.01267115073068
A4,2024-04-28 22:00:04,43.5567530051802,50.53272511927419,136.01267115073068
A4,2024-04-28 23:00:04,43.0079892161938,50.53272511927419,136.01267115073068
A4,2024-04-29 00:00:00,44.5489883343232,50.53272511927419,136.01267115073068
A4,2024-04-29 01:00:04,42.9318218089136,50.53272511927419,136.01267115073068
A4,2024-04-29 02:00:04,43.1841774319043,50.53272511927419,136.01267115073068
A4,2024-04-29 03:00:04,42.462219120493,50.53272511927419,136.01267115073068
A4,2024-04-29 04:00:04,44.6437782938098,50.53272511927419,136.01267115073068
A4,2024-04-29 05:00:04,43.1379722785982,50.53272511927419,136.01267115073068
A4,2024-04-29 06:00:04,44.9090520299121,50.53272511927419,136.01267115073068
A4,2024-04-29 07:00:04,44.4054146582627,50.53272511927419,136.01267115073068
A4,2024-04-29 08:00:04,43.1668331980148,50.53272511927419,136.01267115073068
A4,2024-04-29 09:00:04,43.5649745068582,50.53272511927419,136.01267115073068
A4,2024-04-29 10:00:04,42.8846097572595,50.53272511927419,136.01267115073068
A4,2024-04-29 11:00:04,43.273719348581,50.53272511927419,136.01267115073068
A4,2024-04-29 12:00:04,43.9338408839748,50.53272511927419,136.01267115073068
A4,2024-04-29 13:00:04,43.7710154119804,50.53272511927419,136.01267115073068
A4,2024-04-29 14:00:04,42.9867775530008,50.53272511927419,136.01267115073068
A4,2024-04-29 15:00:04,44.1917710109732,50.53272511927419,136.01267115073068
A4,2024-05-14 14:00:08,42.933564088575,50.53272511927419,136.01267115073068
A4,2024-05-14 15:00:08,42.6793525656591,50.53272511927419,136.01267115073068
A4,2024-05-14 16:00:08,41.7247062698112,50.53272511927419,136.01267115073068
A4,2024-05-14 17:00:08,43.5758755921255,50.53272511927419,136.01267115073068
A4,2024-05-14 18:00:08,45.1690221486631,50.53272511927419,136.01267115073068
A4,2024-05-14 19:00:08,43.8041437533791,50.53272511927419,136.01267115073068
A4,2024-05-14 20:00:08,42.3510328763912,50.53272511927419,136.01267115073068
A4,2024-05-14 21:00:08,43.2705320065845,50.53272511927419,136.01267115073068
A4,2024-05-14 22:00:08,41.9727966102812,50.53272511927419,136.01267115073068
A4,2024-05-14 23:00:08,45.0988590492857,50.53272511927419,136.01267115073068
A4,2024-05-15 00:00:00,41.5589617060697,50.53272511927419,136.01267115073068
A4,2024-05-15 01:00:08,42.5374043454681,50.53272511927419,136.01267115073068
A4,2024-05-15 02:00:08,44.3997548602674,50.53272511927419,136.01267115073068
A4,2024-05-15 03:00:08,41.7156951304682,50.53272511927419,136.01267115073068
A4,2024-05-15 04:00:08,43.3952664390963,50.53272511927419,136.01267115073068
A4,2024-05-15 05:00:08,43.6472842090261,50.53272511927419,136.01267115073068
A4,2024-05-15 06:00:08,42.3361752454343,50.53272511927419,136.01267115073068
A4,2024-05-15 07:00:08,44.2771896505645,50.53272511927419,136.01267115073068
A4,2024-05-15 08:00:08,43.0511730176851,50.53272511927419,136.01267115073068
A4,2024-05-15 09:00:08,42.1108223602447,50.53272511927419,136.01267115073068
A4,2024-05-15 10:00:08,41.6115437156105,50.53272511927419,136.01267115073068
A4,2024-05-15 11:00:08,44.7883943711718,50.53272511927419,136.01267115073068
A4,2024-05-15 12:00:08,42.2909458571761,50.53272511927419,136.01267115073068
A4,2024-05-15 13:00:08,41.553321802768,50.53272511927419,136.01267115073068
A4,2024-05-15 14:00:08,42.2507628823242,50.53272511927419,136.01267115073068
A4,2024-05-15 15:00:08,42.4596129608479,50.53272511927419,136.01267115073068
A4,2024-05-15 16:00:08,44.8751994393166,50.53272511927419,136.01267115073068
A4,2024-05-15 17:00:08,42.830206852593,50.53272511927419,136.01267115073068
A4,2024-05-15 18:00:08,42.7121467447398,50.53272511927419,136.01267115073068
A4,2024-05-15 19:00:08,42.3724916799374,50.53272511927419,136.01267115073068
A4,2024-05-15 20:00:08,43.2809981550264,50.53272511927419,136.01267115073068
A4,2024-05-15 21:00:08,42.335906365088,50.53272511927419,136.01267115073068
A4,2024-05-15 22:00:08,42.4624286332738,50.53272511927419,136.01267115073068
A4,2024-05-15 23:00:08,41.9463744940137,50.53272511927419,136.01267115073068
A4,2024-05-16 00:00:00,41.9424787193421,50.53272511927419,136.01267115073068
A4,2024-05-16 01:00:08,41.6943597470401,50.53272511927419,136.01267115073068
A4,2024-05-16 02:00:08,43.9413533219302,50.53272511927419,136.01267115073068
A4,2024-05-16 03:00:08,42.4190169990511,50.53272511927419,136.01267115073068
A4,2024-05-16 04:00:08,40.9500887607252,50.53272511927419,136.01267115073068
A4,2024-05-16 15:00:08,42.2757598472352,50.53272511927419,136.01267115073068
A4,2024-05-16 17:00:08,42.622239134945,50.53272511927419,136.01267115073068
A4,2024-05-16 18:00:08,41.4601388110506,50.53272511927419,136.01267115073068
A4,2024-05-16 19:00:08,41.5282404136386,50.53272511927419,136.01267115073068
A4,2024-05-16 20:00:08,41.6044302195547,50.53272511927419,136.01267115073068
A4,2024-05-16 21:00:08,43.41086540296,50.53272511927419,136.01267115073068
A4,2024-05-16 22:00:08,42.791990123635,50.53272511927419,136.01267115073068
A4,2024-05-16 23:00:08,40.8351823682363,50.53272511927419,136.01267115073068
A4,2024-05-17 00:00:00,41.7236417314418,50.53272511927419,136.01267115073068
A4,2024-05-17 01:00:08,40.7199887759841,50.53272511927419,136.01267115073068
A4,2024-05-17 02:00:08,42.2139441287898,50.53272511927419,136.01267115073068
A4,2024-05-17 03:00:08,41.2567778839024,50.53272511927419,136.01267115073068
A4,2024-05-17 04:00:08,41.3805944129316,50.53272511927419,136.01267115073068
A4,2024-05-17 05:00:08,42.1295951457813,50.53272511927419,136.01267115073068
A4,2024-05-17 06:00:08,40.681499804927,50.53272511927419,136.01267115073068
A4,2024-05-17 07:00:08,39.6537115909356,50.53272511927419,136.01267115073068
A4,2024-05-17 08:00:08,42.8528201340986,50.53272511927419,136.01267115073068
A4,2024-05-17 09:00:08,40.9739652327413,50.53272511927419,136.01267115073068
A4,2024-05-17 10:00:08,41.8890181228523,50.53272511927419,136.01267115073068
A4,2024-05-17 11:00:08,42.6276415964855,50.53272511927419,136.01267115073068
A4,2024-05-17 12:00:08,42.5361059347495,50.53272511927419,136.01267115073068
A4,2024-05-17 13:00:08,42.417297000022,50.53272511927419,136.01267115073068
A4,2024-05-17 14:00:08,40.7420521988856,50.53272511927419,136.01267115073068
A4,2024-05-17 15:00:08,40.5221104509049,50.53272511927419,136.01267115073068
A4,2024-05-17 16:00:08,42.0230784244949,50.53272511927419,136.01267115073068
A4,2024-05-17 17:00:08,43.3334645173498,50.53272511927419,136.01267115073068
A4,2024-05-17 18:00:08,42.6209727572261,50.53272511927419,136.01267115073068
A4,2024-05-17 19:00:08,42.9694657668336,50.53272511927419,136.01267115073068
A4,2024-05-17 20:00:08,42.4911685806007,50.53272511927419,136.01267115073068
A4,2024-05-17 21:00:08,42.7345674751595,50.53272511927419,136.01267115073068
A4,2024-05-17 22:00:08,42.8908681725929,50.53272511927419,136.01267115073068
A4,2024-05-17 23:00:08,41.5056819222185,50.53272511927419,136.01267115073068
A4,2024-05-18 00:00:00,42.6368118799791,50.53272511927419,136.01267115073068
A4,2024-05-18 01:00:08,43.6759445237672,50.53272511927419,136.01267115073068
A4,2024-05-18 02:00:08,40.8447005853776,50.53272511927419,136.01267115073068
A4,2024-05-18 03:00:08,40.736118008904,50.53272511927419,136.01267115073068
A4,2024-05-18 04:00:08,42.0602748213379,50.53272511927419,136.01267115073068
A4,2024-05-18 05:00:08,41.7140790637918,50.53272511927419,136.01267115073068
A4,2024-05-18 06:00:08,40.8951683060554,50.53272511927419,136.01267115073068
A4,2024-05-18 07:00:08,42.2162657692622,50.53272511927419,136.01267115073068
A4,2024-05-18 08:00:08,41.1114587928645,50.53272511927419,136.01267115073068
A4,2024-05-18 10:00:08,43.1029815265249,50.53272511927419,136.01267115073068
A4,2024-05-18 11:00:08,40.8996663222991,50.53272511927419,136.01267115073068
A4,2024-05-18 12:00:08,42.858268381218,50.53272511927419,136.01267115073068
A4,2024-05-18 13:00:08,41.2995834526576,50.53272511927419,136.01267115073068
A4,2024-05-18 14:00:08,31.5564611640717,50.53272511927419,136.01267115073068
A4,2024-05-18 15:00:08,41.4164241534925,50.53272511927419,136.01267115073068
A4,2024-05-18 16:00:08,42.5125018468786,50.53272511927419,136.01267115073068
A4,2024-05-18 17:00:08,42.2761934997896,50.53272511927419,136.01267115073068
A4,2024-05-18 18:00:08,41.7232321090437,50.53272511927419,136.01267115073068
A4,2024-05-18 19:00:08,41.6516900062125,50.53272511927419,136.01267115073068
A4,2024-05-18 20:00:08,43.3654780745525,50.53272511927419,136.01267115073068
A4,2024-05-18 21:00:08,40.791214958908,50.53272511927419,136.01267115073068
A4,2024-05-18 22:00:08,42.8431269880753,50.53272511927419,136.01267115073068
A4,2024-05-18 23:00:08,42.4064285775971,50.53272511927419,136.01267115073068
A4,2024-05-19 00:00:01,40.5888061728167,50.53272511927419,136.01267115073068
A4,2024-05-19 01:00:08,42.2473331619628,50.53272511927419,136.01267115073068
A4,2024-05-19 02:00:08,41.061171633378,50.53272511927419,136.01267115073068
A4,2024-05-19 03:00:08,41.8519090130441,50.53272511927419,136.01267115073068
A4,2024-05-19 04:00:08,40.341991039343,50.53272511927419,136.01267115073068
A4,2024-05-19 05:00:08,40.5608321117144,50.53272511927419,136.01267115073068
A4,2024-05-19 06:00:08,38.385104345044,50.53272511927419,136.01267115073068
A4,2024-05-19 07:00:08,40.5837282344607,50.53272511927419,136.01267115073068
A4,2024-05-19 08:00:08,40.50891622443,50.53272511927419,136.01267115073068
A4,2024-05-19 09:00:08,42.3914264429462,50.53272511927419,136.01267115073068
A4,2024-05-19 10:00:08,42.02633424324,50.53272511927419,136.01267115073068
A4,2024-05-19 11:00:08,41.0815735891978,50.53272511927419,136.01267115073068
A4,2024-05-19 12:00:08,40.9371561136779,50.53272511927419,136.01267115073068
A4,2024-05-19 13:00:08,41.1375778476263,50.53272511927419,136.01267115073068
A4,2024-05-19 14:00:08,41.349885192907,50.53272511927419,136.01267115073068
A4,2024-05-19 15:00:08,41.551758941349,50.53272511927419,136.01267115073068
A4,2024-05-19 16:00:08,41.3170258861832,50.53272511927419,136.01267115073068
A4,2024-05-19 17:00:08,40.9381724649971,50.53272511927419,136.01267115073068
A4,2024-05-19 18:00:08,40.7639096415045,50.53272511927419,136.01267115073068
A4,2024-05-19 19:00:08,40.5458444070007,50.53272511927419,136.01267115073068
A4,2024-05-19 20:00:08,41.580704481076,50.53272511927419,136.01267115073068
A4,2024-05-19 21:00:08,41.0140009026688,50.53272511927419,136.01267115073068
A4,2024-05-19 22:00:08,42.3160053032909,50.53272511927419,136.01267115073068
A4,2024-05-19 23:00:08,40.7602732639735,50.53272511927419,136.01267115073068
A4,2024-05-20 00:00:00,39.8399889079988,50.53272511927419,136.01267115073068
A4,2024-05-20 01:00:08,39.7721381999243,50.53272511927419,136.01267115073068
A4,2024-05-20 02:00:08,40.4082279030445,50.53272511927419,136.01267115073068
A4,2024-05-20 03:00:08,41.5289972553726,50.53272511927419,136.01267115073068
A4,2024-05-20 04:00:08,41.0292995265746,50.53272511927419,136.01267115073068
A4,2024-05-20 05:00:08,41.4002982553644,50.53272511927419,136.01267115073068
A4,2024-05-20 06:00:08,39.6850120180341,50.53272511927419,136.01267115073068
A4,2024-05-20 07:00:08,41.4467400554331,50.53272511927419,136.01267115073068
A4,2024-05-20 20:00:08,40.9587261098875,50.53272511927419,136.01267115073068
A4,2024-05-20 21:00:08,41.0661358914512,50.53272511927419,136.01267115073068
A4,2024-05-20 22:00:08,41.2491614756547,50.53272511927419,136.01267115073068
A4,2024-05-20 23:00:08,42.0692127280805,50.53272511927419,136.01267115073068
A4,2024-05-21 00:00:01,40.6656637731383,50.53272511927419,136.01267115073068
A4,2024-05-21 01:00:08,41.7172129513835,50.53272511927419,136.01267115073068
A4,2024-05-21 02:00:08,38.4992533659349,50.53272511927419,136.01267115073068
A4,2024-05-21 03:00:08,39.3084345836618,50.53272511927419,136.01267115073068
A4,2024-05-21 04:00:08,40.4909833734281,50.53272511927419,136.01267115073068
A4,2024-05-21 05:00:08,39.6699170451064,50.53272511927419,136.01267115073068
A4,2024-05-21 06:00:08,41.5828850639584,50.53272511927419,136.01267115073068
A4,2024-05-21 07:00:08,40.4896344134385,50.53272511927419,136.01267115073068
A4,2024-05-21 08:00:08,40.7745567534949,50.53272511927419,136.01267115073068
A4,2024-05-21 10:00:08,41.8465068428244,50.53272511927419,136.01267115073068
A4,2024-05-21 11:00:08,40.6454067833756,50.53272511927419,136.01267115073068
A4,2024-05-21 12:00:08,39.5171400010877,50.53272511927419,136.01267115073068
A4,2024-05-21 13:00:08,38.8489523688075,50.53272511927419,136.01267115073068
A4,2024-05-21 14:00:08,42.3746734212354,50.53272511927419,136.01267115073068
A4,2024-05-21 15:00:08,40.0244016498573,50.53272511927419,136.01267115073068
A4,2024-05-21 16:00:08,40.5111534431027,50.53272511927419,136.01267115073068
A4,2024-05-21 17:00:08,41.409584929358,50.53272511927419,136.01267115073068
A4,2024-05-21 18:00:08,41.7375924873699,50.53272511927419,136.01267115073068
A4,2024-05-21 19:00:08,40.3919692447756,50.53272511927419,136.01267115073068
A4,2024-05-21 20:00:08,42.1839069388141,50.53272511927419,136.01267115073068
A4,2024-05-21 21:00:08,40.4068181120474,50.53272511927419,136.01267115073068
A4,2024-05-21 22:00:08,40.5003100118488,50.53272511927419,136.01267115073068
A4,2024-05-21 23:00:08,42.0622613268671,50.53272511927419,136.01267115073068
A4,2024-05-22 00:00:02,39.4632357064225,50.53272511927419,136.01267115073068
A4,2024-05-22 01:00:08,40.9278790556422,50.53272511927419,136.01267115073068
A4,2024-05-22 02:00:08,40.8411705950517,50.53272511927419,136.01267115073068
A4,2024-05-22 03:00:08,39.7579890902127,50.53272511927419,136.01267115073068
A4,2024-05-22 04:00:08,39.1540627387242,50.53272511927419,136.01267115073068
A4,2024-05-22 05:00:08,39.6896668558533,50.53272511927419,136.01267115073068
A4,2024-05-22 06:00:08,41.5921624743743,50.53272511927419,136.01267115073068
A4,2024-05-22 08:00:08,40.7577915711356,50.53272511927419,136.01267115073068
A4,2024-05-22 09:00:08,40.0167102712236,50.53272511927419,136.01267115073068
A4,2024-05-22 10:00:08,38.9237074127268,50.53272511927419,136.01267115073068
A4,2024-05-22 11:00:08,39.2148295263379,50.53272511927419,136.01267115073068
A4,2024-05-22 12:00:08,40.2867444767789,50.53272511927419,136.01267115073068
A4,2024-05-22 13:00:08,40.4868905826231,50.53272511927419,136.01267115073068
A4,2024-05-22 14:00:08,39.3381374952695,50.53272511927419,136.01267115073068
A4,2024-05-22 15:00:08,41.6166297191402,50.53272511927419,136.01267115073068
A4,2024-05-22 16:00:08,40.7351932615397,50.53272511927419,136.01267115073068
A4,2024-05-22 17:00:08,40.5312611135459,50.53272511927419,136.01267115073068
A4,2024-05-22 18:00:08,40.4882448444535,50.53272511927419,136.01267115073068
A4,2024-05-22 19:00:08,42.5006401652735,50.53272511927419,136.01267115073068
A4,2024-05-22 20:00:08,41.3459692020078,50.53272511927419,136.01267115073068
A4,2024-05-22 21:00:08,41.2290109382806,50.53272511927419,136.01267115073068
A4,2024-05-22 22:00:08,39.6339220397508,50.53272511927419,136.01267115073068
A4,2024-05-22 23:00:08,39.3456475465316,50.53272511927419,136.01267115073068
A4,2024-05-23 00:00:01,39.8368481934402,50.53272511927419,136.01267115073068
A4,2024-05-23 01:00:08,41.0827538362805,50.53272511927419,136.01267115073068
A4,2024-05-23 02:00:08,39.8651862317048,50.53272511927419,136.01267115073068
A4,2024-05-23 03:00:08,38.4961563594849,50.53272511927419,136.01267115073068
A4,2024-05-23 04:00:08,40.4911497529359,50.53272511927419,136.01267115073068
A4,2024-05-23 05:00:08,40.2898290334177,50.53272511927419,136.01267115073068
A4,2024-05-23 06:00:08,40.5109249019188,50.53272511927419,136.01267115073068
A4,2024-05-23 07:00:08,40.8713135867296,50.53272511927419,136.01267115073068
A4,2024-05-23 08:00:08,38.6785642187664,50.53272511927419,136.01267115073068
A4,2024-05-23 09:00:08,38.8184193353066,50.53272511927419,136.01267115073068
A4,2024-05-23 10:00:08,41.725915397559,50.53272511927419,136.01267115073068
A4,2024-05-23 11:00:08,39.5251576482279,50.53272511927419,136.01267115073068
A4,2024-05-23 12:00:08,38.5027817999742,50.53272511927419,136.01267115073068
A4,2024-05-23 13:00:08,40.4715543860179,50.53272511927419,136.01267115073068
A4,2024-05-23 14:00:08,39.9956238482504,50.53272511927419,136.01267115073068
A4,2024-05-23 15:00:08,40.2327911085054,50.53272511927419,136.01267115073068
A4,2024-05-23 16:00:08,39.2793481800961,50.53272511927419,136.01267115073068
A4,2024-05-23 17:00:08,39.5708582004141,50.53272511927419,136.01267115073068
A4,2024-05-23 18:00:08,40.448593646591,50.53272511927419,136.01267115073068
A4,2024-05-23 19:00:08,39.2127237345363,50.53272511927419,136.01267115073068
A4,2024-05-23 20:00:08,40.0807476834446,50.53272511927419,136.01267115073068
A4,2024-05-23 21:00:08,39.7158718597306,50.53272511927419,136.01267115073068
A4,2024-05-23 22:00:08,39.8380631267406,50.53272511927419,136.01267115073068
A4,2024-05-23 23:00:08,39.9483771861481,50.53272511927419,136.01267115073068
A4,2024-05-24 00:00:02,39.6913300721458,50.53272511927419,136.01267115073068
A4,2024-05-24 01:00:08,40.1347322577344,50.53272511927419,136.01267115073068
A4,2024-05-24 02:00:08,40.2113313917235,50.53272511927419,136.01267115073068
A4,2024-05-24 03:00:08,38.6056620226521,50.53272511927419,136.01267115073068
A4,2024-05-24 04:00:08,39.1253239741716,50.53272511927419,136.01267115073068
A4,2024-05-24 05:00:08,40.0039528136469,50.53272511927419,136.01267115073068
A4,2024-05-24 06:00:08,37.3392379544265,50.53272511927419,136.01267115073068
A4,2024-05-24 07:00:08,38.8859513928722,50.53272511927419,136.01267115073068
A4,2024-05-24 23:00:08,40.61967279544,50.53272511927419,136.01267115073068
A4,2024-05-25 01:00:08,38.814262273063,50.53272511927419,136.01267115073068
A4,2024-05-25 02:00:08,40.2639974245475,50.53272511927419,136.01267115073068
A4,2024-05-25 03:00:08,40.8641779105733,50.53272511927419,136.01267115073068
A4,2024-05-25 04:00:08,39.8217804219452,50.53272511927419,136.01267115073068
A4,2024-05-25 05:00:08,39.6116316713309,50.53272511927419,136.01267115073068
A4,2024-05-25 11:00:08,39.8868870407781,50.53272511927419,136.01267115073068
A4,2024-05-25 12:00:08,38.7034108567279,50.53272511927419,136.01267115073068
A4,2024-05-25 13:00:08,39.2044400622721,50.53272511927419,136.01267115073068
A4,2024-05-25 14:00:08,37.9074589215038,50.53272511927419,136.01267115073068
A4,2024-05-25 15:00:08,39.2022663160868,50.53272511927419,136.01267115073068
A4,2024-05-25 16:00:08,39.3202892455109,50.53272511927419,136.01267115073068
A4,2024-05-25 17:00:08,39.2677083022044,50.53272511927419,136.01267115073068
A4,2024-05-25 18:00:08,40.653385215042,50.53272511927419,136.01267115073068
A4,2024-05-25 19:00:08,41.5177606936569,50.53272511927419,136.01267115073068
A4,2024-05-25 20:00:08,38.868372829264,50.53272511927419,136.01267115073068
A4,2024-05-25 21:00:08,43.0480373755006,50.53272511927419,136.01267115073068
A4,2024-05-25 22:00:08,38.4285371297762,50.53272511927419,136.01267115073068
A4,2024-05-25 23:00:08,39.2075148556317,50.53272511927419,136.01267115073068
A4,2024-05-26 00:00:00,39.2949353227281,50.53272511927419,136.01267115073068
A4,2024-05-26 00:00:01,38.4036922317446,50.53272511927419,136.01267115073068
A4,2024-05-26 01:00:08,39.5219735463462,50.53272511927419,136.01267115073068
A4,2024-05-26 02:00:08,39.4980527845285,50.53272511927419,136.01267115073068
A4,2024-05-26 03:00:08,37.8681038573437,50.53272511927419,136.01267115073068
A4,2024-05-26 04:00:08,39.5479688622831,50.53272511927419,136.01267115073068
A4,2024-05-26 05:00:08,37.9349443754822,50.53272511927419,136.01267115073068
A4,2024-05-26 06:00:08,38.537914211619,50.53272511927419,136.01267115073068
A4,2024-05-26 08:00:08,40.7165727786465,50.53272511927419,136.01267115073068
A4,2024-05-26 09:00:08,39.0116872503815,50.53272511927419,136.01267115073068
A4,2024-05-26 10:00:08,38.965333165709,50.53272511927419,136.01267115073068
A4,2024-05-26 11:00:08,39.2797064080248,50.53272511927419,136.01267115073068
A4,2024-05-26 12:00:08,38.3299165563407,50.53272511927419,136.01267115073068
A4,2024-05-26 13:00:08,39.038929529782,50.53272511927419,136.01267115073068
A4,2024-05-26 14:00:08,38.781533123895,50.53272511927419,136.01267115073068
A4,2024-05-26 15:00:08,35.9460559237691,50.53272511927419,136.01267115073068
A4,2024-05-26 16:00:08,37.9119746682985,50.53272511927419,136.01267115073068
A4,2024-05-26 17:00:08,39.015889419025,50.53272511927419,136.01267115073068
A4,2024-05-26 18:00:08,37.4470086854532,50.53272511927419,136.01267115073068
A4,2024-05-26 19:00:08,39.367275922015,50.53272511927419,136.01267115073068
A4,2024-05-26 20:00:08,38.8229776533251,50.53272511927419,136.01267115073068
A4,2024-05-26 21:00:08,38.1931288175512,50.53272511927419,136.01267115073068
A4,2024-05-26 22:00:08,38.2996540609274,50.53272511927419,136.01267115073068
A4,2024-05-26 23:00:08,38.2797259581102,50.53272511927419,136.01267115073068
A4,2024-05-27 00:00:02,38.1577210640696,50.53272511927419,136.01267115073068
A4,2024-05-27 01:00:08,37.469530664193,50.53272511927419,136.01267115073068
A4,2024-05-27 02:00:08,37.571804613583,50.53272511927419,136.01267115073068
A4,2024-05-27 03:00:08,38.5052379229358,50.53272511927419,136.01267115073068
A4,2024-05-27 04:00:08,37.8435599285633,50.53272511927419,136.01267115073068
A4,2024-05-27 05:00:08,37.8742409812308,50.53272511927419,136.01267115073068
A4,2024-05-27 06:00:08,38.9462360109106,50.53272511927419,136.01267115073068
A4,2024-05-27 07:00:08,38.0718414073634,50.53272511927419,136.01267115073068
A4,2024-05-27 08:00:08,38.762377226811,50.53272511927419,136.01267115073068
A4,2024-05-27 09:00:08,38.0331791948588,50.53272511927419,136.01267115073068
A4,2024-05-27 10:00:08,39.2906715141571,50.53272511927419,136.01267115073068
A4,2024-05-27 11:00:08,37.54957892731,50.53272511927419,136.01267115073068
A4,2024-05-27 12:00:08,38.7574249156553,50.53272511927419,136.01267115073068
A4,2024-05-27 15:00:07,37.6212165182731,50.53272511927419,136.01267115073068
A4,2024-05-27 16:00:07,38.3012711298471,50.53272511927419,136.01267115073068
A4,2024-05-27 17:00:07,37.874792013845,50.53272511927419,136.01267115073068
A4,2024-05-27 18:00:07,39.4400279083204,50.53272511927419,136.01267115073068
A4,2024-05-27 19:00:07,38.9055940316653,50.53272511927419,136.01267115073068
A4,2024-05-27 20:00:07,38.7687640119911,50.53272511927419,136.01267115073068
A4,2024-05-27 21:00:07,37.9140664186511,50.53272511927419,136.01267115073068
A4,2024-05-27 22:00:07,39.0999761458627,50.53272511927419,136.01267115073068
A4,2024-05-27 23:00:07,39.8268172939328,50.53272511927419,136.01267115073068
A4,2024-12-29 16:00:00,49.4009636999449,50.53272511927419,136.01267115073068
A4,2025-03-01 00:00:00,136.71667907868,50.53272511927419,136.01267115073068
A4,2025-08-09 00:00:00,139.964075300182,50.53272511927419,136.01267115073068
A4,2025-09-17 23:00:00,138.648372140144,50.53272511927419,136.01267115073068
A4,2026-03-20 12:00:00,143.747564348607,50.53272511927419,136.01267115073068
A5,2024-09-22 20:00:08,143.871359831693,56.00631782547582,137.67853144635052
A5,2025-01-25 20:00:00,149.81116766406,56.00631782547582,137.67853144635052
A5,2025-01-27 17:00:00,140.388461830482,56.00631782547582,137.67853144635052
A5,2025-10-21 07:00:00,54.3554593705066,56.00631782547582,137.67853144635052
A5,2025-10-29 10:00:00,52.4297730986761,56.00631782547582,137.67853144635052
A5,2025-12-02 17:00:00,52.0212780095865,56.00631782547582,137.67853144635052
A5,2025-12-04 08:00:00,55.7502237287052,56.00631782547582,137.67853144635052
A5,2025-12-04 14:00:00,55.9031054249974,56.00631782547582,137.67853144635052
A5,2025-12-04 18:00:00,55.7632154364931,56.00631782547582,137.67853144635052
A5,2025-12-05 06:00:00,55.6473564138869,56.00631782547582,137.67853144635052
A5,2025-12-05 07:00:00,55.54306459149,56.00631782547582,137.67853144635052
A5,2025-12-05 08:00:00,55.3333116084969,56.00631782547582,137.67853144635052
A5,2025-12-05 09:00:00,55.1186324547252,56.00631782547582,137.67853144635052
A5,2025-12-05 10:00:00,50.4170350114579,56.00631782547582,137.67853144635052
A5,2025-12-05 11:00:00,55.2160317264729,56.00631782547582,137.67853144635052
A5,2025-12-05 12:00:00,55.8098111762753,56.00631782547582,137.67853144635052
A5,2025-12-05 13:00:00,43.2581986774892,56.00631782547582,137.67853144635052
A5,2025-12-05 14:00:00,55.4567739075979,56.00631782547582,137.67853144635052
A5,2025-12-05 15:00:00,55.2245689146826,56.00631782547582,137.67853144635052
A5,2025-12-05 16:00:00,55.7080736967998,56.00631782547582,137.67853144635052
A5,2025-12-05 17:00:00,55.6863151906966,56.00631782547582,137.67853144635052
A5,2025-12-05 18:00:00,55.3262712473869,56.00631782547582,137.67853144635052
A5,2025-12-05 19:00:00,55.3333398998851,56.00631782547582,137.67853144635052
A5,2025-12-05 20:00:00,55.5799766427318,56.00631782547582,137.67853144635052
A5,2025-12-05 21:00:00,55.4422652379662,56.00631782547582,137.67853144635052
A5,2025-12-05 22:00:00,55.2454324280206,56.00631782547582,137.67853144635052
A5,2025-12-05 23:00:00,55.5978661063817,56.00631782547582,137.67853144635052
A5,2025-12-06 00:00:00,55.0070598889384,56.00631782547582,137.67853144635052
A5,2025-12-06 01:00:00,54.3546500903863,56.00631782547582,137.67853144635052
A5,2025-12-06 02:00:00,54.8299943494303,56.00631782547582,137.67853144635052
A5,2025-12-06 03:00:00,54.9687535979607,56.00631782547582,137.67853144635052
A5,2025-12-06 04:00:00,54.9202448781542,56.00631782547582,137.67853144635052
A5,2025-12-06 05:00:00,54.9832871848209,56.00631782547582,137.67853144635052
A5,2025-12-06 06:00:00,54.8138055150889,56.00631782547582,137.67853144635052
A5,2025-12-06 07:00:00,54.5877433647068,56.00631782547582,137.67853144635052
A5,2025-12-06 08:00:00,54.4777126972079,56.00631782547582,137.67853144635052
A5,2025-12-06 09:00:00,54.7036015105623,56.00631782547582,137.67853144635052
A5,2025-12-06 10:00:00,55.0446291822758,56.00631782547582,137.67853144635052
A5,2025-12-06 11:00:00,54.8445610600767,56.00631782547582,137.67853144635052
A5,2025-12-06 12:00:00,54.6083634850977,56.00631782547582,137.67853144635052
A5,2025-12-06 13:00:00,54.9593111147284,56.00631782547582,137.67853144635052
A5,2025-12-06 14:00:00,54.8402530867673,56.00631782547582,137.67853144635052
A5,2025-12-06 15:00:00,54.6807114455173,56.00631782547582,137.67853144635052
A5,2025-12-06 16:00:00,54.8247841867904,56.00631782547582,137.67853144635052
A5,2025-12-06 17:00:00,54.5930079283763,56.00631782547582,137.67853144635052
A5,2025-12-06 18:00:00,54.6418898222161,56.00631782547582,137.67853144635052
A5,2025-12-06 19:00:00,55.0334229803012,56.00631782547582,137.67853144635052
A5,2025-12-06 20:00:00,54.3493932340555,56.00631782547582,137.67853144635052
A5,2025-12-06 21:00:00,55.1165793276377,56.00631782547582,137.67853144635052
A5,2025-12-06 22:00:00,54.5039922933598,56.00631782547582,137.67853144635052
A5,2025-12-06 23:00:00,54.585437111377,56.00631782547582,137.67853144635052
A5,2025-12-07 00:00:00,54.1052158550735,56.00631782547582,137.67853144635052
A5,2025-12-07 01:00:00,54.028385553041,56.00631782547582,137.67853144635052
A5,2025-12-07 02:00:00,54.1183914164375,56.00631782547582,137.67853144635052
A5,2025-12-07 03:00:00,54.004119661716,56.00631782547582,137.67853144635052
A5,2025-12-07 04:00:00,54.1762464062262,56.00631782547582,137.67853144635052
A5,2025-12-07 06:00:00,54.1556624133849,56.00631782547582,137.67853144635052
A5,2025-12-07 07:00:00,53.9750663131845,56.00631782547582,137.67853144635052
A5,2025-12-07 08:00:00,54.2333170737878,56.00631782547582,137.67853144635052
A5,2025-12-07 09:00:00,54.1743674625471,56.00631782547582,137.67853144635052
A5,2025-12-07 10:00:00,54.0811403105351,56.00631782547582,137.67853144635052
A5,2025-12-07 11:00:00,53.9355964288233,56.00631782547582,137.67853144635052
A5,2025-12-07 12:00:00,54.0881976437369,56.00631782547582,137.67853144635052
A5,2025-12-07 13:00:00,54.3913891004695,56.00631782547582,137.67853144635052
A5,2025-12-07 14:00:00,53.9020378213233,56.00631782547582,137.67853144635052
A5,2025-12-07 15:00:00,54.0288279069463,56.00631782547582,137.67853144635052
A5,2025-12-07 16:00:00,54.1774781954136,56.00631782547582,137.67853144635052
A5,2025-12-07 17:00:00,53.9158856618159,56.00631782547582,137.67853144635052
A5,2025-12-07 18:00:00,53.7220715904326,56.00631782547582,137.67853144635052
A5,2025-12-07 19:00:00,54.006187460711,56.00631782547582,137.67853144635052
A5,2025-12-07 20:00:00,54.252154947457,56.00631782547582,137.67853144635052
A5,2025-12-08 08:00:00,53.8611294798835,56.00631782547582,137.67853144635052
A5,2025-12-08 09:00:00,53.4848228366802,56.00631782547582,137.67853144635052
A5,2025-12-08 10:00:00,53.4320014557042,56.00631782547582,137.67853144635052
A5,2025-12-08 11:00:00,53.9297148128109,56.00631782547582,137.67853144635052
A5,2025-12-08 12:00:00,54.0329083843641,56.00631782547582,137.67853144635052
A5,2025-12-08 13:00:00,53.8437071597484,56.00631782547582,137.67853144635052
A5,2025-12-08 14:00:00,53.4726282299279,56.00631782547582,137.67853144635052
A5,2025-12-08 15:00:00,53.8488263760962,56.00631782547582,137.67853144635052
A5,2025-12-08 16:00:00,53.7850051214044,56.00631782547582,137.67853144635052
A5,2025-12-08 17:00:00,53.757806335301,56.00631782547582,137.67853144635052
A5,2025-12-08 18:00:00,53.5360939190332,56.00631782547582,137.67853144635052
A5,2025-12-08 19:00:00,53.2734134809039,56.00631782547582,137.67853144635052
A5,2025-12-08 20:00:00,53.7376862640903,56.00631782547582,137.67853144635052
A5,2025-12-08 21:00:00,53.6755900446033,56.00631782547582,137.67853144635052
A5,2025-12-08 22:00:00,53.8655569269092,56.00631782547582,137.67853144635052
A5,2025-12-08 23:00:00,53.8348558823346,56.00631782547582,137.67853144635052
A5,2025-12-09 00:00:00,53.0664977397991,56.00631782547582,137.67853144635052
A5,2025-12-09 01:00:00,53.4580563695783,56.00631782547582,137.67853144635052
A5,2025-12-09 02:00:00,53.6108949626373,56.00631782547582,137.67853144635052
A5,2025-12-09 03:00:00,53.3912367321871,56.00631782547582,137.67853144635052
A5,2025-12-09 04:00:00,53.1734838328863,56.00631782547582,137.67853144635052
A5,2025-12-09 05:00:00,53.3941053464255,56.00631782547582,137.67853144635052
A5,2025-12-09 06:00:00,53.4079238071294,56.00631782547582,137.67853144635052
A5,2025-12-09 08:00:00,53.2941673165988,56.00631782547582,137.67853144635052
A5,2025-12-09 09:00:00,53.4018307035149,56.00631782547582,137.67853144635052
A5,2025-12-09 11:00:00,53.5461677212258,56.00631782547582,137.67853144635052
A5,2025-12-09 12:00:00,53.2769920311566,56.00631782547582,137.67853144635052
A5,2025-12-09 13:00:00,53.4729129809581,56.00631782547582,137.67853144635052
A5,2025-12-09 14:00:00,53.61195932787,56.00631782547582,137.67853144635052
A5,2025-12-09 15:00:00,53.4056626294253,56.00631782547582,137.67853144635052
A5,2025-12-09 16:00:00,53.6801904668403,56.00631782547582,137.67853144635052
A5,2025-12-09 17:00:00,53.3485279094875,56.00631782547582,137.67853144635052
A5,2025-12-09 18:00:00,53.7264441431984,56.00631782547582,137.67853144635052
A5,2025-12-09 19:00:00,53.3812346715438,56.00631782547582,137.67853144635052
A5,2025-12-09 20:00:00,53.1010102701523,56.00631782547582,137.67853144635052
A5,2025-12-09 21:00:00,53.1388338019369,56.00631782547582,137.67853144635052
A5,2025-12-09 22:00:00,52.9982535598218,56.00631782547582,137.67853144635052
A5,2025-12-09 23:00:00,53.2029471732878,56.00631782547582,137.67853144635052
A5,2025-12-10 00:00:00,52.5380334199378,56.00631782547582,137.67853144635052
A5,2025-12-10 01:00:00,52.4363285660322,56.00631782547582,137.67853144635052
A5,2025-12-10 02:00:00,52.6417950769895,56.00631782547582,137.67853144635052
A5,2025-12-10 03:00:00,52.553077154711,56.00631782547582,137.67853144635052
A5,2025-12-10 04:00:00,50.115105508324,56.00631782547582,137.67853144635052
A5,2025-12-10 05:00:00,52.5174782006102,56.00631782547582,137.67853144635052
A5,2025-12-10 06:00:00,52.6662193012759,56.00631782547582,137.67853144635052
A5,2025-12-10 07:00:00,52.6940956481772,56.00631782547582,137.67853144635052
A5,2025-12-10 08:00:00,52.8514082784075,56.00631782547582,137.67853144635052
A5,2025-12-10 09:00:00,52.2869082578426,56.00631782547582,137.67853144635052
A5,2025-12-10 10:00:00,52.3885187407787,56.00631782547582,137.67853144635052
A5,2025-12-10 11:00:00,52.8064352022628,56.00631782547582,137.67853144635052
A5,2025-12-10 12:00:00,52.7291405643616,56.00631782547582,137.67853144635052
A5,2025-12-10 13:00:00,52.4814601711357,56.00631782547582,137.67853144635052
A5,2025-12-10 14:00:00,52.7448426637793,56.00631782547582,137.67853144635052
A5,2025-12-10 15:00:00,52.4093146537516,56.00631782547582,137.67853144635052
A5,2025-12-10 16:00:00,52.5610759460437,56.00631782547582,137.67853144635052
A5,2025-12-10 17:00:00,52.6657655393452,56.00631782547582,137.67853144635052
A5,2025-12-10 18:00:00,52.5243782529565,56.00631782547582,137.67853144635052
A5,2025-12-10 19:00:00,52.2909107237666,56.00631782547582,137.67853144635052
A5,2025-12-10 20:00:00,52.3718866155435,56.00631782547582,137.67853144635052
A5,2025-12-10 21:00:00,52.4075574716519,56.00631782547582,137.67853144635052
A5,2025-12-10 22:00:00,52.6106641619514,56.00631782547582,137.67853144635052
A5,2025-12-10 23:00:00,52.6037810923946,56.00631782547582,137.67853144635052
A5,2025-12-11 00:00:00,52.3073067453481,56.00631782547582,137.67853144635052
A5,2025-12-11 01:00:00,51.7420894785087,56.00631782547582,137.67853144635052
A5,2025-12-11 02:00:00,51.9941135678434,56.00631782547582,137.67853144635052
A5,2025-12-11 03:00:00,51.6594034422008,56.00631782547582,137.67853144635052
A5,2025-12-11 04:00:00,52.0594160266718,56.00631782547582,137.67853144635052
A5,2025-12-11 05:00:00,52.1799262803721,56.00631782547582,137.67853144635052
A5,2025-12-11 08:00:00,51.9218791355285,56.00631782547582,137.67853144635052
A5,2025-12-11 09:00:00,52.1689616994746,56.00631782547582,137.67853144635052
A5,2025-12-11 10:00:00,52.1651165627125,56.00631782547582,137.67853144635052
A5,2025-12-11 11:00:00,52.0741947987006,56.00631782547582,137.67853144635052
A5,2025-12-11 12:00:00,51.8726125763587,56.00631782547582,137.67853144635052
A5,2025-12-11 13:00:00,52.2991432381586,56.00631782547582,137.67853144635052
A5,2025-12-11 14:00:00,51.7350509380044,56.00631782547582,137.67853144635052
A5,2025-12-11 15:00:00,51.8837358128716,56.00631782547582,137.67853144635052
A5,2025-12-11 16:00:00,51.8874010346889,56.00631782547582,137.67853144635052
A5,2025-12-11 17:00:00,51.7063410280438,56.00631782547582,137.67853144635052
A5,2025-12-11 18:00:00,52.3015188100343,56.00631782547582,137.67853144635052
A5,2025-12-11 19:00:00,52.128114593738,56.00631782547582,137.67853144635052
A5,2025-12-11 20:00:00,51.7837966892446,56.00631782547582,137.67853144635052
A5,2025-12-11 22:00:00,52.0265427245973,56.00631782547582,137.67853144635052
A5,2025-12-12 09:00:00,51.1930293315118,56.00631782547582,137.67853144635052
A5,2025-12-12 10:00:00,51.4278295172605,56.00631782547582,137.67853144635052
A5,2025-12-12 11:00:00,51.1072815612309,56.00631782547582,137.67853144635052
A5,2025-12-12 14:00:00,51.5111446478354,56.00631782547582,137.67853144635052
A5,2025-12-12 15:00:00,51.2363896660123,56.00631782547582,137.67853144635052
A5,2025-12-12 16:00:00,51.1860608858125,56.00631782547582,137.67853144635052
A5,2025-12-12 17:00:00,51.3071611386242,56.00631782547582,137.67853144635052
A5,2025-12-12 18:00:00,51.686954354053,56.00631782547582,137.67853144635052
A5,2025-12-12 19:00:00,51.3940360458696,56.00631782547582,137.67853144635052
A5,2025-12-12 20:00:00,51.1260792106907,56.00631782547582,137.67853144635052
A5,2025-12-12 21:00:00,51.4333739153553,56.00631782547582,137.67853144635052
A5,2025-12-12 22:00:00,51.7195055507166,56.00631782547582,137.67853144635052
A5,2025-12-12 23:00:00,51.3531045754583,56.00631782547582,137.67853144635052
A5,2025-12-13 00:00:00,51.0327996600565,56.00631782547582,137.67853144635052
A5,2025-12-13 01:00:00,51.3377131728181,56.00631782547582,137.67853144635052
A5,2025-12-13 02:00:00,50.965529304782,56.00631782547582,137.67853144635052
A5,2025-12-13 03:00:00,51.0570213151066,56.00631782547582,137.67853144635052
A5,2025-12-13 04:00:00,51.1868492908757,56.00631782547582,137.67853144635052
A5,2025-12-13 05:00:00,51.2120228813519,56.00631782547582,137.67853144635052
A5,2025-12-13 06:00:00,51.3442922702102,56.00631782547582,137.67853144635052
A5,2025-12-13 07:00:00,51.255624439043,56.00631782547582,137.67853144635052
A5,2025-12-13 11:00:00,50.9602886763376,56.00631782547582,137.67853144635052
A5,2025-12-13 12:00:00,51.1832871813393,56.00631782547582,137.67853144635052
A5,2025-12-13 13:00:00,51.2156706439576,56.00631782547582,137.67853144635052
A5,2025-12-13 14:00:00,51.4597686514805,56.00631782547582,137.67853144635052
A5,2025-12-13 15:00:00,51.3704096070946,56.00631782547582,137.67853144635052
A5,2025-12-13 16:00:00,51.5881383127763,56.00631782547582,137.67853144635052
A5,2025-12-13 17:00:00,51.0809496959748,56.00631782547582,137.67853144635052
A5,2025-12-13 18:00:00,50.8148025277749,56.00631782547582,137.67853144635052
A5,2025-12-13 19:00:00,51.0721910856941,56.00631782547582,137.67853144635052
A5,2025-12-13 20:00:00,51.0679618657714,56.00631782547582,137.67853144635052
A5,2025-12-13 21:00:00,51.0169053291068,56.00631782547582,137.67853144635052
A5,2025-12-13 22:00:00,51.1993832549375,56.00631782547582,137.67853144635052
A5,2025-12-13 23:00:00,51.2230542259297,56.00631782547582,137.67853144635052
A5,2025-12-14 00:00:00,50.6395288493586,56.00631782547582,137.67853144635052
A5,2025-12-14 01:00:00,50.3621314256217,56.00631782547582,137.67853144635052
A5,2025-12-14 02:00:00,50.4971513631375,56.00631782547582,137.67853144635052
A5,2025-12-14 03:00:00,50.3050915446165,56.00631782547582,137.67853144635052
A5,2025-12-14 04:00:00,50.6863211451608,56.00631782547582,137.67853144635052
A5,2025-12-14 05:00:00,50.8692479407617,56.00631782547582,137.67853144635052
A5,2025-12-14 06:00:00,50.5623640837644,56.00631782547582,137.67853144635052
A5,2025-12-14 07:00:00,50.4852323603902,56.00631782547582,137.67853144635052
A5,2025-12-14 08:00:00,50.3603223092747,56.00631782547582,137.67853144635052
A5,2025-12-14 09:00:00,50.7851574011516,56.00631782547582,137.67853144635052
A5,2025-12-14 10:00:00,50.2178092706372,56.00631782547582,137.67853144635052
A5,2025-12-14 11:00:00,50.5803835928236,56.00631782547582,137.67853144635052
A5,2025-12-14 12:00:00,50.7569026086653,56.00631782547582,137.67853144635052
A5,2025-12-14 13:00:00,50.5359850592216,56.00631782547582,137.67853144635052
A5,2025-12-14 14:00:00,50.4427453346128,56.00631782547582,137.67853144635052
A5,2025-12-14 15:00:00,35.8719153792366,56.00631782547582,137.67853144635052
A5,2025-12-14 16:00:00,50.5672405502686,56.00631782547582,137.67853144635052
A5,2025-12-14 17:00:00,50.2923422465684,56.00631782547582,137.67853144635052
A5,2025-12-14 18:00:00,50.9465943831751,56.00631782547582,137.67853144635052
A5,2025-12-14 19:00:00,50.4066994555398,56.00631782547582,137.67853144635052
A5,2025-12-14 20:00:00,50.6853259554333,56.00631782547582,137.67853144635052
A5,2025-12-14 21:00:00,50.2155012872147,56.00631782547582,137.67853144635052
A5,2025-12-14 22:00:00,50.7559594005106,56.00631782547582,137.67853144635052
A5,2025-12-14 23:00:00,50.9164556518925,56.00631782547582,137.67853144635052
A5,2025-12-15 00:00:00,50.6541989224112,56.00631782547582,137.67853144635052
A5,2025-12-15 01:00:00,50.5533476937466,56.00631782547582,137.67853144635052
A5,2025-12-15 02:00:00,50.7861518467247,56.00631782547582,137.67853144635052
A5,2025-12-15 03:00:00,50.4279030331505,56.00631782547582,137.67853144635052
A5,2025-12-15 04:00:00,50.6062777404893,56.00631782547582,137.67853144635052
A5,2025-12-15 05:00:00,50.7278899815836,56.00631782547582,137.67853144635052
A5,2025-12-15 06:00:00,50.6220461138761,56.00631782547582,137.67853144635052
A5,2025-12-15 07:00:00,50.3902140722466,56.00631782547582,137.67853144635052
A5,2025-12-15 08:00:00,50.7430419116978,56.00631782547582,137.67853144635052
A5,2025-12-15 09:00:00,50.3522627807479,56.00631782547582,137.67853144635052
A5,2025-12-15 10:00:00,50.5502230373095,56.00631782547582,137.67853144635052
A5,2025-12-15 11:00:00,50.5341138590653,56.00631782547582,137.67853144635052
A5,2025-12-15 12:00:00,50.3932770127985,56.00631782547582,137.67853144635052
A5,2025-12-15 13:00:00,50.4602095121359,56.00631782547582,137.67853144635052
A5,2025-12-15 14:00:00,50.4100840196904,56.00631782547582,137.67853144635052
A5,2025-12-15 15:00:00,50.2576263383853,56.00631782547582,137.67853144635052
A5,2025-12-15 16:00:00,51.0899863823272,56.00631782547582,137.67853144635052
A5,2025-12-15 17:00:00,50.5968034207095,56.00631782547582,137.67853144635052
A5,2025-12-15 18:00:00,50.3934337161725,56.00631782547582,137.67853144635052
A5,2025-12-15 19:00:00,50.4699697875144,56.00631782547582,137.67853144635052
A5,2025-12-15 20:00:00,50.3829624517009,56.00631782547582,137.67853144635052
A5,2025-12-15 21:00:00,50.6544623431643,56.00631782547582,137.67853144635052
A5,2025-12-15 22:00:00,50.5124452662064,56.00631782547582,137.67853144635052
A5,2025-12-15 23:00:00,50.6562323700477,56.00631782547582,137.67853144635052
A5,2025-12-16 00:00:00,50.0117106891762,56.00631782547582,137.67853144635052
A5,2025-12-16 11:00:00,50.474334647182,56.00631782547582,137.67853144635052
A5,2025-12-16 12:00:00,50.335879016467,56.00631782547582,137.67853144635052
A5,2025-12-16 13:00:00,50.4640269895536,56.00631782547582,137.67853144635052
A5,2025-12-16 14:00:00,50.2102011229335,56.00631782547582,137.67853144635052
A5,2025-12-16 15:00:00,49.9380055989366,56.00631782547582,137.67853144635052
A5,2025-12-16 16:00:00,50.3180102862097,56.00631782547582,137.67853144635052
A5,2025-12-16 17:00:00,49.8772465549307,56.00631782547582,137.67853144635052
A5,2025-12-16 18:00:00,50.2909231356915,56.00631782547582,137.67853144635052
A5,2025-12-16 19:00:00,50.0632588958961,56.00631782547582,137.67853144635052
A5,2025-12-16 20:00:00,50.2258151404367,56.00631782547582,137.67853144635052
A5,2025-12-16 21:00:00,50.2515171127402,56.00631782547582,137.67853144635052
A5,2025-12-16 22:00:00,50.1268448098203,56.00631782547582,137.67853144635052
A5,2025-12-16 23:00:00,50.3554619186117,56.00631782547582,137.67853144635052
A5,2025-12-17 00:00:00,49.6468207975723,56.00631782547582,137.67853144635052
A5,2025-12-17 01:00:00,49.1927135247273,56.00631782547582,137.67853144635052
A5,2025-12-17 02:00:00,49.5293638618981,56.00631782547582,137.67853144635052
A5,2025-12-17 03:00:00,49.2801571557535,56.00631782547582,137.67853144635052
A5,2025-12-17 04:00:00,49.2901551517467,56.00631782547582,137.67853144635052
A5,2025-12-17 05:00:00,49.2421267126873,56.00631782547582,137.67853144635052
A5,2025-12-17 06:00:00,49.4304484466066,56.00631782547582,137.67853144635052
A5,2025-12-17 07:00:00,49.3536056352933,56.00631782547582,137.67853144635052
A5,2025-12-17 08:00:00,49.4935609533936,56.00631782547582,137.67853144635052
A5,2025-12-17 09:00:00,49.1132110455907,56.00631782547582,137.67853144635052
A5,2025-12-17 10:00:00,49.6724829111275,56.00631782547582,137.67853144635052
A5,2025-12-17 15:00:00,49.1643365105184,56.00631782547582,137.67853144635052
A5,2025-12-17 16:00:00,49.3846014003901,56.00631782547582,137.67853144635052
A5,2025-12-17 17:00:00,49.1988672145653,56.00631782547582,137.67853144635052
A5,2025-12-17 18:00:00,49.084001645696,56.00631782547582,137.67853144635052
A5,2025-12-17 19:00:00,49.7004335830852,56.00631782547582,137.67853144635052
A5,2025-12-17 20:00:00,49.4125963363033,56.00631782547582,137.67853144635052
A5,2025-12-17 21:00:00,49.3307748336592,56.00631782547582,137.67853144635052
A5,2025-12-17 22:00:00,49.2742969398834,56.00631782547582,137.67853144635052
A5,2025-12-17 23:00:00,49.4833688883554,56.00631782547582,137.67853144635052
A5,2025-12-18 00:00:00,48.9587845573653,56.00631782547582,137.67853144635052
A5,2025-12-18 01:00:00,49.0708716146238,56.00631782547582,137.67853144635052
A5,2025-12-18 02:00:00,49.0421286321129,56.00631782547582,137.67853144635052
A5,2025-12-18 03:00:00,49.1730519301831,56.00631782547582,137.67853144635052
A5,2025-12-18 04:00:00,49.3242914006648,56.00631782547582,137.67853144635052
A5,2025-12-18 05:00:00,48.7179089977011,56.00631782547582,137.67853144635052
A5,2025-12-18 06:00:00,49.0371242683387,56.00631782547582,137.67853144635052
A5,2025-12-18 07:00:00,49.1554074459001,56.00631782547582,137.67853144635052
A5,2025-12-18 08:00:00,48.9729937783606,56.00631782547582,137.67853144635052
A5,2025-12-18 09:00:00,48.7323537333238,56.00631782547582,137.67853144635052
A5,2025-12-18 10:00:00,48.9911095779987,56.00631782547582,137.67853144635052
A5,2025-12-18 11:00:00,48.9109616898015,56.00631782547582,137.67853144635052
A5,2025-12-18 12:00:00,49.0876944492297,56.00631782547582,137.67853144635052
A5,2025-12-18 13:00:00,49.1692331506122,56.00631782547582,137.67853144635052
A5,2025-12-18 14:00:00,48.6540317764015,56.00631782547582,137.67853144635052
A5,2025-12-18 15:00:00,49.2134639766265,56.00631782547582,137.67853144635052
A5,2025-12-18 16:00:00,49.1563821000925,56.00631782547582,137.67853144635052
A5,2025-12-18 17:00:00,49.4104542756293,56.00631782547582,137.67853144635052
A5,2025-12-18 18:00:00,48.9042223498218,56.00631782547582,137.67853144635052
A5,2025-12-18 19:00:00,49.4880144715365,56.00631782547582,137.67853144635052
A5,2025-12-18 20:00:00,49.0024739149253,56.00631782547582,137.67853144635052
A5,2025-12-18 21:00:00,48.6252048555258,56.00631782547582,137.67853144635052
A5,2025-12-18 22:00:00,48.5468160159891,56.00631782547582,137.67853144635052
A5,2025-12-18 23:00:00,49.092190632438,56.00631782547582,137.67853144635052
A5,2025-12-19 00:00:00,48.8153461016182,56.00631782547582,137.67853144635052
A5,2025-12-19 02:00:00,48.5112035234847,56.00631782547582,137.67853144635052
A5,2025-12-19 03:00:00,48.3330006868489,56.00631782547582,137.67853144635052
A5,2025-12-19 04:00:00,48.4073184108153,56.00631782547582,137.67853144635052
A5,2025-12-19 05:00:00,48.5675259524707,56.00631782547582,137.67853144635052
A5,2025-12-19 06:00:00,48.3803652123735,56.00631782547582,137.67853144635052
A5,2025-12-19 07:00:00,48.2743586256065,56.00631782547582,137.67853144635052
A5,2025-12-19 08:00:00,48.557610950002,56.00631782547582,137.67853144635052
A5,2025-12-19 09:00:00,48.7016980756751,56.00631782547582,137.67853144635052
A5,2025-12-19 10:00:00,48.6653618171819,56.00631782547582,137.67853144635052
A5,2025-12-19 11:00:00,48.4518537491236,56.00631782547582,137.67853144635052
A5,2025-12-19 12:00:00,48.7097167837957,56.00631782547582,137.67853144635052
A5,2025-12-19 13:00:00,48.6918797734799,56.00631782547582,137.67853144635052
A5,2025-12-19 14:00:00,48.604206009567,56.00631782547582,137.67853144635052
A5,2025-12-19 15:00:00,48.7414761641894,56.00631782547582,137.67853144635052
A5,2025-12-19 16:00:00,48.5810615564283,56.00631782547582,137.67853144635052
A5,2025-12-19 17:00:00,48.4916792915263,56.00631782547582,137.67853144635052
A5,2025-12-19 18:00:00,48.5122552672468,56.00631782547582,137.67853144635052
A5,2025-12-19 19:00:00,48.6685951833079,56.00631782547582,137.67853144635052
A5,2025-12-19 20:00:00,48.7415145525386,56.00631782547582,137.67853144635052
A5,2025-12-19 21:00:00,48.4153689746759,56.00631782547582,137.67853144635052
A5,2025-12-19 22:00:00,48.8466760370704,56.00631782547582,137.67853144635052
A5,2025-12-19 23:00:00,48.7643597435274,56.00631782547582,137.67853144635052
A5,2025-12-20 00:00:00,48.0078235702621,56.00631782547582,137.67853144635052
A5,2025-12-20 01:00:00,48.0965516076458,56.00631782547582,137.67853144635052
A5,2025-12-20 02:00:00,47.8007360417701,56.00631782547582,137.67853144635052
A5,2025-12-20 03:00:00,47.9593893004798,56.00631782547582,137.67853144635052
A5,2025-12-20 04:00:00,48.199515087358,56.00631782547582,137.67853144635052
A5,2025-12-20 05:00:00,48.236769949561,56.00631782547582,137.67853144635052
A5,2025-12-20 06:00:00,48.0233946550927,56.00631782547582,137.67853144635052
A5,2025-12-20 07:00:00,48.0794206547256,56.00631782547582,137.67853144635052
A5,2025-12-20 08:00:00,47.7618037960801,56.00631782547582,137.67853144635052
A5,2025-12-20 09:00:00,48.0975975079432,56.00631782547582,137.67853144635052
A5,2025-12-20 10:00:00,47.7909023090095,56.00631782547582,137.67853144635052
A5,2025-12-20 11:00:00,47.728149253631,56.00631782547582,137.67853144635052
A5,2025-12-20 13:00:00,48.0705861237494,56.00631782547582,137.67853144635052
A5,2025-12-20 14:00:00,47.9654456450313,56.00631782547582,137.67853144635052
A5,2025-12-20 15:00:00,47.3442186196053,56.00631782547582,137.67853144635052
A5,2025-12-20 16:00:00,48.0276320456181,56.00631782547582,137.67853144635052
A5,2025-12-20 17:00:00,47.9262823454295,56.00631782547582,137.67853144635052
A5,2025-12-20 18:00:00,48.1259117707849,56.00631782547582,137.67853144635052
A5,2025-12-20 19:00:00,47.8936895474322,56.00631782547582,137.67853144635052
A5,2025-12-20 20:00:00,47.672804424273,56.00631782547582,137.67853144635052
A5,2025-12-20 21:00:00,48.0313992199312,56.00631782547582,137.67853144635052
A5,2025-12-20 22:00:00,47.8197415437442,56.00631782547582,137.67853144635052
A5,2025-12-20 23:00:00,48.1760564926729,56.00631782547582,137.67853144635052
A5,2025-12-21 00:00:00,46.9434970030448,56.00631782547582,137.67853144635052
A5,2025-12-21 11:00:00,47.3283779395602,56.00631782547582,137.67853144635052
A5,2025-12-21 12:00:00,47.2595495519164,56.00631782547582,137.67853144635052
A5,2025-12-21 13:00:00,47.4455381470196,56.00631782547582,137.67853144635052
A5,2025-12-21 14:00:00,47.8295519607595,56.00631782547582,137.67853144635052
A5,2025-12-21 15:00:00,47.2086191116106,56.00631782547582,137.67853144635052
A5,2025-12-21 16:00:00,47.4368050287279,56.00631782547582,137.67853144635052
A5,2025-12-21 17:00:00,47.662849345682,56.00631782547582,137.67853144635052
A5,2025-12-21 18:00:00,47.347883844239,56.00631782547582,137.67853144635052
A5,2025-12-21 19:00:00,47.1653913812151,56.00631782547582,137.67853144635052
A5,2025-12-21 20:00:00,47.5345022643799,56.00631782547582,137.67853144635052
A5,2025-12-21 21:00:00,47.5213886356474,56.00631782547582,137.67853144635052
A5,2025-12-21 22:00:00,47.1678489086828,56.00631782547582,137.67853144635052
A5,2025-12-21 23:00:00,47.3592065667494,56.00631782547582,137.67853144635052
A5,2025-12-22 00:00:00,46.4425442275205,56.00631782547582,137.67853144635052
A5,2025-12-22 01:00:00,46.9493551052943,56.00631782547582,137.67853144635052
A5,2025-12-22 02:00:00,51.8260850094651,56.00631782547582,137.67853144635052
A5,2025-12-22 03:00:00,46.5843565426156,56.00631782547582,137.67853144635052
A5,2025-12-22 04:00:00,46.9225853083303,56.00631782547582,137.67853144635052
A5,2025-12-22 05:00:00,46.4680315593969,56.00631782547582,137.67853144635052
A5,2025-12-22 06:00:00,46.8181984737824,56.00631782547582,137.67853144635052
A5,2025-12-22 07:00:00,47.1495336869732,56.00631782547582,137.67853144635052
A5,2025-12-22 08:00:00,46.4636394033955,56.00631782547582,137.67853144635052
A5,2025-12-22 09:00:00,46.9645521259043,56.00631782547582,137.67853144635052
A5,2025-12-22 10:00:00,46.6269101963378,56.00631782547582,137.67853144635052
A5,2025-12-22 11:00:00,46.7443587153029,56.00631782547582,137.67853144635052
A5,2025-12-22 12:00:00,46.7645041867374,56.00631782547582,137.67853144635052
A5,2025-12-22 13:00:00,46.4824875339673,56.00631782547582,137.67853144635052
A5,2025-12-22 14:00:00,46.8226217711326,56.00631782547582,137.67853144635052
A5,2025-12-22 15:00:00,46.6266471728071,56.00631782547582,137.67853144635052
A5,2025-12-22 16:00:00,46.8765359310515,56.00631782547582,137.67853144635052
A5,2025-12-22 17:00:00,46.7552405415148,56.00631782547582,137.67853144635052
A5,2025-12-22 18:00:00,46.5951771692712,56.00631782547582,137.67853144635052
A5,2025-12-22 19:00:00,46.7245831878729,56.00631782547582,137.67853144635052
A5,2025-12-22 20:00:00,46.8567536424562,56.00631782547582,137.67853144635052
A5,2025-12-22 21:00:00,46.6764934965014,56.00631782547582,137.67853144635052
A5,2025-12-22 22:00:00,46.7523648902345,56.00631782547582,137.67853144635052
A5,2025-12-22 23:00:00,46.809967232077,56.00631782547582,137.67853144635052
A5,2025-12-23 00:00:00,45.8421499298933,56.00631782547582,137.67853144635052
A5,2025-12-23 01:00:00,45.7471301179969,56.00631782547582,137.67853144635052
A5,2025-12-23 02:00:00,45.7429727652049,56.00631782547582,137.67853144635052
A5,2025-12-23 03:00:00,45.568897950587,56.00631782547582,137.67853144635052
A5,2025-12-23 04:00:00,46.3948879398571,56.00631782547582,137.67853144635052
A5,2025-12-23 05:00:00,45.8161799461165,56.00631782547582,137.67853144635052
A5,2025-12-23 06:00:00,49.2649881459511,56.00631782547582,137.67853144635052
A5,2025-12-23 07:00:00,45.8730456329286,56.00631782547582,137.67853144635052
A5,2025-12-23 08:00:00,46.2276424853707,56.00631782547582,137.67853144635052
A5,2025-12-23 09:00:00,45.9152737338806,56.00631782547582,137.67853144635052
A5,2025-12-23 10:00:00,45.7440735100908,56.00631782547582,137.67853144635052
A5,2025-12-23 12:00:00,46.2009777163922,56.00631782547582,137.67853144635052
A5,2025-12-23 13:00:00,46.3085457492186,56.00631782547582,137.67853144635052
A5,2025-12-23 14:00:00,46.9918339392463,56.00631782547582,137.67853144635052
A5,2025-12-23 15:00:00,45.9619168398506,56.00631782547582,137.67853144635052
A5,2025-12-23 16:00:00,46.1827705755128,56.00631782547582,137.67853144635052
A5,2025-12-23 17:00:00,46.2531840860533,56.00631782547582,137.67853144635052
A5,2025-12-23 18:00:00,45.7722154445248,56.00631782547582,137.67853144635052
A5,2025-12-23 19:00:00,45.5053703259583,56.00631782547582,137.67853144635052
A5,2025-12-23 20:00:00,46.2287027552117,56.00631782547582,137.67853144635052
A5,2025-12-23 21:00:00,46.4332984248086,56.00631782547582,137.67853144635052
A5,2025-12-23 22:00:00,46.0179691092666,56.00631782547582,137.67853144635052
A5,2025-12-23 23:00:00,46.3085356798399,56.00631782547582,137.67853144635052
A5,2025-12-24 00:00:00,45.7134326803291,56.00631782547582,137.67853144635052
A5,2025-12-24 01:00:00,45.1579567346277,56.00631782547582,137.67853144635052
A5,2025-12-24 02:00:00,45.5971338297829,56.00631782547582,137.67853144635052
A5,2025-12-24 03:00:00,45.5929543076713,56.00631782547582,137.67853144635052
A5,2025-12-24 04:00:00,45.7307265092933,56.00631782547582,137.67853144635052
A5,2025-12-24 05:00:00,45.3311371010964,56.00631782547582,137.67853144635052
A5,2025-12-24 06:00:00,45.4760874197349,56.00631782547582,137.67853144635052
A5,2025-12-24 07:00:00,45.6364090548408,56.00631782547582,137.67853144635052
A5,2025-12-24 08:00:00,45.9564781537157,56.00631782547582,137.67853144635052
A5,2025-12-24 09:00:00,45.5111446356839,56.00631782547582,137.67853144635052
A5,2025-12-24 10:00:00,45.5186118188064,56.00631782547582,137.67853144635052
A5,2025-12-24 11:00:00,45.3868162495892,56.00631782547582,137.67853144635052
A5,2025-12-24 12:00:00,44.9581672867037,56.00631782547582,137.67853144635052
A5,2025-12-24 13:00:00,45.6042091634505,56.00631782547582,137.67853144635052
A5,2025-12-24 14:00:00,45.5452834326067,56.00631782547582,137.67853144635052
A5,2025-12-24 15:00:00,45.402451386947,56.00631782547582,137.67853144635052
A5,2025-12-24 16:00:00,45.397210965506,56.00631782547582,137.67853144635052
A5,2025-12-24 17:00:00,41.8334607711989,56.00631782547582,137.67853144635052
A5,2025-12-24 18:00:00,45.2410355085943,56.00631782547582,137.67853144635052
A5,2025-12-24 19:00:00,45.4033287626187,56.00631782547582,137.67853144635052
A5,2025-12-24 20:00:00,45.4037077177062,56.00631782547582,137.67853144635052
A5,2025-12-25 07:00:00,44.9961854385741,56.00631782547582,137.67853144635052
A5,2025-12-25 08:00:00,45.1550033501684,56.00631782547582,137.67853144635052
A5,2025-12-25 15:00:00,44.8524577712201,56.00631782547582,137.67853144635052
A5,2025-12-25 16:00:00,44.8732241716588,56.00631782547582,137.67853144635052
A5,2025-12-25 17:00:00,44.9489556208538,56.00631782547582,137.67853144635052
A5,2025-12-25 18:00:00,44.896545349299,56.00631782547582,137.67853144635052
A5,2025-12-25 19:00:00,44.7740884508886,56.00631782547582,137.67853144635052
A5,2025-12-25 20:00:00,44.7061559320441,56.00631782547582,137.67853144635052
A5,2025-12-25 21:00:00,44.665061164302,56.00631782547582,137.67853144635052
A5,2025-12-25 22:00:00,44.5841939402578,56.00631782547582,137.67853144635052
A5,2025-12-25 23:00:00,44.8338096104314,56.00631782547582,137.67853144635052
A5,2025-12-26 00:00:00,44.5560841255154,56.00631782547582,137.67853144635052
A5,2025-12-26 01:00:00,44.6240732878167,56.00631782547582,137.67853144635052
A5,2025-12-26 02:00:00,45.0417343233311,56.00631782547582,137.67853144635052
A5,2025-12-26 03:00:00,45.0188711615113,56.00631782547582,137.67853144635052
A5,2025-12-26 04:00:00,44.392167941696,56.00631782547582,137.67853144635052
A5,2025-12-26 05:00:00,44.7521836307797,56.00631782547582,137.67853144635052
A5,2025-12-26 06:00:00,44.7834112376821,56.00631782547582,137.67853144635052
A5,2025-12-26 07:00:00,44.5367851431316,56.00631782547582,137.67853144635052
A5,2025-12-26 08:00:00,44.557868983432,56.00631782547582,137.67853144635052
A5,2025-12-26 09:00:00,44.8235608598245,56.00631782547582,137.67853144635052
A5,2025-12-26 10:00:00,44.5997375882172,56.00631782547582,137.67853144635052
A5,2025-12-26 11:00:00,44.6632204028091,56.00631782547582,137.67853144635052
A5,2025-12-26 12:00:00,44.6555209605954,56.00631782547582,137.67853144635052
A5,2025-12-26 13:00:00,44.7393479140856,56.00631782547582,137.67853144635052
A5,2025-12-26 14:00:00,44.8306308240108,56.00631782547582,137.67853144635052
A5,2025-12-26 15:00:00,45.0058875548222,56.00631782547582,137.67853144635052
A5,2025-12-26 16:00:00,44.7562799579582,56.00631782547582,137.67853144635052
A5,2025-12-26 17:00:00,44.8770811596534,56.00631782547582,137.67853144635052
A5,2025-12-26 18:00:00,44.1977017755283,56.00631782547582,137.67853144635052
A5,2025-12-26 19:00:00,44.4608191743264,56.00631782547582,137.67853144635052
A5,2025-12-26 20:00:00,44.7464421476634,56.00631782547582,137.67853144635052
A5,2025-12-26 21:00:00,44.877500806867,56.00631782547582,137.67853144635052
A5,2025-12-26 22:00:00,44.8781295539024,56.00631782547582,137.67853144635052
A5,2025-12-26 23:00:00,44.9157931859322,56.00631782547582,137.67853144635052
A5,2025-12-27 00:00:00,43.9917247635008,56.00631782547582,137.67853144635052
A5,2025-12-27 01:00:00,44.3135607641701,56.00631782547582,137.67853144635052
A5,2025-12-27 02:00:00,44.1779108018781,56.00631782547582,137.67853144635052
A5,2025-12-27 03:00:00,44.0772261320618,56.00631782547582,137.67853144635052
A5,2025-12-27 04:00:00,44.1645822438323,56.00631782547582,137.67853144635052
A5,2025-12-27 05:00:00,40.1755405094662,56.00631782547582,137.67853144635052
A5,2025-12-27 06:00:00,44.3455007231431,56.00631782547582,137.67853144635052
A5,2025-12-27 07:00:00,44.3264401962765,56.00631782547582,137.67853144635052
A5,2025-12-27 08:00:00,44.4478363624259,56.00631782547582,137.67853144635052
A5,2025-12-27 09:00:00,44.3783734978681,56.00631782547582,137.67853144635052
A5,2025-12-27 10:00:00,44.4262582958545,56.00631782547582,137.67853144635052
A5,2025-12-27 11:00:00,44.0515222356312,56.00631782547582,137.67853144635052
A5,2025-12-27 12:00:00,44.1445274781096,56.00631782547582,137.67853144635052
A5,2025-12-27 13:00:00,44.2750914363049,56.00631782547582,137.67853144635052
A5,2025-12-27 14:00:00,44.0226700435577,56.00631782547582,137.67853144635052
A5,2025-12-27 15:00:00,43.8674419589139,56.00631782547582,137.67853144635052
A5,2025-12-27 16:00:00,43.853725949548,56.00631782547582,137.67853144635052
A5,2025-12-27 17:00:00,44.3826974048484,56.00631782547582,137.67853144635052
A5,2025-12-27 18:00:00,44.1946359872086,56.00631782547582,137.67853144635052
A5,2025-12-27 19:00:00,44.4337653563021,56.00631782547582,137.67853144635052
A5,2025-12-27 20:00:00,44.2090356396736,56.00631782547582,137.67853144635052
A5,2025-12-27 21:00:00,44.3114489598654,56.00631782547582,137.67853144635052
A5,2025-12-27 22:00:00,44.2961555028024,56.00631782547582,137.67853144635052
A5,2025-12-27 23:00:00,44.4364848040118,56.00631782547582,137.67853144635052
A5,2025-12-28 00:00:00,43.3268004845797,56.00631782547582,137.67853144635052
A5,2025-12-28 01:00:00,43.5098911482581,56.00631782547582,137.67853144635052
A5,2025-12-28 02:00:00,43.501314041503,56.00631782547582,137.67853144635052
A5,2025-12-28 03:00:00,43.6860698245795,56.00631782547582,137.67853144635052
A5,2025-12-28 04:00:00,43.3103172143305,56.00631782547582,137.67853144635052
A5,2025-12-28 05:00:00,43.8202405710154,56.00631782547582,137.67853144635052
A5,2025-12-28 06:00:00,43.4877328320673,56.00631782547582,137.67853144635052
A5,2025-12-28 07:00:00,43.6962689538399,56.00631782547582,137.67853144635052
A5,2025-12-28 08:00:00,37.0981023952532,56.00631782547582,137.67853144635052
A5,2025-12-28 09:00:00,43.2168512214964,56.00631782547582,137.67853144635052
A5,2025-12-28 10:00:00,43.1986737018349,56.00631782547582,137.67853144635052
A5,2025-12-28 11:00:00,43.4083496063577,56.00631782547582,137.67853144635052
A5,2025-12-28 12:00:00,43.622346081615,56.00631782547582,137.67853144635052
A5,2025-12-28 13:00:00,43.5491982129257,56.00631782547582,137.67853144635052
A5,2025-12-28 14:00:00,43.7310101425881,56.00631782547582,137.67853144635052
A5,2025-12-28 15:00:00,43.4825057535401,56.00631782547582,137.67853144635052
A5,2025-12-28 16:00:00,43.6573950800696,56.00631782547582,137.67853144635052
A5,2025-12-28 17:00:00,43.474033067112,56.00631782547582,137.67853144635052
A5,2025-12-28 18:00:00,43.3721758201308,56.00631782547582,137.67853144635052
A5,2025-12-28 19:00:00,43.4789565081272,56.00631782547582,137.67853144635052
A5,2025-12-28 20:00:00,43.7577591206116,56.00631782547582,137.67853144635052
A5,2025-12-28 21:00:00,43.5689953967757,56.00631782547582,137.67853144635052
A5,2025-12-28 22:00:00,43.7603347335674,56.00631782547582,137.67853144635052
A5,2025-12-28 23:00:00,43.3224712843395,56.00631782547582,137.67853144635052
A5,2025-12-29 00:00:00,42.8857603162305,56.00631782547582,137.67853144635052
A5,2025-12-29 01:00:00,42.8372527918903,56.00631782547582,137.67853144635052
A5,2025-12-29 02:00:00,42.9169495181224,56.00631782547582,137.67853144635052
A5,2025-12-29 03:00:00,43.0248683660039,56.00631782547582,137.67853144635052
A5,2025-12-29 04:00:00,43.3542730705213,56.00631782547582,137.67853144635052
A5,2025-12-29 05:00:00,43.058621165973,56.00631782547582,137.67853144635052
A5,2025-12-29 06:00:00,43.1397011799533,56.00631782547582,137.67853144635052
A5,2025-12-29 08:00:00,43.1329847156817,56.00631782547582,137.67853144635052
A5,2025-12-29 09:00:00,43.3903985279756,56.00631782547582,137.67853144635052
A5,2025-12-29 10:00:00,42.9422298494209,56.00631782547582,137.67853144635052
A5,2025-12-29 11:00:00,42.9278700615481,56.00631782547582,137.67853144635052
A5,2025-12-29 12:00:00,43.1287348306757,56.00631782547582,137.67853144635052
A5,2025-12-29 13:00:00,43.0740449659149,56.00631782547582,137.67853144635052
A5,2025-12-29 14:00:00,43.0284002749322,56.00631782547582,137.67853144635052
A5,2025-12-29 15:00:00,43.2105391809773,56.00631782547582,137.67853144635052
A5,2025-12-29 16:00:00,42.9975082870688,56.00631782547582,137.67853144635052
A5,2025-12-29 17:00:00,43.098970545921,56.00631782547582,137.67853144635052
A5,2025-12-29 18:00:00,43.3275290562772,56.00631782547582,137.67853144635052
A5,2025-12-29 19:00:00,42.9921332516517,56.00631782547582,137.67853144635052
A5,2025-12-29 20:00:00,43.5067243644964,56.00631782547582,137.67853144635052
A5,2025-12-29 21:00:00,42.8484680934856,56.00631782547582,137.67853144635052
A5,2025-12-29 22:00:00,43.0070147117821,56.00631782547582,137.67853144635052
A5,2025-12-29 23:00:00,43.0301096041909,56.00631782547582,137.67853144635052
A5,2025-12-30 00:00:00,41.9039757242261,56.00631782547582,137.67853144635052
A5,2025-12-30 01:00:00,41.7220615395955,56.00631782547582,137.67853144635052
A5,2025-12-30 02:00:00,41.9412066160913,56.00631782547582,137.67853144635052
A5,2025-12-30 03:00:00,41.9353902536873,56.00631782547582,137.67853144635052
A5,2025-12-30 04:00:00,42.2777143716947,56.00631782547582,137.67853144635052
A5,2025-12-30 05:00:00,41.8146630800858,56.00631782547582,137.67853144635052
A5,2025-12-30 06:00:00,42.0714073752258,56.00631782547582,137.67853144635052
A5,2025-12-30 07:00:00,42.1291284555538,56.00631782547582,137.67853144635052
A5,2025-12-30 08:00:00,41.7285261690883,56.00631782547582,137.67853144635052
A5,2025-12-30 09:00:00,41.7720286524238,56.00631782547582,137.67853144635052
A5,2025-12-30 10:00:00,41.9287300226294,56.00631782547582,137.67853144635052
A5,2025-12-30 11:00:00,41.8874370894237,56.00631782547582,137.67853144635052
A5,2025-12-30 12:00:00,41.5808834449843,56.00631782547582,137.67853144635052
A5,2025-12-30 13:00:00,41.7615256102868,56.00631782547582,137.67853144635052
A5,2025-12-30 14:00:00,41.4628115207149,56.00631782547582,137.67853144635052
A5,2025-12-30 15:00:00,42.027758177745,56.00631782547582,137.67853144635052
A5,2025-12-30 16:00:00,41.9742867753759,56.00631782547582,137.67853144635052
A5,2025-12-30 17:00:00,42.1114935391099,56.00631782547582,137.67853144635052
A5,2025-12-30 18:00:00,42.0644880125128,56.00631782547582,137.67853144635052
A5,2025-12-30 19:00:00,41.9774080430972,56.00631782547582,137.67853144635052
A5,2025-12-30 20:00:00,42.0352070281847,56.00631782547582,137.67853144635052
A5,2025-12-30 21:00:00,41.6748129801064,56.00631782547582,137.67853144635052
A5,2025-12-30 22:00:00,41.5518964671618,56.00631782547582,137.67853144635052
A5,2025-12-30 23:00:00,42.059877474949,56.00631782547582,137.67853144635052
A5,2025-12-31 00:00:00,41.6304461308501,56.00631782547582,137.67853144635052
A5,2025-12-31 01:00:00,41.5873394179761,56.00631782547582,137.67853144635052
A5,2025-12-31 02:00:00,41.4280338151592,56.00631782547582,137.67853144635052
A5,2025-12-31 03:00:00,41.4896807938686,56.00631782547582,137.67853144635052
A5,2025-12-31 04:00:00,41.673427975998,56.00631782547582,137.67853144635052
A5,2025-12-31 05:00:00,41.3725267515941,56.00631782547582,137.67853144635052
A5,2025-12-31 07:00:00,42.0153983764434,56.00631782547582,137.67853144635052
A5,2025-12-31 08:00:00,41.3743917804535,56.00631782547582,137.67853144635052
A5,2025-12-31 09:00:00,41.407463345025,56.00631782547582,137.67853144635052
A5,2025-12-31 10:00:00,41.3913436797282,56.00631782547582,137.67853144635052
A5,2025-12-31 22:00:00,41.3554072716974,56.00631782547582,137.67853144635052
A5,2025-12-31 23:00:00,41.5243022349585,56.00631782547582,137.67853144635052
A5,2026-01-01 00:00:00,41.4966625497169,56.00631782547582,137.67853144635052
A5,2026-01-01 01:00:00,41.5799597991,56.00631782547582,137.67853144635052
A5,2026-01-01 02:00:00,41.2625883050651,56.00631782547582,137.67853144635052
A5,2026-01-01 03:00:00,41.8778560691611,56.00631782547582,137.67853144635052
A5,2026-01-01 04:00:00,41.4648035727875,56.00631782547582,137.67853144635052
A5,2026-01-01 05:00:00,41.6339335993958,56.00631782547582,137.67853144635052
A5,2026-01-01 06:00:00,41.4126188277241,56.00631782547582,137.67853144635052
A5,2026-01-01 07:00:00,41.3982021684902,56.00631782547582,137.67853144635052
A5,2026-01-01 08:00:00,40.8073318648379,56.00631782547582,137.67853144635052
A5,2026-01-01 09:00:00,47.4957404375192,56.00631782547582,137.67853144635052
A5,2026-01-01 10:00:00,41.6339357821882,56.00631782547582,137.67853144635052
A5,2026-01-01 11:00:00,41.3288735894898,56.00631782547582,137.67853144635052
A5,2026-01-01 12:00:00,42.1337170229284,56.00631782547582,137.67853144635052
A5,2026-01-01 13:00:00,40.5554758443533,56.00631782547582,137.67853144635052
A5,2026-01-01 14:00:00,41.1743366591791,56.00631782547582,137.67853144635052
A5,2026-01-01 15:00:00,40.6139192230947,56.00631782547582,137.67853144635052
A5,2026-01-01 16:00:00,41.6385999830641,56.00631782547582,137.67853144635052
A5,2026-01-01 17:00:00,40.9294741269742,56.00631782547582,137.67853144635052
A5,2026-01-01 18:00:00,41.0221235194948,56.00631782547582,137.67853144635052
A5,2026-01-01 19:00:00,39.8925433563486,56.00631782547582,137.67853144635052
A5,2026-01-01 20:00:00,40.9920473933923,56.00631782547582,137.67853144635052
A5,2026-01-01 21:00:00,41.0369801423498,56.00631782547582,137.67853144635052
A5,2026-01-01 22:00:00,41.2146934159176,56.00631782547582,137.67853144635052
A5,2026-01-01 23:00:00,41.2535055313121,56.00631782547582,137.67853144635052
A5,2026-01-02 03:00:00,41.0095395372851,56.00631782547582,137.67853144635052
A5,2026-01-02 04:00:00,41.1208294015479,56.00631782547582,137.67853144635052
A5,2026-01-02 06:00:00,41.142232066183,56.00631782547582,137.67853144635052
A5,2026-01-02 07:00:00,42.033654702134,56.00631782547582,137.67853144635052
A5,2026-01-02 08:00:00,40.9744860709748,56.00631782547582,137.67853144635052
A5,2026-01-02 09:00:00,41.73484593107,56.00631782547582,137.67853144635052
A5,2026-01-02 10:00:00,41.1103803822127,56.00631782547582,137.67853144635052
A5,2026-01-02 11:00:00,41.2422918622029,56.00631782547582,137.67853144635052
A5,2026-01-02 12:00:00,40.5157872287978,56.00631782547582,137.67853144635052
A5,2026-01-02 13:00:00,41.4656532735862,56.00631782547582,137.67853144635052
A5,2026-01-02 14:00:00,41.3755412904845,56.00631782547582,137.67853144635052
A5,2026-01-02 15:00:00,41.4714240686598,56.00631782547582,137.67853144635052
A5,2026-01-02 16:00:00,41.4900692291058,56.00631782547582,137.67853144635052
A5,2026-01-02 17:00:00,41.0614354609333,56.00631782547582,137.67853144635052
A5,2026-01-02 18:00:00,40.9912660319891,56.00631782547582,137.67853144635052
A5,2026-01-02 19:00:00,41.5365715092265,56.00631782547582,137.67853144635052
A5,2026-01-02 20:00:00,41.693012417038,56.00631782547582,137.67853144635052
A5,2026-01-02 21:00:00,41.6416370103124,56.00631782547582,137.67853144635052
A5,2026-01-02 22:00:00,40.9979870617766,56.00631782547582,137.67853144635052
A5,2026-01-02 23:00:00,41.4346527067475,56.00631782547582,137.67853144635052
A5,2026-01-03 00:00:00,40.8636911140441,56.00631782547582,137.67853144635052
A5,2026-01-03 01:00:00,40.6856987815819,56.00631782547582,137.67853144635052
A5,2026-01-03 02:00:00,40.2823454563569,56.00631782547582,137.67853144635052
A5,2026-01-03 03:00:00,39.8743936566344,56.00631782547582,137.67853144635052
A5,2026-01-03 04:00:00,40.3874695643536,56.00631782547582,137.67853144635052
A5,2026-01-03 05:00:00,40.6568978430085,56.00631782547582,137.67853144635052
A5,2026-01-03 06:00:00,39.6684436552879,56.00631782547582,137.67853144635052
A5,2026-01-03 07:00:00,40.7900516152494,56.00631782547582,137.67853144635052
A5,2026-01-03 08:00:00,40.7254485845093,56.00631782547582,137.67853144635052
A5,2026-01-03 10:00:00,40.5422680412497,56.00631782547582,137.67853144635052
A5,2026-01-03 11:00:00,40.5716221824917,56.00631782547582,137.67853144635052
A5,2026-01-03 12:00:00,41.2096006098528,56.00631782547582,137.67853144635052
A5,2026-01-03 13:00:00,40.6161762437389,56.00631782547582,137.67853144635052
A5,2026-01-03 16:00:00,40.9693362737226,56.00631782547582,137.67853144635052
A5,2026-01-04 17:00:00,39.8504296165044,56.00631782547582,137.67853144635052
A5,2026-01-04 18:00:00,40.4705725372539,56.00631782547582,137.67853144635052
A5,2026-01-04 19:00:00,40.5864595793453,56.00631782547582,137.67853144635052
A5,2026-01-04 20:00:00,40.6018649681246,56.00631782547582,137.67853144635052
A5,2026-01-04 21:00:00,40.1170884035655,56.00631782547582,137.67853144635052
A5,2026-01-04 22:00:00,40.1721331847805,56.00631782547582,137.67853144635052
A5,2026-01-04 23:00:00,39.8319023829599,56.00631782547582,137.67853144635052
A5,2026-01-05 00:00:00,39.9208130489525,56.00631782547582,137.67853144635052
A5,2026-01-05 01:00:00,39.1850700947979,56.00631782547582,137.67853144635052
A5,2026-01-05 02:00:00,39.6764428467697,56.00631782547582,137.67853144635052
A5,2026-01-05 13:00:00,39.9069706904413,56.00631782547582,137.67853144635052
A5,2026-01-05 15:00:00,39.8425824739444,56.00631782547582,137.67853144635052
A5,2026-01-05 16:00:00,39.5623822152069,56.00631782547582,137.67853144635052
A5,2026-01-05 17:00:00,40.1949950959071,56.00631782547582,137.67853144635052
A5,2026-01-05 18:00:00,39.1151476573084,56.00631782547582,137.67853144635052
A5,2026-01-05 19:00:00,39.4467925333444,56.00631782547582,137.67853144635052
A5,2026-01-05 20:00:00,39.3065731884435,56.00631782547582,137.67853144635052
A5,2026-01-05 21:00:00,38.7089651454017,56.00631782547582,137.67853144635052
A5,2026-01-05 22:00:00,39.8146651552468,56.00631782547582,137.67853144635052
A5,2026-01-05 23:00:00,39.9586325529937,56.00631782547582,137.67853144635052
A5,2026-01-06 00:00:00,38.2615485273309,56.00631782547582,137.67853144635052
A5,2026-01-06 01:00:00,38.7538490866125,56.00631782547582,137.67853144635052
A5,2026-01-06 02:00:00,38.6750476853438,56.00631782547582,137.67853144635052
A5,2026-01-06 03:00:00,39.6210656381544,56.00631782547582,137.67853144635052
A5,2026-01-06 04:00:00,39.0211133891739,56.00631782547582,137.67853144635052
A5,2026-01-06 05:00:00,38.7695449034262,56.00631782547582,137.67853144635052
A5,2026-01-06 06:00:00,38.3554244179651,56.00631782547582,137.67853144635052
A5,2026-01-06 07:00:00,38.2498263861916,56.00631782547582,137.67853144635052
A5,2026-01-06 08:00:00,39.0324798296506,56.00631782547582,137.67853144635052
A5,2026-01-06 09:00:00,38.5454424938351,56.00631782547582,137.67853144635052
A5,2026-01-06 10:00:00,38.6860943327175,56.00631782547582,137.67853144635052
A5,2026-01-06 11:00:00,38.3256243732684,56.00631782547582,137.67853144635052
A5,2026-01-06 12:00:00,39.4682743048369,56.00631782547582,137.67853144635052
A5,2026-01-06 13:00:00,38.5388575944081,56.00631782547582,137.67853144635052
A5,2026-01-06 14:00:00,38.6216344547987,56.00631782547582,137.67853144635052
A5,2026-01-06 15:00:00,39.2703515217737,56.00631782547582,137.67853144635052
A5,2026-01-06 16:00:00,39.166665729108,56.00631782547582,137.67853144635052
A5,2026-01-06 17:00:00,38.1582790033292,56.00631782547582,137.67853144635052
A5,2026-01-06 18:00:00,38.833816351583,56.00631782547582,137.67853144635052
A5,2026-01-06 19:00:00,38.7856852607586,56.00631782547582,137.67853144635052
A5,2026-01-06 20:00:00,38.7402322139182,56.00631782547582,137.67853144635052
A5,2026-01-06 21:00:00,38.4557520597191,56.00631782547582,137.67853144635052
A5,2026-01-06 22:00:00,38.2696196161195,56.00631782547582,137.67853144635052
A5,2026-01-06 23:00:00,39.0487628104692,56.00631782547582,137.67853144635052
A5,2026-01-07 00:00:00,38.4825286777132,56.00631782547582,137.67853144635052
A5,2026-01-07 01:00:00,37.9611549530588,56.00631782547582,137.67853144635052
A5,2026-01-07 02:00:00,39.2660089168988,56.00631782547582,137.67853144635052
A5,2026-01-07 03:00:00,38.3406818648295,56.00631782547582,137.67853144635052
A5,2026-01-07 04:00:00,38.5488613820076,56.00631782547582,137.67853144635052
A5,2026-01-07 05:00:00,37.8143424287501,56.00631782547582,137.67853144635052
A5,2026-01-07 06:00:00,38.9118170419298,56.00631782547582,137.67853144635052
A5,2026-01-07 07:00:00,38.5672694655849,56.00631782547582,137.67853144635052
A5,2026-01-07 08:00:00,34.5337866077768,56.00631782547582,137.67853144635052
A5,2026-01-07 09:00:00,38.1818082645634,56.00631782547582,137.67853144635052
A5,2026-01-07 10:00:00,38.1570342521379,56.00631782547582,137.67853144635052
A5,2026-01-07 11:00:00,38.5611313181288,56.00631782547582,137.67853144635052
A5,2026-01-07 12:00:00,37.7588574377252,56.00631782547582,137.67853144635052
A5,2026-01-07 13:00:00,39.896557806487,56.00631782547582,137.67853144635052
A5,2026-01-07 14:00:00,38.080334870654,56.00631782547582,137.67853144635052
A5,2026-01-07 15:00:00,38.2690095161734,56.00631782547582,137.67853144635052
A5,2026-01-07 16:00:00,39.4124283719169,56.00631782547582,137.67853144635052
A5,2026-01-07 17:00:00,38.459278963655,56.00631782547582,137.67853144635052
A5,2026-01-07 18:00:00,37.9570514075224,56.00631782547582,137.67853144635052
A5,2026-01-07 19:00:00,37.8574258231861,56.00631782547582,137.67853144635052
A5,2026-01-07 20:00:00,38.2035558266582,56.00631782547582,137.67853144635052
A5,2026-01-07 21:00:00,38.1292601631531,56.00631782547582,137.67853144635052
A5,2026-01-07 22:00:00,38.3022993787585,56.00631782547582,137.67853144635052
A5,2026-01-07 23:00:00,38.5456030070781,56.00631782547582,137.67853144635052
A5,2026-01-13 18:00:00,51.7460084890668,56.00631782547582,137.67853144635052
A5,2026-01-25 00:00:00,55.9841523743453,56.00631782547582,137.67853144635052
A5,2026-01-26 00:00:00,55.784385481324,56.00631782547582,137.67853144635052
A5,2026-01-26 12:00:00,55.5104694694789,56.00631782547582,137.67853144635052
A5,2026-01-27 00:00:00,53.9370755847624,56.00631782547582,137.67853144635052
A5,2026-01-27 06:00:00,54.9340141856204,56.00631782547582,137.67853144635052
A5,2026-01-27 12:00:00,55.2386767571122,56.00631782547582,137.67853144635052
A5,2026-01-27 18:00:00,54.8336153676326,56.00631782547582,137.67853144635052
A5,2026-01-28 00:00:00,54.0365974610347,56.00631782547582,137.67853144635052
A5,2026-01-28 06:00:00,53.7385897067945,56.00631782547582,137.67853144635052
A5,2026-01-28 12:00:00,54.0414650861345,56.00631782547582,137.67853144635052
A5,2026-01-28 18:00:00,54.9043573725482,56.00631782547582,137.67853144635052
A5,2026-01-29 00:00:00,54.8238254426497,56.00631782547582,137.67853144635052
A5,2026-01-29 06:00:00,55.2214415315165,56.00631782547582,137.67853144635052
A5,2026-01-29 12:00:00,53.9276187344985,56.00631782547582,137.67853144635052
A5,2026-01-29 18:00:00,54.0719482014055,56.00631782547582,137.67853144635052
A5,2026-01-30 00:00:00,53.4450716768309,56.00631782547582,137.67853144635052
A5,2026-01-30 06:00:00,51.8832396592951,56.00631782547582,137.67853144635052
A5,2026-01-30 12:00:00,53.1465588479045,56.00631782547582,137.67853144635052
A5,2026-01-30 18:00:00,52.9968631373611,56.00631782547582,137.67853144635052
A5,2026-01-31 00:00:00,52.1800210597737,56.00631782547582,137.67853144635052
A5,2026-01-31 06:00:00,52.6053728074152,56.00631782547582,137.67853144635052
A5,2026-01-31 12:00:00,52.537715023588,56.00631782547582,137.67853144635052
A5,2026-01-31 18:00:00,52.8713385519509,56.00631782547582,137.67853144635052
A5,2026-02-01 00:00:00,51.5735217269324,56.00631782547582,137.67853144635052
A5,2026-02-01 06:00:00,51.637652015271,56.00631782547582,137.67853144635052
A5,2026-02-01 12:00:00,51.8058007315709,56.00631782547582,137.67853144635052
A5,2026-02-01 18:00:00,51.7575099308908,56.00631782547582,137.67853144635052
A5,2026-02-02 00:00:00,51.0125839105254,56.00631782547582,137.67853144635052
A5,2026-02-02 06:00:00,51.1456770191129,56.00631782547582,137.67853144635052
A5,2026-02-02 12:00:00,51.1622541616073,56.00631782547582,137.67853144635052
A5,2026-02-02 18:00:00,51.0231821571274,56.00631782547582,137.67853144635052
A5,2026-02-03 00:00:00,49.7794565517947,56.00631782547582,137.67853144635052
A5,2026-02-03 06:00:00,50.8066635770538,56.00631782547582,137.67853144635052
A5,2026-02-03 12:00:00,50.5926666419517,56.00631782547582,137.67853144635052
A5,2026-02-03 18:00:00,49.9704727159299,56.00631782547582,137.67853144635052
A5,2026-02-04 00:00:00,49.6432159458293,56.00631782547582,137.67853144635052
A5,2026-02-04 06:00:00,49.0134015430303,56.00631782547582,137.67853144635052
A5,2026-02-04 12:00:00,49.7994867040522,56.00631782547582,137.67853144635052
A5,2026-02-04 18:00:00,49.0207663212622,56.00631782547582,137.67853144635052
A5,2026-02-05 00:00:00,48.8119888135854,56.00631782547582,137.67853144635052
A5,2026-02-05 06:00:00,48.4001367424869,56.00631782547582,137.67853144635052
A5,2026-02-05 12:00:00,48.3280522506954,56.00631782547582,137.67853144635052
A5,2026-02-05 18:00:00,48.1378133904345,56.00631782547582,137.67853144635052
A5,2026-02-06 00:00:00,47.7916172734265,56.00631782547582,137.67853144635052
A5,2026-02-06 06:00:00,48.7329639263548,56.00631782547582,137.67853144635052
A5,2026-02-06 12:00:00,55.4304910549591,56.00631782547582,137.67853144635052
A5,2026-02-06 18:00:00,48.148942726423,56.00631782547582,137.67853144635052
A5,2026-02-07 00:00:00,47.7771052538509,56.00631782547582,137.67853144635052
A5,2026-02-07 06:00:00,47.6422432681818,56.00631782547582,137.67853144635052
A5,2026-02-07 12:00:00,47.4295738567691,56.00631782547582,137.67853144635052
A5,2026-02-07 18:00:00,46.92865102278,56.00631782547582,137.67853144635052
A5,2026-02-08 00:00:00,47.1929904646891,56.00631782547582,137.67853144635052
A5,2026-02-08 06:00:00,46.7764276194832,56.00631782547582,137.67853144635052
A5,2026-02-08 12:00:00,46.1383020994435,56.00631782547582,137.67853144635052
A5,2026-02-08 18:00:00,47.162058252077,56.00631782547582,137.67853144635052
A5,2026-02-09 00:00:00,46.5841823211785,56.00631782547582,137.67853144635052
A5,2026-02-09 06:00:00,46.309339391897,56.00631782547582,137.67853144635052
A5,2026-02-09 12:00:00,46.3033531913232,56.00631782547582,137.67853144635052
A5,2026-02-09 18:00:00,46.4651960703667,56.00631782547582,137.67853144635052
A5,2026-02-10 00:00:00,46.4136091672211,56.00631782547582,137.67853144635052
A5,2026-02-10 06:00:00,46.176761618142,56.00631782547582,137.67853144635052
A5,2026-02-10 12:00:00,46.736664081934,56.00631782547582,137.67853144635052
A5,2026-02-10 18:00:00,46.3934175655132,56.00631782547582,137.67853144635052
A5,2026-02-11 00:00:00,45.7074935873013,56.00631782547582,137.67853144635052
A5,2026-02-11 06:00:00,45.5519422111596,56.00631782547582,137.67853144635052
A5,2026-02-11 12:00:00,45.749708628557,56.00631782547582,137.67853144635052
A5,2026-02-11 18:00:00,45.3795414897417,56.00631782547582,137.67853144635052
A5,2026-02-12 00:00:00,45.276391593099,56.00631782547582,137.67853144635052
A5,2026-02-12 06:00:00,44.8157454198385,56.00631782547582,137.67853144635052
A5,2026-02-12 12:00:00,44.530355943538,56.00631782547582,137.67853144635052
A5,2026-02-12 18:00:00,45.255766804803,56.00631782547582,137.67853144635052
A5,2026-02-13 00:00:00,44.4178307929086,56.00631782547582,137.67853144635052
A5,2026-02-13 06:00:00,44.3990614622112,56.00631782547582,137.67853144635052
A5,2026-02-13 12:00:00,44.0803330266673,56.00631782547582,137.67853144635052
A5,2026-02-13 18:00:00,44.4621751389525,56.00631782547582,137.67853144635052
A5,2026-02-14 00:00:00,43.9877419833428,56.00631782547582,137.67853144635052
A5,2026-02-14 06:00:00,43.9425084682586,56.00631782547582,137.67853144635052
A5,2026-02-14 12:00:00,43.9867380624848,56.00631782547582,137.67853144635052
A5,2026-02-14 18:00:00,44.3624061966868,56.00631782547582,137.67853144635052
A5,2026-02-15 00:00:00,42.8005478677082,56.00631782547582,137.67853144635052
A5,2026-02-15 06:00:00,43.1897880668166,56.00631782547582,137.67853144635052
A5,2026-02-15 12:00:00,43.212174933357,56.00631782547582,137.67853144635052
A5,2026-02-15 18:00:00,42.9685903829669,56.00631782547582,137.67853144635052
A5,2026-02-16 00:00:00,41.539236848391,56.00631782547582,137.67853144635052
A5,2026-02-16 06:00:00,41.2627852041054,56.00631782547582,137.67853144635052
A5,2026-02-16 12:00:00,42.0154787394368,56.00631782547582,137.67853144635052
A5,2026-02-16 18:00:00,41.8475109212025,56.00631782547582,137.67853144635052
A5,2026-02-17 00:00:00,40.188643454756,56.00631782547582,137.67853144635052
A5,2026-02-17 06:00:00,40.9253521010159,56.00631782547582,137.67853144635052
A5,2026-02-17 12:00:00,40.7670791351136,56.00631782547582,137.67853144635052
A5,2026-02-17 18:00:00,40.6630638642495,56.00631782547582,137.67853144635052
A5,2026-02-18 00:00:00,41.0356960138667,56.00631782547582,137.67853144635052
A5,2026-02-18 06:00:00,40.7052289496598,56.00631782547582,137.67853144635052
A5,2026-02-18 12:00:00,40.8316887599573,56.00631782547582,137.67853144635052
A5,2026-02-18 18:00:00,41.0007006036172,56.00631782547582,137.67853144635052
A5,2026-02-19 00:00:00,39.6736779491421,56.00631782547582,137.67853144635052
A5,2026-02-19 06:00:00,40.262021850882,56.00631782547582,137.67853144635052
A5,2026-02-19 12:00:00,40.5420522894739,56.00631782547582,137.67853144635052
A5,2026-02-19 18:00:00,40.6838238789259,56.00631782547582,137.67853144635052
A5,2026-02-20 00:00:00,40.219754364169,56.00631782547582,137.67853144635052
A5,2026-02-20 06:00:00,39.7036703390854,56.00631782547582,137.67853144635052
A5,2026-02-20 12:00:00,39.8344549601497,56.00631782547582,137.67853144635052
A5,2026-02-20 18:00:00,40.0363207426533,56.00631782547582,137.67853144635052
A5,2026-02-21 00:00:00,39.4823750222115,56.00631782547582,137.67853144635052
A5,2026-02-21 06:00:00,39.3341450114778,56.00631782547582,137.67853144635052
A5,2026-02-21 12:00:00,39.526381049035,56.00631782547582,137.67853144635052
A5,2026-02-21 18:00:00,38.7341990291753,56.00631782547582,137.67853144635052
A5,2026-02-22 00:00:00,38.1062973621359,56.00631782547582,137.67853144635052
A5,2026-02-22 06:00:00,38.2549852166441,56.00631782547582,137.67853144635052
A5,2026-02-22 12:00:00,38.3264998263159,56.00631782547582,137.67853144635052
A5,2026-02-22 18:00:00,38.7020420857063,56.00631782547582,137.67853144635052
A5,2026-02-23 00:00:00,37.1013862333708,56.00631782547582,137.67853144635052
A5,2026-02-23 06:00:00,37.6016909828978,56.00631782547582,137.67853144635052
A5,2026-02-23 12:00:00,37.136809766342,56.00631782547582,137.67853144635052
A5,2026-02-23 18:00:00,37.4770361365625,56.00631782547582,137.67853144635052
A5,2026-02-24 00:00:00,36.6120099403796,56.00631782547582,137.67853144635052
A5,2026-02-24 06:00:00,36.7410745448797,56.00631782547582,137.67853144635052
A5,2026-02-24 12:00:00,36.7331540952349,56.00631782547582,137.67853144635052
A5,2026-02-24 18:00:00,37.235027339937,56.00631782547582,137.67853144635052
A5,2026-02-25 00:00:00,36.2121913344634,56.00631782547582,137.67853144635052
A5,2026-02-25 06:00:00,36.0783365837068,56.00631782547582,137.67853144635052
A5,2026-02-25 12:00:00,36.4762391976425,56.00631782547582,137.67853144635052
A5,2026-02-25 18:00:00,36.8320157862098,56.00631782547582,137.67853144635052
A5,2026-03-03 06:00:00,55.8091274008762,56.00631782547582,137.67853144635052
A5,2026-03-03 18:00:00,55.5964206240538,56.00631782547582,137.67853144635052
A5,2026-03-04 06:00:00,55.9543202875075,56.00631782547582,137.67853144635052
A5,2026-03-05 00:00:00,55.6645753085427,56.00631782547582,137.67853144635052
A5,2026-03-06 00:00:00,55.9734111207964,56.00631782547582,137.67853144635052
A5,2026-03-07 12:00:00,54.538116298773,56.00631782547582,137.67853144635052
A5,2026-03-07 18:00:00,54.7043072555312,56.00631782547582,137.67853144635052
A5,2026-03-08 00:00:00,54.5669377903588,56.00631782547582,137.67853144635052
A5,2026-03-08 06:00:00,54.9850087313917,56.00631782547582,137.67853144635052
A5,2026-03-08 12:00:00,55.6456368942784,56.00631782547582,137.67853144635052
A5,2026-03-08 18:00:00,54.1655196924484,56.00631782547582,137.67853144635052
A5,2026-03-09 00:00:00,53.5783139138881,56.00631782547582,137.67853144635052
A5,2026-03-09 06:00:00,55.5474112547663,56.00631782547582,137.67853144635052
A5,2026-03-09 18:00:00,54.6057756978305,56.00631782547582,137.67853144635052
A5,2026-03-10 00:00:00,54.8264153933322,56.00631782547582,137.67853144635052
A5,2026-03-10 06:00:00,55.7771490493781,56.00631782547582,137.67853144635052
A5,2026-03-10 12:00:00,55.4220337433735,56.00631782547582,137.67853144635052
A5,2026-03-11 00:00:00,54.1468428659375,56.00631782547582,137.67853144635052
A5,2026-03-11 06:00:00,54.7631100469567,56.00631782547582,137.67853144635052
A5,2026-03-11 12:00:00,54.111801259161,56.00631782547582,137.67853144635052
A5,2026-03-11 18:00:00,55.3827096033269,56.00631782547582,137.67853144635052
A5,2026-03-12 00:00:00,43.2725539605185,56.00631782547582,137.67853144635052
A5,2026-03-12 06:00:00,54.3288717042353,56.00631782547582,137.67853144635052
A5,2026-03-12 12:00:00,52.3018986940557,56.00631782547582,137.67853144635052
A5,2026-03-12 18:00:00,54.0516686856398,56.00631782547582,137.67853144635052
A5,2026-03-13 00:00:00,54.6115506182124,56.00631782547582,137.67853144635052
A5,2026-03-13 06:00:00,55.3175996868736,56.00631782547582,137.67853144635052
A5,2026-03-13 12:00:00,54.6728361302886,56.00631782547582,137.67853144635052
A5,2026-03-13 18:00:00,53.873019597647,56.00631782547582,137.67853144635052
A5,2026-03-14 00:00:00,54.1905930801138,56.00631782547582,137.67853144635052
A5,2026-03-14 06:00:00,54.6923663440428,56.00631782547582,137.67853144635052
A5,2026-03-14 12:00:00,54.2952600098986,56.00631782547582,137.67853144635052
A5,2026-03-14 18:00:00,54.8770705505624,56.00631782547582,137.67853144635052
A5,2026-03-15 00:00:00,53.2762869909339,56.00631782547582,137.67853144635052
A5,2026-03-15 06:00:00,53.4271642922452,56.00631782547582,137.67853144635052
A5,2026-03-15 12:00:00,53.1358954570602,56.00631782547582,137.67853144635052
A5,2026-03-16 00:00:00,53.7613269555106,56.00631782547582,137.67853144635052
A5,2026-03-16 06:00:00,54.8468828329982,56.00631782547582,137.67853144635052
A5,2026-03-16 12:00:00,52.9429974759311,56.00631782547582,137.67853144635052
A5,2026-03-16 18:00:00,53.3753740798505,56.00631782547582,137.67853144635052
A5,2026-03-17 00:00:00,52.2265609296773,56.00631782547582,137.67853144635052
A5,2026-03-17 06:00:00,53.1218597649823,56.00631782547582,137.67853144635052
A5,2026-03-17 12:00:00,53.0698219130051,56.00631782547582,137.67853144635052
A5,2026-03-17 18:00:00,53.9272818952076,56.00631782547582,137.67853144635052
A5,2026-03-18 00:00:00,51.7438514712253,56.00631782547582,137.67853144635052
A5,2026-03-18 06:00:00,53.4697889172921,56.00631782547582,137.67853144635052
A5,2026-03-18 12:00:00,51.6457226653798,56.00631782547582,137.67853144635052
A5,2026-03-18 18:00:00,52.3005276393588,56.00631782547582,137.67853144635052
A5,2026-03-19 00:00:00,52.2165065587497,56.00631782547582,137.67853144635052
A5,2026-03-19 06:00:00,52.0148582489643,56.00631782547582,137.67853144635052
A5,2026-03-19 12:00:00,53.7801078902404,56.00631782547582,137.67853144635052
A5,2026-03-19 18:00:00,52.0319989664895,56.00631782547582,137.67853144635052
A5,2026-03-20 00:00:00,50.3374443400379,56.00631782547582,137.67853144635052
A5,2026-03-20 06:00:00,51.1004943932307,56.00631782547582,137.67853144635052
A5,2026-03-20 12:00:00,52.0346484088157,56.00631782547582,137.67853144635052
A5,2026-03-20 18:00:00,52.7682549169608,56.00631782547582,137.67853144635052
A5,2026-03-21 00:00:00,51.7976948454372,56.00631782547582,137.67853144635052
A5,2026-03-21 06:00:00,53.3604961946384,56.00631782547582,137.67853144635052
A5,2026-03-21 12:00:00,52.0153681598394,56.00631782547582,137.67853144635052
A5,2026-03-21 18:00:00,51.9579133424277,56.00631782547582,137.67853144635052
A5,2026-03-22 00:00:00,52.3128652470951,56.00631782547582,137.67853144635052
A5,2026-03-22 06:00:00,50.648140966646,56.00631782547582,137.67853144635052
A5,2026-03-22 12:00:00,52.4617156339848,56.00631782547582,137.67853144635052
A5,2026-03-22 18:00:00,52.2106587312721,56.00631782547582,137.67853144635052
A5,2026-03-23 00:00:00,52.4326835859517,56.00631782547582,137.67853144635052
A5,2026-03-23 06:00:00,52.0757619472044,56.00631782547582,137.67853144635052
A5,2026-03-23 12:00:00,51.5666395599457,56.00631782547582,137.67853144635052
A5,2026-03-23 18:00:00,50.4578082935968,56.00631782547582,137.67853144635052
A5,2026-03-24 00:00:00,50.4600914178572,56.00631782547582,137.67853144635052
A5,2026-03-24 06:00:00,50.9406562335247,56.00631782547582,137.67853144635052
A5,2026-03-24 12:00:00,48.6307716854166,56.00631782547582,137.67853144635052
A5,2026-03-24 18:00:00,51.5250031174729,56.00631782547582,137.67853144635052
A5,2026-03-25 00:00:00,50.8535849216999,56.00631782547582,137.67853144635052
A5,2026-03-25 06:00:00,50.4502561008905,56.00631782547582,137.67853144635052
A5,2026-03-25 12:00:00,51.4289967272724,56.00631782547582,137.67853144635052
A5,2026-03-25 18:00:00,51.5509442763894,56.00631782547582,137.67853144635052
A5,2026-03-26 00:00:00,51.790548318616,56.00631782547582,137.67853144635052
A5,2026-03-26 06:00:00,52.2969521031118,56.00631782547582,137.67853144635052
A5,2026-03-26 12:00:00,49.8700002632486,56.00631782547582,137.67853144635052
A5,2026-03-26 18:00:00,50.272036232471,56.00631782547582,137.67853144635052
A5,2026-03-27 00:00:00,49.3583847852614,56.00631782547582,137.67853144635052
A5,2026-03-27 06:00:00,49.8845691764774,56.00631782547582,137.67853144635052
A5,2026-03-27 12:00:00,50.560505355937,56.00631782547582,137.67853144635052
A5,2026-03-27 18:00:00,50.2013143344869,56.00631782547582,137.67853144635052
A5,2026-03-28 00:00:00,49.1070754968372,56.00631782547582,137.67853144635052
A5,2026-03-28 06:00:00,50.9413693595008,56.00631782547582,137.67853144635052
A5,2026-03-28 12:00:00,50.7903947354364,56.00631782547582,137.67853144635052
A5,2026-03-28 18:00:00,51.1945315705347,56.00631782547582,137.67853144635052
A5,2026-03-29 00:00:00,51.0244495189837,56.00631782547582,137.67853144635052
A5,2026-03-29 06:00:00,49.2607826410908,56.00631782547582,137.67853144635052
A5,2026-03-29 12:00:00,48.6876396132955,56.00631782547582,137.67853144635052
A5,2026-03-29 18:00:00,48.8931299052548,56.00631782547582,137.67853144635052
A5,2026-03-30 00:00:00,48.4571219409842,56.00631782547582,137.67853144635052
A5,2026-03-30 06:00:00,48.7175567335256,56.00631782547582,137.67853144635052
A5,2026-03-30 12:00:00,49.2711420302952,56.00631782547582,137.67853144635052
A5,2026-03-30 18:00:00,49.9655278057375,56.00631782547582,137.67853144635052
A5,2026-03-31 00:00:00,47.6339927795206,56.00631782547582,137.67853144635052
A5,2026-03-31 06:00:00,48.6027336926663,56.00631782547582,137.67853144635052
A5,2026-03-31 12:00:00,48.7361797933089,56.00631782547582,137.67853144635052
A5,2026-03-31 18:00:00,50.1091760771891,56.00631782547582,137.67853144635052
A5,2026-04-01 00:00:00,48.1982702023292,56.00631782547582,137.67853144635052
A5,2026-04-01 06:00:00,48.1662101310112,56.00631782547582,137.67853144635052
A5,2026-04-01 12:00:00,48.0991889053592,56.00631782547582,137.67853144635052
A5,2026-04-01 18:00:00,48.3415018019731,56.00631782547582,137.67853144635052
A5,2026-04-02 00:00:00,48.1030799811955,56.00631782547582,137.67853144635052
A5,2026-04-02 06:00:00,49.1925385178739,56.00631782547582,137.67853144635052
A5,2026-04-02 12:00:00,48.6898689146031,56.00631782547582,137.67853144635052
A5,2026-04-02 18:00:00,48.3310554727881,56.00631782547582,137.67853144635052
A6,2025-09-09 12:00:00,155.921773856801,8.89768451876217,139.9602396172905
A6,2025-09-12 19:00:00,153.42374078152,8.89768451876217,139.9602396172905
A6,2025-09-18 04:00:00,147.445555193643,8.89768451876217,139.9602396172905
A7,2024-04-17 04:00:01,62.0891168752111,62.97097689001251,120.33486105182968
A7,2024-04-27 18:00:04,62.1865229597788,62.97097689001251,120.33486105182968
A7,2024-09-25 00:00:02,121.714201300848,62.97097689001251,120.33486105182968
A7,2024-09-25 01:00:08,120.875173278792,62.97097689001251,120.33486105182968
A7,2024-09-25 02:00:08,121.8419939482,62.97097689001251,120.33486105182968
A7,2024-09-25 03:00:08,121.298364755945,62.97097689001251,120.33486105182968
A7,2024-09-25 04:00:08,120.918827077587,62.97097689001251,120.33486105182968
A7,2024-09-25 05:00:08,121.150655997618,62.97097689001251,120.33486105182968
A7,2024-09-25 06:00:08,122.013796406568,62.97097689001251,120.33486105182968
A7,2024-09-25 07:00:08,121.722842542735,62.97097689001251,120.33486105182968
A7,2024-09-25 08:00:08,121.414011205523,62.97097689001251,120.33486105182968
A7,2024-09-25 09:00:08,121.931121111997,62.97097689001251,120.33486105182968
A7,2024-09-25 10:00:08,121.875145308277,62.97097689001251,120.33486105182968
A7,2024-09-25 11:00:08,121.617457978114,62.97097689001251,120.33486105182968
A7,2024-09-25 12:00:08,122.175392397339,62.97097689001251,120.33486105182968
A7,2024-09-25 13:00:08,121.575950615812,62.97097689001251,120.33486105182968
A7,2024-09-25 14:00:08,121.552520332162,62.97097689001251,120.33486105182968
A7,2024-09-25 15:00:08,121.476942804099,62.97097689001251,120.33486105182968
A7,2024-09-25 16:00:08,122.067986997771,62.97097689001251,120.33486105182968
A7,2024-09-25 17:00:08,121.51618502673,62.97097689001251,120.33486105182968
A7,2024-09-25 18:00:08,121.117144922769,62.97097689001251,120.33486105182968
A7,2024-09-25 19:00:08,121.074840873598,62.97097689001251,120.33486105182968
A7,2024-09-25 20:00:08,121.320601112915,62.97097689001251,120.33486105182968
A7,2024-09-25 21:00:08,121.9326159483,62.97097689001251,120.33486105182968
A7,2024-09-25 22:00:08,121.722146151499,62.97097689001251,120.33486105182968
A7,2024-09-25 23:00:08,121.93440531454,62.97097689001251,120.33486105182968
A7,2024-09-26 00:00:01,120.694115021258,62.97097689001251,120.33486105182968
A7,2024-09-26 01:00:08,121.213325940913,62.97097689001251,120.33486105182968
A7,2024-09-26 03:00:08,121.201690905478,62.97097689001251,120.33486105182968
A7,2024-09-26 04:00:08,120.629920477797,62.97097689001251,120.33486105182968
A7,2024-09-26 06:00:08,121.043866171704,62.97097689001251,120.33486105182968
A7,2024-09-26 07:00:08,133.63155507924,62.97097689001251,120.33486105182968
A7,2024-09-26 08:00:08,121.234148344208,62.97097689001251,120.33486105182968
A7,2024-09-26 09:00:08,120.451317642445,62.97097689001251,120.33486105182968
A7,2024-09-26 11:00:08,121.096495686015,62.97097689001251,120.33486105182968
A7,2024-09-26 12:00:08,121.179752307334,62.97097689001251,120.33486105182968
A7,2024-09-26 13:00:08,120.75911520809,62.97097689001251,120.33486105182968
A7,2024-09-26 14:00:08,120.818247914325,62.97097689001251,120.33486105182968
A7,2024-09-26 15:00:08,120.424218816065,62.97097689001251,120.33486105182968
A7,2024-09-26 16:00:08,120.752702566952,62.97097689001251,120.33486105182968
A7,2024-09-26 17:00:08,120.556812883229,62.97097689001251,120.33486105182968
A7,2024-09-26 18:00:08,121.008126367942,62.97097689001251,120.33486105182968
A7,2024-09-26 19:00:08,120.855142461682,62.97097689001251,120.33486105182968
A7,2024-09-26 20:00:08,120.703217793889,62.97097689001251,120.33486105182968
A7,2024-09-26 22:00:08,121.131194826392,62.97097689001251,120.33486105182968
A7,2024-09-26 23:00:08,120.600993710359,62.97097689001251,120.33486105182968
A7,2024-09-27 04:00:08,120.408804328119,62.97097689001251,120.33486105182968
A7,2024-09-27 08:00:08,120.855693596457,62.97097689001251,120.33486105182968
A7,2024-09-27 10:00:08,120.54952712971,62.97097689001251,120.33486105182968
A7,2024-09-27 11:00:08,120.752915919717,62.97097689001251,120.33486105182968
A7,2024-09-27 13:00:08,120.745184029922,62.97097689001251,120.33486105182968
A7,2024-09-27 14:00:08,120.580070614587,62.97097689001251,120.33486105182968
A7,2024-09-27 15:00:08,120.803030381903,62.97097689001251,120.33486105182968
A7,2024-09-27 18:00:08,120.652956780527,62.97097689001251,120.33486105182968
A7,2024-09-27 19:00:08,120.868008150518,62.97097689001251,120.33486105182968
A7,2024-09-27 20:00:08,120.694754045398,62.97097689001251,120.33486105182968
A7,2024-09-27 21:00:08,120.39107362709,62.97097689001251,120.33486105182968
A7,2024-09-27 22:00:08,120.45596252385,62.97097689001251,120.33486105182968
A7,2024-09-27 23:00:08,121.006355871604,62.97097689001251,120.33486105182968
A7,2024-09-28 00:00:01,120.645714900459,62.97097689001251,120.33486105182968
A7,2024-09-28 02:00:08,121.358306332205,62.97097689001251,120.33486105182968
A7,2024-09-28 04:00:08,120.44867741435,62.97097689001251,120.33486105182968
A7,2024-09-28 05:00:08,120.632572297371,62.97097689001251,120.33486105182968
A7,2024-09-28 17:00:08,121.267874198006,62.97097689001251,120.33486105182968
A7,2024-09-28 20:00:08,120.44315827253,62.97097689001251,120.33486105182968
A7,2024-09-28 21:00:08,121.089593190749,62.97097689001251,120.33486105182968
A7,2024-09-28 22:00:08,121.321648167134,62.97097689001251,120.33486105182968
A7,2024-09-28 23:00:08,120.600481598305,62.97097689001251,120.33486105182968
A7,2024-09-29 04:00:08,120.499533544266,62.97097689001251,120.33486105182968
A7,2024-09-29 06:00:08,120.568393293206,62.97097689001251,120.33486105182968
A7,2024-09-29 11:00:08,120.969086208318,62.97097689001251,120.33486105182968
A7,2024-09-29 12:00:08,120.667354013854,62.97097689001251,120.33486105182968
A7,2024-09-29 14:00:08,120.551374158939,62.97097689001251,120.33486105182968
A7,2024-09-29 21:00:08,120.570451535364,62.97097689001251,120.33486105182968
A7,2024-09-29 22:00:08,120.733334673356,62.97097689001251,120.33486105182968
A7,2024-09-30 07:00:08,120.55177533567,62.97097689001251,120.33486105182968
A7,2024-09-30 17:00:08,137.750919772011,62.97097689001251,120.33486105182968
A7,2024-10-14 15:00:08,130.634779598557,62.97097689001251,120.33486105182968
A7,2025-01-26 05:00:00,53.7413237680754,62.97097689001251,120.33486105182968
A7,2025-04-12 08:00:00,60.5799744550971,62.97097689001251,120.33486105182968
A7,2025-04-13 17:00:00,61.7910860013964,62.97097689001251,120.33486105182968
A7,2025-04-17 16:00:00,132.700229895636,62.97097689001251,120.33486105182968
A7,2025-06-15 04:00:00,124.242790552316,62.97097689001251,120.33486105182968
A7,2025-06-25 11:00:00,120.551528658573,62.97097689001251,120.33486105182968
A7,2025-07-16 13:00:00,126.356919125266,62.97097689001251,120.33486105182968
A7,2025-07-28 00:00:00,122.028459948625,62.97097689001251,120.33486105182968
A7,2025-10-21 08:00:00,158.571024616352,62.97097689001251,120.33486105182968
A7,2025-11-26 13:00:00,60.9286381218419,62.97097689001251,120.33486105182968
A7,2025-12-03 05:00:00,62.6470274768256,62.97097689001251,120.33486105182968
A7,2025-12-03 12:00:00,62.6984802272553,62.97097689001251,120.33486105182968
A7,2025-12-09 15:00:00,60.2290059949144,62.97097689001251,120.33486105182968
A7,2025-12-11 05:00:00,55.6910305759926,62.97097689001251,120.33486105182968
A7,2025-12-16 19:00:00,56.8931121056712,62.97097689001251,120.33486105182968
A7,2025-12-17 05:00:00,49.0623448910865,62.97097689001251,120.33486105182968
A7,2025-12-31 08:00:00,62.7599748037301,62.97097689001251,120.33486105182968
A7,2025-12-31 14:00:00,62.9336380540357,62.97097689001251,120.33486105182968
A7,2026-01-01 01:00:00,62.7629542615769,62.97097689001251,120.33486105182968
A7,2026-01-01 03:00:00,62.9445234557412,62.97097689001251,120.33486105182968
A7,2026-01-01 04:00:00,62.8536758722113,62.97097689001251,120.33486105182968
A7,2026-01-01 05:00:00,62.7135575380359,62.97097689001251,120.33486105182968
A7,2026-01-01 06:00:00,62.8200536535835,62.97097689001251,120.33486105182968
A7,2026-01-01 07:00:00,62.8725098117752,62.97097689001251,120.33486105182968
A7,2026-01-01 08:00:00,62.8071456214097,62.97097689001251,120.33486105182968
A7,2026-01-01 10:00:00,62.7197285450694,62.97097689001251,120.33486105182968
A7,2026-01-01 17:00:00,62.7786907466395,62.97097689001251,120.33486105182968
A7,2026-01-02 02:00:00,62.6128414295918,62.97097689001251,120.33486105182968
A7,2026-01-02 04:00:00,62.0859807448669,62.97097689001251,120.33486105182968
A7,2026-01-02 05:00:00,62.4718056117135,62.97097689001251,120.33486105182968
A7,2026-01-02 06:00:00,62.3815223763991,62.97097689001251,120.33486105182968
A7,2026-01-02 07:00:00,62.331361705968,62.97097689001251,120.33486105182968
A7,2026-01-02 08:00:00,61.4177488561549,62.97097689001251,120.33486105182968
A7,2026-01-02 09:00:00,61.7809977307801,62.97097689001251,120.33486105182968
A7,2026-01-02 10:00:00,62.42489660789,62.97097689001251,120.33486105182968
A7,2026-01-02 11:00:00,62.6019739220161,62.97097689001251,120.33486105182968
A7,2026-01-02 12:00:00,62.2853427309121,62.97097689001251,120.33486105182968
A7,2026-01-02 13:00:00,62.0651370733857,62.97097689001251,120.33486105182968
A7,2026-01-02 15:00:00,62.5686366665838,62.97097689001251,120.33486105182968
A7,2026-01-02 16:00:00,62.2001619961173,62.97097689001251,120.33486105182968
A7,2026-01-02 17:00:00,62.1364272677144,62.97097689001251,120.33486105182968
A7,2026-01-02 18:00:00,62.0786818351879,62.97097689001251,120.33486105182968
A7,2026-01-02 19:00:00,62.4281945689494,62.97097689001251,120.33486105182968
A7,2026-01-02 20:00:00,62.6877750307628,62.97097689001251,120.33486105182968
A7,2026-01-02 21:00:00,61.6165162401896,62.97097689001251,120.33486105182968
A7,2026-01-02 22:00:00,62.4409729973118,62.97097689001251,120.33486105182968
A7,2026-01-02 23:00:00,62.140949968315,62.97097689001251,120.33486105182968
A7,2026-01-03 00:00:00,62.0136877192947,62.97097689001251,120.33486105182968
A7,2026-01-03 01:00:00,61.0119119246341,62.97097689001251,120.33486105182968
A7,2026-01-03 02:00:00,61.2606153870762,62.97097689001251,120.33486105182968
A7,2026-01-03 03:00:00,62.2320510475886,62.97097689001251,120.33486105182968
A7,2026-01-03 04:00:00,62.141077708507,62.97097689001251,120.33486105182968
A7,2026-01-03 05:00:00,61.4797440586565,62.97097689001251,120.33486105182968
A7,2026-01-03 06:00:00,61.7690651290483,62.97097689001251,120.33486105182968
A7,2026-01-03 07:00:00,61.1857620704997,62.97097689001251,120.33486105182968
A7,2026-01-03 08:00:00,61.3231988664651,62.97097689001251,120.33486105182968
A7,2026-01-03 09:00:00,61.5825157376294,62.97097689001251,120.33486105182968
A7,2026-01-03 10:00:00,61.3030752723187,62.97097689001251,120.33486105182968
A7,2026-01-03 11:00:00,61.5417948954804,62.97097689001251,120.33486105182968
A7,2026-01-03 12:00:00,62.2380224921625,62.97097689001251,120.33486105182968
A7,2026-01-03 13:00:00,62.1409659569287,62.97097689001251,120.33486105182968
A7,2026-01-03 14:00:00,61.103113630516,62.97097689001251,120.33486105182968
A7,2026-01-03 15:00:00,61.7323844137381,62.97097689001251,120.33486105182968
A7,2026-01-03 16:00:00,61.7827288675515,62.97097689001251,120.33486105182968
A7,2026-01-03 17:00:00,61.2347373145147,62.97097689001251,120.33486105182968
A7,2026-01-03 18:00:00,62.4010286496546,62.97097689001251,120.33486105182968
A7,2026-01-03 19:00:00,62.0515584836881,62.97097689001251,120.33486105182968
A7,2026-01-03 20:00:00,61.5600720756895,62.97097689001251,120.33486105182968
A7,2026-01-03 21:00:00,62.1755228469914,62.97097689001251,120.33486105182968
A7,2026-01-03 22:00:00,61.5359223026043,62.97097689001251,120.33486105182968
A7,2026-01-03 23:00:00,61.070287635012,62.97097689001251,120.33486105182968
A7,2026-01-04 00:00:00,60.8425617050845,62.97097689001251,120.33486105182968
A7,2026-01-04 01:00:00,60.2613899996504,62.97097689001251,120.33486105182968
A7,2026-01-04 02:00:00,60.4847318393557,62.97097689001251,120.33486105182968
A7,2026-01-04 03:00:00,60.5161476498501,62.97097689001251,120.33486105182968
A7,2026-01-04 04:00:00,60.8553702805497,62.97097689001251,120.33486105182968
A7,2026-01-04 05:00:00,60.8314120239943,62.97097689001251,120.33486105182968
A7,2026-01-04 06:00:00,60.2491062680904,62.97097689001251,120.33486105182968
A7,2026-01-04 07:00:00,60.705723728672,62.97097689001251,120.33486105182968
A7,2026-01-04 08:00:00,61.5353625129527,62.97097689001251,120.33486105182968
A7,2026-01-04 09:00:00,60.5333617454675,62.97097689001251,120.33486105182968
A7,2026-01-04 10:00:00,61.3167587362945,62.97097689001251,120.33486105182968
A7,2026-01-04 11:00:00,61.1080207628659,62.97097689001251,120.33486105182968
A7,2026-01-04 12:00:00,60.089295929098,62.97097689001251,120.33486105182968
A7,2026-01-04 13:00:00,60.8307880233912,62.97097689001251,120.33486105182968
A7,2026-01-04 14:00:00,60.0944659106348,62.97097689001251,120.33486105182968
A7,2026-01-04 15:00:00,61.0341696414108,62.97097689001251,120.33486105182968
A7,2026-01-04 16:00:00,60.6731608230743,62.97097689001251,120.33486105182968
A7,2026-01-04 17:00:00,60.6772046306973,62.97097689001251,120.33486105182968
A7,2026-01-04 18:00:00,58.0562865049731,62.97097689001251,120.33486105182968
A7,2026-01-04 20:00:00,60.9451945109236,62.97097689001251,120.33486105182968
A7,2026-01-04 21:00:00,60.8179977380916,62.97097689001251,120.33486105182968
A7,2026-01-04 22:00:00,60.5490513485819,62.97097689001251,120.33486105182968
A7,2026-01-04 23:00:00,60.5771695659902,62.97097689001251,120.33486105182968
A7,2026-01-05 00:00:00,61.5150491607672,62.97097689001251,120.33486105182968
A7,2026-01-05 01:00:00,61.0212614427307,62.97097689001251,120.33486105182968
A7,2026-01-05 02:00:00,60.7562441741965,62.97097689001251,120.33486105182968
A7,2026-01-05 03:00:00,60.9088533057591,62.97097689001251,120.33486105182968
A7,2026-01-05 04:00:00,60.1457083830892,62.97097689001251,120.33486105182968
A7,2026-01-05 05:00:00,60.7088545144378,62.97097689001251,120.33486105182968
A7,2026-01-05 06:00:00,59.6221767635968,62.97097689001251,120.33486105182968
A7,2026-01-05 08:00:00,59.9661762932795,62.97097689001251,120.33486105182968
A7,2026-01-05 10:00:00,60.3181532419713,62.97097689001251,120.33486105182968
A7,2026-01-05 11:00:00,60.9358170231979,62.97097689001251,120.33486105182968
A7,2026-01-05 12:00:00,60.4331989032084,62.97097689001251,120.33486105182968
A7,2026-01-05 13:00:00,60.4253154095224,62.97097689001251,120.33486105182968
A7,2026-01-05 14:00:00,60.5367148142122,62.97097689001251,120.33486105182968
A7,2026-01-05 15:00:00,60.1628104469502,62.97097689001251,120.33486105182968
A7,2026-01-05 16:00:00,60.4664291690588,62.97097689001251,120.33486105182968
A7,2026-01-05 17:00:00,60.9780153057087,62.97097689001251,120.33486105182968
A7,2026-01-05 18:00:00,60.7854431311916,62.97097689001251,120.33486105182968
A7,2026-01-05 20:00:00,60.4715008456424,62.97097689001251,120.33486105182968
A7,2026-01-05 21:00:00,60.8117621407008,62.97097689001251,120.33486105182968
A7,2026-01-05 22:00:00,60.2459123028425,62.97097689001251,120.33486105182968
A7,2026-01-05 23:00:00,60.4594257133975,62.97097689001251,120.33486105182968
A7,2026-01-06 00:00:00,59.6239042584923,62.97097689001251,120.33486105182968
A7,2026-01-06 01:00:00,60.1618758602215,62.97097689001251,120.33486105182968
A7,2026-01-06 02:00:00,59.9678263505935,62.97097689001251,120.33486105182968
A7,2026-01-06 03:00:00,59.3469578667627,62.97097689001251,120.33486105182968
A7,2026-01-06 04:00:00,60.0108999877989,62.97097689001251,120.33486105182968
A7,2026-01-06 05:00:00,59.0092529512298,62.97097689001251,120.33486105182968
A7,2026-01-06 08:00:00,51.3873673640526,62.97097689001251,120.33486105182968
A7,2026-01-06 20:00:00,59.9314123617746,62.97097689001251,120.33486105182968
A7,2026-01-06 21:00:00,59.7984894847958,62.97097689001251,120.33486105182968
A7,2026-01-06 22:00:00,59.2322754714693,62.97097689001251,120.33486105182968
A7,2026-01-06 23:00:00,59.9933641761574,62.97097689001251,120.33486105182968
A7,2026-01-07 00:00:00,59.5737968936748,62.97097689001251,120.33486105182968
A7,2026-01-07 01:00:00,59.1048292488016,62.97097689001251,120.33486105182968
A7,2026-01-07 02:00:00,59.7602353782292,62.97097689001251,120.33486105182968
A7,2026-01-07 03:00:00,58.9487362603006,62.97097689001251,120.33486105182968
A7,2026-01-07 04:00:00,59.6099836906947,62.97097689001251,120.33486105182968
A7,2026-01-07 05:00:00,59.720128788113,62.97097689001251,120.33486105182968
A7,2026-01-07 06:00:00,59.200235598206,62.97097689001251,120.33486105182968
A7,2026-01-07 08:00:00,59.4391910093345,62.97097689001251,120.33486105182968
A7,2026-01-07 09:00:00,59.1058703102428,62.97097689001251,120.33486105182968
A7,2026-01-07 10:00:00,59.0364898479293,62.97097689001251,120.33486105182968
A7,2026-01-07 11:00:00,59.9613233075774,62.97097689001251,120.33486105182968
A7,2026-01-07 12:00:00,60.1301781068014,62.97097689001251,120.33486105182968
A7,2026-01-07 13:00:00,59.2242820468163,62.97097689001251,120.33486105182968
A7,2026-01-07 14:00:00,58.6383496856642,62.97097689001251,120.33486105182968
A7,2026-01-07 15:00:00,58.9902478039444,62.97097689001251,120.33486105182968
A7,2026-01-07 16:00:00,59.2242434394351,62.97097689001251,120.33486105182968
A7,2026-01-07 17:00:00,58.8709911790217,62.97097689001251,120.33486105182968
A7,2026-01-07 18:00:00,59.7049783717777,62.97097689001251,120.33486105182968
A7,2026-01-07 20:00:00,58.7836422093777,62.97097689001251,120.33486105182968
A7,2026-01-07 21:00:00,59.2381781666044,62.97097689001251,120.33486105182968
A7,2026-01-07 22:00:00,60.2147481554257,62.97097689001251,120.33486105182968
A7,2026-01-07 23:00:00,59.2895852313907,62.97097689001251,120.33486105182968
A7,2026-01-08 00:00:00,57.1161397476775,62.97097689001251,120.33486105182968
A7,2026-01-08 01:00:00,57.4240221841918,62.97097689001251,120.33486105182968
A7,2026-01-08 02:00:00,57.50432048183,62.97097689001251,120.33486105182968
A7,2026-01-08 03:00:00,57.8527051010224,62.97097689001251,120.33486105182968
A7,2026-01-08 04:00:00,58.3617791858176,62.97097689001251,120.33486105182968
A7,2026-01-08 05:00:00,58.1439236058001,62.97097689001251,120.33486105182968
A7,2026-01-08 06:00:00,58.0057835059667,62.97097689001251,120.33486105182968
A7,2026-01-08 08:00:00,58.4693539344293,62.97097689001251,120.33486105182968
A7,2026-01-08 10:00:00,58.3982111329453,62.97097689001251,120.33486105182968
A7,2026-01-08 11:00:00,57.8088676167882,62.97097689001251,120.33486105182968
A7,2026-01-08 12:00:00,43.2205797769479,62.97097689001251,120.33486105182968
A7,2026-01-08 13:00:00,57.5192640835629,62.97097689001251,120.33486105182968
A7,2026-01-08 14:00:00,58.0171301454014,62.97097689001251,120.33486105182968
A7,2026-01-08 15:00:00,57.2997464253397,62.97097689001251,120.33486105182968
A7,2026-01-08 16:00:00,57.2938721152012,62.97097689001251,120.33486105182968
A7,2026-01-08 17:00:00,57.7021022457099,62.97097689001251,120.33486105182968
A7,2026-01-08 18:00:00,58.0078767716997,62.97097689001251,120.33486105182968
A7,2026-01-08 20:00:00,62.5238313894266,62.97097689001251,120.33486105182968
A7,2026-01-08 21:00:00,58.0786189166762,62.97097689001251,120.33486105182968
A7,2026-01-08 22:00:00,57.7909192960224,62.97097689001251,120.33486105182968
A7,2026-01-08 23:00:00,57.6497223081959,62.97097689001251,120.33486105182968
A7,2026-01-09 00:00:00,57.105022071937,62.97097689001251,120.33486105182968
A7,2026-01-09 01:00:00,57.6291640250169,62.97097689001251,120.33486105182968
A7,2026-01-09 02:00:00,56.5456476278101,62.97097689001251,120.33486105182968
A7,2026-01-09 03:00:00,56.8240260095256,62.97097689001251,120.33486105182968
A7,2026-01-09 04:00:00,57.869742833883,62.97097689001251,120.33486105182968
A7,2026-01-09 05:00:00,58.0463190997263,62.97097689001251,120.33486105182968
A7,2026-01-09 06:00:00,56.5961196497903,62.97097689001251,120.33486105182968
A7,2026-01-09 08:00:00,57.1741490375209,62.97097689001251,120.33486105182968
A7,2026-01-09 09:00:00,57.4981361849518,62.97097689001251,120.33486105182968
A7,2026-01-09 10:00:00,57.3021812385801,62.97097689001251,120.33486105182968
A7,2026-01-09 11:00:00,56.9924141198919,62.97097689001251,120.33486105182968
A7,2026-01-09 12:00:00,56.3172720775211,62.97097689001251,120.33486105182968
A7,2026-01-09 13:00:00,57.8671468549816,62.97097689001251,120.33486105182968
A7,2026-01-09 15:00:00,56.3463649403819,62.97097689001251,120.33486105182968
A7,2026-01-09 16:00:00,56.8069737902407,62.97097689001251,120.33486105182968
A7,2026-01-09 17:00:00,57.1327977797055,62.97097689001251,120.33486105182968
A7,2026-01-09 18:00:00,57.2564031394708,62.97097689001251,120.33486105182968
A7,2026-01-09 20:00:00,57.449119364811,62.97097689001251,120.33486105182968
A7,2026-01-09 21:00:00,57.0319796899012,62.97097689001251,120.33486105182968
A7,2026-01-09 22:00:00,57.2381789730396,62.97097689001251,120.33486105182968
A7,2026-01-09 23:00:00,57.0418924876514,62.97097689001251,120.33486105182968
A7,2026-01-10 00:00:00,56.7967839632696,62.97097689001251,120.33486105182968
A7,2026-01-10 01:00:00,56.9584876675499,62.97097689001251,120.33486105182968
A7,2026-01-10 02:00:00,56.9199455089496,62.97097689001251,120.33486105182968
A7,2026-01-10 03:00:00,56.8370118147299,62.97097689001251,120.33486105182968
A7,2026-01-10 04:00:00,57.0647149116539,62.97097689001251,120.33486105182968
A7,2026-01-10 05:00:00,56.9400794785925,62.97097689001251,120.33486105182968
A7,2026-01-10 08:00:00,56.589814601649,62.97097689001251,120.33486105182968
A7,2026-01-10 09:00:00,57.3823982050384,62.97097689001251,120.33486105182968
A7,2026-01-10 10:00:00,56.3408974163548,62.97097689001251,120.33486105182968
A7,2026-01-10 11:00:00,56.6855262977548,62.97097689001251,120.33486105182968
A7,2026-01-10 14:00:00,57.3922610284494,62.97097689001251,120.33486105182968
A7,2026-01-10 15:00:00,56.3596397216908,62.97097689001251,120.33486105182968
A7,2026-01-10 16:00:00,57.5860101649126,62.97097689001251,120.33486105182968
A7,2026-01-10 17:00:00,57.2247003396187,62.97097689001251,120.33486105182968
A7,2026-01-10 18:00:00,56.9130031606143,62.97097689001251,120.33486105182968
A7,2026-01-10 20:00:00,56.7928724789074,62.97097689001251,120.33486105182968
A7,2026-01-10 21:00:00,57.2253984158355,62.97097689001251,120.33486105182968
A7,2026-01-10 22:00:00,57.1102421469628,62.97097689001251,120.33486105182968
A7,2026-01-10 23:00:00,57.0275139333832,62.97097689001251,120.33486105182968
A7,2026-01-11 00:00:00,55.5565164115066,62.97097689001251,120.33486105182968
A7,2026-01-11 01:00:00,55.5602188838327,62.97097689001251,120.33486105182968
A7,2026-01-11 02:00:00,56.0418307768731,62.97097689001251,120.33486105182968
A7,2026-01-11 03:00:00,56.2180703213319,62.97097689001251,120.33486105182968
A7,2026-01-11 08:00:00,56.3798215208954,62.97097689001251,120.33486105182968
A7,2026-01-11 09:00:00,56.28962883967,62.97097689001251,120.33486105182968
A7,2026-01-11 10:00:00,56.1872735356603,62.97097689001251,120.33486105182968
A7,2026-01-11 11:00:00,55.7540941342336,62.97097689001251,120.33486105182968
A7,2026-01-11 12:00:00,55.7206377147027,62.97097689001251,120.33486105182968
A7,2026-01-11 13:00:00,55.755149923836,62.97097689001251,120.33486105182968
A7,2026-01-11 14:00:00,55.8223449669529,62.97097689001251,120.33486105182968
A7,2026-01-11 15:00:00,55.9203694180855,62.97097689001251,120.33486105182968
A7,2026-01-11 16:00:00,55.3649462125765,62.97097689001251,120.33486105182968
A7,2026-01-11 17:00:00,56.0536321968217,62.97097689001251,120.33486105182968
A7,2026-01-11 18:00:00,55.9903818890231,62.97097689001251,120.33486105182968
A7,2026-01-11 20:00:00,55.7681183425736,62.97097689001251,120.33486105182968
A7,2026-01-11 21:00:00,55.9694894633883,62.97097689001251,120.33486105182968
A7,2026-01-11 22:00:00,56.4090953807142,62.97097689001251,120.33486105182968
A7,2026-01-11 23:00:00,56.5880364729587,62.97097689001251,120.33486105182968
A7,2026-01-12 00:00:00,54.9680504925992,62.97097689001251,120.33486105182968
A7,2026-01-12 01:00:00,55.3686227891859,62.97097689001251,120.33486105182968
A7,2026-01-12 02:00:00,54.6733741149094,62.97097689001251,120.33486105182968
A7,2026-01-12 03:00:00,55.1509402522615,62.97097689001251,120.33486105182968
A7,2026-01-12 04:00:00,54.9422350620903,62.97097689001251,120.33486105182968
A7,2026-01-12 05:00:00,55.0379697808484,62.97097689001251,120.33486105182968
A7,2026-01-12 06:00:00,54.8940078303463,62.97097689001251,120.33486105182968
A7,2026-01-12 08:00:00,55.0327199650731,62.97097689001251,120.33486105182968
A7,2026-01-12 09:00:00,55.1174965120095,62.97097689001251,120.33486105182968
A7,2026-01-12 10:00:00,55.1137305092483,62.97097689001251,120.33486105182968
A7,2026-01-12 11:00:00,54.2083405018391,62.97097689001251,120.33486105182968
A7,2026-01-12 12:00:00,55.1131395576164,62.97097689001251,120.33486105182968
A7,2026-01-12 13:00:00,55.448630957751,62.97097689001251,120.33486105182968
A7,2026-01-13 01:00:00,54.5810995228844,62.97097689001251,120.33486105182968
A7,2026-01-13 02:00:00,54.6093531634435,62.97097689001251,120.33486105182968
A7,2026-01-13 03:00:00,55.2597062785188,62.97097689001251,120.33486105182968
A7,2026-01-13 04:00:00,54.6601919213499,62.97097689001251,120.33486105182968
A7,2026-01-13 05:00:00,54.2944249609654,62.97097689001251,120.33486105182968
A7,2026-01-13 06:00:00,55.1897321788292,62.97097689001251,120.33486105182968
A7,2026-01-13 08:00:00,54.1672009642445,62.97097689001251,120.33486105182968
A7,2026-01-13 09:00:00,55.1293032638256,62.97097689001251,120.33486105182968
A7,2026-01-13 10:00:00,55.1202236549707,62.97097689001251,120.33486105182968
A7,2026-01-13 11:00:00,55.2966138283088,62.97097689001251,120.33486105182968
A7,2026-01-13 12:00:00,54.6540994631355,62.97097689001251,120.33486105182968
A7,2026-01-13 13:00:00,55.7774328107147,62.97097689001251,120.33486105182968
A7,2026-01-13 14:00:00,54.9201020439835,62.97097689001251,120.33486105182968
A7,2026-01-13 15:00:00,54.5430079033821,62.97097689001251,120.33486105182968
A7,2026-01-13 16:00:00,54.5769860878286,62.97097689001251,120.33486105182968
A7,2026-01-13 17:00:00,55.0479183647262,62.97097689001251,120.33486105182968
A7,2026-01-13 18:00:00,54.8093941002286,62.97097689001251,120.33486105182968
A7,2026-01-13 20:00:00,54.4546325430954,62.97097689001251,120.33486105182968
A7,2026-01-13 21:00:00,54.9705954757632,62.97097689001251,120.33486105182968
A7,2026-01-13 22:00:00,54.5367247455279,62.97097689001251,120.33486105182968
A7,2026-01-13 23:00:00,54.8102438894429,62.97097689001251,120.33486105182968
A7,2026-01-14 00:00:00,53.8248009164533,62.97097689001251,120.33486105182968
A7,2026-01-14 01:00:00,53.6926838417569,62.97097689001251,120.33486105182968
A7,2026-01-14 02:00:00,53.179002783245,62.97097689001251,120.33486105182968
A7,2026-01-14 03:00:00,52.9796311278572,62.97097689001251,120.33486105182968
A7,2026-01-14 04:00:00,54.1780328848883,62.97097689001251,120.33486105182968
A7,2026-01-14 05:00:00,54.020350352757,62.97097689001251,120.33486105182968
A7,2026-01-14 06:00:00,53.9647940558618,62.97097689001251,120.33486105182968
A7,2026-01-14 08:00:00,53.4869891873856,62.97097689001251,120.33486105182968
A7,2026-01-14 09:00:00,52.9219073932666,62.97097689001251,120.33486105182968
A7,2026-01-14 10:00:00,53.6882476700343,62.97097689001251,120.33486105182968
A7,2026-01-14 11:00:00,53.9233212771502,62.97097689001251,120.33486105182968
A7,2026-01-14 12:00:00,53.737742326297,62.97097689001251,120.33486105182968
A7,2026-01-14 13:00:00,53.3066569838609,62.97097689001251,120.33486105182968
A7,2026-01-14 14:00:00,53.766128017482,62.97097689001251,120.33486105182968
A7,2026-01-14 15:00:00,53.2474513922116,62.97097689001251,120.33486105182968
A7,2026-01-14 16:00:00,53.8204385940794,62.97097689001251,120.33486105182968
A7,2026-01-14 17:00:00,53.7604892218163,62.97097689001251,120.33486105182968
A7,2026-01-14 18:00:00,53.3736124463999,62.97097689001251,120.33486105182968
A7,2026-01-14 20:00:00,53.4855542885084,62.97097689001251,120.33486105182968
A7,2026-01-14 21:00:00,52.7868614755843,62.97097689001251,120.33486105182968
A7,2026-01-14 22:00:00,53.430019539098,62.97097689001251,120.33486105182968
A7,2026-01-14 23:00:00,53.0634173921657,62.97097689001251,120.33486105182968
A7,2026-01-15 00:00:00,52.4010352712437,62.97097689001251,120.33486105182968
A7,2026-01-15 01:00:00,52.1925930193616,62.97097689001251,120.33486105182968
A7,2026-01-15 02:00:00,52.593055649656,62.97097689001251,120.33486105182968
A7,2026-01-15 03:00:00,52.4946312676004,62.97097689001251,120.33486105182968
A7,2026-01-15 04:00:00,57.4687865336599,62.97097689001251,120.33486105182968
A7,2026-01-15 05:00:00,53.2070252480639,62.97097689001251,120.33486105182968
A7,2026-01-15 06:00:00,52.7527075228661,62.97097689001251,120.33486105182968
A7,2026-01-15 08:00:00,53.2077654816882,62.97097689001251,120.33486105182968
A7,2026-01-15 09:00:00,52.7899436772503,62.97097689001251,120.33486105182968
A7,2026-01-15 10:00:00,52.0698047659116,62.97097689001251,120.33486105182968
A7,2026-01-15 11:00:00,52.3781582002604,62.97097689001251,120.33486105182968
A7,2026-01-15 12:00:00,52.3217507297864,62.97097689001251,120.33486105182968
A7,2026-01-15 13:00:00,52.7990040144014,62.97097689001251,120.33486105182968
A7,2026-01-15 14:00:00,52.1354302673646,62.97097689001251,120.33486105182968
A7,2026-01-15 15:00:00,52.0866561244315,62.97097689001251,120.33486105182968
A7,2026-01-15 16:00:00,53.2526782986273,62.97097689001251,120.33486105182968
A7,2026-01-15 17:00:00,52.9506270307829,62.97097689001251,120.33486105182968
A7,2026-01-15 18:00:00,51.4807378124936,62.97097689001251,120.33486105182968
A7,2026-01-15 20:00:00,53.1573303399488,62.97097689001251,120.33486105182968
A7,2026-01-15 21:00:00,53.042737037596,62.97097689001251,120.33486105182968
A7,2026-01-15 22:00:00,51.9988991964992,62.97097689001251,120.33486105182968
A7,2026-01-15 23:00:00,51.6236532696343,62.97097689001251,120.33486105182968
A7,2026-01-16 00:00:00,51.2035997610195,62.97097689001251,120.33486105182968
A7,2026-01-16 01:00:00,51.4999966073508,62.97097689001251,120.33486105182968
A7,2026-01-16 02:00:00,51.9648191336339,62.97097689001251,120.33486105182968
A7,2026-01-16 03:00:00,51.7581764722994,62.97097689001251,120.33486105182968
A7,2026-01-16 04:00:00,51.9402121968639,62.97097689001251,120.33486105182968
A7,2026-01-16 05:00:00,51.4171994188933,62.97097689001251,120.33486105182968
A7,2026-01-16 06:00:00,51.688535720221,62.97097689001251,120.33486105182968
A7,2026-01-16 08:00:00,51.1692933490893,62.97097689001251,120.33486105182968
A7,2026-01-16 10:00:00,51.1102404267292,62.97097689001251,120.33486105182968
A7,2026-01-16 11:00:00,51.7015614664688,62.97097689001251,120.33486105182968
A7,2026-01-16 12:00:00,51.6512401556268,62.97097689001251,120.33486105182968
A7,2026-01-16 13:00:00,50.906693871874,62.97097689001251,120.33486105182968
A7,2026-01-16 14:00:00,51.5366959280656,62.97097689001251,120.33486105182968
A7,2026-01-16 15:00:00,51.6373591628652,62.97097689001251,120.33486105182968
A7,2026-01-17 02:00:00,50.7437975402129,62.97097689001251,120.33486105182968
A7,2026-01-17 03:00:00,49.7782242193139,62.97097689001251,120.33486105182968
A7,2026-01-17 04:00:00,50.538919315661,62.97097689001251,120.33486105182968
A7,2026-01-17 05:00:00,49.3715996665238,62.97097689001251,120.33486105182968
A7,2026-01-17 06:00:00,50.5929855765442,62.97097689001251,120.33486105182968
A7,2026-01-17 08:00:00,51.2582206157481,62.97097689001251,120.33486105182968
A7,2026-01-17 09:00:00,49.8294607418399,62.97097689001251,120.33486105182968
A7,2026-01-17 12:00:00,50.695820040214,62.97097689001251,120.33486105182968
A7,2026-01-17 13:00:00,50.6228210791052,62.97097689001251,120.33486105182968
A7,2026-01-17 14:00:00,50.5711226046678,62.97097689001251,120.33486105182968
A7,2026-01-17 15:00:00,50.0742753618092,62.97097689001251,120.33486105182968
A7,2026-01-17 16:00:00,50.2352880717181,62.97097689001251,120.33486105182968
A7,2026-01-17 17:00:00,50.128958386501,62.97097689001251,120.33486105182968
A7,2026-01-17 18:00:00,50.6669166707486,62.97097689001251,120.33486105182968
A7,2026-01-17 19:00:00,50.4896028203639,62.97097689001251,120.33486105182968
A7,2026-01-17 20:00:00,50.1618524011858,62.97097689001251,120.33486105182968
A7,2026-01-17 21:00:00,50.5265438510672,62.97097689001251,120.33486105182968
A7,2026-01-17 22:00:00,50.2270415435746,62.97097689001251,120.33486105182968
A7,2026-01-17 23:00:00,50.6259578276618,62.97097689001251,120.33486105182968
A7,2026-01-18 00:00:00,50.250323934421,62.97097689001251,120.33486105182968
A7,2026-01-18 01:00:00,49.5072867617691,62.97097689001251,120.33486105182968
A7,2026-01-18 02:00:00,49.900436350008,62.97097689001251,120.33486105182968
A7,2026-01-18 03:00:00,50.1261005027346,62.97097689001251,120.33486105182968
A7,2026-01-18 04:00:00,50.4785131235825,62.97097689001251,120.33486105182968
A7,2026-01-18 05:00:00,49.7157147846633,62.97097689001251,120.33486105182968
A7,2026-01-18 06:00:00,49.5923950077131,62.97097689001251,120.33486105182968
A7,2026-01-18 08:00:00,49.7221527947064,62.97097689001251,120.33486105182968
A7,2026-01-18 09:00:00,48.773087071736,62.97097689001251,120.33486105182968
A7,2026-01-18 10:00:00,50.1496943008415,62.97097689001251,120.33486105182968
A7,2026-01-18 21:00:00,49.3129684641599,62.97097689001251,120.33486105182968
A7,2026-01-18 22:00:00,49.8268404401482,62.97097689001251,120.33486105182968
A7,2026-01-18 23:00:00,48.9516652023908,62.97097689001251,120.33486105182968
A7,2026-01-19 00:00:00,49.2717562907066,62.97097689001251,120.33486105182968
A7,2026-01-19 01:00:00,49.5720316958502,62.97097689001251,120.33486105182968
A7,2026-01-19 02:00:00,49.3761508883902,62.97097689001251,120.33486105182968
A7,2026-01-19 03:00:00,49.1533921387002,62.97097689001251,120.33486105182968
A7,2026-01-19 04:00:00,49.2884852683355,62.97097689001251,120.33486105182968
A7,2026-01-19 05:00:00,49.349296039088,62.97097689001251,120.33486105182968
A7,2026-01-19 06:00:00,49.5917833115017,62.97097689001251,120.33486105182968
A7,2026-01-19 08:00:00,49.4732466909276,62.97097689001251,120.33486105182968
A7,2026-01-19 09:00:00,49.3641978074921,62.97097689001251,120.33486105182968
A7,2026-01-19 11:00:00,49.1415409375923,62.97097689001251,120.33486105182968
A7,2026-01-19 12:00:00,50.0224447543789,62.97097689001251,120.33486105182968
A7,2026-01-19 13:00:00,49.3907788138589,62.97097689001251,120.33486105182968
A7,2026-01-19 14:00:00,48.6982800803356,62.97097689001251,120.33486105182968
A7,2026-01-19 15:00:00,49.8256113945366,62.97097689001251,120.33486105182968
A7,2026-01-19 16:00:00,49.5804366753265,62.97097689001251,120.33486105182968
A7,2026-01-19 17:00:00,49.6551259323491,62.97097689001251,120.33486105182968
A7,2026-01-19 18:00:00,48.9145230574536,62.97097689001251,120.33486105182968
A7,2026-01-19 20:00:00,49.3139919199007,62.97097689001251,120.33486105182968
A7,2026-01-19 21:00:00,49.9781149256927,62.97097689001251,120.33486105182968
A7,2026-01-19 22:00:00,49.4097508240246,62.97097689001251,120.33486105182968
A7,2026-01-19 23:00:00,49.6714344750246,62.97097689001251,120.33486105182968
A7,2026-01-20 00:00:00,49.4807024025439,62.97097689001251,120.33486105182968
A7,2026-01-20 06:00:00,49.6231628580265,62.97097689001251,120.33486105182968
A7,2026-01-20 12:00:00,48.3592015838432,62.97097689001251,120.33486105182968
A7,2026-01-20 18:00:00,49.3231314585305,62.97097689001251,120.33486105182968
A7,2026-01-21 00:00:00,48.0635933438426,62.97097689001251,120.33486105182968
A7,2026-01-21 06:00:00,48.4973365122271,62.97097689001251,120.33486105182968
A7,2026-01-21 12:00:00,47.9753807128245,62.97097689001251,120.33486105182968
A7,2026-01-21 18:00:00,48.3681183305305,62.97097689001251,120.33486105182968
A7,2026-01-22 00:00:00,47.1929595866688,62.97097689001251,120.33486105182968
A7,2026-01-22 06:00:00,47.9440871819808,62.97097689001251,120.33486105182968
A7,2026-01-22 12:00:00,47.9824491287512,62.97097689001251,120.33486105182968
A7,2026-01-22 18:00:00,47.3222870831564,62.97097689001251,120.33486105182968
A7,2026-01-23 00:00:00,47.7201756229033,62.97097689001251,120.33486105182968
A7,2026-01-23 06:00:00,46.906767113751,62.97097689001251,120.33486105182968
A7,2026-01-23 12:00:00,47.7318309354536,62.97097689001251,120.33486105182968
A7,2026-01-23 18:00:00,46.4155415633524,62.97097689001251,120.33486105182968
A7,2026-01-24 00:00:00,46.4537454309472,62.97097689001251,120.33486105182968
A7,2026-01-24 06:00:00,46.8966980511018,62.97097689001251,120.33486105182968
A7,2026-01-24 12:00:00,46.1901654163971,62.97097689001251,120.33486105182968
A7,2026-01-24 18:00:00,46.5597430084287,62.97097689001251,120.33486105182968
A7,2026-01-25 00:00:00,45.7205664501868,62.97097689001251,120.33486105182968
A7,2026-01-25 06:00:00,45.9502632997998,62.97097689001251,120.33486105182968
A7,2026-01-25 12:00:00,45.7083406462979,62.97097689001251,120.33486105182968
A7,2026-01-25 18:00:00,45.4466461062841,62.97097689001251,120.33486105182968
A7,2026-01-26 00:00:00,45.4794512897617,62.97097689001251,120.33486105182968
A7,2026-01-26 06:00:00,44.7921426598266,62.97097689001251,120.33486105182968
A7,2026-01-26 12:00:00,45.0179649938483,62.97097689001251,120.33486105182968
A7,2026-01-26 18:00:00,45.0768029190204,62.97097689001251,120.33486105182968
A7,2026-01-27 00:00:00,45.1460322708152,62.97097689001251,120.33486105182968
A7,2026-01-27 06:00:00,45.3625518826149,62.97097689001251,120.33486105182968
A7,2026-01-27 12:00:00,45.427363401555,62.97097689001251,120.33486105182968
A7,2026-01-27 18:00:00,45.0273618422618,62.97097689001251,120.33486105182968
A7,2026-01-28 00:00:00,45.1428183465743,62.97097689001251,120.33486105182968
A7,2026-01-28 06:00:00,44.6983563809213,62.97097689001251,120.33486105182968
A7,2026-01-28 12:00:00,44.4667475017124,62.97097689001251,120.33486105182968
A7,2026-01-28 18:00:00,44.436734250036,62.97097689001251,120.33486105182968
A7,2026-01-29 00:00:00,44.9616478508771,62.97097689001251,120.33486105182968
A7,2026-01-29 06:00:00,44.6428904033571,62.97097689001251,120.33486105182968
A7,2026-01-29 12:00:00,44.3454624554662,62.97097689001251,120.33486105182968
A7,2026-01-29 18:00:00,44.3909181014453,62.97097689001251,120.33486105182968
A7,2026-01-30 00:00:00,43.355091110972,62.97097689001251,120.33486105182968
A7,2026-01-30 06:00:00,43.9860640080851,62.97097689001251,120.33486105182968
A7,2026-01-30 12:00:00,43.7976235206555,62.97097689001251,120.33486105182968
A7,2026-01-30 18:00:00,43.4807428623575,62.97097689001251,120.33486105182968
A7,2026-01-31 00:00:00,42.3096071947121,62.97097689001251,120.33486105182968
A7,2026-01-31 06:00:00,43.0050782162609,62.97097689001251,120.33486105182968
A7,2026-01-31 12:00:00,43.2274563493825,62.97097689001251,120.33486105182968
A7,2026-01-31 18:00:00,43.4981560204361,62.97097689001251,120.33486105182968
A7,2026-02-01 00:00:00,43.4085408800984,62.97097689001251,120.33486105182968
A7,2026-02-01 06:00:00,42.8015129514335,62.97097689001251,120.33486105182968
A7,2026-02-01 12:00:00,42.5174458251318,62.97097689001251,120.33486105182968
A7,2026-02-01 18:00:00,42.5006110216838,62.97097689001251,120.33486105182968
A7,2026-02-02 00:00:00,42.3675070768443,62.97097689001251,120.33486105182968
A7,2026-02-02 06:00:00,42.0171950415749,62.97097689001251,120.33486105182968
A7,2026-02-02 12:00:00,42.4249673335808,62.97097689001251,120.33486105182968
A7,2026-02-02 18:00:00,41.5551769476237,62.97097689001251,120.33486105182968
A7,2026-02-03 00:00:00,41.7094196907683,62.97097689001251,120.33486105182968
A7,2026-02-03 06:00:00,41.4166475192643,62.97097689001251,120.33486105182968
A7,2026-02-03 12:00:00,42.4733099568698,62.97097689001251,120.33486105182968
A7,2026-02-03 18:00:00,42.2455884929375,62.97097689001251,120.33486105182968
A7,2026-02-04 00:00:00,41.1988122316582,62.97097689001251,120.33486105182968
A7,2026-02-04 06:00:00,41.4704087416929,62.97097689001251,120.33486105182968
A7,2026-02-04 12:00:00,41.7728934860439,62.97097689001251,120.33486105182968
A7,2026-02-05 12:00:00,40.52149387371,62.97097689001251,120.33486105182968
A7,2026-02-05 18:00:00,40.6852306609051,62.97097689001251,120.33486105182968
A7,2026-02-06 00:00:00,40.2355027175628,62.97097689001251,120.33486105182968
A7,2026-02-06 06:00:00,40.655728141064,62.97097689001251,120.33486105182968
A7,2026-02-06 12:00:00,40.3694782498969,62.97097689001251,120.33486105182968
A7,2026-02-06 18:00:00,40.8037689540838,62.97097689001251,120.33486105182968
A7,2026-02-07 00:00:00,39.4211427994098,62.97097689001251,120.33486105182968
A7,2026-02-07 06:00:00,39.647637231939,62.97097689001251,120.33486105182968
A7,2026-02-07 12:00:00,40.0097304732995,62.97097689001251,120.33486105182968
A7,2026-02-07 18:00:00,39.40537368734,62.97097689001251,120.33486105182968
A7,2026-02-19 18:00:00,62.9498681062188,62.97097689001251,120.33486105182968
A7,2026-02-20 00:00:00,62.6135326878818,62.97097689001251,120.33486105182968
A7,2026-02-20 06:00:00,62.9526688928485,62.97097689001251,120.33486105182968
A7,2026-02-20 18:00:00,62.6273410128579,62.97097689001251,120.33486105182968
A7,2026-02-21 00:00:00,62.0571063678718,62.97097689001251,120.33486105182968
A7,2026-02-21 06:00:00,61.7834409903478,62.97097689001251,120.33486105182968
A7,2026-02-21 12:00:00,61.8157760274627,62.97097689001251,120.33486105182968
A7,2026-02-21 18:00:00,62.2557175424503,62.97097689001251,120.33486105182968
A7,2026-02-22 00:00:00,61.579740589875,62.97097689001251,120.33486105182968
A7,2026-02-22 06:00:00,61.3616198381397,62.97097689001251,120.33486105182968
A7,2026-02-22 12:00:00,61.4012783723775,62.97097689001251,120.33486105182968
A7,2026-02-22 18:00:00,61.2411401042231,62.97097689001251,120.33486105182968
A7,2026-02-23 00:00:00,60.4495168128381,62.97097689001251,120.33486105182968
A7,2026-02-23 06:00:00,60.9460542890858,62.97097689001251,120.33486105182968
A7,2026-02-23 12:00:00,60.9072876528289,62.97097689001251,120.33486105182968
A7,2026-02-23 18:00:00,60.7549229375021,62.97097689001251,120.33486105182968
A7,2026-02-24 00:00:00,60.4692726411333,62.97097689001251,120.33486105182968
A7,2026-02-24 06:00:00,61.0118502943435,62.97097689001251,120.33486105182968
A7,2026-02-24 12:00:00,60.2748289974716,62.97097689001251,120.33486105182968
A7,2026-02-24 18:00:00,60.4850019926014,62.97097689001251,120.33486105182968
A7,2026-02-25 00:00:00,59.776429107587,62.97097689001251,120.33486105182968
A7,2026-02-25 06:00:00,59.6122457406194,62.97097689001251,120.33486105182968
A7,2026-02-25 12:00:00,59.6931076033696,62.97097689001251,120.33486105182968
A7,2026-02-25 18:00:00,59.2711369913188,62.97097689001251,120.33486105182968
A7,2026-02-26 00:00:00,59.3355522286969,62.97097689001251,120.33486105182968
A7,2026-02-26 06:00:00,59.5706186529096,62.97097689001251,120.33486105182968
A7,2026-02-26 12:00:00,59.4080612019157,62.97097689001251,120.33486105182968
A7,2026-02-26 18:00:00,58.991211494319,62.97097689001251,120.33486105182968
A7,2026-02-27 00:00:00,58.5802878018744,62.97097689001251,120.33486105182968
A7,2026-02-27 06:00:00,58.7921864625369,62.97097689001251,120.33486105182968
A7,2026-02-27 12:00:00,59.2106064397335,62.97097689001251,120.33486105182968
A7,2026-02-27 18:00:00,58.7911823732987,62.97097689001251,120.33486105182968
A7,2026-02-28 00:00:00,58.6212299227547,62.97097689001251,120.33486105182968
A7,2026-02-28 06:00:00,57.817112175242,62.97097689001251,120.33486105182968
A7,2026-02-28 12:00:00,58.4048620328464,62.97097689001251,120.33486105182968
A7,2026-02-28 18:00:00,58.9960036794145,62.97097689001251,120.33486105182968
A7,2026-03-01 00:00:00,57.9782623514984,62.97097689001251,120.33486105182968
A7,2026-03-01 06:00:00,58.6386321058,62.97097689001251,120.33486105182968
A7,2026-03-01 12:00:00,57.8665457851811,62.97097689001251,120.33486105182968
A7,2026-03-01 18:00:00,58.255983655593,62.97097689001251,120.33486105182968
A7,2026-03-02 00:00:00,57.8703835691753,62.97097689001251,120.33486105182968
A7,2026-03-02 06:00:00,58.5598076351725,62.97097689001251,120.33486105182968
A7,2026-03-02 12:00:00,57.7338736007167,62.97097689001251,120.33486105182968
A7,2026-03-02 18:00:00,57.4513479068993,62.97097689001251,120.33486105182968
A7,2026-03-03 00:00:00,57.7247911014902,62.97097689001251,120.33486105182968
A7,2026-03-03 06:00:00,58.0575836189696,62.97097689001251,120.33486105182968
A7,2026-03-03 12:00:00,59.1288962665588,62.97097689001251,120.33486105182968
A7,2026-03-03 18:00:00,58.4872184713353,62.97097689001251,120.33486105182968
A7,2026-03-04 00:00:00,57.6157851159651,62.97097689001251,120.33486105182968
A7,2026-03-04 06:00:00,58.6932843616644,62.97097689001251,120.33486105182968
A7,2026-03-04 12:00:00,57.2423631453501,62.97097689001251,120.33486105182968
A7,2026-03-05 00:00:00,56.7952633250839,62.97097689001251,120.33486105182968
A7,2026-03-05 06:00:00,57.9206825476664,62.97097689001251,120.33486105182968
A7,2026-03-05 12:00:00,56.69341854286,62.97097689001251,120.33486105182968
A7,2026-03-05 18:00:00,56.5577190763718,62.97097689001251,120.33486105182968
A7,2026-03-06 00:00:00,57.406722853742,62.97097689001251,120.33486105182968
A7,2026-03-06 06:00:00,56.8205802744465,62.97097689001251,120.33486105182968
A7,2026-03-06 12:00:00,57.8337640189493,62.97097689001251,120.33486105182968
A7,2026-03-06 18:00:00,55.8234876305514,62.97097689001251,120.33486105182968
A7,2026-03-07 00:00:00,56.9578407626769,62.97097689001251,120.33486105182968
A7,2026-03-07 06:00:00,55.6582215708989,62.97097689001251,120.33486105182968
A7,2026-03-07 12:00:00,56.8004665725415,62.97097689001251,120.33486105182968
A7,2026-03-07 18:00:00,57.8209520682319,62.97097689001251,120.33486105182968
A7,2026-03-08 00:00:00,45.9632794842505,62.97097689001251,120.33486105182968
A7,2026-03-08 12:00:00,55.4371546539482,62.97097689001251,120.33486105182968
A7,2026-03-08 18:00:00,57.5334107304423,62.97097689001251,120.33486105182968
A7,2026-03-09 00:00:00,55.2243801982994,62.97097689001251,120.33486105182968
A7,2026-03-09 06:00:00,54.7176174269718,62.97097689001251,120.33486105182968
A7,2026-03-09 12:00:00,56.2978152790452,62.97097689001251,120.33486105182968
A7,2026-03-09 18:00:00,57.4702740125704,62.97097689001251,120.33486105182968
A7,2026-03-10 00:00:00,55.6079277792238,62.97097689001251,120.33486105182968
A7,2026-03-10 06:00:00,56.3412622123969,62.97097689001251,120.33486105182968
A7,2026-03-10 12:00:00,56.5189603311479,62.97097689001251,120.33486105182968
A7,2026-03-10 18:00:00,55.529420172054,62.97097689001251,120.33486105182968
A7,2026-03-11 00:00:00,55.3014546835617,62.97097689001251,120.33486105182968
A7,2026-03-11 06:00:00,54.6322269025528,62.97097689001251,120.33486105182968
A7,2026-03-11 12:00:00,55.7122416382623,62.97097689001251,120.33486105182968
A7,2026-03-11 18:00:00,55.6601666112851,62.97097689001251,120.33486105182968
A7,2026-03-12 00:00:00,55.0959265906503,62.97097689001251,120.33486105182968
A7,2026-03-12 06:00:00,55.2970266842472,62.97097689001251,120.33486105182968
A7,2026-03-12 12:00:00,55.5967031298309,62.97097689001251,120.33486105182968
A7,2026-03-12 18:00:00,55.0705752433641,62.97097689001251,120.33486105182968
A7,2026-03-13 00:00:00,54.0942595869399,62.97097689001251,120.33486105182968
A7,2026-03-13 06:00:00,54.1589960655763,62.97097689001251,120.33486105182968
A7,2026-03-13 12:00:00,54.1651561126119,62.97097689001251,120.33486105182968
A7,2026-03-13 18:00:00,54.4750647865327,62.97097689001251,120.33486105182968
A7,2026-03-14 00:00:00,55.3556750877679,62.97097689001251,120.33486105182968
A7,2026-03-14 06:00:00,55.8678031344743,62.97097689001251,120.33486105182968
A7,2026-03-14 12:00:00,52.9631713277878,62.97097689001251,120.33486105182968
A7,2026-03-14 18:00:00,53.7212683446831,62.97097689001251,120.33486105182968
A7,2026-03-15 00:00:00,53.7032837213371,62.97097689001251,120.33486105182968
A7,2026-03-15 06:00:00,52.8450318655673,62.97097689001251,120.33486105182968
A7,2026-03-15 12:00:00,53.2911033003002,62.97097689001251,120.33486105182968
A7,2026-03-15 18:00:00,54.8983063621969,62.97097689001251,120.33486105182968
A7,2026-03-16 00:00:00,53.5928296040858,62.97097689001251,120.33486105182968
A7,2026-03-16 06:00:00,53.5589949560585,62.97097689001251,120.33486105182968
A7,2026-03-16 12:00:00,55.507830689961,62.97097689001251,120.33486105182968
A7,2026-03-16 18:00:00,53.1852930313111,62.97097689001251,120.33486105182968
A7,2026-03-17 00:00:00,53.9817975219292,62.97097689001251,120.33486105182968
A7,2026-03-17 06:00:00,53.5892636827662,62.97097689001251,120.33486105182968
A7,2026-03-17 12:00:00,52.5255490891921,62.97097689001251,120.33486105182968
A7,2026-03-17 18:00:00,42.5033046937783,62.97097689001251,120.33486105182968
A7,2026-03-18 00:00:00,54.041078635181,62.97097689001251,120.33486105182968
A7,2026-03-18 06:00:00,53.8464553540888,62.97097689001251,120.33486105182968
A7,2026-03-18 12:00:00,52.296714711592,62.97097689001251,120.33486105182968
A7,2026-03-18 18:00:00,52.9911050370739,62.97097689001251,120.33486105182968
A7,2026-03-19 06:00:00,53.1385611980827,62.97097689001251,120.33486105182968
A7,2026-03-19 12:00:00,51.7604875693633,62.97097689001251,120.33486105182968
A7,2026-03-19 18:00:00,52.6875791988891,62.97097689001251,120.33486105182968
A7,2026-03-20 00:00:00,52.3324153545568,62.97097689001251,120.33486105182968
A7,2026-03-20 06:00:00,53.7182259372404,62.97097689001251,120.33486105182968
A7,2026-03-20 12:00:00,52.7844642392538,62.97097689001251,120.33486105182968
A7,2026-03-20 18:00:00,51.8761104695848,62.97097689001251,120.33486105182968
A7,2026-03-21 00:00:00,52.6608490177729,62.97097689001251,120.33486105182968
A7,2026-03-21 06:00:00,52.0338584883475,62.97097689001251,120.33486105182968
A7,2026-03-21 12:00:00,51.5389410708125,62.97097689001251,120.33486105182968
A7,2026-03-21 18:00:00,52.2046220890171,62.97097689001251,120.33486105182968
A7,2026-03-22 00:00:00,51.9082894729397,62.97097689001251,120.33486105182968
A7,2026-03-22 06:00:00,52.1544275236421,62.97097689001251,120.33486105182968
A7,2026-03-22 12:00:00,53.1460207394594,62.97097689001251,120.33486105182968
A7,2026-03-22 18:00:00,51.5102895160355,62.97097689001251,120.33486105182968
A7,2026-03-23 00:00:00,51.1415026717123,62.97097689001251,120.33486105182968
A7,2026-03-24 06:00:00,50.1702100731567,62.97097689001251,120.33486105182968
A7,2026-03-24 12:00:00,51.6098536288814,62.97097689001251,120.33486105182968
A7,2026-03-24 18:00:00,50.7914007538638,62.97097689001251,120.33486105182968
A7,2026-04-06 06:00:00,62.9088872429237,62.97097689001251,120.33486105182968
A7,2026-04-07 12:00:00,62.0819010818197,62.97097689001251,120.33486105182968
A7,2026-04-10 12:00:00,62.7321058605879,62.97097689001251,120.33486105182968
A8,2024-04-08 12:00:05,143.398477537502,49.838799960933265,141.37629384667684
A8,2024-06-16 23:00:05,141.707047590422,49.838799960933265,141.37629384667684
A8,2024-06-24 04:00:05,160.347275917469,49.838799960933265,141.37629384667684
A8,2024-08-27 04:00:01,165.146955934656,49.838799960933265,141.37629384667684
A8,2024-08-30 11:00:01,151.448393560927,49.838799960933265,141.37629384667684
A8,2024-09-11 22:00:08,142.457152177601,49.838799960933265,141.37629384667684
A8,2024-11-03 15:00:00,144.832885694798,49.838799960933265,141.37629384667684
A8,2025-05-10 04:00:00,47.2646882639015,49.838799960933265,141.37629384667684
A8,2026-02-06 12:00:00,49.8119178626898,49.838799960933265,141.37629384667684
A8,2026-02-07 00:00:00,49.4308738159454,49.838799960933265,141.37629384667684
A8,2026-02-07 06:00:00,49.4860821488957,49.838799960933265,141.37629384667684
A8,2026-02-08 00:00:00,49.2308389387761,49.838799960933265,141.37629384667684
A8,2026-02-08 06:00:00,49.2257373381155,49.838799960933265,141.37629384667684
A8,2026-02-08 12:00:00,37.6306352761806,49.838799960933265,141.37629384667684
A8,2026-02-08 18:00:00,48.6985777962089,49.838799960933265,141.37629384667684
A8,2026-03-09 12:00:00,49.7668456587365,49.838799960933265,141.37629384667684
A8,2026-03-10 06:00:00,49.482983734392,49.838799960933265,141.37629384667684
A8,2026-03-11 06:00:00,49.7873863134352,49.838799960933265,141.37629384667684
A8,2026-03-12 00:00:00,49.6466981402101,49.838799960933265,141.37629384667684
A8,2026-03-12 18:00:00,49.8114255708581,49.838799960933265,141.37629384667684
A8,2026-03-13 00:00:00,49.1984323841903,49.838799960933265,141.37629384667684
A8,2026-03-13 06:00:00,49.7423943975076,49.838799960933265,141.37629384667684
A8,2026-03-13 12:00:00,49.719991009033,49.838799960933265,141.37629384667684
A8,2026-03-14 00:00:00,48.973479433924,49.838799960933265,141.37629384667684
A8,2026-03-14 06:00:00,49.0738872142663,49.838799960933265,141.37629384667684
A8,2026-03-14 12:00:00,49.251046353431,49.838799960933265,141.37629384667684
A8,2026-03-14 18:00:00,49.7757335152002,49.838799960933265,141.37629384667684
A8,2026-03-15 00:00:00,48.8278203466396,49.838799960933265,141.37629384667684
A8,2026-03-15 06:00:00,49.2207604158158,49.838799960933265,141.37629384667684
A8,2026-03-15 18:00:00,49.2472275963567,49.838799960933265,141.37629384667684
A8,2026-03-16 00:00:00,48.46630549641,49.838799960933265,141.37629384667684
A8,2026-03-16 06:00:00,49.1371663447756,49.838799960933265,141.37629384667684
A8,2026-03-16 12:00:00,48.2511875388412,49.838799960933265,141.37629384667684
A8,2026-03-16 18:00:00,49.2664752280064,49.838799960933265,141.37629384667684
A8,2026-03-17 00:00:00,47.6005401395794,49.838799960933265,141.37629384667684
A8,2026-03-17 06:00:00,49.4322945414464,49.838799960933265,141.37629384667684
A8,2026-03-17 12:00:00,47.7746944457463,49.838799960933265,141.37629384667684
A8,2026-03-17 18:00:00,49.3474959219815,49.838799960933265,141.37629384667684
A8,2026-03-18 00:00:00,49.0490217769852,49.838799960933265,141.37629384667684
A8,2026-03-18 06:00:00,49.0519590312011,49.838799960933265,141.37629384667684
A8,2026-03-18 12:00:00,49.1568117787829,49.838799960933265,141.37629384667684
A8,2026-03-18 18:00:00,48.3014161258162,49.838799960933265,141.37629384667684
A8,2026-03-19 00:00:00,47.7295243580124,49.838799960933265,141.37629384667684
A8,2026-03-19 06:00:00,49.5172675244505,49.838799960933265,141.37629384667684
A8,2026-03-19 18:00:00,47.1208223467366,49.838799960933265,141.37629384667684
A8,2026-03-20 00:00:00,48.0757010497928,49.838799960933265,141.37629384667684
A8,2026-03-20 06:00:00,47.3447592588408,49.838799960933265,141.37629384667684
A8,2026-03-20 12:00:00,47.388530867704,49.838799960933265,141.37629384667684
A8,2026-03-20 18:00:00,47.4220570083752,49.838799960933265,141.37629384667684
A8,2026-03-21 00:00:00,48.381186023352,49.838799960933265,141.37629384667684
A8,2026-03-21 06:00:00,47.5725880008992,49.838799960933265,141.37629384667684
A8,2026-03-21 12:00:00,47.3153959320364,49.838799960933265,141.37629384667684
A8,2026-03-21 18:00:00,48.5851158900504,49.838799960933265,141.37629384667684
A8,2026-03-22 00:00:00,47.9410574966274,49.838799960933265,141.37629384667684
A8,2026-03-22 06:00:00,47.5155755459085,49.838799960933265,141.37629384667684
A8,2026-03-22 12:00:00,46.7849542265786,49.838799960933265,141.37629384667684
A8,2026-03-22 18:00:00,47.1817072177707,49.838799960933265,141.37629384667684
A8,2026-03-23 00:00:00,47.311764608633,49.838799960933265,141.37629384667684
A8,2026-03-23 06:00:00,47.8459688823233,49.838799960933265,141.37629384667684
A8,2026-03-23 12:00:00,47.0306168880088,49.838799960933265,141.37629384667684
A8,2026-03-23 18:00:00,47.6815951208807,49.838799960933265,141.37629384667684
A8,2026-03-24 00:00:00,46.7703837059274,49.838799960933265,141.37629384667684
A8,2026-03-24 06:00:00,47.1787286183428,49.838799960933265,141.37629384667684
A8,2026-03-24 12:00:00,45.8236826810935,49.838799960933265,141.37629384667684
A8,2026-03-24 18:00:00,46.8585146712213,49.838799960933265,141.37629384667684
A8,2026-03-25 00:00:00,45.353566802722,49.838799960933265,141.37629384667684
A8,2026-03-25 06:00:00,46.259712262266,49.838799960933265,141.37629384667684
A8,2026-03-25 12:00:00,46.3068249780009,49.838799960933265,141.37629384667684
A8,2026-03-26 00:00:00,44.9414989560133,49.838799960933265,141.37629384667684
A8,2026-03-26 06:00:00,45.5930055177162,49.838799960933265,141.37629384667684
A8,2026-03-26 12:00:00,45.0330300924655,49.838799960933265,141.37629384667684
A8,2026-03-26 18:00:00,44.9658749943116,49.838799960933265,141.37629384667684
A8,2026-03-27 00:00:00,46.3011084890066,49.838799960933265,141.37629384667684
A8,2026-03-27 06:00:00,45.4260354091248,49.838799960933265,141.37629384667684
A8,2026-03-27 12:00:00,45.8412224582096,49.838799960933265,141.37629384667684
A8,2026-03-27 18:00:00,45.0900373194649,49.838799960933265,141.37629384667684
A8,2026-03-28 00:00:00,46.0895235563017,49.838799960933265,141.37629384667684
A8,2026-03-28 06:00:00,45.8150587232008,49.838799960933265,141.37629384667684
A8,2026-03-28 12:00:00,46.3361761141559,49.838799960933265,141.37629384667684
A8,2026-03-28 18:00:00,45.9741874255571,49.838799960933265,141.37629384667684
A8,2026-03-29 00:00:00,45.3292989552426,49.838799960933265,141.37629384667684
A8,2026-03-29 06:00:00,44.9709636977301,49.838799960933265,141.37629384667684
A8,2026-03-29 12:00:00,45.9622245392514,49.838799960933265,141.37629384667684
A8,2026-03-29 18:00:00,45.1758148769742,49.838799960933265,141.37629384667684
A8,2026-03-30 00:00:00,44.2080770417975,49.838799960933265,141.37629384667684
A8,2026-03-30 06:00:00,45.116844344754,49.838799960933265,141.37629384667684
A8,2026-03-30 12:00:00,45.6453808224657,49.838799960933265,141.37629384667684
A8,2026-03-30 18:00:00,44.8551482461618,49.838799960933265,141.37629384667684
A9,2024-08-06 00:00:03,139.389191501083,46.379700794597234,118.83489048540946
A9,2024-09-20 07:00:08,121.917927795286,46.379700794597234,118.83489048540946
A9,2024-10-21 05:00:08,121.046996800454,46.379700794597234,118.83489048540946
A9,2024-10-24 16:00:00,124.005443453068,46.379700794597234,118.83489048540946
A9,2025-07-16 09:00:00,119.126279856617,46.379700794597234,118.83489048540946
A9,2025-09-23 22:00:00,133.281897842895,46.379700794597234,118.83489048540946
A9,2026-01-29 00:00:00,44.1879616843416,46.379700794597234,118.83489048540946
