time,per
2024-04-03 01:00:05,47.802342067266
2024-04-03 02:00:05,50.8049025637041
2024-04-03 03:00:05,48.931762548318
2024-04-03 04:00:05,47.964940626009
2024-04-03 05:00:05,50.1413468313252
2024-04-03 06:00:05,48.4932278189361
2024-04-03 07:00:05,47.3479290114849
2024-04-03 08:00:05,49.5918386854512
2024-04-03 09:00:05,49.0120687828344
2024-04-03 10:00:05,49.3839615267757
2024-04-03 11:00:05,48.9306835172684
2024-04-03 12:00:05,49.2870137566488
2024-04-03 13:00:05,47.6237705490444
2024-04-03 14:00:05,49.805883002464
2024-04-03 15:00:05,49.6637646994196
2024-04-03 16:00:05,49.9918620589325
2024-04-03 17:00:05,49.8616540650472
2024-04-03 18:00:05,49.6670123779688
2024-04-03 19:00:05,50.2691154849381
2024-04-03 20:00:05,49.8618664237143
2024-04-03 21:00:05,48.7994977511937
2024-04-03 22:00:05,48.7437350978028
2024-04-03 23:00:05,49.8119334141691
2024-04-04 00:00:03,49.7575177191196
2024-04-04 01:00:05,48.4246952620655
2024-04-04 02:00:05,48.9676046765891
2024-04-04 03:00:05,49.9181284433038
2024-04-04 04:00:05,48.9513155176288
2024-04-04 05:00:05,47.5647678996452
2024-04-04 07:00:05,47.6188836924471
2024-04-04 08:00:05,49.1839566608267
2024-04-04 12:00:05,49.3128292591196
2024-04-04 13:00:05,48.1811661560912
2024-04-04 14:00:05,49.8016210248459
2024-04-04 15:00:05,48.3110139046517
2024-04-04 16:00:05,48.1049217764713
2024-04-04 17:00:05,49.1688677780257
2024-04-04 18:00:05,49.0593021424452
2024-04-04 19:00:05,48.6487426101177
2024-04-04 20:00:05,49.445466286783
2024-04-04 21:00:05,49.8093889913308
2024-04-04 22:00:05,48.7052063974954
2024-04-04 23:00:05,49.4442896550764
2024-04-05 00:00:03,49.6205592656587
2024-04-05 01:00:05,48.499566618579
2024-04-05 02:00:05,50.0685366920052
2024-04-05 03:00:05,48.9608932270273
2024-04-05 04:00:05,48.3779917411441
2024-04-05 05:00:05,49.4553645086802
2024-04-05 06:00:05,48.6938108119258
2024-04-05 07:00:05,48.8200378521582
2024-04-05 08:00:05,49.8875512227892
2024-04-05 09:00:05,48.5051506368921
2024-04-05 10:00:05,50.56324297306
2024-04-05 11:00:05,48.1252149279279
2024-04-05 12:00:05,49.0290217900458
2024-04-05 13:00:05,48.3497290178791
2024-04-05 14:00:05,47.634960163378
2024-04-05 15:00:05,49.3727523032814
2024-04-05 16:00:05,
2024-04-05 17:00:05,49.1613318179582
2024-04-05 18:00:05,46.781257973759
2024-04-05 19:00:05,48.369636009387
2024-04-05 20:00:05,48.5381527251183
2024-04-05 21:00:05,48.0664495069545
2024-04-05 22:00:05,47.8364818535756
2024-04-05 23:00:05,47.5589997335903
2024-04-06 00:00:02,49.1843146238567
2024-04-06 01:00:05,48.6524291727292
2024-04-06 02:00:05,47.7036080424992
2024-04-06 03:00:05,48.4043051600063
2024-04-06 05:00:05,47.6706469676376
2024-04-06 06:00:05,49.2438946388907
2024-04-06 07:00:05,49.3517177889601
2024-04-06 08:00:05,48.0455032898172
2024-04-06 09:00:05,48.288705125359
2024-04-06 10:00:05,49.5604041969
2024-04-06 11:00:05,46.2179846891345
2024-04-06 12:00:05,47.1266263466774
2024-04-06 13:00:05,48.4397023001977
2024-04-06 14:00:05,48.8235797142039
2024-04-06 15:00:05,48.6366974335845
2024-04-06 16:00:05,48.7412368666565
2024-04-06 17:00:05,47.4045412990096
2024-04-06 18:00:05,46.8789693402778
2024-04-06 19:00:05,46.248112573977
2024-04-06 20:00:05,48.6870762819524
2024-04-06 21:00:05,48.0218592684652
2024-04-06 22:00:05,47.8600934415163
2024-04-06 23:00:05,48.5271187618314
2024-04-07 00:00:02,49.1267732831035
2024-04-07 01:00:05,57.4226867467468
2024-04-07 02:00:05,46.4856796478516
2024-04-07 03:00:05,47.7222849774422
2024-04-07 04:00:05,47.0067185869267
2024-04-07 05:00:05,47.0257905377783
2024-04-07 06:00:05,47.8655409919975
2024-04-07 07:00:05,48.3697880061606
2024-04-07 08:00:05,48.4339908858581
2024-04-07 09:00:05,47.6982024479456
2024-04-07 10:00:05,48.7586421919717
2024-04-07 11:00:05,47.2368531484297
2024-04-07 12:00:05,49.1187940535338
2024-04-07 13:00:05,48.9056541454839
2024-04-07 14:00:05,35.4877688702515
2024-04-07 15:00:05,48.56507770933
2024-04-07 16:00:05,
2024-04-07 17:00:05,
2024-04-07 18:00:05,
2024-04-07 19:00:05,48.0959845254556
2024-04-07 20:00:05,46.4200710452103
2024-04-07 21:00:05,48.3889834220164
2024-04-07 22:00:05,48.4565090770352
2024-04-07 23:00:05,47.8457966259708
2024-04-08 00:00:02,48.1193898568419
2024-04-08 01:00:05,47.2394817765868
2024-04-08 02:00:05,46.2157484293074
2024-04-10 00:00:01,47.4763241116727
2024-04-10 01:00:05,48.3483573009915
2024-04-10 02:00:05,47.1305731819955
2024-04-10 03:00:05,46.636589499372
2024-04-10 04:00:05,48.0683154331582
2024-04-10 05:00:05,46.6556057168167
2024-04-10 07:00:05,47.859991330928
2024-04-10 08:00:05,47.5447913104979
2024-04-10 09:00:05,46.5250165149945
2024-04-10 10:00:05,47.3374201358892
2024-04-10 11:00:05,47.4262787417735
2024-04-10 12:00:05,48.1167205925493
2024-04-10 13:00:05,46.8035562239215
2024-04-10 14:00:05,46.4260971648298
2024-04-10 15:00:05,47.334256233002
2024-04-10 16:00:05,47.3460418858424
2024-04-10 17:00:05,48.2485896480093
2024-04-10 18:00:05,47.51924911631
2024-04-10 19:00:05,48.0641005582287
2024-04-10 20:00:05,49.4664169449395
2024-04-10 21:00:05,48.183202962404
2024-04-10 22:00:05,46.9179877359476
2024-04-10 23:00:05,47.8092023256543
2024-04-11 00:00:00,47.4655587631676
2024-04-11 01:00:05,48.0206076729132
2024-04-11 02:00:05,46.4026853491037
2024-04-11 03:00:05,46.4938848577023
2024-04-11 04:00:05,47.7072810303367
2024-04-11 05:00:05,46.9271066810588
2024-04-11 06:00:05,45.5554849768436
2024-04-11 07:00:05,47.743521023108
2024-04-11 08:00:05,46.7424898674495
2024-04-11 09:00:05,46.1249911831064
2024-04-11 12:00:05,44.7690202405536
2024-04-11 13:00:05,46.7603574553992
2024-04-11 14:00:05,48.228872328088
2024-04-11 15:00:05,47.4770929816114
2024-04-11 16:00:05,46.9003489746615
2024-04-11 17:00:05,47.1296561370895
2024-04-11 18:00:05,46.4699334780691
2024-04-11 19:00:05,46.7588805264689
2024-04-11 20:00:05,47.0476361845082
2024-04-11 21:00:05,46.523598346703
2024-04-11 22:00:05,46.0254049110356
2024-04-11 23:00:05,47.5577566381735
2024-04-12 00:00:00,47.0358222026644
2024-04-12 01:00:05,47.351565836406
2024-04-12 02:00:05,47.1059478940517
2024-04-12 03:00:05,45.4981588439445
2024-04-12 04:00:05,46.7791611348359
2024-04-12 05:00:05,45.6252213403187
2024-04-12 06:00:05,47.6980753119269
2024-04-12 07:00:05,48.3956255810532
2024-04-12 08:00:05,47.1114598748495
2024-04-12 09:00:05,46.5698072117199
2024-04-12 10:00:06,47.4177412779804
2024-04-12 11:00:06,48.8702453992515
2024-04-12 12:00:09,46.5471726125539
2024-04-12 13:00:09,45.5266932241067
2024-04-12 14:00:09,47.5912752338551
2024-04-12 15:00:09,46.8339003985153
2024-04-12 16:00:09,46.9523189305303
2024-04-12 17:00:09,46.9322088771383
2024-04-12 19:00:09,47.3214766557881
2024-04-13 05:00:09,45.9621051809181
2024-04-13 06:00:09,47.7072779346319
2024-04-13 07:00:09,47.7884641838562
2024-04-13 08:00:09,47.0801583414459
2024-04-13 09:00:09,45.8011622227409
2024-04-13 10:00:09,45.2905904768754
2024-04-13 11:00:09,45.8167239273803
2024-04-13 12:00:09,45.8178068575648
2024-04-13 13:00:09,48.3555561415708
2024-04-13 14:00:09,45.2549317895153
2024-04-13 15:00:09,47.4109159321271
2024-04-13 16:00:09,47.155468753492
2024-04-13 17:00:09,46.4666589705075
2024-04-13 18:00:09,46.8004081546506
2024-04-13 19:00:09,46.5853485246555
2024-04-13 20:00:09,46.1001111693253
2024-04-13 21:00:09,47.0205461473194
2024-04-13 22:00:09,47.2436255952579
2024-04-13 23:00:09,46.0674113357252
2024-04-14 00:00:00,46.8125400631005
2024-04-14 01:00:09,47.1877886671154
2024-04-14 02:00:09,47.320965586557
2024-04-14 03:00:09,45.0683751122118
2024-04-14 04:00:09,45.2275928906507
2024-04-14 05:00:09,46.8573964330471
2024-04-14 06:00:09,46.769375250819
2024-04-14 07:00:09,45.6780985331098
2024-04-14 08:00:09,46.1085580909372
2024-04-14 11:00:09,45.7724881065198
2024-04-14 12:00:09,47.1607479056603
2024-04-14 13:00:09,45.9003646839563
2024-04-14 14:00:09,46.6972660519007
2024-04-14 15:00:09,45.922421229085
2024-04-14 16:00:09,46.8312939581052
2024-04-14 17:00:09,46.9344199388611
2024-04-14 18:00:09,45.5108844311475
2024-04-14 19:00:09,46.7555716081615
2024-04-14 20:00:09,46.3545672222422
2024-04-14 21:00:09,46.0477791521932
2024-04-14 22:00:09,45.862762198081
2024-04-14 23:00:09,46.0893341892941
2024-04-15 00:00:00,46.0189267992367
2024-04-15 01:00:09,47.006076322346
2024-04-15 02:00:09,47.6133883061168
2024-04-15 03:00:09,46.9432846987624
2024-04-15 04:00:09,46.7084573631238
2024-04-15 05:00:09,45.681233692474
2024-04-15 06:00:09,47.2572964517887
2024-04-15 07:00:09,46.5182206638523
2024-04-15 08:00:09,46.7368656349495
2024-04-15 09:00:09,46.3505177425307
2024-04-15 10:00:09,44.7140871198821
2024-04-15 11:00:09,45.9088122072436
2024-04-15 12:00:09,45.4720558287199
2024-04-15 13:00:09,45.1303377591674
2024-04-15 14:00:09,45.9863421713605
2024-04-15 15:00:09,46.8948261300985
2024-04-15 16:00:09,45.5253685705331
2024-04-15 17:00:09,45.6462075207913
2024-04-15 18:00:09,46.6884404620154
2024-04-15 19:00:09,45.3638305682411
2024-04-15 20:00:09,46.3170568416496
2024-04-15 21:00:09,45.9146267585787
2024-04-15 22:00:09,45.7095707970241
2024-04-15 23:00:09,45.843522701314
2024-04-16 00:00:01,46.0488496089227
2024-04-16 01:00:09,46.5887380407573
2024-04-16 02:00:09,48.2379024168939
2024-04-16 03:00:09,43.7553880080326
2024-04-16 04:00:09,45.5164675025971
2024-04-16 05:00:09,47.081679706313
2024-04-16 07:00:09,46.3023927421221
2024-04-16 08:00:09,46.0087131840683
2024-04-16 09:00:09,46.623897674906
2024-04-16 10:00:09,46.6030538986135
2024-04-16 11:00:09,45.9276641524176
2024-04-16 12:00:01,46.1583556453316
2024-04-16 13:00:01,45.9236663592944
2024-04-16 14:00:01,47.0417845024282
2024-04-16 15:00:01,47.9556779132872
2024-04-16 16:00:01,46.6694774185726
2024-04-16 17:00:01,44.8203117129505
2024-04-16 18:00:01,45.7932678379367
2024-04-16 19:00:01,47.2345679799801
2024-04-17 08:00:01,45.2373949518072
2024-04-17 09:00:01,46.9801413798184
2024-04-17 10:00:01,45.5152474985105
2024-04-17 11:00:01,44.9101240062661
2024-04-17 12:00:01,45.4484967840997
2024-04-17 13:00:01,45.0791458116835
2024-04-17 14:00:01,45.2183025096692
2024-04-17 19:00:00,46.0109007226915
2024-04-17 20:00:00,46.11070768381
2024-04-17 21:00:00,47.1294248039818
2024-04-17 22:00:00,45.8694657259048
2024-04-17 23:00:00,45.4673769827221
2024-04-18 00:00:00,47.4148838811765
2024-04-18 01:00:00,45.7757187889188
2024-04-18 02:00:00,46.6241348963854
2024-04-18 03:00:00,44.396392728646
2024-04-18 04:00:00,45.1411500754951
2024-04-18 05:00:00,45.6499461584385
2024-04-18 06:00:00,46.2758678506664
2024-04-18 08:00:00,45.7714242647457
2024-04-18 09:00:00,45.8693348885589
2024-04-18 10:00:00,46.6495192750309
2024-04-18 11:00:00,43.7725672071287
2024-04-18 12:00:00,46.4439946716285
2024-04-18 13:00:00,46.1341469905883
2024-04-18 14:00:00,46.6663243976416
2024-04-18 15:00:00,46.453354942676
2024-04-18 16:00:00,45.7631851730417
2024-04-18 17:00:00,
2024-04-18 18:00:00,
2024-04-18 19:00:00,44.9827495822305
2024-04-18 20:00:00,46.5485107979779
2024-04-18 21:00:00,45.0816892156637
2024-04-18 22:00:00,45.5162867221312
2024-04-18 23:00:00,45.8615249260081
2024-04-19 00:00:00,
2024-04-19 01:00:00,
2024-04-19 02:00:00,
2024-04-19 03:00:00,46.6400148637974
2024-04-19 04:00:00,45.5177103231238
2024-04-19 05:00:00,46.2370167940932
2024-04-19 06:00:00,44.0429166090098
2024-04-19 07:00:00,46.0594428289825
2024-04-19 08:00:00,46.3224098588893
2024-04-19 09:00:00,46.314828274836
2024-04-19 10:00:00,45.9297238271867
2024-04-19 11:00:00,45.041231658098
2024-04-19 12:00:00,44.3690337480583
2024-04-19 13:00:00,46.6941223712261
2024-04-19 14:00:00,44.3900482760162
2024-04-19 15:00:00,45.5804196787423
2024-04-19 16:00:00,46.2529371056401
2024-04-19 17:00:00,45.8752223087324
2024-04-19 18:00:00,45.3963691536322
2024-04-19 19:00:00,46.1007369084421
2024-04-19 20:00:00,45.8592926675716
2024-04-19 21:00:00,
2024-04-19 22:00:00,
2024-04-19 23:00:00,
2024-04-20 00:00:00,
2024-04-20 01:00:00,45.5735731773045
2024-04-20 02:00:00,46.8308545035575
2024-04-20 03:00:00,46.787159131698
2024-04-20 04:00:00,45.695901985767
2024-04-20 05:00:00,45.3585394876833
2024-04-20 06:00:00,45.1173323198901
2024-04-20 07:00:00,44.3442258984226
2024-04-20 08:00:00,44.3773111786628
2024-04-20 09:00:00,45.8700445984936
2024-04-20 10:00:00,45.7580311771611
2024-04-20 11:00:00,
2024-04-20 12:00:00,
2024-04-20 13:00:00,
2024-04-20 14:00:00,46.3435891042607
2024-04-20 15:00:00,45.3289987360424
2024-04-20 16:00:00,46.3744381852581
2024-04-20 17:00:00,44.6414831588757
2024-04-20 18:00:00,46.0359471291116
2024-04-20 19:00:00,44.4349528128872
2024-04-20 20:00:00,44.4297904190638
2024-04-20 21:00:00,44.2493165349465
2024-04-20 22:00:00,46.0965263277872
2024-04-20 23:00:00,44.4440692352343
2024-04-21 00:00:00,45.1059561748688
2024-04-21 01:00:00,46.1403254558447
2024-04-21 02:00:00,45.5557947758127
2024-04-21 03:00:00,46.3789778807777
2024-04-21 04:00:00,45.2518733148228
2024-04-21 05:00:00,45.4391870462035
2024-04-21 06:00:00,45.8933581031567
2024-04-21 07:00:00,43.9803503804199
2024-04-21 08:00:00,47.0756677570751
2024-04-21 09:00:00,44.6063879765955
2024-04-21 10:00:00,33.348469581104
2024-04-21 11:00:00,44.5351217627545
2024-04-21 12:00:00,45.1570874618018
2024-04-21 13:00:00,44.8615053244762
2024-04-21 14:00:00,43.6237332782422
2024-04-21 15:00:00,43.9223947853951
2024-04-21 16:00:00,45.7883418904425
2024-04-21 17:00:00,45.5258045458317
2024-04-21 18:00:00,44.3261590441972
2024-04-21 19:00:00,43.763879790125
2024-04-21 20:00:00,46.048404894931
2024-04-21 21:00:00,46.4945611912151
2024-04-21 22:00:00,44.3586020857579
2024-04-21 23:00:00,44.0980909871192
2024-04-22 00:00:00,43.1655200847264
2024-04-22 00:00:01,45.5687892880161
2024-04-22 01:00:00,45.3751318367029
2024-04-22 02:00:00,45.9236535566555
2024-04-22 03:00:00,46.1473556567878
2024-04-22 04:00:00,45.3491267871337
2024-04-22 05:00:00,46.3134597208658
2024-04-22 06:00:00,44.6398537105564
2024-04-22 07:00:00,46.6650282381581
2024-04-22 08:00:00,44.9182108363079
2024-04-22 10:00:00,44.1169452716055
2024-04-22 11:00:07,43.6646140369819
2024-04-22 12:00:07,43.5679130789126
2024-04-22 13:00:07,45.3304970706114
2024-04-22 14:00:07,44.5705117506749
2024-04-22 15:00:07,43.8252121829474
2024-04-22 16:00:07,45.6904384303547
2024-04-22 17:00:07,43.7223060052015
2024-04-22 18:00:07,44.7569439337921
2024-04-22 19:00:07,44.4120002751451
2024-04-22 20:00:07,45.6863657123966
2024-04-22 21:00:07,45.8219732002567
2024-04-22 22:00:07,44.7252688390768
2024-04-22 23:00:07,45.6079753135426
2024-04-23 00:00:00,44.3533376828001
2024-04-23 01:00:07,44.8325814324676
2024-04-23 02:00:07,45.0186486517842
2024-04-23 03:00:07,43.464216634818
2024-04-23 04:00:07,43.665638700339
2024-04-23 05:00:07,44.2831225022807
2024-04-23 06:00:07,44.1972702097884
2024-04-23 07:00:07,43.4974887269722
2024-04-23 08:00:07,43.9029406408104
2024-04-23 09:00:07,43.9714256286227
2024-04-23 10:00:07,45.7199371380049
2024-04-23 11:00:07,37.9582749564394
2024-04-23 12:00:07,44.4535408387192
2024-04-23 13:00:07,44.3462900486473
2024-04-24 10:00:06,44.1210907704837
2024-04-24 11:00:06,44.4658700099036
2024-04-24 13:00:08,44.4897697238512
2024-04-24 14:00:08,42.0868780421173
2024-04-24 15:00:08,44.8083516486612
2024-04-24 16:00:08,44.8227179703017
2024-04-24 17:00:08,43.4806208761262
2024-04-24 18:00:08,44.8175758549526
2024-04-24 19:00:08,45.917924740648
2024-04-24 20:00:08,43.7025863547332
2024-04-24 21:00:08,44.691963095938
2024-04-24 22:00:08,43.8460207192854
2024-04-24 23:00:08,44.8670899409349
2024-04-25 00:00:00,45.6967413929723
2024-04-25 01:00:08,44.3839609240492
2024-04-25 02:00:08,43.7250500757081
2024-04-25 03:00:08,42.7831930019393
2024-04-25 04:00:08,44.7056987052466
2024-04-25 05:00:08,43.3896911029892
2024-04-25 06:00:08,45.5611020201437
2024-04-25 07:00:08,44.2623395302175
2024-04-25 08:00:08,43.0672598495736
2024-04-25 09:00:08,44.5630487698596
2024-04-25 10:00:08,44.1954473313985
2024-04-25 11:00:08,45.2532091978143
2024-04-25 12:00:08,45.2983699113676
2024-04-25 13:00:08,44.7200238400203
2024-04-25 14:00:08,46.6342174744117
2024-04-25 15:00:08,45.0674986050653
2024-04-25 16:00:08,42.5495026000521
2024-04-25 17:00:08,43.7524583237784
2024-04-25 18:00:08,44.1455684397913
2024-04-25 19:00:08,45.7967208395299
2024-04-25 20:00:08,45.3244002192838
2024-04-25 21:00:08,44.9476025112771
2024-04-25 23:00:08,40.7799543485863
2024-04-26 00:00:01,43.6364440612254
2024-04-26 01:00:08,43.8240289652655
2024-04-26 02:00:08,44.2386997815117
2024-04-26 03:00:08,42.7743852874368
2024-04-26 04:00:08,44.0665650073333
2024-04-26 05:00:08,43.6207095116635
2024-04-26 06:00:08,43.6755457201182
2024-04-26 07:00:08,43.2707190896091
2024-04-26 08:00:08,43.771724243451
2024-04-26 10:00:08,44.8502166828343
2024-04-26 11:00:08,43.4296491505596
2024-04-26 12:00:08,45.068435758965
2024-04-26 13:00:08,42.8921392637048
2024-04-26 14:00:08,43.7654198230544
2024-04-26 15:00:08,44.1986273996021
2024-04-26 16:00:08,44.0369627989761
2024-04-26 17:00:04,44.3677429096278
2024-04-26 18:00:04,44.2307858692923
2024-04-26 19:00:04,43.2834124769779
2024-04-26 20:00:04,43.8008002452059
2024-04-26 21:00:04,43.0835768705485
2024-04-26 22:00:04,44.7591656293112
2024-04-26 23:00:04,42.5904914310613
2024-04-27 00:00:00,44.8045468870779
2024-04-27 01:00:04,43.6649120122234
2024-04-27 02:00:04,56.1032504395249
2024-04-27 15:00:04,44.7819109355278
2024-04-27 16:00:04,43.8173124067796
2024-04-27 17:00:04,42.7878722315995
2024-04-27 18:00:04,43.3576881358121
2024-04-27 19:00:04,43.280594782599
2024-04-27 20:00:04,44.9034228443917
2024-04-27 21:00:04,44.1365941133481
2024-04-27 22:00:04,44.4995110804404
2024-04-27 23:00:04,44.6578825582843
2024-04-28 00:00:01,42.1836808756964
2024-04-28 01:00:04,43.2143323372726
2024-04-28 02:00:04,44.8454929288453
2024-04-28 03:00:04,44.3134065090696
2024-04-28 04:00:04,43.2101367657861
2024-04-28 05:00:04,42.5324507791283
2024-04-28 06:00:04,43.0057933171408
2024-04-28 07:00:04,45.0302938952759
2024-04-28 08:00:04,45.2605747746748
2024-04-28 09:00:04,43.8239017528197
2024-04-28 10:00:04,45.2358770385465
2024-04-28 11:00:04,42.9316881252964
2024-04-28 12:00:04,44.6802618617789
2024-04-28 13:00:04,43.1248179591291
2024-04-28 14:00:04,43.2458665247345
2024-04-28 15:00:04,44.2612013202146
2024-04-28 16:00:04,43.0977315315294
2024-04-28 17:00:04,43.7518266226571
2024-04-28 18:00:04,44.6521489650148
2024-04-28 19:00:04,43.8010904579586
2024-04-28 20:00:04,42.6596529936101
2024-04-28 21:00:04,44.6733016685579
2024-04-28 22:00:04,43.5567530051802
2024-04-28 23:00:04,43.0079892161938
2024-04-29 00:00:00,44.5489883343232
2024-04-29 01:00:04,42.9318218089136
2024-04-29 02:00:04,43.1841774319043
2024-04-29 03:00:04,42.462219120493
2024-04-29 04:00:04,44.6437782938098
2024-04-29 05:00:04,43.1379722785982
2024-04-29 06:00:04,44.9090520299121
2024-04-29 07:00:04,44.4054146582627
2024-04-29 08:00:04,43.1668331980148
2024-04-29 09:00:04,43.5649745068582
2024-04-29 10:00:04,42.8846097572595
2024-04-29 11:00:04,43.273719348581
2024-04-29 12:00:04,43.9338408839748
2024-04-29 13:00:04,43.7710154119804
2024-04-29 14:00:04,42.9867775530008
2024-04-29 15:00:04,44.1917710109732
2024-05-14 14:00:08,42.933564088575
2024-05-14 15:00:08,42.6793525656591
2024-05-14 16:00:08,41.7247062698112
2024-05-14 17:00:08,43.5758755921255
2024-05-14 18:00:08,45.1690221486631
2024-05-14 19:00:08,43.8041437533791
2024-05-14 20:00:08,42.3510328763912
2024-05-14 21:00:08,43.2705320065845
2024-05-14 22:00:08,41.9727966102812
2024-05-14 23:00:08,45.0988590492857
2024-05-15 00:00:00,41.5589617060697
2024-05-15 01:00:08,42.5374043454681
2024-05-15 02:00:08,44.3997548602674
2024-05-15 03:00:08,41.7156951304682
2024-05-15 04:00:08,43.3952664390963
2024-05-15 05:00:08,43.6472842090261
2024-05-15 06:00:08,42.3361752454343
2024-05-15 07:00:08,44.2771896505645
2024-05-15 08:00:08,43.0511730176851
2024-05-15 09:00:08,42.1108223602447
2024-05-15 10:00:08,41.6115437156105
2024-05-15 11:00:08,44.7883943711718
2024-05-15 12:00:08,42.2909458571761
2024-05-15 13:00:08,41.553321802768
2024-05-15 14:00:08,42.2507628823242
2024-05-15 15:00:08,42.4596129608479
2024-05-15 16:00:08,44.8751994393166
2024-05-15 17:00:08,42.830206852593
2024-05-15 18:00:08,42.7121467447398
2024-05-15 19:00:08,42.3724916799374
2024-05-15 20:00:08,43.2809981550264
2024-05-15 21:00:08,42.335906365088
2024-05-15 22:00:08,42.4624286332738
2024-05-15 23:00:08,41.9463744940137
2024-05-16 00:00:00,41.9424787193421
2024-05-16 01:00:08,41.6943597470401
2024-05-16 02:00:08,43.9413533219302
2024-05-16 03:00:08,42.4190169990511
2024-05-16 04:00:08,40.9500887607252
2024-05-16 15:00:08,42.2757598472352
2024-05-16 17:00:08,42.622239134945
2024-05-16 18:00:08,41.4601388110506
2024-05-16 19:00:08,41.5282404136386
2024-05-16 20:00:08,41.6044302195547
2024-05-16 21:00:08,43.41086540296
2024-05-16 22:00:08,42.791990123635
2024-05-16 23:00:08,40.8351823682363
2024-05-17 00:00:00,41.7236417314418
2024-05-17 01:00:08,40.7199887759841
2024-05-17 02:00:08,42.2139441287898
2024-05-17 03:00:08,41.2567778839024
2024-05-17 04:00:08,41.3805944129316
2024-05-17 05:00:08,42.1295951457813
2024-05-17 06:00:08,40.681499804927
2024-05-17 07:00:08,39.6537115909356
2024-05-17 08:00:08,42.8528201340986
2024-05-17 09:00:08,40.9739652327413
2024-05-17 10:00:08,41.8890181228523
2024-05-17 11:00:08,42.6276415964855
2024-05-17 12:00:08,42.5361059347495
2024-05-17 13:00:08,42.417297000022
2024-05-17 14:00:08,40.7420521988856
2024-05-17 15:00:08,40.5221104509049
2024-05-17 16:00:08,42.0230784244949
2024-05-17 17:00:08,43.3334645173498
2024-05-17 18:00:08,42.6209727572261
2024-05-17 19:00:08,42.9694657668336
2024-05-17 20:00:08,42.4911685806007
2024-05-17 21:00:08,42.7345674751595
2024-05-17 22:00:08,42.8908681725929
2024-05-17 23:00:08,41.5056819222185
2024-05-18 00:00:00,42.6368118799791
2024-05-18 01:00:08,43.6759445237672
2024-05-18 02:00:08,40.8447005853776
2024-05-18 03:00:08,40.736118008904
2024-05-18 04:00:08,42.0602748213379
2024-05-18 05:00:08,41.7140790637918
2024-05-18 06:00:08,40.8951683060554
2024-05-18 07:00:08,42.2162657692622
2024-05-18 08:00:08,41.1114587928645
2024-05-18 10:00:08,43.1029815265249
2024-05-18 11:00:08,40.8996663222991
2024-05-18 12:00:08,42.858268381218
2024-05-18 13:00:08,41.2995834526576
2024-05-18 14:00:08,31.5564611640717
2024-05-18 15:00:08,41.4164241534925
2024-05-18 16:00:08,42.5125018468786
2024-05-18 17:00:08,42.2761934997896
2024-05-18 18:00:08,41.7232321090437
2024-05-18 19:00:08,41.6516900062125
2024-05-18 20:00:08,43.3654780745525
2024-05-18 21:00:08,40.791214958908
2024-05-18 22:00:08,42.8431269880753
2024-05-18 23:00:08,42.4064285775971
2024-05-19 00:00:01,40.5888061728167
2024-05-19 01:00:08,42.2473331619628
2024-05-19 02:00:08,41.061171633378
2024-05-19 03:00:08,41.8519090130441
2024-05-19 04:00:08,40.341991039343
2024-05-19 05:00:08,40.5608321117144
2024-05-19 06:00:08,38.385104345044
2024-05-19 07:00:08,40.5837282344607
2024-05-19 08:00:08,40.50891622443
2024-05-19 09:00:08,42.3914264429462
2024-05-19 10:00:08,42.02633424324
2024-05-19 11:00:08,41.0815735891978
2024-05-19 12:00:08,40.9371561136779
2024-05-19 13:00:08,41.1375778476263
2024-05-19 14:00:08,41.349885192907
2024-05-19 15:00:08,41.551758941349
2024-05-19 16:00:08,41.3170258861832
2024-05-19 17:00:08,40.9381724649971
2024-05-19 18:00:08,40.7639096415045
2024-05-19 19:00:08,40.5458444070007
2024-05-19 20:00:08,41.580704481076
2024-05-19 21:00:08,41.0140009026688
2024-05-19 22:00:08,42.3160053032909
2024-05-19 23:00:08,40.7602732639735
2024-05-20 00:00:00,39.8399889079988
2024-05-20 01:00:08,39.7721381999243
2024-05-20 02:00:08,40.4082279030445
2024-05-20 03:00:08,41.5289972553726
2024-05-20 04:00:08,41.0292995265746
2024-05-20 05:00:08,41.4002982553644
2024-05-20 06:00:08,39.6850120180341
2024-05-20 07:00:08,41.4467400554331
2024-05-20 20:00:08,40.9587261098875
2024-05-20 21:00:08,41.0661358914512
2024-05-20 22:00:08,41.2491614756547
2024-05-20 23:00:08,42.0692127280805
2024-05-21 00:00:01,40.6656637731383
2024-05-21 01:00:08,41.7172129513835
2024-05-21 02:00:08,38.4992533659349
2024-05-21 03:00:08,39.3084345836618
2024-05-21 04:00:08,40.4909833734281
2024-05-21 05:00:08,39.6699170451064
2024-05-21 06:00:08,41.5828850639584
2024-05-21 07:00:08,40.4896344134385
2024-05-21 08:00:08,40.7745567534949
2024-05-21 09:00:08,
2024-05-21 10:00:08,41.8465068428244
2024-05-21 11:00:08,40.6454067833756
2024-05-21 12:00:08,39.5171400010877
2024-05-21 13:00:08,38.8489523688075
2024-05-21 14:00:08,42.3746734212354
2024-05-21 15:00:08,40.0244016498573
2024-05-21 16:00:08,40.5111534431027
2024-05-21 17:00:08,41.409584929358
2024-05-21 18:00:08,41.7375924873699
2024-05-21 19:00:08,40.3919692447756
2024-05-21 20:00:08,42.1839069388141
2024-05-21 21:00:08,40.4068181120474
2024-05-21 22:00:08,40.5003100118488
2024-05-21 23:00:08,42.0622613268671
2024-05-22 00:00:02,39.4632357064225
2024-05-22 01:00:08,40.9278790556422
2024-05-22 02:00:08,40.8411705950517
2024-05-22 03:00:08,39.7579890902127
2024-05-22 04:00:08,39.1540627387242
2024-05-22 05:00:08,39.6896668558533
2024-05-22 06:00:08,41.5921624743743
2024-05-22 08:00:08,40.7577915711356
2024-05-22 09:00:08,40.0167102712236
2024-05-22 10:00:08,38.9237074127268
2024-05-22 11:00:08,39.2148295263379
2024-05-22 12:00:08,40.2867444767789
2024-05-22 13:00:08,40.4868905826231
2024-05-22 14:00:08,39.3381374952695
2024-05-22 15:00:08,41.6166297191402
2024-05-22 16:00:08,40.7351932615397
2024-05-22 17:00:08,40.5312611135459
2024-05-22 18:00:08,40.4882448444535
2024-05-22 19:00:08,42.5006401652735
2024-05-22 20:00:08,41.3459692020078
2024-05-22 21:00:08,41.2290109382806
2024-05-22 22:00:08,39.6339220397508
2024-05-22 23:00:08,39.3456475465316
2024-05-23 00:00:01,39.8368481934402
2024-05-23 01:00:08,41.0827538362805
2024-05-23 02:00:08,39.8651862317048
2024-05-23 03:00:08,38.4961563594849
2024-05-23 04:00:08,40.4911497529359
2024-05-23 05:00:08,40.2898290334177
2024-05-23 06:00:08,40.5109249019188
2024-05-23 07:00:08,40.8713135867296
2024-05-23 08:00:08,38.6785642187664
2024-05-23 09:00:08,38.8184193353066
2024-05-23 10:00:08,41.725915397559
2024-05-23 11:00:08,39.5251576482279
2024-05-23 12:00:08,38.5027817999742
2024-05-23 13:00:08,40.4715543860179
2024-05-23 14:00:08,39.9956238482504
2024-05-23 15:00:08,40.2327911085054
2024-05-23 16:00:08,39.2793481800961
2024-05-23 17:00:08,39.5708582004141
2024-05-23 18:00:08,40.448593646591
2024-05-23 19:00:08,39.2127237345363
2024-05-23 20:00:08,40.0807476834446
2024-05-23 21:00:08,39.7158718597306
2024-05-23 22:00:08,39.8380631267406
2024-05-23 23:00:08,39.9483771861481
2024-05-24 00:00:02,39.6913300721458
2024-05-24 01:00:08,40.1347322577344
2024-05-24 02:00:08,40.2113313917235
2024-05-24 03:00:08,38.6056620226521
2024-05-24 04:00:08,39.1253239741716
2024-05-24 05:00:08,40.0039528136469
2024-05-24 06:00:08,37.3392379544265
2024-05-24 07:00:08,38.8859513928722
2024-05-24 23:00:08,40.61967279544
2024-05-25 01:00:08,38.814262273063
2024-05-25 02:00:08,40.2639974245475
2024-05-25 03:00:08,40.8641779105733
2024-05-25 04:00:08,39.8217804219452
2024-05-25 05:00:08,39.6116316713309
2024-05-25 06:00:08,
2024-05-25 07:00:08,
2024-05-25 08:00:08,
2024-05-25 09:00:08,
2024-05-25 10:00:08,
2024-05-25 11:00:08,39.8868870407781
2024-05-25 12:00:08,38.7034108567279
2024-05-25 13:00:08,39.2044400622721
2024-05-25 14:00:08,37.9074589215038
2024-05-25 15:00:08,39.2022663160868
2024-05-25 16:00:08,39.3202892455109
2024-05-25 17:00:08,39.2677083022044
2024-05-25 18:00:08,40.653385215042
2024-05-25 19:00:08,41.5177606936569
2024-05-25 20:00:08,38.868372829264
2024-05-25 21:00:08,43.0480373755006
2024-05-25 22:00:08,38.4285371297762
2024-05-25 23:00:08,39.2075148556317
2024-05-26 00:00:00,39.2949353227281
2024-05-26 00:00:01,38.4036922317446
2024-05-26 01:00:08,39.5219735463462
2024-05-26 02:00:08,39.4980527845285
2024-05-26 03:00:08,37.8681038573437
2024-05-26 04:00:08,39.5479688622831
2024-05-26 05:00:08,37.9349443754822
2024-05-26 06:00:08,38.537914211619
2024-05-26 08:00:08,40.7165727786465
2024-05-26 09:00:08,39.0116872503815
2024-05-26 10:00:08,38.965333165709
2024-05-26 11:00:08,39.2797064080248
2024-05-26 12:00:08,38.3299165563407
2024-05-26 13:00:08,39.038929529782
2024-05-26 14:00:08,38.781533123895
2024-05-26 15:00:08,35.9460559237691
2024-05-26 16:00:08,37.9119746682985
2024-05-26 17:00:08,39.015889419025
2024-05-26 18:00:08,37.4470086854532
2024-05-26 19:00:08,39.367275922015
2024-05-26 20:00:08,38.8229776533251
2024-05-26 21:00:08,38.1931288175512
2024-05-26 22:00:08,38.2996540609274
2024-05-26 23:00:08,38.2797259581102
2024-05-27 00:00:02,38.1577210640696
2024-05-27 01:00:08,37.469530664193
2024-05-27 02:00:08,37.571804613583
2024-05-27 03:00:08,38.5052379229358
2024-05-27 04:00:08,37.8435599285633
2024-05-27 05:00:08,37.8742409812308
2024-05-27 06:00:08,38.9462360109106
2024-05-27 07:00:08,38.0718414073634
2024-05-27 08:00:08,38.762377226811
2024-05-27 09:00:08,38.0331791948588
2024-05-27 10:00:08,39.2906715141571
2024-05-27 11:00:08,37.54957892731
2024-05-27 12:00:08,38.7574249156553
2024-05-27 13:00:08,
2024-05-27 14:00:07,
2024-05-27 15:00:07,37.6212165182731
2024-05-27 16:00:07,38.3012711298471
2024-05-27 17:00:07,37.874792013845
2024-05-27 18:00:07,39.4400279083204
2024-05-27 19:00:07,38.9055940316653
2024-05-27 20:00:07,38.7687640119911
2024-05-27 21:00:07,37.9140664186511
2024-05-27 22:00:07,39.0999761458627
2024-05-27 23:00:07,39.8268172939328
2024-05-28 00:00:00,
2024-05-28 01:00:07,
2024-05-28 02:00:07,
2024-05-28 03:00:07,
2024-05-28 04:00:07,
2024-05-28 05:00:07,
2024-05-28 06:00:07,
2024-05-28 08:00:07,
2024-05-28 09:00:07,
2024-05-28 10:00:07,
2024-05-28 11:00:07,
2024-05-28 12:00:07,
2024-05-28 13:00:07,
2024-05-29 03:00:07,84.3621360702172
2024-05-29 04:00:07,84.2878480301287
2024-05-29 05:00:07,85.1910780413355
2024-05-29 06:00:07,84.6700886770764
2024-05-29 07:00:07,84.0418835200597
2024-05-29 08:00:07,83.8873512558787
2024-05-29 09:00:07,85.4848210630968
2024-05-29 10:00:07,84.3841705482346
2024-05-29 11:00:05,84.3885846970148
2024-05-29 12:00:05,83.9945745460634
2024-05-29 13:00:05,84.4210262874509
2024-05-29 14:00:05,
2024-05-29 15:00:05,
2024-05-29 16:00:05,
2024-05-29 17:00:05,
2024-05-29 18:00:05,84.6155390791985
2024-05-29 19:00:05,84.127132962417
2024-05-29 20:00:05,84.5968739365303
2024-05-29 21:00:05,84.5741185679126
2024-05-29 22:00:05,84.322416618709
2024-05-29 23:00:05,84.2764119325853
2024-05-30 00:00:01,83.6463422005206
2024-05-30 01:00:05,83.6974877202805
2024-05-30 02:00:05,84.0895693085103
2024-05-30 03:00:05,83.5362820312315
2024-05-30 04:00:05,83.6336151567677
2024-05-30 05:00:05,83.7142640175292
2024-05-30 06:00:05,83.7270590738777
2024-05-30 07:00:05,84.1970097288605
2024-05-30 08:00:05,84.4842353088352
2024-05-30 09:00:05,84.6814117724503
2024-05-30 10:00:05,84.585594693081
2024-05-30 11:00:08,83.8428634255771
2024-05-30 12:00:08,84.4910902272795
2024-05-30 13:00:08,83.4570688362357
2024-05-30 14:00:08,83.832271097371
2024-05-30 15:00:05,84.6992395550897
2024-05-30 16:00:05,83.5635993980695
2024-05-30 17:00:05,84.0276971544643
2024-05-30 18:00:05,
2024-05-30 19:00:05,83.6286544954868
2024-05-30 20:00:05,84.0768611043285
2024-05-30 21:00:05,84.5662410853858
2024-05-30 22:00:05,83.9397146735887
2024-05-30 23:00:05,84.2490275239232
2024-05-31 01:00:05,83.2516867512775
2024-05-31 02:00:05,83.9959730762364
2024-05-31 03:00:05,82.7324884056148
2024-05-31 04:00:05,83.2619656499763
2024-05-31 05:00:05,82.9409939476747
2024-05-31 06:00:05,83.9667943544545
2024-05-31 08:00:05,84.1112777486019
2024-05-31 09:00:05,83.3570908746486
2024-05-31 10:00:05,83.9734968371165
2024-05-31 11:00:08,83.3812491684342
2024-05-31 12:00:08,83.0796912817823
2024-05-31 13:00:08,83.4485965991251
2024-05-31 14:00:08,83.3568331504153
2024-05-31 15:00:08,84.0041087461106
2024-05-31 16:00:08,83.3962388675611
2024-05-31 17:00:08,84.1615359651931
2024-05-31 18:00:08,
2024-05-31 19:00:08,
2024-05-31 20:00:08,
2024-05-31 21:00:08,82.9175259320458
2024-05-31 22:00:08,83.3281623550384
2024-05-31 23:00:08,
2024-06-01 00:00:01,85.1229245736038
2024-06-01 01:00:08,80.7782520993135
2024-06-01 02:00:08,84.8690292377676
2024-06-01 03:00:08,81.7960236400502
2024-06-01 05:00:08,89.3462038692699
2024-06-01 06:00:08,80.7716766419017
2024-06-01 07:00:08,80.1412843811556
2024-06-01 08:00:08,82.6004908401017
2024-06-01 09:00:08,82.6182212100887
2024-06-03 11:00:07,85.7365992195374
2024-06-03 12:00:07,87.1601752037724
2024-06-03 13:00:07,89.9453192072113
2024-06-03 14:00:07,84.016680277346
2024-06-03 15:00:07,83.6356832674787
2024-06-03 16:00:07,83.2317524973791
2024-06-03 17:00:07,87.4328045694709
2024-06-03 18:00:07,86.889769210231
2024-06-03 19:00:07,89.9691286643988
2024-06-03 20:00:07,85.9345596257634
2024-06-03 21:00:07,85.1027994526614
2024-06-03 22:00:07,90.9620569884
2024-06-03 23:00:07,80.4098342671306
2024-06-04 00:00:00,82.4863413781811
2024-06-04 01:00:07,86.7302707453168
2024-06-04 02:00:07,81.5148174000189
2024-06-04 03:00:07,86.1511237025598
2024-06-04 04:00:07,86.5539590885316
2024-06-04 05:00:07,79.6564664736294
2024-06-04 06:00:07,80.8806313932658
2024-06-04 07:00:07,86.7096389153034
2024-06-04 08:00:07,86.1364855805721
2024-06-04 09:00:07,82.821217669914
2024-06-04 10:00:05,83.8971646657457
2024-06-04 11:00:05,78.6202556313443
2024-06-04 12:00:05,85.8840824586465
2024-06-04 13:00:05,81.8425475632325
2024-06-04 15:00:05,83.2101119160071
2024-06-04 16:00:05,89.0712107651424
2024-06-04 17:00:05,87.0455751558952
2024-06-04 18:00:05,83.6237715533244
2024-06-04 19:00:05,78.9713693500586
2024-06-04 20:00:05,84.8306231007923
2024-06-04 21:00:05,77.7080430354775
2024-06-04 22:00:05,86.4040204804115
2024-06-04 23:00:05,75.6631449742093
2024-06-05 00:00:00,78.8267633310202
2024-06-05 01:00:05,79.6775931600372
2024-06-05 02:00:05,
2024-06-05 03:00:05,
2024-06-05 04:00:05,86.1568406010884
2024-06-05 05:00:05,84.0712961570403
2024-06-05 06:00:05,85.4800598705763
2024-06-05 08:00:05,85.7496441908139
2024-06-05 09:00:05,80.1988439444929
2024-06-05 10:00:05,80.4215189905308
2024-06-05 11:00:05,88.062986401764
2024-06-05 12:00:05,79.7664652847896
2024-06-05 13:00:05,85.7411776090117
2024-06-05 14:00:05,82.9041115661983
2024-06-05 15:00:05,79.0068932040373
2024-06-05 16:00:05,77.2220923296302
2024-06-05 17:00:05,81.4253918949734
2024-06-05 18:00:05,83.2719759687524
2024-06-05 19:00:05,80.1217797781255
2024-06-05 20:00:05,81.7370247265527
2024-06-05 21:00:05,82.4759111312383
2024-06-05 22:00:05,82.6828687642448
2024-06-06 10:00:05,82.4231752771231
2024-06-06 11:00:05,88.6166620538551
2024-06-06 12:00:05,86.0799303711519
2024-06-06 13:00:05,81.8399666035342
2024-06-06 14:00:05,81.9174451920026
2024-06-06 15:00:05,84.3238289573931
2024-06-06 16:00:05,83.4594496979243
2024-06-06 17:00:05,108.87946562231
2024-06-06 18:00:05,77.3202597674613
2024-06-06 19:00:05,78.1377081835159
2024-06-06 20:00:05,78.7684371304118
2024-06-06 21:00:05,80.3410619350364
2024-06-06 22:00:05,87.3472944082887
2024-06-06 23:00:05,92.5590993873854
2024-06-07 00:00:00,79.0113086350253
2024-06-07 01:00:05,81.1557621454499
2024-06-07 02:00:05,83.7623548332772
2024-06-07 03:00:05,83.9766550849463
2024-06-07 04:00:05,77.6959085693065
2024-06-07 05:00:05,80.9394577912256
2024-06-07 06:00:05,79.9655761188047
2024-06-07 07:00:05,82.7945193674414
2024-06-07 09:00:05,82.0347665332016
2024-06-07 10:00:05,81.9490195428687
2024-06-07 11:00:05,83.8344533943632
2024-06-07 12:00:05,69.8662612030835
2024-06-07 13:00:05,82.8406450887597
2024-06-07 14:00:05,84.2229939482011
2024-06-07 15:00:05,87.3569604065089
2024-06-07 16:00:05,88.150448093698
2024-06-07 17:00:05,79.4931098817602
2024-06-07 18:00:05,81.6242541721887
2024-06-07 19:00:05,84.6195510907296
2024-06-07 20:00:05,83.9588761660857
2024-06-07 21:00:05,87.0978145562487
2024-06-07 22:00:05,80.2232116048369
2024-06-07 23:00:05,86.634224406811
2024-06-08 00:00:01,79.8239921678379
2024-06-08 01:00:05,79.7660077183033
2024-06-08 02:00:05,80.4491152231443
2024-06-08 03:00:05,85.4277739257249
2024-06-08 04:00:05,81.8451233351084
2024-06-08 05:00:05,85.1203690171917
2024-06-08 06:00:05,82.054842651438
2024-06-08 07:00:05,78.2562471099893
2024-06-08 08:00:05,89.3675686152912
2024-06-08 09:00:05,84.0456824546933
2024-06-08 10:00:05,76.7195060411475
2024-06-08 11:00:05,84.6357431959175
2024-06-08 12:00:05,80.8964532710865
2024-06-08 13:00:05,87.5382393513352
2024-06-08 14:00:05,83.5714581619145
2024-06-08 15:00:05,81.6286796687764
2024-06-08 16:00:05,84.3335159023599
2024-06-08 17:00:05,76.6702458984167
2024-06-08 18:00:05,88.0153616908919
2024-06-08 19:00:05,81.1221133244556
2024-06-08 20:00:05,85.324732363382
2024-06-08 21:00:05,80.7123383881513
2024-06-08 22:00:05,76.4657660309357
2024-06-08 23:00:05,83.947443895363
2024-06-09 00:00:01,86.2751275397833
2024-06-09 01:00:05,78.4709016912131
2024-06-09 02:00:05,86.2317924569375
2024-06-09 03:00:05,77.2822107836293
2024-06-09 04:00:05,79.2911724354171
2024-06-09 05:00:05,84.8467853997451
2024-06-09 06:00:05,79.1232577193752
2024-06-09 07:00:05,87.4896865607788
2024-06-09 08:00:05,84.150049747287
2024-06-09 09:00:05,81.4810206452711
2024-06-09 10:00:05,81.2716234476091
2024-06-09 11:00:05,79.7558028812976
2024-06-09 12:00:05,79.5391877740365
2024-06-09 13:00:05,80.423286359502
2024-06-09 14:00:05,85.3036511491587
2024-06-09 15:00:05,79.9894615468102
2024-06-09 16:00:05,87.3619946805845
2024-06-09 17:00:05,79.8875618235444
2024-06-09 18:00:05,81.927575019406
2024-06-09 19:00:05,80.3832451985118
2024-06-09 20:00:05,88.5638161540232
2024-06-09 21:00:05,87.4459959896416
2024-06-09 22:00:05,86.7950291397733
2024-06-09 23:00:05,80.5341737962857
2024-06-10 00:00:02,81.862176731432
2024-06-10 01:00:05,87.6136507866316
2024-06-10 14:00:05,78.1860845665656
2024-06-10 15:00:05,78.0798662715503
2024-06-10 16:00:05,85.9717142481607
2024-06-10 17:00:05,81.7018678943661
2024-06-10 18:00:05,80.0803166641628
2024-06-10 19:00:05,80.0918078802538
2024-06-10 20:00:05,81.5298562559417
2024-06-10 21:00:05,76.6692709092898
2024-06-10 22:00:05,78.9138775032403
2024-06-10 23:00:05,83.107791364549
2024-06-11 00:00:02,78.3975545525489
2024-06-11 01:00:05,73.3372816749971
2024-06-11 02:00:05,82.5117498012452
2024-06-11 03:00:05,78.8237212204496
2024-06-11 04:00:05,81.8026997203501
2024-06-11 05:00:05,81.8376068118923
2024-06-11 06:00:05,81.2856192677317
2024-06-11 08:00:05,81.0897508632493
2024-06-11 09:00:05,82.2748636228593
2024-06-11 10:00:05,84.8541103136023
2024-06-11 11:00:05,85.9366561485858
2024-06-11 12:00:05,84.3542180822233
2024-06-11 13:00:05,81.4416672132758
2024-06-11 14:00:05,76.5604097958581
2024-06-11 15:00:05,68.7715785894464
2024-06-11 16:00:05,89.3728875321069
2024-06-11 17:00:05,87.2766630500337
2024-06-11 18:00:05,84.5149245631926
2024-06-11 19:00:05,78.048873572521
2024-06-11 20:00:05,79.9681950929385
2024-06-11 21:00:05,84.2359843870626
2024-06-11 22:00:05,79.970893817583
2024-06-11 23:00:05,89.5140970845585
2024-06-12 00:00:01,81.1424162018317
2024-06-12 01:00:05,80.6401240361078
2024-06-12 02:00:05,78.7668254060506
2024-06-12 03:00:05,91.9911657126152
2024-06-12 04:00:05,80.3163422514123
2024-06-12 05:00:05,81.8140888823635
2024-06-12 06:00:05,81.8394902478678
2024-06-12 07:00:05,83.1363346891321
2024-06-12 08:00:05,83.2563146187109
2024-06-12 09:00:05,82.7257370923252
2024-06-12 10:00:05,76.7004242052955
2024-06-12 11:00:05,81.8694399081792
2024-06-12 12:00:05,79.0466768908724
2024-06-12 13:00:05,77.9564602135213
2024-06-12 14:00:05,88.9640316405137
2024-06-12 15:00:05,85.2208502627548
2024-06-12 16:00:05,
2024-06-12 17:00:05,81.2264227237772
2024-06-12 18:00:05,79.209863761669
2024-06-12 19:00:05,78.5092976813678
2024-06-12 20:00:05,84.5586808009996
2024-06-12 21:00:05,87.0806547994129
2024-06-12 22:00:05,79.9325136468449
2024-06-12 23:00:05,82.2281402370162
2024-06-13 00:00:01,80.7955225282873
2024-06-13 01:00:05,80.6957506470687
2024-06-13 02:00:05,86.538585020109
2024-06-13 03:00:05,88.8017821065744
2024-06-13 04:00:05,82.0820852449825
2024-06-13 05:00:05,79.5818164840927
2024-06-13 06:00:05,86.0862993599704
2024-06-13 07:00:05,88.5958417768886
2024-06-13 08:00:05,79.6331721407713
2024-06-13 09:00:05,80.6179516690514
2024-06-13 10:00:05,84.1519362157798
2024-06-13 11:00:05,84.6464085918398
2024-06-13 12:00:05,83.6865070954151
2024-06-13 13:00:05,76.8871669550133
2024-06-13 14:00:05,85.3518314313141
2024-06-13 15:00:05,85.1527746204735
2024-06-13 16:00:05,76.306025519782
2024-06-13 17:00:05,77.3255411242225
2024-06-13 18:00:05,82.0850787487308
2024-06-13 19:00:05,82.7442659569957
2024-06-13 20:00:05,90.763380870321
2024-06-13 21:00:05,79.6616563801111
2024-06-13 22:00:05,82.1158869341368
2024-06-13 23:00:05,87.793322141609
2024-06-14 00:00:02,85.4973812610216
2024-06-14 01:00:05,81.5688313404248
2024-06-14 02:00:05,84.3456008404257
2024-06-14 03:00:05,86.2696214246775
2024-06-14 04:00:05,79.9095144277057
2024-06-14 05:00:05,79.0256433149006
2024-06-14 06:00:05,83.9292025219029
2024-06-14 19:00:05,85.2065418053703
2024-06-14 20:00:05,81.1497454027888
2024-06-14 21:00:05,85.2966956500238
2024-06-14 22:00:05,78.9382483252398
2024-06-14 23:00:05,84.4221354117333
2024-06-15 00:00:02,81.1543820197698
2024-06-15 01:00:05,86.1458051493295
2024-06-15 02:00:05,85.9786604943226
2024-06-15 03:00:05,87.2743151476171
2024-06-15 04:00:05,85.1818797678455
2024-06-15 05:00:05,74.7005685806979
2024-06-15 06:00:05,79.2135403317304
2024-06-15 07:00:05,85.6940748281436
2024-06-15 09:00:05,81.7087389791315
2024-06-15 10:00:05,82.8612779094345
2024-06-15 11:00:05,82.3587233400411
2024-06-15 12:00:05,77.5108356752257
2024-06-15 13:00:05,78.4238475776649
2024-06-15 14:00:05,80.8793803357398
2024-06-15 15:00:05,81.9824783273088
2024-06-15 16:00:05,82.9128516018475
2024-06-15 17:00:05,78.7551614086973
2024-06-15 18:00:05,90.2548950905215
2024-06-15 19:00:05,80.5547696602291
2024-06-15 20:00:05,74.2068142945932
2024-06-15 21:00:05,88.4831571532453
2024-06-15 22:00:05,79.9870527685643
2024-06-15 23:00:05,81.6576615508491
2024-06-16 00:00:02,84.9407071526841
2024-06-16 01:00:05,82.6474209951503
2024-06-16 02:00:05,84.4668668705187
2024-06-16 03:00:05,77.7921145963427
2024-06-16 04:00:05,84.4778114415879
2024-06-16 05:00:05,81.2729015737727
2024-06-16 06:00:05,78.4317966133385
2024-06-16 07:00:05,76.5703815184692
2024-06-16 08:00:05,86.0844818976702
2024-06-16 09:00:05,83.2982143180536
2024-06-16 10:00:05,79.0817961871377
2024-06-16 11:00:05,79.4923573911708
2024-06-16 12:00:05,79.1646609952023
2024-06-16 13:00:05,78.378287353598
2024-06-16 14:00:05,86.297889590905
2024-06-16 15:00:05,84.7532805691035
2024-06-16 16:00:05,82.6543928499329
2024-06-16 17:00:05,86.0648734841643
2024-06-16 18:00:05,80.2707509896141
2024-06-16 19:00:05,83.9182147922182
2024-06-16 20:00:05,74.4778457850095
2024-06-16 21:00:05,87.0736814011346
2024-06-16 22:00:05,86.3458050840722
2024-06-16 23:00:05,85.8615367765154
2024-06-17 01:00:05,82.2290177695874
2024-06-17 02:00:05,85.0082090339271
2024-06-17 03:00:05,80.0660969755247
2024-06-17 04:00:05,83.4607520893253
2024-06-17 05:00:05,82.5198738803169
2024-06-17 06:00:05,80.9949280963044
2024-06-17 07:00:05,80.2236346917151
2024-06-17 08:00:05,86.8861916806065
2024-06-17 09:00:05,80.7068877514048
2024-06-17 10:00:05,79.2836627597931
2024-06-17 11:00:05,82.6452741090556
2024-06-17 12:00:05,90.6902820909394
2024-06-17 13:00:05,79.2083513787971
2024-06-17 14:00:05,76.3944662186398
2024-06-17 15:00:05,79.4479395426526
2024-06-17 16:00:05,81.7557709286958
2024-06-17 17:00:05,78.6854614796756
2024-06-17 18:00:05,82.7277730841063
2024-06-17 19:00:05,81.9185468032717
2024-06-17 20:00:05,90.7082122512155
2024-06-17 21:00:05,85.6467765686189
2024-06-17 22:00:05,78.9799367464968
2024-06-17 23:00:05,89.3669330740444
2024-06-18 00:00:02,81.7063040821898
2024-06-18 01:00:05,85.4912048742674
2024-06-18 02:00:05,85.1070422791152
2024-06-18 03:00:05,81.559896680741
2024-06-18 04:00:05,78.7563772390521
2024-06-18 05:00:05,77.6949421214479
2024-06-18 06:00:05,82.3010353537268
2024-06-18 07:00:05,79.5194702669213
2024-06-18 08:00:05,78.4123659945864
2024-06-18 09:00:05,84.4642262811042
2024-06-18 22:00:05,81.3930228385449
2024-06-19 00:00:01,80.4129254158767
2024-06-19 01:00:05,80.5240362647782
2024-06-19 02:00:05,83.7064990414453
2024-06-19 03:00:05,77.949680613623
2024-06-19 04:00:05,80.9786079510602
2024-06-19 05:00:05,79.3309439637797
2024-06-19 06:00:05,81.6034917183262
2024-06-19 07:00:05,99.0518845151257
2024-06-19 09:00:05,77.0005563578816
2024-06-19 10:00:05,81.8982747998716
2024-06-19 11:00:05,79.983160464614
2024-06-19 12:00:05,81.7071704415162
2024-06-19 13:00:05,75.3071663169442
2024-06-19 14:00:05,80.3389863444439
2024-06-19 15:00:05,83.378521800075
2024-06-19 16:00:05,76.9179798508012
2024-06-19 17:00:05,86.9906077920295
2024-06-19 18:00:05,89.3520734256064
2024-06-19 19:00:05,85.9728033033853
2024-06-19 20:00:05,83.047028068465
2024-06-19 21:00:05,77.572861157632
2024-06-19 22:00:05,81.2052307654742
2024-06-19 23:00:05,80.5543403555627
2024-06-20 00:00:02,79.5013428394872
2024-06-20 01:00:05,82.023750875238
2024-06-20 02:00:05,81.4112121277889
2024-06-20 03:00:05,86.3778675705372
2024-06-20 04:00:05,81.6651400179381
2024-06-20 05:00:05,77.8761116671223
2024-06-20 06:00:05,79.2535876065168
2024-06-20 07:00:05,81.9634393139904
2024-06-20 09:00:05,80.7685713311944
2024-06-20 10:00:05,87.1441596450117
2024-06-20 11:00:05,86.3920686257031
2024-06-20 12:00:05,84.1777522258064
2024-06-20 13:00:05,71.3824101001709
2024-06-20 14:00:05,79.8784945613195
2024-06-20 15:00:05,83.8807660069201
2024-06-20 16:00:05,83.1581731827524
2024-06-20 17:00:05,77.6569414242597
2024-06-20 18:00:05,78.1825003212719
2024-06-20 19:00:05,78.4265744508091
2024-06-20 20:00:05,77.3474934006527
2024-06-20 21:00:05,80.041971278327
2024-06-20 22:00:05,79.3536580340831
2024-06-20 23:00:05,87.152033326954
2024-06-21 00:00:00,81.5709752895682
2024-06-21 01:00:05,80.2702213553322
2024-06-21 02:00:05,78.2288956543734
2024-06-21 03:00:05,77.9281445620716
2024-06-21 04:00:05,80.4720054200562
2024-06-21 05:00:05,77.7771273304001
2024-06-21 06:00:05,81.7008432933912
2024-06-21 07:00:05,85.5160198652476
2024-06-21 08:00:05,72.1168262408744
2024-06-21 09:00:05,81.9350570898002
2024-06-21 10:00:05,82.9252734404493
2024-06-21 11:00:05,81.0019317706164
2024-06-21 12:00:05,82.9657504881327
2024-06-21 13:00:05,80.4323536645031
2024-06-21 14:00:05,84.078249173748
2024-06-21 15:00:05,80.4175542013313
2024-06-21 16:00:05,80.6052065201146
2024-06-21 17:00:05,77.6112803434728
2024-06-21 18:00:05,82.9809469081384
2024-06-21 19:00:05,81.0207831221921
2024-06-21 20:00:05,84.5783998029268
2024-06-21 21:00:05,86.0377415724408
2024-06-21 22:00:05,83.2334621378539
2024-06-21 23:00:05,73.5577886594794
2024-06-22 00:00:00,79.1999125675611
2024-06-22 01:00:05,79.8491771363487
2024-06-22 02:00:05,78.177373885814
2024-06-22 03:00:05,84.9344325133586
2024-06-22 04:00:05,85.473460777625
2024-06-22 05:00:05,78.8138140731549
2024-06-22 06:00:05,79.8870523130637
2024-06-22 07:00:05,81.518586833784
2024-06-22 08:00:05,78.5005447409441
2024-06-22 09:00:05,85.3309267856195
2024-06-22 10:00:05,78.5575886923543
2024-06-22 11:00:05,81.4636060721887
2024-06-22 12:00:05,82.3788396226923
2024-06-23 01:00:05,83.8203825390187
2024-06-23 02:00:05,80.7706881339123
2024-06-23 03:00:05,80.6483710124635
2024-06-23 04:00:05,84.9228692448845
2024-06-23 05:00:05,78.9429886475733
2024-06-23 07:00:05,81.2355184968976
2024-06-23 10:00:05,79.377446284011
2024-06-23 11:00:05,83.6982334043771
2024-06-23 12:00:05,74.9846928844177
2024-06-23 13:00:05,75.814272513224
2024-06-23 14:00:05,79.358009935856
2024-06-23 15:00:05,82.9474504782817
2024-06-23 16:00:05,86.2688929654197
2024-06-23 17:00:05,78.3524029229711
2024-06-23 18:00:05,77.3575201927228
2024-06-23 19:00:05,80.9987571981052
2024-06-23 20:00:05,84.3027832549331
2024-06-23 21:00:05,80.5346980401576
2024-06-23 22:00:05,85.5712866012526
2024-06-23 23:00:05,102.058072460279
2024-06-24 00:00:01,80.700892815437
2024-06-24 01:00:05,91.2645722092727
2024-06-24 02:00:05,83.2851116934067
2024-06-24 03:00:05,80.1275619025876
2024-06-24 04:00:05,80.1726479162512
2024-06-24 05:00:05,75.9468158889483
2024-06-24 06:00:05,80.487020474314
2024-06-24 07:00:05,84.3151286499561
2024-06-24 08:00:05,75.1870540898378
2024-06-24 09:00:05,77.0351460470062
2024-06-24 10:00:05,79.8638272181352
2024-06-24 11:00:05,79.9044343394206
2024-06-24 12:00:05,87.8467103021214
2024-06-24 13:00:05,80.9518527249441
2024-06-24 14:00:05,82.3205327180587
2024-06-24 15:00:05,85.6796275975438
2024-06-24 16:00:05,77.6411747014579
2024-06-24 17:00:05,79.4457185262499
2024-06-24 18:00:05,80.3858725619524
2024-06-24 19:00:05,85.2293568932729
2024-06-24 20:00:05,76.5155030438119
2024-06-24 21:00:05,79.1532141230522
2024-06-24 22:00:05,72.7112334578518
2024-06-24 23:00:05,79.2772093824449
2024-06-25 00:00:00,75.6536124596173
2024-06-25 01:00:05,78.0170272981792
2024-06-25 02:00:05,82.9025612641824
2024-06-25 03:00:05,77.4822324676118
2024-06-25 04:00:05,83.9351093169798
2024-06-25 06:00:05,82.5556341463056
2024-06-25 07:00:05,83.3032268491141
2024-06-25 08:00:05,75.3252068169077
2024-06-25 09:00:05,81.6800274345402
2024-06-25 10:00:05,78.9437363808484
2024-07-01 08:00:05,82.1502684557931
2024-07-01 11:00:03,78.5676251286727
2024-07-01 13:00:03,87.0188711835413
2024-07-01 14:00:03,79.2153677970625
2024-07-01 15:00:03,79.7169286935906
2024-07-01 16:00:03,78.145274806403
2024-07-01 17:00:03,
2024-07-01 18:00:03,
2024-07-01 19:00:03,
2024-07-01 20:00:03,
2024-07-01 21:00:03,80.2926404046551
2024-07-01 22:00:03,79.0806793741791
2024-07-01 23:00:03,80.1390978700996
2024-07-02 00:00:00,80.7169531572987
2024-07-02 01:00:03,75.2334042438273
2024-07-02 02:00:03,79.4700043465148
2024-07-02 03:00:03,79.2536756765942
2024-07-02 04:00:03,
2024-07-02 05:00:03,
2024-07-02 06:00:03,
2024-07-02 07:00:03,78.63355138584
2024-07-02 10:00:03,81.4516436855772
2024-07-02 11:00:03,81.5744870086487
2024-07-02 12:00:03,78.428897948497
2024-07-02 13:00:03,87.2495836227999
2024-07-02 14:00:03,76.62620810977
2024-07-02 15:00:03,81.6672019288651
2024-07-02 16:00:03,79.4546496009373
2024-07-02 17:00:03,78.0295515934697
2024-07-02 18:00:03,85.0009685494727
2024-07-02 19:00:03,82.1061387798648
2024-07-02 20:00:03,83.6330772503828
2024-07-02 21:00:03,83.4292424121128
2024-07-02 22:00:03,81.2430251745585
2024-07-02 23:00:03,81.3398494754449
2024-07-03 00:00:01,80.4829304970117
2024-07-03 01:00:03,86.7395523407546
2024-07-03 02:00:03,79.8668356994738
2024-07-03 03:00:03,80.8752374835231
2024-07-03 04:00:03,82.8349383060787
2024-07-03 05:00:03,81.3873160646766
2024-07-03 06:00:03,84.4032572660548
2024-07-03 07:00:03,75.5660843687243
2024-07-03 10:00:03,77.5208004419061
2024-07-03 11:00:03,83.323977136027
2024-07-03 12:00:03,81.3589790049256
2024-07-03 13:00:03,80.6487953204101
2024-07-03 14:00:03,83.9013639102839
2024-07-03 15:00:03,83.7365377187374
2024-07-03 16:00:03,81.6279168735175
2024-07-03 17:00:03,81.8362312176802
2024-07-03 18:00:03,75.784791136937
2024-07-03 19:00:03,78.7323968297663
2024-07-03 20:00:03,82.0224408721041
2024-07-03 21:00:03,81.0441636617942
2024-07-03 22:00:03,83.8474219749156
2024-07-03 23:00:03,83.2735505006
2024-07-04 00:00:00,79.8479530903405
2024-07-04 01:00:03,82.2877331963256
2024-07-04 02:00:03,57.7886720959783
2024-07-04 03:00:03,78.395699925733
2024-07-04 04:00:03,79.3451142262964
2024-07-04 05:00:03,80.4169240792088
2024-07-04 06:00:03,79.902917461111
2024-07-04 07:00:03,81.4059201091216
2024-07-04 08:00:03,76.9985576649383
2024-07-04 10:00:03,83.9063624666713
2024-07-04 11:00:03,80.7373376691045
2024-07-04 12:00:03,82.0115423613831
2024-07-04 13:00:03,78.4418454235206
2024-07-04 14:00:03,80.567857340124
2024-07-04 15:00:03,77.4381612398241
2024-07-04 16:00:03,78.823339343537
2024-07-04 17:00:03,80.6434734989961
2024-07-04 18:00:03,82.1434200633059
2024-07-05 00:00:03,82.8220565527154
2024-07-05 06:00:03,78.4464527289568
2024-07-05 12:00:03,79.6494079048749
2024-07-05 18:00:03,83.2026590012566
2024-07-06 00:00:03,79.9264684742998
2024-07-06 06:00:03,77.156291402312
2024-07-06 12:00:03,80.769017070805
2024-07-06 18:00:03,81.6028210922958
2024-07-07 00:00:03,83.0496621693265
2024-07-07 06:00:03,77.525376032637
2024-07-07 12:00:03,81.1691967336557
2024-07-07 18:00:03,82.6812521586016
2024-07-08 00:00:03,78.885272439766
2024-07-08 06:00:03,75.9812954561409
2024-07-08 12:00:03,84.5697125426217
2024-07-08 18:00:03,82.3406547157949
2024-07-09 00:00:03,76.8660190823842
2024-07-09 06:00:03,79.5291466181333
2024-07-09 12:00:03,84.3812266624134
2024-07-09 18:00:03,80.3706610600883
2024-07-10 00:00:03,83.5090266948166
2024-07-10 06:00:03,85.2108458583603
2024-07-10 12:00:03,79.0347623428525
2024-07-10 18:00:03,77.8490133035402
2024-07-11 00:00:03,80.6746409875076
2024-07-11 06:00:03,80.1369073515918
2024-07-11 12:00:03,79.7611113155148
2024-07-11 18:00:03,78.4705328620437
2024-07-12 00:00:03,78.2585639349364
2024-07-12 06:00:03,80.867045470887
2024-07-12 12:00:03,92.7075253092393
2024-07-12 18:00:03,80.8618764903857
2024-07-13 00:00:03,77.7257993641951
2024-07-13 06:00:03,81.5273502278715
2024-07-13 12:00:03,80.3253814158669
2024-07-13 18:00:03,77.8996150402636
2024-07-14 00:00:03,79.7458106240042
2024-07-14 06:00:03,79.2764415361887
2024-07-14 12:00:03,82.2425859448582
2024-07-14 18:00:03,76.1204479992199
2024-07-15 00:00:03,73.6585503558883
2024-07-15 06:00:03,76.3567098989259
2024-07-15 12:00:03,78.5016067068602
2024-07-15 18:00:03,81.9093511109176
2024-07-16 00:00:03,
2024-07-16 06:00:03,
2024-07-16 12:00:03,
2024-07-16 18:00:03,
2024-07-17 00:00:03,107.273370432266
2024-07-17 06:00:03,103.312379860205
2024-07-17 12:00:03,106.705646613662
2024-07-17 18:00:03,109.169986907792
2024-07-18 00:00:03,105.590570598029
2024-07-18 06:00:03,106.49722837188
2024-07-18 12:00:03,105.384696947442
2024-07-18 18:00:03,106.800075057586
2024-07-19 00:00:03,107.565169497183
2024-07-19 06:00:03,106.52013443307
2024-07-19 12:00:03,108.657694080837
2024-07-19 18:00:03,104.763847086457
2024-07-20 00:00:03,103.54792601814
2024-07-20 06:00:03,106.238157619009
2024-07-20 12:00:03,103.429357919165
2024-07-20 18:00:03,107.507692111882
2024-07-21 00:00:03,106.556512694517
2024-07-21 06:00:03,105.996598115465
2024-07-21 12:00:03,105.682121975831
2024-07-21 18:00:03,102.400359229602
2024-07-22 00:00:03,104.898947806644
2024-07-22 06:00:03,106.060890491607
2024-07-22 12:00:03,101.03129432182
2024-07-22 18:00:03,105.409873203106
2024-07-23 00:00:03,105.903079777232
2024-07-23 06:00:03,104.185154079433
2024-07-23 12:00:03,105.715361466287
2024-07-23 18:00:03,106.184603415901
2024-07-24 00:00:03,105.334668856594
2024-07-24 06:00:03,101.789158637862
2024-07-24 12:00:03,105.542323008468
2024-07-24 18:00:03,99.4372951396363
2024-07-25 00:00:03,105.244091144948
2024-07-25 06:00:03,107.310349949821
2024-07-25 12:00:03,106.149686179598
2024-07-25 18:00:03,106.206256531077
2024-07-26 00:00:03,107.0969445287
2024-07-26 06:00:03,104.483090376745
2024-07-26 12:00:03,106.942629224254
2024-07-26 18:00:03,108.351179779342
2024-07-27 00:00:03,103.115843280989
2024-07-27 06:00:03,105.747313843822
2024-07-27 12:00:03,108.962171108291
2024-07-27 18:00:03,106.320670104356
2024-07-28 00:00:03,105.254847475201
2024-07-28 06:00:03,106.933987091453
2024-07-28 12:00:03,104.954118597667
2024-07-28 18:00:03,107.168823932176
2024-07-29 00:00:03,105.216473795969
2024-07-29 06:00:03,101.867848480638
2024-07-29 12:00:03,106.749525291073
2024-07-29 18:00:03,107.008283596224
2024-07-30 00:00:03,106.690426446341
2024-07-30 06:00:03,107.699647065839
2024-07-30 12:00:03,100.333345613568
2024-07-30 18:00:03,103.036852851263
2024-07-31 00:00:03,104.807824487684
2024-07-31 06:00:03,106.02029341399
2024-07-31 12:00:03,105.104837225046
2024-07-31 18:00:03,103.704572620513
2024-08-01 00:00:03,105.438025534717
2024-08-01 06:00:03,101.699154332889
2024-08-01 12:00:03,101.510985294536
2024-08-01 18:00:03,109.636515562912
2024-08-02 00:00:03,113.908446052101
2024-08-02 06:00:03,105.667407264778
2024-08-02 12:00:03,103.641031596796
2024-08-02 18:00:03,102.42995241728
2024-08-03 00:00:03,113.23280120543
2024-08-03 06:00:03,104.277626058677
2024-08-03 12:00:03,110.618665462303
2024-08-03 18:00:03,102.504274958186
2024-08-04 00:00:03,109.179661812792
2024-08-04 06:00:03,102.092265607258
2024-08-04 12:00:03,102.630905974057
2024-08-04 18:00:03,105.082228807997
2024-08-05 00:00:03,93.575496876535
2024-08-05 06:00:03,103.278760353298
2024-08-05 12:00:03,104.934347973624
2024-08-05 18:00:03,109.839369701767
2024-08-06 00:00:03,100.5963320336
2024-08-06 06:00:03,103.83781567028
2024-08-06 12:00:03,111.182651021012
2024-08-06 18:00:03,98.6539171090662
2024-08-07 00:00:03,102.679694687889
2024-08-07 06:00:03,101.483891395659
2024-08-07 12:00:03,116.528873477058
2024-08-07 18:00:03,101.093907058717
2024-08-08 00:00:03,107.757467110359
2024-08-08 06:00:03,100.511566046541
2024-08-08 12:00:03,101.612361677719
2024-08-08 18:00:03,107.13186096051
2024-08-09 00:00:03,107.045191233933
2024-08-09 06:00:03,99.1046589683708
2024-08-09 12:00:03,107.221457422871
2024-08-09 18:00:03,101.114888493704
2024-08-10 00:00:03,101.711789455653
2024-08-10 06:00:03,
2024-08-10 12:00:03,
2024-08-10 18:00:03,
2024-08-11 00:00:03,
2024-08-11 06:00:03,
2024-08-11 12:00:03,96.8207815162433
2024-08-11 18:00:03,109.921564147805
2024-08-12 00:00:03,105.349879280271
2024-08-12 06:00:03,99.8342300671593
2024-08-12 12:00:03,101.129662981249
2024-08-12 18:00:03,98.8742716089543
2024-08-13 00:00:03,95.2713458762715
2024-08-13 06:00:03,103.364117353981
2024-08-13 12:00:03,101.342664775881
2024-08-13 18:00:03,100.13949746738
2024-08-14 00:00:03,107.037043079201
2024-08-14 06:00:03,101.336705230323
2024-08-14 12:00:03,101.936151148834
2024-08-14 18:00:03,104.705017418745
2024-08-15 00:00:03,105.34711668096
2024-08-15 06:00:03,102.956039771611
2024-08-15 12:00:03,103.382437739258
2024-08-15 18:00:03,103.349211572767
2024-08-16 00:00:03,98.9745629803989
2024-08-16 06:00:03,100.040600634488
2024-08-16 12:00:03,105.588984428406
2024-08-16 18:00:03,99.6840015855336
2024-08-17 00:00:03,103.181772621928
2024-08-17 06:00:03,103.979465856981
2024-08-17 12:00:03,104.386351550442
2024-08-17 18:00:03,103.994979105622
2024-08-18 00:00:03,103.512211310904
2024-08-18 06:00:03,103.982821089715
2024-08-18 12:00:03,105.760268407226
2024-08-18 18:00:03,103.72541354931
2024-08-19 00:00:03,100.720386206576
2024-08-19 06:00:03,104.091193862448
2024-08-19 12:00:03,96.6602613979494
2024-08-19 18:00:03,104.407917245835
2024-08-20 00:00:03,107.351262211695
2024-08-20 06:00:03,103.661580238471
2024-08-20 12:00:03,99.5158698272854
2024-08-20 18:00:03,102.702699260727
2024-08-21 00:00:03,106.585062414827
2024-08-21 06:00:03,101.459708583571
2024-08-21 12:00:03,100.779030373667
2024-08-21 18:00:03,103.053770036275
2024-08-22 00:00:03,100.804150815916
2024-08-22 06:00:03,105.463525236354
2024-08-22 12:00:03,102.028117088656
2024-08-22 18:00:03,96.2863355943237
2024-08-23 00:00:03,97.0503077060787
2024-08-23 06:00:03,96.8034177272392
2024-08-23 12:00:03,101.067379335323
2024-08-23 18:00:03,100.874752831185
2024-08-24 00:00:03,99.4923339780048
2024-08-24 06:00:03,97.6680272608568
2024-08-24 12:00:03,99.0576793889881
2024-08-24 18:00:03,97.4515294410044
2024-08-25 00:00:03,100.434957125002
2024-08-25 06:00:03,101.387390181494
2024-08-25 12:00:03,98.3887908025906
2024-08-25 18:00:03,101.949906564963
2024-08-26 00:00:03,106.489615683844
2024-08-26 06:00:03,99.6899781578132
2024-08-26 15:00:01,100.522237738604
2024-08-26 16:00:01,108.079210820994
2024-08-26 17:00:01,102.611605839535
2024-08-26 18:00:01,102.957883517482
2024-08-26 19:00:01,102.060177618645
2024-08-26 20:00:01,99.2215801782692
2024-08-26 21:00:01,106.090737111999
2024-08-26 22:00:01,103.235099757944
2024-08-26 23:00:01,107.945446476344
2024-08-27 00:00:00,97.1221722740836
2024-08-27 01:00:01,98.3433827277536
2024-08-27 02:00:01,102.684747318353
2024-08-27 03:00:01,94.2166458052264
2024-08-27 04:00:01,98.8408241040764
2024-08-27 05:00:01,100.719777431005
2024-08-27 06:00:01,105.145636315219
2024-08-27 07:00:01,100.04282568019
2024-08-27 08:00:01,93.572530738213
2024-08-27 09:00:01,97.763504658653
2024-08-27 10:00:01,106.387163425304
2024-08-27 11:00:01,97.6735763075516
2024-08-27 12:00:01,93.6343560907625
2024-08-27 13:00:01,119.757211761726
2024-08-27 14:00:01,100.967547757832
2024-08-27 15:00:01,99.5772007238301
2024-08-27 16:00:01,102.588760051375
2024-08-27 17:00:01,98.9824438532579
2024-08-27 18:00:01,97.348077014196
2024-08-27 19:00:01,97.9248482071825
2024-08-27 20:00:01,103.252897299984
2024-08-27 21:00:01,99.3144694422065
2024-08-27 22:00:01,99.9418385414962
2024-08-27 23:00:01,100.473169689659
2024-08-28 00:00:01,103.372960247387
2024-08-28 01:00:01,107.618945649412
2024-08-28 02:00:01,99.8376332364804
2024-08-28 03:00:01,103.236283628514
2024-08-28 04:00:01,98.8453450273414
2024-08-28 05:00:01,101.799840582637
2024-08-28 06:00:01,103.441009943985
2024-08-28 07:00:01,98.9534044054514
2024-08-28 08:00:01,97.4872676224758
2024-08-28 09:00:01,105.163486251571
2024-08-28 10:00:01,103.53166341908
2024-08-29 01:00:01,101.131564689673
2024-08-29 03:00:01,107.017684696451
2024-08-29 04:00:01,107.089257473022
2024-08-29 05:00:01,
2024-08-29 06:00:01,
2024-08-29 07:00:01,
2024-08-29 08:00:01,
2024-08-29 09:00:01,
2024-08-29 10:00:01,103.398871695454
2024-08-29 11:00:01,105.8058934291
2024-08-29 12:00:01,100.721343022954
2024-08-29 13:00:01,101.625167475114
2024-08-29 14:00:01,99.3684661872996
2024-08-29 15:00:01,100.490370926851
2024-08-29 16:00:01,98.5089015706827
2024-08-29 17:00:01,99.3812199445732
2024-08-29 18:00:01,101.552907002699
2024-08-29 19:00:01,99.5776552752711
2024-08-29 20:00:01,98.9919694410542
2024-08-29 21:00:01,100.587799593252
2024-08-29 22:00:01,98.457936648768
2024-08-29 23:00:01,92.5676604707791
2024-08-30 00:00:00,100.642183459561
2024-08-30 01:00:01,93.2651404338472
2024-08-30 02:00:01,103.739872237022
2024-08-30 03:00:01,107.222903803845
2024-08-30 04:00:01,101.628855939482
2024-08-30 05:00:01,98.8013525883412
2024-08-30 06:00:01,96.5267674090589
2024-08-30 07:00:01,96.8405566686519
2024-08-30 08:00:01,103.276775043899
2024-08-30 09:00:01,98.1745166249666
2024-08-30 10:00:01,101.024238264538
2024-08-30 11:00:01,102.489062507356
2024-08-30 12:00:01,95.6188487826618
2024-08-30 13:00:01,101.301543827093
2024-08-30 14:00:01,98.7643660802773
2024-08-30 15:00:01,98.4734222533082
2024-08-30 16:00:01,98.7682648894827
2024-08-30 17:00:01,101.751239585187
2024-08-30 18:00:01,100.814566987237
2024-08-30 19:00:01,121.938961383234
2024-08-30 20:00:01,99.458175428308
2024-08-30 21:00:01,102.592104465058
2024-08-30 22:00:01,101.827751370698
2024-08-30 23:00:01,93.500556738937
2024-08-31 00:00:00,96.6457098386447
2024-08-31 01:00:01,99.5888874654085
2024-08-31 02:00:01,100.246338760122
2024-08-31 03:00:01,103.046675359739
2024-08-31 04:00:01,104.2796296945
2024-08-31 05:00:01,95.7453657926063
2024-08-31 06:00:01,99.9687064338564
2024-08-31 07:00:01,95.9653681263643
2024-08-31 08:00:01,105.065023598781
2024-08-31 09:00:01,100.810017897989
2024-08-31 10:00:01,96.7551112061482
2024-08-31 11:00:01,103.565460890137
2024-08-31 12:00:01,100.598029584478
2024-08-31 13:00:01,98.1737632084675
2024-08-31 14:00:01,98.4908879922253
2024-08-31 15:00:01,110.057226873185
2024-08-31 16:00:01,103.353489881873
2024-08-31 17:00:01,94.5470736476694
2024-08-31 18:00:01,103.91153110145
2024-08-31 19:00:01,102.767464984141
2024-08-31 20:00:01,100.973085502106
2024-08-31 21:00:01,102.293264735872
2024-08-31 22:00:01,98.6744971636854
2024-08-31 23:00:01,102.61801494776
2024-09-01 00:00:01,100.286784095534
2024-09-01 01:00:01,100.62321860794
2024-09-01 02:00:01,100.158402973059
2024-09-01 03:00:01,99.3332849859768
2024-09-01 04:00:01,99.7392871421776
2024-09-01 05:00:01,99.7503155164556
2024-09-01 06:00:01,100.094917147518
2024-09-01 07:00:01,100.443043206238
2024-09-01 08:00:01,99.5247348656918
2024-09-01 09:00:01,100.268965815616
2024-09-01 10:00:01,99.1014985750945
2024-09-01 11:00:01,99.491396869812
2024-09-01 12:00:01,99.1472060489865
2024-09-01 13:00:01,100.699844245961
2024-09-01 14:00:01,99.2589074980684
2024-09-01 15:00:01,99.0348409539873
2024-09-01 16:00:01,99.8402233946115
2024-09-02 12:00:01,99.2599710572721
2024-09-02 13:00:01,99.5234622742382
2024-09-02 14:00:01,99.6843979464901
2024-09-02 15:00:01,99.848472460021
2024-09-02 16:00:01,100.152905241265
2024-09-02 17:00:01,98.8829739517131
2024-09-02 18:00:01,98.4069426137025
2024-09-02 19:00:01,99.1107754305443
2024-09-02 20:00:01,98.3192635154869
2024-09-02 21:00:01,99.1873225322405
2024-09-02 22:00:01,98.2588245870018
2024-09-02 23:00:01,99.8237664356887
2024-09-03 00:00:00,98.7053154971152
2024-09-03 01:00:01,97.4682704066146
2024-09-03 02:00:01,99.5556701842908
2024-09-03 03:00:01,98.8158526268308
2024-09-03 04:00:01,99.4403208765645
2024-09-03 05:00:01,98.7938890403825
2024-09-03 06:00:01,98.8365811184358
2024-09-03 07:00:01,98.9111328389024
2024-09-03 08:00:01,97.5768422483802
2024-09-03 09:00:01,98.2673309973465
2024-09-03 10:00:01,99.1417590378372
2024-09-03 11:00:01,98.2982601364524
2024-09-03 12:00:01,98.7903231811834
2024-09-03 13:00:01,96.9915879991896
2024-09-03 14:00:01,99.4295449991169
2024-09-03 15:00:01,98.6817038048691
2024-09-03 16:00:01,98.3506171234035
2024-09-03 17:00:01,98.2948816786348
2024-09-03 18:00:01,98.4176473685051
2024-09-03 19:00:01,98.4028623108615
2024-09-03 20:00:01,99.64649466518
2024-09-03 21:00:01,98.0686528980418
2024-09-03 22:00:01,99.2990102958665
2024-09-03 23:00:01,97.8920767612801
2024-09-04 00:00:00,98.188379533284
2024-09-04 01:00:01,97.7511653912459
2024-09-04 02:00:01,98.2024196392168
2024-09-04 03:00:01,97.5711997907258
2024-09-04 04:00:01,96.9469560934898
2024-09-04 05:00:01,99.2285745417286
2024-09-04 06:00:01,98.4087515277322
2024-09-04 07:00:01,98.0032459072276
2024-09-04 08:00:01,98.4058675140532
2024-09-04 09:00:01,97.8372036762302
2024-09-04 10:00:01,97.4742050212525
2024-09-04 11:00:01,97.7158738355672
2024-09-04 12:00:01,97.1263269984078
2024-09-04 13:00:01,96.705016955329
2024-09-04 14:00:01,96.9016800380196
2024-09-04 15:00:01,98.2949945446908
2024-09-04 16:00:01,98.0501953178098
2024-09-04 17:00:01,99.1001525685125
2024-09-04 18:00:01,98.7811221644567
2024-09-04 19:00:01,96.9442842379613
2024-09-04 20:00:01,98.8268492871329
2024-09-04 21:00:01,97.0871457978998
2024-09-04 22:00:01,97.4023224641988
2024-09-04 23:00:01,98.8059185651988
2024-09-05 00:00:00,96.9759049176071
2024-09-05 01:00:01,97.19218922014
2024-09-05 02:00:01,96.8466441188484
2024-09-05 03:00:01,97.239766686858
2024-09-05 04:00:01,95.8184949547855
2024-09-05 05:00:01,96.7432323527383
2024-09-05 06:00:01,96.7918876244509
2024-09-05 07:00:01,96.546928537905
2024-09-05 09:00:01,96.2463890945475
2024-09-05 10:00:01,97.396598630751
2024-09-05 11:00:01,97.4087520051852
2024-09-05 12:00:01,97.2249796234223
2024-09-05 13:00:01,96.7875893274089
2024-09-05 14:00:01,97.0702562148658
2024-09-05 15:00:01,96.9458046376845
2024-09-05 16:00:01,98.312347328755
2024-09-05 17:00:01,95.7684285420623
2024-09-05 18:00:01,98.1104906980835
2024-09-05 19:00:01,96.0533594578697
2024-09-05 20:00:01,96.3228626974868
2024-09-06 07:00:01,96.5684089781404
2024-09-06 09:00:01,95.6644054605805
2024-09-06 10:00:01,96.1192736511315
2024-09-06 11:00:01,96.0168173178582
2024-09-06 12:00:01,96.688760456946
2024-09-06 13:00:01,94.9501465783339
2024-09-06 14:00:01,95.8999295327534
2024-09-06 15:00:01,95.662653077252
2024-09-06 16:00:01,97.102823845205
2024-09-06 17:00:01,96.0764369196493
2024-09-06 18:00:01,96.3458636224415
2024-09-06 19:00:01,95.300980827441
2024-09-06 20:00:01,94.9134069601886
2024-09-06 21:00:01,96.5050312920593
2024-09-06 22:00:01,97.5636236490586
2024-09-06 23:00:01,95.8918159914739
2024-09-07 00:00:00,95.6117095654546
2024-09-07 01:00:01,95.3961256946731
2024-09-07 02:00:01,95.5752572188016
2024-09-07 03:00:01,95.8406906726118
2024-09-07 04:00:01,94.5177208466364
2024-09-07 05:00:01,95.5019664856518
2024-09-07 06:00:01,96.1042238215096
2024-09-07 07:00:01,96.8114651043262
2024-09-07 08:00:01,95.411439225252
2024-09-07 09:00:01,96.6590055588189
2024-09-07 10:00:01,95.4436094240651
2024-09-07 11:00:01,97.1482795674133
2024-09-07 12:00:01,94.8091365711694
2024-09-07 13:00:01,96.2764740555547
2024-09-07 14:00:01,94.9763902378111
2024-09-07 15:00:01,96.1049134010845
2024-09-07 16:00:01,95.1375453412559
2024-09-07 17:00:01,96.8248361436344
2024-09-07 18:00:01,96.0139769625306
2024-09-07 19:00:01,94.9676068223267
2024-09-07 20:00:01,
2024-09-07 21:00:01,
2024-09-07 22:00:01,
2024-09-07 23:00:01,95.3237906415588
2024-09-08 00:00:01,93.2640674972812
2024-09-08 01:00:01,92.8906397104838
2024-09-08 02:00:01,95.2107473354743
2024-09-08 03:00:01,94.6645961297334
2024-09-08 04:00:01,94.3105341435732
2024-09-08 05:00:01,93.8361836816733
2024-09-08 06:00:01,95.2262104419614
2024-09-08 07:00:01,95.095061569053
2024-09-08 08:00:01,95.102773436058
2024-09-08 09:00:01,94.7851329271658
2024-09-08 10:00:01,95.7289049520606
2024-09-08 11:00:01,93.8603883888056
2024-09-08 12:00:01,95.1082042576229
2024-09-08 13:00:01,94.4630545166875
2024-09-08 14:00:01,95.094880910697
2024-09-08 15:00:01,93.9857904216947
2024-09-08 16:00:01,93.8161219805732
2024-09-08 17:00:01,95.2454576073292
2024-09-08 18:00:01,95.1482099164331
2024-09-08 19:00:01,94.6233584391471
2024-09-08 20:00:01,93.3294273676365
2024-09-08 21:00:01,93.6982005388021
2024-09-08 22:00:01,95.6434629522506
2024-09-08 23:00:01,94.7805487343838
2024-09-09 00:00:00,93.6918862416079
2024-09-09 01:00:01,92.522837440391
2024-09-09 02:00:01,93.0923621571832
2024-09-09 03:00:01,95.2998879292935
2024-09-09 04:00:01,94.3110738851588
2024-09-09 05:00:01,94.3265533877351
2024-09-09 06:00:01,93.6955314193691
2024-09-09 07:00:01,93.4695776528488
2024-09-09 09:00:01,94.1114556787991
2024-09-09 10:00:01,94.2169313270381
2024-09-09 11:00:01,95.8145955276947
2024-09-09 12:00:01,94.7599510466024
2024-09-09 13:00:01,94.1819279524739
2024-09-09 14:00:01,94.3083347279002
2024-09-09 15:00:01,93.881159109617
2024-09-09 16:00:01,93.3409221081086
2024-09-09 17:00:01,94.2647941309747
2024-09-09 18:00:01,93.8077111371373
2024-09-09 19:00:01,94.8133625394359
2024-09-09 20:00:01,94.0693198479097
2024-09-09 21:00:01,93.8212702773125
2024-09-09 22:00:01,93.7139172153064
2024-09-09 23:00:01,93.5252118215811
2024-09-10 00:00:01,93.9336850004282
2024-09-10 01:00:01,92.7243264196198
2024-09-10 02:00:01,93.2599562734343
2024-09-10 12:00:01,92.7168411907775
2024-09-10 13:00:01,93.0641140311466
2024-09-10 15:00:01,93.844933892686
2024-09-10 16:00:01,94.0458866573475
2024-09-10 17:00:01,93.0755089858803
2024-09-10 18:00:01,92.157176710855
2024-09-10 19:00:01,93.4887973571602
2024-09-10 20:00:01,93.1523169953248
2024-09-10 21:00:01,93.21026293318
2024-09-10 22:00:01,93.5131350793745
2024-09-11 00:00:02,93.2096733252032
2024-09-11 01:00:01,93.5057339970061
2024-09-11 02:00:01,93.5323387104533
2024-09-11 03:00:01,92.9455853599562
2024-09-11 04:00:01,93.0186037311689
2024-09-11 05:00:01,93.038309220448
2024-09-11 06:00:01,93.7016586694882
2024-09-11 07:00:01,92.8897666074562
2024-09-11 08:00:08,68.1108437877027
2024-09-11 09:00:08,93.46416439328
2024-09-11 10:00:08,92.7785479901173
2024-09-11 11:00:08,92.7990061223953
2024-09-11 12:00:08,93.0657170996687
2024-09-11 13:00:08,93.3680797051643
2024-09-11 14:00:08,92.6239530342504
2024-09-11 15:00:08,92.1203350917384
2024-09-11 16:00:08,92.2500292246346
2024-09-11 17:00:08,92.3144047698255
2024-09-11 18:00:08,93.6887885634163
2024-09-11 19:00:08,93.6701961782184
2024-09-11 20:00:08,92.4686839082802
2024-09-11 21:00:08,93.0109280868271
2024-09-11 22:00:08,92.3753821206339
2024-09-11 23:00:08,93.7633202017314
2024-09-12 00:00:00,92.5310659309683
2024-09-12 01:00:08,92.1834870968165
2024-09-12 02:00:08,90.325596318494
2024-09-12 03:00:08,92.5435997163965
2024-09-12 04:00:08,90.8393983381753
2024-09-12 05:00:08,92.309732799091
2024-09-12 06:00:08,91.8782345801657
2024-09-12 07:00:08,92.3426794572533
2024-09-12 08:00:08,91.6318825610579
2024-09-12 10:00:08,91.2142166930075
2024-09-12 11:00:08,91.750364719279
2024-09-12 12:00:08,92.0658250228597
2024-09-12 13:00:08,92.0387638772264
2024-09-12 14:00:08,91.7622627414038
2024-09-12 15:00:08,91.6939606595476
2024-09-12 16:00:08,91.5226206307796
2024-09-12 17:00:08,92.3978680064455
2024-09-12 18:00:08,92.8388003160201
2024-09-12 19:00:08,92.3547964553032
2024-09-12 20:00:08,91.8575105022639
2024-09-12 21:00:08,92.4032789045683
2024-09-12 22:00:08,91.4278330052071
2024-09-12 23:00:08,91.3303626089987
2024-09-13 00:00:00,89.7116274681517
2024-09-13 01:00:08,91.9844448227872
2024-09-13 02:00:08,91.5807306484487
2024-09-13 03:00:08,91.4080821509134
2024-09-13 04:00:08,89.1270558156681
2024-09-13 05:00:08,90.3681338820119
2024-09-13 06:00:08,90.0434380564383
2024-09-13 07:00:08,90.3166792991749
2024-09-13 08:00:08,91.1801428051061
2024-09-13 09:00:08,91.1112621945769
2024-09-13 10:00:08,91.3618854425838
2024-09-13 11:00:08,90.007115752291
2024-09-13 12:00:08,90.6637374288362
2024-09-13 13:00:08,91.1915083686289
2024-09-13 14:00:08,90.5572864206253
2024-09-13 15:00:08,91.3045142923038
2024-09-13 16:00:08,90.2675819928117
2024-09-13 17:00:08,90.500553752098
2024-09-13 18:00:08,90.7062650174506
2024-09-13 19:00:08,90.3480119436962
2024-09-13 20:00:08,90.6477575481506
2024-09-13 21:00:08,91.1896248761956
2024-09-13 22:00:08,91.7705566886398
2024-09-13 23:00:08,91.3019505166482
2024-09-14 00:00:00,89.8877571920524
2024-09-14 01:00:08,89.45323004587
2024-09-14 12:00:08,89.8798425176089
2024-09-14 13:00:08,90.0702179145377
2024-09-14 14:00:08,91.3942434301672
2024-09-14 15:00:08,90.8008173654735
2024-09-14 16:00:08,90.2612603170902
2024-09-14 17:00:08,89.9297354694927
2024-09-14 18:00:08,89.3070810453631
2024-09-14 19:00:08,89.5268638183995
2024-09-14 20:00:08,89.2787499421205
2024-09-14 21:00:08,89.8357720324601
2024-09-14 22:00:08,90.1773752705496
2024-09-14 23:00:08,89.7710633692872
2024-09-15 01:00:08,88.8922989719104
2024-09-15 02:00:08,88.8774635454651
2024-09-15 03:00:08,88.6834358676369
2024-09-15 04:00:08,89.5788530099871
2024-09-15 05:00:08,89.5392757397328
2024-09-15 06:00:08,87.8240444278607
2024-09-15 07:00:08,89.0939497087281
2024-09-15 08:00:08,88.3342610367218
2024-09-15 09:00:08,87.4911313909602
2024-09-15 10:00:08,86.7710793345418
2024-09-15 11:00:08,89.350111332448
2024-09-15 12:00:08,88.9715066859904
2024-09-15 13:00:08,89.4951013464204
2024-09-15 14:00:08,87.9374600351568
2024-09-15 15:00:08,88.8367441575123
2024-09-15 16:00:08,89.1773781864755
2024-09-15 17:00:08,89.3310996583586
2024-09-15 18:00:08,89.6512172704216
2024-09-15 19:00:08,88.8626803502105
2024-09-15 20:00:08,88.8192155597461
2024-09-15 21:00:08,88.3925884766423
2024-09-15 22:00:08,89.4220295950827
2024-09-15 23:00:08,89.0131292181665
2024-09-16 00:00:00,86.3167159657075
2024-09-16 01:00:08,88.1390310978314
2024-09-16 02:00:08,86.9770605891297
2024-09-16 03:00:08,87.30311353196
2024-09-16 04:00:08,87.3346104127314
2024-09-16 05:00:08,88.1856197191101
2024-09-16 06:00:08,86.8440108326079
2024-09-16 07:00:08,87.528862518082
2024-09-16 09:00:08,87.1431006836907
2024-09-16 10:00:08,87.1477983310608
2024-09-16 11:00:08,87.3086074277235
2024-09-16 12:00:08,87.2866087333398
2024-09-16 13:00:08,86.1090742491452
2024-09-16 14:00:08,88.647600634218
2024-09-16 15:00:08,87.7698914438515
2024-09-16 16:00:08,88.0116678801226
2024-09-16 17:00:08,87.4214322971323
2024-09-16 18:00:08,87.6860531148401
2024-09-16 19:00:08,88.3615998466783
2024-09-16 20:00:08,88.2039468605326
2024-09-16 21:00:08,87.5187786455787
2024-09-16 22:00:08,88.188470474704
2024-09-16 23:00:08,85.8925598870234
2024-09-17 00:00:01,87.3311248734211
2024-09-17 01:00:08,87.8711875945833
2024-09-17 02:00:08,86.9858192493831
2024-09-17 03:00:08,87.4043488178341
2024-09-17 04:00:08,86.470182376681
2024-09-17 05:00:08,85.9946856476598
2024-09-17 06:00:08,86.706848328597
2024-09-17 07:00:08,86.3023779974763
2024-09-17 08:00:08,87.6012599341279
2024-09-17 09:00:08,86.6690882030171
2024-09-17 10:00:08,87.0007472100294
2024-09-17 11:00:08,85.8994115243689
2024-09-17 12:00:08,87.353650407836
2024-09-17 13:00:08,87.0230215215982
2024-09-17 14:00:08,85.9198476527875
2024-09-17 15:00:08,86.938746280952
2024-09-17 16:00:08,86.7095933956377
2024-09-17 17:00:08,86.5298998543841
2024-09-17 18:00:08,87.0144317023567
2024-09-17 19:00:08,86.0221006311354
2024-09-17 20:00:08,87.4257749378044
2024-09-17 21:00:08,87.049346968907
2024-09-17 22:00:08,85.6290921006802
2024-09-17 23:00:08,87.1215367706129
2024-09-18 00:00:01,85.5744842546207
2024-09-18 01:00:08,84.8332528117014
2024-09-18 02:00:08,84.9577791643084
2024-09-18 03:00:08,84.6515036797674
2024-09-18 05:00:08,85.7585447419103
2024-09-18 17:00:08,85.8347132684137
2024-09-18 18:00:08,86.301163920199
2024-09-18 19:00:08,85.5395712416151
2024-09-18 20:00:08,85.6550318655822
2024-09-18 21:00:08,83.5431088994278
2024-09-18 22:00:08,85.4057112689771
2024-09-18 23:00:08,86.5430571989993
2024-09-19 00:00:01,85.3189643600796
2024-09-19 01:00:08,84.3230454713446
2024-09-19 02:00:08,85.3662935818685
2024-09-19 03:00:08,85.3592092528851
2024-09-19 04:00:08,84.8631542335556
2024-09-19 05:00:08,84.4170159396411
2024-09-19 06:00:08,85.6358737982312
2024-09-19 07:00:08,84.0050247652048
2024-09-19 08:00:08,84.5290771956637
2024-09-19 09:00:08,84.5744859471855
2024-09-19 10:00:08,85.0377772313474
2024-09-19 11:00:08,85.5680495430412
2024-09-19 12:00:08,84.2965354939224
2024-09-19 13:00:08,84.2028220194154
2024-09-19 14:00:08,84.4177303870089
2024-09-19 15:00:08,85.4364763385144
2024-09-19 16:00:08,86.2919503099039
2024-09-19 17:00:08,84.4456629875239
2024-09-19 18:00:08,84.8204997795517
2024-09-19 19:00:08,84.7794407668377
2024-09-19 20:00:08,85.1954518787536
2024-09-19 21:00:08,85.1210941467969
2024-09-19 22:00:08,84.4772804596774
2024-09-19 23:00:08,84.0800250931241
2024-09-20 00:00:01,83.3563609651032
2024-09-20 01:00:08,85.506493735972
2024-09-20 02:00:08,84.3454373566678
2024-09-20 03:00:08,84.0083224053359
2024-09-20 04:00:08,83.4137082477578
2024-09-20 05:00:08,83.656171649252
2024-09-20 06:00:08,85.2611119812073
2024-09-20 07:00:08,85.6129352180672
2024-09-20 08:00:08,85.2188366528502
2024-09-20 09:00:08,84.7890193702853
2024-09-20 10:00:08,83.8262840568285
2024-09-20 11:00:08,84.8980889705924
2024-09-20 12:00:08,84.7535856546787
2024-09-20 13:00:08,85.289221351799
2024-09-20 14:00:08,83.7285638301557
2024-09-20 15:00:08,84.640947180935
2024-09-20 16:00:08,84.9792629720619
2024-09-20 17:00:08,83.5380087121819
2024-09-20 18:00:08,84.8786495656988
2024-09-20 19:00:08,84.4956815346694
2024-09-20 20:00:08,84.2728277760782
2024-09-20 21:00:08,85.7171140158927
2024-09-20 22:00:08,85.4242843932777
2024-09-20 23:00:08,84.6592731437078
2024-09-21 00:00:01,
2024-09-21 01:00:08,
2024-09-21 02:00:08,
2024-09-21 03:00:08,
2024-09-21 04:00:08,
2024-09-21 05:00:08,
2024-09-21 06:00:08,
2024-09-21 07:00:08,
2024-09-21 08:00:08,
2024-09-21 09:00:08,
2024-09-21 11:00:08,
2024-09-21 12:00:08,
2024-09-21 13:00:08,
2024-09-21 14:00:08,
2024-09-21 15:00:08,
2024-09-21 16:00:08,
2024-09-21 17:00:08,
2024-09-21 18:00:08,
2024-09-21 19:00:08,
2024-09-21 20:00:08,
2024-09-21 21:00:08,
2024-09-21 22:00:08,
2024-09-21 23:00:08,
2024-09-22 00:00:01,108.290725176552
2024-09-22 01:00:08,107.415426496261
2024-09-22 02:00:08,
2024-09-22 03:00:08,
2024-09-22 04:00:08,
2024-09-22 05:00:08,
2024-09-22 06:00:08,107.507822237616
2024-09-22 07:00:08,107.32556942523
2024-09-22 09:00:08,108.278618943154
2024-09-22 11:00:08,107.622608504713
2024-09-22 21:00:08,107.961796418511
2024-09-22 22:00:08,107.817337170813
2024-09-22 23:00:08,107.367969571757
2024-09-23 00:00:01,106.829517202867
2024-09-23 01:00:08,106.667999846411
2024-09-23 02:00:08,105.8642072224
2024-09-23 03:00:08,107.024916108633
2024-09-23 04:00:08,106.935616114742
2024-09-23 05:00:08,106.857575905503
2024-09-23 06:00:08,107.130715658087
2024-09-23 07:00:08,106.641584294257
2024-09-23 08:00:08,106.428266269351
2024-09-23 09:00:08,106.395495216379
2024-09-23 10:00:08,106.529568736501
2024-09-23 11:00:08,106.599711448101
2024-09-23 12:00:08,106.846359157334
2024-09-23 13:00:08,106.264246607681
2024-09-23 14:00:08,106.651435031606
2024-09-23 15:00:08,106.475942137745
2024-09-23 16:00:08,106.796019320618
2024-09-23 17:00:08,106.684298381372
2024-09-23 18:00:08,106.541815674806
2024-09-23 19:00:08,106.556219527354
2024-09-23 20:00:08,106.939281739335
2024-09-23 21:00:08,107.009189109081
2024-09-23 22:00:08,106.972892901605
2024-09-23 23:00:08,106.723814831908
2024-09-24 00:00:00,106.440273126403
2024-09-24 01:00:08,106.370357384502
2024-09-24 02:00:08,106.144736575402
2024-09-24 03:00:08,106.144003232474
2024-09-24 04:00:08,107.557836391704
2024-09-24 05:00:08,105.783206266804
2024-09-24 06:00:08,106.481662280715
2024-09-24 08:00:08,106.447914376372
2024-09-24 09:00:08,106.741284970949
2024-09-24 10:00:08,106.040166675017
2024-09-24 11:00:08,106.387398109499
2024-09-24 12:00:08,106.293773725198
2024-09-24 13:00:08,105.929331880362
2024-09-24 14:00:08,106.098583868419
2024-09-24 15:00:08,105.8522534836
2024-09-24 16:00:08,106.505739350837
2024-09-24 17:00:08,106.238123877077
2024-09-24 18:00:08,106.699923394482
2024-09-24 19:00:08,106.302749483196
2024-09-24 20:00:08,106.065851180618
2024-09-24 21:00:08,105.981904044694
2024-09-24 22:00:08,106.06835709039
2024-09-24 23:00:08,105.935591401506
2024-09-25 00:00:02,104.876577337419
2024-09-25 01:00:08,104.936741539175
2024-09-25 02:00:08,105.942216533863
2024-09-25 03:00:08,106.221494871959
2024-09-25 04:00:08,105.43385255785
2024-09-25 05:00:08,106.751924457132
2024-09-25 06:00:08,105.31873286193
2024-09-25 07:00:08,105.107382541807
2024-09-25 08:00:08,105.537127631278
2024-09-25 09:00:08,107.383645764354
2024-09-25 10:00:08,105.945488502849
2024-09-25 11:00:08,107.079033664859
2024-09-25 12:00:08,105.816568420878
2024-09-25 13:00:08,106.47210032629
2024-09-25 14:00:08,105.585610512192
2024-09-25 15:00:08,106.135539245665
2024-09-25 16:00:08,105.042404583558
2024-09-25 17:00:08,107.266138734273
2024-09-25 18:00:08,105.567274972571
2024-09-25 19:00:08,105.266537450417
2024-09-25 20:00:08,105.421023480546
2024-09-25 21:00:08,106.435053987508
2024-09-25 22:00:08,105.309107507813
2024-09-25 23:00:08,105.093597695582
2024-09-26 00:00:01,103.899748255783
2024-09-26 01:00:08,104.770756259692
2024-09-26 02:00:08,104.741047856752
2024-09-26 03:00:08,105.624932721673
2024-09-26 04:00:08,104.612546005601
2024-09-26 05:00:08,104.712755949003
2024-09-26 06:00:08,104.93840531482
2024-09-26 07:00:08,105.034716667821
2024-09-26 09:00:08,105.431816055195
2024-09-26 10:00:08,105.489866435889
2024-09-26 11:00:08,105.837573384446
2024-09-26 12:00:08,105.890702900064
2024-09-27 00:00:00,103.481281543789
2024-09-27 02:00:08,104.841199046891
2024-09-27 03:00:08,105.14997614661
2024-09-27 04:00:08,104.566639591442
2024-09-27 05:00:08,104.786279102715
2024-09-27 06:00:08,105.017930125612
2024-09-27 07:00:08,103.515042540429
2024-09-27 08:00:08,104.130789242143
2024-09-27 09:00:08,105.546824082513
2024-09-27 10:00:08,103.523416533483
2024-09-27 11:00:08,103.724235547399
2024-09-27 12:00:08,105.178674661611
2024-09-27 13:00:08,104.725594090526
2024-09-27 14:00:08,104.575798109535
2024-09-27 15:00:08,104.575967944727
2024-09-27 16:00:08,103.670642366072
2024-09-27 17:00:08,104.261576344362
2024-09-27 18:00:08,104.0493681136
2024-09-27 19:00:08,105.068511150955
2024-09-27 20:00:08,103.664515574905
2024-09-27 21:00:08,103.575209606109
2024-09-27 22:00:08,104.187273704996
2024-09-27 23:00:08,103.880229523963
2024-09-28 00:00:01,103.120781870137
2024-09-28 01:00:08,102.616993361543
2024-09-28 02:00:08,104.829807307614
2024-09-28 03:00:08,103.698068316998
2024-09-28 04:00:08,103.135459689087
2024-09-28 05:00:08,104.192924944763
2024-09-28 06:00:08,102.505027355243
2024-09-28 07:00:08,104.355324388001
2024-09-28 08:00:08,102.943856504422
2024-09-28 09:00:08,103.182739051969
2024-09-28 10:00:08,103.509732021069
2024-09-28 11:00:08,104.247761995781
2024-09-28 12:00:08,103.582694043631
2024-09-28 13:00:08,104.548153035476
2024-09-28 14:00:08,103.913531912017
2024-09-28 15:00:08,104.660158026968
2024-09-28 16:00:08,103.671391956771
2024-09-28 17:00:08,104.203225593878
2024-09-28 18:00:08,103.604045047379
2024-09-28 19:00:08,103.080711725898
2024-09-28 20:00:08,103.428870915858
2024-09-28 21:00:08,102.987179896801
2024-09-28 22:00:08,103.940615270103
2024-09-28 23:00:08,104.423413401194
2024-09-29 00:00:01,103.709741243004
2024-09-29 01:00:08,103.032372959065
2024-09-29 02:00:08,103.502189957391
2024-09-29 03:00:08,103.77148611023
2024-09-29 04:00:08,103.399602732879
2024-09-29 05:00:08,102.931473203402
2024-09-29 06:00:08,103.689082278384
2024-09-29 07:00:08,102.858634423013
2024-09-29 08:00:08,103.225370313433
2024-09-29 09:00:08,103.110645420043
2024-09-29 10:00:08,103.102866787512
2024-09-29 11:00:08,102.824942528469
2024-09-29 12:00:08,102.132693559733
2024-09-29 13:00:08,102.437622969545
2024-09-29 14:00:08,102.283088594494
2024-09-29 15:00:08,102.356406445637
2024-09-29 16:00:08,103.749559266605
2024-09-29 17:00:08,102.593609526885
2024-09-29 18:00:08,103.63563762177
2024-09-29 19:00:08,102.670795744052
2024-09-29 20:00:08,102.733820534359
2024-09-29 21:00:08,104.112937258223
2024-09-29 22:00:08,103.31013571302
2024-09-29 23:00:08,101.755276948237
2024-09-30 00:00:02,100.673375873954
2024-09-30 01:00:08,103.357728169814
2024-09-30 02:00:08,102.905476786769
2024-09-30 03:00:08,102.475306873657
2024-09-30 04:00:08,102.246439899955
2024-09-30 05:00:08,102.490450371202
2024-09-30 06:00:08,101.897359256679
2024-09-30 07:00:08,102.001247852129
2024-09-30 08:00:08,102.709648335219
2024-09-30 09:00:08,101.779189701867
2024-09-30 10:00:08,101.723313830341
2024-09-30 11:00:08,102.948327366689
2024-09-30 12:00:08,101.403072221803
2024-09-30 13:00:08,102.346398047446
2024-09-30 14:00:08,102.717375712734
2024-09-30 15:00:08,102.411706565631
2024-09-30 16:00:08,103.387936485715
2024-09-30 17:00:08,101.831516986239
2024-09-30 18:00:08,101.58552949366
2024-10-01 03:00:08,102.433180149844
2024-10-01 04:00:08,102.437458372293
2024-10-01 05:00:08,102.831014137079
2024-10-01 06:00:08,102.328567664654
2024-10-01 07:00:08,77.5844262880859
2024-10-01 08:00:08,101.583701074092
2024-10-01 10:00:08,102.111929499058
2024-10-01 11:00:08,103.342841801868
2024-10-01 12:00:08,101.055009161538
2024-10-01 13:00:08,101.852361331523
2024-10-01 14:00:08,102.717115408947
2024-10-01 15:00:08,102.138575318963
2024-10-01 16:00:08,101.658285809188
2024-10-01 17:00:08,102.648648383821
2024-10-01 18:00:08,102.238989844289
2024-10-01 19:00:08,101.637395576039
2024-10-01 20:00:08,103.5650839626
2024-10-01 21:00:08,101.937135307248
2024-10-01 22:00:08,101.084769060047
2024-10-01 23:00:08,100.848386771114
2024-10-02 00:00:01,101.533279248839
2024-10-02 01:00:08,101.400518207266
2024-10-02 02:00:08,101.485245312356
2024-10-02 03:00:08,101.019731801605
2024-10-02 04:00:08,102.411271059919
2024-10-02 05:00:08,101.04337266744
2024-10-02 06:00:08,102.149664909863
2024-10-02 07:00:08,102.218050185268
2024-10-02 08:00:08,101.921505263479
2024-10-02 09:00:08,102.620473176807
2024-10-02 10:00:08,101.013400750394
2024-10-02 11:00:08,124.675247038314
2024-10-02 12:00:08,102.08474409947
2024-10-02 13:00:08,102.659696200144
2024-10-02 14:00:08,102.249036145342
2024-10-02 15:00:08,103.073284788723
2024-10-02 16:00:08,101.712370892898
2024-10-02 17:00:08,101.150273881225
2024-10-02 18:00:08,101.712086727341
2024-10-02 19:00:08,101.600448165465
2024-10-02 20:00:08,101.44577926841
2024-10-02 21:00:08,101.680094220024
2024-10-02 22:00:08,100.921273508548
2024-10-02 23:00:08,101.838431073001
2024-10-03 00:00:02,103.082004723115
2024-10-03 01:00:08,102.18184962629
2024-10-03 02:00:08,101.209505664755
2024-10-03 03:00:08,101.548002529347
2024-10-03 04:00:08,102.000400283656
2024-10-03 05:00:08,101.944582394831
2024-10-03 06:00:08,101.32112312319
2024-10-03 07:00:08,100.899136876206
2024-10-03 08:00:08,101.337070616459
2024-10-03 09:00:08,101.900370824289
2024-10-03 10:00:08,101.729419418782
2024-10-03 11:00:08,102.510017858048
2024-10-03 12:00:08,100.313887777211
2024-10-03 13:00:08,101.43318906172
2024-10-03 14:00:08,101.843688242811
2024-10-03 15:00:08,100.931884543216
2024-10-03 16:00:08,101.043306839731
2024-10-03 17:00:08,101.540554196555
2024-10-03 18:00:08,101.706342863865
2024-10-03 19:00:08,99.5956512098965
2024-10-03 20:00:08,101.283721588785
2024-10-03 21:00:08,101.828797634799
2024-10-03 22:00:08,102.101416158467
2024-10-03 23:00:08,102.051593236816
2024-10-04 00:00:01,101.780443694527
2024-10-04 01:00:08,102.54737626099
2024-10-04 02:00:08,100.899462818707
2024-10-04 03:00:08,101.82127029458
2024-10-04 04:00:08,101.700843064246
2024-10-04 05:00:08,101.943054594317
2024-10-04 06:00:08,101.780596501766
2024-10-04 08:00:08,101.007232641431
2024-10-04 09:00:08,101.260504619889
2024-10-04 10:00:08,100.664543113332
2024-10-04 11:00:08,101.69016659113
2024-10-04 12:00:08,101.614507629021
2024-10-04 13:00:08,101.39947710946
2024-10-04 14:00:08,102.53804016261
2024-10-04 15:00:08,101.386850607823
2024-10-04 16:00:08,100.873989588065
2024-10-04 17:00:08,100.933472313884
2024-10-04 18:00:08,101.29918513899
2024-10-04 19:00:08,100.891297082552
2024-10-04 20:00:08,101.188866109848
2024-10-04 21:00:08,99.5135595217172
2024-10-07 02:00:08,99.7470822182671
2024-10-07 03:00:08,100.756809139538
2024-10-07 04:00:08,100.065392789766
2024-10-07 05:00:08,100.79533338979
2024-10-07 06:00:08,100.571865102986
2024-10-07 07:00:08,100.692836574114
2024-10-07 08:00:08,100.227968417317
2024-10-07 09:00:08,98.9967254583398
2024-10-07 10:00:08,100.842280651913
2024-10-07 11:00:08,100.878507941461
2024-10-07 12:00:08,100.988434547336
2024-10-07 13:00:08,100.593512842652
2024-10-07 14:00:08,99.5731556439349
2024-10-07 15:00:08,100.772848600433
2024-10-07 16:00:08,100.833979577254
2024-10-07 17:00:08,101.022635050568
2024-10-07 18:00:08,99.9035612012393
2024-10-07 19:00:08,100.423248402627
2024-10-07 20:00:08,100.045697301661
2024-10-07 21:00:08,99.8846407398422
2024-10-07 22:00:08,100.505707698188
2024-10-07 23:00:08,100.776568318148
2024-10-08 00:00:00,98.5383010262336
2024-10-08 01:00:08,
2024-10-08 02:00:08,
2024-10-08 03:00:08,100.269887021323
2024-10-08 04:00:08,100.255995991964
2024-10-08 05:00:08,100.398822136135
2024-10-08 06:00:08,100.395584256944
2024-10-08 07:00:08,100.779305651791
2024-10-08 09:00:08,99.6376954847061
2024-10-08 10:00:08,99.0756623648054
2024-10-08 11:00:08,100.170386475928
2024-10-08 12:00:08,100.467443737693
2024-10-08 13:00:08,99.8607496979814
2024-10-08 14:00:08,100.969741716139
2024-10-08 15:00:08,99.8731103070982
2024-10-08 16:00:08,100.902681758659
2024-10-08 17:00:08,100.85805645236
2024-10-08 18:00:08,98.5886696842903
2024-10-08 19:00:08,100.612591554851
2024-10-08 20:00:08,101.189105874082
2024-10-08 21:00:08,98.5012150950074
2024-10-08 22:00:08,100.239820723982
2024-10-08 23:00:08,100.443227473113
2024-10-09 00:00:00,99.5591280783224
2024-10-09 01:00:08,98.5108772372152
2024-10-09 02:00:08,100.709247622635
2024-10-09 03:00:08,100.189379136008
2024-10-09 13:00:08,99.7292322274016
2024-10-09 14:00:08,98.9837900749339
2024-10-09 15:00:08,98.818427312456
2024-10-09 16:00:08,100.048030605219
2024-10-09 17:00:08,98.8883456419602
2024-10-09 18:00:08,99.1369359861818
2024-10-09 19:00:08,99.596878576288
2024-10-09 20:00:08,99.6526830957189
2024-10-09 21:00:08,98.3648267122152
2024-10-09 22:00:08,100.015464962678
2024-10-09 23:00:08,98.8047128579009
2024-10-10 00:00:00,97.9222619995066
2024-10-10 01:00:08,98.4014438652751
2024-10-10 02:00:08,97.5499776113852
2024-10-10 03:00:08,98.9808636051836
2024-10-10 04:00:08,99.1269426400869
2024-10-10 05:00:08,99.2364020909172
2024-10-10 06:00:08,98.393478387226
2024-10-10 07:00:08,100.414506838082
2024-10-10 08:00:08,98.7576805125953
2024-10-10 09:00:08,97.225941988909
2024-10-10 10:00:08,98.2901238791189
2024-10-10 11:00:08,100.189383558679
2024-10-10 12:00:08,99.6159682125978
2024-10-10 13:00:08,98.6551394550231
2024-10-10 14:00:08,98.6293419696415
2024-10-10 15:00:08,99.4098433603047
2024-10-10 16:00:08,99.7873423211198
2024-10-10 17:00:08,99.4920787340984
2024-10-10 18:00:08,98.5910448161535
2024-10-10 19:00:08,100.39165335969
2024-10-10 20:00:08,99.3263120311485
2024-10-10 21:00:08,98.1645328844466
2024-10-10 22:00:08,98.5498349318433
2024-10-10 23:00:08,98.3397077512514
2024-10-11 00:00:01,96.8150830832839
2024-10-11 01:00:08,96.3826692638125
2024-10-11 02:00:08,98.5643180011759
2024-10-11 03:00:08,97.2585920643664
2024-10-11 04:00:08,97.2472941546658
2024-10-11 05:00:08,97.355844113162
2024-10-11 06:00:08,99.0087920981485
2024-10-11 07:00:08,96.7972473351039
2024-10-11 08:00:08,99.5266019561383
2024-10-11 09:00:08,98.1658642531757
2024-10-11 10:00:08,97.9491580775792
2024-10-11 11:00:08,98.5761659915435
2024-10-11 12:00:08,98.9297459671701
2024-10-11 13:00:08,99.174604148964
2024-10-11 14:00:08,98.4398438461846
2024-10-11 15:00:08,96.7772729546878
2024-10-11 16:00:08,98.9028920834664
2024-10-11 17:00:08,96.9112590859799
2024-10-11 18:00:08,98.5449594179511
2024-10-11 19:00:08,97.4518381040751
2024-10-11 20:00:08,98.4686065105901
2024-10-11 21:00:08,99.0543852715242
2024-10-11 22:00:08,98.2266293344808
2024-10-11 23:00:08,97.4497167855853
2024-10-12 00:00:02,97.3945537103863
2024-10-12 01:00:08,97.532776234948
2024-10-12 02:00:08,97.0650944859558
2024-10-12 03:00:08,97.0396432584342
2024-10-12 04:00:08,97.3351742271368
2024-10-12 05:00:08,97.7919047523883
2024-10-12 06:00:08,97.7871373947298
2024-10-12 07:00:08,97.0465001863392
2024-10-12 08:00:08,96.2801779690834
2024-10-12 09:00:08,96.3644721573885
2024-10-12 10:00:08,97.3498489702268
2024-10-12 11:00:08,96.5835394187524
2024-10-12 12:00:08,97.8429507861639
2024-10-12 14:00:08,96.55682076644
2024-10-12 15:00:08,97.819486082299
2024-10-12 16:00:08,97.6227980042852
2024-10-12 17:00:08,97.8721301947829
2024-10-12 18:00:08,96.6272331094993
2024-10-12 19:00:08,95.6955839432476
2024-10-12 21:00:08,97.5015285078697
2024-10-12 22:00:08,98.0238691483692
2024-10-12 23:00:08,97.2370178415369
2024-10-13 00:00:01,95.5326107304523
2024-10-13 01:00:08,97.032855614691
2024-10-13 02:00:08,95.0633532792157
2024-10-13 03:00:08,95.2055486762346
2024-10-13 04:00:08,95.785257030958
2024-10-13 05:00:08,96.1479294172061
2024-10-13 06:00:08,95.0037294077558
2024-10-13 17:00:08,95.3297877921216
2024-10-13 18:00:08,95.8275609951935
2024-10-13 19:00:08,94.762049758309
2024-10-13 20:00:08,95.5699262398642
2024-10-13 21:00:08,94.3754136395494
2024-10-13 22:00:08,95.9634545920563
2024-10-13 23:00:08,95.2681662642693
2024-10-14 00:00:02,96.1454320185036
2024-10-14 01:00:08,94.8262633344249
2024-10-14 02:00:08,95.7876244644165
2024-10-14 03:00:08,95.7599113205585
2024-10-14 04:00:08,94.9932027656899
2024-10-14 05:00:08,94.858636436132
2024-10-14 06:00:08,96.3991386437102
2024-10-14 07:00:08,94.4426284053653
2024-10-14 08:00:08,93.7119166000642
2024-10-14 10:00:08,93.2377497086977
2024-10-14 11:00:08,94.9988059693879
2024-10-14 12:00:08,93.8926830178419
2024-10-14 13:00:08,94.6747102526008
2024-10-14 14:00:08,94.4415894505863
2024-10-14 15:00:08,
2024-10-14 16:00:08,
2024-10-14 17:00:08,
2024-10-14 18:00:08,93.990384816928
2024-10-14 19:00:08,88.910873571688
2024-10-14 20:00:08,94.9891685059938
2024-10-14 21:00:08,94.6971280903433
2024-10-14 22:00:08,95.2201213739615
2024-10-14 23:00:08,94.4194044013928
2024-10-15 00:00:01,93.632531820366
2024-10-15 01:00:08,95.3991089152672
2024-10-15 02:00:08,93.6644775894258
2024-10-15 03:00:08,94.2421597506346
2024-10-15 04:00:08,94.0950749005572
2024-10-15 05:00:08,93.3003334774302
2024-10-15 06:00:08,95.0896559213211
2024-10-15 07:00:08,94.0443495930405
2024-10-15 08:00:08,94.6952885594828
2024-10-15 09:00:08,95.1749492212178
2024-10-15 10:00:08,93.5162912494809
2024-10-15 11:00:08,94.5697208106346
2024-10-15 12:00:08,95.4387622581204
2024-10-15 13:00:08,74.1270436454353
2024-10-15 14:00:08,92.6331935554834
2024-10-15 15:00:08,93.9233933195228
2024-10-15 16:00:08,94.0627456564853
2024-10-15 18:00:08,94.1142120437535
2024-10-15 19:00:08,93.5455759577935
2024-10-15 20:00:08,94.9632811612047
2024-10-15 21:00:08,94.358515729855
2024-10-15 22:00:08,93.3056025813889
2024-10-15 23:00:08,94.1338436444264
2024-10-16 00:00:02,94.6970430307701
2024-10-16 01:00:08,93.7536821857676
2024-10-16 02:00:08,92.3795039591952
2024-10-16 03:00:08,93.0115673555563
2024-10-16 04:00:08,93.6385008995613
2024-10-16 05:00:08,94.0509432975507
2024-10-16 06:00:08,94.1497017011363
2024-10-16 07:00:08,93.1725016226941
2024-10-16 08:00:08,94.1892141219134
2024-10-16 09:00:08,93.05224316426
2024-10-16 10:00:08,93.3339882820796
2024-10-16 11:00:08,94.3347063536509
2024-10-16 12:00:08,94.2379330406239
2024-10-16 13:00:08,92.8760391854678
2024-10-16 14:00:08,93.6246086022663
2024-10-16 15:00:08,93.6069859354952
2024-10-16 16:00:08,94.4274369866196
2024-10-16 17:00:08,93.837995556992
2024-10-16 18:00:08,93.1417642928081
2024-10-16 19:00:08,94.2142043850341
2024-10-16 21:00:08,
2024-10-16 22:00:08,
2024-10-16 23:00:08,94.2963178581521
2024-10-17 00:00:02,92.7644279731256
2024-10-17 01:00:08,94.6653711924546
2024-10-17 02:00:08,92.6547569110522
2024-10-17 03:00:08,91.6304382232409
2024-10-17 04:00:08,92.5250645234112
2024-10-17 05:00:08,94.3566010030054
2024-10-17 06:00:08,93.6448310734294
2024-10-17 07:00:08,93.7105957492195
2024-10-17 08:00:08,93.2564420851071
2024-10-17 09:00:08,93.1799043570014
2024-10-17 10:00:08,92.3605183913862
2024-10-17 23:00:08,93.1136148853383
2024-10-18 00:00:01,92.0575654839863
2024-10-18 01:00:08,89.9307624200258
2024-10-18 02:00:08,91.3063790344842
2024-10-18 03:00:08,93.4150547522132
2024-10-18 04:00:08,90.9151024316839
2024-10-18 05:00:08,91.0658543476353
2024-10-18 06:00:08,92.1307974322123
2024-10-18 07:00:08,91.6349072374156
2024-10-18 09:00:08,91.7310736714645
2024-10-18 10:00:08,92.7709916816679
2024-10-18 11:00:08,71.5068809054003
2024-10-18 12:00:08,92.3779249740896
2024-10-18 13:00:08,93.50981190604
2024-10-18 14:00:08,91.8346631984092
2024-10-18 15:00:08,92.1037477636826
2024-10-18 16:00:08,91.5248245798854
2024-10-18 17:00:08,91.1103350198917
2024-10-18 18:00:08,92.80444281823
2024-10-18 19:00:08,91.2104189964193
2024-10-18 21:00:08,91.2453208838626
2024-10-18 22:00:08,91.2347080554664
2024-10-18 23:00:08,89.9520708533777
2024-10-19 00:00:01,90.3740796789714
2024-10-19 01:00:08,90.3643023471206
2024-10-19 02:00:08,91.2766300310587
2024-10-19 03:00:08,89.3795619668616
2024-10-19 04:00:08,91.4666465467202
2024-10-19 05:00:08,89.7181631469002
2024-10-19 06:00:08,90.1669278352465
2024-10-19 07:00:08,91.4600197466036
2024-10-19 08:00:08,91.0813087263381
2024-10-19 09:00:08,91.1378419825342
2024-10-19 10:00:08,90.1217557214144
2024-10-19 11:00:08,89.9003921091394
2024-10-19 12:00:08,91.1806362287755
2024-10-19 13:00:08,90.7076530424814
2024-10-19 14:00:08,91.4436791670747
2024-10-19 15:00:08,91.0612637566317
2024-10-19 16:00:08,91.3316743126003
2024-10-19 17:00:08,90.6880031012148
2024-10-19 18:00:08,89.866168225277
2024-10-19 19:00:08,90.2101467062395
2024-10-19 20:00:08,91.1262094640245
2024-10-19 21:00:08,91.2940120803158
2024-10-19 22:00:08,91.3289053733714
2024-10-19 23:00:08,91.2216630109723
2024-10-20 00:00:02,88.9673240070626
2024-10-20 01:00:08,90.8702211163047
2024-10-20 02:00:08,89.8911573676993
2024-10-20 03:00:08,90.3599315014926
2024-10-20 04:00:08,89.4741351197531
2024-10-20 05:00:08,89.2857860894189
2024-10-20 06:00:08,90.1883790375853
2024-10-20 07:00:08,91.4871952728206
2024-10-20 08:00:08,90.1177426695757
2024-10-20 09:00:08,89.5598380483847
2024-10-20 10:00:08,89.8708904462063
2024-10-20 11:00:08,90.0198555001329
2024-10-20 12:00:08,88.5193304683197
2024-10-20 13:00:08,88.4390910929521
2024-10-20 14:00:08,90.0442743342774
2024-10-20 15:00:08,89.8849190923416
2024-10-20 16:00:08,89.3573312480586
2024-10-20 17:00:08,91.2758127073226
2024-10-20 18:00:08,89.5055696975706
2024-10-20 19:00:08,89.5742011183473
2024-10-20 21:00:08,90.7533897978742
2024-10-20 22:00:08,89.1229888773086
2024-10-20 23:00:08,89.9353873071304
2024-10-21 00:00:02,74.3186737419407
2024-10-21 01:00:08,89.1233773995978
2024-10-21 02:00:08,90.4548596427891
2024-10-21 03:00:08,90.7368579222211
2024-10-21 04:00:08,90.5078952619894
2024-10-21 05:00:08,90.3047281283071
2024-10-21 06:00:08,90.6744711950396
2024-10-21 07:00:08,90.8854538153678
2024-10-21 08:00:08,89.3586665855444
2024-10-21 10:00:08,89.9069436693461
2024-10-21 11:00:08,90.8189126059696
2024-10-21 12:00:08,89.9943859594353
2024-10-21 13:00:08,91.049717208993
2024-10-21 15:00:08,90.3012945998267
2024-10-22 01:00:08,89.1741432887017
2024-10-22 02:00:08,90.1958725894403
2024-10-22 03:00:08,90.5129509491866
2024-10-22 04:00:08,90.0427252486002
2024-10-22 05:00:08,87.9704121988932
2024-10-22 06:00:08,89.9929599470577
2024-10-22 07:00:08,90.2059655908594
2024-10-22 08:00:08,89.7304102872633
2024-10-22 09:00:08,89.9508673421081
2024-10-22 10:00:08,88.209168935966
2024-10-22 11:00:08,89.004553493792
2024-10-22 12:00:08,89.7757592116325
2024-10-22 13:00:08,90.1153941980074
2024-10-22 14:00:08,89.2210946401416
2024-10-22 15:00:08,88.7175808708769
2024-10-22 16:00:08,88.5330275675983
2024-10-22 17:00:08,89.7914756662177
2024-10-22 18:00:08,88.4352433486145
2024-10-22 19:00:08,90.1489630026226
2024-10-22 21:00:08,89.2331447029504
2024-10-22 22:00:08,89.7031581233347
2024-10-22 23:00:08,90.1089896814111
2024-10-23 00:00:00,89.6832743739092
2024-10-23 10:00:00,89.2122938042786
2024-10-23 11:00:00,88.582350831958
2024-10-23 12:00:00,89.4485795222844
2024-10-23 13:00:00,89.5886937618272
2024-10-23 14:00:00,89.3174182768007
2024-10-23 15:00:00,89.9392107670833
2024-10-23 16:00:00,89.9637562728555
2024-10-23 17:00:00,88.5638482113633
2024-10-23 18:00:00,88.6379341261572
2024-10-23 19:00:00,88.8845194488054
2024-10-23 20:00:00,88.6481497117501
2024-10-23 21:00:00,89.7870737709645
2024-10-23 22:00:00,88.8436708225902
2024-10-23 23:00:00,87.6169874087806
2024-10-24 00:00:00,89.3560625160645
2024-10-24 01:00:00,89.1522810446164
2024-10-24 02:00:00,88.6986212310261
2024-10-24 03:00:00,88.9933015530698
2024-10-24 04:00:00,88.5381890040336
2024-10-24 05:00:00,89.5132037249849
2024-10-24 06:00:00,88.6470136091481
2024-10-24 07:00:00,89.0368282216766
2024-10-24 08:00:00,89.8338581450238
2024-10-24 09:00:00,89.7901468938501
2024-10-24 21:00:00,89.15737425839
2024-10-24 22:00:00,89.238292063549
2024-10-24 23:00:00,90.0015393516212
2024-10-25 00:00:00,89.1179629153783
2024-10-25 01:00:00,88.7516802786668
2024-10-25 02:00:00,89.1003720760564
2024-10-25 03:00:00,88.2091248714433
2024-10-25 04:00:00,89.7338739210038
2024-10-25 05:00:00,89.4229402436825
2024-10-25 06:00:00,88.3335600750539
2024-10-25 07:00:00,88.8772258253304
2024-10-25 08:00:00,89.2860960832934
2024-10-25 09:00:00,89.3558116880737
2024-10-25 11:00:00,88.7249528578251
2024-10-25 22:00:00,88.8571512451349
2024-10-25 23:00:00,87.6697615587134
2024-10-26 00:00:00,88.4855991303424
2024-10-26 01:00:00,89.7595226610928
2024-10-26 02:00:00,88.2142247888423
2024-10-26 03:00:00,87.7776919556018
2024-10-26 04:00:00,88.5919841514423
2024-10-26 05:00:00,88.8369423704927
2024-10-26 06:00:00,88.0228360892151
2024-10-26 07:00:00,88.1841993255035
2024-10-26 08:00:00,88.0789118960625
2024-10-26 09:00:00,88.3168864401372
2024-10-26 10:00:00,87.8092530094306
2024-10-26 11:00:00,88.4319861554313
2024-10-26 12:00:00,87.9272591816236
2024-10-26 13:00:00,88.7171284614823
2024-10-26 16:00:00,104.078749672228
2024-10-26 17:00:00,87.9098058895806
2024-10-26 18:00:00,88.3266453334918
2024-10-26 19:00:00,88.261742998921
2024-10-26 20:00:00,88.9517105858614
2024-10-26 21:00:00,87.9430535402061
2024-10-26 22:00:00,87.0823684057805
2024-10-26 23:00:00,88.3234374569408
2024-10-27 00:00:00,86.0389184771732
2024-10-27 01:00:00,87.2301700453383
2024-10-27 02:00:00,87.4495523953416
2024-10-27 03:00:00,87.2585776982502
2024-10-27 04:00:00,87.9763518379368
2024-10-27 05:00:00,88.1849979320419
2024-10-27 06:00:00,86.8311474552341
2024-10-27 07:00:00,88.2148429591211
2024-10-27 08:00:00,86.4515948127613
2024-10-27 09:00:00,88.5057692677166
2024-10-27 11:00:00,87.9508863881637
2024-10-27 12:00:00,85.5247437825148
2024-10-27 13:00:00,88.0204324287491
2024-10-27 14:00:00,87.681760260959
2024-10-27 15:00:00,87.3136441369006
2024-10-27 16:00:00,86.7229146504457
2024-10-27 17:00:00,85.995370406784
2024-10-27 18:00:00,87.2709510455467
2024-10-27 19:00:00,87.4633450144287
2024-10-27 20:00:00,86.1431625255655
2024-10-27 21:00:00,88.510759019272
2024-10-27 22:00:00,87.4334212436457
2024-10-27 23:00:00,87.6878342716149
2024-10-28 00:00:00,86.339704140796
2024-10-28 01:00:00,87.2545294798268
2024-10-28 02:00:00,86.9872270998648
2024-10-28 03:00:00,85.4097060619109
2024-10-28 04:00:00,85.6779138921302
2024-10-28 05:00:00,86.7838458294024
2024-10-28 06:00:00,85.6211052022346
2024-10-28 07:00:00,86.0804058577625
2024-10-28 08:00:00,87.6679162360619
2024-10-28 09:00:00,85.5219328171841
2024-10-28 10:00:00,85.3248400706213
2024-10-28 11:00:00,86.9255561348289
2024-10-28 12:00:00,86.7888235915043
2024-10-28 13:00:00,86.2850140919912
2024-10-28 14:00:00,85.5658399031413
2024-10-28 15:00:00,86.2209210557006
2024-10-28 16:00:00,86.7798111226276
2024-10-28 17:00:00,85.3720382010389
2024-10-28 18:00:00,86.349354382065
2024-10-28 19:00:00,86.0428416620635
2024-10-28 20:00:00,87.3017208026647
2024-10-28 21:00:00,87.5430066830232
2024-10-28 22:00:00,85.1309298385822
2024-10-28 23:00:00,85.8129405632503
2024-10-29 00:00:00,86.8814666397374
2024-10-29 01:00:00,87.3769396032238
2024-10-29 02:00:00,86.3686100963173
2024-10-29 03:00:00,87.0154964031748
2024-10-29 04:00:00,86.6369576441964
2024-10-29 05:00:00,87.34029756884
2024-10-29 06:00:00,86.2546049415742
2024-10-29 08:00:00,87.3678400930897
2024-10-29 09:00:00,86.976842125448
2024-10-29 10:00:00,85.5900297466453
2024-10-29 11:00:00,85.8372533268863
2024-10-29 12:00:00,86.7998223102862
2024-10-29 23:00:00,86.124818212741
2024-10-30 00:00:00,86.4114583228282
2024-10-30 01:00:00,85.5172148234027
2024-10-30 02:00:00,86.4077457141322
2024-10-30 03:00:00,87.6920549001513
2024-10-30 04:00:00,86.2021505978902
2024-10-30 05:00:00,87.0260833599305
2024-10-30 06:00:00,86.9571658950391
2024-10-30 08:00:00,87.6719373648193
2024-10-30 09:00:00,86.5618304282282
2024-10-30 10:00:00,87.222468738804
2024-10-30 11:00:00,85.2908186059739
2024-10-30 12:00:00,85.8730572035523
2024-10-30 13:00:00,87.0483380331039
2024-10-30 14:00:00,85.0644170100717
2024-10-30 15:00:00,88.0575591923198
2024-10-30 16:00:00,85.400215005855
2024-10-30 17:00:00,
2024-10-30 18:00:00,
2024-10-30 19:00:00,86.1549354452873
2024-10-30 20:00:00,86.3198333692317
2024-10-30 21:00:00,87.319633622892
2024-10-30 22:00:00,85.5013050936217
2024-10-30 23:00:00,86.7536138288096
2024-10-31 00:00:00,84.8019015179548
2024-10-31 01:00:00,86.3859306685785
2024-10-31 02:00:00,86.1891815203474
2024-10-31 03:00:00,87.1000959660813
2024-10-31 04:00:00,84.9125375936776
2024-10-31 05:00:00,85.5129962660776
2024-10-31 06:00:00,86.0773383956721
2024-10-31 07:00:00,85.2615538810742
2024-10-31 08:00:00,84.4757367192575
2024-10-31 09:00:00,86.599358080957
2024-10-31 10:00:00,85.7799541954831
2024-10-31 11:00:00,85.4684258132331
2024-10-31 12:00:00,85.5579213583551
2024-10-31 13:00:00,86.824268267681
2024-10-31 14:00:00,86.8947811318743
2024-10-31 15:00:00,85.851192966923
2024-10-31 16:00:00,85.1144248393364
2024-10-31 17:00:00,87.1057678483137
2024-10-31 18:00:00,84.8224815426662
2024-10-31 19:00:00,84.7798910876601
2024-10-31 20:00:00,86.0722871210526
2024-10-31 21:00:00,87.1780518160114
2024-10-31 22:00:00,85.9508686287875
2024-10-31 23:00:00,84.2586262442208
2024-11-01 00:00:00,85.0288087102914
2024-11-01 01:00:00,84.9498886480963
2024-11-01 02:00:00,85.5859049503002
2024-11-01 03:00:00,84.6074822817939
2024-11-01 04:00:00,84.4172493877395
2024-11-01 05:00:00,84.8280421537592
2024-11-01 06:00:00,85.5361413512016
2024-11-01 07:00:00,85.6351193079009
2024-11-01 13:00:00,85.058783936788
2024-11-01 14:00:00,84.7777531984374
2024-11-01 15:00:00,85.5127621642952
2024-11-01 16:00:00,85.7216138825856
2024-11-01 17:00:00,85.0953777128318
2024-11-01 18:00:00,85.6090615152539
2024-11-01 19:00:00,85.6798314771666
2024-11-01 20:00:00,85.0053261040867
2024-11-01 21:00:00,85.6249308951483
2024-11-01 22:00:00,85.4923111762035
2024-11-01 23:00:00,85.0804425582237
2024-11-02 00:00:00,84.0918451443024
2024-11-02 01:00:00,84.7001430156098
2024-11-02 02:00:00,84.0160202012206
2024-11-02 03:00:00,84.1665191799036
2024-11-02 04:00:00,84.702395229871
2024-11-02 05:00:00,84.7240596144775
2024-11-02 06:00:00,84.7074183961406
2024-11-02 07:00:00,83.251100041372
2024-11-02 08:00:00,85.0483687044309
2024-11-02 09:00:00,84.2856679776682
2024-11-02 10:00:00,83.2174696421546
2024-11-02 11:00:00,85.0165473245331
2024-11-02 12:00:00,84.5776588321373
2024-11-02 13:00:00,60.8381771502457
2024-11-02 14:00:00,84.8194979711773
2024-11-02 15:00:00,84.6568023441253
2024-11-02 16:00:00,84.1960502469509
2024-11-02 17:00:00,83.9850007594665
2024-11-02 18:00:00,83.731196811424
2024-11-03 11:00:00,84.3953941237014
2024-11-03 12:00:00,84.4025966219883
2024-11-03 13:00:00,83.357052083274
2024-11-03 14:00:00,84.6140482711029
2024-11-03 15:00:00,84.1328890454069
2024-11-03 16:00:00,84.3376620922776
2024-11-03 17:00:00,83.5396685744097
2024-11-03 18:00:00,83.7099296899939
2024-11-03 19:00:00,
2024-11-03 20:00:00,
2024-11-03 21:00:00,
2024-11-03 22:00:00,83.4779798445109
2024-11-03 23:00:00,83.49441397504
2024-11-04 00:00:00,82.7873635322645
2024-11-04 01:00:00,82.5615087833734
2024-11-04 02:00:00,83.1770407764787
2024-11-04 03:00:00,82.8669266953784
2024-11-04 04:00:00,82.5488476450396
2024-11-04 05:00:00,83.5734245894227
2024-11-04 07:00:00,81.7651091750438
2024-11-04 08:00:00,83.5372202330417
2024-11-04 09:00:00,82.3866850095839
2024-11-04 10:00:00,68.6563870775711
2024-11-04 11:00:00,82.3377812916815
2024-11-04 12:00:00,82.392878599176
2024-11-04 13:00:00,82.7573033970844
2024-11-04 14:00:00,83.1929370790567
2024-11-04 15:00:00,82.6012642541907
2024-11-04 16:00:00,82.9525912375986
2024-11-04 17:00:00,83.3475140585334
2024-11-04 18:00:00,82.4129995729943
2024-11-04 19:00:00,82.869703722271
2024-11-04 20:00:00,82.4277951637524
2024-11-04 21:00:00,82.5780609268996
2024-11-04 22:00:00,82.6714274361838
2024-11-04 23:00:00,82.923429353583
2024-11-05 00:00:00,82.082178499685
2024-11-05 01:00:00,81.9701367902449
2024-11-05 02:00:00,82.345395626291
2024-11-05 04:00:00,83.1204614782561
2024-11-05 15:00:00,81.7500743169073
2024-11-05 16:00:00,80.8705679766078
2024-11-05 17:00:00,81.7524129109379
2024-11-05 18:00:00,82.0074374858116
2024-11-05 19:00:00,82.347414951344
2024-11-05 20:00:00,81.4202606699533
2024-11-05 21:00:00,81.6183901504029
2024-11-05 22:00:00,81.6325587426775
2024-11-05 23:00:00,82.7998872540068
2024-11-06 00:00:00,83.2544214915304
2024-11-06 01:00:00,80.6201154658172
2024-11-06 02:00:00,81.7607827782741
2024-11-06 03:00:00,80.4544981618637
2024-11-06 04:00:00,81.1531611752048
2024-11-06 05:00:00,81.5513739838352
2024-11-06 06:00:00,81.4118432307852
2024-11-06 07:00:00,80.1740690269494
2024-11-06 08:00:00,80.7789802070405
2024-11-06 09:00:00,81.6320661027905
2024-11-06 10:00:00,80.8765847657892
2024-11-06 11:00:00,81.7697512880024
2024-11-06 12:00:00,81.4061450627025
2024-11-06 13:00:00,81.6650537110838
2024-11-06 14:00:00,81.7029008532109
2024-11-06 15:00:00,81.3077780938697
2024-11-06 16:00:00,80.925614511015
2024-11-06 18:00:00,81.0362467036296
2024-11-06 19:00:00,80.9511914712052
2024-11-06 20:00:00,81.2183370831617
2024-11-06 21:00:00,80.845178057396
2024-11-06 22:00:00,81.6165104770857
2024-11-06 23:00:00,81.7260664873974
2024-11-07 00:00:00,79.8572750498194
2024-11-07 01:00:00,80.387134586668
2024-11-07 02:00:00,81.0415231561324
2024-11-07 03:00:00,81.3111964884299
2024-11-07 04:00:00,80.3023790888116
2024-11-07 05:00:00,79.9495590945278
2024-11-07 06:00:00,81.2014057286503
2024-11-07 07:00:00,80.7836408231147
2024-11-07 08:00:00,80.0982998215506
2024-11-07 09:00:00,80.5532033773513
2024-11-07 10:00:00,80.9227750223647
2024-11-07 11:00:00,80.8968175892142
2024-11-07 12:00:00,80.4069930667599
2024-11-07 13:00:00,80.7657158416606
2024-11-07 14:00:00,81.2707397555344
2024-11-07 15:00:00,80.5132747290285
2024-11-07 16:00:00,80.2360138899502
2024-11-07 17:00:00,81.5670533892371
2024-11-07 18:00:00,80.8657295038115
2024-11-07 19:00:00,81.5092038472635
2024-11-07 20:00:00,80.725137813401
2024-11-07 21:00:00,80.379745547936
2024-11-07 22:00:00,80.4706651240969
2024-11-07 23:00:00,81.1102721093742
2024-11-08 00:00:00,79.5560361105253
2024-11-08 01:00:00,80.6410405622897
2024-11-08 02:00:00,79.9998605170738
2024-11-08 03:00:00,79.4607927000384
2024-11-08 04:00:00,80.4994181674119
2024-11-08 05:00:00,80.7607935888936
2024-11-08 06:00:00,80.0520917834009
2024-11-08 07:00:00,80.1574825287902
2024-11-08 08:00:00,80.4586160083205
2024-11-08 09:00:00,80.5806941308939
2024-11-08 10:00:00,81.1987603928259
2024-11-08 11:00:00,79.333458135249
2024-11-08 13:00:00,79.3618824509129
2024-11-08 14:00:00,80.346854454479
2024-11-08 15:00:00,79.9645558719671
2024-11-08 16:00:00,79.516995674265
2024-11-08 17:00:00,80.5071858377201
2024-11-08 18:00:00,80.0443893350783
2024-11-08 19:00:00,80.7469281889204
2024-11-08 20:00:00,80.2415271146228
2024-11-08 21:00:00,79.8732266774692
2024-11-08 22:00:00,81.0503196127332
2024-11-08 23:00:00,80.1650516222549
2024-11-09 00:00:00,79.5271968672816
2024-11-09 01:00:00,78.6942215001877
2024-11-09 02:00:00,79.5364521786921
2024-11-09 03:00:00,78.4111037273387
2024-11-09 04:00:00,79.424781766428
2024-11-09 05:00:00,79.4172676713445
2024-11-09 06:00:00,79.4936013419491
2024-11-09 18:00:00,79.5741757289584
2024-11-09 19:00:00,79.3498810529662
2024-11-09 20:00:00,79.3937164838892
2024-11-09 21:00:00,79.7869857183165
2024-11-09 22:00:00,79.5928194973848
2024-11-09 23:00:00,80.0159577609093
2024-11-10 00:00:00,78.8000351827521
2024-11-10 01:00:00,77.9005185862542
2024-11-10 02:00:00,79.19385300394
2024-11-10 03:00:00,78.9847898733874
2024-11-10 05:00:00,78.3371647497775
2024-11-10 06:00:00,77.7042482789696
2024-11-10 07:00:00,78.5001820270527
2024-11-10 08:00:00,78.2766155147129
2024-11-10 09:00:00,78.5319287170157
2024-11-10 10:00:00,
2024-11-10 11:00:00,
2024-11-10 12:00:00,
2024-11-10 13:00:00,
2024-11-10 14:00:00,
2024-11-10 15:00:00,78.3354346567453
2024-11-10 16:00:00,78.3378810386359
2024-11-10 17:00:00,78.1714710065975
2024-11-10 18:00:00,78.3766094607652
2024-11-10 19:00:00,79.0735268684479
2024-11-10 20:00:00,78.9122088062826
2024-11-10 21:00:00,78.6710080133005
2024-11-10 22:00:00,79.5175585755354
2024-11-10 23:00:00,77.5215058319884
2024-11-11 00:00:00,78.7122053991542
2024-11-11 01:00:00,78.1222869039926
2024-11-11 02:00:00,78.2349905614705
2024-11-11 03:00:00,78.3090702369292
2024-11-11 04:00:00,78.0819799201747
2024-11-11 05:00:00,78.8213876518741
2024-11-11 06:00:00,78.6944033434886
2024-11-11 07:00:00,77.7740841583122
2024-11-11 08:00:00,78.6597360669219
2024-11-11 10:00:00,77.8469908024333
2024-11-11 11:00:00,77.1779990522129
2024-11-11 12:00:00,78.1224255789207
2024-11-11 13:00:00,78.3535834557577
2024-11-11 14:00:00,77.1683893615837
2024-11-11 15:00:00,78.1133165846871
2024-11-11 16:00:00,77.783662671921
2024-11-11 17:00:00,77.5488750574852
2024-11-11 18:00:00,78.8808278730687
2024-11-11 19:00:00,
2024-11-11 20:00:00,77.5430814004749
2024-11-11 21:00:00,78.631698444082
2024-11-11 22:00:00,78.0525388385181
2024-11-11 23:00:00,77.5934262355099
2024-11-12 00:00:00,76.8778739747135
2024-11-12 01:00:00,77.3979031601331
2024-11-12 02:00:00,76.4028375483158
2024-11-12 03:00:00,76.9633816755018
2024-11-12 04:00:00,77.7903680346886
2024-11-12 05:00:00,76.9521200261217
2024-11-12 06:00:00,76.1616964560072
2024-11-12 07:00:00,76.8225935293617
2024-11-12 08:00:00,76.9320673234169
2024-11-12 09:00:00,76.5641669301704
2024-11-12 11:00:00,76.1565699162735
2024-11-12 12:00:00,77.0732853969154
2024-11-12 13:00:00,76.678041876404
2024-11-12 14:00:00,77.0357866937903
2024-11-12 15:00:00,77.6758233131485
2024-11-12 16:00:00,77.6443652069964
2024-11-12 17:00:00,76.577386352705
2024-11-12 18:00:00,76.917216161761
2024-11-12 19:00:00,75.8059799085004
2024-11-12 20:00:00,76.4324853154213
2024-11-12 21:00:00,77.6712964778279
2024-11-12 22:00:00,76.3771586593124
2024-11-12 23:00:00,77.8221232450073
2024-11-13 00:00:00,76.4512340684207
2024-11-13 01:00:00,75.6052687969901
2024-11-13 02:00:00,76.0599429453817
2024-11-13 03:00:00,75.6458256785074
2024-11-13 04:00:00,75.1029227436421
2024-11-13 05:00:00,75.3297091028255
2024-11-13 06:00:00,76.5982899522214
2024-11-13 07:00:00,75.9941664736168
2024-11-13 08:00:00,75.6417117927071
2024-11-13 20:00:00,75.24313935688
2024-11-13 21:00:00,75.8970503765127
2024-11-13 22:00:00,75.3612026260285
2024-11-13 23:00:00,76.2361923007272
2024-11-14 00:00:00,75.4875659864026
2024-11-14 01:00:00,75.623237728049
2024-11-14 02:00:00,75.3075029823239
2024-11-14 03:00:00,74.8659967453859
2024-11-14 04:00:00,75.4643596223825
2024-11-14 05:00:00,75.3605550684691
2024-11-14 06:00:00,74.9935325639631
2024-11-14 07:00:00,75.1028790005301
2024-11-14 08:00:00,76.4029460017604
2024-11-14 09:00:00,75.018068283795
2024-11-14 10:00:00,74.7475948201988
2024-11-14 11:00:00,75.5635952370224
2024-11-14 12:00:00,75.2627052719264
2024-11-14 13:00:00,75.5856995950489
2024-11-14 14:00:00,74.3857937536603
2024-11-14 15:00:00,75.5464988005377
2024-11-14 16:00:00,75.0898272100753
2024-11-14 17:00:00,75.823240897064
2024-11-14 18:00:00,75.442371996902
2024-11-14 19:00:00,75.1144710870269
2024-11-14 20:00:00,74.9049446639822
2024-11-14 21:00:00,75.7845576354952
2024-11-14 22:00:00,75.0060833219924
2024-11-14 23:00:00,75.9848269499138
2024-11-15 00:00:00,74.0369514961904
2024-11-15 01:00:00,74.5656791546706
2024-11-15 02:00:00,74.5584852549853
2024-11-15 03:00:00,75.3681687488784
2024-11-15 04:00:00,75.5439716146513
2024-11-15 05:00:00,74.5485631215198
2024-11-15 06:00:00,74.1787992894481
2024-11-15 07:00:00,74.1558486121146
2024-11-15 08:00:00,75.225617648317
2024-11-15 09:00:00,74.3090580222669
2024-11-15 10:00:00,74.8684400257304
2024-11-15 11:00:00,75.0663348080266
2024-11-15 12:00:00,75.0443717545268
2024-11-15 13:00:00,74.2508480746904
2024-11-15 14:00:00,75.1031408616546
2024-11-15 15:00:00,74.6768832256035
2024-11-15 16:00:00,74.3585547243666
2024-11-15 17:00:00,74.8165906321198
2024-11-15 18:00:00,74.3880549054863
2024-11-15 19:00:00,74.931495952719
2024-11-15 20:00:00,74.4597512704865
2024-11-15 21:00:00,75.3850349681819
2024-11-15 22:00:00,75.1722159860846
2024-11-15 23:00:00,73.8830113357462
2024-11-16 00:00:00,74.17248585127
2024-11-16 01:00:00,74.1916799746539
2024-11-16 02:00:00,74.5298289989267
2024-11-16 03:00:00,73.9212104698466
2024-11-16 04:00:00,73.9075624821228
2024-11-16 05:00:00,75.0613282309567
2024-11-16 06:00:00,75.3854080362109
2024-11-16 08:00:00,74.1196969955606
2024-11-16 09:00:00,74.1244822815295
2024-11-16 10:00:00,74.6531386608723
2024-11-16 11:00:00,73.6044315254794
2024-11-16 12:00:00,75.0209884779721
2024-11-16 13:00:00,73.8073726671182
2024-11-16 14:00:00,74.2270219184891
2024-11-16 15:00:00,75.0370088168042
2024-11-16 16:00:00,74.2439558304626
2024-11-16 17:00:00,74.5451408231321
2024-11-16 18:00:00,74.4017312571143
2024-11-16 19:00:00,73.9808304659782
2024-11-16 20:00:00,74.5039132171217
2024-11-16 21:00:00,74.3484214565983
2024-11-16 22:00:00,74.0397087890774
2024-11-16 23:00:00,72.9815873072499
2024-11-17 00:00:00,72.8335782169114
2024-11-17 01:00:00,72.7344259269118
2024-11-17 02:00:00,73.0848105149693
2024-11-17 03:00:00,73.4881028723986
2024-11-17 04:00:00,73.509918088069
2024-11-17 05:00:00,72.3751919512428
2024-11-17 06:00:00,73.5041132190383
2024-11-17 07:00:00,72.971813900657
2024-11-17 10:00:00,73.3095362440224
2024-11-17 11:00:00,73.4318123919226
2024-11-17 12:00:00,72.6697146037805
2024-11-17 22:00:00,73.5338213308091
2024-11-17 23:00:00,72.8745673625116
2024-11-18 00:00:00,73.5990459780314
2024-11-18 01:00:00,73.0732191550704
2024-11-18 02:00:00,72.626779555057
2024-11-18 03:00:00,72.618624117969
2024-11-18 04:00:00,73.1705585480705
2024-11-18 05:00:00,73.6365889993007
2024-11-18 06:00:00,72.1362432996441
2024-11-18 07:00:00,73.6467640256972
2024-11-18 08:00:00,72.7223201517868
2024-11-18 11:00:00,71.9462672064651
2024-11-18 12:00:00,73.4656572883147
2024-11-18 13:00:00,73.0141631535098
2024-11-18 14:00:00,73.6704301450574
2024-11-18 15:00:00,73.2296430808363
2024-11-18 16:00:00,73.0644486660773
2024-11-18 17:00:00,72.5519822699643
2024-11-18 18:00:00,72.7064574148982
2024-11-18 19:00:00,72.3680915470038
2024-11-18 20:00:00,73.3668073163105
2024-11-18 21:00:00,73.7567572875402
2024-11-18 22:00:00,72.9871701666119
2024-11-18 23:00:00,73.138930194357
2024-11-19 00:00:00,71.9532796817169
2024-11-19 01:00:00,72.4123300419979
2024-11-19 02:00:00,72.5454073910617
2024-11-19 03:00:00,71.7949843265026
2024-11-19 04:00:00,72.579643893069
2024-11-19 05:00:00,71.1875362065549
2024-11-19 06:00:00,71.2345232716621
2024-11-19 07:00:00,72.309797344353
2024-11-19 08:00:00,72.5085762507375
2024-11-19 09:00:00,71.4329020363448
2024-11-19 10:00:00,72.0084102616585
2024-11-19 11:00:00,72.3281395559095
2024-11-19 12:00:00,71.8678410494036
2024-11-19 13:00:00,71.4851334545061
2024-11-19 14:00:00,72.0203756803637
2024-11-19 15:00:00,72.3970931979678
2024-11-19 16:00:00,72.2194995441431
2024-11-19 17:00:00,72.1495015793537
2024-11-19 18:00:00,71.6864565210751
2024-11-19 19:00:00,72.8287328477007
2024-11-19 20:00:00,71.4698317239585
2024-11-19 21:00:00,71.9102857242018
2024-11-19 22:00:00,72.9790445800626
2024-11-19 23:00:00,71.8154489701747
2024-11-20 00:00:00,
2024-11-20 01:00:00,
2024-11-20 02:00:00,
2024-11-20 03:00:00,
2024-11-20 04:00:00,
2024-11-20 05:00:00,
2024-11-20 06:00:00,
2024-11-20 07:00:00,
2024-11-20 08:00:00,
2024-11-20 09:00:00,
2024-11-20 10:00:00,
2024-11-20 11:00:00,
2024-11-20 12:00:00,
2024-11-20 13:00:00,
2024-11-20 14:00:00,
2024-11-20 15:00:00,
2024-11-20 16:00:00,
2024-11-20 17:00:00,
2024-11-20 18:00:00,
2024-11-20 19:00:00,
2024-11-20 20:00:00,
2024-11-20 21:00:00,
2024-11-20 22:00:00,
2024-11-20 23:00:00,
2024-11-21 00:00:00,88.3796657126521
2024-11-21 01:00:00,88.8353341464233
2024-11-21 02:00:00,88.3766341647966
2024-11-21 03:00:00,88.1072595517366
2024-11-21 04:00:00,88.5963520431941
2024-11-21 05:00:00,88.4036619882516
2024-11-21 06:00:00,88.517740495818
2024-11-21 07:00:00,88.3148730181239
2024-11-21 08:00:00,88.1768272850302
2024-11-21 09:00:00,88.3265757137619
2024-11-21 10:00:00,88.9268732044862
2024-11-21 11:00:00,88.1641389389712
2024-11-21 12:00:00,88.5465801423566
2024-11-21 13:00:00,88.0742764791503
2024-11-21 14:00:00,88.135358977711
2024-11-22 01:00:00,88.0720574255523
2024-11-22 02:00:00,88.308184377049
2024-11-22 03:00:00,87.9679110303836
2024-11-22 04:00:00,87.3264147818374
2024-11-22 05:00:00,88.1300676505032
2024-11-22 06:00:00,87.8987615338828
2024-11-22 07:00:00,87.262493528256
2024-11-22 09:00:00,87.207822937124
2024-11-22 10:00:00,87.8010892841522
2024-11-22 11:00:00,87.6679717806249
2024-11-22 12:00:00,87.9836953975755
2024-11-22 13:00:00,87.5837667849268
2024-11-22 14:00:00,87.4958822170197
2024-11-22 15:00:00,88.4162110048795
2024-11-22 16:00:00,87.7623266795465
2024-11-22 17:00:00,88.2100174884152
2024-11-22 18:00:00,88.2277583221523
2024-11-24 11:00:00,87.6783883110774
2024-11-24 16:00:00,88.2706560992836
2024-11-24 17:00:00,87.4588552072719
2024-11-24 18:00:00,86.4720453654472
2024-11-24 19:00:00,86.9557746628182
2024-11-24 20:00:00,87.150821588094
2024-11-24 21:00:00,88.8836749143635
2024-11-24 22:00:00,87.3566383205662
2024-11-24 23:00:00,87.6156492444174
2024-11-25 00:00:00,85.8855038784703
2024-11-25 01:00:00,86.5966370213579
2024-11-25 02:00:00,86.8225497197914
2024-11-25 03:00:00,86.9978990037383
2024-11-25 04:00:00,87.2918048949896
2024-11-25 05:00:00,85.9976598347294
2024-11-25 06:00:00,86.0538918477579
2024-11-25 07:00:00,86.3234981429091
2024-11-25 08:00:00,86.5608036525307
2024-11-25 09:00:00,87.391972257332
2024-11-25 10:00:00,87.1125608201972
2024-11-25 11:00:00,86.0104130672107
2024-11-25 12:00:00,87.1565160135261
2024-11-25 13:00:00,87.1337785749725
2024-11-25 14:00:00,86.4348169059195
2024-11-25 15:00:00,86.2346546951539
2024-11-25 16:00:00,86.877349553833
2024-11-25 17:00:00,72.6635466684747
2024-11-25 18:00:00,87.2466443826735
2024-11-25 19:00:00,86.9275407192416
2024-11-25 20:00:00,87.188221657292
2024-11-25 22:00:00,87.1886880716355
2024-11-25 23:00:00,86.8956727098818
2024-11-26 00:00:00,86.1820995977964
2024-11-26 01:00:00,86.513901691379
2024-11-26 02:00:00,86.1677622041692
2024-11-26 03:00:00,85.3304742216221
2024-11-26 04:00:00,86.9024193463062
2024-11-26 05:00:00,86.4762372999843
2024-11-26 06:00:00,85.5729973872068
2024-11-26 07:00:00,86.090419824846
2024-11-26 08:00:00,85.2315930327793
2024-11-26 09:00:00,85.9587933762575
2024-11-26 20:00:00,85.6016510406342
2024-11-26 22:00:00,85.6515589310547
2024-11-26 23:00:00,86.157607030928
2024-11-27 00:00:00,85.3802334112663
2024-11-27 01:00:00,86.3360902742831
2024-11-27 02:00:00,86.0162756814845
2024-11-27 03:00:00,85.6002742352515
2024-11-27 04:00:00,86.3871688310812
2024-11-27 05:00:00,85.394184387928
2024-11-27 06:00:00,84.9921643682627
2024-11-27 07:00:00,85.731339485958
2024-11-27 08:00:00,85.4894676218423
2024-11-27 09:00:00,85.4921649047316
2024-11-27 10:00:00,85.6354404544817
2024-11-27 11:00:00,86.1410590286914
2024-11-27 12:00:00,85.9636717332556
2024-11-27 13:00:00,83.7974029410594
2024-11-27 14:00:00,86.006753053211
2024-11-27 16:00:00,85.0427068072625
2024-11-27 17:00:00,86.3032026592679
2024-11-27 18:00:00,85.6544301161278
2024-11-27 19:00:00,84.8011284805052
2024-11-27 20:00:00,85.4720885517546
2024-11-27 21:00:00,85.9177309062516
2024-11-27 22:00:00,85.6183328579667
2024-11-27 23:00:00,85.1494060499623
2024-11-28 00:00:00,84.1933764088482
2024-11-28 01:00:00,85.8735542955095
2024-11-28 02:00:00,84.8166765037953
2024-11-28 03:00:00,84.8337213011187
2024-11-28 04:00:00,85.1834652245107
2024-11-28 05:00:00,84.8510055612087
2024-11-28 06:00:00,85.4403676598984
2024-11-28 07:00:00,84.9004165592216
2024-11-28 08:00:00,84.6664437277132
2024-11-28 09:00:00,84.5119933495621
2024-11-28 10:00:00,84.6395733079592
2024-11-28 11:00:00,84.5141050697651
2024-11-28 12:00:00,84.5120263711683
2024-11-28 13:00:00,85.3732084660402
2024-11-28 14:00:00,84.7136078992263
2024-11-28 15:00:00,84.3263019299064
2024-11-28 16:00:00,85.0640969815426
2024-11-28 17:00:00,84.3854757808424
2024-11-28 18:00:00,84.8237625125806
2024-11-28 19:00:00,83.8116218636576
2024-11-28 20:00:00,84.8514637437537
2024-11-28 21:00:00,84.5143548421896
2024-11-28 22:00:00,85.1265190004392
2024-11-28 23:00:00,84.9760852400586
2024-11-29 00:00:00,84.2677446784384
2024-11-29 01:00:00,83.8241442414303
2024-11-29 02:00:00,83.454547053608
2024-11-29 03:00:00,85.128629695502
2024-11-29 04:00:00,84.1383771205073
2024-11-29 05:00:00,83.2278294852031
2024-11-29 06:00:00,83.7631611396446
2024-11-29 07:00:00,82.9877934698361
2024-11-29 08:00:00,83.7854683522975
2024-11-29 09:00:00,83.4862619718806
2024-11-29 10:00:00,84.3255609982127
2024-11-29 11:00:00,83.7905996473005
2024-11-29 12:00:00,84.4839104481251
2024-11-29 13:00:00,84.043854442771
2024-11-29 14:00:00,84.039095060503
2024-11-29 15:00:00,83.8264465839014
2024-11-29 16:00:00,85.1125419489707
2024-11-29 17:00:00,83.6335401237341
2024-11-29 18:00:00,83.0775434416198
2024-11-29 19:00:00,83.9047407973061
2024-11-29 20:00:00,83.920366326368
2024-11-29 21:00:00,84.3132334930905
2024-11-29 22:00:00,83.1722175183094
2024-11-29 23:00:00,84.9774010339153
2024-11-30 00:00:00,83.7669319282498
2024-11-30 01:00:00,83.295362997694
2024-11-30 02:00:00,83.2682045954829
2024-11-30 03:00:00,83.4421169564709
2024-11-30 04:00:00,84.3796712353144
2024-11-30 05:00:00,82.985277669906
2024-11-30 06:00:00,83.7491282647952
2024-12-02 11:00:00,82.7017957857515
2024-12-02 12:00:00,82.6804935051644
2024-12-02 13:00:00,83.5083468773414
2024-12-02 14:00:00,82.9626643185225
2024-12-02 15:00:00,83.1417228407173
2024-12-02 16:00:00,82.7639109076668
2024-12-03 04:00:00,83.1316361268784
2024-12-03 05:00:00,82.2273217058986
2024-12-03 06:00:00,81.8192468915632
2024-12-03 07:00:00,82.7332315293789
2024-12-03 08:00:00,81.9116817982638
2024-12-03 09:00:00,83.3260713199075
2024-12-03 10:00:00,82.300710271798
2024-12-03 11:00:00,82.3896628676152
2024-12-03 12:00:00,82.1451760229538
2024-12-03 13:00:00,83.0376435583651
2024-12-03 14:00:00,82.4506872785908
2024-12-03 15:00:00,82.5201144653826
2024-12-03 16:00:00,82.8545336266623
2024-12-03 17:00:00,82.9382090538745
2024-12-03 18:00:00,81.5592698945162
2024-12-03 19:00:00,82.9817534283313
2024-12-03 20:00:00,83.1255447985377
2024-12-03 21:00:00,81.891694753984
2024-12-03 22:00:00,82.602229556982
2024-12-03 23:00:00,82.4380719348872
2024-12-04 00:00:00,82.1530698737853
2024-12-04 01:00:00,81.9283729129027
2024-12-04 02:00:00,81.6767391839085
2024-12-04 03:00:00,81.8470974006885
2024-12-04 04:00:00,82.445294367756
2024-12-04 05:00:00,82.0218946269106
2024-12-04 06:00:00,82.016035536042
2024-12-04 07:00:00,82.2934534490108
2024-12-04 08:00:00,82.8581309476877
2024-12-04 09:00:00,81.8945278521551
2024-12-04 10:00:00,82.5182506774764
2024-12-04 11:00:00,82.3498664492732
2024-12-04 12:00:00,82.5065900681065
2024-12-08 20:00:00,81.0853891422417
2024-12-08 21:00:00,80.9818919058426
2024-12-08 22:00:00,81.3971155447913
2024-12-08 23:00:00,81.3920949707337
2024-12-09 00:00:00,80.4686025442227
2024-12-09 01:00:00,81.7612213134167
2024-12-09 02:00:00,80.4841751496543
2024-12-09 03:00:00,81.4065255983646
2024-12-09 04:00:00,80.6050952249434
2024-12-09 05:00:00,80.8882994161121
2024-12-09 06:00:00,81.4167496895229
2024-12-09 07:00:00,80.5567990415024
2024-12-09 08:00:00,81.1743027283695
2024-12-09 09:00:00,81.3221955172903
2024-12-09 10:00:00,81.2045475664135
2024-12-09 11:00:00,80.9419667439911
2024-12-09 12:00:00,80.5754092854941
2024-12-09 13:00:00,80.782901952629
2024-12-09 14:00:00,81.3708876317607
2024-12-09 15:00:00,80.8375442416325
2024-12-09 16:00:00,81.1384773707951
2024-12-09 17:00:00,80.6110152327918
2024-12-09 18:00:00,80.864183981932
2024-12-09 19:00:00,81.0605855895613
2024-12-09 20:00:00,80.628713234621
2024-12-09 21:00:00,80.9085438509993
2024-12-09 22:00:00,80.8836908098864
2024-12-09 23:00:00,81.1539992105328
2024-12-10 00:00:00,
2024-12-10 01:00:00,
2024-12-10 02:00:00,
2024-12-10 03:00:00,
2024-12-10 13:00:00,80.0527589745257
2024-12-10 14:00:00,81.079110294263
2024-12-10 15:00:00,81.007824417482
2024-12-10 16:00:00,80.6168891299372
2024-12-10 17:00:00,80.8004016732335
2024-12-10 18:00:00,80.1078603914359
2024-12-10 19:00:00,80.6914132379992
2024-12-10 20:00:00,80.6422173937643
2024-12-10 21:00:00,81.2346369373253
2024-12-10 22:00:00,80.0501311213913
2024-12-10 23:00:00,80.7999062343905
2024-12-11 00:00:00,80.2769927636974
2024-12-11 01:00:00,80.0535312993653
2024-12-11 02:00:00,80.6734857752301
2024-12-11 03:00:00,79.9736378238539
2024-12-11 04:00:00,80.1773853452838
2024-12-11 05:00:00,81.228283149385
2024-12-11 06:00:00,80.1814452542071
2024-12-11 07:00:00,80.5946255555579
2024-12-11 08:00:00,81.1417872580139
2024-12-11 09:00:00,80.7375515490185
2024-12-11 10:00:00,80.9079983938323
2024-12-11 12:00:00,80.7437103432112
2024-12-11 13:00:00,80.4459634530914
2024-12-11 14:00:00,80.6720166328692
2024-12-11 15:00:00,79.9642951065749
2024-12-11 16:00:00,80.6004346224171
2024-12-11 17:00:00,80.0077827096503
2024-12-11 18:00:00,80.5097480620962
2024-12-11 19:00:00,80.9256569146633
2024-12-11 20:00:00,80.4467344388109
2024-12-11 21:00:00,80.1473124702811
2024-12-11 22:00:00,80.6358844653211
2024-12-11 23:00:00,80.187952546948
2024-12-12 00:00:00,79.6519432908507
2024-12-12 01:00:00,80.1822867283989
2024-12-12 02:00:00,80.2849634164627
2024-12-12 03:00:00,79.12413007723
2024-12-12 04:00:00,79.9867336517139
2024-12-12 05:00:00,80.1380228703383
2024-12-12 06:00:00,79.8766861521164
2024-12-12 07:00:00,79.8659779749265
2024-12-12 08:00:00,79.8174412475349
2024-12-12 09:00:00,79.8314916320431
2024-12-12 10:00:00,80.3207248343818
2024-12-12 11:00:00,80.2654621053362
2024-12-12 12:00:00,79.6657325338596
2024-12-12 13:00:00,79.4489344960899
2024-12-12 14:00:00,80.360276224362
2024-12-12 15:00:00,80.9732284340279
2024-12-12 16:00:00,80.2020766610422
2024-12-12 17:00:00,80.0281858645954
2024-12-12 18:00:00,80.581195251823
2024-12-12 19:00:00,80.0793650794988
2024-12-12 20:00:00,80.2638326020232
2024-12-12 21:00:00,80.0343816979187
2024-12-12 22:00:00,80.0647149864241
2024-12-12 23:00:00,80.7487731184054
2024-12-13 00:00:00,79.1974213167682
2024-12-13 01:00:00,79.6857362458585
2024-12-13 02:00:00,79.1862885311105
2024-12-13 03:00:00,79.6365708887504
2024-12-13 04:00:00,79.9287771109534
2024-12-13 05:00:00,80.08659142725
2024-12-13 06:00:00,79.5996476965568
2024-12-13 07:00:00,80.0076904362687
2024-12-13 08:00:00,79.6129963849994
2024-12-13 09:00:00,79.3973999875166
2024-12-13 10:00:00,79.6083257008811
2024-12-13 11:00:00,79.1844118361151
2024-12-13 12:00:00,58.1731357001902
2024-12-13 13:00:00,80.0079659300502
2024-12-13 14:00:00,79.3864518488393
2024-12-13 15:00:00,78.8753240176586
2024-12-13 16:00:00,79.8817830705661
2024-12-13 17:00:00,80.281369843399
2024-12-13 18:00:00,79.9340998844915
2024-12-13 19:00:00,79.1382365826454
2024-12-13 20:00:00,80.0019361180095
2024-12-13 21:00:00,79.4099439395983
2024-12-13 22:00:00,79.9381326043371
2024-12-13 23:00:00,79.0355258320587
2024-12-14 00:00:00,78.7888240972201
2024-12-14 01:00:00,79.297853486039
2024-12-14 02:00:00,78.6940611750409
2024-12-14 03:00:00,78.8281188848864
2024-12-14 04:00:00,79.1840491264299
2024-12-14 05:00:00,78.6818883403918
2024-12-14 16:00:00,79.5668117070131
2024-12-14 17:00:00,79.0925309658668
2024-12-14 18:00:00,78.2339336362822
2024-12-14 19:00:00,78.8191377050026
2024-12-14 20:00:00,78.1865466290634
2024-12-14 21:00:00,78.5610539200477
2024-12-14 22:00:00,78.9090270581034
2024-12-14 23:00:00,79.0805111106864
2024-12-15 00:00:00,78.9876498109204
2024-12-15 01:00:00,78.5848357489252
2024-12-15 02:00:00,78.0033975702324
2024-12-15 03:00:00,78.2953951388702
2024-12-15 04:00:00,78.5348554037353
2024-12-15 05:00:00,77.7718126022305
2024-12-15 06:00:00,78.1289982327262
2024-12-15 07:00:00,78.2800551002503
2024-12-15 08:00:00,77.6316186212123
2024-12-15 09:00:00,78.2750689262185
2024-12-15 10:00:00,79.2063147432836
2024-12-15 11:00:00,78.2596134808585
2024-12-15 12:00:00,77.7694373397649
2024-12-15 13:00:00,78.6086253825229
2024-12-15 14:00:00,78.2954678716655
2024-12-15 15:00:00,78.6239338589692
2024-12-15 16:00:00,78.5144192172239
2024-12-15 17:00:00,78.6938074841509
2024-12-15 18:00:00,77.5678545090696
2024-12-15 19:00:00,79.2362784478075
2024-12-15 20:00:00,78.2558628044986
2024-12-15 21:00:00,78.8448925955067
2024-12-15 22:00:00,79.0229978754966
2024-12-15 23:00:00,78.4550760015638
2024-12-16 00:00:00,78.6332385784827
2024-12-16 01:00:00,78.475507781992
2024-12-16 02:00:00,77.7270834903233
2024-12-16 03:00:00,78.5584622044191
2024-12-16 04:00:00,77.2349622536934
2024-12-16 05:00:00,77.4416990834985
2024-12-16 06:00:00,77.1769791589638
2024-12-16 07:00:00,78.7426564207728
2024-12-16 08:00:00,78.0900667897788
2024-12-16 09:00:00,77.2255748548442
2024-12-16 10:00:00,77.8341168139963
2024-12-16 11:00:00,78.0801625846469
2024-12-16 12:00:00,78.0661077262603
2024-12-16 13:00:00,77.4224452179628
2024-12-16 14:00:00,77.7566704134792
2024-12-16 15:00:00,78.054865002007
2024-12-16 16:00:00,77.2871124822828
2024-12-16 17:00:00,78.0662263277354
2024-12-16 18:00:00,78.5780212354299
2024-12-16 19:00:00,78.1372276541829
2024-12-16 20:00:00,77.681311635335
2024-12-16 21:00:00,77.6905650095037
2024-12-16 22:00:00,77.6984804258128
2024-12-16 23:00:00,78.527571223732
2024-12-17 00:00:00,76.9318441302236
2024-12-17 01:00:00,77.9218780284446
2024-12-17 02:00:00,77.2081625131239
2024-12-17 03:00:00,77.1285448112162
2024-12-17 04:00:00,76.8421291001974
2024-12-17 05:00:00,76.5659552126868
2024-12-17 06:00:00,77.0427713108868
2024-12-17 07:00:00,77.0436968818205
2024-12-17 08:00:00,77.3856756453588
2024-12-17 09:00:00,76.8607997875043
2024-12-17 10:00:00,76.6892563067225
2024-12-17 11:00:00,76.7459454349865
2024-12-17 12:00:00,77.1633940204134
2024-12-17 13:00:00,77.0362264246296
2024-12-17 14:00:00,77.7509291182155
2024-12-17 15:00:00,76.728072164912
2024-12-17 16:00:00,77.07995694067
2024-12-17 17:00:00,77.8590035093845
2024-12-17 18:00:00,76.3923473509052
2024-12-17 19:00:00,77.5399215029124
2024-12-17 20:00:00,77.0050135775332
2024-12-17 21:00:00,76.9629365213132
2024-12-17 22:00:00,76.851420127873
2024-12-17 23:00:00,77.1617137656347
2024-12-18 00:00:00,77.3355704961989
2024-12-18 01:00:00,77.6229057794756
2024-12-18 02:00:00,76.4676692377445
2024-12-18 03:00:00,76.6183990194207
2024-12-18 04:00:00,76.2915546705383
2024-12-18 05:00:00,76.5638935901639
2024-12-18 07:00:00,76.4924662877909
2024-12-18 16:00:00,75.4957335797132
2024-12-18 18:00:00,77.0132854311327
2024-12-18 19:00:00,76.5283259551028
2024-12-18 20:00:00,76.6318763925293
2024-12-18 21:00:00,76.3694547029193
2024-12-18 22:00:00,77.057400778452
2024-12-18 23:00:00,76.6080062501598
2024-12-19 00:00:00,75.8464951584711
2024-12-19 01:00:00,76.4380558052845
2024-12-19 02:00:00,75.6334886132494
2024-12-19 03:00:00,75.5674700874382
2024-12-19 04:00:00,75.6498927857463
2024-12-19 05:00:00,75.1346466249258
2024-12-19 06:00:00,76.9261333103555
2024-12-19 07:00:00,75.874039964556
2024-12-19 08:00:00,76.0822252946271
2024-12-19 09:00:00,75.8912917250294
2024-12-19 10:00:00,76.2304578931576
2024-12-19 11:00:00,76.0956783195118
2024-12-19 12:00:00,76.4578795902198
2024-12-19 13:00:00,75.8891502492983
2024-12-19 14:00:00,76.1978132578011
2024-12-19 15:00:00,75.9945272140288
2024-12-19 16:00:00,76.0141026267361
2024-12-19 17:00:00,75.8089207978951
2024-12-19 18:00:00,75.8343053894059
2024-12-19 19:00:00,75.8670844177927
2024-12-19 20:00:00,75.7906209116904
2024-12-19 21:00:00,76.0969693361844
2024-12-19 22:00:00,75.4887743589296
2024-12-19 23:00:00,76.1551615399229
2024-12-20 00:00:00,75.4151526739358
2024-12-20 01:00:00,75.0787308482259
2024-12-20 02:00:00,75.5101928763791
2024-12-20 03:00:00,75.3449971372348
2024-12-20 04:00:00,74.829223372744
2024-12-20 05:00:00,75.4773559751521
2024-12-20 06:00:00,75.8523669152302
2024-12-20 07:00:00,75.6711044850941
2024-12-20 08:00:00,75.8957794732851
2024-12-20 10:00:00,75.6799808743561
2024-12-20 11:00:00,74.7723550696927
2024-12-20 12:00:00,75.2104180530009
2024-12-20 13:00:00,75.6840447944877
2024-12-20 14:00:00,74.7350798049584
2024-12-20 15:00:00,75.0729465023325
2024-12-20 16:00:00,74.9800932854974
2024-12-20 17:00:00,75.0761124254661
2024-12-20 18:00:00,75.1371292531889
2024-12-20 19:00:00,75.447201360587
2024-12-20 20:00:00,75.4875951635969
2024-12-20 21:00:00,74.4829229257742
2024-12-20 22:00:00,74.8950178085278
2024-12-20 23:00:00,75.2692983181232
2024-12-21 00:00:00,74.8138904761625
2024-12-21 01:00:00,75.3025849818119
2024-12-21 02:00:00,74.6262328340213
2024-12-21 03:00:00,75.3477946029114
2024-12-21 04:00:00,74.5330754159074
2024-12-21 05:00:00,74.6403132480806
2024-12-21 06:00:00,74.2888613483856
2024-12-21 07:00:00,74.8911762641419
2024-12-21 08:00:00,75.0134311844078
2024-12-21 09:00:00,74.6940565001997
2024-12-21 10:00:00,74.8642549095352
2024-12-21 11:00:00,75.3026537764124
2024-12-21 12:00:00,74.6908563870899
2024-12-21 13:00:00,74.7894692944786
2024-12-21 14:00:00,74.4419911722467
2024-12-21 15:00:00,74.3877115714116
2024-12-21 16:00:00,74.4604783460497
2024-12-21 17:00:00,75.9505389905389
2024-12-21 18:00:00,74.9697638207107
2024-12-21 19:00:00,74.4506081496957
2024-12-21 20:00:00,74.7587468125032
2024-12-21 21:00:00,74.8836484845332
2024-12-21 22:00:00,74.5633535740572
2024-12-21 23:00:00,75.1077884490837
2024-12-22 00:00:00,74.0213046581096
2024-12-22 01:00:00,74.0193156508698
2024-12-22 02:00:00,74.4128007976057
2024-12-22 03:00:00,74.0761079606714
2024-12-22 04:00:00,73.9581908833159
2024-12-22 05:00:00,73.7527294907684
2024-12-22 06:00:00,73.8657123525394
2024-12-22 07:00:00,74.0127158596095
2024-12-22 08:00:00,73.8081359973335
2024-12-22 09:00:00,74.3560291944854
2024-12-22 10:00:00,74.2085797727952
2024-12-22 12:00:00,74.5345102891376
2024-12-22 13:00:00,74.282989823396
2024-12-22 14:00:00,74.3679581135343
2024-12-22 15:00:00,74.281804401895
2024-12-22 16:00:00,73.9957314030939
2024-12-22 17:00:00,74.296792996794
2024-12-22 18:00:00,74.1143166193338
2024-12-22 19:00:00,74.1759947555603
2024-12-22 20:00:00,73.7252631778554
2024-12-22 21:00:00,74.2208612275535
2024-12-22 22:00:00,73.8699199060419
2024-12-22 23:00:00,74.063555628671
2024-12-23 00:00:00,73.9600406640122
2024-12-23 01:00:00,74.2222333870033
2024-12-23 02:00:00,73.6465712598473
2024-12-23 03:00:00,73.7035718140876
2024-12-23 14:00:00,73.3478116130007
2024-12-23 15:00:00,74.2879851028729
2024-12-23 16:00:00,73.2302962119164
2024-12-23 17:00:00,73.0993646125155
2024-12-23 18:00:00,74.325391186024
2024-12-23 19:00:00,74.0076762624223
2024-12-23 20:00:00,72.7928847697855
2024-12-23 21:00:00,74.3599607707295
2024-12-23 22:00:00,74.0553660142919
2024-12-23 23:00:00,74.0446519130031
2024-12-24 00:00:00,73.1317569394678
2024-12-24 01:00:00,73.3382880224365
2024-12-24 02:00:00,73.3781369406518
2024-12-24 03:00:00,73.5137700010665
2024-12-24 04:00:00,73.3424114619277
2024-12-24 05:00:00,72.5374696102157
2024-12-24 06:00:00,73.15758995462
2024-12-24 07:00:00,73.1277604082206
2024-12-24 09:00:00,72.5498317615584
2024-12-24 10:00:00,73.1946036559565
2024-12-24 11:00:00,72.802757139604
2024-12-24 12:00:00,72.6594544758524
2024-12-24 13:00:00,73.317629352133
2024-12-24 14:00:00,72.9887810507128
2024-12-24 15:00:00,73.56100770926
2024-12-24 16:00:00,72.528664709304
2024-12-24 17:00:00,72.595894741174
2024-12-24 18:00:00,72.7498610961272
2024-12-24 19:00:00,72.0569699234464
2024-12-24 20:00:00,73.179089873987
2024-12-24 21:00:00,73.6566962027214
2024-12-24 22:00:00,73.7996149115747
2024-12-24 23:00:00,72.8247230926293
2024-12-25 00:00:00,71.8730250972706
2024-12-25 01:00:00,72.1534078828571
2024-12-25 02:00:00,72.4874698903753
2024-12-25 03:00:00,72.2132668080968
2024-12-25 04:00:00,72.2666044864167
2024-12-25 05:00:00,71.8459908552787
2024-12-25 06:00:00,72.0807703078527
2024-12-25 07:00:00,72.8014858970761
2024-12-25 08:00:00,71.9073344838356
2024-12-25 09:00:00,72.2826852424999
2024-12-25 10:00:00,72.3267416549553
2024-12-25 11:00:00,72.4502605250527
2024-12-25 12:00:00,72.8087996690317
2024-12-25 13:00:00,72.2818692126412
2024-12-25 14:00:00,72.2494177727493
2024-12-25 15:00:00,72.486269975239
2024-12-25 16:00:00,72.0604703300038
2024-12-25 17:00:00,72.0481345423328
2024-12-25 18:00:00,72.3509437128198
2024-12-25 19:00:00,72.6482829565652
2024-12-25 20:00:00,72.6426815008788
2024-12-25 21:00:00,72.0565264788406
2024-12-25 22:00:00,72.4069387352493
2024-12-25 23:00:00,
2024-12-26 00:00:00,
2024-12-26 01:00:00,
2024-12-26 02:00:00,
2024-12-26 03:00:00,71.6519693910998
2024-12-26 04:00:00,71.0163468548065
2024-12-26 05:00:00,71.5535913165298
2024-12-26 06:00:00,71.8735307823574
2024-12-26 07:00:00,72.2849149039909
2024-12-26 08:00:00,72.1811311583401
2024-12-26 09:00:00,71.661302356778
2024-12-26 10:00:00,71.9627335903335
2024-12-26 11:00:00,71.7157153263649
2024-12-26 12:00:00,72.1886487891524
2024-12-26 13:00:00,72.2590440878894
2024-12-26 14:00:00,71.6253326408748
2024-12-26 15:00:00,71.7892896225799
2024-12-26 16:00:00,71.0961300132135
2024-12-26 17:00:00,71.9123820847989
2024-12-26 18:00:00,71.1314901197113
2024-12-26 19:00:00,71.5018946625955
2024-12-26 20:00:00,72.3644575213161
2024-12-26 21:00:00,71.9224257864272
2024-12-26 22:00:00,71.7994313357517
2024-12-26 23:00:00,71.3468738414056
2024-12-27 00:00:00,71.4580418660165
2024-12-27 01:00:00,71.2158650080952
2024-12-27 02:00:00,71.6014762248354
2024-12-27 03:00:00,70.8579286274189
2024-12-27 04:00:00,71.0435159856974
2024-12-27 05:00:00,71.3101915934945
2024-12-27 15:00:00,71.027371579899
2024-12-27 16:00:00,71.1761760223097
2024-12-27 17:00:00,71.5911175567298
2024-12-27 18:00:00,71.4006227301261
2024-12-27 19:00:00,71.0634381263542
2024-12-27 20:00:00,70.9484450848894
2024-12-27 21:00:00,71.1583272589928
2024-12-27 22:00:00,71.4793810406537
2024-12-27 23:00:00,71.5920667322499
2024-12-28 00:00:00,71.2226477034734
2024-12-28 01:00:00,70.5744092571877
2024-12-28 03:00:00,70.7518022739596
2024-12-28 04:00:00,71.3065073546955
2024-12-28 05:00:00,
2024-12-28 06:00:00,
2024-12-28 07:00:00,
2024-12-28 08:00:00,
2024-12-28 09:00:00,
2024-12-28 10:00:00,70.8095410848426
2024-12-28 11:00:00,70.2469459551219
2024-12-28 12:00:00,70.5613623584836
2024-12-28 13:00:00,70.276771793935
2024-12-28 14:00:00,70.2577657292971
2024-12-28 15:00:00,70.5501700328834
2024-12-28 16:00:00,70.8165165243
2024-12-28 17:00:00,70.4569868826134
2024-12-28 18:00:00,70.1201841398967
2024-12-28 19:00:00,70.7351254131156
2024-12-28 20:00:00,70.0017905021647
2024-12-28 21:00:00,70.3366734329565
2024-12-28 22:00:00,70.5169775431903
2024-12-28 23:00:00,70.7353073417437
2024-12-29 00:00:00,70.1131269244704
2024-12-29 01:00:00,70.2590286085326
2024-12-29 02:00:00,70.2725649428711
2024-12-29 03:00:00,69.9922304713349
2024-12-29 04:00:00,70.3216091048662
2024-12-29 05:00:00,69.2419147698667
2024-12-29 06:00:00,70.6020098587605
2024-12-29 07:00:00,70.1738230323879
2024-12-29 08:00:00,70.0341449635294
2024-12-29 09:00:00,70.1150705354979
2024-12-29 10:00:00,70.6635240002798
2024-12-29 11:00:00,69.6971603443647
2024-12-29 12:00:00,69.9513106137146
2024-12-29 13:00:00,70.3826407878558
2024-12-29 14:00:00,69.9240484614604
2024-12-29 15:00:00,70.0124463852741
2024-12-29 16:00:00,49.4009636999449
2024-12-29 17:00:00,69.9657285909112
2024-12-29 18:00:00,69.6057567394714
2024-12-29 19:00:00,70.0600554889997
2024-12-29 20:00:00,70.0320500348171
2024-12-29 21:00:00,69.60519392932
2024-12-29 22:00:00,70.0769116010113
2024-12-29 23:00:00,70.6346506531577
2024-12-30 00:00:00,68.9961251774199
2024-12-30 01:00:00,68.8009562405373
2024-12-30 02:00:00,68.434094080139
2024-12-30 03:00:00,69.1740699248809
2024-12-30 04:00:00,68.9151572192745
2024-12-30 05:00:00,68.7969338798511
2024-12-30 06:00:00,68.6591657953291
2024-12-30 07:00:00,68.7342488135812
2024-12-30 08:00:00,69.3406675106851
2024-12-30 09:00:00,69.0985891778336
2024-12-30 10:00:00,83.5859904542071
2024-12-30 11:00:00,68.7124956243026
2024-12-30 12:00:00,69.1050325308872
2024-12-30 13:00:00,69.6195916744183
2024-12-30 14:00:00,68.7325991201017
2024-12-30 15:00:00,68.9708023662846
2024-12-30 16:00:00,68.9173465236656
2024-12-30 17:00:00,68.6802516979205
2024-12-30 18:00:00,69.0235832489162
2024-12-30 19:00:00,68.4641293876964
2024-12-30 20:00:00,68.9535291525882
2024-12-30 21:00:00,68.8954200561894
2024-12-30 22:00:00,68.764950980423
2024-12-30 23:00:00,68.5956129695032
2024-12-31 00:00:00,67.8154176027277
2024-12-31 01:00:00,68.4079688855412
2024-12-31 02:00:00,68.7836809781964
2024-12-31 03:00:00,68.8501936185324
2024-12-31 04:00:00,67.9964254971671
2024-12-31 05:00:00,68.3263333968248
2024-12-31 06:00:00,68.2056077736138
2024-12-31 07:00:00,68.240666702077
2024-12-31 09:00:00,68.6144603329432
2024-12-31 10:00:00,68.6623921831207
2024-12-31 11:00:00,68.7392634665329
2024-12-31 12:00:00,68.7495178065965
2024-12-31 13:00:00,67.9110886087802
2024-12-31 14:00:00,68.5966628957872
2024-12-31 15:00:00,68.3280771785027
2024-12-31 16:00:00,68.3690732404782
2024-12-31 17:00:00,69.0662749330423
2024-12-31 18:00:00,69.2026909547343
2024-12-31 19:00:00,68.5225107186655
2024-12-31 20:00:00,68.10557726812
2024-12-31 21:00:00,69.5294826137833
2024-12-31 22:00:00,68.4634339680673
2024-12-31 23:00:00,69.1723401994088
2025-01-01 00:00:00,67.3181681614789
2025-01-01 01:00:00,67.1810713401213
2025-01-01 02:00:00,66.9810813640611
2025-01-01 03:00:00,67.3071770884816
2025-01-01 04:00:00,67.423123339081
2025-01-01 05:00:00,67.2567685770122
2025-01-01 06:00:00,67.2316703746204
2025-01-01 07:00:00,67.5180185534038
2025-01-01 08:00:00,67.3794128708996
2025-01-01 09:00:00,67.1622540053209
2025-01-01 10:00:00,67.27495483189
2025-01-01 11:00:00,67.6624627844896
2025-01-01 12:00:00,67.0557873468961
2025-01-01 13:00:00,67.6033144109793
2025-01-01 14:00:00,67.2834975661182
2025-01-01 15:00:00,67.7652464102451
2025-01-01 16:00:00,67.2733375977351
2025-01-01 17:00:00,67.6634028242205
2025-01-01 18:00:00,60.8588582554326
2025-01-01 19:00:00,67.3154505790058
2025-01-01 20:00:00,67.0723257459148
2025-01-01 21:00:00,67.2376037523745
2025-01-01 22:00:00,67.4514054024353
2025-01-01 23:00:00,67.3463322903047
2025-01-02 00:00:00,66.4489860557129
2025-01-02 01:00:00,66.4916325153002
2025-01-02 02:00:00,66.7701034972953
2025-01-02 03:00:00,66.9262988128065
2025-01-02 04:00:00,66.3278360361483
2025-01-02 11:00:00,66.5896461516917
2025-01-02 12:00:00,66.5844820607177
2025-01-02 13:00:00,66.5635408873266
2025-01-02 14:00:00,66.3044896400159
2025-01-02 15:00:00,66.6701904462692
2025-01-02 16:00:00,66.2788061678113
2025-01-02 17:00:00,66.6490940074
2025-01-02 18:00:00,66.5895329756875
2025-01-02 19:00:00,66.4834646449561
2025-01-02 20:00:00,66.8015394351753
2025-01-02 21:00:00,66.4144014874887
2025-01-02 22:00:00,66.6011742846638
2025-01-02 23:00:00,66.4030550312707
2025-01-03 00:00:00,66.0736127083845
2025-01-03 01:00:00,65.9808908835285
2025-01-03 02:00:00,65.8262069966156
2025-01-03 03:00:00,65.8220916567233
2025-01-03 04:00:00,66.0364129914338
2025-01-03 05:00:00,66.0578214506544
2025-01-03 06:00:00,65.8997580925921
2025-01-03 07:00:00,65.9903341987282
2025-01-03 09:00:00,65.9552861891359
2025-01-03 10:00:00,66.0126830199419
2025-01-03 11:00:00,66.059884219652
2025-01-03 12:00:00,65.9517207913555
2025-01-03 13:00:00,66.0026941653736
2025-01-03 14:00:00,65.7339386638082
2025-01-03 15:00:00,65.9089416349909
2025-01-03 16:00:00,65.8324726753967
2025-01-03 17:00:00,65.8766854090306
2025-01-03 18:00:00,65.6037993294698
2025-01-03 19:00:00,65.8377730978761
2025-01-03 20:00:00,66.4286894486822
2025-01-04 08:00:00,65.7882739490453
2025-01-04 13:00:00,65.4861591449143
2025-01-04 14:00:00,65.392718928669
2025-01-04 15:00:00,65.6489898251965
2025-01-04 16:00:00,65.4800316540476
2025-01-04 17:00:00,65.563218706977
2025-01-04 18:00:00,65.8684229818078
2025-01-04 19:00:00,58.3055502150191
2025-01-04 20:00:00,65.7941022156041
2025-01-04 21:00:00,65.4143530253588
2025-01-04 22:00:00,65.3938463235221
2025-01-04 23:00:00,65.3699390711817
2025-01-05 00:00:00,64.8264564967754
2025-01-05 01:00:00,64.8817753101474
2025-01-05 02:00:00,65.0541356996771
2025-01-05 03:00:00,64.6986899911977
2025-01-05 04:00:00,64.7752314652778
2025-01-05 05:00:00,64.9936160862734
2025-01-05 06:00:00,64.8113050734927
2025-01-05 07:00:00,65.0509186878661
2025-01-05 08:00:00,64.7229830467981
2025-01-05 09:00:00,64.9515002508037
2025-01-05 10:00:00,64.816968366342
2025-01-05 11:00:00,65.094161509055
2025-01-05 12:00:00,64.7234104467723
2025-01-05 13:00:00,64.8542720881311
2025-01-05 14:00:00,64.7700582065336
2025-01-05 15:00:00,65.1370768210446
2025-01-05 16:00:00,64.9200913699746
2025-01-05 17:00:00,64.9614184014162
2025-01-05 18:00:00,64.7292838677631
2025-01-05 19:00:00,64.900534169792
2025-01-05 20:00:00,65.1635459193146
2025-01-05 21:00:00,64.7761220345339
2025-01-05 22:00:00,65.3486026371531
2025-01-05 23:00:00,64.9786853799055
2025-01-06 00:00:00,64.1625641313409
2025-01-06 01:00:00,64.2672709000959
2025-01-06 02:00:00,63.7367148386796
2025-01-06 03:00:00,64.3087536492511
2025-01-06 04:00:00,64.3944899076949
2025-01-06 05:00:00,64.6259078285167
2025-01-06 06:00:00,64.3392606463099
2025-01-06 07:00:00,64.4065500230441
2025-01-06 08:00:00,64.3993323331512
2025-01-06 09:00:00,64.1904243961387
2025-01-06 10:00:00,64.0258440249704
2025-01-06 11:00:00,63.8705285218834
2025-01-06 12:00:00,63.9793810213368
2025-01-06 13:00:00,64.1420921268676
2025-01-06 14:00:00,64.2472596923935
2025-01-06 15:00:00,64.1195658479072
2025-01-06 16:00:00,64.2805030765787
2025-01-06 17:00:00,64.4406855104433
2025-01-06 18:00:00,64.2609958290224
2025-01-06 19:00:00,64.1869074073464
2025-01-06 20:00:00,64.0802612649008
2025-01-06 21:00:00,64.0378979993331
2025-01-06 22:00:00,64.563734987296
2025-01-06 23:00:00,64.3630477800421
2025-01-07 00:00:00,63.5126464194143
2025-01-07 01:00:00,63.3926736830382
2025-01-07 02:00:00,63.5210220426861
2025-01-07 03:00:00,63.4164419089549
2025-01-07 04:00:00,69.3345240969835
2025-01-07 05:00:00,63.5115253350382
2025-01-07 06:00:00,63.6499015127869
2025-01-07 07:00:00,63.1430130788375
2025-01-07 08:00:00,63.4951839627087
2025-01-07 10:00:00,62.9718284811405
2025-01-07 11:00:00,63.5231974691548
2025-01-07 12:00:00,63.5910426245314
2025-01-07 13:00:00,63.4769672955814
2025-01-07 14:00:00,63.3781429999782
2025-01-07 15:00:00,63.4311030270164
2025-01-07 16:00:00,63.5832254047509
2025-01-07 17:00:00,63.2142468114475
2025-01-07 18:00:00,63.5386547812744
2025-01-07 19:00:00,63.4776218866098
2025-01-07 20:00:00,63.5281454820913
2025-01-07 21:00:00,63.5603743256003
2025-01-07 22:00:00,63.2289226728224
2025-01-07 23:00:00,63.3516516342747
2025-01-08 00:00:00,63.1432591317763
2025-01-08 01:00:00,63.1874768421326
2025-01-08 02:00:00,62.9053739162741
2025-01-08 03:00:00,62.9179738227399
2025-01-08 04:00:00,62.8745160173271
2025-01-08 06:00:00,62.784416489563
2025-01-08 08:00:00,62.8109079300051
2025-01-08 18:00:00,62.9205066055043
2025-01-08 19:00:00,63.0925415670539
2025-01-08 21:00:00,63.2340892382766
2025-01-08 22:00:00,63.0205978353516
2025-01-08 23:00:00,63.2323797200994
2025-01-09 00:00:00,62.4061036369322
2025-01-09 01:00:00,62.4514042192312
2025-01-09 02:00:00,62.6576477539963
2025-01-09 03:00:00,62.7752891471115
2025-01-09 04:00:00,62.7117985716837
2025-01-09 05:00:00,62.3741718096037
2025-01-09 06:00:00,62.2847395946564
2025-01-09 07:00:00,62.2522031019462
2025-01-09 08:00:00,62.4336180148453
2025-01-09 09:00:00,62.3608813954831
2025-01-09 10:00:00,62.3468337462387
2025-01-09 11:00:00,62.2264917560243
2025-01-09 12:00:00,62.2057659779815
2025-01-09 13:00:00,62.1249285001144
2025-01-09 14:00:00,62.6851320497739
2025-01-09 15:00:00,62.479607035158
2025-01-09 16:00:00,62.1238647823968
2025-01-09 17:00:00,62.5347582486479
2025-01-09 18:00:00,62.3354840507229
2025-01-09 19:00:00,62.3936512570902
2025-01-09 20:00:00,62.4824231958298
2025-01-09 21:00:00,62.1312620730774
2025-01-09 22:00:00,62.5312022209286
2025-01-09 23:00:00,62.3967234452553
2025-01-10 00:00:00,62.0653862136644
2025-01-10 01:00:00,62.4361051026041
2025-01-10 02:00:00,62.4828196462234
2025-01-10 03:00:00,62.5411754215623
2025-01-10 04:00:00,62.4101288550962
2025-01-10 05:00:00,62.3057890966898
2025-01-10 06:00:00,62.6704687321762
2025-01-10 07:00:00,62.5080345503718
2025-01-10 08:00:00,62.369649845065
2025-01-10 09:00:00,61.9465906057966
2025-01-10 10:00:00,62.3940414280641
2025-01-10 11:00:00,62.2521389399826
2025-01-10 12:00:00,62.2464511909562
2025-01-10 13:00:00,62.6032355974996
2025-01-10 14:00:00,62.1846906880035
2025-01-10 15:00:00,62.5184094953756
2025-01-10 16:00:00,62.7108595486549
2025-01-10 17:00:00,62.2334176226408
2025-01-10 18:00:00,62.5829902248474
2025-01-10 19:00:00,62.1965678085567
2025-01-10 20:00:00,61.9964332076845
2025-01-10 21:00:00,62.6419986858358
2025-01-10 22:00:00,62.0743518471236
2025-01-10 23:00:00,62.2555144668205
2025-01-11 00:00:00,61.5321631880496
2025-01-11 01:00:00,61.128632513333
2025-01-11 02:00:00,61.1167869473111
2025-01-11 03:00:00,61.123680900177
2025-01-11 04:00:00,61.3607089866178
2025-01-11 05:00:00,60.9967563241051
2025-01-11 06:00:00,61.0207812038983
2025-01-11 08:00:00,69.1111741525251
2025-01-11 09:00:00,61.3380704622423
2025-01-11 10:00:00,61.0896163898712
2025-01-11 11:00:00,61.3358125308308
2025-01-11 12:00:00,61.3572319862882
2025-01-11 13:00:00,61.0383200150886
2025-01-11 14:00:00,60.903501888399
2025-01-11 15:00:00,61.4909587071732
2025-01-11 16:00:00,61.305386612727
2025-01-11 17:00:00,61.2678686945924
2025-01-11 18:00:00,61.0129179830489
2025-01-11 19:00:00,61.5651334402448
2025-01-11 20:00:00,60.815332839003
2025-01-11 21:00:00,61.0689504434441
2025-01-11 22:00:00,61.5998602774773
2025-01-11 23:00:00,61.2027737519844
2025-01-12 00:00:00,61.0401589294316
2025-01-12 01:00:00,61.2248947710211
2025-01-12 02:00:00,60.981076198932
2025-01-12 03:00:00,61.0895905146039
2025-01-12 04:00:00,61.4664189650465
2025-01-12 05:00:00,61.0352505094045
2025-01-12 06:00:00,61.2455908569208
2025-01-12 07:00:00,61.714304351899
2025-01-12 08:00:00,61.6113141318836
2025-01-12 22:00:00,61.2018013864584
2025-01-12 23:00:00,61.5584421239583
2025-01-13 00:00:00,60.5044879932913
2025-01-13 01:00:00,60.8287645282271
2025-01-13 02:00:00,60.5690179318984
2025-01-13 03:00:00,60.6302897245186
2025-01-13 04:00:00,60.8270241692239
2025-01-13 05:00:00,60.554467079702
2025-01-13 06:00:00,60.773104719117
2025-01-13 07:00:00,60.5109814329363
2025-01-13 09:00:00,60.8173670833979
2025-01-13 10:00:00,60.6190042531036
2025-01-13 11:00:00,60.7004721732558
2025-01-13 12:00:00,60.5734135333835
2025-01-13 13:00:00,60.6653603808455
2025-01-13 14:00:00,60.673635348122
2025-01-13 15:00:00,60.3252974308389
2025-01-13 16:00:00,60.8618910720271
2025-01-13 17:00:00,60.7261052208204
2025-01-13 18:00:00,60.7654153769025
2025-01-13 19:00:00,60.7078176377044
2025-01-13 20:00:00,60.9888454524618
2025-01-13 21:00:00,60.8138230280646
2025-01-13 22:00:00,60.7524764328918
2025-01-13 23:00:00,60.7468868255753
2025-01-14 00:00:00,60.2555357351722
2025-01-14 01:00:00,60.0720402963966
2025-01-14 02:00:00,60.0704867744836
2025-01-14 03:00:00,59.976236234593
2025-01-14 04:00:00,60.1836756259512
2025-01-14 05:00:00,59.9487585100363
2025-01-14 06:00:00,60.3018632590328
2025-01-14 07:00:00,60.5525997442158
2025-01-14 08:00:00,60.202889610973
2025-01-14 09:00:00,59.8734074940651
2025-01-14 10:00:00,60.2959379570846
2025-01-14 11:00:00,59.9914096382023
2025-01-14 12:00:00,59.8585189246667
2025-01-14 13:00:00,60.219643697763
2025-01-14 14:00:00,60.1447433111655
2025-01-14 15:00:00,60.2155751532063
2025-01-14 16:00:00,60.2135701566953
2025-01-14 17:00:00,60.0389292046574
2025-01-14 18:00:00,60.1880862852351
2025-01-14 19:00:00,60.3880291830308
2025-01-14 20:00:00,60.1349783274801
2025-01-14 21:00:00,60.4233295397753
2025-01-14 22:00:00,60.3033013852953
2025-01-14 23:00:00,59.9809879194222
2025-01-15 00:00:00,59.7244391018484
2025-01-15 01:00:00,59.4502816492684
2025-01-15 02:00:00,59.4809287039877
2025-01-15 03:00:00,59.6211395726709
2025-01-15 04:00:00,59.2077027780971
2025-01-15 05:00:00,59.8871864382807
2025-01-15 06:00:00,59.2759726863668
2025-01-15 07:00:00,59.6146359616696
2025-01-15 08:00:00,59.6976098782868
2025-01-15 09:00:00,59.6506074856541
2025-01-15 10:00:00,59.544282562512
2025-01-15 11:00:00,59.6296372883687
2025-01-15 12:00:00,59.8055764661645
2025-01-15 13:00:00,59.7800962840423
2025-01-15 15:00:00,59.8046188600074
2025-01-16 03:00:00,58.9617983536747
2025-01-16 04:00:00,58.7509900985033
2025-01-16 05:00:00,58.5928906125716
2025-01-16 06:00:00,59.1934946103056
2025-01-16 07:00:00,59.0099893049658
2025-01-16 08:00:00,58.9193728923466
2025-01-16 09:00:00,58.638395812853
2025-01-16 10:00:00,58.8730373800739
2025-01-16 11:00:00,58.7619449753994
2025-01-16 12:00:00,58.7906377600236
2025-01-16 13:00:00,59.0329202343795
2025-01-16 14:00:00,58.8157123812197
2025-01-16 15:00:00,58.8685116239379
2025-01-16 16:00:00,59.1847934233564
2025-01-16 17:00:00,58.9763142018686
2025-01-16 18:00:00,58.9908408794822
2025-01-16 19:00:00,
2025-01-16 20:00:00,
2025-01-16 21:00:00,58.7944979209113
2025-01-16 22:00:00,58.4983231813027
2025-01-16 23:00:00,58.7351456019913
2025-01-17 00:00:00,58.2079225134323
2025-01-17 01:00:00,58.2714387670448
2025-01-17 02:00:00,58.6529673837496
2025-01-17 03:00:00,58.7757830300214
2025-01-17 04:00:00,58.3464165706456
2025-01-17 06:00:00,58.5445760689081
2025-01-17 07:00:00,58.2166173559572
2025-01-17 08:00:00,58.3150167974902
2025-01-17 09:00:00,58.3363351704275
2025-01-17 10:00:00,58.6048426989019
2025-01-17 11:00:00,58.2976247900092
2025-01-17 12:00:00,58.2509826953041
2025-01-17 13:00:00,58.6710226993746
2025-01-17 14:00:00,58.3956933299977
2025-01-17 15:00:00,58.3200842518112
2025-01-17 16:00:00,58.7466414095441
2025-01-17 17:00:00,58.0789691461971
2025-01-17 18:00:00,67.2804068606562
2025-01-17 19:00:00,58.298514856946
2025-01-17 20:00:00,58.4949969747552
2025-01-17 21:00:00,58.2939044896904
2025-01-17 22:00:00,58.4964460406439
2025-01-17 23:00:00,58.1390726766374
2025-01-18 00:00:00,
2025-01-18 01:00:00,
2025-01-18 02:00:00,
2025-01-18 04:00:00,
2025-01-18 05:00:00,
2025-01-18 06:00:00,
2025-01-18 07:00:00,
2025-01-18 08:00:00,
2025-01-18 09:00:00,
2025-01-18 11:00:00,
2025-01-18 12:00:00,
2025-01-18 13:00:00,
2025-01-18 14:00:00,
2025-01-19 14:00:00,98.5169725149929
2025-01-19 15:00:00,98.3978380683085
2025-01-19 18:00:00,98.5845731180802
2025-01-20 05:00:00,98.5253701248297
2025-01-20 06:00:00,98.4546554270977
2025-01-20 07:00:00,98.5951335241718
2025-01-20 08:00:00,98.6016482836679
2025-01-20 09:00:00,98.5170124673369
2025-01-20 10:00:00,98.3746412240854
2025-01-20 11:00:00,98.6480600051242
2025-01-20 12:00:00,98.376002409803
2025-01-20 13:00:00,98.4752595933829
2025-01-20 14:00:00,98.3922190540082
2025-01-20 15:00:00,98.3393404798958
2025-01-20 16:00:00,98.4788356201869
2025-01-20 17:00:00,98.3961596569274
2025-01-20 18:00:00,98.5755118505253
2025-01-20 19:00:00,98.3793285747363
2025-01-20 20:00:00,98.2818915461059
2025-01-20 21:00:00,98.3580078436504
2025-01-20 22:00:00,98.541553426883
2025-01-20 23:00:00,98.6066389974778
2025-01-21 00:00:00,97.6051621595645
2025-01-21 01:00:00,97.3867168430958
2025-01-21 02:00:00,97.6145955148197
2025-01-21 03:00:00,97.6430282945099
2025-01-21 04:00:00,97.658497658198
2025-01-21 05:00:00,97.6650812396902
2025-01-21 07:00:00,97.5800582877274
2025-01-21 08:00:00,97.4387621953647
2025-01-21 09:00:00,97.5518428845349
2025-01-21 10:00:00,97.7722279354741
2025-01-21 11:00:00,97.6084634642247
2025-01-21 12:00:00,97.4687626546275
2025-01-21 13:00:00,97.5672124384277
2025-01-21 14:00:00,97.5037131668092
2025-01-21 15:00:00,97.5680456253766
2025-01-21 16:00:00,97.6122052727864
2025-01-21 17:00:00,97.6581924635854
2025-01-21 18:00:00,97.6439107747074
2025-01-21 19:00:00,97.5213949873562
2025-01-21 20:00:00,97.3155783299326
2025-01-21 21:00:00,97.6809267308424
2025-01-21 22:00:00,97.6090184779457
2025-01-21 23:00:00,97.4911775121102
2025-01-22 00:00:00,97.4984148715642
2025-01-22 01:00:00,97.4383875315794
2025-01-22 02:00:00,97.4100367515632
2025-01-22 03:00:00,97.4142613602016
2025-01-22 04:00:00,97.1976942061874
2025-01-22 05:00:00,97.4083257272557
2025-01-22 06:00:00,97.0702051673449
2025-01-22 07:00:00,96.9240121481773
2025-01-22 08:00:00,97.095910769705
2025-01-22 09:00:00,97.0167828337182
2025-01-22 10:00:00,97.0874950339665
2025-01-22 11:00:00,97.4158227207408
2025-01-22 12:00:00,97.1871596045549
2025-01-22 13:00:00,97.352633741065
2025-01-22 14:00:00,97.4275495522386
2025-01-22 15:00:00,96.7758764157729
2025-01-22 16:00:00,97.4291179504552
2025-01-22 17:00:00,97.134667955248
2025-01-22 18:00:00,97.2723834856865
2025-01-22 19:00:00,97.2974873976015
2025-01-22 20:00:00,97.090175569072
2025-01-22 21:00:00,96.9831322150682
2025-01-22 22:00:00,97.2419186622849
2025-01-22 23:00:00,97.1384851729863
2025-01-23 00:00:00,97.0236114064189
2025-01-23 01:00:00,96.3131239180328
2025-01-23 02:00:00,96.8127701630935
2025-01-23 03:00:00,96.9228867583621
2025-01-23 04:00:00,96.6539924357801
2025-01-23 05:00:00,96.6116530474221
2025-01-23 06:00:00,96.6118189328351
2025-01-23 08:00:00,96.8827219305793
2025-01-23 09:00:00,96.8224941433647
2025-01-23 10:00:00,97.331993605105
2025-01-23 11:00:00,97.2583793184126
2025-01-23 12:00:00,96.7426539657676
2025-01-23 13:00:00,96.4754969057454
2025-01-23 14:00:00,96.9872206521405
2025-01-23 15:00:00,97.0280942882703
2025-01-23 16:00:00,97.0891670979103
2025-01-23 17:00:00,97.0916547659099
2025-01-23 18:00:00,96.8986839501207
2025-01-23 19:00:00,96.6244002942272
2025-01-24 06:00:00,96.2008685460054
2025-01-24 08:00:00,96.4562619929265
2025-01-24 09:00:00,96.6337360102006
2025-01-24 10:00:00,96.0971389432838
2025-01-24 11:00:00,96.3238173924172
2025-01-24 12:00:00,96.5539948625473
2025-01-24 13:00:00,96.441931112075
2025-01-24 14:00:00,96.7490614241834
2025-01-24 15:00:00,96.4402811375329
2025-01-24 16:00:00,96.3165171005056
2025-01-24 17:00:00,96.4460849682375
2025-01-24 18:00:00,96.5254869525655
2025-01-24 19:00:00,96.6584957521144
2025-01-24 20:00:00,96.4870282276525
2025-01-24 21:00:00,96.7643504084026
2025-01-24 22:00:00,96.6907825823043
2025-01-24 23:00:00,96.2973686723696
2025-01-25 00:00:00,96.170180026402
2025-01-25 11:00:00,96.4388827033916
2025-01-25 12:00:00,96.1804083520214
2025-01-25 13:00:00,96.4328893251932
2025-01-25 14:00:00,96.5761147435337
2025-01-25 15:00:00,96.6365174584524
2025-01-25 16:00:00,95.8066733243984
2025-01-25 17:00:00,96.5721400464031
2025-01-25 18:00:00,96.1450975112664
2025-01-25 19:00:00,96.4269915998562
2025-01-25 20:00:00,96.252153296675
2025-01-25 21:00:00,96.3802274343593
2025-01-25 22:00:00,96.4836529415346
2025-01-25 23:00:00,95.9727320079046
2025-01-26 00:00:00,95.9353198307474
2025-01-26 01:00:00,95.5951546172557
2025-01-26 02:00:00,95.9525047305523
2025-01-26 03:00:00,95.5966189947765
2025-01-26 04:00:00,95.7054564906828
2025-01-26 05:00:00,95.7245454280359
2025-01-26 06:00:00,95.686140722093
2025-01-26 07:00:00,95.8198040133851
2025-01-26 08:00:00,95.6196849535484
2025-01-26 09:00:00,95.6914519910276
2025-01-26 10:00:00,96.0169611882059
2025-01-26 11:00:00,95.6767397532158
2025-01-26 12:00:00,95.5587121812593
2025-01-26 13:00:00,95.6085461910068
2025-01-26 14:00:00,95.7320398293402
2025-01-26 15:00:00,95.8067586420874
2025-01-26 16:00:00,95.8221285110875
2025-01-26 17:00:00,95.6929971296981
2025-01-26 18:00:00,95.9298316945707
2025-01-26 19:00:00,95.7596400124758
2025-01-26 20:00:00,95.565636993844
2025-01-26 21:00:00,95.7482074233709
2025-01-26 22:00:00,95.619878413977
2025-01-26 23:00:00,95.9062711349431
2025-01-27 00:00:00,95.5438385169589
2025-01-27 01:00:00,95.3043389532554
2025-01-27 02:00:00,95.850503829034
2025-01-27 03:00:00,95.7585940934715
2025-01-27 04:00:00,95.8020284778972
2025-01-27 05:00:00,95.5906164935846
2025-01-27 06:00:00,95.7317305670834
2025-01-27 07:00:00,95.724462907621
2025-01-27 08:00:00,95.9123256398047
2025-01-27 09:00:00,95.8145237259219
2025-01-27 10:00:00,95.7882666270891
2025-01-27 11:00:00,95.7322491371774
2025-01-27 12:00:00,95.7086336099123
2025-01-27 13:00:00,95.8179008715005
2025-01-27 14:00:00,95.8200457635441
2025-01-27 15:00:00,95.6252176539208
2025-01-27 16:00:00,95.6039911599075
2025-01-27 17:00:00,95.4346778612792
2025-01-27 18:00:00,96.0445706429133
2025-01-27 19:00:00,95.7182570631844
2025-01-27 20:00:00,95.4458158136118
2025-01-27 21:00:00,95.6267146525333
2025-01-27 22:00:00,95.5141146397709
2025-01-27 23:00:00,95.9735434968787
2025-01-28 00:00:00,94.9760356220176
2025-01-28 01:00:00,94.9402705204819
2025-01-28 02:00:00,95.2235556712682
2025-01-28 03:00:00,95.3870273384541
2025-01-28 04:00:00,95.161308425674
2025-01-28 05:00:00,94.9614296980533
2025-01-28 06:00:00,94.9779760268789
2025-01-28 07:00:00,95.6772891131316
2025-01-28 20:00:00,95.2407577344012
2025-01-28 21:00:00,95.4531624614825
2025-01-28 22:00:00,95.4967026561969
2025-01-28 23:00:00,95.4414943366081
2025-01-29 00:00:00,94.9775892688966
2025-01-29 01:00:00,94.6834547371772
2025-01-29 02:00:00,94.8339354426485
2025-01-29 03:00:00,95.2153970616312
2025-01-29 04:00:00,94.9176553372841
2025-01-29 05:00:00,95.2072756647596
2025-01-29 06:00:00,105.013107586048
2025-01-29 07:00:00,94.9229167728532
2025-01-29 08:00:00,94.8239585396936
2025-01-29 09:00:00,94.9557973802776
2025-01-29 10:00:00,94.8713451816137
2025-01-29 11:00:00,95.2910621956768
2025-01-29 12:00:00,94.7812681090007
2025-01-29 13:00:00,95.0731591773276
2025-01-29 14:00:00,95.0451343867998
2025-01-29 15:00:00,94.9547736318204
2025-01-29 16:00:00,95.0809866269191
2025-01-29 17:00:00,95.117672408145
2025-01-29 18:00:00,94.7624239538648
2025-01-29 19:00:00,94.9548156771974
2025-01-29 20:00:00,95.015874108919
2025-01-29 21:00:00,95.2664853169703
2025-01-29 22:00:00,94.7349479419297
2025-01-29 23:00:00,95.295946872306
2025-01-30 00:00:00,94.4478987776005
2025-01-30 01:00:00,94.9179799452829
2025-01-30 02:00:00,95.0602763899057
2025-01-30 03:00:00,94.7355785192895
2025-01-30 04:00:00,94.6116111030946
2025-01-30 05:00:00,94.9969579699541
2025-01-30 06:00:00,95.1524837536596
2025-01-30 07:00:00,95.1241505384831
2025-01-30 08:00:00,94.8217002639216
2025-01-30 09:00:00,94.9325062714834
2025-01-30 10:00:00,95.0385837121022
2025-01-30 11:00:00,94.7412571271239
2025-01-30 12:00:00,94.8652112816687
2025-01-30 13:00:00,94.8229666237911
2025-01-30 14:00:00,95.0645174416486
2025-01-30 15:00:00,95.0148737061646
2025-01-30 16:00:00,94.5970763619268
2025-01-30 17:00:00,94.8890777921398
2025-01-30 18:00:00,95.3747717650791
2025-01-30 20:00:00,94.9750969599817
2025-02-03 23:00:00,95.2812626181822
2025-02-04 07:00:00,94.4819142528674
2025-02-04 08:00:00,94.3470336312739
2025-02-04 09:00:00,94.55510046733
2025-02-04 10:00:00,94.8566639324703
2025-02-04 11:00:00,94.768065431466
2025-02-04 12:00:00,94.3386886648957
2025-02-04 13:00:00,94.0102870971591
2025-02-04 14:00:00,94.3372364711008
2025-02-04 15:00:00,94.623522228432
2025-02-04 16:00:00,94.5975383349655
2025-02-04 17:00:00,94.1981883967616
2025-02-04 18:00:00,95.0902968466443
2025-02-04 19:00:00,94.8982433049343
2025-02-04 20:00:00,94.5794149693083
2025-02-04 21:00:00,94.8031275357752
2025-02-04 23:00:00,94.603336954164
2025-02-05 00:00:00,96.7849623852075
2025-02-05 01:00:00,94.0602618129796
2025-02-05 03:00:00,94.1233139250761
2025-02-05 04:00:00,94.0966766631003
2025-02-05 05:00:00,93.7397352412963
2025-02-05 06:00:00,94.6271618056937
2025-02-05 07:00:00,93.9218872439994
2025-02-05 08:00:00,93.9062601059633
2025-02-05 10:00:00,93.7984741020109
2025-02-05 11:00:00,94.5952673493906
2025-02-05 12:00:00,94.5681733432685
2025-02-05 13:00:00,94.185380823346
2025-02-05 14:00:00,94.0536879288974
2025-02-05 15:00:00,94.2610199302009
2025-02-05 16:00:00,93.7744018027526
2025-02-05 17:00:00,94.0516355364337
2025-02-05 19:00:00,93.7825131414372
2025-02-05 20:00:00,93.6074183797889
2025-02-05 21:00:00,94.1110929115672
2025-02-05 22:00:00,118.392016521924
2025-02-06 00:00:00,92.8153732967511
2025-02-06 02:00:00,93.0872288324207
2025-02-06 03:00:00,93.0897222594517
2025-02-06 04:00:00,93.1552897916154
2025-02-06 05:00:00,93.2258803233454
2025-02-06 06:00:00,92.6172931206368
2025-02-06 07:00:00,93.2482081941593
2025-02-06 08:00:00,92.7041608670093
2025-02-06 17:00:00,93.3272338063985
2025-02-06 19:00:00,92.9058936032396
2025-02-06 20:00:00,92.7838366980631
2025-02-06 21:00:00,92.9963854003826
2025-02-06 22:00:00,92.8151961875833
2025-02-06 23:00:00,93.1845024763298
2025-02-07 00:00:00,92.7189726254863
2025-02-07 02:00:00,92.5930731199676
2025-02-07 03:00:00,92.7244905504572
2025-02-07 04:00:00,92.3285405104337
2025-02-07 05:00:00,92.5986874542682
2025-02-07 06:00:00,93.0699217833195
2025-02-07 07:00:00,93.2191976015414
2025-02-07 08:00:00,93.1523652109299
2025-02-07 09:00:00,92.7151602766407
2025-02-07 10:00:00,93.1208254265283
2025-02-07 11:00:00,92.6448625895442
2025-02-07 12:00:00,92.5971878444122
2025-02-07 13:00:00,92.5849390567149
2025-02-07 14:00:00,92.9445840142972
2025-02-07 15:00:00,92.2731888631568
2025-02-07 16:00:00,92.243557874714
2025-02-07 17:00:00,92.6520565891417
2025-02-07 18:00:00,92.3473622743147
2025-02-07 19:00:00,92.1714658540046
2025-02-07 20:00:00,92.2487025646738
2025-02-07 21:00:00,92.9925400846438
2025-02-07 22:00:00,93.1477043103791
2025-02-07 23:00:00,93.1565782697034
2025-02-08 00:00:00,92.2885527308241
2025-02-08 01:00:00,91.8853934451402
2025-02-08 02:00:00,92.1647635502037
2025-02-08 03:00:00,92.1828991344835
2025-02-08 05:00:00,92.1816329438922
2025-02-08 06:00:00,91.9475562328547
2025-02-08 07:00:00,92.4404187708206
2025-02-08 08:00:00,91.7175431257481
2025-02-08 09:00:00,92.135986092126
2025-02-08 11:00:00,92.009264607163
2025-02-08 12:00:00,91.5219389159795
2025-02-08 13:00:00,92.0444289223884
2025-02-08 14:00:00,92.2411437117523
2025-02-08 15:00:00,92.5523398449081
2025-02-08 16:00:00,92.2102459243404
2025-02-08 17:00:00,92.1374854094301
2025-02-08 19:00:00,92.2323528335818
2025-02-09 08:00:00,91.8556752061363
2025-02-09 10:00:00,91.3267522526239
2025-02-09 11:00:00,91.5296076662463
2025-02-09 12:00:00,91.4286010619329
2025-02-09 13:00:00,91.4604966031207
2025-02-09 14:00:00,91.4213361513978
2025-02-09 15:00:00,91.909105975905
2025-02-09 16:00:00,91.3443985875031
2025-02-09 17:00:00,91.7726489490444
2025-02-09 18:00:00,92.1586324713353
2025-02-09 19:00:00,91.1436268576764
2025-02-09 20:00:00,92.122651130275
2025-02-09 21:00:00,91.9659893142253
2025-02-09 22:00:00,91.6612577914955
2025-02-09 23:00:00,91.8464191997146
2025-02-10 01:00:00,91.4102823025812
2025-02-10 02:00:00,90.9225703593086
2025-02-10 03:00:00,91.158573135542
2025-02-10 04:00:00,90.9198806896633
2025-02-10 05:00:00,90.7820045090045
2025-02-10 06:00:00,90.9227039019518
2025-02-10 07:00:00,91.2738700092698
2025-02-10 08:00:00,90.7577492275637
2025-02-10 09:00:00,91.90312652333
2025-02-10 10:00:00,90.5037181636037
2025-02-10 11:00:00,91.0707242174112
2025-02-10 12:00:00,91.4430208170576
2025-02-10 13:00:00,91.0747533206762
2025-02-10 14:00:00,91.2201119951097
2025-02-10 15:00:00,90.777846670557
2025-02-10 16:00:00,91.0543088782374
2025-02-10 17:00:00,90.7842889659142
2025-02-10 18:00:00,90.979983575304
2025-02-10 19:00:00,99.5449516903367
2025-02-10 20:00:00,90.8669659355052
2025-02-10 21:00:00,91.2045412531602
2025-02-10 22:00:00,91.2373905162429
2025-02-10 23:00:00,91.0170569154028
2025-02-11 00:00:00,90.707639006747
2025-02-11 01:00:00,90.4755277106314
2025-02-11 02:00:00,90.5027548502983
2025-02-11 03:00:00,90.9841309569361
2025-02-11 04:00:00,90.083669826186
2025-02-11 05:00:00,90.2783498569756
2025-02-11 06:00:00,90.2278764702938
2025-02-11 07:00:00,89.9954068795821
2025-02-11 08:00:00,90.7265064631388
2025-02-11 09:00:00,90.7756559532033
2025-02-11 10:00:00,90.5079260163938
2025-02-11 11:00:00,90.7342645115662
2025-02-11 12:00:00,90.6839114942976
2025-02-11 13:00:00,90.0885179295968
2025-02-11 14:00:00,90.0996570571231
2025-02-12 15:00:00,90.0293420562099
2025-02-12 19:00:00,90.0454119982018
2025-02-12 20:00:00,90.3180866671709
2025-02-12 21:00:00,90.3583069528373
2025-02-12 22:00:00,90.2430382835124
2025-02-12 23:00:00,89.719535175288
2025-02-13 00:00:00,89.8378994972993
2025-02-13 01:00:00,89.3176207755905
2025-02-13 02:00:00,89.5871318638919
2025-02-13 03:00:00,89.733676177041
2025-02-13 04:00:00,90.0307492825937
2025-02-13 05:00:00,89.5409292356334
2025-02-13 06:00:00,89.9505083507824
2025-02-13 07:00:00,90.4869576326668
2025-02-13 08:00:00,89.4393749423159
2025-02-13 09:00:00,89.9753142032396
2025-02-13 10:00:00,89.7247425894887
2025-02-13 11:00:00,90.1212146428299
2025-02-13 12:00:00,89.6579429349347
2025-02-13 13:00:00,89.7846368881893
2025-02-13 14:00:00,89.7653243510216
2025-02-13 15:00:00,89.7768683700147
2025-02-13 16:00:00,89.651998193264
2025-02-13 17:00:00,89.4681444835244
2025-02-13 18:00:00,90.0397514687149
2025-02-13 19:00:00,89.6982785012328
2025-02-13 20:00:00,90.1309874609367
2025-02-13 21:00:00,89.2580318478467
2025-02-13 22:00:00,88.7969227300216
2025-02-13 23:00:00,89.7337462022414
2025-02-14 00:00:00,90.3883673826635
2025-02-14 03:00:00,89.7743092703692
2025-02-14 04:00:00,89.7359008977785
2025-02-14 05:00:00,89.4629339041477
2025-02-14 06:00:00,89.589583713902
2025-02-14 07:00:00,89.7597539356881
2025-02-14 08:00:00,89.7122412355772
2025-02-14 17:00:00,89.6068196628936
2025-02-14 18:00:00,89.8206473574132
2025-02-14 19:00:00,89.564454792884
2025-02-14 20:00:00,89.2147284048924
2025-02-14 21:00:00,89.5210877009851
2025-02-14 22:00:00,89.4674018159041
2025-02-14 23:00:00,89.5589319225962
2025-02-15 00:00:00,88.7903661701228
2025-02-15 01:00:00,89.6317185241309
2025-02-15 02:00:00,88.8328016632919
2025-02-15 04:00:00,89.0481583897183
2025-02-15 05:00:00,89.4827504040745
2025-02-15 06:00:00,88.7805691058221
2025-02-15 07:00:00,89.3365807270756
2025-02-15 08:00:00,88.8995501103594
2025-02-15 09:00:00,89.0424786829956
2025-02-15 10:00:00,89.352175646981
2025-02-15 11:00:00,89.1174669072896
2025-02-15 12:00:00,89.7356034045213
2025-02-15 13:00:00,89.4682353383018
2025-02-15 14:00:00,89.1886218861837
2025-02-15 15:00:00,89.0106819840133
2025-02-15 16:00:00,88.748340912707
2025-02-15 17:00:00,88.874620941034
2025-02-15 18:00:00,89.1108023456447
2025-02-15 19:00:00,89.0800950438171
2025-02-15 20:00:00,89.2811597285236
2025-02-15 21:00:00,89.1391942404286
2025-02-15 22:00:00,89.2917718266924
2025-02-15 23:00:00,89.1546738308015
2025-02-16 00:00:00,88.5787594017867
2025-02-16 01:00:00,88.662379296074
2025-02-16 02:00:00,89.2224362808773
2025-02-16 03:00:00,89.1739821390564
2025-02-16 04:00:00,89.5523090709277
2025-02-16 05:00:00,88.9287193811655
2025-02-16 06:00:00,89.6145646859324
2025-02-16 07:00:00,89.2204240977718
2025-02-16 08:00:00,88.8147790688284
2025-02-16 09:00:00,89.4129018814386
2025-02-16 12:00:00,88.5696197334496
2025-02-16 13:00:00,88.7468284123921
2025-02-16 14:00:00,89.2107908976606
2025-02-16 15:00:00,89.3814240221556
2025-02-16 16:00:00,88.1750186901272
2025-02-16 17:00:00,88.8430587579347
2025-02-16 18:00:00,88.7372661166285
2025-02-16 19:00:00,89.1210664810592
2025-02-16 20:00:00,89.5546639228654
2025-02-16 21:00:00,89.225504260969
2025-02-16 22:00:00,88.8406558574684
2025-02-16 23:00:00,88.6094917094449
2025-02-17 00:00:00,87.8887972797519
2025-02-17 01:00:00,88.0362245979921
2025-02-17 02:00:00,87.7744489762992
2025-02-17 03:00:00,87.9653717777306
2025-02-17 04:00:00,87.9667259640653
2025-02-17 05:00:00,88.0135471207604
2025-02-17 06:00:00,88.8085343003543
2025-02-17 07:00:00,88.1729876397557
2025-02-17 08:00:00,88.1536601983105
2025-02-17 09:00:00,88.0418131813801
2025-02-17 10:00:00,88.5117621296584
2025-02-17 11:00:00,87.9358225405571
2025-02-17 12:00:00,88.0981458982994
2025-02-17 13:00:00,87.9507601884722
2025-02-17 14:00:00,88.3234966033557
2025-02-17 15:00:00,88.379989427026
2025-02-17 16:00:00,87.8247733332989
2025-02-17 17:00:00,88.1851405164108
2025-02-17 18:00:00,89.078327650121
2025-02-17 19:00:00,87.8765405962038
2025-02-18 08:00:00,87.5073443628229
2025-02-18 09:00:00,87.1611420059838
2025-02-18 10:00:00,86.6302389648707
2025-02-18 11:00:00,87.3824076498194
2025-02-18 12:00:00,86.5907133419164
2025-02-18 13:00:00,87.1422683792586
2025-02-18 14:00:00,86.6552553669322
2025-02-18 15:00:00,86.8169260190569
2025-02-18 16:00:00,87.138042388119
2025-02-18 17:00:00,86.9598222774876
2025-02-18 18:00:00,86.9278725165422
2025-02-18 19:00:00,87.2044169532096
2025-02-18 20:00:00,87.0831194171266
2025-02-18 21:00:00,87.1972136921111
2025-02-18 22:00:00,87.4841947985247
2025-02-18 23:00:00,87.2232876419539
2025-02-19 00:00:00,86.5990030037661
2025-02-19 01:00:00,86.3252641435427
2025-02-19 02:00:00,86.4137580486823
2025-02-19 03:00:00,87.1772824570342
2025-02-19 04:00:00,86.8464158052614
2025-02-19 05:00:00,86.4664093155038
2025-02-19 06:00:00,86.6782657770567
2025-02-19 07:00:00,86.4672556974964
2025-02-19 08:00:00,86.4519516669931
2025-02-19 11:00:00,87.0377927594223
2025-02-19 12:00:00,87.1610486566696
2025-02-19 13:00:00,86.5367890946056
2025-02-19 14:00:00,86.3407975704798
2025-02-19 15:00:00,86.5960688512044
2025-02-19 16:00:00,86.4468426229237
2025-02-19 17:00:00,86.8804710061244
2025-02-19 18:00:00,86.51920899095
2025-02-19 19:00:00,86.261923442582
2025-02-19 20:00:00,86.4602671279027
2025-02-19 21:00:00,86.8678660328428
2025-02-19 22:00:00,86.4186558445389
2025-02-19 23:00:00,86.654594425416
2025-02-20 00:00:00,
2025-02-20 01:00:00,
2025-02-20 02:00:00,
2025-02-20 03:00:00,
2025-02-20 04:00:00,
2025-02-20 05:00:00,
2025-02-20 06:00:00,
2025-02-20 07:00:00,
2025-02-20 08:00:00,
2025-02-20 09:00:00,
2025-02-20 10:00:00,
2025-02-20 11:00:00,
2025-02-20 12:00:00,
2025-02-20 13:00:00,
2025-02-20 14:00:00,
2025-02-20 15:00:00,
2025-02-20 16:00:00,
2025-02-20 17:00:00,
2025-02-20 18:00:00,
2025-02-20 19:00:00,
2025-02-20 20:00:00,
2025-02-20 21:00:00,
2025-02-20 22:00:00,
2025-02-20 23:00:00,
2025-02-21 00:00:00,111.182835351608
2025-02-21 01:00:00,111.064827257606
2025-02-21 02:00:00,111.378280817805
2025-02-21 03:00:00,111.050688797997
2025-02-21 04:00:00,111.168966669308
2025-02-21 05:00:00,111.651396264103
2025-02-21 06:00:00,111.194011427268
2025-02-21 07:00:00,111.250495297119
2025-02-21 08:00:00,111.339280001501
2025-02-21 09:00:00,111.210038702716
2025-02-21 10:00:00,111.059101123112
2025-02-21 11:00:00,111.313967665601
2025-02-21 12:00:00,111.214674053862
2025-02-21 13:00:00,111.23352187663
2025-02-21 14:00:00,111.18645850447
2025-02-21 15:00:00,111.08888518509
2025-02-21 16:00:00,111.327523267679
2025-02-21 17:00:00,111.046299990463
2025-02-21 18:00:00,111.305651128912
2025-02-21 19:00:00,111.288967461189
2025-02-21 20:00:00,111.083278772845
2025-02-21 21:00:00,111.380519357825
2025-02-21 22:00:00,111.307755047914
2025-02-21 23:00:00,111.27222126775
2025-02-22 00:00:00,111.348158343043
2025-02-22 01:00:00,110.783141372598
2025-02-22 02:00:00,110.985519464674
2025-02-22 03:00:00,110.944226827398
2025-02-22 05:00:00,111.107867903151
2025-02-22 06:00:00,110.824093317249
2025-02-22 07:00:00,110.893035380138
2025-02-22 08:00:00,110.953876485552
2025-02-22 09:00:00,111.048965310751
2025-02-22 10:00:00,110.717710442231
2025-02-22 11:00:00,110.998720605752
2025-02-22 12:00:00,110.785959101445
2025-02-22 13:00:00,111.314262370441
2025-02-22 14:00:00,111.023329161904
2025-02-22 15:00:00,110.953743768722
2025-02-22 16:00:00,110.783441008722
2025-02-22 17:00:00,111.053723197919
2025-02-22 18:00:00,110.966821358956
2025-02-22 19:00:00,111.107246992983
2025-02-22 20:00:00,111.376184890638
2025-02-22 21:00:00,110.893790554312
2025-02-22 22:00:00,110.979156240713
2025-02-22 23:00:00,110.859498027165
2025-02-23 00:00:00,110.483176068069
2025-02-23 01:00:00,110.661872670965
2025-02-23 02:00:00,110.455809789486
2025-02-23 03:00:00,110.616482183788
2025-02-23 04:00:00,110.364344104893
2025-02-23 05:00:00,110.17313011192
2025-02-23 06:00:00,110.540232085147
2025-02-23 07:00:00,110.707634926356
2025-02-23 08:00:00,110.220516079582
2025-02-23 09:00:00,110.47666578065
2025-02-23 10:00:00,110.426931766664
2025-02-23 11:00:00,110.565469151977
2025-02-23 12:00:00,110.363384728505
2025-02-23 13:00:00,110.468659753533
2025-02-23 14:00:00,110.504143768977
2025-02-23 15:00:00,110.714900563289
2025-02-23 16:00:00,110.262050619818
2025-02-23 17:00:00,87.3371007583915
2025-02-23 18:00:00,110.593812588407
2025-02-23 19:00:00,110.479417045894
2025-02-23 20:00:00,110.135482281351
2025-02-23 21:00:00,110.621236117765
2025-02-23 22:00:00,110.143180859299
2025-02-24 00:00:00,110.229563324422
2025-02-24 01:00:00,109.920378540473
2025-02-24 02:00:00,109.30860500821
2025-02-24 03:00:00,109.418717120105
2025-02-24 04:00:00,109.569135183855
2025-02-24 05:00:00,109.643090782458
2025-02-24 06:00:00,110.122648111156
2025-02-24 07:00:00,131.51701222918
2025-02-24 08:00:00,110.255548058989
2025-02-24 09:00:00,110.228820714712
2025-02-24 10:00:00,109.856442433919
2025-02-24 11:00:00,109.263086171857
2025-02-24 12:00:00,110.086885479209
2025-02-24 13:00:00,109.77609244462
2025-02-24 14:00:00,110.150393639222
2025-02-24 15:00:00,110.157228330637
2025-02-24 16:00:00,109.643294518236
2025-02-25 04:00:00,109.508230417086
2025-02-25 06:00:00,109.661462885474
2025-02-25 07:00:00,109.47654416213
2025-02-25 08:00:00,109.295563539664
2025-02-25 09:00:00,112.885715352695
2025-02-25 10:00:00,109.668474972462
2025-02-25 11:00:00,109.117629075748
2025-02-25 12:00:00,109.81116631153
2025-02-25 13:00:00,109.366956631558
2025-02-25 14:00:00,109.272270980054
2025-02-25 15:00:00,108.884635185714
2025-02-25 16:00:00,109.278947513487
2025-02-25 17:00:00,108.771347742717
2025-02-25 18:00:00,109.395585962113
2025-02-25 19:00:00,109.753345691538
2025-02-25 20:00:00,109.616363887419
2025-02-25 21:00:00,109.631643854473
2025-02-25 22:00:00,109.043785766252
2025-02-25 23:00:00,109.459850231431
2025-02-26 00:00:00,108.719015182296
2025-02-26 01:00:00,108.093578258439
2025-02-26 02:00:00,109.288345630684
2025-02-26 03:00:00,108.140961426835
2025-02-26 04:00:00,108.627965873031
2025-02-26 05:00:00,108.832829665481
2025-02-26 06:00:00,
2025-02-26 07:00:00,
2025-02-26 08:00:00,108.680881317233
2025-02-26 09:00:00,108.594364025776
2025-02-26 10:00:00,108.209767902398
2025-02-27 16:00:00,108.566146009397
2025-02-27 17:00:00,108.08665405873
2025-02-27 18:00:00,108.39066460322
2025-02-27 19:00:00,108.492444366085
2025-02-27 20:00:00,108.100536408954
2025-02-27 21:00:00,108.229294992323
2025-02-27 22:00:00,108.004328238458
2025-02-27 23:00:00,108.323930320678
2025-02-28 00:00:00,107.618614021864
2025-02-28 01:00:00,107.687781451348
2025-02-28 02:00:00,108.421808458727
2025-02-28 04:00:00,107.483701849487
2025-02-28 05:00:00,107.946686395237
2025-02-28 06:00:00,107.906447655898
2025-02-28 07:00:00,107.935161087508
2025-02-28 08:00:00,108.066007475847
2025-02-28 09:00:00,107.961103497604
2025-02-28 11:00:00,108.069732546047
2025-02-28 12:00:00,107.74406326875
2025-02-28 13:00:00,107.847613619462
2025-02-28 14:00:00,107.540506448781
2025-02-28 15:00:00,108.148839558413
2025-02-28 16:00:00,107.69136438256
2025-02-28 17:00:00,107.581609598518
2025-02-28 18:00:00,108.255930358956
2025-02-28 19:00:00,108.064641296773
2025-02-28 20:00:00,108.04304136665
2025-02-28 21:00:00,108.069274059583
2025-02-28 22:00:00,108.419279156795
2025-02-28 23:00:00,108.102041718208
2025-03-01 00:00:00,136.71667907868
2025-03-01 01:00:00,107.173942804762
2025-03-01 02:00:00,107.614559606602
2025-03-01 03:00:00,108.572835343151
2025-03-01 04:00:00,107.244379560624
2025-03-01 05:00:00,108.258474206134
2025-03-01 06:00:00,107.618927344785
2025-03-01 07:00:00,106.97456856185
2025-03-01 08:00:00,107.861649993525
2025-03-01 09:00:00,107.65580695043
2025-03-01 10:00:00,107.183573537806
2025-03-01 11:00:00,107.422331891327
2025-03-01 12:00:00,106.985808204275
2025-03-01 13:00:00,107.149090616413
2025-03-01 14:00:00,107.906078818639
2025-03-02 03:00:00,107.814794132756
2025-03-02 04:00:00,107.570795716122
2025-03-02 05:00:00,107.333432965061
2025-03-02 06:00:00,107.861096070625
2025-03-02 07:00:00,108.104142753195
2025-03-02 12:00:00,107.54065597557
2025-03-02 13:00:00,107.883454618516
2025-03-02 14:00:00,107.611952786182
2025-03-02 15:00:00,106.737896224191
2025-03-02 16:00:00,106.5604137428
2025-03-02 17:00:00,107.691993234013
2025-03-02 18:00:00,107.266759961848
2025-03-02 19:00:00,107.833695842706
2025-03-02 20:00:00,108.173893724826
2025-03-02 21:00:00,107.871810115602
2025-03-02 22:00:00,107.629704974463
2025-03-02 23:00:00,106.974776890947
2025-03-03 00:00:00,107.029007151086
2025-03-03 01:00:00,107.21844781793
2025-03-03 02:00:00,107.29641385254
2025-03-03 03:00:00,107.336056168394
2025-03-03 04:00:00,107.795146738049
2025-03-03 05:00:00,107.287506928458
2025-03-03 06:00:00,107.467310471793
2025-03-03 07:00:00,106.485021564424
2025-03-03 08:00:00,107.310942820895
2025-03-03 09:00:00,107.831667708318
2025-03-03 10:00:00,107.666818700797
2025-03-03 12:00:00,107.843562165181
2025-03-03 13:00:00,106.839498001025
2025-03-03 14:00:00,106.840333525933
2025-03-03 15:00:00,106.930326168494
2025-03-03 16:00:00,107.507701432056
2025-03-03 17:00:00,107.992253057308
2025-03-03 18:00:00,107.259694542313
2025-03-03 19:00:00,107.072820349739
2025-03-03 20:00:00,107.460140161236
2025-03-03 21:00:00,106.948185445891
2025-03-03 22:00:00,107.193951808305
2025-03-03 23:00:00,107.16464731569
2025-03-04 00:00:00,106.74624495904
2025-03-04 01:00:00,106.362547712549
2025-03-04 02:00:00,107.968188353892
2025-03-04 03:00:00,107.164000968834
2025-03-04 05:00:00,106.517485272205
2025-03-04 06:00:00,107.095537881849
2025-03-04 07:00:00,106.501455124255
2025-03-04 08:00:00,107.664971460402
2025-03-04 11:00:00,106.998258421921
2025-03-04 12:00:00,106.978209627807
2025-03-04 13:00:00,123.575885035348
2025-03-04 14:00:00,106.925339014123
2025-03-04 15:00:00,101.501691707785
2025-03-04 16:00:00,107.562054505456
2025-03-04 17:00:00,106.469829321669
2025-03-04 18:00:00,107.61588741352
2025-03-04 19:00:00,106.953531011539
2025-03-04 20:00:00,107.103729235658
2025-03-04 21:00:00,106.548015973044
2025-03-04 22:00:00,106.929363092387
2025-03-04 23:00:00,107.035197283427
2025-03-05 00:00:00,107.273432414488
2025-03-05 01:00:00,93.1132397024294
2025-03-05 02:00:00,106.73174058171
2025-03-05 03:00:00,106.801323360413
2025-03-05 04:00:00,106.030031316002
2025-03-05 05:00:00,93.4910816018577
2025-03-05 06:00:00,106.821375096548
2025-03-05 07:00:00,105.82246619157
2025-03-05 08:00:00,106.701150792744
2025-03-05 09:00:00,107.300329326884
2025-03-05 10:00:00,106.229851947363
2025-03-05 11:00:00,106.017340627235
2025-03-05 12:00:00,106.621606038116
2025-03-05 13:00:00,106.602671277772
2025-03-05 14:00:00,107.129043086293
2025-03-05 15:00:00,107.256232713718
2025-03-05 16:00:00,106.554132875565
2025-03-05 17:00:00,106.691975051077
2025-03-05 18:00:00,106.849327635464
2025-03-05 19:00:00,106.957422525659
2025-03-05 20:00:00,106.584976949234
2025-03-05 21:00:00,
2025-03-05 22:00:00,
2025-03-05 23:00:00,
2025-03-06 00:00:00,
2025-03-06 01:00:00,
2025-03-06 02:00:00,106.744834184888
2025-03-06 03:00:00,107.057035313256
2025-03-06 04:00:00,106.450665511337
2025-03-06 05:00:00,105.812527577335
2025-03-06 07:00:00,106.918621256492
2025-03-06 08:00:00,106.48377894067
2025-03-06 09:00:00,106.484525252153
2025-03-06 10:00:00,106.708749104963
2025-03-06 11:00:00,106.34807291207
2025-03-06 12:00:00,106.328324064591
2025-03-06 13:00:00,106.043107948842
2025-03-06 14:00:00,106.458813055329
2025-03-06 15:00:00,107.032078826518
2025-03-06 16:00:00,106.294059377552
2025-03-06 17:00:00,106.552364518687
2025-03-06 18:00:00,107.03849509329
2025-03-06 19:00:00,106.745033083889
2025-03-06 20:00:00,106.705354238345
2025-03-06 21:00:00,106.337298609491
2025-03-06 22:00:00,106.174682966077
2025-03-07 08:00:00,106.313239583188
2025-03-07 09:00:00,105.352401309321
2025-03-08 12:00:00,106.56078131447
2025-03-08 13:00:00,106.476763931842
2025-03-08 14:00:00,105.700645038111
2025-03-08 15:00:00,105.459801614017
2025-03-08 16:00:00,106.100082681824
2025-03-08 17:00:00,106.467482502257
2025-03-08 18:00:00,105.905890573906
2025-03-08 19:00:00,106.352628798317
2025-03-08 20:00:00,105.838089328091
2025-03-08 21:00:00,105.793275719526
2025-03-08 22:00:00,110.292936607261
2025-03-08 23:00:00,105.810548348575
2025-03-09 00:00:00,
2025-03-09 01:00:00,
2025-03-09 02:00:00,
2025-03-09 03:00:00,105.780190886775
2025-03-09 07:00:00,105.972087896918
2025-03-09 08:00:00,105.31480916282
2025-03-09 09:00:00,106.085803195674
2025-03-09 10:00:00,105.446751622565
2025-03-09 13:00:00,105.906011535506
2025-03-09 14:00:00,106.09865569642
2025-03-09 15:00:00,105.906132399165
2025-03-09 16:00:00,105.763773444291
2025-03-09 17:00:00,105.654432017732
2025-03-09 18:00:00,105.527989443003
2025-03-09 19:00:00,105.780480568299
2025-03-09 20:00:00,105.380245073807
2025-03-09 21:00:00,105.736243247344
2025-03-09 22:00:00,105.216500266974
2025-03-09 23:00:00,105.896183319977
2025-03-10 00:00:00,105.837142740645
2025-03-10 01:00:00,105.205240374965
2025-03-10 02:00:00,105.00852265095
2025-03-10 03:00:00,105.731225913655
2025-03-10 04:00:00,105.022926236297
2025-03-10 05:00:00,106.080101045801
2025-03-10 07:00:00,105.799987215563
2025-03-10 08:00:00,105.251555902889
2025-03-10 09:00:00,105.997767023966
2025-03-10 10:00:00,105.848577093465
2025-03-10 11:00:00,105.008806441161
2025-03-10 12:00:00,105.294754666911
2025-03-10 13:00:00,104.617020608124
2025-03-10 14:00:00,106.421344714362
2025-03-10 15:00:00,105.637610462482
2025-03-10 16:00:00,105.329717903807
2025-03-10 17:00:00,105.807188674033
2025-03-10 18:00:00,106.213696763569
2025-03-10 19:00:00,105.178075656922
2025-03-10 20:00:00,105.653649050871
2025-03-10 21:00:00,106.184743145837
2025-03-10 22:00:00,106.042360747001
2025-03-10 23:00:00,105.459117962448
2025-03-11 00:00:00,105.993066506227
2025-03-11 01:00:00,105.742642095487
2025-03-11 02:00:00,105.205001779152
2025-03-11 03:00:00,105.543189698925
2025-03-11 04:00:00,104.733826742267
2025-03-11 05:00:00,105.269974987799
2025-03-11 06:00:00,106.07527558316
2025-03-11 07:00:00,105.560646696524
2025-03-11 08:00:00,104.856845522519
2025-03-11 09:00:00,105.887363597383
2025-03-11 10:00:00,105.564568616206
2025-03-11 11:00:00,105.85146969086
2025-03-11 12:00:00,105.538683686507
2025-03-11 13:00:00,104.76943592973
2025-03-11 14:00:00,105.455131777996
2025-03-11 15:00:00,104.972597445161
2025-03-11 16:00:00,104.807217967556
2025-03-11 17:00:00,105.502589306796
2025-03-11 18:00:00,105.607621926038
2025-03-11 19:00:00,104.590838186328
2025-03-11 20:00:00,105.216548448198
2025-03-11 21:00:00,105.686171714886
2025-03-11 22:00:00,104.805423813154
2025-03-11 23:00:00,104.819695722256
2025-03-12 01:00:00,105.37482593141
2025-03-12 02:00:00,104.832151454218
2025-03-12 03:00:00,105.64316605191
2025-03-12 04:00:00,104.987492946559
2025-03-12 05:00:00,105.12315643642
2025-03-12 06:00:00,105.285400570571
2025-03-12 07:00:00,104.798682622652
2025-03-12 11:00:00,104.754800555887
2025-03-12 12:00:00,104.957621765943
2025-03-12 13:00:00,104.84589055779
2025-03-12 14:00:00,104.815520325895
2025-03-12 15:00:00,105.142114232302
2025-03-12 16:00:00,104.939316085534
2025-03-12 17:00:00,104.596124917705
2025-03-12 18:00:00,105.018711232094
2025-03-12 19:00:00,104.991183987922
2025-03-12 20:00:00,105.550112083184
2025-03-12 21:00:00,104.96420642158
2025-03-12 22:00:00,105.498743788848
2025-03-12 23:00:00,105.358467016717
2025-03-13 00:00:00,104.368161968783
2025-03-13 01:00:00,104.396560439738
2025-03-13 02:00:00,104.381262981999
2025-03-13 03:00:00,105.064678885778
2025-03-13 04:00:00,104.500197727464
2025-03-13 05:00:00,104.407369482374
2025-03-13 06:00:00,105.23354768036
2025-03-13 07:00:00,104.355190065615
2025-03-13 08:00:00,105.079997106235
2025-03-13 10:00:00,104.114934738532
2025-03-13 11:00:00,104.733338418209
2025-03-13 12:00:00,104.743723833686
2025-03-13 13:00:00,104.420749531614
2025-03-13 14:00:00,105.032309279282
2025-03-14 01:00:00,104.689142861263
2025-03-14 02:00:00,103.58197546647
2025-03-14 03:00:00,104.754917017184
2025-03-14 05:00:00,104.117858514514
2025-03-14 06:00:00,105.285661740243
2025-03-14 07:00:00,105.379344770688
2025-03-14 08:00:00,104.520749965526
2025-03-14 09:00:00,104.229822450728
2025-03-14 10:00:00,104.030688062316
2025-03-14 11:00:00,103.948737134604
2025-03-14 12:00:00,104.514391966515
2025-03-14 13:00:00,104.544235335298
2025-03-14 14:00:00,104.7341806861
2025-03-14 15:00:00,104.512672243641
2025-03-14 16:00:00,104.708990177975
2025-03-14 17:00:00,105.240639813856
2025-03-14 18:00:00,104.040893756953
2025-03-14 19:00:00,104.88866242189
2025-03-14 20:00:00,103.776314312465
2025-03-14 21:00:00,104.881659696307
2025-03-14 22:00:00,104.219695623733
2025-03-14 23:00:00,104.558793235606
2025-03-15 00:00:00,103.496552222254
2025-03-15 01:00:00,104.111535101905
2025-03-15 02:00:00,104.402507696982
2025-03-15 03:00:00,104.176497685824
2025-03-15 04:00:00,103.696265996667
2025-03-15 05:00:00,104.835791440994
2025-03-15 06:00:00,103.883116341144
2025-03-15 07:00:00,103.898422636401
2025-03-15 08:00:00,104.111516344314
2025-03-15 10:00:00,104.214737251542
2025-03-15 11:00:00,104.440128990101
2025-03-15 12:00:00,104.379981142509
2025-03-15 13:00:00,104.780301005362
2025-03-15 14:00:00,104.444028350923
2025-03-15 15:00:00,104.167009921167
2025-03-15 16:00:00,103.955474667173
2025-03-15 17:00:00,103.536062741572
2025-03-15 18:00:00,104.320103623517
2025-03-15 19:00:00,103.946828263577
2025-03-15 20:00:00,104.479921745261
2025-03-15 21:00:00,104.597194995488
2025-03-15 22:00:00,103.634789415956
2025-03-15 23:00:00,103.989626455569
2025-03-16 00:00:00,103.917726110933
2025-03-16 01:00:00,103.552860721556
2025-03-16 02:00:00,103.337802693043
2025-03-16 03:00:00,103.745642618373
2025-03-16 04:00:00,104.074938989835
2025-03-16 05:00:00,103.782451075884
2025-03-16 06:00:00,103.67960017971
2025-03-16 07:00:00,94.1417532421846
2025-03-16 08:00:00,103.858159164717
2025-03-16 12:00:00,104.275905574445
2025-03-16 13:00:00,104.066395722903
2025-03-16 14:00:00,104.223221451074
2025-03-16 15:00:00,103.621027158103
2025-03-16 16:00:00,104.13895131605
2025-03-16 17:00:00,104.059902881996
2025-03-16 18:00:00,103.484064625674
2025-03-16 19:00:00,103.72857524661
2025-03-16 20:00:00,103.355281518076
2025-03-16 21:00:00,103.931316416446
2025-03-16 22:00:00,103.854386215228
2025-03-16 23:00:00,104.379558822706
2025-03-17 00:00:00,103.479841431213
2025-03-17 01:00:00,103.339371885885
2025-03-17 02:00:00,103.745348317642
2025-03-17 03:00:00,103.686695361242
2025-03-17 04:00:00,103.49082439897
2025-03-17 05:00:00,103.244575737133
2025-03-17 06:00:00,103.148197566911
2025-03-17 07:00:00,104.178375150977
2025-03-17 08:00:00,103.327792872049
2025-03-17 09:00:00,103.702066687466
2025-03-17 10:00:00,103.84241731578
2025-03-17 11:00:00,103.484510415684
2025-03-17 12:00:00,103.538088090818
2025-03-17 13:00:00,104.055705464011
2025-03-17 14:00:00,103.785817583192
2025-03-17 15:00:00,103.487475035709
2025-03-17 16:00:00,103.637042969565
2025-03-17 17:00:00,103.43691038661
2025-03-17 18:00:00,102.853472064633
2025-03-17 19:00:00,103.437122260448
2025-03-17 20:00:00,103.095019356392
2025-03-17 21:00:00,103.729166790928
2025-03-17 22:00:00,103.685407100837
2025-03-17 23:00:00,103.695310287303
2025-03-18 00:00:00,103.783459144404
2025-03-18 01:00:00,103.626057168054
2025-03-18 02:00:00,103.497683990128
2025-03-18 03:00:00,103.256893909178
2025-03-18 04:00:00,103.66369948067
2025-03-18 05:00:00,102.621189336218
2025-03-18 06:00:00,103.020057470246
2025-03-18 07:00:00,103.652403182785
2025-03-18 08:00:00,104.320823613442
2025-03-18 09:00:00,103.103336012535
2025-03-18 10:00:00,103.513239856211
2025-03-18 11:00:00,102.987471147625
2025-03-18 12:00:00,103.348858510995
2025-03-18 13:00:00,103.732360771423
2025-03-18 14:00:00,103.853807070911
2025-03-18 15:00:00,103.085933720566
2025-03-18 16:00:00,103.354652237902
2025-03-18 17:00:00,103.413918294005
2025-03-19 03:00:00,103.465199965845
2025-03-19 04:00:00,102.927969217184
2025-03-19 05:00:00,103.210762572574
2025-03-19 06:00:00,103.474397258569
2025-03-19 07:00:00,103.794729174675
2025-03-19 08:00:00,102.993648579648
2025-03-19 09:00:00,103.105575532469
2025-03-19 10:00:00,102.549276492186
2025-03-19 11:00:00,102.890114208771
2025-03-19 12:00:00,103.362841063284
2025-03-19 13:00:00,103.718042044912
2025-03-20 14:00:00,102.980924214318
2025-03-20 15:00:00,103.383932850057
2025-03-20 16:00:00,103.45639738558
2025-03-20 17:00:00,102.611596704244
2025-03-20 18:00:00,102.254686453477
2025-03-20 19:00:00,102.570661952267
2025-03-20 20:00:00,102.221850342258
2025-03-20 21:00:00,102.939969214647
2025-03-20 22:00:00,102.79911498302
2025-03-20 23:00:00,102.281701976246
2025-03-21 00:00:00,102.838905747967
2025-03-21 01:00:00,103.062618585341
2025-03-21 02:00:00,102.598280985457
2025-03-21 03:00:00,103.361257977952
2025-03-21 04:00:00,102.712585599159
2025-03-21 05:00:00,102.928387475741
2025-03-21 06:00:00,102.671744396731
2025-03-21 07:00:00,102.601859129488
2025-03-21 08:00:00,102.485971108239
2025-03-21 09:00:00,102.083418930804
2025-03-21 10:00:00,102.451933052867
2025-03-21 11:00:00,102.317251129495
2025-03-21 12:00:00,102.835795048867
2025-03-21 13:00:00,102.358613882351
2025-03-21 14:00:00,102.791572246159
2025-03-21 15:00:00,103.189283520336
2025-03-21 16:00:00,102.70941216029
2025-03-21 17:00:00,103.313674121359
2025-03-21 18:00:00,102.596788179305
2025-03-21 19:00:00,102.902442466159
2025-03-21 20:00:00,103.377846296915
2025-03-21 21:00:00,102.712365583308
2025-03-21 22:00:00,102.470204429352
2025-03-21 23:00:00,102.872643700184
2025-03-22 00:00:00,95.1429138365165
2025-03-22 01:00:00,102.662975299159
2025-03-22 02:00:00,102.270446292901
2025-03-22 03:00:00,102.507932238375
2025-03-22 04:00:00,101.608014142295
2025-03-22 05:00:00,102.469031821247
2025-03-22 06:00:00,102.034544296224
2025-03-22 07:00:00,102.220484498835
2025-03-22 08:00:00,102.002903130019
2025-03-22 09:00:00,102.343598198964
2025-03-22 11:00:00,102.068719247806
2025-03-22 12:00:00,102.399485609376
2025-03-22 14:00:00,102.10266366739
2025-03-22 15:00:00,102.244197205574
2025-03-22 16:00:00,102.577448053917
2025-03-22 17:00:00,102.909317116674
2025-03-22 18:00:00,101.661706826129
2025-03-22 19:00:00,102.689896290484
2025-03-22 20:00:00,102.692230474909
2025-03-22 21:00:00,101.957857943438
2025-03-22 22:00:00,102.366588614594
2025-03-22 23:00:00,102.68087074201
2025-03-23 00:00:00,102.151039847616
2025-03-23 01:00:00,102.23041961552
2025-03-23 02:00:00,101.69063514949
2025-03-23 03:00:00,101.770260209326
2025-03-23 04:00:00,102.281919923084
2025-03-23 06:00:00,102.148289750664
2025-03-23 07:00:00,102.202641231147
2025-03-23 08:00:00,101.942273441472
2025-03-23 09:00:00,101.795902400192
2025-03-23 10:00:00,102.618488005855
2025-03-23 11:00:00,102.155500418538
2025-03-23 12:00:00,102.085033289238
2025-03-23 13:00:00,101.691935466539
2025-03-23 14:00:00,102.820158898898
2025-03-23 15:00:00,102.209027784257
2025-03-23 16:00:00,101.807811290591
2025-03-23 17:00:00,102.933446359692
2025-03-23 18:00:00,101.802438722368
2025-03-23 19:00:00,102.216321199363
2025-03-23 20:00:00,102.349601244388
2025-03-23 21:00:00,102.122821638588
2025-03-23 22:00:00,102.592091905523
2025-03-23 23:00:00,102.019648915999
2025-03-24 00:00:00,102.55351018508
2025-03-24 01:00:00,102.361483527719
2025-03-24 02:00:00,102.264647001029
2025-03-24 03:00:00,102.23992612392
2025-03-24 04:00:00,102.119900519987
2025-03-24 05:00:00,102.605041144068
2025-03-24 06:00:00,101.855060791028
2025-03-24 07:00:00,102.132611144737
2025-03-24 08:00:00,101.621726309266
2025-03-24 09:00:00,101.693505230653
2025-03-24 10:00:00,101.890954412544
2025-03-24 11:00:00,101.905435571221
2025-03-24 12:00:00,101.401334884739
2025-03-24 13:00:00,102.294004089176
2025-03-24 14:00:00,76.8295258412301
2025-03-24 15:00:00,100.703450424447
2025-03-24 17:00:00,102.009591027868
2025-03-24 18:00:00,
2025-03-24 19:00:00,
2025-03-24 20:00:00,
2025-03-24 21:00:00,
2025-03-24 22:00:00,
2025-03-24 23:00:00,101.657684251088
2025-03-25 00:00:00,101.350831620095
2025-03-25 01:00:00,101.677960777067
2025-03-25 02:00:00,102.093050225534
2025-03-25 03:00:00,101.973319084386
2025-03-25 04:00:00,101.967689582541
2025-03-25 05:00:00,102.079564165603
2025-03-25 06:00:00,102.242608697739
2025-03-25 07:00:00,101.802192383753
2025-03-25 08:00:00,102.290414032385
2025-03-25 09:00:00,102.254954308614
2025-03-25 22:00:00,101.840667085589
2025-03-25 23:00:00,102.015902780306
2025-03-26 00:00:00,101.699067469383
2025-03-26 01:00:00,101.549868132769
2025-03-26 02:00:00,101.883441930536
2025-03-26 03:00:00,102.2999946506
2025-03-26 04:00:00,101.50784900763
2025-03-26 05:00:00,101.692382524438
2025-03-26 06:00:00,101.397474416373
2025-03-26 07:00:00,101.631516630783
2025-03-26 08:00:00,102.27779231783
2025-03-26 09:00:00,102.16942289779
2025-03-26 10:00:00,102.369436516804
2025-03-26 11:00:00,101.042160224806
2025-03-26 12:00:00,101.411810991908
2025-03-26 13:00:00,101.40820100547
2025-03-26 14:00:00,101.765500732698
2025-03-26 15:00:00,101.400827024631
2025-03-26 16:00:00,101.767092666525
2025-03-26 17:00:00,101.681822591721
2025-03-26 18:00:00,102.181585616085
2025-03-26 19:00:00,101.545109699783
2025-03-26 20:00:00,101.728950673791
2025-03-26 21:00:00,101.249003410939
2025-03-26 22:00:00,101.640462703958
2025-03-27 06:00:00,101.688993525518
2025-03-27 07:00:00,102.075601836681
2025-03-27 08:00:00,101.070180308096
2025-03-27 09:00:00,101.573180768499
2025-03-27 10:00:00,101.597834845627
2025-03-27 11:00:00,101.75003966136
2025-03-27 12:00:00,101.694648262292
2025-03-27 13:00:00,101.207291901996
2025-03-27 14:00:00,101.450930725085
2025-03-27 15:00:00,101.342647155674
2025-03-27 16:00:00,101.94108233742
2025-03-27 17:00:00,102.132883545174
2025-03-27 18:00:00,101.813093559778
2025-03-27 19:00:00,119.309752422144
2025-03-27 20:00:00,101.019321684612
2025-03-27 21:00:00,101.631280112893
2025-03-27 22:00:00,101.591959759011
2025-03-27 23:00:00,101.412438513732
2025-03-28 00:00:00,101.525612671576
2025-03-28 01:00:00,101.362147461253
2025-03-28 02:00:00,102.488938947907
2025-03-28 03:00:00,101.129862154275
2025-03-28 04:00:00,101.917560178615
2025-03-28 05:00:00,100.895720936914
2025-03-28 06:00:00,101.620856505783
2025-03-28 07:00:00,101.519795113504
2025-03-28 08:00:00,100.923608329058
2025-03-28 12:00:00,101.107089615611
2025-03-28 13:00:00,101.345161284435
2025-03-28 14:00:00,101.67900781499
2025-03-28 15:00:00,101.417033595657
2025-03-28 16:00:00,100.88528976667
2025-03-28 17:00:00,102.155313101107
2025-03-28 18:00:00,101.999681597637
2025-03-28 19:00:00,100.96040316844
2025-03-28 20:00:00,101.43272320216
2025-03-28 21:00:00,102.170027408164
2025-03-28 22:00:00,101.87620786625
2025-03-28 23:00:00,101.593316115462
2025-03-29 00:00:00,100.54328943163
2025-03-29 01:00:00,101.07785350192
2025-03-29 02:00:00,101.210074353906
2025-03-29 03:00:00,101.334177004068
2025-03-29 04:00:00,101.383583260691
2025-03-29 05:00:00,101.518622872638
2025-03-29 06:00:00,100.495963281162
2025-03-29 07:00:00,101.491278801789
2025-03-29 11:00:00,100.526528435072
2025-03-29 12:00:00,101.488842665392
2025-03-29 13:00:00,100.784475225902
2025-03-29 14:00:00,101.289063917131
2025-03-29 15:00:00,101.875355391339
2025-03-29 16:00:00,100.91847369994
2025-03-29 17:00:00,101.117737423208
2025-03-29 18:00:00,102.228469398224
2025-03-29 19:00:00,101.067624777677
2025-03-29 20:00:00,100.932699895605
2025-03-29 21:00:00,101.272115322634
2025-03-29 22:00:00,100.718519394618
2025-03-29 23:00:00,102.027653555617
2025-03-30 00:00:00,100.990782498818
2025-03-30 01:00:00,100.84422061997
2025-03-30 02:00:00,101.739845253993
2025-03-30 03:00:00,100.760980743509
2025-03-30 04:00:00,100.580535784425
2025-03-30 05:00:00,101.41282090873
2025-03-30 06:00:00,101.202549431119
2025-03-30 07:00:00,101.3385848706
2025-03-30 08:00:00,100.441635960083
2025-03-30 09:00:00,100.647688523464
2025-03-30 10:00:00,101.212515720108
2025-03-30 11:00:00,101.29705286824
2025-03-30 12:00:00,101.193385768012
2025-03-30 15:00:00,101.675001526188
2025-03-30 16:00:00,101.225456907541
2025-03-30 17:00:00,101.164463322447
2025-03-30 18:00:00,100.847611076064
2025-03-30 19:00:00,101.169638709918
2025-03-30 20:00:00,100.590100308005
2025-03-30 21:00:00,100.528574364441
2025-03-30 22:00:00,101.281679959373
2025-03-30 23:00:00,100.656206136151
2025-03-31 00:00:00,100.845201258584
2025-03-31 01:00:00,100.946872614198
2025-03-31 02:00:00,100.804533669892
2025-03-31 03:00:00,100.545942698689
2025-03-31 04:00:00,100.465670822788
2025-03-31 05:00:00,100.898104960646
2025-03-31 06:00:00,102.996716192552
2025-03-31 07:00:00,100.757125405542
2025-03-31 08:00:00,101.287751788306
2025-03-31 10:00:00,101.412441165109
2025-03-31 11:00:00,100.771114587732
2025-03-31 12:00:00,100.61255788693
2025-03-31 13:00:00,100.391434283747
2025-03-31 14:00:00,100.770729285793
2025-03-31 15:00:00,99.9666183545569
2025-03-31 16:00:00,100.362514647217
2025-03-31 17:00:00,100.02003529763
2025-04-01 05:00:00,100.594110615825
2025-04-01 06:00:00,100.061668596787
2025-04-01 07:00:00,101.908296124835
2025-04-01 08:00:00,100.27718038023
2025-04-01 10:00:00,100.931902201858
2025-04-01 12:00:00,99.9784934840038
2025-04-01 13:00:00,101.194783459693
2025-04-01 14:00:00,100.530320126878
2025-04-01 15:00:00,99.651636024322
2025-04-01 16:00:00,100.19896155891
2025-04-01 17:00:00,100.046020769683
2025-04-01 18:00:00,100.955793038481
2025-04-01 19:00:00,100.967872362523
2025-04-01 20:00:00,101.291159167675
2025-04-01 21:00:00,99.6298495151804
2025-04-01 22:00:00,100.760453658467
2025-04-01 23:00:00,100.310370359071
2025-04-02 00:00:00,101.530435804994
2025-04-02 01:00:00,101.458542505317
2025-04-02 02:00:00,99.9742942482931
2025-04-02 03:00:00,100.291599165041
2025-04-02 04:00:00,99.8160584108843
2025-04-02 05:00:00,99.9638843513911
2025-04-02 06:00:00,99.6660243824085
2025-04-02 07:00:00,101.007877019601
2025-04-02 08:00:00,99.8266231597006
2025-04-02 09:00:00,99.228775806548
2025-04-02 10:00:00,100.294150687854
2025-04-02 11:00:00,101.787946780104
2025-04-02 12:00:00,99.8809624663182
2025-04-02 13:00:00,99.7241338451702
2025-04-02 14:00:00,99.1304973989573
2025-04-02 15:00:00,100.673944257282
2025-04-02 16:00:00,99.3492246596387
2025-04-02 17:00:00,100.163069435364
2025-04-02 18:00:00,101.944568366298
2025-04-02 19:00:00,100.771817758394
2025-04-02 20:00:00,100.235102136649
2025-04-02 21:00:00,100.528090919954
2025-04-02 22:00:00,99.537332501839
2025-04-02 23:00:00,75.6707953155879
2025-04-03 00:00:00,100.469675968696
2025-04-03 01:00:00,100.572541518881
2025-04-03 02:00:00,99.1682474976261
2025-04-03 03:00:00,98.6009957662005
2025-04-03 04:00:00,99.4384868460501
2025-04-03 05:00:00,99.4559858535672
2025-04-03 06:00:00,100.892715214885
2025-04-03 07:00:00,101.107554372568
2025-04-03 08:00:00,100.607030950742
2025-04-03 09:00:00,100.640371212996
2025-04-03 11:00:00,101.414722360691
2025-04-03 12:00:00,100.390806076189
2025-04-03 13:00:00,99.7528944207431
2025-04-03 14:00:00,100.390399881649
2025-04-03 15:00:00,99.1218041220323
2025-04-03 16:00:00,100.058324231318
2025-04-03 18:00:00,101.550813265369
2025-04-03 19:00:00,100.338786909841
2025-04-03 20:00:00,99.6558002416805
2025-04-03 21:00:00,100.937082975875
2025-04-03 22:00:00,100.28190541322
2025-04-03 23:00:00,100.334071894523
2025-04-04 00:00:00,100.171346609917
2025-04-04 01:00:00,99.6941199720092
2025-04-04 02:00:00,98.4292809908007
2025-04-04 03:00:00,99.4874171431764
2025-04-04 04:00:00,100.490350286909
2025-04-04 05:00:00,99.2125804178835
2025-04-04 06:00:00,99.0517423962275
2025-04-04 12:00:00,99.2183054057874
2025-04-04 13:00:00,100.589960236884
2025-04-04 14:00:00,101.18972311338
2025-04-04 15:00:00,100.154661062239
2025-04-04 16:00:00,99.6678167195964
2025-04-04 17:00:00,99.8815625121805
2025-04-04 18:00:00,99.2768453153433
2025-04-04 19:00:00,101.072198852907
2025-04-04 20:00:00,98.9366088948044
2025-04-04 21:00:00,99.9516295347415
2025-04-04 22:00:00,99.3410115861947
2025-04-04 23:00:00,99.4507930520898
2025-04-05 00:00:00,99.9016527060352
2025-04-05 01:00:00,98.4278320342928
2025-04-05 02:00:00,99.1595703534394
2025-04-05 03:00:00,98.8346375925007
2025-04-05 04:00:00,97.5121160166819
2025-04-05 05:00:00,99.1576745047742
2025-04-05 06:00:00,98.89289932834
2025-04-05 07:00:00,99.5135206106207
2025-04-05 08:00:00,97.0931231338226
2025-04-05 09:00:00,99.5093618549055
2025-04-05 10:00:00,101.149039228196
2025-04-05 11:00:00,99.4026665300642
2025-04-05 12:00:00,98.4590933729393
2025-04-05 13:00:00,98.8122168561893
2025-04-05 14:00:00,98.0040130496999
2025-04-05 15:00:00,100.917988974681
2025-04-05 16:00:00,98.9304442350183
2025-04-05 17:00:00,98.2007507045643
2025-04-05 18:00:00,99.6336423513272
2025-04-05 19:00:00,99.0802773188006
2025-04-05 20:00:00,99.0895409293048
2025-04-05 21:00:00,99.1571964880794
2025-04-05 22:00:00,99.6482782218609
2025-04-05 23:00:00,100.641097936442
2025-04-06 00:00:00,98.934841541055
2025-04-06 01:00:00,99.2810448430586
2025-04-06 02:00:00,99.8222898935891
2025-04-06 03:00:00,97.0841735693305
2025-04-06 04:00:00,98.0287053885238
2025-04-06 05:00:00,98.7923594844084
2025-04-06 06:00:00,98.9750847723745
2025-04-06 07:00:00,97.8935614946612
2025-04-06 08:00:00,97.7655884196795
2025-04-06 09:00:00,99.6581809647834
2025-04-06 10:00:00,98.25616973292
2025-04-06 11:00:00,99.6143905417367
2025-04-06 12:00:00,98.3929040119433
2025-04-06 13:00:00,97.8201635042517
2025-04-06 14:00:00,98.9409808615216
2025-04-06 15:00:00,99.8940364967931
2025-04-06 16:00:00,97.535100330096
2025-04-06 17:00:00,97.4119329090948
2025-04-06 18:00:00,97.3448549707174
2025-04-06 19:00:00,
2025-04-06 20:00:00,
2025-04-06 21:00:00,
2025-04-06 22:00:00,
2025-04-06 23:00:00,
2025-04-07 00:00:00,99.2063249028175
2025-04-07 01:00:00,98.1418083181332
2025-04-07 02:00:00,99.1025017269477
2025-04-07 03:00:00,98.8985146471081
2025-04-07 04:00:00,97.9613841770417
2025-04-07 05:00:00,98.3024211024917
2025-04-07 06:00:00,98.5936389286247
2025-04-07 07:00:00,98.5145157136529
2025-04-07 08:00:00,97.43010032465
2025-04-07 09:00:00,99.2452038051695
2025-04-07 10:00:00,96.800163762821
2025-04-07 11:00:00,98.2781397218446
2025-04-07 12:00:00,99.2364845978204
2025-04-07 13:00:00,84.0081129516043
2025-04-07 14:00:00,98.4345981473764
2025-04-08 04:00:00,98.5844231221673
2025-04-08 05:00:00,99.4244822467214
2025-04-08 06:00:00,96.945048772826
2025-04-08 07:00:00,99.0421202981272
2025-04-08 08:00:00,100.528008852025
2025-04-08 09:00:00,97.9088519374347
2025-04-08 10:00:00,98.1458757446661
2025-04-08 11:00:00,98.2595508268215
2025-04-08 12:00:00,97.1729074436569
2025-04-08 13:00:00,98.4374072191517
2025-04-08 14:00:00,97.2759967889471
2025-04-08 15:00:00,99.0626298436324
2025-04-08 16:00:00,98.3076497224751
2025-04-08 17:00:00,97.0846675313002
2025-04-08 18:00:00,98.1095370297975
2025-04-08 19:00:00,97.8791468446649
2025-04-08 20:00:00,116.370023607863
2025-04-08 21:00:00,98.5199325052174
2025-04-08 22:00:00,97.9599786018843
2025-04-08 23:00:00,97.9844333449741
2025-04-09 01:00:00,96.5587498829242
2025-04-09 02:00:00,97.8896681734426
2025-04-09 03:00:00,98.0610069159391
2025-04-09 04:00:00,98.7086288195789
2025-04-09 05:00:00,100.35589874525
2025-04-09 06:00:00,98.4313180701231
2025-04-09 07:00:00,98.2522539680752
2025-04-09 09:00:00,96.7546672828757
2025-04-09 10:00:00,97.6833732407309
2025-04-09 11:00:00,97.8561966346983
2025-04-09 12:00:00,97.748708517562
2025-04-09 13:00:00,96.9330933699165
2025-04-09 14:00:00,97.0431935487734
2025-04-09 15:00:00,97.9746053092592
2025-04-09 16:00:00,96.6589164133099
2025-04-09 17:00:00,96.8971638715698
2025-04-09 18:00:00,98.2506904028189
2025-04-09 19:00:00,97.5273746344043
2025-04-09 20:00:00,96.65894097661
2025-04-09 21:00:00,96.2776175048506
2025-04-09 22:00:00,98.4299423587938
2025-04-09 23:00:00,95.4755263842029
2025-04-10 00:00:00,
2025-04-10 02:00:00,
2025-04-10 03:00:00,
2025-04-10 04:00:00,
2025-04-10 05:00:00,
2025-04-10 06:00:00,
2025-04-10 07:00:00,
2025-04-10 08:00:00,
2025-04-10 09:00:00,
2025-04-10 10:00:00,
2025-04-10 11:00:00,
2025-04-10 12:00:00,
2025-04-10 13:00:00,
2025-04-10 14:00:00,
2025-04-10 15:00:00,
2025-04-10 16:00:00,
2025-04-10 17:00:00,
2025-04-10 18:00:00,
2025-04-10 19:00:00,
2025-04-10 20:00:00,
2025-04-10 21:00:00,
2025-04-10 22:00:00,
2025-04-10 23:00:00,
2025-04-11 00:00:00,104.869351922511
2025-04-11 01:00:00,105.547874004505
2025-04-11 02:00:00,105.585667797098
2025-04-11 03:00:00,105.188231331574
2025-04-11 04:00:00,105.16838063029
2025-04-11 05:00:00,105.052492185473
2025-04-11 06:00:00,104.631906598259
2025-04-11 07:00:00,105.527359028304
2025-04-11 09:00:00,133.481872220241
2025-04-11 10:00:00,105.07722621762
2025-04-11 11:00:00,104.848093753039
2025-04-11 12:00:00,104.982778598259
2025-04-11 13:00:00,104.959212889702
2025-04-11 14:00:00,105.341274515361
2025-04-11 15:00:00,105.309394871862
2025-04-11 16:00:00,82.6286015648063
2025-04-11 17:00:00,104.769358779095
2025-04-11 18:00:00,105.081821218132
2025-04-11 19:00:00,105.57399984654
2025-04-11 20:00:00,105.071454233951
2025-04-11 21:00:00,106.032658907783
2025-04-11 22:00:00,104.934262261686
2025-04-11 23:00:00,104.826773931014
2025-04-12 00:00:00,105.039910629122
2025-04-12 01:00:00,105.131095953993
2025-04-12 02:00:00,104.987840208723
2025-04-12 03:00:00,104.636527984138
2025-04-12 04:00:00,105.437280601869
2025-04-12 05:00:00,105.067729337934
2025-04-12 06:00:00,104.313187654142
2025-04-12 07:00:00,104.321214303014
2025-04-12 08:00:00,104.658468844589
2025-04-12 09:00:00,105.375315063942
2025-04-12 10:00:00,104.55093182805
2025-04-12 11:00:00,104.843948393914
2025-04-13 00:00:00,104.591082353497
2025-04-13 01:00:00,104.953532165279
2025-04-13 02:00:00,104.388282390629
2025-04-13 03:00:00,104.720772088801
2025-04-13 04:00:00,103.692650611305
2025-04-13 05:00:00,104.514155818557
2025-04-13 06:00:00,104.910707923384
2025-04-13 07:00:00,105.034781161916
2025-04-13 08:00:00,104.622317119701
2025-04-13 09:00:00,103.959004229598
2025-04-13 10:00:00,104.409214718948
2025-04-13 11:00:00,104.471795007774
2025-04-13 12:00:00,76.1015398121668
2025-04-13 13:00:00,104.385333502632
2025-04-13 14:00:00,104.519794383643
2025-04-13 15:00:00,104.384170350609
2025-04-13 16:00:00,104.514378939065
2025-04-13 17:00:00,104.968987855072
2025-04-13 18:00:00,104.690156658711
2025-04-13 19:00:00,104.102015412089
2025-04-13 20:00:00,104.061867785646
2025-04-13 21:00:00,104.229560501242
2025-04-13 22:00:00,104.353250664651
2025-04-13 23:00:00,104.346414020184
2025-04-14 00:00:00,103.429557365538
2025-04-14 01:00:00,103.95245369521
2025-04-14 02:00:00,104.854270188398
2025-04-14 03:00:00,103.65477037349
2025-04-14 04:00:00,104.404338765534
2025-04-14 05:00:00,105.319104670892
2025-04-14 06:00:00,105.004608566726
2025-04-14 07:00:00,104.105528718144
2025-04-14 08:00:00,106.434019463378
2025-04-14 09:00:00,104.097679621703
2025-04-14 10:00:00,103.09206709787
2025-04-14 11:00:00,105.084832292124
2025-04-14 12:00:00,103.665318195409
2025-04-14 13:00:00,104.582988194394
2025-04-14 14:00:00,103.281960316641
2025-04-14 15:00:00,103.382419202162
2025-04-14 16:00:00,105.481074098602
2025-04-14 17:00:00,105.313838514123
2025-04-14 18:00:00,104.07921521675
2025-04-14 19:00:00,104.616932300839
2025-04-14 20:00:00,103.983433940482
2025-04-14 21:00:00,104.077655415015
2025-04-14 22:00:00,103.682818549735
2025-04-14 23:00:00,105.575982075165
2025-04-15 00:00:00,105.640236568919
2025-04-15 01:00:00,103.093789134556
2025-04-15 02:00:00,104.633952695395
2025-04-15 03:00:00,104.205299312634
2025-04-15 04:00:00,104.471065571444
2025-04-15 05:00:00,103.714325874836
2025-04-15 06:00:00,103.865131330386
2025-04-15 07:00:00,104.743683433825
2025-04-15 10:00:00,104.580684239138
2025-04-15 11:00:00,105.811623545386
2025-04-15 12:00:00,103.901519686327
2025-04-15 13:00:00,104.547871207426
2025-04-15 14:00:00,105.212330600281
2025-04-15 15:00:00,104.058691287027
2025-04-15 16:00:00,103.082084095743
2025-04-15 17:00:00,104.021505219972
2025-04-15 18:00:00,103.763634077818
2025-04-15 19:00:00,103.023518299171
2025-04-15 20:00:00,102.734472640834
2025-04-15 21:00:00,103.321798239804
2025-04-15 22:00:00,102.459194726829
2025-04-15 23:00:00,104.2553806581
2025-04-16 00:00:00,104.483616868699
2025-04-16 01:00:00,102.597310416773
2025-04-16 02:00:00,105.061556297016
2025-04-16 03:00:00,102.771357692547
2025-04-16 04:00:00,104.064846200922
2025-04-16 05:00:00,105.133883849472
2025-04-16 06:00:00,104.13171104374
2025-04-16 07:00:00,104.29373712178
2025-04-16 08:00:00,102.60940262965
2025-04-16 10:00:00,104.620889557738
2025-04-16 11:00:00,105.471555750861
2025-04-16 12:00:00,104.114656556189
2025-04-16 13:00:00,101.710701922068
2025-04-17 00:00:00,105.020914221797
2025-04-17 03:00:00,104.352007281752
2025-04-17 04:00:00,102.825977651576
2025-04-17 05:00:00,103.337395070417
2025-04-17 06:00:00,103.02518627137
2025-04-17 07:00:00,103.750153021144
2025-04-17 08:00:00,104.692158703837
2025-04-17 09:00:00,104.942483694806
2025-04-17 10:00:00,103.342615270154
2025-04-17 11:00:00,104.74972184011
2025-04-17 12:00:00,105.276903208623
2025-04-17 13:00:00,104.926415974392
2025-04-17 14:00:00,103.971030008916
2025-04-17 15:00:00,103.670707789415
2025-04-17 16:00:00,105.405047821983
2025-04-17 17:00:00,103.418254192068
2025-04-17 18:00:00,104.911202260537
2025-04-17 19:00:00,105.191331834257
2025-04-17 20:00:00,103.900630740985
2025-04-17 21:00:00,102.646189451328
2025-04-17 22:00:00,103.721996428635
2025-04-17 23:00:00,103.306218087865
2025-04-18 00:00:00,103.868031993501
2025-04-18 01:00:00,103.954295166479
2025-04-18 02:00:00,104.024332927021
2025-04-18 03:00:00,103.528247350595
2025-04-18 04:00:00,104.415911694285
2025-04-18 05:00:00,103.037727110438
2025-04-18 07:00:00,102.966659544277
2025-04-18 08:00:00,104.661801670439
2025-04-18 09:00:00,104.250189919845
2025-04-18 10:00:00,103.874804919992
2025-04-18 11:00:00,103.874186209535
2025-04-18 12:00:00,102.792670129473
2025-04-18 13:00:00,104.078999143553
2025-04-18 14:00:00,103.203189319784
2025-04-19 03:00:00,105.398639275918
2025-04-19 04:00:00,103.955615212557
2025-04-19 05:00:00,104.575853288679
2025-04-19 07:00:00,101.793377416573
2025-04-19 09:00:00,103.591380923215
2025-04-19 10:00:00,104.651393641956
2025-04-19 11:00:00,102.743515642966
2025-04-19 12:00:00,103.912420424673
2025-04-19 13:00:00,104.300595011594
2025-04-19 14:00:00,103.395915632499
2025-04-19 15:00:00,103.932093592033
2025-04-19 16:00:00,103.605538867006
2025-04-19 17:00:00,103.786494143159
2025-04-19 18:00:00,105.194854949381
2025-04-19 19:00:00,104.561182201801
2025-04-19 20:00:00,104.769706440333
2025-04-19 21:00:00,104.466807993729
2025-04-19 22:00:00,103.075586321243
2025-04-19 23:00:00,103.686867612697
2025-04-20 00:00:00,102.88470214579
2025-04-20 01:00:00,104.018946829739
2025-04-20 02:00:00,105.519581474126
2025-04-20 03:00:00,104.09882708816
2025-04-20 04:00:00,102.911944150277
2025-04-20 05:00:00,103.052183369137
2025-04-20 06:00:00,104.368847104016
2025-04-20 07:00:00,102.24220852355
2025-04-20 08:00:00,103.692522785545
2025-04-20 09:00:00,103.812819523335
2025-04-20 10:00:00,103.553107054555
2025-04-20 11:00:00,103.654667139549
2025-04-20 12:00:00,131.070735131796
2025-04-20 13:00:00,103.958383447727
2025-04-20 14:00:00,102.706142459051
2025-04-20 15:00:00,104.252946673429
2025-04-20 16:00:00,104.310737742869
2025-04-20 17:00:00,103.964041874614
2025-04-20 18:00:00,102.634479232062
2025-04-20 19:00:00,103.015989603841
2025-04-20 20:00:00,103.203007400727
2025-04-20 21:00:00,103.668129490322
2025-04-20 22:00:00,103.591749681138
2025-04-20 23:00:00,102.560101244017
2025-04-21 00:00:00,103.764022408874
2025-04-21 01:00:00,104.590547196616
2025-04-21 02:00:00,103.29361552785
2025-04-21 03:00:00,103.719803653134
2025-04-21 04:00:00,103.167671596886
2025-04-21 05:00:00,104.78439323744
2025-04-21 07:00:00,102.642015796994
2025-04-21 08:00:00,102.911181911623
2025-04-21 09:00:00,103.047716317853
2025-04-21 10:00:00,101.738632182462
2025-04-21 11:00:00,102.586351444335
2025-04-21 12:00:00,103.118127230196
2025-04-21 13:00:00,102.358161697261
2025-04-21 14:00:00,103.246903469625
2025-04-21 15:00:00,105.266897119013
2025-04-21 16:00:00,103.896676092101
2025-04-21 17:00:00,103.707580676824
2025-04-21 18:00:00,102.874385647103
2025-04-21 19:00:00,104.425898838252
2025-04-21 20:00:00,103.613921498129
2025-04-21 21:00:00,103.899786693285
2025-04-22 09:00:00,104.883489308991
2025-04-22 10:00:00,101.977336257633
2025-04-22 11:00:00,101.442525527746
2025-04-22 12:00:00,103.717556898495
2025-04-22 13:00:00,103.715005148532
2025-04-22 14:00:00,102.642947995347
2025-04-22 15:00:00,101.565381405669
2025-04-22 16:00:00,103.660137786761
2025-04-22 17:00:00,102.582040126789
2025-04-22 18:00:00,104.969454842937
2025-04-22 19:00:00,102.742872138179
2025-04-22 20:00:00,103.136784284623
2025-04-22 21:00:00,102.132362126193
2025-04-22 22:00:00,101.753579606239
2025-04-22 23:00:00,103.257450742691
2025-04-23 00:00:00,103.282934285086
2025-04-23 01:00:00,101.099695068671
2025-04-23 02:00:00,102.44895398794
2025-04-23 03:00:00,102.096188507003
2025-04-23 04:00:00,103.140201304504
2025-04-23 06:00:00,103.414372323623
2025-04-23 07:00:00,102.058975553506
2025-04-23 09:00:00,101.122460419874
2025-04-23 10:00:00,103.792667433175
2025-04-23 11:00:00,105.456882197668
2025-04-23 12:00:00,105.180729124278
2025-04-23 13:00:00,102.836126732649
2025-04-23 14:00:00,102.458805506392
2025-04-23 15:00:00,103.865924696473
2025-04-23 16:00:00,102.888662541486
2025-05-01 00:00:00,101.032161873148
2025-05-01 01:00:00,102.15075519123
2025-05-01 02:00:00,102.164002966751
2025-05-01 03:00:00,103.261504331771
2025-05-01 04:00:00,102.605721769858
2025-05-01 06:00:00,102.562786543978
2025-05-01 13:00:00,104.617360050276
2025-05-01 14:00:00,103.325588850656
2025-05-01 15:00:00,102.791929900435
2025-05-01 16:00:00,103.343033836755
2025-05-01 17:00:00,103.397558647518
2025-05-01 18:00:00,101.173619638488
2025-05-01 19:00:00,104.5109983184
2025-05-01 20:00:00,101.822623663914
2025-05-01 21:00:00,102.92143650701
2025-05-01 22:00:00,102.788766071645
2025-05-01 23:00:00,102.512626954484
2025-05-02 00:00:00,103.04108147999
2025-05-02 01:00:00,102.8023192779
2025-05-02 02:00:00,102.495443417494
2025-05-02 03:00:00,103.245988248439
2025-05-02 14:00:00,101.454003185277
2025-05-02 16:00:00,101.919030462266
2025-05-02 17:00:00,100.489392787531
2025-05-02 18:00:00,101.616228933932
2025-05-02 19:00:00,102.187585272818
2025-05-02 22:00:00,102.758241696196
2025-05-02 23:00:00,100.830665679994
2025-05-03 00:00:00,102.947825331356
2025-05-03 03:00:00,103.503594011784
2025-05-03 04:00:00,103.145375290639
2025-05-03 05:00:00,102.312262148233
2025-05-03 06:00:00,103.139791414469
2025-05-03 07:00:00,103.486648590265
2025-05-03 08:00:00,104.308944801911
2025-05-03 09:00:00,103.304092986504
2025-05-03 10:00:00,103.124546290591
2025-05-03 11:00:00,102.02681077918
2025-05-03 12:00:00,102.317445749308
2025-05-03 13:00:00,103.174010699245
2025-05-03 14:00:00,103.131393638918
2025-05-03 15:00:00,102.701098465307
2025-05-03 16:00:00,102.890290110321
2025-05-03 17:00:00,103.001602599608
2025-05-03 18:00:00,103.3371888312
2025-05-03 19:00:00,103.295273591484
2025-05-03 20:00:00,104.373681215821
2025-05-03 21:00:00,104.23023501013
2025-05-03 22:00:00,97.9695864062992
2025-05-03 23:00:00,103.109174367427
2025-05-04 00:00:00,102.068121803206
2025-05-04 01:00:00,102.876578567587
2025-05-04 02:00:00,102.895018773228
2025-05-04 03:00:00,103.036040818508
2025-05-04 04:00:00,102.170286035336
2025-05-04 05:00:00,102.683947025032
2025-05-04 06:00:00,101.336327194305
2025-05-04 07:00:00,101.98962651801
2025-05-04 08:00:00,103.320253191124
2025-05-04 09:00:00,102.538258414079
2025-05-04 10:00:00,101.315408713858
2025-05-04 11:00:00,102.687825329276
2025-05-04 12:00:00,102.385974940974
2025-05-04 13:00:00,101.860021125147
2025-05-04 14:00:00,101.961880438859
2025-05-04 15:00:00,101.393675980876
2025-05-04 16:00:00,102.648792423027
2025-05-04 17:00:00,103.246524731175
2025-05-04 18:00:00,103.942874721458
2025-05-04 19:00:00,102.168445743349
2025-05-04 20:00:00,103.932852371805
2025-05-04 21:00:00,102.978588523666
2025-05-04 22:00:00,103.026126593558
2025-05-05 10:00:00,103.587040396422
2025-05-05 11:00:00,102.30952197874
2025-05-05 12:00:00,102.56587938661
2025-05-05 13:00:00,102.447566254917
2025-05-05 14:00:00,103.462809070919
2025-05-05 15:00:00,100.993504212043
2025-05-05 16:00:00,101.49363793057
2025-05-05 17:00:00,102.307435301802
2025-05-05 18:00:00,102.536248295293
2025-05-05 19:00:00,102.03005715806
2025-05-05 20:00:00,101.898401561933
2025-05-05 21:00:00,103.48057612373
2025-05-05 22:00:00,101.679885601118
2025-05-05 23:00:00,102.309657929256
2025-05-06 00:00:00,102.819406578935
2025-05-06 01:00:00,101.857027990127
2025-05-06 02:00:00,86.2678255401574
2025-05-06 03:00:00,102.314885561147
2025-05-06 04:00:00,103.658343387512
2025-05-06 05:00:00,101.866026912371
2025-05-06 06:00:00,102.577960733091
2025-05-06 07:00:00,101.704673959078
2025-05-06 09:00:00,101.932610576197
2025-05-06 10:00:00,102.102550841039
2025-05-06 11:00:00,101.208490957718
2025-05-06 12:00:00,103.131272832034
2025-05-06 13:00:00,102.333113233019
2025-05-06 14:00:00,102.55822459548
2025-05-06 15:00:00,102.207634002224
2025-05-06 16:00:00,101.9206853519
2025-05-06 17:00:00,101.915067086026
2025-05-06 18:00:00,102.315464582057
2025-05-06 19:00:00,102.677004219271
2025-05-06 20:00:00,103.910647685225
2025-05-06 21:00:00,101.896989653172
2025-05-06 22:00:00,103.481022914094
2025-05-06 23:00:00,104.050139724823
2025-05-07 00:00:00,103.822117908163
2025-05-07 01:00:00,104.202452416519
2025-05-07 02:00:00,103.266484334139
2025-05-07 03:00:00,103.225022286969
2025-05-07 06:00:00,102.483580721477
2025-05-07 07:00:00,102.19342815063
2025-05-07 08:00:00,102.092730795644
2025-05-07 09:00:00,101.104863694543
2025-05-07 10:00:00,103.724891172111
2025-05-07 11:00:00,102.836295157261
2025-05-07 12:00:00,103.116775280691
2025-05-07 13:00:00,103.727070789604
2025-05-07 14:00:00,103.625015146867
2025-05-07 15:00:00,102.37384663149
2025-05-07 16:00:00,101.961828646084
2025-05-07 17:00:00,102.295613450005
2025-05-07 18:00:00,101.983592835242
2025-05-07 19:00:00,100.013928293227
2025-05-07 20:00:00,101.831839736634
2025-05-07 21:00:00,101.820182625344
2025-05-07 22:00:00,101.419554669192
2025-05-07 23:00:00,102.629393024685
2025-05-08 00:00:00,101.18293781973
2025-05-08 01:00:00,103.505231693051
2025-05-08 02:00:00,103.380350662855
2025-05-08 03:00:00,101.826893623365
2025-05-08 04:00:00,102.668155102859
2025-05-08 05:00:00,102.866080322803
2025-05-08 06:00:00,101.181097667277
2025-05-08 07:00:00,103.991725020206
2025-05-08 08:00:00,101.646731437267
2025-05-08 10:00:00,101.62816673902
2025-05-08 11:00:00,103.026123179497
2025-05-08 12:00:00,102.569498120845
2025-05-08 13:00:00,102.353317173326
2025-05-08 14:00:00,100.473243352903
2025-05-08 15:00:00,101.347198253627
2025-05-08 16:00:00,103.002900835924
2025-05-08 17:00:00,102.485406518125
2025-05-08 18:00:00,103.155262313856
2025-05-08 19:00:00,103.002137328058
2025-05-08 20:00:00,102.439617601172
2025-05-08 21:00:00,101.78554076902
2025-05-08 22:00:00,102.479173519338
2025-05-08 23:00:00,102.678403310092
2025-05-09 00:00:00,102.99824458404
2025-05-09 03:00:00,102.030298445433
2025-05-09 04:00:00,102.321263170452
2025-05-09 05:00:00,101.9242390136
2025-05-09 06:00:00,103.23937389601
2025-05-09 07:00:00,102.313576017259
2025-05-09 08:00:00,103.000786732057
2025-05-09 09:00:00,102.302127650718
2025-05-09 10:00:00,101.291425896459
2025-05-09 11:00:00,102.631179223558
2025-05-09 12:00:00,100.670530603001
2025-05-09 13:00:00,100.026449141878
2025-05-09 14:00:00,102.280028498335
2025-05-09 15:00:00,100.65001949784
2025-05-09 16:00:00,101.740893207916
2025-05-09 17:00:00,101.380748270674
2025-05-09 18:00:00,102.061319874678
2025-05-09 19:00:00,101.354239890561
2025-05-09 20:00:00,103.125040536081
2025-05-09 21:00:00,100.887647930725
2025-05-09 22:00:00,102.11086814454
2025-05-09 23:00:00,99.9195619567564
2025-05-10 00:00:00,101.456740924006
2025-05-10 01:00:00,102.06864145313
2025-05-10 02:00:00,102.899021448327
2025-05-10 03:00:00,100.739141702701
2025-05-10 04:00:00,101.974473831553
2025-05-10 05:00:00,101.862686834859
2025-05-10 06:00:00,101.855191182275
2025-05-10 07:00:00,101.998372183881
2025-05-10 08:00:00,102.084070249839
2025-05-10 09:00:00,101.624654418571
2025-05-10 10:00:00,102.204944479633
2025-05-10 11:00:00,102.196139978773
2025-05-10 12:00:00,100.235424512315
2025-05-10 13:00:00,102.730179633092
2025-05-10 14:00:00,101.912859808414
2025-05-10 15:00:00,101.756103336127
2025-05-10 16:00:00,100.930889023289
2025-05-10 17:00:00,102.083441946133
2025-05-10 18:00:00,101.208578738444
2025-05-10 19:00:00,102.230526735691
2025-05-10 20:00:00,102.061465552508
2025-05-10 21:00:00,99.2986281425685
2025-05-10 22:00:00,100.96487772282
2025-05-11 00:00:00,102.818380591671
2025-05-11 01:00:00,100.883487089777
2025-05-11 02:00:00,103.735617125213
2025-05-11 03:00:00,102.176017586034
2025-05-11 04:00:00,100.608149218327
2025-05-11 05:00:00,100.17425914223
2025-05-11 06:00:00,101.649064068854
2025-05-11 07:00:00,102.506467308473
2025-05-11 08:00:00,101.847244366851
2025-05-11 09:00:00,101.194369997106
2025-05-11 10:00:00,102.089059257792
2025-05-11 11:00:00,102.307317246804
2025-05-11 12:00:00,99.6132411041802
2025-05-11 13:00:00,101.098512370861
2025-05-11 14:00:00,102.033827763957
2025-05-11 15:00:00,100.936329800466
2025-05-11 16:00:00,102.314991257682
2025-05-11 17:00:00,101.641976402431
2025-05-11 18:00:00,100.850443764398
2025-05-11 19:00:00,101.344374588874
2025-05-11 20:00:00,102.950200121332
2025-05-11 21:00:00,101.179323490224
2025-05-11 22:00:00,101.145759121044
2025-05-11 23:00:00,100.936928305688
2025-05-12 00:00:00,99.9258780127594
2025-05-12 01:00:00,102.117740549998
2025-05-12 02:00:00,102.636084815553
2025-05-12 03:00:00,101.055200461491
2025-05-12 04:00:00,101.21146651585
2025-05-12 05:00:00,101.099969126511
2025-05-12 06:00:00,101.975505761688
2025-05-12 07:00:00,102.272027764562
2025-05-12 08:00:00,114.163110021031
2025-05-12 09:00:00,100.664494527413
2025-05-12 10:00:00,101.891890006964
2025-05-12 12:00:00,100.320577918174
2025-05-12 13:00:00,101.790676388325
2025-05-12 14:00:00,102.030713625243
2025-05-12 15:00:00,102.500272715874
2025-05-12 16:00:00,100.944568445291
2025-05-12 17:00:00,102.674743369152
2025-05-12 18:00:00,101.392315970263
2025-05-12 19:00:00,100.601507987338
2025-05-12 20:00:00,100.747596005058
2025-05-12 21:00:00,100.941672350717
2025-05-12 22:00:00,102.299048148904
2025-05-12 23:00:00,102.42737346929
2025-05-13 00:00:00,102.368870670387
2025-05-13 01:00:00,100.511044645847
2025-05-13 02:00:00,
2025-05-13 03:00:00,
2025-05-13 04:00:00,
2025-05-13 06:00:00,
2025-05-13 08:00:00,
2025-05-13 09:00:00,102.541850386447
2025-05-13 10:00:00,100.29694211951
2025-05-13 11:00:00,
2025-05-13 12:00:00,
2025-05-13 13:00:00,103.449343219307
2025-05-13 14:00:00,101.075682468015
2025-05-13 15:00:00,99.8924551227117
2025-05-13 16:00:00,101.43522468509
2025-05-13 17:00:00,103.868672016407
2025-05-13 18:00:00,99.7512148447067
2025-05-13 19:00:00,102.593042970849
2025-05-13 20:00:00,101.540533550899
2025-05-13 21:00:00,100.414468146407
2025-05-13 22:00:00,91.359693446189
2025-05-13 23:00:00,100.242920084939
2025-05-14 00:00:00,102.396869278259
2025-05-14 01:00:00,100.324544618053
2025-05-14 02:00:00,102.844762382615
2025-05-14 03:00:00,100.130152433559
2025-05-14 04:00:00,101.192537569764
2025-05-14 05:00:00,101.725561736933
2025-05-14 06:00:00,100.564448409791
2025-05-14 07:00:00,100.469593026848
2025-05-14 08:00:00,
2025-05-14 09:00:00,
2025-05-14 10:00:00,
2025-05-14 11:00:00,
2025-05-14 12:00:00,
2025-05-14 13:00:00,100.47373747172
2025-05-14 14:00:00,100.103584639714
2025-05-14 15:00:00,100.485690416412
2025-05-14 16:00:00,101.105388393942
2025-05-14 17:00:00,102.209743695698
2025-05-14 18:00:00,99.4827992075539
2025-05-14 19:00:00,102.23946279308
2025-05-14 20:00:00,100.32632728158
2025-05-14 21:00:00,99.9997686649867
2025-05-14 22:00:00,100.338885932942
2025-05-14 23:00:00,101.854176493548
2025-05-15 00:00:00,100.688746885278
2025-05-15 01:00:00,100.740277921808
2025-05-15 02:00:00,102.008639989042
2025-05-15 03:00:00,100.706517893207
2025-05-15 04:00:00,100.723742355243
2025-05-15 05:00:00,102.432485012146
2025-05-15 06:00:00,101.624476053935
2025-05-15 18:00:00,100.516400373267
2025-05-15 19:00:00,101.62041336351
2025-05-15 20:00:00,99.4188680627362
2025-05-15 21:00:00,99.5608738030307
2025-05-15 22:00:00,101.454632997385
2025-05-15 23:00:00,101.434799274492
2025-05-16 00:00:00,99.6158408954876
2025-05-16 01:00:00,99.6094701591801
2025-05-16 02:00:00,100.253291624564
2025-05-16 03:00:00,100.068118436009
2025-05-16 04:00:00,100.784674986803
2025-05-16 05:00:00,99.9745856089661
2025-05-16 06:00:00,99.6547027219578
2025-05-16 07:00:00,101.988863147534
2025-05-16 08:00:00,102.670249345734
2025-05-16 09:00:00,102.554760611913
2025-05-16 10:00:00,102.061211664854
2025-05-16 11:00:00,101.232947501596
2025-05-16 12:00:00,100.092476304569
2025-05-16 13:00:00,100.245041907511
2025-05-16 14:00:00,101.737617184982
2025-05-16 15:00:00,101.119459174694
2025-05-16 16:00:00,101.063491371408
2025-05-16 17:00:00,102.197709494835
2025-05-16 18:00:00,101.532127148259
2025-05-16 19:00:00,100.27009278052
2025-05-16 20:00:00,98.3888803946299
2025-05-16 21:00:00,101.04485792422
2025-05-16 22:00:00,99.8987841868649
2025-05-16 23:00:00,101.586630150795
2025-05-17 00:00:00,101.09955392485
2025-05-17 01:00:00,102.330084104476
2025-05-17 02:00:00,100.785807301719
2025-05-17 03:00:00,101.555772504678
2025-05-17 04:00:00,102.944640822514
2025-05-17 06:00:00,101.192522245296
2025-05-17 07:00:00,99.9396972573232
2025-05-17 08:00:00,100.623551816338
2025-05-17 09:00:00,100.291135648666
2025-05-17 10:00:00,100.082920231732
2025-05-17 11:00:00,101.005204607634
2025-05-17 12:00:00,122.870067994348
2025-05-17 13:00:00,
2025-05-17 14:00:00,101.164721755351
2025-05-17 15:00:00,101.844036613509
2025-05-17 16:00:00,100.382601088826
2025-05-17 17:00:00,100.430559269019
2025-05-17 18:00:00,101.598096402196
2025-05-17 19:00:00,100.975073461769
2025-05-17 20:00:00,100.746241508789
2025-05-17 21:00:00,99.6562847331247
2025-05-17 22:00:00,99.7419054473371
2025-05-17 23:00:00,101.879350397871
2025-05-18 00:00:00,98.9504564457922
2025-05-18 01:00:00,101.748796597691
2025-05-18 02:00:00,99.9863896733235
2025-05-18 03:00:00,101.413486085064
2025-05-18 04:00:00,101.711933035394
2025-05-18 05:00:00,99.1834375132948
2025-05-18 06:00:00,101.515012090133
2025-05-18 07:00:00,98.9624612973388
2025-05-18 10:00:00,100.982016267128
2025-05-18 11:00:00,101.010871375445
2025-05-18 12:00:00,100.484607727696
2025-05-18 13:00:00,100.374320587747
2025-05-18 14:00:00,100.353610864189
2025-05-18 15:00:00,101.369946688394
2025-05-18 16:00:00,100.680157498812
2025-05-18 17:00:00,101.472025635804
2025-05-18 18:00:00,102.414684535852
2025-05-18 19:00:00,100.179856536837
2025-05-18 20:00:00,100.324421192908
2025-05-18 21:00:00,101.946511393195
2025-05-18 22:00:00,101.262754769994
2025-05-18 23:00:00,99.8938486041493
2025-05-19 00:00:00,100.757968945143
2025-05-19 01:00:00,100.613988764741
2025-05-19 02:00:00,100.79414497391
2025-05-19 03:00:00,100.0788734796
2025-05-19 04:00:00,98.9502030928766
2025-05-19 05:00:00,100.632065516385
2025-05-19 06:00:00,100.147839923159
2025-05-19 07:00:00,100.812051217356
2025-05-19 08:00:00,100.918511724515
2025-05-19 09:00:00,102.447858776066
2025-05-19 10:00:00,100.497777516784
2025-05-19 11:00:00,100.869619090757
2025-05-19 12:00:00,101.254191787428
2025-05-19 13:00:00,100.116829872048
2025-05-19 14:00:00,100.332580662005
2025-05-19 15:00:00,100.857290871518
2025-05-19 16:00:00,100.961424203024
2025-05-19 17:00:00,99.3669000978791
2025-05-19 18:00:00,102.79486402858
2025-05-19 19:00:00,101.134415187212
2025-05-19 20:00:00,102.029808003577
2025-05-19 21:00:00,100.998532121351
2025-05-19 22:00:00,99.7820888906784
2025-05-20 09:00:00,101.082357193665
2025-05-20 10:00:00,99.4692983709376
2025-05-20 11:00:00,100.144149470473
2025-05-20 12:00:00,102.579627369741
2025-05-20 13:00:00,99.8521612477618
2025-05-20 14:00:00,99.6339550497094
2025-05-20 15:00:00,99.8414778756367
2025-05-20 16:00:00,102.526685048945
2025-05-20 17:00:00,99.0055235404147
2025-05-20 18:00:00,101.633314642986
2025-05-20 19:00:00,101.396956777454
2025-05-20 20:00:00,102.929380006498
2025-05-20 21:00:00,100.236828008579
2025-05-20 22:00:00,100.594303304757
2025-05-20 23:00:00,100.794729627502
2025-05-21 00:00:00,100.987178389448
2025-05-21 01:00:00,101.282018322007
2025-05-21 02:00:00,100.662683736066
2025-05-21 03:00:00,101.48992157848
2025-05-21 04:00:00,100.375949755348
2025-05-21 05:00:00,101.049762944023
2025-05-21 07:00:00,101.659554234161
2025-05-21 08:00:00,100.797561287017
2025-05-21 09:00:00,99.3202841529586
2025-05-21 10:00:00,100.710669983568
2025-05-21 11:00:00,100.25757761781
2025-05-21 12:00:00,100.836794485582
2025-05-21 13:00:00,100.44614537997
2025-05-21 14:00:00,100.726172121094
2025-05-21 15:00:00,100.151150422234
2025-05-21 16:00:00,99.8087093407502
2025-05-21 17:00:00,100.420003597451
2025-05-21 18:00:00,100.648398210988
2025-05-21 19:00:00,100.789842179716
2025-05-21 20:00:00,99.4961115591181
2025-05-21 21:00:00,99.9436966158755
2025-05-21 22:00:00,100.331392388144
2025-05-21 23:00:00,101.953784860154
2025-05-22 00:00:00,99.6103695635211
2025-05-22 01:00:00,99.7140845380803
2025-05-22 02:00:00,99.2043047274556
2025-05-22 03:00:00,99.8998481738757
2025-05-22 04:00:00,99.9038860965408
2025-05-22 05:00:00,100.832817953281
2025-05-22 06:00:00,101.266234213173
2025-05-22 07:00:00,98.7944709937987
2025-05-22 09:00:00,100.93073079083
2025-05-22 10:00:00,100.305564099249
2025-05-22 11:00:00,101.086295583741
2025-05-22 12:00:00,100.001950516618
2025-05-22 13:00:00,100.033684475153
2025-05-22 14:00:00,101.141150242646
2025-05-22 15:00:00,99.5307220584233
2025-05-22 16:00:00,99.6843365688363
2025-05-22 17:00:00,101.121065797299
2025-05-22 18:00:00,99.5163506132237
2025-05-22 19:00:00,100.09317703057
2025-05-22 20:00:00,99.2264140956864
2025-05-22 21:00:00,100.665286700866
2025-05-22 22:00:00,99.0217188705233
2025-05-22 23:00:00,100.562636722222
2025-05-23 00:00:00,100.551081349828
2025-05-23 01:00:00,100.144133420691
2025-05-23 02:00:00,99.8164012305512
2025-05-23 03:00:00,99.4237847602655
2025-05-23 04:00:00,101.179874643549
2025-05-23 05:00:00,103.447573629223
2025-05-23 06:00:00,101.048425875278
2025-05-23 08:00:00,99.4329028409469
2025-05-23 09:00:00,100.490208686112
2025-05-23 10:00:00,100.717677757191
2025-05-23 11:00:00,101.631306562984
2025-05-23 12:00:00,101.988562062837
2025-05-23 13:00:00,98.9285789315973
2025-05-23 14:00:00,99.3095389526863
2025-05-23 15:00:00,99.2905101287423
2025-05-23 16:00:00,99.8477142183861
2025-05-23 17:00:00,99.008190524219
2025-05-23 18:00:00,99.6969938268526
2025-05-23 19:00:00,99.7304353559963
2025-05-23 20:00:00,99.2649166964135
2025-05-23 21:00:00,99.5820966972139
2025-05-23 22:00:00,100.814961875245
2025-05-23 23:00:00,100.815890573958
2025-05-24 00:00:00,101.213170572444
2025-05-24 13:00:00,99.3286182260223
2025-05-24 14:00:00,99.3374882485188
2025-05-24 15:00:00,101.681378708978
2025-05-24 16:00:00,100.312536721688
2025-05-24 17:00:00,100.473022313785
2025-05-24 18:00:00,100.135799663583
2025-05-24 19:00:00,100.185375972196
2025-05-24 20:00:00,98.5470048429132
2025-05-24 21:00:00,99.3673102419718
2025-05-24 22:00:00,100.08042026701
2025-05-24 23:00:00,99.7177882861476
2025-05-25 00:00:00,99.3740546609467
2025-05-25 01:00:00,101.694835500049
2025-05-25 02:00:00,99.6837247938346
2025-05-25 03:00:00,100.031861466402
2025-05-25 04:00:00,99.5275866634539
2025-05-25 05:00:00,78.6071876572585
2025-05-25 06:00:00,100.130700303585
2025-05-25 07:00:00,99.9063508373035
2025-05-25 08:00:00,100.066040466431
2025-05-25 09:00:00,99.5916451592611
2025-05-25 10:00:00,99.9151557026627
2025-05-25 11:00:00,100.160009090814
2025-05-25 12:00:00,100.221764688546
2025-05-25 13:00:00,99.5422130633001
2025-05-25 14:00:00,99.1045256756418
2025-05-25 15:00:00,99.8664140584154
2025-05-25 16:00:00,100.192832798809
2025-05-25 17:00:00,100.65605081145
2025-05-25 18:00:00,99.9051550536338
2025-05-25 19:00:00,99.1934035176349
2025-05-25 20:00:00,100.917191248927
2025-05-25 21:00:00,99.8630305828266
2025-05-25 22:00:00,99.9756849757702
2025-05-25 23:00:00,99.7019142292518
2025-05-26 00:00:00,99.5570541846455
2025-05-26 01:00:00,98.9939979343267
2025-05-26 02:00:00,99.0838763963936
2025-05-26 03:00:00,99.7646125166328
2025-05-26 04:00:00,98.6176123522413
2025-05-26 05:00:00,98.3158973305223
2025-05-26 06:00:00,100.025668021189
2025-05-26 07:00:00,100.365240390645
2025-05-26 08:00:00,100.496430325516
2025-05-26 09:00:00,98.8160525140227
2025-05-26 10:00:00,100.980165953796
2025-05-26 11:00:00,117.876281038561
2025-05-26 12:00:00,97.7969645129401
2025-05-27 00:00:00,99.3017588623723
2025-05-27 01:00:00,97.105458899624
2025-05-27 02:00:00,99.5590862639771
2025-05-27 05:00:00,100.207193803716
2025-05-27 06:00:00,100.874933797064
2025-05-27 08:00:00,98.3951718536718
2025-05-27 10:00:00,98.9171145151633
2025-05-27 11:00:00,100.242206867826
2025-05-27 12:00:00,99.6409091761268
2025-05-27 13:00:00,84.6308354879775
2025-05-27 14:00:00,99.0354861241286
2025-05-27 15:00:00,99.4296176553127
2025-05-27 16:00:00,99.3623451097402
2025-05-27 17:00:00,99.7909523312745
2025-05-27 18:00:00,100.751066337673
2025-05-27 19:00:00,98.6147284036333
2025-05-27 20:00:00,100.112889408643
2025-05-27 21:00:00,99.282717057036
2025-05-27 22:00:00,98.8053757432216
2025-05-27 23:00:00,100.118483549271
2025-05-28 00:00:00,99.6426087332434
2025-05-28 01:00:00,99.6623798476707
2025-05-28 02:00:00,97.5657428493375
2025-05-28 03:00:00,99.5283685979995
2025-05-28 04:00:00,99.341339302812
2025-05-28 05:00:00,100.30008712765
2025-05-28 06:00:00,99.338766273494
2025-05-28 07:00:00,98.7052858827693
2025-05-28 08:00:00,99.0888992872476
2025-05-28 09:00:00,99.0482966997019
2025-05-28 10:00:00,99.5029528103641
2025-05-28 11:00:00,98.3378941571283
2025-05-28 12:00:00,100.119802733515
2025-05-28 13:00:00,98.3407328021537
2025-05-28 14:00:00,100.216202044611
2025-05-28 15:00:00,99.5360678668059
2025-05-28 16:00:00,99.4783992408536
2025-05-28 17:00:00,99.384485434094
2025-05-28 18:00:00,98.1062682075441
2025-05-28 19:00:00,99.5731029207948
2025-05-28 20:00:00,99.3586275408155
2025-05-28 21:00:00,99.7781972024509
2025-05-28 22:00:00,99.3494780413124
2025-05-28 23:00:00,97.6444743731894
2025-05-29 00:00:00,98.4588409365079
2025-05-29 01:00:00,98.6609783283139
2025-05-29 02:00:00,101.14676923758
2025-05-29 03:00:00,98.876467132409
2025-05-29 04:00:00,99.5587793075726
2025-05-29 05:00:00,99.9076287232904
2025-05-29 06:00:00,99.7306420851926
2025-05-29 07:00:00,99.1119729866086
2025-05-29 08:00:00,99.9655521453693
2025-05-29 09:00:00,
2025-05-29 10:00:00,
2025-05-29 11:00:00,99.2482328578809
2025-05-29 12:00:00,100.013045824714
2025-05-29 13:00:00,97.7334845692013
2025-05-29 14:00:00,98.3379546518655
2025-05-29 15:00:00,99.5707800392378
2025-05-29 16:00:00,99.9559062160396
2025-05-29 19:00:00,99.7851698929239
2025-05-29 20:00:00,99.6317120515121
2025-05-29 21:00:00,100.941161450192
2025-05-29 22:00:00,99.6111116493578
2025-05-29 23:00:00,100.279648991498
2025-05-30 00:00:00,100.408578379456
2025-05-30 01:00:00,100.883826775147
2025-05-30 02:00:00,99.2564766342739
2025-05-30 03:00:00,100.670834755157
2025-05-30 04:00:00,99.6538334957665
2025-05-30 05:00:00,99.3967257314112
2025-05-30 06:00:00,128.68818410553
2025-05-30 09:00:00,98.9406300671221
2025-05-30 10:00:00,98.5753140283614
2025-05-30 11:00:00,98.6735441658305
2025-05-30 12:00:00,98.9745850553689
2025-05-30 13:00:00,99.6885170389372
2025-05-30 14:00:00,97.9126049857296
2025-05-30 15:00:00,99.1256477605632
2025-05-30 16:00:00,98.4365406816352
2025-05-30 17:00:00,100.098947949931
2025-05-30 18:00:00,98.89368968367
2025-05-30 19:00:00,99.2618675162072
2025-05-30 20:00:00,98.8624527358127
2025-05-30 21:00:00,98.3387817399768
2025-05-30 22:00:00,99.4884177458722
2025-05-30 23:00:00,99.8598086780285
2025-05-31 00:00:00,98.9594014178127
2025-05-31 01:00:00,100.555646438837
2025-05-31 02:00:00,98.3906947341553
2025-05-31 03:00:00,99.1640661994354
2025-05-31 05:00:00,98.8473755446245
2025-05-31 06:00:00,97.5636779623236
2025-05-31 07:00:00,99.5849233075484
2025-05-31 09:00:00,100.326137331081
2025-05-31 10:00:00,99.325479823132
2025-05-31 11:00:00,98.5161935660212
2025-05-31 12:00:00,99.5971226274049
2025-05-31 13:00:00,99.390190207837
2025-05-31 14:00:00,99.4830925694358
2025-05-31 15:00:00,98.4222303530106
2025-05-31 16:00:00,97.4427864111067
2025-05-31 17:00:00,98.6174168621429
2025-05-31 18:00:00,97.6003742669006
2025-05-31 19:00:00,97.5976513695641
2025-05-31 20:00:00,98.0192401195587
2025-05-31 21:00:00,98.2796671316879
2025-05-31 22:00:00,99.9531741797822
2025-05-31 23:00:00,98.269560250751
2025-06-01 00:00:00,101.097478242392
2025-06-01 12:00:00,95.9256247763228
2025-06-01 13:00:00,100.285099520443
2025-06-01 14:00:00,98.4337105085349
2025-06-01 15:00:00,94.107157178086
2025-06-01 16:00:00,98.1722264862086
2025-06-01 17:00:00,98.6451864933487
2025-06-01 18:00:00,100.560652899365
2025-06-01 19:00:00,101.019459347931
2025-06-01 20:00:00,98.1750261726953
2025-06-01 21:00:00,105.786027753842
2025-06-01 22:00:00,98.2957578162264
2025-06-01 23:00:00,101.596500503265
2025-06-02 00:00:00,76.8421873305945
2025-06-02 01:00:00,96.5460535797162
2025-06-02 02:00:00,100.269351867546
2025-06-02 03:00:00,102.999463097089
2025-06-02 04:00:00,110.799627394322
2025-06-02 05:00:00,100.265845943065
2025-06-02 06:00:00,97.1369985201418
2025-06-02 07:00:00,97.815547631164
2025-06-02 08:00:00,101.448425369277
2025-06-02 09:00:00,100.955525390748
2025-06-02 10:00:00,97.9787742950639
2025-06-02 11:00:00,96.9400192816141
2025-06-02 12:00:00,97.5202534119092
2025-06-02 13:00:00,91.7802958285745
2025-06-02 14:00:00,93.3803564012044
2025-06-02 15:00:00,98.3864877850336
2025-06-02 16:00:00,103.599275543874
2025-06-02 17:00:00,103.241705332662
2025-06-02 18:00:00,98.2253591887955
2025-06-02 19:00:00,100.250868107404
2025-06-02 20:00:00,97.0193340371304
2025-06-02 21:00:00,101.532319654695
2025-06-02 22:00:00,95.2060386194669
2025-06-02 23:00:00,100.484700587481
2025-06-03 00:00:00,99.7356951100743
2025-06-03 01:00:00,102.093627793375
2025-06-03 02:00:00,100.274091123116
2025-06-03 03:00:00,105.270107665473
2025-06-03 04:00:00,97.0416309260231
2025-06-03 05:00:00,99.6111543953075
2025-06-03 06:00:00,98.5357811469909
2025-06-03 08:00:00,98.7843520266418
2025-06-03 09:00:00,94.4637703851421
2025-06-03 10:00:00,98.5731737304514
2025-06-03 11:00:00,105.335375639817
2025-06-03 12:00:00,99.6676303639862
2025-06-03 13:00:00,100.184923253129
2025-06-03 14:00:00,98.8748103519635
2025-06-03 15:00:00,99.5912138447599
2025-06-03 16:00:00,99.9928328730932
2025-06-03 17:00:00,99.5613894701967
2025-06-03 18:00:00,98.698732082404
2025-06-03 19:00:00,97.8824595433466
2025-06-03 20:00:00,105.195304465021
2025-06-03 21:00:00,93.1977355211722
2025-06-03 22:00:00,101.034406140467
2025-06-03 23:00:00,98.7479928165082
2025-06-04 00:00:00,
2025-06-04 01:00:00,
2025-06-04 02:00:00,
2025-06-04 03:00:00,
2025-06-04 04:00:00,
2025-06-04 05:00:00,
2025-06-04 06:00:00,
2025-06-04 07:00:00,
2025-06-04 08:00:00,
2025-06-04 09:00:00,
2025-06-04 10:00:00,
2025-06-04 11:00:00,
2025-06-04 12:00:00,
2025-06-04 13:00:00,
2025-06-04 14:00:00,
2025-06-04 15:00:00,
2025-06-04 16:00:00,
2025-06-04 17:00:00,
2025-06-04 18:00:00,
2025-06-04 19:00:00,
2025-06-04 20:00:00,
2025-06-04 21:00:00,
2025-06-04 22:00:00,
2025-06-04 23:00:00,
2025-06-05 00:00:00,109.063041987736
2025-06-05 01:00:00,108.106137806119
2025-06-05 02:00:00,107.316773393215
2025-06-05 03:00:00,110.261161959932
2025-06-05 04:00:00,110.471366581941
2025-06-05 10:00:00,104.67530458061
2025-06-05 11:00:00,109.656229141777
2025-06-05 12:00:00,107.665490961237
2025-06-05 13:00:00,108.030655404498
2025-06-05 14:00:00,110.637423349079
2025-06-05 15:00:00,108.438490760987
2025-06-05 16:00:00,106.941042226429
2025-06-05 17:00:00,108.974077266093
2025-06-05 18:00:00,107.394921497589
2025-06-05 19:00:00,111.156930226626
2025-06-05 20:00:00,105.098621809126
2025-06-05 21:00:00,106.976974210637
2025-06-05 22:00:00,107.363377964212
2025-06-05 23:00:00,108.025778502306
2025-06-06 00:00:00,107.613844365711
2025-06-06 01:00:00,107.855926621321
2025-06-06 02:00:00,106.197271006521
2025-06-06 03:00:00,105.672567825096
2025-06-06 04:00:00,109.843094066777
2025-06-06 06:00:00,105.106831498837
2025-06-06 07:00:00,107.557011976612
2025-06-06 08:00:00,105.738414384254
2025-06-06 09:00:00,107.646464157208
2025-06-06 10:00:00,108.941258225057
2025-06-06 11:00:00,106.948036318243
2025-06-06 12:00:00,108.112893289933
2025-06-06 13:00:00,106.655241251725
2025-06-06 14:00:00,106.28919559381
2025-06-06 15:00:00,105.964709224095
2025-06-06 16:00:00,106.811941943981
2025-06-06 17:00:00,105.936089932563
2025-06-06 18:00:00,107.560982495067
2025-06-06 19:00:00,105.866817918341
2025-06-06 20:00:00,107.534814908732
2025-06-06 21:00:00,108.227720812248
2025-06-06 22:00:00,109.244381781859
2025-06-06 23:00:00,109.606852217986
2025-06-07 00:00:00,110.089973827165
2025-06-07 08:00:00,105.630491378192
2025-06-07 09:00:00,107.443960733357
2025-06-07 10:00:00,109.966183378905
2025-06-07 11:00:00,106.053710852644
2025-06-07 12:00:00,105.682526963936
2025-06-07 13:00:00,107.849516562905
2025-06-07 14:00:00,107.137684232057
2025-06-07 15:00:00,111.359828991909
2025-06-07 16:00:00,109.154840161854
2025-06-07 17:00:00,110.750438629804
2025-06-07 18:00:00,107.526178937553
2025-06-07 19:00:00,107.483901541603
2025-06-07 20:00:00,110.073585932019
2025-06-07 21:00:00,108.441387268806
2025-06-07 22:00:00,105.024078476312
2025-06-07 23:00:00,111.501776887016
2025-06-08 00:00:00,109.416038671498
2025-06-08 01:00:00,110.046660638699
2025-06-08 02:00:00,108.460434675318
2025-06-08 03:00:00,110.483740365344
2025-06-08 04:00:00,109.697458305589
2025-06-08 05:00:00,111.203524530508
2025-06-08 06:00:00,112.953051247542
2025-06-08 07:00:00,104.533913037169
2025-06-08 08:00:00,108.729940511004
2025-06-08 09:00:00,112.964396402944
2025-06-08 10:00:00,109.786632326069
2025-06-08 11:00:00,107.155436255523
2025-06-08 12:00:00,107.42590736187
2025-06-08 13:00:00,109.54823580461
2025-06-08 14:00:00,109.426170002501
2025-06-08 15:00:00,103.321308656526
2025-06-08 16:00:00,102.673476316539
2025-06-08 17:00:00,102.321523651198
2025-06-08 18:00:00,103.095615052334
2025-06-08 19:00:00,114.949096079955
2025-06-08 20:00:00,110.013361340395
2025-06-08 21:00:00,115.299254317985
2025-06-08 22:00:00,98.3506244559317
2025-06-08 23:00:00,109.447153264425
2025-06-09 00:00:00,109.061225294006
2025-06-09 01:00:00,110.662525656831
2025-06-09 02:00:00,108.178572545335
2025-06-09 03:00:00,106.102039267101
2025-06-09 04:00:00,110.97795688938
2025-06-09 05:00:00,102.263925939527
2025-06-09 06:00:00,102.481108531234
2025-06-09 07:00:00,106.571528891554
2025-06-09 08:00:00,107.427848701854
2025-06-09 09:00:00,110.763215245068
2025-06-09 10:00:00,111.962310967679
2025-06-09 11:00:00,104.660825164296
2025-06-09 12:00:00,106.350291749111
2025-06-09 13:00:00,113.667664212652
2025-06-09 14:00:00,109.436328527259
2025-06-09 15:00:00,110.051143913704
2025-06-09 16:00:00,108.304417097466
2025-06-09 17:00:00,103.259763396675
2025-06-09 18:00:00,107.489551093657
2025-06-09 19:00:00,106.199596888208
2025-06-09 20:00:00,108.760673533517
2025-06-09 21:00:00,109.579762763884
2025-06-09 22:00:00,105.264408408693
2025-06-09 23:00:00,112.774707093527
2025-06-10 00:00:00,103.614358942111
2025-06-10 01:00:00,111.163122350598
2025-06-10 02:00:00,102.592200246005
2025-06-10 03:00:00,101.263699089196
2025-06-10 04:00:00,105.202422524548
2025-06-10 05:00:00,111.488422617515
2025-06-10 07:00:00,104.403629234941
2025-06-10 08:00:00,111.325229685126
2025-06-10 09:00:00,106.293623547571
2025-06-10 10:00:00,102.705801417827
2025-06-10 11:00:00,101.911299057841
2025-06-10 12:00:00,118.60143290161
2025-06-10 13:00:00,108.998475535227
2025-06-10 14:00:00,107.10037019452
2025-06-10 15:00:00,105.987438242375
2025-06-10 16:00:00,104.46981665039
2025-06-10 17:00:00,101.757283053265
2025-06-10 18:00:00,110.141274726375
2025-06-10 19:00:00,111.237641931048
2025-06-10 20:00:00,105.608539712863
2025-06-10 21:00:00,109.767794868847
2025-06-10 22:00:00,105.590735245198
2025-06-10 23:00:00,107.368909910317
2025-06-11 00:00:00,108.010455356381
2025-06-11 01:00:00,106.11820628105
2025-06-11 02:00:00,104.356361414246
2025-06-11 14:00:00,108.321095869278
2025-06-11 15:00:00,105.421063337456
2025-06-11 16:00:00,105.207889017133
2025-06-11 17:00:00,108.697222731581
2025-06-11 18:00:00,111.54030196915
2025-06-11 19:00:00,99.6875839985843
2025-06-11 20:00:00,107.928705817927
2025-06-11 21:00:00,100.924644680309
2025-06-11 22:00:00,107.034315367914
2025-06-11 23:00:00,104.445180564946
2025-06-12 00:00:00,107.894775584731
2025-06-12 02:00:00,103.612381717288
2025-06-12 04:00:00,109.268315718372
2025-06-12 06:00:00,110.558779524869
2025-06-12 07:00:00,105.350697135837
2025-06-12 08:00:00,109.505207696986
2025-06-12 09:00:00,108.104341525352
2025-06-12 10:00:00,104.43116686706
2025-06-12 11:00:00,113.882335093071
2025-06-12 12:00:00,108.334070222802
2025-06-12 13:00:00,98.407661807169
2025-06-12 14:00:00,108.054905731361
2025-06-12 15:00:00,114.024675005508
2025-06-12 16:00:00,107.72413028669
2025-06-12 17:00:00,104.392716146546
2025-06-12 18:00:00,104.585430457812
2025-06-12 19:00:00,98.8060012833658
2025-06-12 20:00:00,112.427843217042
2025-06-12 21:00:00,108.063126128078
2025-06-12 22:00:00,102.660267242182
2025-06-12 23:00:00,111.981657831219
2025-06-13 00:00:00,103.752987096974
2025-06-13 01:00:00,105.986204781534
2025-06-13 02:00:00,110.194110723412
2025-06-13 03:00:00,109.454481940258
2025-06-13 04:00:00,104.017825256792
2025-06-13 05:00:00,104.479424702126
2025-06-13 06:00:00,107.979514322249
2025-06-13 07:00:00,108.969832002015
2025-06-13 10:00:00,114.835986100316
2025-06-13 11:00:00,106.361362684256
2025-06-13 12:00:00,106.811854423005
2025-06-13 13:00:00,103.801832331412
2025-06-13 14:00:00,111.695952767342
2025-06-13 15:00:00,107.308799781229
2025-06-13 16:00:00,100.193011123399
2025-06-13 17:00:00,114.810617769211
2025-06-13 18:00:00,106.774828597357
2025-06-13 19:00:00,107.8299415674
2025-06-13 20:00:00,107.430264116324
2025-06-13 21:00:00,104.702345329661
2025-06-13 22:00:00,105.214272392431
2025-06-13 23:00:00,109.310554461283
2025-06-14 00:00:00,102.633102806719
2025-06-14 01:00:00,106.003175138909
2025-06-14 02:00:00,102.95871462917
2025-06-14 03:00:00,108.54731929505
2025-06-14 04:00:00,113.652141357026
2025-06-14 05:00:00,104.302902050267
2025-06-14 06:00:00,106.860411757552
2025-06-14 07:00:00,105.482786592634
2025-06-14 08:00:00,108.58085229515
2025-06-14 09:00:00,107.13916794845
2025-06-14 10:00:00,112.592541386461
2025-06-14 11:00:00,100.607202105906
2025-06-14 12:00:00,110.055472551582
2025-06-14 13:00:00,107.620938500892
2025-06-14 14:00:00,103.480376352304
2025-06-15 02:00:00,104.649500015129
2025-06-15 03:00:00,109.408995994645
2025-06-15 04:00:00,113.568252020697
2025-06-15 05:00:00,109.994746322869
2025-06-15 06:00:00,112.486534725127
2025-06-15 07:00:00,108.847427977629
2025-06-15 08:00:00,108.396734005204
2025-06-15 09:00:00,108.220924668431
2025-06-15 10:00:00,108.883859085111
2025-06-15 11:00:00,107.980206302692
2025-06-15 12:00:00,99.5254876554933
2025-06-15 13:00:00,106.933792398229
2025-06-15 14:00:00,113.011350665109
2025-06-15 15:00:00,105.460470042277
2025-06-15 16:00:00,106.851821437023
2025-06-15 17:00:00,104.077665203918
2025-06-15 18:00:00,109.104260854025
2025-06-15 19:00:00,103.21730805744
2025-06-15 20:00:00,107.230402839371
2025-06-15 21:00:00,111.83190602597
2025-06-15 22:00:00,107.631080622493
2025-06-15 23:00:00,108.729933085524
2025-06-16 00:00:00,106.070229811525
2025-06-16 01:00:00,109.382171010311
2025-06-16 02:00:00,110.65254423473
2025-06-16 03:00:00,108.871253211533
2025-06-16 04:00:00,106.410510987866
2025-06-16 05:00:00,98.957718984012
2025-06-16 06:00:00,107.400644532613
2025-06-16 07:00:00,109.890681677386
2025-06-16 08:00:00,104.498267354122
2025-06-16 09:00:00,106.125756200191
2025-06-16 10:00:00,104.129710300856
2025-06-16 11:00:00,104.392959537634
2025-06-16 12:00:00,101.031043231005
2025-06-16 13:00:00,107.721352419837
2025-06-16 14:00:00,109.64797611703
2025-06-16 15:00:00,111.891409906123
2025-06-16 16:00:00,104.526950423417
2025-06-16 17:00:00,105.348743670844
2025-06-16 18:00:00,
2025-06-16 19:00:00,102.010640326713
2025-06-16 20:00:00,107.15430606134
2025-06-16 21:00:00,106.264072199537
2025-06-16 22:00:00,114.994818962974
2025-06-16 23:00:00,104.997677830029
2025-06-17 00:00:00,102.825336614966
2025-06-17 01:00:00,104.795093480647
2025-06-17 02:00:00,102.35261291617
2025-06-17 03:00:00,104.179991475214
2025-06-17 04:00:00,112.104049221686
2025-06-17 05:00:00,109.333738967287
2025-06-17 06:00:00,105.059809007689
2025-06-17 07:00:00,106.301360672941
2025-06-17 09:00:00,108.69916636672
2025-06-17 10:00:00,106.216495630087
2025-06-17 11:00:00,103.822966646606
2025-06-17 12:00:00,112.555184650154
2025-06-17 13:00:00,103.876478820826
2025-06-17 14:00:00,106.689021902065
2025-06-17 15:00:00,106.058244014853
2025-06-17 16:00:00,107.5638319618
2025-06-17 17:00:00,106.609479428783
2025-06-17 18:00:00,107.644765637437
2025-06-17 19:00:00,106.976237981569
2025-06-17 20:00:00,109.493402833403
2025-06-17 21:00:00,109.868386299645
2025-06-17 22:00:00,106.760745343628
2025-06-17 23:00:00,107.442642864218
2025-06-18 00:00:00,108.548016154371
2025-06-18 01:00:00,98.5645381257308
2025-06-18 02:00:00,107.162483457512
2025-06-18 03:00:00,102.083660228902
2025-06-18 04:00:00,109.020347174506
2025-06-18 05:00:00,109.553182297823
2025-06-18 06:00:00,82.2397707158037
2025-06-18 07:00:00,104.05350821382
2025-06-18 08:00:00,108.087242339817
2025-06-18 09:00:00,104.698786882391
2025-06-18 10:00:00,109.83996795337
2025-06-18 11:00:00,103.917521263813
2025-06-18 12:00:00,104.087258682892
2025-06-18 13:00:00,104.586119738117
2025-06-18 14:00:00,111.471164384206
2025-06-18 15:00:00,105.734767984905
2025-06-18 16:00:00,106.08275960591
2025-06-18 17:00:00,106.48887678739
2025-06-18 18:00:00,106.374520828011
2025-06-18 19:00:00,101.904302466936
2025-06-18 20:00:00,102.541812552547
2025-06-18 21:00:00,89.9997751275524
2025-06-18 22:00:00,110.074682787104
2025-06-18 23:00:00,129.316024029178
2025-06-19 00:00:00,111.530433861415
2025-06-19 01:00:00,106.550229739748
2025-06-19 02:00:00,109.842465505989
2025-06-19 03:00:00,103.837277446635
2025-06-19 04:00:00,106.907170532993
2025-06-19 05:00:00,112.066552109678
2025-06-19 06:00:00,104.14480103122
2025-06-19 07:00:00,104.69463297703
2025-06-19 08:00:00,106.85457764225
2025-06-19 09:00:00,108.506432506621
2025-06-19 10:00:00,111.320888127429
2025-06-19 11:00:00,110.334209588164
2025-06-19 12:00:00,110.819899904021
2025-06-19 13:00:00,109.006508122032
2025-06-19 14:00:00,106.738725506419
2025-06-19 15:00:00,105.871352106691
2025-06-19 16:00:00,104.914972493037
2025-06-19 17:00:00,104.883626158391
2025-06-19 18:00:00,105.680225761808
2025-06-19 19:00:00,106.894209311659
2025-06-19 20:00:00,100.77971781
2025-06-19 21:00:00,107.233947656164
2025-06-19 22:00:00,108.539404103282
2025-06-19 23:00:00,107.467747752311
2025-06-20 00:00:00,106.764177279461
2025-06-20 01:00:00,104.896273238522
2025-06-20 02:00:00,109.331192518769
2025-06-20 03:00:00,110.65973877555
2025-06-20 04:00:00,105.725528284258
2025-06-20 05:00:00,104.040778055739
2025-06-20 06:00:00,107.354760135672
2025-06-20 10:00:00,103.354145338976
2025-06-20 11:00:00,125.991065800403
2025-06-20 12:00:00,108.613118708593
2025-06-20 13:00:00,103.495044743735
2025-06-20 14:00:00,111.780917572288
2025-06-20 15:00:00,105.808432307918
2025-06-20 16:00:00,105.628371814339
2025-06-20 17:00:00,109.050425877049
2025-06-20 18:00:00,109.054383480738
2025-06-20 19:00:00,109.673190822603
2025-06-20 20:00:00,101.877901187018
2025-06-20 21:00:00,107.845148479551
2025-06-20 22:00:00,105.268503879672
2025-06-20 23:00:00,103.495066714101
2025-06-21 00:00:00,106.320845567956
2025-06-21 01:00:00,108.330947464839
2025-06-21 02:00:00,107.846677187237
2025-06-21 03:00:00,111.683950140565
2025-06-21 04:00:00,106.626601870258
2025-06-21 05:00:00,104.605412800645
2025-06-21 06:00:00,103.135803262059
2025-06-21 07:00:00,100.287731742776
2025-06-21 08:00:00,105.201728979542
2025-06-21 11:00:00,103.777664915639
2025-06-21 12:00:00,113.089557871211
2025-06-21 13:00:00,103.294684944597
2025-06-21 14:00:00,106.720656234511
2025-06-21 15:00:00,106.259928743093
2025-06-21 16:00:00,107.493478455048
2025-06-21 17:00:00,109.149528227638
2025-06-21 18:00:00,108.446626123669
2025-06-21 19:00:00,111.039475822584
2025-06-21 20:00:00,103.239727416459
2025-06-21 21:00:00,110.270516296504
2025-06-21 22:00:00,109.880157679527
2025-06-21 23:00:00,101.483545535843
2025-06-22 00:00:00,105.628597962851
2025-06-22 01:00:00,101.9859047125
2025-06-22 02:00:00,103.089605074341
2025-06-22 04:00:00,113.057086072172
2025-06-22 05:00:00,107.041886218565
2025-06-22 08:00:00,102.540917168034
2025-06-22 09:00:00,80.8337345546948
2025-06-22 10:00:00,103.938891589802
2025-06-22 11:00:00,110.831509115853
2025-06-22 12:00:00,104.62845832237
2025-06-22 13:00:00,99.5194015369188
2025-06-22 14:00:00,108.42134381359
2025-06-22 15:00:00,102.410076677234
2025-06-22 16:00:00,103.186511619314
2025-06-22 17:00:00,107.737002431533
2025-06-22 18:00:00,106.058922222695
2025-06-22 19:00:00,102.516939866274
2025-06-22 20:00:00,131.164729766489
2025-06-22 21:00:00,106.89974214242
2025-06-22 22:00:00,105.021302134593
2025-06-22 23:00:00,107.946819658403
2025-06-23 00:00:00,
2025-06-23 01:00:00,109.444911670124
2025-06-23 02:00:00,111.323875906049
2025-06-23 03:00:00,104.258685488425
2025-06-23 04:00:00,113.035676733203
2025-06-23 15:00:00,101.299729945051
2025-06-23 16:00:00,108.733494303604
2025-06-23 17:00:00,109.182130731356
2025-06-23 18:00:00,105.139136490452
2025-06-23 19:00:00,100.160464360207
2025-06-23 20:00:00,110.051431349774
2025-06-23 21:00:00,101.823473531463
2025-06-23 22:00:00,105.504490963948
2025-06-23 23:00:00,108.94401244829
2025-06-24 01:00:00,106.495106023491
2025-06-24 02:00:00,104.126814208183
2025-06-24 03:00:00,105.736491511915
2025-06-24 05:00:00,104.810637349346
2025-06-24 06:00:00,101.957201889198
2025-06-24 07:00:00,109.248321107155
2025-06-24 10:00:00,107.410376964422
2025-06-24 11:00:00,106.062557898138
2025-06-24 12:00:00,105.874466846628
2025-06-24 13:00:00,103.511366717216
2025-06-24 14:00:00,102.972988281953
2025-06-24 15:00:00,100.906811272149
2025-06-24 16:00:00,106.331495758057
2025-06-24 17:00:00,108.252874077661
2025-06-24 18:00:00,103.573739115768
2025-06-24 19:00:00,111.254554375354
2025-06-24 20:00:00,111.985471069525
2025-06-24 21:00:00,108.83140951812
2025-06-24 22:00:00,105.877709543221
2025-06-24 23:00:00,105.324347920466
2025-06-25 00:00:00,108.818743031211
2025-06-25 01:00:00,108.3009471643
2025-06-25 02:00:00,105.663407321822
2025-06-25 03:00:00,101.640576014768
2025-06-25 04:00:00,103.185047545479
2025-06-25 05:00:00,105.520213861712
2025-06-25 18:00:00,106.389217372606
2025-06-25 19:00:00,107.848242185074
2025-06-25 20:00:00,106.355107577048
2025-06-25 21:00:00,106.798256597424
2025-06-25 22:00:00,109.611339061382
2025-06-25 23:00:00,112.621369049201
2025-06-26 00:00:00,107.01089291597
2025-06-26 01:00:00,114.8283037405
2025-06-26 02:00:00,105.846245399389
2025-06-26 03:00:00,110.177412910827
2025-06-26 04:00:00,111.073100466887
2025-06-26 06:00:00,99.0429055598199
2025-06-26 10:00:00,100.622169564003
2025-06-26 11:00:00,105.529123271442
2025-06-26 12:00:00,114.18559804982
2025-06-26 13:00:00,103.481444170972
2025-06-26 14:00:00,107.285897162149
2025-06-26 15:00:00,107.742032545535
2025-06-26 16:00:00,101.067630262516
2025-06-26 17:00:00,104.945790839507
2025-06-26 18:00:00,111.089446173596
2025-06-26 19:00:00,106.672190750094
2025-06-26 20:00:00,113.539478428045
2025-06-26 21:00:00,101.287285827128
2025-06-26 22:00:00,111.854102276259
2025-06-26 23:00:00,107.110018945822
2025-06-27 00:00:00,111.382096144601
2025-06-27 01:00:00,111.861635797607
2025-06-27 02:00:00,104.431360815553
2025-06-27 03:00:00,107.310870542749
2025-06-27 04:00:00,102.958371461883
2025-06-27 05:00:00,106.990064262969
2025-06-27 06:00:00,97.3457951116977
2025-06-27 07:00:00,106.185804297985
2025-06-27 08:00:00,107.531129795456
2025-06-27 09:00:00,107.616269147032
2025-06-27 10:00:00,105.975946901669
2025-06-27 11:00:00,108.439073412441
2025-06-27 12:00:00,103.941449140179
2025-06-27 13:00:00,109.108124646044
2025-06-27 14:00:00,105.014601722211
2025-06-27 15:00:00,104.224283668711
2025-06-27 16:00:00,106.745135688014
2025-06-27 17:00:00,101.056673446825
2025-06-27 18:00:00,106.505709761653
2025-06-27 19:00:00,105.508273675514
2025-06-27 20:00:00,104.021545944815
2025-06-27 21:00:00,103.168610046462
2025-06-27 22:00:00,107.816910020614
2025-06-27 23:00:00,107.457656575137
2025-06-28 00:00:00,104.170100776965
2025-06-28 01:00:00,101.927649397778
2025-06-28 02:00:00,109.962650401511
2025-06-28 03:00:00,99.9525323954767
2025-06-28 04:00:00,105.634865647909
2025-06-28 05:00:00,99.2765177273832
2025-06-28 19:00:00,113.782117540657
2025-06-28 21:00:00,105.861301479734
2025-06-28 22:00:00,109.81864517051
2025-06-28 23:00:00,106.133077920192
2025-06-29 00:00:00,104.436309677721
2025-06-29 01:00:00,110.251375395428
2025-06-29 02:00:00,105.018551509653
2025-06-29 03:00:00,100.944296455593
2025-06-29 04:00:00,105.77006447931
2025-06-29 07:00:00,103.872540089207
2025-06-29 13:00:00,104.295427215741
2025-06-29 14:00:00,101.74555558925
2025-06-29 15:00:00,107.396752175834
2025-06-29 16:00:00,105.326971318937
2025-06-29 17:00:00,106.834256060721
2025-06-29 18:00:00,103.535181796562
2025-06-29 19:00:00,112.957150470705
2025-06-29 20:00:00,104.256940711748
2025-06-29 21:00:00,101.324119355555
2025-06-29 22:00:00,103.574427417087
2025-06-29 23:00:00,107.809632955858
2025-06-30 00:00:00,107.117270128859
2025-06-30 01:00:00,105.327811119066
2025-06-30 02:00:00,99.5452106974681
2025-06-30 03:00:00,103.127504947963
2025-06-30 04:00:00,104.334095566504
2025-06-30 05:00:00,106.16794370315
2025-06-30 07:00:00,96.3821324078779
2025-06-30 09:00:00,104.158143678632
2025-06-30 10:00:00,109.230361622545
2025-06-30 11:00:00,107.339599666633
2025-06-30 12:00:00,104.804354054101
2025-06-30 13:00:00,108.101502256075
2025-06-30 14:00:00,102.781443628356
2025-06-30 15:00:00,105.929353988288
2025-06-30 16:00:00,107.244767413617
2025-06-30 17:00:00,98.577957601845
2025-06-30 18:00:00,105.439872255668
2025-06-30 19:00:00,91.0601634024918
2025-06-30 20:00:00,104.223303220428
2025-06-30 21:00:00,110.708851964136
2025-06-30 22:00:00,96.2909701662652
2025-06-30 23:00:00,104.277184385789
2025-07-01 00:00:00,108.7131780527
2025-07-01 01:00:00,109.346297079294
2025-07-01 02:00:00,107.575487980726
2025-07-01 03:00:00,104.273147472034
2025-07-01 04:00:00,107.338504176175
2025-07-01 05:00:00,105.82902920594
2025-07-01 12:00:00,110.850274487104
2025-07-01 13:00:00,105.171994937737
2025-07-01 14:00:00,104.639729162654
2025-07-01 15:00:00,103.039102546455
2025-07-01 16:00:00,123.742321492852
2025-07-01 17:00:00,104.788963968005
2025-07-01 18:00:00,106.519729234924
2025-07-01 19:00:00,105.606384011964
2025-07-01 20:00:00,105.100153386756
2025-07-01 21:00:00,104.607745965833
2025-07-01 22:00:00,104.986837268079
2025-07-01 23:00:00,104.441659602163
2025-07-02 00:00:00,105.053650784806
2025-07-02 01:00:00,105.369352071307
2025-07-02 02:00:00,102.849678831802
2025-07-02 03:00:00,104.647663445956
2025-07-02 04:00:00,106.537737421005
2025-07-02 05:00:00,106.020693957805
2025-07-02 06:00:00,105.095053590148
2025-07-02 09:00:00,106.053430437023
2025-07-02 10:00:00,104.768158688017
2025-07-02 11:00:00,104.084134648442
2025-07-02 12:00:00,99.8394774016732
2025-07-02 13:00:00,106.317476172877
2025-07-02 14:00:00,102.059693945641
2025-07-02 15:00:00,105.027346520466
2025-07-02 16:00:00,105.42509987685
2025-07-02 17:00:00,102.520390904366
2025-07-02 18:00:00,102.8739349273
2025-07-02 19:00:00,106.717691295943
2025-07-02 20:00:00,104.255448209552
2025-07-02 21:00:00,104.81173743586
2025-07-02 22:00:00,108.861772229322
2025-07-02 23:00:00,105.729591812769
2025-07-03 00:00:00,105.479303544209
2025-07-03 01:00:00,105.519679859434
2025-07-03 02:00:00,105.721317801309
2025-07-03 03:00:00,103.301240356511
2025-07-03 04:00:00,108.608849151044
2025-07-03 05:00:00,106.734267248516
2025-07-03 07:00:00,106.020871226729
2025-07-03 09:00:00,104.945708836733
2025-07-03 10:00:00,105.895220788226
2025-07-03 11:00:00,108.029048861047
2025-07-03 12:00:00,106.707880311092
2025-07-03 13:00:00,107.369084651004
2025-07-03 14:00:00,106.880186146612
2025-07-04 03:00:00,103.603261767814
2025-07-04 04:00:00,102.290747354315
2025-07-04 07:00:00,105.908230150446
2025-07-04 09:00:00,107.108026250003
2025-07-04 10:00:00,102.816511755276
2025-07-04 11:00:00,106.683061813662
2025-07-04 12:00:00,106.794161567671
2025-07-04 13:00:00,107.619843213787
2025-07-04 14:00:00,107.28243841652
2025-07-04 15:00:00,103.538992644296
2025-07-04 16:00:00,105.449205771305
2025-07-04 17:00:00,105.070024384926
2025-07-04 18:00:00,102.910476753046
2025-07-04 19:00:00,108.128026867983
2025-07-04 20:00:00,107.414044020494
2025-07-04 21:00:00,106.820404016225
2025-07-04 22:00:00,100.512060905953
2025-07-04 23:00:00,103.770238831658
2025-07-05 00:00:00,121.498161051266
2025-07-05 01:00:00,102.311845875969
2025-07-05 02:00:00,107.559834417897
2025-07-05 03:00:00,103.602392647824
2025-07-05 04:00:00,104.593071667755
2025-07-05 05:00:00,106.344337563219
2025-07-05 06:00:00,105.376635669466
2025-07-05 07:00:00,103.106748864101
2025-07-05 08:00:00,104.037405871301
2025-07-05 09:00:00,105.911742056639
2025-07-05 10:00:00,105.117280742831
2025-07-05 11:00:00,104.514606862367
2025-07-05 12:00:00,101.864035013541
2025-07-05 13:00:00,103.639643051867
2025-07-05 14:00:00,106.859563110385
2025-07-05 15:00:00,106.757922096395
2025-07-05 16:00:00,103.995106524623
2025-07-05 17:00:00,107.012868182257
2025-07-05 18:00:00,104.969784820469
2025-07-05 19:00:00,103.880296486167
2025-07-05 20:00:00,103.813971999549
2025-07-05 21:00:00,103.926623721546
2025-07-05 22:00:00,106.541889816249
2025-07-05 23:00:00,110.306671475433
2025-07-06 00:00:00,105.167682469781
2025-07-06 01:00:00,107.657829280779
2025-07-06 02:00:00,
2025-07-06 03:00:00,
2025-07-06 04:00:00,
2025-07-06 05:00:00,86.3543479623441
2025-07-06 06:00:00,102.849875269439
2025-07-06 07:00:00,102.738971436789
2025-07-06 08:00:00,102.822946665478
2025-07-06 09:00:00,102.927515037409
2025-07-06 10:00:00,108.132232819732
2025-07-06 11:00:00,104.555281126553
2025-07-06 12:00:00,104.266400950102
2025-07-06 13:00:00,106.081538495695
2025-07-06 14:00:00,105.736402771198
2025-07-06 15:00:00,105.588794479497
2025-07-06 16:00:00,101.356949928492
2025-07-06 17:00:00,102.457952507357
2025-07-07 04:00:00,108.315003570084
2025-07-07 05:00:00,105.555342453458
2025-07-07 06:00:00,103.079009941939
2025-07-07 07:00:00,105.378099095315
2025-07-07 08:00:00,103.91093835485
2025-07-07 09:00:00,105.106806254785
2025-07-07 10:00:00,107.169284871882
2025-07-07 11:00:00,104.046931242678
2025-07-07 12:00:00,104.079899558284
2025-07-07 13:00:00,102.570867380539
2025-07-07 14:00:00,104.199360041839
2025-07-07 15:00:00,105.748625246718
2025-07-07 16:00:00,104.795007455994
2025-07-07 17:00:00,107.832090969528
2025-07-07 18:00:00,103.953383842398
2025-07-07 19:00:00,105.340673858018
2025-07-07 20:00:00,108.326767423491
2025-07-07 21:00:00,105.466351593998
2025-07-07 22:00:00,107.790484139787
2025-07-07 23:00:00,105.110580919478
2025-07-08 00:00:00,102.85849793427
2025-07-08 01:00:00,105.573830778316
2025-07-08 02:00:00,108.247449958008
2025-07-08 03:00:00,106.096075794574
2025-07-08 04:00:00,103.174950788622
2025-07-08 06:00:00,100.616782199138
2025-07-08 08:00:00,106.09180821449
2025-07-08 09:00:00,106.12406020082
2025-07-08 10:00:00,106.609345772505
2025-07-08 11:00:00,106.683374440739
2025-07-08 12:00:00,103.590430517395
2025-07-08 13:00:00,104.132241773628
2025-07-08 14:00:00,105.405061249619
2025-07-08 15:00:00,104.580642192369
2025-07-08 16:00:00,108.496949137731
2025-07-08 17:00:00,104.970505146208
2025-07-08 18:00:00,101.770047288147
2025-07-08 19:00:00,107.779881969026
2025-07-08 20:00:00,106.622521311697
2025-07-08 21:00:00,100.750155952277
2025-07-08 22:00:00,105.230071490768
2025-07-08 23:00:00,107.377083404235
2025-07-09 00:00:00,105.0496793437
2025-07-09 01:00:00,105.874962861354
2025-07-09 02:00:00,103.742747775148
2025-07-09 03:00:00,103.579777293499
2025-07-09 04:00:00,109.367303292544
2025-07-09 05:00:00,102.188809861684
2025-07-09 06:00:00,105.665214753521
2025-07-09 07:00:00,87.8895307190718
2025-07-09 09:00:00,104.021501276682
2025-07-09 10:00:00,104.172153538479
2025-07-09 11:00:00,103.977251186342
2025-07-09 12:00:00,103.825131367263
2025-07-09 13:00:00,106.553609159389
2025-07-09 14:00:00,
2025-07-09 15:00:00,
2025-07-09 16:00:00,105.305715016926
2025-07-09 17:00:00,105.859070074573
2025-07-09 18:00:00,103.769965164444
2025-07-09 19:00:00,104.594946436539
2025-07-09 20:00:00,104.66421331624
2025-07-09 21:00:00,102.038434349604
2025-07-09 22:00:00,102.675296582862
2025-07-09 23:00:00,109.241334048903
2025-07-10 00:00:00,
2025-07-10 01:00:00,
2025-07-10 02:00:00,
2025-07-10 03:00:00,
2025-07-10 04:00:00,101.317897583189
2025-07-10 05:00:00,107.81587102728
2025-07-10 06:00:00,106.055940842935
2025-07-10 07:00:00,104.958623410551
2025-07-10 08:00:00,106.045899995841
2025-07-10 09:00:00,108.019360189785
2025-07-10 10:00:00,104.230736009828
2025-07-10 11:00:00,105.366929700664
2025-07-10 12:00:00,105.397365748206
2025-07-10 13:00:00,107.70041340446
2025-07-10 14:00:00,105.398212357866
2025-07-10 15:00:00,103.495241983925
2025-07-10 16:00:00,107.049413085849
2025-07-10 17:00:00,102.518701421173
2025-07-10 18:00:00,108.228706274371
2025-07-10 19:00:00,106.539577233848
2025-07-11 06:00:00,105.63769658323
2025-07-11 07:00:00,101.72482575712
2025-07-11 10:00:00,102.624255134486
2025-07-11 11:00:00,104.772463972715
2025-07-11 12:00:00,102.950917396473
2025-07-11 13:00:00,103.543089801796
2025-07-11 14:00:00,102.83252710609
2025-07-11 15:00:00,106.063349495102
2025-07-11 16:00:00,103.336599171555
2025-07-11 17:00:00,98.6734584233784
2025-07-11 18:00:00,106.17190619884
2025-07-11 19:00:00,106.047963514556
2025-07-11 20:00:00,101.786064703145
2025-07-11 21:00:00,105.092311197526
2025-07-11 22:00:00,105.084167726681
2025-07-11 23:00:00,104.988678344175
2025-07-12 00:00:00,103.507867192004
2025-07-12 01:00:00,106.39711561629
2025-07-12 02:00:00,104.584375158563
2025-07-12 03:00:00,108.177024238334
2025-07-12 04:00:00,104.670282692361
2025-07-12 06:00:00,100.382440877284
2025-07-12 07:00:00,102.254183674286
2025-07-12 08:00:00,102.597892149077
2025-07-12 09:00:00,103.980407317348
2025-07-12 10:00:00,101.439640418615
2025-07-12 11:00:00,105.496755414906
2025-07-12 12:00:00,103.8305455564
2025-07-12 13:00:00,
2025-07-12 14:00:00,
2025-07-12 15:00:00,106.699246081228
2025-07-12 16:00:00,102.801186497378
2025-07-12 17:00:00,104.32825693135
2025-07-12 18:00:00,107.395052141
2025-07-12 19:00:00,104.137441938264
2025-07-12 20:00:00,108.359255388121
2025-07-12 21:00:00,105.092299798061
2025-07-12 22:00:00,103.740303747542
2025-07-12 23:00:00,106.375142432283
2025-07-13 00:00:00,105.459983794254
2025-07-13 01:00:00,103.989334156665
2025-07-13 02:00:00,116.825701140212
2025-07-13 03:00:00,102.985683069952
2025-07-13 04:00:00,104.604690609396
2025-07-13 05:00:00,103.05406474973
2025-07-13 06:00:00,99.3822207633923
2025-07-13 07:00:00,105.676152963788
2025-07-13 08:00:00,101.859520996662
2025-07-13 09:00:00,104.474410666475
2025-07-13 10:00:00,104.156063329759
2025-07-13 11:00:00,101.0680882647
2025-07-13 12:00:00,102.988773073963
2025-07-13 13:00:00,103.780665984557
2025-07-13 14:00:00,107.544132390604
2025-07-13 15:00:00,106.758188309611
2025-07-13 16:00:00,101.769815285659
2025-07-13 17:00:00,104.599730514328
2025-07-13 18:00:00,107.869845858882
2025-07-13 19:00:00,104.339001313913
2025-07-13 20:00:00,104.553426280177
2025-07-13 21:00:00,107.368858380199
2025-07-13 22:00:00,100.933801544741
2025-07-13 23:00:00,98.9271237388827
2025-07-14 00:00:00,103.464252183296
2025-07-14 01:00:00,101.861040646643
2025-07-14 02:00:00,106.357071428128
2025-07-14 03:00:00,106.892916399487
2025-07-14 04:00:00,103.96680941957
2025-07-14 05:00:00,106.209689960176
2025-07-14 06:00:00,101.381642421922
2025-07-14 08:00:00,100.34651332556
2025-07-14 09:00:00,109.843053209909
2025-07-14 10:00:00,104.089530804479
2025-07-14 11:00:00,125.432707437478
2025-07-14 12:00:00,99.735559806546
2025-07-14 13:00:00,100.687494660645
2025-07-14 14:00:00,103.813470467438
2025-07-14 15:00:00,106.31399539968
2025-07-14 16:00:00,104.433575549743
2025-07-14 17:00:00,106.649322968834
2025-07-14 18:00:00,105.453253086791
2025-07-14 19:00:00,106.059885922
2025-07-14 20:00:00,106.135506565867
2025-07-14 21:00:00,102.810199634439
2025-07-14 22:00:00,101.276329322454
2025-07-14 23:00:00,104.567124550057
2025-07-15 00:00:00,101.268972114301
2025-07-15 01:00:00,118.1370817496
2025-07-15 02:00:00,103.586185470456
2025-07-15 03:00:00,106.637291518125
2025-07-15 04:00:00,102.938262331985
2025-07-15 05:00:00,107.824356872994
2025-07-15 07:00:00,105.803346385454
2025-07-15 08:00:00,105.333916478505
2025-07-15 09:00:00,104.588028748855
2025-07-15 10:00:00,103.057119092465
2025-07-15 11:00:00,100.805619302228
2025-07-15 12:00:00,107.830709784525
2025-07-15 13:00:00,105.902631796142
2025-07-15 14:00:00,104.016049931805
2025-07-15 15:00:00,101.917000337364
2025-07-15 16:00:00,103.247264680799
2025-07-15 17:00:00,106.022809721635
2025-07-15 18:00:00,104.290541465793
2025-07-15 19:00:00,105.294930200195
2025-07-15 20:00:00,103.258492354543
2025-07-15 21:00:00,103.438467978819
2025-07-15 22:00:00,104.673277781218
2025-07-16 09:00:00,103.031323349756
2025-07-16 11:00:00,105.011728567246
2025-07-16 12:00:00,104.864049168398
2025-07-16 13:00:00,104.527682031685
2025-07-16 14:00:00,104.336354130758
2025-07-16 15:00:00,100.874964508414
2025-07-16 16:00:00,106.259461849389
2025-07-16 17:00:00,
2025-07-16 18:00:00,
2025-07-16 19:00:00,
2025-07-16 20:00:00,
2025-07-17 20:00:00,105.539263174908
2025-07-17 21:00:00,105.08174215911
2025-07-17 22:00:00,100.31656200186
2025-07-17 23:00:00,100.641022833879
2025-07-18 00:00:00,107.79247963879
2025-07-18 01:00:00,106.989658257555
2025-07-18 02:00:00,102.787808309721
2025-07-18 03:00:00,104.845839761056
2025-07-18 04:00:00,102.311161726531
2025-07-18 05:00:00,100.603438449175
2025-07-18 07:00:00,104.334754408993
2025-07-18 10:00:00,102.573933299116
2025-07-18 12:00:00,101.667942304292
2025-07-18 13:00:00,103.665000410455
2025-07-18 14:00:00,106.159063160423
2025-07-18 15:00:00,102.874966530472
2025-07-18 16:00:00,102.405186539365
2025-07-18 18:00:00,103.365454029107
2025-07-18 19:00:00,104.535650328066
2025-07-18 20:00:00,104.729352204476
2025-07-18 21:00:00,99.9093319002895
2025-07-18 22:00:00,101.558089434191
2025-07-18 23:00:00,104.293365960808
2025-07-19 00:00:00,105.340599348612
2025-07-19 01:00:00,99.4222895209748
2025-07-19 02:00:00,98.8108814871229
2025-07-19 03:00:00,101.511285254039
2025-07-19 04:00:00,103.923053646203
2025-07-19 05:00:00,99.0935816555609
2025-07-19 07:00:00,103.919772168962
2025-07-19 08:00:00,101.829725962885
2025-07-19 09:00:00,106.251838573675
2025-07-19 12:00:00,104.178019835476
2025-07-19 13:00:00,101.267320300361
2025-07-19 14:00:00,103.705209700716
2025-07-19 15:00:00,104.716896263058
2025-07-19 16:00:00,103.828111770283
2025-07-19 17:00:00,104.465594834296
2025-07-19 18:00:00,102.439413537229
2025-07-19 19:00:00,106.159946394051
2025-07-19 20:00:00,107.307180913482
2025-07-19 21:00:00,103.474079729034
2025-07-19 22:00:00,101.579882704307
2025-07-19 23:00:00,103.071081996525
2025-07-20 00:00:00,101.588253700689
2025-07-20 01:00:00,105.257522953975
2025-07-20 02:00:00,103.58822953471
2025-07-20 03:00:00,105.550520777779
2025-07-20 04:00:00,101.929841143392
2025-07-20 05:00:00,103.002462051034
2025-07-20 06:00:00,102.311894324881
2025-07-20 07:00:00,105.463503154368
2025-07-20 08:00:00,104.009715010717
2025-07-20 09:00:00,104.563774835077
2025-07-20 10:00:00,99.8929532410376
2025-07-20 11:00:00,104.616628280019
2025-07-20 12:00:00,102.888055360307
2025-07-20 13:00:00,102.383445976452
2025-07-20 14:00:00,98.0970668631304
2025-07-20 15:00:00,104.124664601775
2025-07-20 16:00:00,104.487139363802
2025-07-20 17:00:00,103.381487091717
2025-07-20 18:00:00,103.528588615689
2025-07-20 19:00:00,104.099785505871
2025-07-20 20:00:00,106.379143465946
2025-07-20 21:00:00,100.56333641382
2025-07-20 22:00:00,107.567820273563
2025-07-20 23:00:00,100.280897485238
2025-07-21 00:00:00,
2025-07-21 01:00:00,
2025-07-21 02:00:00,
2025-07-21 03:00:00,103.430754042009
2025-07-21 04:00:00,106.241193761764
2025-07-21 05:00:00,108.911662926125
2025-07-21 07:00:00,99.9711244218396
2025-07-21 17:00:00,100.418532018574
2025-07-21 18:00:00,104.039083747747
2025-07-21 19:00:00,103.640927291541
2025-07-21 20:00:00,100.913313963224
2025-07-21 21:00:00,107.246123475268
2025-07-21 22:00:00,103.94086136735
2025-07-21 23:00:00,98.4175138681693
2025-07-22 00:00:00,103.643844789239
2025-07-22 01:00:00,132.156846327402
2025-07-22 02:00:00,101.927535007658
2025-07-22 03:00:00,102.877988873421
2025-07-22 04:00:00,101.646068653937
2025-07-22 05:00:00,103.027061612475
2025-07-22 06:00:00,101.93193079328
2025-07-22 11:00:00,103.733021601696
2025-07-22 12:00:00,99.254259756936
2025-07-22 13:00:00,102.903081344079
2025-07-22 14:00:00,99.2870679342538
2025-07-22 16:00:00,102.606252549118
2025-07-22 17:00:00,103.605261551191
2025-07-22 18:00:00,102.897208695223
2025-07-22 19:00:00,103.59855281733
2025-07-22 20:00:00,99.7194642393212
2025-07-22 21:00:00,105.438931633261
2025-07-22 22:00:00,99.003639585177
2025-07-22 23:00:00,100.123642369166
2025-07-23 00:00:00,105.074545366494
2025-07-23 01:00:00,104.195905672386
2025-07-23 02:00:00,101.118564504565
2025-07-23 03:00:00,101.872090809342
2025-07-23 04:00:00,105.145091847932
2025-07-23 05:00:00,106.847293696024
2025-07-23 06:00:00,100.617834339466
2025-07-23 07:00:00,100.670612554396
2025-07-23 11:00:00,106.252493382771
2025-07-23 12:00:00,102.048655063858
2025-07-23 13:00:00,100.523616367691
2025-07-23 14:00:00,102.007665473056
2025-07-23 15:00:00,100.172993895822
2025-07-23 16:00:00,104.144178722157
2025-07-23 17:00:00,105.69893962122
2025-07-23 18:00:00,99.980016719742
2025-07-23 19:00:00,100.764579264562
2025-07-23 20:00:00,103.333334167853
2025-07-23 21:00:00,105.897786574552
2025-07-23 22:00:00,103.551185687994
2025-07-23 23:00:00,104.416898441261
2025-07-24 00:00:00,100.088808672488
2025-07-24 01:00:00,101.282372599196
2025-07-24 02:00:00,102.680754475039
2025-07-24 03:00:00,103.728802716724
2025-07-24 04:00:00,101.956102744642
2025-07-24 05:00:00,99.4123245271618
2025-07-24 06:00:00,105.174541293177
2025-07-24 07:00:00,101.494765564652
2025-07-24 09:00:00,106.046357077774
2025-07-24 10:00:00,99.757155884338
2025-07-24 11:00:00,101.986943927853
2025-07-24 12:00:00,103.018184730717
2025-07-24 13:00:00,99.4780169471316
2025-07-24 14:00:00,101.877143455132
2025-07-24 15:00:00,100.16161111104
2025-07-24 16:00:00,102.611062761877
2025-07-24 17:00:00,103.075681974683
2025-07-24 18:00:00,100.606796607551
2025-07-24 19:00:00,105.442322000735
2025-07-24 20:00:00,100.781044905386
2025-07-24 21:00:00,100.696955916932
2025-07-24 22:00:00,106.39587930809
2025-07-24 23:00:00,100.241592298458
2025-07-25 00:00:00,105.329597041937
2025-07-25 01:00:00,103.684864753034
2025-07-25 02:00:00,100.885327836406
2025-07-25 03:00:00,103.261197300308
2025-07-25 04:00:00,106.682891028814
2025-07-25 05:00:00,105.692023150566
2025-07-25 06:00:00,103.510965990709
2025-07-25 07:00:00,100.03052191703
2025-07-25 08:00:00,101.647701018544
2025-07-25 09:00:00,106.528460468168
2025-07-25 20:00:00,103.642540401939
2025-07-25 21:00:00,103.806644435949
2025-07-25 22:00:00,101.278449680734
2025-07-25 23:00:00,101.243258554151
2025-07-26 00:00:00,100.474690691399
2025-07-26 01:00:00,100.23114354941
2025-07-26 02:00:00,105.826234535366
2025-07-26 03:00:00,99.2330958890588
2025-07-26 04:00:00,96.8215654355806
2025-07-26 05:00:00,100.809368086813
2025-07-26 06:00:00,101.479199999503
2025-07-26 07:00:00,101.631086281382
2025-07-26 10:00:00,104.244297842203
2025-07-26 11:00:00,99.2828368548731
2025-07-26 12:00:00,101.875475385264
2025-07-26 13:00:00,102.32688237741
2025-07-26 14:00:00,100.524945478141
2025-07-26 15:00:00,101.692621678937
2025-07-26 16:00:00,99.1640408540404
2025-07-26 17:00:00,105.60239950507
2025-07-26 18:00:00,109.606477353805
2025-07-26 19:00:00,100.369923123131
2025-07-26 20:00:00,103.133203565908
2025-07-26 21:00:00,105.073042030909
2025-07-26 22:00:00,103.777293782621
2025-07-26 23:00:00,103.642325502543
2025-07-27 00:00:00,99.045923743807
2025-07-27 01:00:00,98.8160722217791
2025-07-27 02:00:00,104.201190246869
2025-07-27 03:00:00,98.8969666954721
2025-07-27 04:00:00,103.556992875496
2025-07-27 05:00:00,105.613584223224
2025-07-27 06:00:00,
2025-07-27 07:00:00,
2025-07-27 09:00:00,
2025-07-27 10:00:00,98.7658917834745
2025-07-27 11:00:00,109.235523285746
2025-07-27 12:00:00,107.397286567196
2025-07-27 13:00:00,100.794714857464
2025-07-27 14:00:00,102.279978044285
2025-07-27 15:00:00,102.399274905936
2025-07-27 16:00:00,104.428917474676
2025-07-27 17:00:00,100.5856859978
2025-07-27 18:00:00,102.483496912757
2025-07-27 19:00:00,101.250308302764
2025-07-27 20:00:00,104.941396734853
2025-07-27 21:00:00,105.486432164735
2025-07-27 22:00:00,104.977220870172
2025-07-27 23:00:00,103.846501252745
2025-07-28 00:00:00,97.8378127063564
2025-07-28 01:00:00,106.748554039855
2025-07-28 02:00:00,102.674012312246
2025-07-28 03:00:00,105.694308179469
2025-07-28 04:00:00,102.298063141185
2025-07-28 05:00:00,103.831775362065
2025-07-28 06:00:00,102.731785463145
2025-07-28 07:00:00,99.9507484882931
2025-07-28 08:00:00,103.970995607395
2025-07-28 09:00:00,104.099136714262
2025-07-28 10:00:00,99.3538816128869
2025-07-28 11:00:00,101.122648480262
2025-07-28 12:00:00,105.406765607817
2025-07-28 13:00:00,101.389621616178
2025-07-28 14:00:00,102.973929459232
2025-07-28 15:00:00,101.169018885577
2025-07-28 16:00:00,97.1816949157078
2025-07-28 17:00:00,100.492383297239
2025-07-28 18:00:00,99.2309679283572
2025-07-28 19:00:00,102.281609146017
2025-07-28 20:00:00,104.361562683703
2025-07-28 21:00:00,103.365767808725
2025-07-28 22:00:00,102.203251168713
2025-07-28 23:00:00,104.219086560607
2025-07-29 00:00:00,102.1656568594
2025-07-29 01:00:00,101.96286833341
2025-07-29 02:00:00,100.587907227225
2025-07-29 03:00:00,105.320544066842
2025-07-29 04:00:00,102.14774540193
2025-07-29 05:00:00,102.219860994378
2025-07-29 06:00:00,
2025-07-29 07:00:00,102.975946662554
2025-07-29 08:00:00,99.6485338147891
2025-07-29 09:00:00,104.981488745117
2025-07-29 10:00:00,101.619256370998
2025-07-29 11:00:00,101.768313723213
2025-07-29 12:00:00,86.8727626518405
2025-07-29 13:00:00,100.843275648608
2025-07-29 14:00:00,104.82940968104
2025-07-29 15:00:00,101.365138441297
2025-07-29 16:00:00,98.0705881412716
2025-07-29 17:00:00,99.4042784505198
2025-07-29 18:00:00,102.260895917459
2025-07-29 19:00:00,106.812260348422
2025-07-29 20:00:00,101.635965878892
2025-07-29 21:00:00,105.198810460134
2025-07-29 23:00:00,102.300674187616
2025-07-30 10:00:00,98.6801799571835
2025-07-30 11:00:00,106.909723592012
2025-07-30 12:00:00,101.71386146783
2025-07-30 13:00:00,104.691239639722
2025-07-30 14:00:00,102.69367887402
2025-07-30 15:00:00,106.83768875443
2025-07-30 16:00:00,99.3040718709123
2025-07-30 17:00:00,96.6063363586135
2025-07-30 18:00:00,105.447758693959
2025-07-30 19:00:00,101.411899457542
2025-07-30 20:00:00,99.9827516112323
2025-07-30 21:00:00,104.844559690438
2025-07-30 22:00:00,100.227950578571
2025-07-30 23:00:00,102.92993266344
2025-07-31 00:00:00,98.3652434180822
2025-07-31 01:00:00,104.682855171746
2025-07-31 02:00:00,97.9858371544911
2025-07-31 03:00:00,95.2381978820209
2025-07-31 04:00:00,102.515505798792
2025-07-31 05:00:00,101.737238158859
2025-07-31 06:00:00,107.384080637915
2025-07-31 07:00:00,99.1678117587624
2025-07-31 08:00:00,100.381212819075
2025-07-31 09:00:00,108.21275360211
2025-07-31 10:00:00,102.701675548757
2025-07-31 11:00:00,99.3211523033462
2025-07-31 12:00:00,94.5495632201386
2025-07-31 13:00:00,101.524627248186
2025-07-31 14:00:00,100.751745190958
2025-07-31 15:00:00,102.419660677519
2025-07-31 16:00:00,102.332686500528
2025-07-31 17:00:00,99.5791885063156
2025-07-31 18:00:00,99.292761478487
2025-07-31 19:00:00,103.912187649427
2025-07-31 20:00:00,99.9245240093753
2025-07-31 21:00:00,99.6164863459464
2025-07-31 22:00:00,101.86028388014
2025-07-31 23:00:00,98.6948446967286
2025-08-01 00:00:00,99.8580823025425
2025-08-01 01:00:00,104.421166653872
2025-08-01 02:00:00,97.2227911458074
2025-08-01 03:00:00,104.024618376444
2025-08-01 04:00:00,98.6083609610708
2025-08-01 05:00:00,105.110193861726
2025-08-01 17:00:00,110.925826345883
2025-08-01 18:00:00,107.715324016621
2025-08-01 19:00:00,106.05131053379
2025-08-01 20:00:00,102.280450487245
2025-08-01 21:00:00,103.008583218277
2025-08-01 22:00:00,101.596612679146
2025-08-01 23:00:00,103.199099761949
2025-08-02 00:00:00,100.648910145868
2025-08-02 01:00:00,101.670898595563
2025-08-02 02:00:00,98.3475533074609
2025-08-02 03:00:00,105.325720544001
2025-08-02 04:00:00,102.062306150794
2025-08-02 05:00:00,100.869556958633
2025-08-02 06:00:00,73.7786655870952
2025-08-02 08:00:00,103.313975684858
2025-08-02 12:00:00,100.268642787789
2025-08-02 13:00:00,104.609658172247
2025-08-02 14:00:00,103.97176588531
2025-08-02 15:00:00,92.9746123595724
2025-08-02 16:00:00,93.4254312934678
2025-08-02 17:00:00,107.205392617539
2025-08-02 19:00:00,100.866773103717
2025-08-02 20:00:00,107.803201587852
2025-08-02 21:00:00,103.293935897686
2025-08-02 22:00:00,102.177409912312
2025-08-02 23:00:00,99.040022753394
2025-08-03 00:00:00,102.865809751911
2025-08-03 01:00:00,102.356027758169
2025-08-03 02:00:00,103.552751940446
2025-08-03 03:00:00,96.8703984306724
2025-08-03 04:00:00,107.226498763193
2025-08-03 05:00:00,105.607050273746
2025-08-03 06:00:00,108.99647599748
2025-08-03 07:00:00,104.877055383236
2025-08-03 08:00:00,102.52135254772
2025-08-03 09:00:00,100.389201213016
2025-08-03 11:00:00,100.172517305995
2025-08-03 12:00:00,109.196584217209
2025-08-03 13:00:00,104.611250575166
2025-08-03 14:00:00,103.423253103069
2025-08-03 15:00:00,100.596859892722
2025-08-03 16:00:00,97.3644631749781
2025-08-03 17:00:00,104.091064496762
2025-08-03 18:00:00,99.9501469936494
2025-08-03 19:00:00,98.9707398141814
2025-08-03 20:00:00,103.015908924008
2025-08-03 21:00:00,106.300242347712
2025-08-03 22:00:00,101.39492765352
2025-08-03 23:00:00,109.160998026178
2025-08-04 00:00:00,100.757404704891
2025-08-04 01:00:00,95.1032502662008
2025-08-04 02:00:00,105.884222159699
2025-08-04 03:00:00,105.129478836231
2025-08-04 04:00:00,104.797188847537
2025-08-04 05:00:00,102.145364889221
2025-08-04 06:00:00,100.039887016236
2025-08-04 07:00:00,104.788702719348
2025-08-04 08:00:00,103.551916974947
2025-08-04 09:00:00,103.423579902778
2025-08-04 19:00:00,93.0363766721744
2025-08-04 20:00:00,99.1560744191061
2025-08-04 21:00:00,111.723732254878
2025-08-04 22:00:00,101.509824980326
2025-08-04 23:00:00,111.624963847277
2025-08-05 00:00:00,102.830498024428
2025-08-05 01:00:00,104.969797772313
2025-08-05 02:00:00,103.106683503876
2025-08-05 03:00:00,104.845510409251
2025-08-05 04:00:00,104.579876083831
2025-08-05 05:00:00,107.605684240192
2025-08-05 06:00:00,101.391195270207
2025-08-05 07:00:00,110.628628957801
2025-08-05 08:00:00,106.184841509414
2025-08-05 10:00:00,99.7412776632358
2025-08-05 11:00:00,98.8063808214883
2025-08-05 12:00:00,102.289605172731
2025-08-05 13:00:00,103.567888125649
2025-08-05 14:00:00,104.024739618488
2025-08-05 15:00:00,100.56610516033
2025-08-05 16:00:00,99.2970018020583
2025-08-05 17:00:00,100.021693602154
2025-08-05 18:00:00,108.108354502271
2025-08-05 19:00:00,99.298597039049
2025-08-05 20:00:00,99.791000299078
2025-08-05 21:00:00,103.099523038233
2025-08-05 22:00:00,103.502255847305
2025-08-05 23:00:00,101.23368656869
2025-08-06 00:00:00,
2025-08-06 01:00:00,
2025-08-06 02:00:00,
2025-08-06 04:00:00,
2025-08-06 16:00:00,
2025-08-06 17:00:00,
2025-08-06 18:00:00,
2025-08-06 19:00:00,
2025-08-06 20:00:00,
2025-08-06 21:00:00,
2025-08-06 22:00:00,
2025-08-06 23:00:00,
2025-08-07 00:00:00,124.1676807148
2025-08-07 01:00:00,124.421154011867
2025-08-07 02:00:00,124.942673474546
2025-08-07 03:00:00,123.079388047704
2025-08-07 04:00:00,122.490336086622
2025-08-07 05:00:00,125.354306835361
2025-08-07 09:00:00,124.200449457341
2025-08-07 10:00:00,123.017904057186
2025-08-07 11:00:00,123.563728485398
2025-08-07 12:00:00,124.031539905678
2025-08-07 13:00:00,124.484030768184
2025-08-07 14:00:00,124.779183613159
2025-08-07 15:00:00,124.650011085197
2025-08-07 16:00:00,124.661588097883
2025-08-07 17:00:00,125.275137173021
2025-08-07 18:00:00,124.3250075095
2025-08-07 19:00:00,121.776964121774
2025-08-07 21:00:00,125.115160493039
2025-08-07 22:00:00,124.141262902004
2025-08-07 23:00:00,125.095789310805
2025-08-08 00:00:00,124.31694475971
2025-08-08 01:00:00,126.672600336402
2025-08-08 02:00:00,124.607383202651
2025-08-08 03:00:00,123.161839821467
2025-08-08 04:00:00,124.811476960642
2025-08-08 05:00:00,126.853610066487
2025-08-08 06:00:00,125.878783861355
2025-08-08 07:00:00,126.398876241148
2025-08-08 09:00:00,123.682819634828
2025-08-08 10:00:00,125.121320343736
2025-08-08 11:00:00,125.314070362512
2025-08-08 12:00:00,125.076018472523
2025-08-08 13:00:00,124.935746401961
2025-08-08 14:00:00,123.331139054522
2025-08-08 15:00:00,127.266540330505
2025-08-08 16:00:00,126.038659995862
2025-08-08 17:00:00,125.602997972732
2025-08-08 18:00:00,124.807306773271
2025-08-08 19:00:00,122.012408147825
2025-08-08 20:00:00,124.402711124095
2025-08-08 21:00:00,126.460442755638
2025-08-08 22:00:00,127.618527251369
2025-08-08 23:00:00,125.498919337623
2025-08-09 00:00:00,139.964075300182
2025-08-09 01:00:00,125.070786850148
2025-08-09 02:00:00,122.606341354093
2025-08-09 03:00:00,121.828494654608
2025-08-09 04:00:00,126.622051854487
2025-08-09 05:00:00,126.646038066232
2025-08-09 06:00:00,124.267858649014
2025-08-09 07:00:00,123.362221438139
2025-08-09 08:00:00,122.784486918611
2025-08-09 10:00:00,125.180630586492
2025-08-09 11:00:00,123.963627893766
2025-08-09 12:00:00,126.28668348706
2025-08-09 13:00:00,124.341870070826
2025-08-09 14:00:00,123.411222070845
2025-08-10 01:00:00,119.49081218619
2025-08-10 02:00:00,125.963554730601
2025-08-10 03:00:00,120.625931133866
2025-08-10 04:00:00,124.607828734019
2025-08-10 05:00:00,127.852377037436
2025-08-10 06:00:00,128.087314623978
2025-08-10 07:00:00,122.216336251519
2025-08-10 08:00:00,121.449143039379
2025-08-10 12:00:00,122.759056082147
2025-08-10 13:00:00,124.777033057382
2025-08-10 14:00:00,124.804213933144
2025-08-10 15:00:00,119.078524352475
2025-08-10 16:00:00,130.234693698254
2025-08-10 17:00:00,127.185806181776
2025-08-10 18:00:00,124.890930110692
2025-08-10 19:00:00,127.216107847869
2025-08-10 20:00:00,126.179351194236
2025-08-10 21:00:00,130.656107242897
2025-08-10 22:00:00,126.847149528102
2025-08-10 23:00:00,130.500564373794
2025-08-11 00:00:00,119.389694145257
2025-08-11 01:00:00,126.959799533306
2025-08-11 02:00:00,122.706478680459
2025-08-11 03:00:00,126.338262286747
2025-08-11 04:00:00,123.329586588958
2025-08-11 05:00:00,119.127945252586
2025-08-11 06:00:00,127.343320411527
2025-08-11 07:00:00,124.185373866459
2025-08-11 08:00:00,121.73317615429
2025-08-11 09:00:00,125.453811905862
2025-08-11 11:00:00,123.053655716625
2025-08-11 12:00:00,122.734101969894
2025-08-11 13:00:00,120.196236892187
2025-08-11 14:00:00,128.595007699878
2025-08-11 15:00:00,128.368932836584
2025-08-11 16:00:00,122.916928250666
2025-08-11 17:00:00,123.152308522588
2025-08-11 18:00:00,126.293708334049
2025-08-11 19:00:00,126.474767363123
2025-08-11 20:00:00,124.859724549694
2025-08-11 21:00:00,128.524233974436
2025-08-11 22:00:00,123.732172820402
2025-08-11 23:00:00,128.180002281278
2025-08-12 00:00:00,128.896938655703
2025-08-12 01:00:00,126.290213000486
2025-08-12 02:00:00,126.967557244636
2025-08-12 03:00:00,120.292072310691
2025-08-12 04:00:00,121.87407950082
2025-08-12 05:00:00,127.231797476858
2025-08-12 06:00:00,126.818204433475
2025-08-12 07:00:00,130.483755453921
2025-08-12 08:00:00,121.643136108095
2025-08-12 09:00:00,125.726724195067
2025-08-12 11:00:00,130.232326140741
2025-08-12 12:00:00,125.333061514923
2025-08-12 13:00:00,121.844123064696
2025-08-12 14:00:00,123.796884525849
2025-08-12 15:00:00,125.521698853268
2025-08-12 16:00:00,125.67100102334
2025-08-12 17:00:00,120.004989043587
2025-08-12 18:00:00,122.184139346613
2025-08-12 19:00:00,119.749664294735
2025-08-12 20:00:00,121.055518700484
2025-08-12 21:00:00,120.64454783847
2025-08-12 22:00:00,121.614034932819
2025-08-12 23:00:00,127.782268965422
2025-08-13 00:00:00,121.38089466526
2025-08-13 11:00:00,122.026846345752
2025-08-13 14:00:00,125.501574241781
2025-08-13 15:00:00,129.031859061154
2025-08-13 16:00:00,124.040865308325
2025-08-13 17:00:00,123.611610812788
2025-08-13 18:00:00,121.634673068585
2025-08-13 19:00:00,125.964577610273
2025-08-13 20:00:00,124.845502126764
2025-08-13 21:00:00,127.799960728228
2025-08-13 22:00:00,126.69830528548
2025-08-13 23:00:00,125.062980202676
2025-08-14 00:00:00,130.249217508764
2025-08-14 01:00:00,119.689158312726
2025-08-14 02:00:00,121.978448840351
2025-08-14 03:00:00,123.890564113561
2025-08-14 04:00:00,121.460071556192
2025-08-14 05:00:00,128.161277225895
2025-08-14 06:00:00,117.853106443895
2025-08-14 08:00:00,121.349845555066
2025-08-14 09:00:00,122.609368239495
2025-08-14 10:00:00,120.449441218478
2025-08-14 11:00:00,123.074767591492
2025-08-14 12:00:00,124.459667466251
2025-08-14 13:00:00,122.283369741319
2025-08-14 14:00:00,125.287555942706
2025-08-14 15:00:00,121.675219618709
2025-08-14 16:00:00,125.479130549059
2025-08-14 17:00:00,125.752970290183
2025-08-14 18:00:00,123.966660071871
2025-08-14 19:00:00,120.929077138276
2025-08-14 20:00:00,124.123352865569
2025-08-14 21:00:00,126.19943681948
2025-08-14 22:00:00,124.27129917698
2025-08-14 23:00:00,124.249843566503
2025-08-15 00:00:00,126.587854741031
2025-08-15 01:00:00,130.5753096732
2025-08-15 02:00:00,126.460936975862
2025-08-15 03:00:00,123.24662878756
2025-08-15 04:00:00,122.379151888855
2025-08-15 05:00:00,118.893826033344
2025-08-15 07:00:00,127.359548292064
2025-08-15 09:00:00,120.531156609263
2025-08-15 10:00:00,122.288894655911
2025-08-15 11:00:00,130.542468874662
2025-08-15 12:00:00,127.97589013672
2025-08-15 13:00:00,119.833013477928
2025-08-15 14:00:00,126.675906774469
2025-08-15 15:00:00,129.121125586376
2025-08-15 16:00:00,125.430444004371
2025-08-15 17:00:00,124.460458656497
2025-08-15 18:00:00,123.386424592102
2025-08-15 19:00:00,117.094887655845
2025-08-15 20:00:00,118.752285076172
2025-08-15 21:00:00,116.65744492633
2025-08-15 22:00:00,124.402463734012
2025-08-15 23:00:00,124.353491804052
2025-08-16 00:00:00,123.399869831555
2025-08-16 01:00:00,120.695739188335
2025-08-16 02:00:00,124.552415430848
2025-08-16 03:00:00,123.254684063241
2025-08-16 04:00:00,120.66297485786
2025-08-16 05:00:00,127.146088136692
2025-08-16 06:00:00,124.532179465055
2025-08-16 07:00:00,123.430302561176
2025-08-16 08:00:00,122.619626009862
2025-08-16 09:00:00,117.031530078869
2025-08-16 10:00:00,127.991422779221
2025-08-16 11:00:00,125.26621209068
2025-08-16 12:00:00,123.697102582704
2025-08-16 13:00:00,121.287992440486
2025-08-16 14:00:00,129.32438264149
2025-08-16 15:00:00,116.012041056752
2025-08-17 04:00:00,120.944841924144
2025-08-17 06:00:00,122.43697432156
2025-08-17 12:00:00,128.852441637026
2025-08-17 13:00:00,117.89549225942
2025-08-17 14:00:00,119.868945174995
2025-08-17 15:00:00,125.023579065167
2025-08-17 16:00:00,124.103981182357
2025-08-17 17:00:00,121.169263986345
2025-08-17 18:00:00,122.028216254596
2025-08-17 19:00:00,126.157302581944
2025-08-17 20:00:00,123.586215174577
2025-08-17 21:00:00,121.936234441115
2025-08-17 22:00:00,125.43875353654
2025-08-17 23:00:00,121.196429632614
2025-08-18 00:00:00,121.696409585103
2025-08-18 01:00:00,128.874680152357
2025-08-18 02:00:00,117.058469149256
2025-08-18 03:00:00,123.970298191392
2025-08-18 04:00:00,125.427970942569
2025-08-18 05:00:00,122.593414622756
2025-08-18 06:00:00,124.3956002294
2025-08-18 07:00:00,
2025-08-18 08:00:00,
2025-08-18 09:00:00,
2025-08-18 10:00:00,
2025-08-18 11:00:00,
2025-08-18 12:00:00,120.092873056362
2025-08-18 13:00:00,122.767949509075
2025-08-18 14:00:00,123.597706626808
2025-08-18 15:00:00,121.267332412613
2025-08-18 16:00:00,122.942066420388
2025-08-18 17:00:00,123.525091042197
2025-08-18 18:00:00,120.194258064547
2025-08-18 19:00:00,120.306441907962
2025-08-18 20:00:00,130.213026276629
2025-08-18 21:00:00,122.261235085316
2025-08-18 23:00:00,122.886943811352
2025-08-19 00:00:00,124.331811673861
2025-08-19 01:00:00,120.877856247472
2025-08-19 02:00:00,129.168473906788
2025-08-19 03:00:00,124.518040482604
2025-08-19 04:00:00,126.253058857954
2025-08-19 05:00:00,123.77188013633
2025-08-19 06:00:00,121.789482012806
2025-08-19 07:00:00,120.949390580443
2025-08-19 08:00:00,127.272941849709
2025-08-19 09:00:00,120.314633306249
2025-08-19 10:00:00,123.720066368416
2025-08-19 11:00:00,128.611297333323
2025-08-19 12:00:00,122.741230549707
2025-08-19 13:00:00,123.699844366741
2025-08-19 14:00:00,124.409386323409
2025-08-19 15:00:00,124.785335591544
2025-08-19 16:00:00,126.672042864022
2025-08-19 17:00:00,117.459384816818
2025-08-19 18:00:00,126.753667704561
2025-08-19 19:00:00,123.469417619454
2025-08-19 20:00:00,125.981368529015
2025-08-19 21:00:00,128.242534961284
2025-08-19 22:00:00,117.086246110939
2025-08-19 23:00:00,127.535590825666
2025-08-20 00:00:00,119.023144853843
2025-08-20 01:00:00,122.214485194593
2025-08-20 02:00:00,119.080029047516
2025-08-20 03:00:00,123.742489317217
2025-08-20 04:00:00,124.55064986283
2025-08-20 05:00:00,129.73718603651
2025-08-20 06:00:00,120.862951622852
2025-08-20 07:00:00,123.396791492826
2025-08-20 08:00:00,122.21375974477
2025-08-20 09:00:00,124.11310809873
2025-08-20 11:00:00,129.825466333206
2025-08-20 12:00:00,120.917969153752
2025-08-20 13:00:00,124.536570719343
2025-08-20 14:00:00,118.597998396463
2025-08-20 15:00:00,123.07488425294
2025-08-20 16:00:00,125.4491769226
2025-08-20 17:00:00,121.702936976144
2025-08-20 18:00:00,122.80784183991
2025-08-20 19:00:00,123.429888636369
2025-08-21 06:00:00,124.185636572715
2025-08-21 07:00:00,121.417381117782
2025-08-21 08:00:00,121.194448087482
2025-08-21 09:00:00,119.263414444851
2025-08-21 10:00:00,120.600607853449
2025-08-21 11:00:00,123.695490313457
2025-08-21 12:00:00,124.656284223122
2025-08-21 13:00:00,118.934813111632
2025-08-21 14:00:00,123.426956634632
2025-08-21 15:00:00,127.000096730183
2025-08-21 16:00:00,120.041225396356
2025-08-21 17:00:00,121.413919691729
2025-08-21 18:00:00,123.444614529452
2025-08-21 19:00:00,119.378599985148
2025-08-21 20:00:00,127.321078005254
2025-08-21 21:00:00,124.083439865483
2025-08-21 22:00:00,118.771658883135
2025-08-21 23:00:00,120.813255835741
2025-08-22 00:00:00,123.335018009949
2025-08-22 01:00:00,127.213701641227
2025-08-22 02:00:00,121.62438575077
2025-08-22 03:00:00,120.839572483792
2025-08-22 04:00:00,123.428348936819
2025-08-22 05:00:00,125.774713709126
2025-08-22 06:00:00,126.31451509251
2025-08-22 07:00:00,123.369325485134
2025-08-22 08:00:00,122.574348967402
2025-08-22 09:00:00,123.43096141506
2025-08-22 10:00:00,124.873267648701
2025-08-22 11:00:00,123.68823139805
2025-08-22 12:00:00,121.295156291014
2025-08-22 13:00:00,118.77438859484
2025-08-22 14:00:00,122.779821995162
2025-08-22 15:00:00,125.99000112103
2025-08-22 16:00:00,127.002645280675
2025-08-22 17:00:00,119.570825419179
2025-08-22 18:00:00,124.849060030058
2025-08-22 19:00:00,120.818204511329
2025-08-22 20:00:00,128.642996981222
2025-08-22 21:00:00,121.435650070189
2025-08-22 22:00:00,122.784106498993
2025-08-22 23:00:00,124.803505032387
2025-08-23 00:00:00,117.273762337218
2025-08-23 01:00:00,120.33473107309
2025-08-23 02:00:00,123.709808939511
2025-08-23 03:00:00,122.855391415353
2025-08-23 04:00:00,126.772057320175
2025-08-23 05:00:00,122.200253076829
2025-08-23 06:00:00,116.056858639647
2025-08-23 07:00:00,121.959313366912
2025-08-23 08:00:00,126.837957818886
2025-08-23 11:00:00,126.619161521787
2025-08-23 12:00:00,122.251347258697
2025-08-23 13:00:00,120.44742461576
2025-08-23 14:00:00,123.972999458992
2025-08-23 15:00:00,120.193050641178
2025-08-23 16:00:00,124.825818017324
2025-08-23 17:00:00,123.800810888551
2025-08-23 18:00:00,123.105714978601
2025-08-23 19:00:00,118.744873891018
2025-08-23 20:00:00,121.611927993441
2025-08-23 21:00:00,119.473028581709
2025-08-23 22:00:00,120.042588859884
2025-08-23 23:00:00,131.496920288866
2025-08-24 00:00:00,115.552112471416
2025-08-24 01:00:00,105.532446180322
2025-08-24 02:00:00,126.859253339458
2025-08-24 03:00:00,125.869053070938
2025-08-24 04:00:00,118.774224366068
2025-08-24 05:00:00,120.938322493995
2025-08-24 06:00:00,119.824126113605
2025-08-24 07:00:00,119.408212975535
2025-08-24 08:00:00,122.632111827987
2025-08-24 09:00:00,121.807470029366
2025-08-24 10:00:00,124.929173037866
2025-08-24 11:00:00,115.685556413404
2025-08-24 12:00:00,122.181902593613
2025-08-24 13:00:00,122.991132169616
2025-08-24 14:00:00,125.887286290505
2025-08-24 15:00:00,120.878327541335
2025-08-24 16:00:00,120.304558036485
2025-08-24 17:00:00,122.027395982787
2025-08-24 18:00:00,126.397187710472
2025-08-24 19:00:00,125.765506885441
2025-08-24 20:00:00,117.928446092665
2025-08-25 21:00:00,122.175714575552
2025-08-25 22:00:00,119.424141490599
2025-08-25 23:00:00,115.488171363236
2025-08-26 00:00:00,125.007104135716
2025-08-26 01:00:00,121.724564185532
2025-08-26 02:00:00,124.092812863144
2025-08-26 03:00:00,126.743486327658
2025-08-26 04:00:00,128.069680215707
2025-08-26 05:00:00,121.895851244718
2025-08-26 06:00:00,120.423348185632
2025-08-26 07:00:00,122.663327841476
2025-08-26 08:00:00,118.688593703029
2025-08-26 09:00:00,123.274154142039
2025-08-26 10:00:00,124.179184670584
2025-08-26 11:00:00,125.081937287794
2025-08-26 12:00:00,123.553417540535
2025-08-26 13:00:00,116.474878775306
2025-08-26 14:00:00,121.173118943879
2025-08-26 15:00:00,121.559124925731
2025-08-26 16:00:00,117.502862699464
2025-08-26 17:00:00,123.150269142777
2025-08-26 18:00:00,126.243854356637
2025-08-26 19:00:00,121.123002565522
2025-08-26 20:00:00,119.391582521047
2025-08-26 21:00:00,120.201690854888
2025-08-26 22:00:00,128.955575419324
2025-08-26 23:00:00,120.843105344767
2025-08-27 00:00:00,127.762518144604
2025-08-27 01:00:00,119.88495281751
2025-08-27 02:00:00,123.811207129678
2025-08-27 03:00:00,114.005100307875
2025-08-27 04:00:00,122.467916451154
2025-08-27 05:00:00,123.150191593013
2025-08-27 17:00:00,124.123976060914
2025-08-27 18:00:00,123.388376968324
2025-08-27 20:00:00,118.133355174125
2025-08-27 21:00:00,126.112490680504
2025-08-27 22:00:00,127.09783800944
2025-08-27 23:00:00,120.943500068346
2025-08-28 00:00:00,121.527067117409
2025-08-28 01:00:00,119.565522304794
2025-08-28 02:00:00,123.334800632049
2025-08-28 03:00:00,124.825022149302
2025-08-28 04:00:00,126.523569106766
2025-08-28 05:00:00,125.091451917733
2025-08-28 06:00:00,127.159926293759
2025-08-28 07:00:00,124.644771470789
2025-08-28 08:00:00,123.578240602783
2025-08-28 09:00:00,119.836176117208
2025-08-28 14:00:00,123.707921865204
2025-08-28 15:00:00,115.996184075999
2025-08-28 20:00:00,125.923974567855
2025-08-29 08:00:00,121.919436359001
2025-08-29 10:00:00,125.064741978823
2025-08-29 11:00:00,128.908475860648
2025-08-29 12:00:00,117.508945964398
2025-08-29 13:00:00,122.825716743067
2025-08-29 14:00:00,122.706681119756
2025-08-29 15:00:00,126.041729481646
2025-08-29 16:00:00,122.899143939159
2025-08-29 17:00:00,117.443793670714
2025-08-29 18:00:00,119.48341560484
2025-08-29 19:00:00,119.226211082142
2025-08-29 20:00:00,127.419203897316
2025-08-29 21:00:00,122.085194036057
2025-08-29 22:00:00,120.734097189746
2025-08-29 23:00:00,127.26279254242
2025-08-30 00:00:00,127.806377854523
2025-08-30 01:00:00,124.451764811851
2025-08-30 02:00:00,124.359355678719
2025-08-30 03:00:00,123.238807763119
2025-08-30 04:00:00,125.323162157869
2025-08-30 05:00:00,128.298967177347
2025-08-30 06:00:00,124.979418156403
2025-08-30 07:00:00,120.785051172291
2025-08-30 08:00:00,122.174708477868
2025-08-30 09:00:00,117.902029611927
2025-08-30 11:00:00,126.78593120813
2025-08-30 12:00:00,123.869994953569
2025-08-30 13:00:00,121.705563790837
2025-08-30 14:00:00,128.443214697525
2025-08-30 15:00:00,126.723377449082
2025-08-30 16:00:00,120.270987798777
2025-08-30 17:00:00,127.905004944069
2025-08-30 18:00:00,117.933588295362
2025-08-30 19:00:00,124.582024794644
2025-08-30 20:00:00,123.921091106776
2025-08-30 21:00:00,121.815300255162
2025-08-30 23:00:00,124.213514755872
2025-08-31 00:00:00,117.144129690029
2025-08-31 01:00:00,121.140915625832
2025-08-31 02:00:00,115.650625916902
2025-08-31 03:00:00,120.793938213698
2025-08-31 04:00:00,123.819099751
2025-08-31 05:00:00,132.117487061536
2025-08-31 06:00:00,125.364480071985
2025-08-31 20:00:00,122.77763485821
2025-08-31 21:00:00,119.223286375259
2025-08-31 22:00:00,123.775359310257
2025-08-31 23:00:00,117.203072754894
2025-09-01 00:00:00,120.77556304985
2025-09-01 01:00:00,120.303803724279
2025-09-01 02:00:00,120.599077324808
2025-09-01 03:00:00,119.64120722925
2025-09-01 04:00:00,119.578655277957
2025-09-01 05:00:00,121.095312736517
2025-09-01 06:00:00,120.490849035153
2025-09-01 07:00:00,120.231732636498
2025-09-01 08:00:00,119.735399152785
2025-09-01 09:00:00,119.293365613824
2025-09-01 10:00:00,120.018831358733
2025-09-01 11:00:00,120.883782665929
2025-09-01 12:00:00,118.984923500486
2025-09-01 13:00:00,120.720058934518
2025-09-01 14:00:00,120.850490056174
2025-09-01 15:00:00,119.14872213211
2025-09-01 16:00:00,119.995255213964
2025-09-01 17:00:00,119.447830504949
2025-09-01 18:00:00,121.11373665623
2025-09-01 19:00:00,119.260041518834
2025-09-01 20:00:00,121.196793714789
2025-09-01 21:00:00,119.491127330464
2025-09-01 22:00:00,119.306655258716
2025-09-01 23:00:00,120.552436277213
2025-09-02 00:00:00,118.596064316123
2025-09-02 01:00:00,118.826763473936
2025-09-02 02:00:00,120.67745470893
2025-09-02 03:00:00,120.294551589557
2025-09-02 04:00:00,119.638824413158
2025-09-02 05:00:00,119.561391213802
2025-09-02 06:00:00,119.295433984192
2025-09-02 07:00:00,119.173954012738
2025-09-02 08:00:00,119.619191853343
2025-09-02 21:00:00,119.889511832411
2025-09-02 22:00:00,119.397489020312
2025-09-02 23:00:00,119.208324000409
2025-09-03 00:00:00,119.066113659269
2025-09-03 01:00:00,119.60345170653
2025-09-03 02:00:00,119.736157511714
2025-09-03 03:00:00,118.834463657937
2025-09-03 04:00:00,118.388204694171
2025-09-03 05:00:00,118.914692553821
2025-09-03 06:00:00,120.20352824943
2025-09-03 07:00:00,118.987163418363
2025-09-03 11:00:00,117.484874519656
2025-09-03 12:00:00,118.459890477691
2025-09-03 13:00:00,118.860481100084
2025-09-03 14:00:00,118.887473694126
2025-09-03 15:00:00,118.646886872138
2025-09-03 16:00:00,118.734285688331
2025-09-03 17:00:00,118.556843887313
2025-09-03 18:00:00,119.678480385673
2025-09-03 19:00:00,118.505079913449
2025-09-04 08:00:00,119.087645359267
2025-09-04 09:00:00,119.512493747801
2025-09-04 10:00:00,119.474631808922
2025-09-04 11:00:00,119.479031841172
2025-09-04 13:00:00,118.752559234669
2025-09-04 14:00:00,119.479282528439
2025-09-04 15:00:00,118.802396433841
2025-09-04 16:00:00,118.638616575485
2025-09-04 17:00:00,119.126519325469
2025-09-04 18:00:00,118.036725185053
2025-09-04 19:00:00,118.854359554863
2025-09-04 20:00:00,119.272124963821
2025-09-04 21:00:00,118.749183864005
2025-09-04 22:00:00,118.91054900099
2025-09-04 23:00:00,118.730092323166
2025-09-05 00:00:00,117.745430811509
2025-09-05 01:00:00,119.050899862461
2025-09-05 02:00:00,117.242419360496
2025-09-05 03:00:00,119.322597824182
2025-09-05 04:00:00,116.794764466966
2025-09-05 10:00:00,117.876069708237
2025-09-05 12:00:00,118.127786707389
2025-09-05 13:00:00,118.994386580093
2025-09-05 14:00:00,118.01732398344
2025-09-05 15:00:00,118.666928743241
2025-09-05 16:00:00,118.562274783972
2025-09-05 17:00:00,117.587160195963
2025-09-05 18:00:00,119.188867433947
2025-09-05 19:00:00,118.214438432748
2025-09-05 20:00:00,118.559726766973
2025-09-05 21:00:00,118.458314231611
2025-09-05 22:00:00,118.358944193217
2025-09-05 23:00:00,
2025-09-06 00:00:00,
2025-09-06 01:00:00,118.402080411297
2025-09-06 02:00:00,116.94424791844
2025-09-06 03:00:00,117.817468828624
2025-09-06 04:00:00,118.230643206581
2025-09-06 05:00:00,117.068180068923
2025-09-06 07:00:00,117.725492787172
2025-09-06 09:00:00,117.818694002039
2025-09-06 10:00:00,118.937790018919
2025-09-06 11:00:00,116.720089891686
2025-09-06 12:00:00,117.835456105985
2025-09-06 13:00:00,118.44614729277
2025-09-06 14:00:00,117.671106001906
2025-09-06 15:00:00,117.460841520781
2025-09-06 16:00:00,116.649562387746
2025-09-06 17:00:00,118.025925860521
2025-09-06 18:00:00,117.920332542212
2025-09-06 19:00:00,117.948486180547
2025-09-06 20:00:00,118.554556541744
2025-09-06 21:00:00,119.317342452825
2025-09-06 22:00:00,118.372239061258
2025-09-06 23:00:00,118.597533925396
2025-09-07 00:00:00,116.229633180572
2025-09-07 01:00:00,116.957429816801
2025-09-07 02:00:00,117.374515738919
2025-09-07 03:00:00,117.519199818002
2025-09-07 04:00:00,118.082039924311
2025-09-07 05:00:00,118.892843791321
2025-09-07 06:00:00,117.294430174057
2025-09-07 07:00:00,117.958660796827
2025-09-07 08:00:00,117.488244920554
2025-09-07 09:00:00,117.279255536179
2025-09-07 10:00:00,118.446794595656
2025-09-07 11:00:00,117.907239203284
2025-09-07 12:00:00,116.855460212424
2025-09-07 13:00:00,118.536102601299
2025-09-07 14:00:00,118.306591610057
2025-09-07 15:00:00,118.628166815872
2025-09-07 16:00:00,116.845581585773
2025-09-07 17:00:00,118.160238725615
2025-09-08 06:00:00,117.051608346917
2025-09-08 07:00:00,117.176070770342
2025-09-08 09:00:00,116.339215787527
2025-09-08 14:00:00,117.32467559626
2025-09-08 15:00:00,117.256958444308
2025-09-08 16:00:00,118.105210495033
2025-09-08 17:00:00,117.264621008335
2025-09-08 18:00:00,118.08002667782
2025-09-08 19:00:00,117.689830824705
2025-09-08 20:00:00,116.900316750074
2025-09-08 21:00:00,117.842949776952
2025-09-08 22:00:00,117.112352708078
2025-09-08 23:00:00,117.838940754006
2025-09-09 00:00:00,116.142806933551
2025-09-09 01:00:00,116.864339775806
2025-09-09 02:00:00,116.362283986501
2025-09-09 03:00:00,116.224790266125
2025-09-09 04:00:00,117.324600320819
2025-09-09 05:00:00,116.595270408451
2025-09-09 06:00:00,116.743572840531
2025-09-09 07:00:00,117.560654583058
2025-09-09 08:00:00,115.303487729524
2025-09-09 12:00:00,115.367784545224
2025-09-09 13:00:00,116.494196233435
2025-09-09 14:00:00,116.80698777669
2025-09-09 15:00:00,116.48200779923
2025-09-09 16:00:00,115.913489531893
2025-09-09 17:00:00,117.157557833062
2025-09-09 18:00:00,116.820919001101
2025-09-09 19:00:00,117.154879977504
2025-09-09 20:00:00,116.840112320416
2025-09-09 21:00:00,117.250078138703
2025-09-09 22:00:00,116.850961157498
2025-09-09 23:00:00,116.549580473244
2025-09-10 00:00:00,115.599042906942
2025-09-10 01:00:00,116.566357372872
2025-09-10 02:00:00,114.918743792957
2025-09-10 03:00:00,114.665405734472
2025-09-10 04:00:00,115.485363341484
2025-09-10 05:00:00,115.783511597316
2025-09-10 06:00:00,116.467635419384
2025-09-10 07:00:00,115.279359229671
2025-09-10 08:00:00,115.289090403365
2025-09-10 09:00:00,116.060375067377
2025-09-10 10:00:00,115.77495371752
2025-09-10 11:00:00,114.934968794212
2025-09-10 12:00:00,115.177638113833
2025-09-10 13:00:00,116.55968360054
2025-09-10 14:00:00,114.552363115467
2025-09-10 15:00:00,116.395054577147
2025-09-10 16:00:00,116.011035949677
2025-09-10 17:00:00,116.202384029068
2025-09-10 18:00:00,116.015556887185
2025-09-10 19:00:00,117.358791215977
2025-09-10 20:00:00,115.174021594804
2025-09-10 21:00:00,114.939392518917
2025-09-10 22:00:00,116.288749545668
2025-09-10 23:00:00,114.840081275137
2025-09-11 00:00:00,115.835059842955
2025-09-11 01:00:00,114.997397603696
2025-09-11 02:00:00,116.374462115224
2025-09-11 03:00:00,115.501595106062
2025-09-11 04:00:00,115.136255285695
2025-09-11 05:00:00,115.928816438419
2025-09-11 06:00:00,114.88241082427
2025-09-11 07:00:00,115.839620366224
2025-09-11 10:00:00,115.135065567785
2025-09-11 11:00:00,115.300574504667
2025-09-11 12:00:00,115.764423742385
2025-09-11 13:00:00,117.5606485043
2025-09-11 14:00:00,115.642880711315
2025-09-11 15:00:00,114.87923064722
2025-09-11 16:00:00,116.025293765496
2025-09-11 17:00:00,115.293380415307
2025-09-11 18:00:00,114.252455559166
2025-09-11 19:00:00,115.828759964928
2025-09-11 20:00:00,115.475161404096
2025-09-11 21:00:00,114.998156721176
2025-09-11 22:00:00,114.581825855649
2025-09-11 23:00:00,115.669856343303
2025-09-12 00:00:00,114.854415055176
2025-09-12 01:00:00,113.972910406919
2025-09-12 02:00:00,114.657729658762
2025-09-12 03:00:00,114.988118651337
2025-09-12 04:00:00,113.868107056284
2025-09-12 05:00:00,115.021678442226
2025-09-12 06:00:00,115.43321870785
2025-09-12 07:00:00,115.432299072037
2025-09-12 10:00:00,114.941416222204
2025-09-12 11:00:00,115.287253704993
2025-09-12 12:00:00,114.804611320123
2025-09-12 13:00:00,115.326536785664
2025-09-12 14:00:00,114.804368507979
2025-09-12 15:00:00,114.048205613091
2025-09-12 16:00:00,114.664831103406
2025-09-12 17:00:00,114.086017939039
2025-09-12 18:00:00,114.887729116867
2025-09-12 19:00:00,114.67796489036
2025-09-12 20:00:00,113.636130588194
2025-09-12 21:00:00,114.076709944786
2025-09-12 22:00:00,114.898215754905
2025-09-12 23:00:00,115.945219189927
2025-09-13 00:00:00,114.26767571843
2025-09-13 01:00:00,113.581802242982
2025-09-13 02:00:00,114.195754024254
2025-09-13 03:00:00,113.966011432528
2025-09-13 15:00:00,114.27742065604
2025-09-13 16:00:00,112.737077416462
2025-09-13 17:00:00,113.232147798758
2025-09-13 18:00:00,114.254804843517
2025-09-13 19:00:00,114.0619474305
2025-09-13 20:00:00,113.700912126621
2025-09-13 21:00:00,115.198048938088
2025-09-13 22:00:00,113.972781318163
2025-09-13 23:00:00,114.771022418527
2025-09-14 00:00:00,112.356987577031
2025-09-14 01:00:00,112.857504264398
2025-09-14 02:00:00,113.856221533407
2025-09-14 03:00:00,113.845652290974
2025-09-14 04:00:00,113.525952527805
2025-09-14 05:00:00,113.540369359711
2025-09-14 06:00:00,112.392721592852
2025-09-14 07:00:00,113.69138389725
2025-09-14 08:00:00,113.810683262863
2025-09-14 10:00:00,113.694376489831
2025-09-14 11:00:00,113.133513878368
2025-09-14 12:00:00,113.499969262122
2025-09-14 13:00:00,113.279351473372
2025-09-14 14:00:00,113.748018394569
2025-09-14 15:00:00,113.831810459672
2025-09-14 16:00:00,113.089132306636
2025-09-14 17:00:00,113.054616655171
2025-09-14 18:00:00,113.40547453427
2025-09-14 19:00:00,112.955094926055
2025-09-14 20:00:00,112.541101636598
2025-09-14 21:00:00,113.745395819052
2025-09-14 22:00:00,113.374827468184
2025-09-14 23:00:00,88.2516860269331
2025-09-15 00:00:00,112.136259823442
2025-09-15 01:00:00,112.282749636666
2025-09-15 02:00:00,112.583552573826
2025-09-15 03:00:00,113.564707864364
2025-09-15 04:00:00,112.70063583772
2025-09-15 05:00:00,111.231594541156
2025-09-15 06:00:00,112.436946326149
2025-09-15 07:00:00,112.569761950943
2025-09-15 08:00:00,111.735915170914
2025-09-15 09:00:00,113.132742367275
2025-09-15 10:00:00,112.750665154892
2025-09-15 11:00:00,113.08316816261
2025-09-15 12:00:00,111.514174294727
2025-09-15 13:00:00,113.240327851669
2025-09-15 14:00:00,113.457939223944
2025-09-15 15:00:00,113.518838331742
2025-09-15 16:00:00,113.798780952135
2025-09-15 17:00:00,113.500936143822
2025-09-15 18:00:00,112.232845601228
2025-09-15 19:00:00,112.671833480445
2025-09-15 20:00:00,113.718837671567
2025-09-15 21:00:00,112.008228037972
2025-09-15 22:00:00,111.229377220177
2025-09-15 23:00:00,112.879616381224
2025-09-16 00:00:00,112.556897045319
2025-09-16 01:00:00,112.443487738817
2025-09-16 02:00:00,112.572119383614
2025-09-16 03:00:00,111.876185188142
2025-09-16 04:00:00,112.318974362567
2025-09-16 05:00:00,111.263282730979
2025-09-16 06:00:00,112.56436114514
2025-09-16 08:00:00,111.639090436728
2025-09-16 09:00:00,113.393736151095
2025-09-16 10:00:00,110.423444191293
2025-09-16 11:00:00,112.308340793123
2025-09-16 12:00:00,111.225801920863
2025-09-16 13:00:00,112.90948138462
2025-09-16 14:00:00,111.479165920375
2025-09-16 15:00:00,113.251175193586
2025-09-16 16:00:00,111.876828137299
2025-09-16 17:00:00,112.128675383124
2025-09-16 18:00:00,112.09084471005
2025-09-16 19:00:00,112.431056934947
2025-09-16 20:00:00,113.88391701446
2025-09-16 21:00:00,112.117392454845
2025-09-16 22:00:00,110.755072196893
2025-09-16 23:00:00,111.653682386897
2025-09-17 00:00:00,111.485579498663
2025-09-17 01:00:00,111.970197214641
2025-09-17 02:00:00,110.270685219114
2025-09-17 03:00:00,111.845060687404
2025-09-17 04:00:00,111.942555273351
2025-09-17 05:00:00,110.90620665034
2025-09-17 18:00:00,110.431466838885
2025-09-17 19:00:00,112.203537919314
2025-09-17 20:00:00,110.719711181758
2025-09-17 21:00:00,111.640902382797
2025-09-17 22:00:00,110.555970052203
2025-09-17 23:00:00,138.648372140144
2025-09-18 00:00:00,111.010380687165
2025-09-18 01:00:00,110.749866062102
2025-09-18 02:00:00,110.372611169748
2025-09-18 03:00:00,111.315157380588
2025-09-18 04:00:00,110.630212997909
2025-09-18 05:00:00,110.887841160267
2025-09-18 07:00:00,111.513403322656
2025-09-18 10:00:00,131.669653000336
2025-09-18 11:00:00,110.770138863597
2025-09-18 12:00:00,111.579191016093
2025-09-18 13:00:00,111.506924050041
2025-09-18 14:00:00,110.56681064271
2025-09-18 15:00:00,111.339498188824
2025-09-18 16:00:00,111.239180432712
2025-09-18 17:00:00,110.625757265936
2025-09-18 18:00:00,110.405438257028
2025-09-18 19:00:00,112.247354861427
2025-09-18 20:00:00,110.749009984704
2025-09-18 21:00:00,111.100222909148
2025-09-18 22:00:00,111.328751379314
2025-09-18 23:00:00,112.003117472021
2025-09-19 00:00:00,110.456429423866
2025-09-19 01:00:00,111.76825878027
2025-09-19 02:00:00,111.153055756035
2025-09-19 03:00:00,110.119074406822
2025-09-19 04:00:00,110.18682207178
2025-09-19 05:00:00,110.360602228465
2025-09-19 06:00:00,110.493573938664
2025-09-19 07:00:00,110.9879516014
2025-09-19 08:00:00,110.54806631014
2025-09-19 09:00:00,110.615780493557
2025-09-19 10:00:00,110.50121330772
2025-09-19 11:00:00,110.97023529431
2025-09-19 12:00:00,110.004570677082
2025-09-19 13:00:00,110.813425591098
2025-09-19 14:00:00,111.665112411517
2025-09-19 15:00:00,110.806296943621
2025-09-19 16:00:00,110.269166061944
2025-09-19 17:00:00,110.869931538175
2025-09-19 18:00:00,110.423310389877
2025-09-19 19:00:00,110.684017441126
2025-09-19 20:00:00,110.997777918401
2025-09-19 21:00:00,111.243559920837
2025-09-19 22:00:00,109.887105417369
2025-09-19 23:00:00,110.730086336552
2025-09-20 00:00:00,110.822703006536
2025-09-20 01:00:00,111.919511542867
2025-09-20 02:00:00,109.887219639819
2025-09-20 03:00:00,110.844277419022
2025-09-20 04:00:00,110.379819891108
2025-09-20 05:00:00,110.926786483217
2025-09-20 06:00:00,110.695049010102
2025-09-20 07:00:00,109.805497263433
2025-09-20 10:00:00,110.083075243652
2025-09-20 11:00:00,111.403291892523
2025-09-20 12:00:00,111.032108943883
2025-09-20 13:00:00,111.407674956529
2025-09-20 14:00:00,111.67106260609
2025-09-20 15:00:00,109.623532148207
2025-09-20 16:00:00,110.654710125116
2025-09-20 17:00:00,110.483832329521
2025-09-20 18:00:00,109.97516544483
2025-09-20 19:00:00,109.917892073767
2025-09-20 20:00:00,110.522467933564
2025-09-20 21:00:00,111.240377752651
2025-09-20 22:00:00,110.416898478858
2025-09-20 23:00:00,110.704288837549
2025-09-21 00:00:00,109.933373947486
2025-09-21 01:00:00,109.521640737705
2025-09-21 02:00:00,109.496065669576
2025-09-21 03:00:00,110.85748905063
2025-09-21 04:00:00,109.324646372465
2025-09-21 05:00:00,108.73406619415
2025-09-21 06:00:00,109.94846782239
2025-09-21 07:00:00,109.403803907684
2025-09-21 08:00:00,110.564291484369
2025-09-21 09:00:00,109.852087950132
2025-09-21 20:00:00,110.441972939881
2025-09-21 21:00:00,111.294589363397
2025-09-21 22:00:00,109.797688199149
2025-09-21 23:00:00,109.813606499783
2025-09-22 00:00:00,110.368303322552
2025-09-22 01:00:00,108.861053820164
2025-09-22 02:00:00,108.660590763147
2025-09-22 03:00:00,110.507595186683
2025-09-22 04:00:00,108.934557333099
2025-09-22 05:00:00,110.267383939093
2025-09-22 06:00:00,108.92914290711
2025-09-22 08:00:00,109.081179432035
2025-09-22 09:00:00,109.42870144289
2025-09-22 10:00:00,109.939964925359
2025-09-22 11:00:00,108.66992698819
2025-09-22 12:00:00,109.099400192007
2025-09-22 13:00:00,109.08795948897
2025-09-22 14:00:00,109.228882828558
2025-09-22 15:00:00,109.861305878045
2025-09-22 16:00:00,109.390939189445
2025-09-22 17:00:00,109.204991888313
2025-09-22 18:00:00,109.500345592647
2025-09-22 19:00:00,108.273056416941
2025-09-22 20:00:00,
2025-09-22 21:00:00,109.689995555743
2025-09-22 22:00:00,109.802969236974
2025-09-22 23:00:00,109.281636209232
2025-09-23 00:00:00,106.206421186764
2025-09-23 01:00:00,108.785016476689
2025-09-23 02:00:00,109.274649855661
2025-09-23 03:00:00,109.198445455382
2025-09-23 04:00:00,108.356794632174
2025-09-23 05:00:00,108.136561080038
2025-09-23 06:00:00,107.860435186566
2025-09-23 07:00:00,108.685906111292
2025-09-23 08:00:00,108.565672905231
2025-09-23 09:00:00,109.231730069019
2025-09-23 19:00:00,108.594977619357
2025-09-23 20:00:00,108.731652575621
2025-09-23 21:00:00,108.442171882534
2025-09-23 22:00:00,109.535916609544
2025-09-23 23:00:00,109.409192472014
2025-09-24 00:00:00,108.223552063509
2025-09-24 01:00:00,108.918469652418
2025-09-24 02:00:00,107.856774512991
2025-09-24 03:00:00,107.827063371754
2025-09-24 04:00:00,108.739056570079
2025-09-24 05:00:00,109.072834743245
2025-09-24 06:00:00,108.651020936925
2025-09-24 08:00:00,108.911904675546
2025-09-24 09:00:00,109.470433007751
2025-09-24 10:00:00,108.871078289552
2025-09-24 11:00:00,108.252370010655
2025-09-24 12:00:00,107.848892237853
2025-09-24 13:00:00,109.184799683135
2025-09-24 14:00:00,108.532655058116
2025-09-24 15:00:00,108.726867230246
2025-09-24 16:00:00,109.971554101116
2025-09-24 17:00:00,108.673264503808
2025-09-24 18:00:00,108.298200304749
2025-09-24 19:00:00,109.761365994988
2025-09-24 20:00:00,109.01034998186
2025-09-24 21:00:00,108.731678837961
2025-09-24 22:00:00,109.700656690277
2025-09-24 23:00:00,109.333450841349
2025-09-25 00:00:00,107.534549833247
2025-09-25 01:00:00,107.566051961052
2025-09-25 02:00:00,109.235242604948
2025-09-25 03:00:00,108.121675925123
2025-09-25 04:00:00,108.326107487847
2025-09-25 05:00:00,108.035922826767
2025-09-25 06:00:00,107.253127814669
2025-09-25 07:00:00,108.483124908002
2025-09-25 09:00:00,107.912713868917
2025-09-25 10:00:00,106.653978124462
2025-09-25 11:00:00,108.351866546186
2025-09-25 12:00:00,108.10142439398
2025-09-25 13:00:00,108.136236756365
2025-09-25 14:00:00,107.488249225328
2025-09-25 15:00:00,109.307247078542
2025-09-25 16:00:00,108.238216912946
2025-09-25 17:00:00,109.159736176102
2025-09-25 18:00:00,109.16848156014
2025-09-25 19:00:00,106.978825054441
2025-09-25 20:00:00,108.001633853577
2025-09-25 21:00:00,107.670372351688
2025-09-25 22:00:00,107.976823338121
2025-09-25 23:00:00,108.158157437133
2025-09-26 00:00:00,107.414722314159
2025-09-26 01:00:00,98.6272489760829
2025-09-26 02:00:00,106.987765134138
2025-09-26 03:00:00,107.780474831742
2025-09-26 04:00:00,107.451404403491
2025-09-26 05:00:00,107.104314431323
2025-09-26 06:00:00,106.447600140033
2025-09-26 07:00:00,107.319497998286
2025-09-26 08:00:00,107.384319941679
2025-09-26 09:00:00,107.068327141176
2025-09-26 10:00:00,107.458161598695
2025-09-26 11:00:00,105.957562629199
2025-09-26 12:00:00,
2025-09-26 13:00:00,
2025-09-26 14:00:00,
2025-09-26 15:00:00,
2025-09-26 16:00:00,110.367592640187
2025-09-26 17:00:00,108.329376235692
2025-09-26 18:00:00,108.299614638839
2025-09-26 19:00:00,107.131542770466
2025-09-26 20:00:00,106.744822997721
2025-09-26 21:00:00,107.210090879423
2025-09-26 22:00:00,107.181544647611
2025-09-26 23:00:00,107.012962268726
2025-09-27 00:00:00,105.871732336915
2025-09-27 01:00:00,107.502663705765
2025-09-27 02:00:00,106.684666967478
2025-09-27 03:00:00,106.660514786183
2025-09-27 04:00:00,106.838681116355
2025-09-27 05:00:00,106.990218639595
2025-09-27 06:00:00,107.036077181217
2025-09-27 07:00:00,107.898023336238
2025-09-27 08:00:00,107.625954154467
2025-09-27 09:00:00,106.429776851889
2025-09-27 10:00:00,107.972882133419
2025-09-27 21:00:00,107.614821558375
2025-09-27 22:00:00,107.423693391933
2025-09-27 23:00:00,106.969677064684
2025-09-28 00:00:00,105.621632628934
2025-09-28 01:00:00,106.339782379768
2025-09-28 02:00:00,106.680540181671
2025-09-28 03:00:00,106.105290800736
2025-09-28 04:00:00,106.680292764197
2025-09-28 05:00:00,105.418819007098
2025-09-28 06:00:00,106.221682126028
2025-09-28 07:00:00,
2025-09-28 08:00:00,
2025-09-28 09:00:00,
2025-09-28 10:00:00,
2025-09-28 11:00:00,106.39337621349
2025-09-28 12:00:00,107.131509071953
2025-09-28 13:00:00,107.92630118565
2025-09-28 14:00:00,104.938084014342
2025-09-28 15:00:00,106.437086674833
2025-09-28 16:00:00,105.910776228962
2025-09-28 17:00:00,105.835533274405
2025-09-28 18:00:00,105.410592197523
2025-09-28 19:00:00,106.784110145581
2025-09-28 20:00:00,105.979266551092
2025-09-28 21:00:00,106.782213659431
2025-09-28 22:00:00,106.828221147758
2025-09-28 23:00:00,106.850580118077
2025-09-29 00:00:00,105.943661849327
2025-09-29 01:00:00,105.334371641721
2025-09-29 02:00:00,106.187780344048
2025-09-29 03:00:00,104.599802080219
2025-09-29 04:00:00,105.727945106716
2025-09-29 05:00:00,106.04653870113
2025-09-29 06:00:00,105.186398769529
2025-09-29 07:00:00,105.581604657134
2025-09-29 08:00:00,105.44052784935
2025-09-29 09:00:00,106.69835886128
2025-09-29 10:00:00,104.510906321199
2025-09-29 11:00:00,105.469762387909
2025-09-29 12:00:00,106.078476928204
2025-09-29 13:00:00,104.762880477728
2025-09-29 14:00:00,104.915443849786
2025-09-29 15:00:00,105.543580577289
2025-09-29 16:00:00,104.066712114266
2025-09-29 17:00:00,105.055314592546
2025-09-29 18:00:00,105.15929449965
2025-09-29 19:00:00,105.712091423175
2025-09-29 20:00:00,104.03954893496
2025-09-29 21:00:00,106.579041911092
2025-09-29 22:00:00,104.686603093006
2025-09-29 23:00:00,105.90384023692
2025-09-30 00:00:00,105.135689074296
2025-09-30 01:00:00,103.952603622124
2025-09-30 02:00:00,104.114624887643
2025-09-30 03:00:00,104.39673726973
2025-09-30 04:00:00,104.617304961157
2025-09-30 05:00:00,103.044049265506
2025-09-30 07:00:00,104.546609375068
2025-09-30 08:00:00,104.355825610075
2025-09-30 09:00:00,104.873803264723
2025-09-30 10:00:00,105.124218089197
2025-09-30 11:00:00,104.541043994876
2025-09-30 12:00:00,103.938167985461
2025-09-30 13:00:00,104.835640648157
2025-09-30 14:00:00,105.838715000695
2025-09-30 15:00:00,103.615978431325
2025-09-30 16:00:00,104.546870193783
2025-09-30 17:00:00,103.637893107849
2025-09-30 18:00:00,104.803820546542
2025-09-30 19:00:00,103.001146000797
2025-09-30 20:00:00,104.224485923029
2025-09-30 21:00:00,104.401004600615
2025-09-30 22:00:00,105.353734540937
2025-09-30 23:00:00,104.69222850211
2025-10-01 00:00:00,103.890054841614
2025-10-01 01:00:00,105.38441499979
2025-10-01 02:00:00,104.363861648132
2025-10-01 03:00:00,103.39126124106
2025-10-01 04:00:00,104.089741625511
2025-10-01 05:00:00,104.974451299114
2025-10-01 06:00:00,104.105709079664
2025-10-01 07:00:00,103.818698887548
2025-10-01 08:00:00,104.414360656921
2025-10-01 09:00:00,103.225256294736
2025-10-01 10:00:00,103.959593946673
2025-10-01 11:00:00,103.263257094438
2025-10-01 12:00:00,103.048856027249
2025-10-02 00:00:00,102.683714060515
2025-10-02 01:00:00,103.027219652813
2025-10-02 02:00:00,104.06859304371
2025-10-02 03:00:00,103.872079841804
2025-10-02 04:00:00,103.303474541772
2025-10-02 05:00:00,104.090298490989
2025-10-02 06:00:00,103.572585030935
2025-10-02 07:00:00,104.95297323567
2025-10-02 08:00:00,102.882212853574
2025-10-02 09:00:00,106.563053927008
2025-10-02 10:00:00,103.408554952726
2025-10-02 11:00:00,103.954960992558
2025-10-02 12:00:00,104.211092092882
2025-10-02 13:00:00,103.221276036524
2025-10-02 14:00:00,102.411738633971
2025-10-02 15:00:00,102.549307935134
2025-10-02 16:00:00,103.691613560301
2025-10-02 17:00:00,103.111774986673
2025-10-02 18:00:00,104.04431718658
2025-10-02 20:00:00,104.185748762109
2025-10-06 02:00:00,102.899972127874
2025-10-06 04:00:00,103.753278793659
2025-10-06 05:00:00,103.108209808971
2025-10-06 15:00:00,101.901877825999
2025-10-06 16:00:00,102.106543730737
2025-10-06 23:00:00,104.80619888827
2025-10-07 00:00:00,102.028081010427
2025-10-07 02:00:00,103.54082799551
2025-10-07 03:00:00,103.045778388623
2025-10-07 04:00:00,102.28954583267
2025-10-07 05:00:00,103.181531151302
2025-10-07 06:00:00,102.238606320706
2025-10-07 07:00:00,102.238888629134
2025-10-07 08:00:00,102.257576506916
2025-10-07 09:00:00,101.506535912364
2025-10-07 10:00:00,103.380295599722
2025-10-07 11:00:00,102.395714033611
2025-10-07 12:00:00,103.025290256795
2025-10-07 13:00:00,101.655888720733
2025-10-07 14:00:00,102.004532448782
2025-10-07 15:00:00,101.981599094814
2025-10-07 16:00:00,102.04013100995
2025-10-07 17:00:00,103.098806753147
2025-10-07 18:00:00,102.376132414605
2025-10-07 19:00:00,103.78213326611
2025-10-07 20:00:00,102.842444302763
2025-10-07 21:00:00,102.392880692318
2025-10-07 22:00:00,100.257804306364
2025-10-07 23:00:00,102.881928348177
2025-10-08 00:00:00,101.52914916554
2025-10-08 01:00:00,100.918232731753
2025-10-08 02:00:00,103.306996361227
2025-10-08 03:00:00,101.459375769278
2025-10-08 04:00:00,102.85732450778
2025-10-08 05:00:00,102.632542346013
2025-10-08 14:00:00,102.764466199934
2025-10-08 15:00:00,102.899202839602
2025-10-08 16:00:00,102.175824631292
2025-10-08 17:00:00,102.624036640435
2025-10-08 18:00:00,103.036183858535
2025-10-08 19:00:00,101.410250486513
2025-10-08 20:00:00,102.480107224463
2025-10-08 21:00:00,
2025-10-08 22:00:00,
2025-10-08 23:00:00,
2025-10-09 00:00:00,
2025-10-09 01:00:00,100.029346305201
2025-10-09 02:00:00,102.619045181184
2025-10-09 03:00:00,100.299200002663
2025-10-09 04:00:00,102.007153780898
2025-10-09 05:00:00,101.25901245272
2025-10-09 06:00:00,101.124300647189
2025-10-09 07:00:00,102.210714575647
2025-10-09 08:00:00,102.501499650709
2025-10-09 09:00:00,100.651827579906
2025-10-09 10:00:00,103.575120578273
2025-10-09 11:00:00,102.704239997993
2025-10-09 12:00:00,100.164276539521
2025-10-09 13:00:00,102.789448493668
2025-10-09 14:00:00,100.290768041058
2025-10-09 16:00:00,101.19644309463
2025-10-10 03:00:00,
2025-10-10 04:00:00,
2025-10-10 05:00:00,
2025-10-10 06:00:00,
2025-10-10 07:00:00,
2025-10-10 08:00:00,
2025-10-10 09:00:00,
2025-10-10 10:00:00,
2025-10-10 11:00:00,
2025-10-10 12:00:00,
2025-10-10 13:00:00,
2025-10-10 14:00:00,
2025-10-10 15:00:00,
2025-10-10 16:00:00,
2025-10-10 17:00:00,
2025-10-10 18:00:00,
2025-10-10 19:00:00,
2025-10-10 20:00:00,
2025-10-10 21:00:00,
2025-10-10 22:00:00,
2025-10-10 23:00:00,
2025-10-11 00:00:00,106.121899941546
2025-10-11 01:00:00,105.618198142343
2025-10-11 02:00:00,105.344426537106
2025-10-11 03:00:00,105.719603462467
2025-10-11 04:00:00,105.168482596478
2025-10-11 05:00:00,105.745092763448
2025-10-11 06:00:00,105.619182853147
2025-10-11 07:00:00,105.107210447424
2025-10-11 08:00:00,106.185045329118
2025-10-11 09:00:00,104.97123836617
2025-10-11 10:00:00,105.260424198548
2025-10-11 11:00:00,105.654642019505
2025-10-11 12:00:00,105.613532231468
2025-10-11 13:00:00,105.875639000354
2025-10-11 15:00:00,105.678536263076
2025-10-11 16:00:00,105.805952481269
2025-10-11 17:00:00,105.983587966001
2025-10-11 18:00:00,105.766725216158
2025-10-11 19:00:00,104.823088874347
2025-10-11 20:00:00,105.338094384655
2025-10-11 21:00:00,105.773812586942
2025-10-11 22:00:00,105.600446570502
2025-10-11 23:00:00,105.635084696671
2025-10-12 00:00:00,105.005507377297
2025-10-12 01:00:00,104.623920680692
2025-10-12 02:00:00,104.262168053747
2025-10-12 03:00:00,104.969203096687
2025-10-12 04:00:00,104.788000558252
2025-10-12 05:00:00,104.373562826595
2025-10-12 06:00:00,104.311862843443
2025-10-12 07:00:00,104.302040427124
2025-10-12 08:00:00,104.943741122474
2025-10-12 09:00:00,104.721735007025
2025-10-12 10:00:00,105.011483353195
2025-10-12 11:00:00,104.637502041571
2025-10-12 12:00:00,104.110393826978
2025-10-12 13:00:00,104.293829561066
2025-10-12 14:00:00,104.243435782384
2025-10-12 15:00:00,104.607870158662
2025-10-12 16:00:00,104.495074296865
2025-10-12 17:00:00,105.090024080156
2025-10-12 18:00:00,105.813189417874
2025-10-12 19:00:00,105.360577587356
2025-10-12 20:00:00,104.627412244456
2025-10-12 21:00:00,105.188566940381
2025-10-12 22:00:00,104.633320967085
2025-10-12 23:00:00,104.798051247684
2025-10-13 00:00:00,104.677014562461
2025-10-13 01:00:00,103.968038859154
2025-10-13 02:00:00,103.79061047267
2025-10-13 03:00:00,104.092743320773
2025-10-13 04:00:00,103.857877035072
2025-10-13 05:00:00,103.967391425557
2025-10-13 06:00:00,103.532666146607
2025-10-13 07:00:00,104.125255371231
2025-10-13 08:00:00,103.210177196903
2025-10-13 09:00:00,104.040448609243
2025-10-13 10:00:00,103.360160127912
2025-10-13 11:00:00,104.03512443462
2025-10-13 12:00:00,103.428597640411
2025-10-13 13:00:00,103.322284976128
2025-10-13 14:00:00,104.254367647247
2025-10-13 15:00:00,103.715238289296
2025-10-13 16:00:00,103.843505508791
2025-10-13 17:00:00,103.59922818417
2025-10-13 18:00:00,104.073425848175
2025-10-14 05:00:00,104.084513158875
2025-10-14 07:00:00,104.032681126856
2025-10-14 08:00:00,104.490240615874
2025-10-14 09:00:00,104.272736862482
2025-10-14 10:00:00,102.017937723712
2025-10-14 11:00:00,104.374364206772
2025-10-14 12:00:00,101.817428945497
2025-10-14 13:00:00,103.226556373342
2025-10-14 14:00:00,104.608672242951
2025-10-14 15:00:00,104.240010081225
2025-10-14 16:00:00,102.268709556038
2025-10-14 17:00:00,104.26201550413
2025-10-14 18:00:00,104.679148146584
2025-10-14 19:00:00,103.434487619176
2025-10-14 20:00:00,105.723451724764
2025-10-14 21:00:00,103.469100583796
2025-10-14 22:00:00,102.867045875354
2025-10-14 23:00:00,103.773486055036
2025-10-15 00:00:00,103.128951602404
2025-10-15 01:00:00,101.739177294177
2025-10-15 02:00:00,103.920823667728
2025-10-15 03:00:00,102.299506597114
2025-10-15 04:00:00,102.486799753919
2025-10-15 05:00:00,103.696047338816
2025-10-15 06:00:00,103.253821689644
2025-10-15 07:00:00,102.983342704333
2025-10-15 08:00:00,102.477029398443
2025-10-15 09:00:00,103.27552048351
2025-10-15 10:00:00,102.615228302259
2025-10-15 11:00:00,102.816184997735
2025-10-15 12:00:00,102.527815984222
2025-10-15 13:00:00,103.815663575825
2025-10-15 14:00:00,101.630182786834
2025-10-15 15:00:00,102.71765791403
2025-10-15 16:00:00,102.812702257734
2025-10-15 17:00:00,103.67552817424
2025-10-15 18:00:00,102.775539148015
2025-10-15 19:00:00,103.146803096809
2025-10-15 20:00:00,103.127387283212
2025-10-15 21:00:00,102.11503952394
2025-10-15 22:00:00,102.327972630117
2025-10-15 23:00:00,102.854879870597
2025-10-16 00:00:00,100.668806911453
2025-10-16 01:00:00,101.626563260892
2025-10-16 02:00:00,102.38022430904
2025-10-16 03:00:00,102.30335129776
2025-10-16 04:00:00,101.365406935906
2025-10-16 05:00:00,102.105193909508
2025-10-16 06:00:00,101.200069981879
2025-10-16 16:00:00,102.742790944694
2025-10-16 17:00:00,101.373440785674
2025-10-16 18:00:00,102.167363585254
2025-10-16 19:00:00,101.970944826137
2025-10-16 20:00:00,102.360952612671
2025-10-16 21:00:00,102.133892069574
2025-10-16 22:00:00,101.069375390399
2025-10-16 23:00:00,102.642061958705
2025-10-17 00:00:00,102.520261501426
2025-10-17 01:00:00,102.382748859369
2025-10-17 02:00:00,102.58696774973
2025-10-17 03:00:00,101.726262781199
2025-10-17 04:00:00,102.436019411965
2025-10-17 05:00:00,102.834985162259
2025-10-17 06:00:00,102.820288485714
2025-10-17 07:00:00,102.726811373398
2025-10-17 08:00:00,101.827391375417
2025-10-17 09:00:00,102.785397394391
2025-10-17 10:00:00,101.900840620864
2025-10-17 11:00:00,101.205426858155
2025-10-17 12:00:00,102.689081203461
2025-10-17 13:00:00,103.479889656963
2025-10-17 14:00:00,102.305099304678
2025-10-17 15:00:00,101.830624279606
2025-10-17 16:00:00,102.959759970107
2025-10-17 17:00:00,101.937350691178
2025-10-17 18:00:00,102.448952073373
2025-10-17 19:00:00,101.58041787671
2025-10-17 20:00:00,102.730813179991
2025-10-17 21:00:00,102.936720253203
2025-10-17 22:00:00,102.726209833274
2025-10-17 23:00:00,102.453445247806
2025-10-18 00:00:00,101.671196494677
2025-10-18 01:00:00,102.213181205888
2025-10-18 02:00:00,101.931748514573
2025-10-18 03:00:00,101.306962404114
2025-10-18 04:00:00,102.318881732796
2025-10-18 05:00:00,101.46247373074
2025-10-18 06:00:00,101.981225112685
2025-10-18 07:00:00,99.2218676192569
2025-10-18 09:00:00,101.566664147918
2025-10-18 10:00:00,100.67617417956
2025-10-18 11:00:00,100.994718850564
2025-10-18 12:00:00,100.993030183055
2025-10-18 13:00:00,104.088182768023
2025-10-18 14:00:00,101.91580981153
2025-10-18 15:00:00,100.615723002927
2025-10-18 16:00:00,101.591117248057
2025-10-18 17:00:00,102.945591275442
2025-10-18 18:00:00,101.830439329895
2025-10-18 19:00:00,101.812323173992
2025-10-18 20:00:00,100.20909454472
2025-10-18 21:00:00,101.167653509333
2025-10-18 22:00:00,101.327088056255
2025-10-18 23:00:00,101.485683400297
2025-10-19 00:00:00,101.919010093489
2025-10-19 01:00:00,99.9813172705974
2025-10-19 02:00:00,101.15686220418
2025-10-19 03:00:00,100.797700309129
2025-10-19 04:00:00,100.835130324937
2025-10-19 05:00:00,101.598940692485
2025-10-19 16:00:00,100.269117423919
2025-10-19 17:00:00,101.084403090984
2025-10-19 18:00:00,101.259704615103
2025-10-19 19:00:00,100.081297534765
2025-10-19 20:00:00,100.240297176992
2025-10-19 21:00:00,99.9647890232091
2025-10-19 22:00:00,102.07675042153
2025-10-19 23:00:00,99.8913800312766
2025-10-20 00:00:00,100.129901773766
2025-10-20 01:00:00,100.01436421383
2025-10-20 02:00:00,100.851859507577
2025-10-20 03:00:00,101.134635772264
2025-10-20 04:00:00,101.277947663989
2025-10-20 05:00:00,79.5726171455272
2025-10-20 06:00:00,81.456247767536
2025-10-20 08:00:00,100.531021632306
2025-10-20 09:00:00,99.8998310931434
2025-10-20 10:00:00,120.609624357002
2025-10-20 11:00:00,100.825709503339
2025-10-20 12:00:00,101.94998218832
2025-10-20 13:00:00,101.37974209287
2025-10-20 14:00:00,100.129784959245
2025-10-20 15:00:00,101.361698492804
2025-10-20 16:00:00,100.585027769263
2025-10-20 17:00:00,100.897020124165
2025-10-20 18:00:00,100.592929913894
2025-10-20 19:00:00,101.032935945811
2025-10-20 20:00:00,100.195633035384
2025-10-20 21:00:00,100.130763048216
2025-10-20 22:00:00,99.7318803400731
2025-10-20 23:00:00,100.928396203349
2025-10-21 00:00:00,99.9573583582307
2025-10-21 01:00:00,99.3000946464166
2025-10-21 02:00:00,98.9357254070832
2025-10-21 03:00:00,99.7242502769102
2025-10-21 04:00:00,101.050694806641
2025-10-21 05:00:00,100.087815818147
2025-10-21 06:00:00,100.774639324018
2025-10-21 07:00:00,100.11495493191
2025-10-21 08:00:00,100.850668660997
2025-10-21 09:00:00,98.9338106631151
2025-10-21 10:00:00,100.224763733804
2025-10-21 11:00:00,99.6872430528795
2025-10-21 12:00:00,99.4689510257041
2025-10-21 13:00:00,99.2664797000439
2025-10-21 14:00:00,98.6836060611995
2025-10-21 15:00:00,100.507579569374
2025-10-21 16:00:00,98.6838825724749
2025-10-21 17:00:00,99.2684649008506
2025-10-21 18:00:00,99.230549720494
2025-10-21 19:00:00,99.8626609700524
2025-10-21 20:00:00,98.8123177298965
2025-10-21 21:00:00,99.3429952248635
2025-10-21 22:00:00,100.17614351719
2025-10-21 23:00:00,99.1636336782229
2025-10-22 00:00:00,99.6169973074038
2025-10-22 01:00:00,100.490883272226
2025-10-22 02:00:00,97.789915642569
2025-10-22 03:00:00,100.577159048427
2025-10-22 04:00:00,98.419659321019
2025-10-22 05:00:00,99.422018054183
2025-10-22 07:00:00,99.6921233209268
2025-10-22 08:00:00,99.3192833998008
2025-10-22 09:00:00,100.015955614647
2025-10-22 10:00:00,98.884262883387
2025-10-22 11:00:00,98.8880309841243
2025-10-22 12:00:00,100.393657568723
2025-10-22 13:00:00,99.138953080546
2025-10-22 14:00:00,98.6998316782872
2025-10-22 15:00:00,99.4250719609046
2025-10-22 16:00:00,100.090262370976
2025-10-22 17:00:00,100.133893234609
2025-10-22 18:00:00,100.249233257865
2025-10-22 19:00:00,99.7162161359621
2025-10-22 20:00:00,99.1411214485441
2025-10-22 21:00:00,99.3509704771064
2025-10-22 22:00:00,100.953096487929
2025-10-22 23:00:00,101.681382032182
2025-10-23 00:00:00,98.4174444679499
2025-10-23 01:00:00,99.9244097231749
2025-10-23 02:00:00,99.448588659469
2025-10-23 03:00:00,99.1550979179039
2025-10-23 04:00:00,99.9018558888326
2025-10-23 05:00:00,100.038628246482
2025-10-23 06:00:00,99.0851394407472
2025-10-23 07:00:00,99.1606072315044
2025-10-23 18:00:00,100.815698906205
2025-10-23 20:00:00,98.8561296402936
2025-10-23 21:00:00,99.1761382728316
2025-10-23 22:00:00,100.523725305516
2025-10-23 23:00:00,99.423102402263
2025-10-24 00:00:00,97.2006495507464
2025-10-24 01:00:00,99.2627339147027
2025-10-24 02:00:00,98.564095943195
2025-10-24 03:00:00,98.4079937163183
2025-10-24 04:00:00,
2025-10-24 05:00:00,
2025-10-24 07:00:00,
2025-10-24 08:00:00,
2025-10-24 09:00:00,98.7289033795215
2025-10-24 10:00:00,98.5437844628848
2025-10-24 11:00:00,99.2783588101992
2025-10-24 12:00:00,99.5119695374801
2025-10-24 13:00:00,98.0183193113693
2025-10-24 14:00:00,99.2393732717129
2025-10-24 15:00:00,99.3850865562586
2025-10-24 16:00:00,98.5909376900864
2025-10-24 17:00:00,99.9531888963173
2025-10-24 18:00:00,98.8900874032433
2025-10-24 19:00:00,97.8448362790789
2025-10-24 20:00:00,97.5136967799256
2025-10-24 21:00:00,97.9778496419455
2025-10-24 22:00:00,98.1536076100322
2025-10-24 23:00:00,99.3908688730996
2025-10-25 00:00:00,97.5548198171812
2025-10-25 01:00:00,97.5717844461306
2025-10-25 02:00:00,97.3103748360117
2025-10-25 03:00:00,97.7693091344055
2025-10-25 04:00:00,97.802808892562
2025-10-25 05:00:00,97.2168369573488
2025-10-25 06:00:00,98.4045679848714
2025-10-25 07:00:00,99.030920167878
2025-10-25 08:00:00,97.0727423450481
2025-10-25 09:00:00,97.9029351003815
2025-10-25 10:00:00,97.69417496472
2025-10-25 11:00:00,97.7068468285252
2025-10-25 12:00:00,98.9487054713701
2025-10-25 13:00:00,99.2487560586389
2025-10-25 14:00:00,98.1903037721144
2025-10-25 15:00:00,98.7862761874164
2025-10-25 16:00:00,
2025-10-25 17:00:00,123.046619471711
2025-10-25 18:00:00,98.0942595286662
2025-10-25 19:00:00,98.5561524208075
2025-10-25 20:00:00,98.0611461157954
2025-10-25 21:00:00,97.7792189288513
2025-10-25 22:00:00,97.2452458168892
2025-10-25 23:00:00,98.1110446564747
2025-10-26 00:00:00,96.2889234870439
2025-10-26 01:00:00,96.6543606381745
2025-10-26 02:00:00,96.0018388253018
2025-10-26 03:00:00,97.7484081726877
2025-10-26 04:00:00,98.4948163966989
2025-10-26 05:00:00,96.9083368138381
2025-10-26 07:00:00,97.182681702886
2025-10-26 08:00:00,97.1983913774467
2025-10-26 09:00:00,97.229295888363
2025-10-26 10:00:00,95.9539968212018
2025-10-26 11:00:00,97.6125279447039
2025-10-26 12:00:00,97.7357611668262
2025-10-26 13:00:00,97.0636844032994
2025-10-26 14:00:00,97.1950612478043
2025-10-26 15:00:00,96.3720860710948
2025-10-26 16:00:00,97.7564935646409
2025-10-26 17:00:00,98.0631360646159
2025-10-26 18:00:00,97.9990611883651
2025-10-26 19:00:00,96.3150019938571
2025-10-26 20:00:00,96.1975071231945
2025-10-26 21:00:00,97.1215783735359
2025-10-26 22:00:00,97.5623701794259
2025-10-26 23:00:00,97.085798367781
2025-10-27 00:00:00,96.3606287681519
2025-10-27 01:00:00,95.2868991124918
2025-10-27 02:00:00,95.4403440444908
2025-10-27 03:00:00,96.4943755505192
2025-10-27 04:00:00,95.4442398517314
2025-10-27 05:00:00,96.5674006897697
2025-10-27 06:00:00,97.2183842800543
2025-10-27 07:00:00,98.2676311181605
2025-10-27 08:00:00,97.2703041889084
2025-10-27 09:00:00,96.9807686440085
2025-10-27 21:00:00,97.2029775963156
2025-10-27 22:00:00,97.3207902796672
2025-10-27 23:00:00,95.8983128749581
2025-10-28 00:00:00,95.4315881375475
2025-10-28 01:00:00,95.4937408313958
2025-10-28 02:00:00,97.278970386256
2025-10-28 03:00:00,95.0587546872793
2025-10-28 04:00:00,97.5328555619851
2025-10-28 05:00:00,96.7894959020195
2025-10-28 07:00:00,96.624509004817
2025-10-28 09:00:00,96.3384873058037
2025-10-28 10:00:00,95.5447899606667
2025-10-28 11:00:00,96.3965057672899
2025-10-28 12:00:00,97.1926840779844
2025-10-28 13:00:00,95.2722460700995
2025-10-28 14:00:00,96.0976610801344
2025-10-28 15:00:00,98.2172646717031
2025-10-28 16:00:00,96.3939956834863
2025-10-28 17:00:00,95.7828191365224
2025-10-28 18:00:00,96.0857481201631
2025-10-28 19:00:00,96.5853854934149
2025-10-28 20:00:00,104.806730176131
2025-10-28 21:00:00,95.5913760095758
2025-10-28 22:00:00,95.9435270280318
2025-10-28 23:00:00,97.3343827506655
2025-10-29 00:00:00,95.8305629252559
2025-10-29 01:00:00,95.6920662113858
2025-10-29 02:00:00,96.6167880715581
2025-10-29 03:00:00,95.5410335049854
2025-10-29 04:00:00,96.9242561042232
2025-10-29 05:00:00,95.6040599520105
2025-10-29 06:00:00,96.6300101356879
2025-10-29 07:00:00,94.7890082393179
2025-10-29 08:00:00,97.5975343526008
2025-10-29 09:00:00,96.6687305599464
2025-10-29 10:00:00,95.526917633111
2025-10-29 11:00:00,97.0667188258009
2025-10-29 12:00:00,95.8282668673229
2025-10-29 13:00:00,96.3607005956241
2025-10-29 14:00:00,95.1530300480816
2025-10-29 15:00:00,96.5166673283739
2025-10-29 16:00:00,94.8890840696505
2025-10-29 17:00:00,96.0565528271243
2025-10-29 18:00:00,96.0426578763458
2025-10-29 19:00:00,97.0411674419138
2025-10-29 20:00:00,97.5697574342553
2025-10-29 21:00:00,95.4228608364598
2025-10-29 22:00:00,95.4009222860675
2025-10-29 23:00:00,95.5762840672321
2025-10-30 00:00:00,95.702416731495
2025-10-30 01:00:00,95.8554688417287
2025-10-30 02:00:00,96.1636161062879
2025-10-30 03:00:00,95.8090695880927
2025-10-30 04:00:00,95.4473382797812
2025-10-30 05:00:00,96.2633046474225
2025-10-30 06:00:00,96.2815418322192
2025-10-30 07:00:00,96.5223181590218
2025-10-30 08:00:00,95.3991710873215
2025-10-30 09:00:00,95.6214582147579
2025-10-30 10:00:00,96.5618278264827
2025-10-30 11:00:00,95.0253473443248
2025-10-30 12:00:00,95.3578672882535
2025-10-30 13:00:00,95.1022564877614
2025-10-30 14:00:00,95.547384433883
2025-10-30 15:00:00,96.0357923098233
2025-10-30 16:00:00,95.9954530263885
2025-10-30 17:00:00,95.2918184718686
2025-10-30 18:00:00,96.4463817016236
2025-10-30 19:00:00,97.3848404548042
2025-10-30 20:00:00,96.5610016911651
2025-10-30 21:00:00,95.8203872742111
2025-10-30 22:00:00,95.5505593820784
2025-10-30 23:00:00,95.5890129254737
2025-10-31 00:00:00,94.4141084654624
2025-10-31 01:00:00,95.1803080141448
2025-10-31 02:00:00,94.2855220367275
2025-10-31 03:00:00,96.4661168946082
2025-10-31 04:00:00,94.6902193353674
2025-10-31 05:00:00,97.000421883558
2025-10-31 06:00:00,95.4820132614573
2025-10-31 07:00:00,96.9668686157272
2025-10-31 08:00:00,94.4194382972681
2025-10-31 09:00:00,95.3991536640475
2025-10-31 10:00:00,94.8296808612733
2025-10-31 11:00:00,95.7443631927971
2025-10-31 12:00:00,95.6384812568433
2025-10-31 13:00:00,94.9821320599743
2025-11-01 00:00:00,94.7715132663925
2025-11-01 01:00:00,94.3718012574034
2025-11-01 02:00:00,93.8978052067758
2025-11-01 03:00:00,95.0582747632699
2025-11-01 04:00:00,94.7563317967315
2025-11-01 05:00:00,
2025-11-01 06:00:00,
2025-11-01 08:00:00,
2025-11-01 09:00:00,94.4571348982941
2025-11-01 10:00:00,93.4540761083495
2025-11-01 11:00:00,95.2574378109336
2025-11-01 12:00:00,93.8496926445617
2025-11-01 13:00:00,95.0970606439801
2025-11-01 14:00:00,94.3130570085035
2025-11-01 15:00:00,116.28193693068
2025-11-01 16:00:00,94.4941182802088
2025-11-01 17:00:00,95.048348169198
2025-11-01 18:00:00,95.0501272718863
2025-11-01 19:00:00,95.5856718804894
2025-11-01 20:00:00,94.1503879655503
2025-11-01 21:00:00,94.4371899770445
2025-11-01 22:00:00,95.0289577014975
2025-11-01 23:00:00,93.825013370779
2025-11-02 00:00:00,93.5785711970672
2025-11-02 01:00:00,93.3854781048535
2025-11-02 02:00:00,93.8315953222773
2025-11-02 03:00:00,93.5840586831532
2025-11-02 04:00:00,94.8964449029631
2025-11-02 05:00:00,94.0830430819825
2025-11-02 06:00:00,93.5678479556729
2025-11-02 07:00:00,94.097598060991
2025-11-02 08:00:00,95.1610209058233
2025-11-02 09:00:00,92.9690191498939
2025-11-02 10:00:00,93.4997784265779
2025-11-02 11:00:00,93.8866268489134
2025-11-02 12:00:00,93.3456052123064
2025-11-02 13:00:00,94.5120561609258
2025-11-02 14:00:00,93.8935065085746
2025-11-02 15:00:00,94.5637298081057
2025-11-02 16:00:00,93.3154797477467
2025-11-02 17:00:00,93.6483016746509
2025-11-02 18:00:00,94.4941873452842
2025-11-02 19:00:00,93.6343270557961
2025-11-02 20:00:00,94.6853564253899
2025-11-02 21:00:00,93.8326015557411
2025-11-02 22:00:00,93.4663837793886
2025-11-02 23:00:00,94.0709034091511
2025-11-03 00:00:00,92.668557617834
2025-11-03 01:00:00,93.5462234344478
2025-11-03 02:00:00,92.5043116196231
2025-11-03 03:00:00,92.8570195662407
2025-11-03 04:00:00,93.3533480751888
2025-11-03 05:00:00,93.2463213501559
2025-11-03 06:00:00,93.5809096970816
2025-11-03 08:00:00,93.2920684665618
2025-11-03 09:00:00,92.3465783836975
2025-11-03 10:00:00,93.2504166257587
2025-11-03 11:00:00,92.2708938554364
2025-11-03 12:00:00,93.2805742815395
2025-11-03 13:00:00,93.1441036488818
2025-11-03 14:00:00,93.7487020984026
2025-11-03 15:00:00,93.5423998485485
2025-11-03 16:00:00,93.4791753428155
2025-11-03 17:00:00,94.0904025737948
2025-11-03 18:00:00,93.0525833761007
2025-11-03 19:00:00,94.5617607076748
2025-11-03 20:00:00,93.814079870505
2025-11-03 21:00:00,93.436559443601
2025-11-03 22:00:00,94.2215002928394
2025-11-03 23:00:00,93.6035747585832
2025-11-04 00:00:00,92.3269599709776
2025-11-04 01:00:00,93.3489978692581
2025-11-04 02:00:00,93.7034542531663
2025-11-04 03:00:00,91.3833039307123
2025-11-04 04:00:00,93.186678747837
2025-11-04 05:00:00,92.808581414375
2025-11-04 06:00:00,93.002654598494
2025-11-04 07:00:00,93.4837347088471
2025-11-04 08:00:00,92.2024430328702
2025-11-04 09:00:00,92.8133671687115
2025-11-04 10:00:00,93.5021164902987
2025-11-04 11:00:00,93.1213549493679
2025-11-04 12:00:00,93.0689567658431
2025-11-04 13:00:00,93.3675491708051
2025-11-04 14:00:00,93.4128484230332
2025-11-04 15:00:00,93.1801241407657
2025-11-04 16:00:00,92.3368626417442
2025-11-04 17:00:00,93.9698907794318
2025-11-04 18:00:00,93.7039462020023
2025-11-04 19:00:00,93.9408198074568
2025-11-04 20:00:00,109.819445332828
2025-11-04 21:00:00,93.2564410157637
2025-11-04 22:00:00,92.8097463172329
2025-11-04 23:00:00,92.7727170689137
2025-11-05 00:00:00,93.2345589382798
2025-11-05 01:00:00,92.7863308255567
2025-11-05 02:00:00,92.00131552516
2025-11-05 03:00:00,92.6577491134383
2025-11-05 04:00:00,93.7795868010607
2025-11-05 05:00:00,92.7155932391103
2025-11-05 06:00:00,93.7156716128234
2025-11-05 07:00:00,93.0565088969432
2025-11-05 08:00:00,92.3025351387841
2025-11-05 09:00:00,
2025-11-05 10:00:00,92.6703612603028
2025-11-05 11:00:00,91.6867636974131
2025-11-05 12:00:00,92.3737902459824
2025-11-05 13:00:00,93.0874400820057
2025-11-05 14:00:00,92.4890664785509
2025-11-05 15:00:00,92.6466346968127
2025-11-05 16:00:00,91.7233948952211
2025-11-05 17:00:00,92.5452231784387
2025-11-05 18:00:00,92.4475321803111
2025-11-05 19:00:00,93.584949369399
2025-11-05 20:00:00,91.5723260778316
2025-11-05 21:00:00,93.3678763175258
2025-11-05 22:00:00,93.2027787837075
2025-11-05 23:00:00,92.921771859346
2025-11-06 00:00:00,92.1649958471724
2025-11-06 01:00:00,92.6237255472103
2025-11-06 02:00:00,92.5416077702706
2025-11-06 03:00:00,92.4025403541847
2025-11-06 04:00:00,92.2393428124494
2025-11-06 05:00:00,92.952059087085
2025-11-06 06:00:00,92.6102423249242
2025-11-06 07:00:00,92.2054714011143
2025-11-06 08:00:00,91.9941316020002
2025-11-06 10:00:00,92.6110050054103
2025-11-06 11:00:00,91.0355935169753
2025-11-06 12:00:00,92.3367733287403
2025-11-06 13:00:00,92.7979719046577
2025-11-06 14:00:00,92.6511137417897
2025-11-06 15:00:00,91.9142858125695
2025-11-06 16:00:00,93.1051062013325
2025-11-06 17:00:00,91.9418824352144
2025-11-06 18:00:00,92.4494004143607
2025-11-06 19:00:00,92.2568219802154
2025-11-06 20:00:00,92.6580845846267
2025-11-06 21:00:00,91.8543879285778
2025-11-06 22:00:00,92.8863384551221
2025-11-06 23:00:00,93.2529518544638
2025-11-07 00:00:00,92.3347825568621
2025-11-07 01:00:00,91.5176814123178
2025-11-07 02:00:00,91.1089129795672
2025-11-07 03:00:00,91.8690170079787
2025-11-07 04:00:00,90.7691048398596
2025-11-07 05:00:00,92.1741292049581
2025-11-07 06:00:00,90.748487936446
2025-11-07 08:00:00,90.56807884561
2025-11-07 09:00:00,90.6985409631189
2025-11-07 10:00:00,91.6501876124366
2025-11-07 11:00:00,92.4488370375011
2025-11-07 12:00:00,91.3053793295877
2025-11-07 13:00:00,92.1261128157362
2025-11-07 14:00:00,91.7438965232447
2025-11-07 15:00:00,91.3818139425671
2025-11-07 16:00:00,92.9281441009382
2025-11-07 17:00:00,92.3606990641525
2025-11-07 18:00:00,90.9482740929327
2025-11-07 19:00:00,91.1433935841505
2025-11-07 20:00:00,91.3687250564156
2025-11-07 21:00:00,91.1896866545311
2025-11-07 22:00:00,93.0836025220584
2025-11-07 23:00:00,91.6871807247667
2025-11-08 00:00:00,91.2704605099602
2025-11-08 01:00:00,90.9396206057597
2025-11-08 10:00:00,92.1408575142497
2025-11-08 11:00:00,90.8016109814441
2025-11-08 12:00:00,91.0021541767492
2025-11-08 13:00:00,91.5552870532784
2025-11-08 14:00:00,90.4966416467885
2025-11-08 15:00:00,92.3590522086736
2025-11-08 16:00:00,91.9331799343333
2025-11-08 17:00:00,91.0529825499094
2025-11-08 18:00:00,91.4030488168846
2025-11-08 19:00:00,90.6369178959668
2025-11-08 20:00:00,90.883567920886
2025-11-08 21:00:00,91.289635351635
2025-11-08 22:00:00,91.4885742138248
2025-11-08 23:00:00,91.2304321683784
2025-11-09 00:00:00,91.4532775209896
2025-11-09 01:00:00,90.1165755155333
2025-11-09 02:00:00,89.9379852988067
2025-11-09 03:00:00,90.4077408396174
2025-11-09 04:00:00,89.0798484037261
2025-11-09 05:00:00,90.3303336346099
2025-11-09 07:00:00,89.6397764063607
2025-11-09 08:00:00,88.666265823521
2025-11-09 09:00:00,89.9389376365852
2025-11-09 10:00:00,90.0293468238006
2025-11-09 11:00:00,89.3328562784835
2025-11-09 12:00:00,90.2745803192901
2025-11-09 13:00:00,89.8179519963976
2025-11-09 14:00:00,89.8610271158783
2025-11-09 15:00:00,90.0134350495558
2025-11-09 16:00:00,90.3888030404051
2025-11-09 17:00:00,90.0596245949563
2025-11-09 18:00:00,90.7336363883717
2025-11-09 19:00:00,89.6762140329375
2025-11-10 05:00:00,89.3138863148002
2025-11-10 06:00:00,88.0950756823667
2025-11-10 07:00:00,88.653836096395
2025-11-10 08:00:00,88.991508814644
2025-11-10 09:00:00,88.7681216188718
2025-11-10 10:00:00,89.4443471439358
2025-11-10 11:00:00,88.868351682613
2025-11-10 12:00:00,89.2728478296546
2025-11-10 13:00:00,89.8181581439792
2025-11-10 14:00:00,89.0395881934167
2025-11-10 15:00:00,89.6264692230995
2025-11-10 16:00:00,89.9370862108773
2025-11-10 17:00:00,89.3743055257321
2025-11-10 18:00:00,88.3047332150761
2025-11-10 19:00:00,88.8038524048329
2025-11-10 20:00:00,88.6782567894729
2025-11-10 21:00:00,88.5216018131047
2025-11-10 22:00:00,88.2773378864806
2025-11-10 23:00:00,88.6373546473109
2025-11-11 00:00:00,87.8557011967234
2025-11-11 01:00:00,88.7566713557755
2025-11-11 02:00:00,88.1754149575202
2025-11-11 03:00:00,88.3471419704627
2025-11-11 04:00:00,88.642390272604
2025-11-11 05:00:00,88.9013509144992
2025-11-11 06:00:00,88.3161878964169
2025-11-11 07:00:00,87.936686004046
2025-11-11 08:00:00,88.5860461984879
2025-11-11 09:00:00,88.0159916349306
2025-11-11 10:00:00,88.6041261656886
2025-11-11 11:00:00,88.2122679532049
2025-11-11 12:00:00,88.0459459320398
2025-11-11 13:00:00,87.5118478401597
2025-11-11 14:00:00,88.2201768894825
2025-11-11 15:00:00,89.1365978500193
2025-11-11 16:00:00,88.3636604183118
2025-11-11 17:00:00,88.588676328644
2025-11-11 18:00:00,88.2922307867716
2025-11-11 19:00:00,88.6153438556716
2025-11-11 20:00:00,88.8587001244822
2025-11-11 21:00:00,88.9011692527077
2025-11-11 22:00:00,88.3431175769133
2025-11-11 23:00:00,87.8930902241444
2025-11-12 00:00:00,89.0760569038716
2025-11-12 01:00:00,87.8527452104563
2025-11-12 02:00:00,87.2409868730233
2025-11-12 03:00:00,87.7951725170714
2025-11-12 04:00:00,87.968613418516
2025-11-12 05:00:00,88.2647563244207
2025-11-12 06:00:00,87.1693085316765
2025-11-12 07:00:00,87.6206358608154
2025-11-12 08:00:00,87.876062255084
2025-11-12 09:00:00,87.1974527346843
2025-11-12 10:00:00,88.4815362586899
2025-11-12 11:00:00,88.499687950658
2025-11-12 12:00:00,87.3236068008504
2025-11-12 13:00:00,95.0279558459103
2025-11-12 14:00:00,75.2513168747344
2025-11-12 15:00:00,87.0336356017586
2025-11-12 16:00:00,87.8539314659336
2025-11-12 17:00:00,88.4096435282018
2025-11-12 18:00:00,87.6104462680158
2025-11-12 19:00:00,87.101215751282
2025-11-12 20:00:00,87.7717895109579
2025-11-12 21:00:00,87.3134277940164
2025-11-12 22:00:00,87.4957472331719
2025-11-12 23:00:00,88.2242862412728
2025-11-13 00:00:00,87.1658331828081
2025-11-13 01:00:00,86.1754441616758
2025-11-13 02:00:00,85.9636208852027
2025-11-13 03:00:00,87.9325083786451
2025-11-13 04:00:00,86.9878981690685
2025-11-13 05:00:00,87.2278790740261
2025-11-13 07:00:00,87.7335089363869
2025-11-13 08:00:00,87.0034505711317
2025-11-13 09:00:00,86.5803632719359
2025-11-13 10:00:00,87.9149276613475
2025-11-13 11:00:00,87.9156179576585
2025-11-13 12:00:00,87.0204583817604
2025-11-13 13:00:00,87.145166661396
2025-11-13 14:00:00,72.6844725915053
2025-11-13 15:00:00,86.977981828151
2025-11-13 16:00:00,87.5759565919302
2025-11-13 17:00:00,87.2194339784062
2025-11-13 18:00:00,87.2159927314266
2025-11-13 19:00:00,87.6067518502339
2025-11-13 20:00:00,87.3514538027897
2025-11-13 22:00:00,87.0111357274371
2025-11-14 07:00:00,85.959157410063
2025-11-14 09:00:00,86.1251066188153
2025-11-14 10:00:00,86.1335484544593
2025-11-14 11:00:00,86.7374985734821
2025-11-14 12:00:00,87.1511172063358
2025-11-14 13:00:00,86.5056126563457
2025-11-14 14:00:00,87.262698656588
2025-11-14 15:00:00,86.4047133196909
2025-11-14 16:00:00,86.3876915747693
2025-11-14 17:00:00,86.4525706086189
2025-11-14 18:00:00,86.565437976622
2025-11-14 19:00:00,86.7846330469194
2025-11-14 20:00:00,86.7218259232452
2025-11-14 21:00:00,86.6452085400078
2025-11-14 22:00:00,87.1282077763001
2025-11-14 23:00:00,86.5921910000295
2025-11-15 00:00:00,86.4955513793551
2025-11-15 01:00:00,86.6075142324231
2025-11-15 02:00:00,85.6259320537514
2025-11-15 03:00:00,85.9323369754172
2025-11-15 04:00:00,86.0674365042457
2025-11-15 05:00:00,84.8309415315266
2025-11-15 06:00:00,86.9054008625506
2025-11-15 07:00:00,86.2303670255005
2025-11-15 08:00:00,85.2262815130855
2025-11-15 09:00:00,87.6815429194364
2025-11-15 10:00:00,85.4061264401444
2025-11-15 11:00:00,86.2985176267515
2025-11-15 12:00:00,86.6610869246535
2025-11-15 13:00:00,86.9778124962606
2025-11-15 14:00:00,86.0785967089211
2025-11-15 15:00:00,85.8185636720651
2025-11-15 16:00:00,86.1534534180632
2025-11-15 17:00:00,86.1631483271053
2025-11-15 18:00:00,86.3301110351755
2025-11-15 19:00:00,85.522243761386
2025-11-15 20:00:00,85.8411709922767
2025-11-15 21:00:00,85.9864113317666
2025-11-15 22:00:00,87.3587472480894
2025-11-15 23:00:00,85.8020789842828
2025-11-16 00:00:00,85.9225777629349
2025-11-16 01:00:00,85.2218953019218
2025-11-16 02:00:00,86.492317594139
2025-11-16 03:00:00,
2025-11-16 04:00:00,
2025-11-16 05:00:00,
2025-11-16 06:00:00,85.5426968785072
2025-11-16 07:00:00,86.0223068520786
2025-11-16 08:00:00,85.8463274633441
2025-11-16 09:00:00,85.8888304328078
2025-11-16 10:00:00,86.6354211681454
2025-11-16 11:00:00,84.9901258511802
2025-11-16 12:00:00,86.246033659944
2025-11-16 13:00:00,86.2013082230445
2025-11-16 14:00:00,85.6520438381934
2025-11-16 15:00:00,86.0905795346635
2025-11-16 16:00:00,85.0624133901281
2025-11-16 17:00:00,85.2187387855265
2025-11-16 18:00:00,84.9107578040003
2025-11-16 19:00:00,85.4723243467265
2025-11-16 20:00:00,86.8300382728617
2025-11-16 21:00:00,85.6118008688494
2025-11-16 22:00:00,85.6561137480044
2025-11-16 23:00:00,85.6116762491233
2025-11-17 00:00:00,85.2557155063187
2025-11-17 01:00:00,84.8866385505621
2025-11-17 02:00:00,84.3679543102846
2025-11-17 03:00:00,85.0152850520716
2025-11-17 04:00:00,85.1467899817608
2025-11-17 05:00:00,85.1049731971951
2025-11-17 06:00:00,85.6040172305842
2025-11-17 08:00:00,84.5943943723112
2025-11-17 09:00:00,85.6298580247706
2025-11-17 10:00:00,84.8904860523538
2025-11-17 11:00:00,84.5462415616723
2025-11-17 12:00:00,85.7512326412497
2025-11-17 13:00:00,84.7880678099014
2025-11-17 14:00:00,84.8235459319677
2025-11-17 15:00:00,84.9656683159786
2025-11-17 16:00:00,85.5000048456759
2025-11-17 17:00:00,84.8467462365996
2025-11-17 18:00:00,85.1435886867337
2025-11-17 19:00:00,84.8301890960572
2025-11-17 20:00:00,85.7639195222201
2025-11-17 21:00:00,85.1668272195733
2025-11-17 22:00:00,85.7483475427242
2025-11-17 23:00:00,85.5589027107803
2025-11-18 00:00:00,85.0262155778818
2025-11-18 01:00:00,83.7788229527486
2025-11-18 02:00:00,84.916483776155
2025-11-18 03:00:00,84.9268943126493
2025-11-18 04:00:00,85.3322401866639
2025-11-18 05:00:00,85.0331826139962
2025-11-18 06:00:00,85.567670287129
2025-11-18 07:00:00,83.4539819020471
2025-11-18 08:00:00,85.5916852550757
2025-11-18 09:00:00,85.8681354194848
2025-11-18 10:00:00,88.1562635320467
2025-11-18 11:00:00,102.911103017481
2025-11-18 12:00:00,85.25246330004
2025-11-18 13:00:00,84.0385215221766
2025-11-18 14:00:00,85.9265273847177
2025-11-18 15:00:00,83.7235109576812
2025-11-18 16:00:00,84.5868949450965
2025-11-18 17:00:00,84.4409898585142
2025-11-18 18:00:00,84.5667827676358
2025-11-18 19:00:00,83.820795039585
2025-11-18 20:00:00,84.6434154408881
2025-11-18 21:00:00,84.5352978074472
2025-11-18 22:00:00,84.4353888823612
2025-11-18 23:00:00,84.9947651636658
2025-11-19 00:00:00,84.3919074113817
2025-11-19 01:00:00,84.0713471415397
2025-11-19 02:00:00,83.8909260116263
2025-11-19 03:00:00,84.2024190989437
2025-11-19 04:00:00,85.7697349453945
2025-11-19 05:00:00,84.2408085969112
2025-11-19 06:00:00,84.5442550203909
2025-11-19 07:00:00,84.7064745022242
2025-11-19 08:00:00,84.9346231057487
2025-11-19 09:00:00,84.1779810702256
2025-11-19 10:00:00,84.648807543413
2025-11-19 11:00:00,84.8220568256966
2025-11-19 12:00:00,84.7397741635548
2025-11-19 13:00:00,84.4297030064531
2025-11-19 14:00:00,84.1371184396655
2025-11-19 15:00:00,84.7378875403367
2025-11-19 16:00:00,84.6121456369947
2025-11-19 17:00:00,83.6980769404087
2025-11-19 18:00:00,84.2937811976115
2025-11-19 19:00:00,83.5690619240687
2025-11-19 20:00:00,
2025-11-19 21:00:00,
2025-11-19 22:00:00,
2025-11-20 09:00:00,
2025-11-20 10:00:00,83.5094367526058
2025-11-20 11:00:00,83.8879601729187
2025-11-20 12:00:00,83.5739400306065
2025-11-20 13:00:00,84.1708057832836
2025-11-20 14:00:00,84.8657365113965
2025-11-20 15:00:00,83.3426747869794
2025-11-20 16:00:00,84.5087618515793
2025-11-20 17:00:00,84.4236514683198
2025-11-20 18:00:00,84.7446397761069
2025-11-20 19:00:00,84.2803741478695
2025-11-20 20:00:00,83.8666240435915
2025-11-20 21:00:00,83.7131274198733
2025-11-20 22:00:00,84.5198837057117
2025-11-20 23:00:00,84.5471339767047
2025-11-21 00:00:00,83.8249007935241
2025-11-21 01:00:00,84.1616937597401
2025-11-21 02:00:00,83.1174351467105
2025-11-21 03:00:00,83.6637487834558
2025-11-21 04:00:00,83.0493856943356
2025-11-21 05:00:00,
2025-11-21 06:00:00,
2025-11-21 07:00:00,
2025-11-21 08:00:00,
2025-11-21 09:00:00,
2025-11-21 10:00:00,83.8244247732981
2025-11-21 11:00:00,83.6929115842957
2025-11-21 12:00:00,83.3148364313254
2025-11-21 13:00:00,84.3913702242595
2025-11-21 14:00:00,83.8066559504076
2025-11-21 15:00:00,83.474712550441
2025-11-21 16:00:00,83.2524493480085
2025-11-21 17:00:00,83.6664111330728
2025-11-21 18:00:00,83.286659712152
2025-11-21 19:00:00,82.4861560863321
2025-11-21 20:00:00,83.1344948928741
2025-11-21 21:00:00,82.2334051508827
2025-11-21 22:00:00,84.0835717549995
2025-11-21 23:00:00,83.4033384914234
2025-11-22 00:00:00,83.7045693009691
2025-11-22 01:00:00,83.3329203245697
2025-11-22 02:00:00,83.5185811386626
2025-11-22 03:00:00,82.9855362198238
2025-11-22 04:00:00,83.1738590735769
2025-11-22 05:00:00,83.2599001560574
2025-11-22 06:00:00,83.2192636867541
2025-11-22 07:00:00,83.0962480609274
2025-11-22 08:00:00,82.8055650442351
2025-11-22 09:00:00,83.1551669981892
2025-11-22 10:00:00,82.7460276478117
2025-11-22 11:00:00,83.8526345885901
2025-11-22 12:00:00,84.0609446111619
2025-11-22 13:00:00,82.5269967447598
2025-11-22 14:00:00,82.5192806009926
2025-11-22 15:00:00,83.2661659451554
2025-11-22 16:00:00,82.2732707056957
2025-11-22 17:00:00,82.8502771877335
2025-11-22 18:00:00,83.004728335935
2025-11-22 19:00:00,81.962994404312
2025-11-22 20:00:00,83.9441876393254
2025-11-22 21:00:00,83.0921024052692
2025-11-22 22:00:00,83.0870964215557
2025-11-22 23:00:00,82.3199484775341
2025-11-23 00:00:00,82.60186693329
2025-11-23 01:00:00,82.454904335635
2025-11-23 02:00:00,83.3954278798894
2025-11-23 03:00:00,82.8392190805836
2025-11-23 04:00:00,82.908892515506
2025-11-23 05:00:00,100.25078490783
2025-11-23 06:00:00,83.6882259090483
2025-11-23 07:00:00,83.7482602388182
2025-11-23 08:00:00,
2025-11-23 09:00:00,82.1063714606033
2025-11-23 10:00:00,83.5008729597593
2025-11-23 11:00:00,82.6740711416053
2025-11-23 12:00:00,82.7206208296408
2025-11-23 13:00:00,83.613302064883
2025-11-23 14:00:00,82.8427137835792
2025-11-23 15:00:00,83.0184010831331
2025-11-23 16:00:00,84.2685392296734
2025-11-23 17:00:00,83.0347083788792
2025-11-23 18:00:00,82.0823663976522
2025-11-23 19:00:00,82.5771601392724
2025-11-23 20:00:00,82.9743819017356
2025-11-23 21:00:00,82.9396786980616
2025-11-23 22:00:00,82.062587036463
2025-11-23 23:00:00,83.0645081664894
2025-11-24 00:00:00,81.5804456131083
2025-11-24 01:00:00,83.3771113799683
2025-11-24 12:00:00,83.3357932534223
2025-11-24 13:00:00,82.459034490528
2025-11-24 14:00:00,82.5834428947266
2025-11-24 15:00:00,82.9275283811864
2025-11-24 16:00:00,83.3538740913432
2025-11-24 17:00:00,83.776434726691
2025-11-24 18:00:00,82.5174747066131
2025-11-24 19:00:00,82.6624082069882
2025-11-24 20:00:00,83.3894009796741
2025-11-24 21:00:00,81.6838075511445
2025-11-24 22:00:00,81.9891470466483
2025-11-24 23:00:00,82.8887701678001
2025-11-25 00:00:00,81.9005548119271
2025-11-25 01:00:00,81.9340239313682
2025-11-25 02:00:00,82.9166797365231
2025-11-25 03:00:00,82.18114156577
2025-11-25 04:00:00,82.7282997020324
2025-11-25 05:00:00,82.641836178513
2025-11-25 06:00:00,82.0160407755703
2025-11-25 08:00:00,83.5414611986959
2025-11-25 09:00:00,82.4577296307311
2025-11-25 10:00:00,82.7145899599193
2025-11-25 11:00:00,83.2437631385271
2025-11-25 12:00:00,82.6908878228143
2025-11-25 13:00:00,82.1156268508109
2025-11-25 14:00:00,82.3614958956398
2025-11-25 15:00:00,82.2737371050681
2025-11-25 16:00:00,83.4123014633661
2025-11-25 17:00:00,82.9281210601789
2025-11-25 18:00:00,82.6458723356454
2025-11-25 19:00:00,82.6844209738212
2025-11-25 20:00:00,81.8242611662811
2025-11-25 21:00:00,82.8487678772597
2025-11-25 22:00:00,82.5758373752975
2025-11-25 23:00:00,82.4030644101323
2025-11-26 00:00:00,82.2392200757067
2025-11-26 01:00:00,82.06597392238
2025-11-26 02:00:00,81.2080942422445
2025-11-26 03:00:00,81.8465633885227
2025-11-26 04:00:00,82.0632777892642
2025-11-26 05:00:00,82.2768594302414
2025-11-26 06:00:00,81.906925576572
2025-11-26 07:00:00,82.4155913802427
2025-11-26 08:00:00,81.5549151238218
2025-11-26 09:00:00,82.5481598602924
2025-11-26 10:00:00,81.5624999672425
2025-11-26 11:00:00,81.6577485358336
2025-11-26 12:00:00,81.6584910034152
2025-11-26 13:00:00,81.9495857739445
2025-11-26 14:00:00,81.9621169547538
2025-11-26 15:00:00,80.8201755745678
2025-11-26 16:00:00,81.5330165388403
2025-11-26 17:00:00,81.1519954364835
2025-11-26 18:00:00,82.7030185550009
2025-11-26 19:00:00,81.472633374753
2025-11-26 20:00:00,83.1971050875695
2025-11-26 21:00:00,81.6967087526912
2025-11-26 22:00:00,81.9569367799116
2025-11-26 23:00:00,81.4700586213389
2025-11-27 00:00:00,80.2042340374895
2025-11-27 01:00:00,81.3930087221864
2025-11-27 02:00:00,81.4019201742696
2025-11-27 03:00:00,81.4297134806206
2025-11-27 04:00:00,81.4795442339016
2025-11-27 05:00:00,80.7127977822466
2025-11-27 06:00:00,81.9491823452293
2025-11-27 08:00:00,81.86572195246
2025-11-27 09:00:00,80.5722604284089
2025-11-27 10:00:00,81.2134618538739
2025-11-27 11:00:00,81.160716835032
2025-11-27 12:00:00,81.7137965199323
2025-11-27 13:00:00,81.6407610121926
2025-11-27 14:00:00,80.8073645044141
2025-11-27 15:00:00,81.6076018209309
2025-11-27 16:00:00,82.0557076538073
2025-11-27 17:00:00,81.1526289024982
2025-11-27 18:00:00,81.5560331835862
2025-11-27 19:00:00,81.7882893547978
2025-11-27 20:00:00,80.9968315039662
2025-11-27 21:00:00,81.1151287462066
2025-11-27 22:00:00,80.5204824468202
2025-11-27 23:00:00,81.6087762473999
2025-11-28 00:00:00,81.1805482381799
2025-11-28 01:00:00,80.3722180282791
2025-11-28 02:00:00,80.529526298801
2025-11-28 14:00:00,80.8061683484278
2025-11-28 15:00:00,80.6377346572269
2025-11-28 16:00:00,81.1308035408214
2025-11-28 17:00:00,80.3057901633036
2025-11-28 18:00:00,80.8016922996608
2025-11-28 19:00:00,
2025-11-28 20:00:00,80.0720235273799
2025-11-28 21:00:00,80.8636808107354
2025-11-28 22:00:00,81.4149209957067
2025-11-28 23:00:00,81.653015660912
2025-11-29 00:00:00,80.6793249124442
2025-11-29 01:00:00,80.7051591949093
2025-11-29 02:00:00,80.7335870886039
2025-11-29 03:00:00,80.1320420066046
2025-11-29 05:00:00,80.2612296992238
2025-11-29 06:00:00,80.1729786243963
2025-11-29 07:00:00,80.6769836292822
2025-11-29 08:00:00,80.0374789847595
2025-11-29 09:00:00,81.4768634205229
2025-11-29 10:00:00,80.4292227947867
2025-11-29 11:00:00,79.9985001386829
2025-11-29 12:00:00,80.5004517926113
2025-11-29 13:00:00,81.1041462562388
2025-11-29 14:00:00,80.7815738589008
2025-11-29 15:00:00,81.0681462116759
2025-11-29 16:00:00,80.4962683464331
2025-11-29 17:00:00,79.8629594363894
2025-11-29 18:00:00,81.1518550187743
2025-11-29 19:00:00,81.4201274326916
2025-11-29 20:00:00,80.1658038606042
2025-11-29 21:00:00,80.3130881850217
2025-11-29 22:00:00,80.40282637423
2025-11-29 23:00:00,80.7128910447958
2025-11-30 00:00:00,79.611377643759
2025-11-30 01:00:00,80.3067519361613
2025-11-30 02:00:00,80.2166649171524
2025-11-30 03:00:00,79.6789195031054
2025-11-30 04:00:00,78.918500356864
2025-11-30 05:00:00,80.119933984207
2025-11-30 06:00:00,80.0448798109699
2025-11-30 07:00:00,80.2487369283591
2025-11-30 08:00:00,79.7108896277522
2025-11-30 09:00:00,80.1359255422535
2025-11-30 10:00:00,79.4262997195334
2025-11-30 11:00:00,80.5351229820164
2025-11-30 12:00:00,79.0634457287898
2025-11-30 13:00:00,80.0433324303572
2025-11-30 14:00:00,80.1426462488986
2025-11-30 15:00:00,79.9820056613293
2025-11-30 16:00:00,79.6554010650231
2025-11-30 17:00:00,80.0018615983361
2025-11-30 18:00:00,80.0679472727642
2025-11-30 19:00:00,81.279999037417
2025-11-30 20:00:00,79.848946210181
2025-11-30 21:00:00,80.9059899455565
2025-11-30 22:00:00,79.3534636338829
2025-11-30 23:00:00,81.3176583101183
2025-12-01 00:00:00,79.1561447270082
2025-12-01 01:00:00,79.2420462967916
2025-12-01 02:00:00,79.4382614902472
2025-12-01 03:00:00,80.1150948874821
2025-12-01 04:00:00,80.2584134777612
2025-12-01 05:00:00,79.8133233203441
2025-12-01 06:00:00,79.892834236858
2025-12-01 07:00:00,80.0686576943734
2025-12-01 08:00:00,79.558475982939
2025-12-01 09:00:00,80.3936935316251
2025-12-01 10:00:00,79.9462151573616
2025-12-01 11:00:00,80.0689018750573
2025-12-01 12:00:00,79.8935389624768
2025-12-01 13:00:00,79.3832967961444
2025-12-01 14:00:00,80.0144563249712
2025-12-01 15:00:00,79.464172195665
2025-12-01 16:00:00,79.8456796559985
2025-12-01 17:00:00,79.6773967097091
2025-12-01 18:00:00,79.8996828203681
2025-12-01 19:00:00,79.9044055048163
2025-12-01 20:00:00,79.6605088758371
2025-12-01 21:00:00,80.1184140065469
2025-12-01 22:00:00,80.2989804813071
2025-12-01 23:00:00,80.0570463117144
2025-12-02 00:00:00,79.5019508853872
2025-12-02 01:00:00,78.7685300701483
2025-12-02 02:00:00,79.6197081634357
2025-12-02 03:00:00,79.5058070129627
2025-12-02 04:00:00,78.3906302405546
2025-12-02 05:00:00,79.4173737749587
2025-12-02 06:00:00,78.9526599923779
2025-12-02 07:00:00,80.0092479551593
2025-12-02 08:00:00,79.1380142036933
2025-12-02 09:00:00,78.7107927301004
2025-12-02 10:00:00,79.6045364366352
2025-12-02 11:00:00,79.5626504351638
2025-12-02 12:00:00,79.8789534598169
2025-12-02 13:00:00,78.8026194022462
2025-12-02 14:00:00,79.4165398825403
2025-12-02 15:00:00,79.0647284427638
2025-12-02 16:00:00,79.5385810566448
2025-12-02 17:00:00,80.300046554721
2025-12-02 18:00:00,80.267394248814
2025-12-02 19:00:00,79.7528413305637
2025-12-02 20:00:00,79.5476305449505
2025-12-02 21:00:00,79.2316291086076
2025-12-02 22:00:00,79.4440132386478
2025-12-02 23:00:00,80.478994833027
2025-12-03 00:00:00,79.4444055584955
2025-12-03 01:00:00,79.7555386707619
2025-12-03 02:00:00,79.3604963409859
2025-12-03 03:00:00,78.4139797965165
2025-12-03 04:00:00,78.7828373873712
2025-12-03 05:00:00,79.3446277570552
2025-12-03 06:00:00,79.3867438987581
2025-12-03 07:00:00,79.4731665425676
2025-12-03 08:00:00,78.5374696070483
2025-12-03 09:00:00,78.8907874378987
2025-12-03 10:00:00,78.8211823442365
2025-12-03 11:00:00,
2025-12-03 12:00:00,
2025-12-03 13:00:00,
2025-12-03 14:00:00,
2025-12-03 15:00:00,79.4182172351136
2025-12-03 16:00:00,79.3206656460035
2025-12-03 17:00:00,79.0267590187733
2025-12-03 18:00:00,79.4916983630769
2025-12-03 19:00:00,79.0100437360763
2025-12-03 20:00:00,79.276957559203
2025-12-03 21:00:00,79.1990222546677
2025-12-03 22:00:00,79.3148394940854
2025-12-03 23:00:00,78.9330033959186
2025-12-04 00:00:00,78.3968019162803
2025-12-04 01:00:00,77.8857095095311
2025-12-04 02:00:00,78.7858296088115
2025-12-04 03:00:00,78.9498757370933
2025-12-04 04:00:00,78.1508275297481
2025-12-04 05:00:00,78.852811069044
2025-12-04 06:00:00,78.3221627515123
2025-12-04 07:00:00,78.8445688229076
2025-12-04 08:00:00,79.352520418039
2025-12-04 09:00:00,78.4433960728056
2025-12-04 22:00:00,79.0028767448257
2025-12-04 23:00:00,78.65075656014
2025-12-05 00:00:00,77.9215594516028
2025-12-05 01:00:00,77.4881746426535
2025-12-05 02:00:00,77.4874161615338
2025-12-05 03:00:00,77.8558407133332
2025-12-05 05:00:00,77.7275797468043
2025-12-05 06:00:00,77.3918280377953
2025-12-05 07:00:00,77.8902371593891
2025-12-05 08:00:00,77.9255656101906
2025-12-05 09:00:00,78.2237804685422
2025-12-05 10:00:00,78.3689583366946
2025-12-05 11:00:00,77.4504891392412
2025-12-05 12:00:00,77.9185164523344
2025-12-05 13:00:00,77.3675264938529
2025-12-05 14:00:00,77.4605960725937
2025-12-05 15:00:00,78.0900267533076
2025-12-05 16:00:00,77.0615948840795
2025-12-05 17:00:00,77.511044151491
2025-12-05 18:00:00,77.9637133937215
2025-12-05 19:00:00,77.3541460430226
2025-12-05 20:00:00,60.5266345433711
2025-12-05 21:00:00,77.9199005712327
2025-12-05 22:00:00,77.0296234729087
2025-12-05 23:00:00,78.3900347815003
2025-12-06 00:00:00,77.2602023929661
2025-12-06 01:00:00,77.0346465711383
2025-12-06 02:00:00,76.846778433521
2025-12-06 03:00:00,77.2271234616026
2025-12-06 04:00:00,77.1498277726915
2025-12-06 05:00:00,77.4844752870621
2025-12-06 06:00:00,77.534182562222
2025-12-06 07:00:00,77.3396775336511
2025-12-06 08:00:00,77.5732387563828
2025-12-06 09:00:00,77.0022901532946
2025-12-06 10:00:00,76.4088268350471
2025-12-06 11:00:00,77.0471031054382
2025-12-06 12:00:00,77.2354772314187
2025-12-06 13:00:00,76.5983301600978
2025-12-06 14:00:00,77.4720360036146
2025-12-06 15:00:00,77.676226751434
2025-12-06 16:00:00,
2025-12-06 17:00:00,
2025-12-06 18:00:00,
2025-12-06 19:00:00,77.7846744335834
2025-12-06 20:00:00,77.1835393207887
2025-12-06 21:00:00,76.6869777794081
2025-12-06 22:00:00,77.5649830933863
2025-12-06 23:00:00,77.4555963525249
2025-12-07 00:00:00,76.7645039590261
2025-12-07 01:00:00,76.6898079883339
2025-12-07 02:00:00,76.7724987173957
2025-12-07 03:00:00,77.1875883384632
2025-12-07 04:00:00,76.3038055782636
2025-12-07 05:00:00,
2025-12-07 06:00:00,
2025-12-07 07:00:00,
2025-12-07 08:00:00,76.9785547805193
2025-12-07 09:00:00,77.2074128282414
2025-12-07 10:00:00,76.683321590751
2025-12-07 11:00:00,76.6572576488648
2025-12-07 12:00:00,76.926296788151
2025-12-07 21:00:00,76.1305956402501
2025-12-07 22:00:00,77.0621134314683
2025-12-07 23:00:00,76.6690542850788
2025-12-08 00:00:00,75.725334731387
2025-12-08 01:00:00,76.4618226120022
2025-12-08 02:00:00,76.2230732622785
2025-12-08 03:00:00,75.9213034421933
2025-12-08 04:00:00,75.8377517156027
2025-12-08 05:00:00,75.3241947566479
2025-12-08 06:00:00,75.9350793885213
2025-12-08 07:00:00,76.5530546274884
2025-12-08 08:00:00,76.2332055767001
2025-12-08 09:00:00,57.0332577968467
2025-12-08 10:00:00,76.3531903953221
2025-12-08 11:00:00,75.6892509047526
2025-12-08 12:00:00,76.08721691751
2025-12-08 13:00:00,76.7087422466633
2025-12-08 14:00:00,76.0607231431615
2025-12-08 15:00:00,76.556497957424
2025-12-08 16:00:00,76.3807934898894
2025-12-08 17:00:00,76.3837307787143
2025-12-08 18:00:00,75.4770330619161
2025-12-08 19:00:00,76.5511999825552
2025-12-08 20:00:00,76.6214601329822
2025-12-08 21:00:00,76.6173275920268
2025-12-08 22:00:00,76.5644203594685
2025-12-08 23:00:00,75.6421096322044
2025-12-09 00:00:00,
2025-12-09 01:00:00,
2025-12-09 03:00:00,
2025-12-09 04:00:00,
2025-12-09 05:00:00,
2025-12-09 06:00:00,
2025-12-09 07:00:00,
2025-12-09 08:00:00,
2025-12-09 09:00:00,
2025-12-09 10:00:00,
2025-12-09 11:00:00,
2025-12-09 12:00:00,
2025-12-09 13:00:00,
2025-12-09 14:00:00,
2025-12-09 15:00:00,
2025-12-09 16:00:00,
2025-12-09 17:00:00,
2025-12-09 18:00:00,
2025-12-09 19:00:00,
2025-12-09 20:00:00,
2025-12-09 21:00:00,
2025-12-09 22:00:00,
2025-12-09 23:00:00,
2025-12-10 00:00:00,99.1912954749143
2025-12-10 01:00:00,99.1494459754296
2025-12-10 02:00:00,98.8788161957646
2025-12-10 03:00:00,99.1200283156732
2025-12-10 04:00:00,99.2803658338948
2025-12-10 05:00:00,99.3763065771522
2025-12-10 06:00:00,99.2112053637087
2025-12-10 07:00:00,99.4577497325947
2025-12-10 08:00:00,
2025-12-10 09:00:00,
2025-12-10 10:00:00,
2025-12-10 11:00:00,99.3545864238279
2025-12-10 12:00:00,99.8778167471341
2025-12-10 13:00:00,99.3694106931625
2025-12-10 14:00:00,99.3448529284303
2025-12-10 15:00:00,99.6654673680162
2025-12-10 16:00:00,99.0488138531465
2025-12-10 17:00:00,99.1532822654809
2025-12-10 18:00:00,99.2172406004711
2025-12-10 19:00:00,99.2589754657717
2025-12-10 21:00:00,99.5088993618821
2025-12-10 22:00:00,99.118084932506
2025-12-10 23:00:00,99.1186946183635
2025-12-11 00:00:00,98.9289273026492
2025-12-11 01:00:00,98.8808216555546
2025-12-11 02:00:00,98.7948683436854
2025-12-11 03:00:00,99.1259946909703
2025-12-11 04:00:00,98.9890172350715
2025-12-11 06:00:00,98.7206080721855
2025-12-11 07:00:00,98.6597528689411
2025-12-11 08:00:00,98.9531574011401
2025-12-11 10:00:00,98.9630535120796
2025-12-11 11:00:00,99.0476192986753
2025-12-11 12:00:00,98.4897670725038
2025-12-11 13:00:00,98.6751327362412
2025-12-12 00:00:00,98.231929219781
2025-12-12 01:00:00,98.8701446410549
2025-12-12 02:00:00,98.7133228018209
2025-12-12 03:00:00,98.6434747406606
2025-12-12 04:00:00,98.6271938833824
2025-12-12 05:00:00,98.4936719206615
2025-12-12 06:00:00,98.8240480777108
2025-12-12 07:00:00,98.5347224989751
2025-12-12 08:00:00,98.4708246947881
2025-12-12 09:00:00,98.6656266704668
2025-12-12 10:00:00,98.6143796155191
2025-12-12 11:00:00,98.9045215786081
2025-12-12 12:00:00,98.8102543115118
2025-12-12 13:00:00,99.0023235412385
2025-12-12 14:00:00,98.8666472087153
2025-12-12 15:00:00,98.9609010304787
2025-12-12 16:00:00,98.4034338463652
2025-12-12 17:00:00,98.2992732202422
2025-12-12 18:00:00,98.7676551866927
2025-12-12 19:00:00,98.681936125341
2025-12-12 20:00:00,98.5583320223565
2025-12-12 21:00:00,98.6367696513586
2025-12-12 22:00:00,98.7470565482185
2025-12-12 23:00:00,98.594924810207
2025-12-13 00:00:00,97.7834245854849
2025-12-13 01:00:00,98.6139673760628
2025-12-13 02:00:00,97.8189659700815
2025-12-13 03:00:00,97.6962929948319
2025-12-13 04:00:00,97.3704910241229
2025-12-13 05:00:00,98.2108066132872
2025-12-13 06:00:00,98.5387956550379
2025-12-13 08:00:00,97.6804955073536
2025-12-13 11:00:00,97.6078631277995
2025-12-13 12:00:00,98.4694883185455
2025-12-13 13:00:00,98.3047978115859
2025-12-13 14:00:00,98.528032425366
2025-12-13 15:00:00,97.8807829416584
2025-12-13 16:00:00,97.6669609082785
2025-12-13 17:00:00,98.4267191685246
2025-12-13 18:00:00,98.2055610344123
2025-12-13 19:00:00,108.256130661538
2025-12-13 20:00:00,97.7364673363747
2025-12-13 21:00:00,97.4970951554114
2025-12-13 22:00:00,97.5274645325459
2025-12-13 23:00:00,98.3107524948154
2025-12-14 00:00:00,97.8973883734335
2025-12-14 01:00:00,97.8371751685883
2025-12-14 02:00:00,97.8266734693144
2025-12-14 03:00:00,97.6147786142743
2025-12-14 04:00:00,98.0182296850289
2025-12-14 05:00:00,97.6289431143038
2025-12-14 07:00:00,96.9219381200346
2025-12-14 09:00:00,97.591726779907
2025-12-14 10:00:00,97.6876222012242
2025-12-14 11:00:00,97.5298659638204
2025-12-14 12:00:00,97.4265665055989
2025-12-14 13:00:00,97.5722641714628
2025-12-14 14:00:00,96.9233199734671
2025-12-14 15:00:00,97.6294186662196
2025-12-14 16:00:00,97.9100794655766
2025-12-14 17:00:00,97.7284386350268
2025-12-14 18:00:00,97.5093098410499
2025-12-14 19:00:00,97.90845767559
2025-12-14 20:00:00,97.4942584193035
2025-12-14 21:00:00,97.2730994993077
2025-12-14 22:00:00,97.5184878456347
2025-12-14 23:00:00,97.585252386296
2025-12-15 00:00:00,97.450402029112
2025-12-15 01:00:00,96.73974235862
2025-12-15 02:00:00,96.9629512640301
2025-12-15 03:00:00,96.6869857571606
2025-12-15 05:00:00,96.838517206359
2025-12-15 06:00:00,96.9355509993065
2025-12-15 07:00:00,96.586654130237
2025-12-15 08:00:00,96.8700925050537
2025-12-15 11:00:00,96.8457662686963
2025-12-15 12:00:00,96.6581892059808
2025-12-15 13:00:00,97.3330883897839
2025-12-15 14:00:00,113.589424756424
2025-12-16 03:00:00,95.9518594768291
2025-12-16 04:00:00,96.3653180703645
2025-12-16 05:00:00,96.1738479460594
2025-12-16 06:00:00,95.6296576958141
2025-12-16 07:00:00,96.6207693711446
2025-12-16 08:00:00,96.1875754824226
2025-12-16 09:00:00,96.5215722081541
2025-12-16 10:00:00,95.8410589819275
2025-12-16 11:00:00,96.4207913440577
2025-12-16 12:00:00,96.6268406401585
2025-12-16 13:00:00,96.4110459066835
2025-12-16 14:00:00,96.3877655208434
2025-12-16 15:00:00,96.4887447690563
2025-12-16 16:00:00,96.0912096929944
2025-12-16 17:00:00,96.4137261167944
2025-12-16 18:00:00,96.7122212762588
2025-12-16 19:00:00,95.9579015322554
2025-12-16 20:00:00,96.2172844016045
2025-12-16 21:00:00,96.1563238425873
2025-12-16 22:00:00,96.4550657023166
2025-12-16 23:00:00,95.7167622108186
2025-12-17 00:00:00,95.4198558206808
2025-12-17 01:00:00,96.2840104036811
2025-12-17 02:00:00,95.435699057026
2025-12-17 03:00:00,95.2405092290204
2025-12-17 04:00:00,95.926163532212
2025-12-17 06:00:00,95.801882590884
2025-12-17 07:00:00,96.3188313161297
2025-12-17 11:00:00,95.6214067185685
2025-12-17 12:00:00,95.3013505696174
2025-12-17 13:00:00,95.4123012421464
2025-12-17 14:00:00,95.9044211602051
2025-12-17 15:00:00,95.1296090389894
2025-12-17 16:00:00,94.7094576446539
2025-12-17 17:00:00,95.8893320570472
2025-12-17 18:00:00,95.3919534818021
2025-12-17 19:00:00,96.017666719038
2025-12-17 20:00:00,95.9384305205368
2025-12-17 21:00:00,95.3220272913625
2025-12-17 22:00:00,95.3834617882786
2025-12-17 23:00:00,95.7722132171321
2025-12-18 00:00:00,94.9728201140947
2025-12-18 01:00:00,94.2799367226644
2025-12-18 02:00:00,94.6257623253528
2025-12-18 03:00:00,95.2259720838994
2025-12-18 04:00:00,95.0426209946192
2025-12-18 05:00:00,94.4880971717547
2025-12-18 06:00:00,95.2504273489391
2025-12-18 07:00:00,95.0734551117142
2025-12-18 09:00:00,94.6764848521006
2025-12-18 11:00:00,95.326408617124
2025-12-18 12:00:00,95.3046278549414
2025-12-18 13:00:00,94.3213558461565
2025-12-18 14:00:00,94.6363654355198
2025-12-18 15:00:00,95.1579203186474
2025-12-18 16:00:00,94.5472259158013
2025-12-18 17:00:00,94.9905282259104
2025-12-18 18:00:00,95.4187019623552
2025-12-18 19:00:00,95.3778673862693
2025-12-18 20:00:00,94.7758412393755
2025-12-18 21:00:00,94.5321777247566
2025-12-18 22:00:00,95.5052953477049
2025-12-18 23:00:00,95.3835937984462
2025-12-19 00:00:00,93.8525939607906
2025-12-19 01:00:00,94.2704037384865
2025-12-19 02:00:00,94.1929689582607
2025-12-19 03:00:00,94.8271779606186
2025-12-19 04:00:00,94.514414402722
2025-12-19 05:00:00,94.8278560029601
2025-12-19 06:00:00,94.4826763033846
2025-12-19 07:00:00,94.5229157868841
2025-12-19 08:00:00,93.8807817885791
2025-12-19 09:00:00,94.3259914233181
2025-12-19 10:00:00,94.3700540011201
2025-12-19 11:00:00,94.6701719840394
2025-12-19 12:00:00,94.7864574226248
2025-12-19 13:00:00,94.3041686630827
2025-12-19 14:00:00,94.0771077909158
2025-12-19 15:00:00,94.2457351762913
2025-12-19 16:00:00,94.3447995766833
2025-12-19 17:00:00,94.4020049725645
2025-12-19 18:00:00,94.6123557741063
2025-12-19 19:00:00,94.0283922739293
2025-12-19 20:00:00,94.1913142036447
2025-12-19 21:00:00,94.1006838197853
2025-12-19 22:00:00,95.0571572579208
2025-12-19 23:00:00,94.6335021672098
2025-12-20 00:00:00,93.7356887557455
2025-12-20 01:00:00,93.6627789100926
2025-12-20 02:00:00,94.2587769319022
2025-12-20 03:00:00,93.3177498929692
2025-12-20 04:00:00,93.8373254477128
2025-12-20 05:00:00,94.5711251925332
2025-12-20 06:00:00,93.6364109480425
2025-12-20 10:00:00,94.543987635578
2025-12-20 11:00:00,94.2563729008005
2025-12-20 12:00:00,93.9788981620365
2025-12-20 13:00:00,93.4043638725849
2025-12-21 01:00:00,93.5491149998373
2025-12-21 02:00:00,93.4970232134899
2025-12-21 03:00:00,93.3529540604923
2025-12-21 04:00:00,93.4852768331813
2025-12-21 05:00:00,93.2604973859249
2025-12-21 06:00:00,93.2292178342075
2025-12-21 09:00:00,92.690841238315
2025-12-21 10:00:00,93.1995510508751
2025-12-21 11:00:00,93.0886937547313
2025-12-21 12:00:00,93.3944088293558
2025-12-21 13:00:00,93.0839333588726
2025-12-21 14:00:00,93.2185569302119
2025-12-21 15:00:00,93.5472747902491
2025-12-21 16:00:00,92.6878601837204
2025-12-21 17:00:00,93.0148361381516
2025-12-21 18:00:00,93.2915023191368
2025-12-21 19:00:00,93.4661801380189
2025-12-21 20:00:00,92.9861081667605
2025-12-21 21:00:00,93.5707870656224
2025-12-21 22:00:00,93.0230698650428
2025-12-21 23:00:00,93.3539149692038
2025-12-22 00:00:00,92.4842070154038
2025-12-22 01:00:00,91.9674845607422
2025-12-22 02:00:00,93.004589275002
2025-12-22 03:00:00,92.8699779180761
2025-12-22 04:00:00,93.0123329271097
2025-12-22 05:00:00,92.2228711164391
2025-12-22 06:00:00,92.441188590293
2025-12-22 07:00:00,92.6212106795063
2025-12-22 08:00:00,91.7945115276379
2025-12-22 09:00:00,92.4038687805877
2025-12-22 10:00:00,
2025-12-22 11:00:00,
2025-12-22 12:00:00,
2025-12-22 13:00:00,92.7861869628713
2025-12-22 14:00:00,92.4998555990686
2025-12-22 15:00:00,92.7311192592928
2025-12-22 16:00:00,92.34476129408
2025-12-22 17:00:00,93.3601577692997
2025-12-22 18:00:00,92.7010931781717
2025-12-22 19:00:00,92.6076896605999
2025-12-22 20:00:00,92.0546179134011
2025-12-22 21:00:00,92.8568182772759
2025-12-22 22:00:00,92.2281208955076
2025-12-22 23:00:00,92.8856170881902
2025-12-23 00:00:00,92.071328209372
2025-12-23 01:00:00,91.8168300677178
2025-12-23 02:00:00,91.8885740664876
2025-12-23 03:00:00,92.1092091689538
2025-12-23 04:00:00,92.5743330762882
2025-12-23 06:00:00,92.2653034521272
2025-12-23 07:00:00,92.1682126495475
2025-12-23 08:00:00,92.2492527700071
2025-12-23 09:00:00,92.2101976537281
2025-12-23 10:00:00,92.5316505394887
2025-12-23 11:00:00,92.6231996990836
2025-12-23 12:00:00,92.1707984651222
2025-12-23 13:00:00,92.2688945551021
2025-12-23 14:00:00,92.3664154256465
2025-12-23 15:00:00,91.8031030245736
2025-12-23 16:00:00,92.6137788012061
2025-12-23 17:00:00,91.2777761242112
2025-12-23 18:00:00,92.2331263321912
2025-12-23 19:00:00,92.8848089989597
2025-12-23 20:00:00,92.2560590420683
2025-12-23 21:00:00,92.3157927132526
2025-12-23 22:00:00,92.6071173055734
2025-12-23 23:00:00,91.8430661664658
2025-12-24 00:00:00,90.9171197164582
2025-12-24 01:00:00,91.3767694244782
2025-12-24 02:00:00,91.1323686345959
2025-12-24 03:00:00,91.5259350560157
2025-12-24 04:00:00,91.4128776472787
2025-12-24 05:00:00,91.7477186563914
2025-12-24 07:00:00,91.539222309845
2025-12-24 08:00:00,91.1980046858529
2025-12-24 09:00:00,90.9486684918965
2025-12-24 21:00:00,91.3688114356868
2025-12-24 22:00:00,90.6675914826789
2025-12-24 23:00:00,92.0353861098491
2025-12-25 00:00:00,91.2246891949608
2025-12-25 01:00:00,91.2267667959928
2025-12-25 02:00:00,90.6944983788694
2025-12-25 03:00:00,91.3359865741568
2025-12-25 04:00:00,91.4691895561519
2025-12-25 05:00:00,91.1068846836822
2025-12-25 06:00:00,90.5035560468666
2025-12-25 08:00:00,90.5873386065775
2025-12-25 09:00:00,91.2683143558141
2025-12-25 10:00:00,90.5523671708159
2025-12-25 11:00:00,90.6277032624162
2025-12-25 12:00:00,91.7027839062956
2025-12-25 13:00:00,90.5650751844803
2025-12-25 14:00:00,91.2739504043206
2025-12-25 15:00:00,91.2418484705553
2025-12-25 16:00:00,90.7972893523371
2025-12-25 17:00:00,90.9591832146453
2025-12-25 18:00:00,91.2213203392924
2025-12-25 19:00:00,90.943208955463
2025-12-25 20:00:00,91.2358393172867
2025-12-25 21:00:00,90.3186491699599
2025-12-25 22:00:00,91.1461538711573
2025-12-25 23:00:00,91.0047397707018
2025-12-26 00:00:00,91.0504013586169
2025-12-26 01:00:00,90.2833817814087
2025-12-26 02:00:00,90.0610150571366
2025-12-26 03:00:00,90.6970372360057
2025-12-26 04:00:00,90.3984174292515
2025-12-26 05:00:00,90.6889271231456
2025-12-26 07:00:00,90.8017925996561
2025-12-26 10:00:00,90.8216605562489
2025-12-26 11:00:00,89.8349657423643
2025-12-26 12:00:00,89.7588109241445
2025-12-26 13:00:00,89.6278998577635
2025-12-26 14:00:00,90.1118663773421
2025-12-26 15:00:00,90.5767231857105
2025-12-26 16:00:00,90.4630027271758
2025-12-26 17:00:00,90.0655078754777
2025-12-26 18:00:00,90.1082377211241
2025-12-26 19:00:00,90.6894517729578
2025-12-26 20:00:00,90.0771013645616
2025-12-26 21:00:00,90.0976225458414
2025-12-26 22:00:00,90.9906080901835
2025-12-26 23:00:00,90.5084269253318
2025-12-27 00:00:00,90.1616840172746
2025-12-27 01:00:00,90.6779289792763
2025-12-27 02:00:00,90.8440085979142
2025-12-27 03:00:00,90.5002094333606
2025-12-27 04:00:00,89.9182917422691
2025-12-27 05:00:00,90.8352125433388
2025-12-27 07:00:00,90.7046293945157
2025-12-27 08:00:00,90.0875823897362
2025-12-27 09:00:00,90.4311076852664
2025-12-27 10:00:00,90.1686946755745
2025-12-27 11:00:00,90.1657440653709
2025-12-27 12:00:00,90.6164568331794
2025-12-27 13:00:00,91.3763541541971
2025-12-27 14:00:00,90.3913935711498
2025-12-27 15:00:00,90.9408920849896
2025-12-27 16:00:00,90.8495744838582
2025-12-27 17:00:00,90.0266029463144
2025-12-27 18:00:00,90.6069060902771
2025-12-27 19:00:00,90.3444205971321
2025-12-27 20:00:00,90.3619669800282
2025-12-27 21:00:00,89.8129129195869
2025-12-27 22:00:00,90.2773378520042
2025-12-27 23:00:00,90.4229651300467
2025-12-28 00:00:00,115.058221911638
2025-12-28 01:00:00,89.7850779338117
2025-12-28 02:00:00,89.9601833352313
2025-12-28 03:00:00,89.588993311455
2025-12-28 04:00:00,89.4509583890698
2025-12-28 05:00:00,93.7494771663197
2025-12-28 06:00:00,89.7931374184882
2025-12-28 07:00:00,89.844860449335
2025-12-28 08:00:00,89.1418018961436
2025-12-28 09:00:00,89.4166050082926
2025-12-28 10:00:00,89.036419767029
2025-12-28 11:00:00,89.4025062457723
2025-12-28 12:00:00,89.7038331903073
2025-12-28 13:00:00,89.9832997121081
2025-12-28 14:00:00,89.859727463458
2025-12-28 15:00:00,89.1794418737522
2025-12-28 16:00:00,90.0844905808271
2025-12-28 17:00:00,90.6476728438721
2025-12-28 18:00:00,89.3849109640492
2025-12-28 19:00:00,89.7873416001761
2025-12-28 20:00:00,89.8653972444719
2025-12-28 21:00:00,89.7990422950081
2025-12-28 22:00:00,89.9604750499918
2025-12-28 23:00:00,89.8146483466261
2025-12-29 00:00:00,89.2910886560416
2025-12-29 01:00:00,88.6647859402774
2025-12-29 02:00:00,88.4779790157112
2025-12-29 03:00:00,89.186621018995
2025-12-29 04:00:00,89.2941252190006
2025-12-29 05:00:00,89.2957546995472
2025-12-29 06:00:00,88.8062778815113
2025-12-29 07:00:00,88.9933024194318
2025-12-29 08:00:00,88.8880443932645
2025-12-29 09:00:00,88.9849852228914
2025-12-29 10:00:00,88.7432301988734
2025-12-29 11:00:00,89.4094628574345
2025-12-29 12:00:00,88.7569312904292
2025-12-29 13:00:00,88.4275961619943
2025-12-29 14:00:00,89.6504483665347
2025-12-29 15:00:00,88.9251969609859
2025-12-29 16:00:00,88.7844407442441
2025-12-29 17:00:00,89.6239964089536
2025-12-29 18:00:00,88.7294752944761
2025-12-29 19:00:00,88.1936917628707
2025-12-29 20:00:00,89.2256337377441
2025-12-29 21:00:00,89.4430950384712
2025-12-29 22:00:00,88.9007017214712
2025-12-29 23:00:00,89.1245286175927
2025-12-30 00:00:00,87.9640353712273
2025-12-30 01:00:00,107.185653230563
2025-12-30 02:00:00,87.7195507975665
2025-12-30 03:00:00,87.9020210439886
2025-12-30 04:00:00,88.2681124344489
2025-12-30 05:00:00,88.1869185249093
2025-12-30 06:00:00,87.6630625095626
2025-12-30 07:00:00,88.1120144325707
2025-12-30 11:00:00,88.5397484787472
2025-12-30 12:00:00,88.014195213719
2025-12-30 13:00:00,87.5525100697503
2025-12-30 14:00:00,87.7462991719464
2025-12-30 15:00:00,87.5775487940327
2025-12-30 16:00:00,87.639488461058
2025-12-30 17:00:00,86.6249654784446
2025-12-30 18:00:00,87.6195931639827
2025-12-30 19:00:00,87.568598670174
2025-12-30 20:00:00,87.6336527051027
2025-12-30 21:00:00,87.3875079059422
2025-12-30 22:00:00,88.1265549159109
2025-12-30 23:00:00,87.8385507366604
2025-12-31 00:00:00,87.0704900243075
2025-12-31 13:00:00,86.7799913695996
2025-12-31 14:00:00,87.0461339490798
2025-12-31 15:00:00,86.991481826374
2025-12-31 16:00:00,86.8351463547176
2025-12-31 17:00:00,87.5245817524142
2025-12-31 18:00:00,87.2269634324674
2025-12-31 19:00:00,86.8961573322465
2025-12-31 20:00:00,87.5335104205172
2025-12-31 21:00:00,87.1316655277618
2025-12-31 22:00:00,86.6388806525619
2025-12-31 23:00:00,86.9725110232433
2026-01-01 00:00:00,86.359928464698
2026-01-01 01:00:00,86.5491125007068
2026-01-01 02:00:00,86.5479075143028
2026-01-01 03:00:00,86.6302667073116
2026-01-01 04:00:00,86.4215894019395
2026-01-01 05:00:00,86.6861431458438
2026-01-01 06:00:00,86.4261742162821
2026-01-01 07:00:00,86.3984319140796
2026-01-01 10:00:00,86.174468073426
2026-01-01 11:00:00,86.3817931632267
2026-01-01 12:00:00,86.321023634638
2026-01-01 13:00:00,86.7387154337914
2026-01-01 14:00:00,86.5465731253055
2026-01-01 15:00:00,86.5727629387953
2026-01-01 16:00:00,86.5089542062355
2026-01-01 17:00:00,86.4060115431385
2026-01-01 18:00:00,86.5474215352521
2026-01-01 19:00:00,86.2934751267216
2026-01-01 20:00:00,86.6372541258476
2026-01-01 21:00:00,86.2588307535013
2026-01-01 22:00:00,86.5008830201927
2026-01-01 23:00:00,86.5122920078818
2026-01-02 00:00:00,86.5667306534694
2026-01-02 01:00:00,85.7321082321446
2026-01-02 02:00:00,85.8436486280638
2026-01-02 03:00:00,86.279836655807
2026-01-02 04:00:00,86.0782391330471
2026-01-02 05:00:00,86.15373760715
2026-01-02 06:00:00,85.9751043640361
2026-01-02 07:00:00,86.136164501745
2026-01-02 08:00:00,85.8443353893468
2026-01-02 10:00:00,85.7978019790499
2026-01-02 11:00:00,85.6648489222524
2026-01-02 12:00:00,86.2138642261622
2026-01-02 13:00:00,86.3495609572096
2026-01-02 14:00:00,85.7188102884208
2026-01-03 16:00:00,85.5836782489756
2026-01-03 23:00:00,85.3999816269219
2026-01-04 05:00:00,85.3947293228256
2026-01-04 08:00:00,85.5080605659721
2026-01-04 16:00:00,85.3092278966814
2026-01-05 03:00:00,84.8816509395723
2026-01-05 06:00:00,84.5480712143902
2026-01-05 10:00:00,84.950139321969
2026-01-05 11:00:00,85.2396848378605
2026-01-05 12:00:00,84.5200673591807
2026-01-05 13:00:00,84.4333321245712
2026-01-05 14:00:00,84.7210354857617
2026-01-05 15:00:00,85.0253257234316
2026-01-05 16:00:00,84.7690433326743
2026-01-05 17:00:00,
2026-01-05 18:00:00,
2026-01-05 19:00:00,
2026-01-05 20:00:00,
2026-01-05 21:00:00,84.8051566110293
2026-01-05 22:00:00,84.4376038756299
2026-01-05 23:00:00,84.9807669312544
2026-01-06 00:00:00,85.0658932779919
2026-01-06 01:00:00,84.6568338327426
2026-01-06 02:00:00,84.6296392252173
2026-01-06 03:00:00,84.3031543633042
2026-01-06 04:00:00,105.41517691898
2026-01-06 09:00:00,84.4702115515446
2026-01-06 11:00:00,72.6351795702268
2026-01-06 12:00:00,84.5739895475592
2026-01-06 13:00:00,84.29993796856
2026-01-06 14:00:00,84.4256274926578
2026-01-06 15:00:00,
2026-01-06 16:00:00,
2026-01-06 17:00:00,
2026-01-06 18:00:00,
2026-01-06 19:00:00,85.0226155814014
2026-01-06 20:00:00,84.3975673088556
2026-01-06 21:00:00,84.6417169566317
2026-01-06 22:00:00,84.8492286836324
2026-01-06 23:00:00,84.5334888688121
2026-01-07 00:00:00,83.9442328119061
2026-01-07 01:00:00,83.7153920087481
2026-01-07 02:00:00,84.092798855877
2026-01-07 03:00:00,84.0586245763149
2026-01-07 04:00:00,83.9015970248043
2026-01-07 05:00:00,83.9036291208162
2026-01-07 06:00:00,84.1889819888477
2026-01-07 07:00:00,83.7552456948149
2026-01-07 08:00:00,84.1914833809932
2026-01-07 09:00:00,83.9253009769409
2026-01-07 10:00:00,83.9182012397512
2026-01-07 11:00:00,84.2345400252333
2026-01-07 12:00:00,64.7846062308848
2026-01-07 13:00:00,
2026-01-07 14:00:00,
2026-01-07 15:00:00,
2026-01-07 16:00:00,84.1638833135608
2026-01-07 17:00:00,83.7687199310227
2026-01-07 18:00:00,83.9288070223135
2026-01-07 19:00:00,83.6623987248346
2026-01-07 20:00:00,84.1494317893021
2026-01-07 21:00:00,84.0518300441707
2026-01-07 22:00:00,84.2141603657572
2026-01-07 23:00:00,83.9473912859937
2026-01-08 00:00:00,83.787458053046
2026-01-08 01:00:00,83.4467036035087
2026-01-08 02:00:00,83.5801534143555
2026-01-08 03:00:00,83.1151589953198
2026-01-08 04:00:00,83.4205903043641
2026-01-08 05:00:00,83.5194491655567
2026-01-08 06:00:00,83.5032181470934
2026-01-08 07:00:00,83.3008243905576
2026-01-08 08:00:00,83.6543005963842
2026-01-08 09:00:00,83.5885760644764
2026-01-08 10:00:00,83.680357497593
2026-01-08 11:00:00,83.3308344602788
2026-01-08 12:00:00,83.6465929231507
2026-01-08 13:00:00,83.2229381429239
2026-01-08 14:00:00,83.392734106959
2026-01-08 15:00:00,83.8326957823501
2026-01-08 16:00:00,83.5432783706032
2026-01-08 17:00:00,83.7009424882566
2026-01-08 18:00:00,77.915157182837
2026-01-08 19:00:00,83.2823647363134
2026-01-09 06:00:00,83.4283913838748
2026-01-09 07:00:00,82.9969950305363
2026-01-09 10:00:00,83.1581288803481
2026-01-09 11:00:00,83.244070255677
2026-01-09 12:00:00,83.3099460366868
2026-01-09 13:00:00,83.4594646808945
2026-01-09 14:00:00,83.0611885774944
2026-01-09 15:00:00,83.220503594128
2026-01-09 16:00:00,83.397443884143
2026-01-09 17:00:00,83.0989939020796
2026-01-09 18:00:00,83.2894482351212
2026-01-09 19:00:00,83.0214846798679
2026-01-09 20:00:00,83.3042303183579
2026-01-09 21:00:00,83.4164694948
2026-01-09 22:00:00,83.4926018678362
2026-01-09 23:00:00,83.0207230795489
2026-01-10 00:00:00,83.1032859883398
2026-01-10 01:00:00,82.5235238141886
2026-01-10 02:00:00,83.0467552447611
2026-01-10 03:00:00,82.8268277322513
2026-01-10 04:00:00,82.7877153021987
2026-01-10 05:00:00,82.7035438591704
2026-01-10 06:00:00,83.0897421576007
2026-01-10 07:00:00,82.776311879616
2026-01-10 08:00:00,82.668220485775
2026-01-10 09:00:00,82.636547766731
2026-01-10 10:00:00,83.0814349810257
2026-01-10 11:00:00,82.7816807318888
2026-01-10 12:00:00,82.8802688004607
2026-01-10 13:00:00,82.8691093025976
2026-01-10 14:00:00,83.1523669563144
2026-01-10 15:00:00,82.8063190942509
2026-01-10 16:00:00,82.7074123825583
2026-01-10 17:00:00,83.1598834194768
2026-01-10 18:00:00,83.0136342540574
2026-01-10 19:00:00,82.9108699841151
2026-01-10 20:00:00,82.9568193510818
2026-01-10 21:00:00,82.93966834225
2026-01-11 10:00:00,81.7237128518621
2026-01-11 11:00:00,82.0965582874542
2026-01-11 12:00:00,82.0820935591948
2026-01-11 13:00:00,81.9896821599554
2026-01-11 14:00:00,103.816207992476
2026-01-11 15:00:00,82.4424074936951
2026-01-11 16:00:00,82.4578197011888
2026-01-11 17:00:00,81.9207062952227
2026-01-11 18:00:00,82.0354864786632
2026-01-11 19:00:00,82.2238003101404
2026-01-11 20:00:00,82.1915963697949
2026-01-11 21:00:00,92.3487322668896
2026-01-11 22:00:00,81.960078548318
2026-01-11 23:00:00,81.9356578417958
2026-01-12 00:00:00,81.8914454530841
2026-01-12 01:00:00,81.4579910490709
2026-01-12 02:00:00,81.215338689673
2026-01-12 03:00:00,81.4273623709214
2026-01-12 04:00:00,81.5782818207331
2026-01-12 05:00:00,81.8283023028666
2026-01-12 06:00:00,81.6662202547174
2026-01-12 08:00:00,81.750347201232
2026-01-12 09:00:00,81.3953454110666
2026-01-12 10:00:00,81.1416187638564
2026-01-12 11:00:00,81.3614996048742
2026-01-12 12:00:00,81.4090854060609
2026-01-12 13:00:00,81.30951333886
2026-01-12 14:00:00,81.2314006871927
2026-01-12 15:00:00,81.4613363007871
2026-01-12 16:00:00,81.7945851714538
2026-01-12 17:00:00,81.40821883039
2026-01-12 18:00:00,81.6321968567602
2026-01-12 19:00:00,81.4693245621211
2026-01-12 20:00:00,81.4139682897638
2026-01-12 21:00:00,81.7225056614187
2026-01-12 22:00:00,81.5495738585758
2026-01-12 23:00:00,81.8141198858489
2026-01-13 00:00:00,80.4576461733018
2026-01-13 01:00:00,80.9655931229428
2026-01-13 02:00:00,80.5691864536025
2026-01-13 03:00:00,80.8055504831235
2026-01-13 04:00:00,80.6065029705987
2026-01-13 05:00:00,80.8119561868133
2026-01-13 06:00:00,80.5960122445936
2026-01-13 07:00:00,81.0277820848743
2026-01-13 08:00:00,80.9809472647926
2026-01-13 09:00:00,80.7343416827372
2026-01-13 10:00:00,80.8518925907406
2026-01-13 11:00:00,80.5985334483742
2026-01-13 12:00:00,81.0154367724702
2026-01-13 13:00:00,81.3416125144819
2026-01-13 14:00:00,81.1610697551618
2026-01-13 15:00:00,80.8769206021673
2026-01-13 16:00:00,80.715195219932
2026-01-13 17:00:00,80.8077509731517
2026-01-13 18:00:00,80.8238825305649
2026-01-13 19:00:00,80.6785944931675
2026-01-13 20:00:00,81.0296531313898
2026-01-13 21:00:00,81.0208968641713
2026-01-13 22:00:00,80.7495188554563
2026-01-13 23:00:00,81.0343920645101
2026-01-14 00:00:00,79.9348580107833
2026-01-14 01:00:00,80.1285541963986
2026-01-14 02:00:00,80.0740547498887
2026-01-14 03:00:00,80.0036253351826
2026-01-14 04:00:00,80.2024752038477
2026-01-14 05:00:00,79.8960891253144
2026-01-14 06:00:00,80.0662560850206
2026-01-14 08:00:00,80.2026027334431
2026-01-14 09:00:00,79.9999914809452
2026-01-14 10:00:00,80.0040989434248
2026-01-14 11:00:00,80.3445239358866
2026-01-14 12:00:00,79.9772313083988
2026-01-14 13:00:00,80.1109443796828
2026-01-14 14:00:00,79.9876019836776
2026-01-14 15:00:00,79.9350202372451
2026-01-14 16:00:00,79.9974700744029
2026-01-14 17:00:00,79.894512626102
2026-01-14 18:00:00,79.6430737428173
2026-01-14 19:00:00,79.7275628113064
2026-01-14 20:00:00,80.2116510314605
2026-01-14 21:00:00,80.353485022405
2026-01-14 22:00:00,79.8986760168205
2026-01-15 00:00:00,79.5715534432796
2026-01-15 10:00:00,79.5172620513914
2026-01-15 11:00:00,79.3246484345378
2026-01-15 12:00:00,79.3121058678937
2026-01-15 13:00:00,79.7929313297446
2026-01-15 14:00:00,79.8898226547341
2026-01-15 15:00:00,79.1520755475474
2026-01-15 16:00:00,79.4116173199311
2026-01-15 17:00:00,79.5139717427927
2026-01-15 18:00:00,79.2854114646232
2026-01-15 19:00:00,79.6170999534448
2026-01-15 20:00:00,79.5259251531995
2026-01-15 21:00:00,79.420200387737
2026-01-15 22:00:00,79.2137341503767
2026-01-15 23:00:00,79.1565250011587
2026-01-16 00:00:00,79.3107355479722
2026-01-16 01:00:00,79.5602008832109
2026-01-16 02:00:00,79.3845023130025
2026-01-16 03:00:00,79.1145376575388
2026-01-16 04:00:00,79.1803119372219
2026-01-16 05:00:00,79.6152020656835
2026-01-16 06:00:00,79.388862033042
2026-01-16 07:00:00,79.7017542896711
2026-01-16 08:00:00,79.56545987262
2026-01-16 09:00:00,79.7179891331149
2026-01-16 10:00:00,79.5978150801712
2026-01-16 11:00:00,79.4555695088962
2026-01-16 12:00:00,79.5449093197892
2026-01-16 13:00:00,79.2569742126366
2026-01-16 14:00:00,79.5650010618054
2026-01-16 15:00:00,79.6315821908738
2026-01-16 16:00:00,79.4289428983099
2026-01-16 17:00:00,79.5234813331682
2026-01-16 18:00:00,79.3813399196107
2026-01-16 19:00:00,79.3849942549229
2026-01-16 20:00:00,79.2502037226432
2026-01-16 21:00:00,79.5281669522985
2026-01-16 22:00:00,79.9304601429813
2026-01-16 23:00:00,79.4695536660171
2026-01-17 00:00:00,79.1285298301587
2026-01-17 01:00:00,79.0222567350302
2026-01-17 02:00:00,79.0868233374657
2026-01-17 03:00:00,79.5559594986231
2026-01-17 04:00:00,79.0359355784667
2026-01-17 05:00:00,79.2164511505619
2026-01-17 06:00:00,79.2677596855887
2026-01-17 07:00:00,79.011024804655
2026-01-17 08:00:00,79.3433824898872
2026-01-17 09:00:00,79.0009444815097
2026-01-17 10:00:00,78.8833081092373
2026-01-17 11:00:00,79.0213116781999
2026-01-17 12:00:00,78.8546319692575
2026-01-17 13:00:00,78.9720193437522
2026-01-17 14:00:00,79.1152813464026
2026-01-17 15:00:00,79.0835089962791
2026-01-17 16:00:00,78.9295916010331
2026-01-17 17:00:00,79.2025910711225
2026-01-17 18:00:00,79.035082535344
2026-01-17 19:00:00,78.9970997964714
2026-01-17 20:00:00,79.2853477745023
2026-01-17 21:00:00,79.2085798367349
2026-01-17 22:00:00,78.925973922682
2026-01-17 23:00:00,78.7396925629603
2026-01-18 00:00:00,78.0438071290028
2026-01-18 01:00:00,78.1901371102035
2026-01-18 02:00:00,78.0280836552682
2026-01-18 03:00:00,78.0316778733852
2026-01-18 04:00:00,78.1551092926799
2026-01-18 05:00:00,78.2802022963546
2026-01-18 07:00:00,78.0744908453425
2026-01-18 08:00:00,78.0958707502209
2026-01-18 09:00:00,78.4623258310446
2026-01-18 10:00:00,78.6664604327275
2026-01-18 11:00:00,78.543281562029
2026-01-18 12:00:00,78.3921508756394
2026-01-18 13:00:00,78.0979389546786
2026-01-18 14:00:00,78.1875331095111
2026-01-18 15:00:00,78.3620110534776
2026-01-18 16:00:00,78.4375657494649
2026-01-18 17:00:00,77.9822307788801
2026-01-18 18:00:00,78.1935685055051
2026-01-18 19:00:00,78.2911003389663
2026-01-18 20:00:00,78.4786395016769
2026-01-18 21:00:00,78.3319539663272
2026-01-18 22:00:00,77.9559975481253
2026-01-18 23:00:00,78.1221535115614
2026-01-19 00:00:00,77.1734971024433
2026-01-19 01:00:00,77.2592833586041
2026-01-19 02:00:00,77.1026547451859
2026-01-19 03:00:00,77.3888673593779
2026-01-19 04:00:00,77.3645320714529
2026-01-19 05:00:00,77.5590577324897
2026-01-19 06:00:00,77.3056606562269
2026-01-19 07:00:00,77.4094846026186
2026-01-19 08:00:00,77.3892647005742
2026-01-19 09:00:00,77.5491201180419
2026-01-19 10:00:00,77.2897048727984
2026-01-19 11:00:00,
2026-01-19 12:00:00,77.4997727678647
2026-01-19 13:00:00,77.4352840213943
2026-01-19 14:00:00,77.1924554826661
2026-01-19 15:00:00,77.2614282446266
2026-01-19 16:00:00,77.0112362569729
2026-01-19 17:00:00,77.5852762733334
2026-01-19 18:00:00,78.0624180153096
2026-01-19 19:00:00,77.3866733943715
2026-01-19 20:00:00,76.9727264588659
2026-01-19 21:00:00,77.2117732532192
2026-01-19 22:00:00,77.2871831825524
2026-01-19 23:00:00,77.1875424754058
2026-01-20 00:00:00,76.4088499404639
2026-01-20 06:00:00,76.6722530469755
2026-01-20 12:00:00,
2026-01-20 18:00:00,76.528039840358
2026-01-21 00:00:00,
2026-01-21 06:00:00,
2026-01-21 12:00:00,
2026-01-21 18:00:00,
2026-01-22 00:00:00,109.232447740472
2026-01-22 06:00:00,109.107616677921
2026-01-22 12:00:00,109.073487939115
2026-01-22 18:00:00,109.306956760569
2026-01-23 00:00:00,108.758920145178
2026-01-23 06:00:00,108.693116988636
2026-01-23 12:00:00,108.414145467647
2026-01-23 18:00:00,108.547347112797
2026-01-24 00:00:00,108.509888719258
2026-01-24 06:00:00,108.507630641201
2026-01-24 12:00:00,108.584957477098
2026-01-24 18:00:00,108.505777600527
2026-01-25 00:00:00,107.399212196806
2026-01-25 06:00:00,107.733703016666
2026-01-25 12:00:00,107.62926628493
2026-01-25 18:00:00,107.885928922663
2026-01-26 00:00:00,107.564782714175
2026-01-26 06:00:00,106.967038583166
2026-01-26 12:00:00,107.202094417498
2026-01-26 18:00:00,107.033127604921
2026-01-27 00:00:00,106.521503592423
2026-01-27 06:00:00,106.510800859516
2026-01-27 12:00:00,107.104225840653
2026-01-27 18:00:00,106.297697873855
2026-01-28 00:00:00,105.975719813353
2026-01-28 06:00:00,106.013703781545
2026-01-28 12:00:00,106.353534053678
2026-01-28 18:00:00,105.922436304281
2026-01-29 00:00:00,105.630402383545
2026-01-29 06:00:00,105.72733128923
2026-01-29 12:00:00,105.779206335044
2026-01-29 18:00:00,105.374122383091
2026-01-30 00:00:00,105.245716789474
2026-01-30 06:00:00,105.943990843155
2026-01-30 12:00:00,105.417763437127
2026-01-30 18:00:00,105.065136664588
2026-01-31 00:00:00,104.515730035468
2026-01-31 06:00:00,104.55962986443
2026-01-31 12:00:00,104.666712494448
2026-01-31 18:00:00,103.965297776654
2026-02-01 00:00:00,104.049561549233
2026-02-01 06:00:00,103.934556229185
2026-02-01 12:00:00,104.026238306868
2026-02-01 18:00:00,103.771627960266
2026-02-02 00:00:00,102.529143230399
2026-02-02 06:00:00,102.887072223637
2026-02-02 12:00:00,103.28462811287
2026-02-02 18:00:00,103.64461812735
2026-02-03 00:00:00,102.508286644292
2026-02-03 06:00:00,102.701209242854
2026-02-03 12:00:00,102.843500509959
2026-02-03 18:00:00,102.342356955788
2026-02-04 00:00:00,102.313266477129
2026-02-04 06:00:00,102.083328209929
2026-02-04 12:00:00,101.92024290582
2026-02-04 18:00:00,
2026-02-05 00:00:00,
2026-02-05 06:00:00,
2026-02-05 12:00:00,
2026-02-05 18:00:00,
2026-02-06 00:00:00,101.33976135788
2026-02-06 06:00:00,101.11032246623
2026-02-06 12:00:00,101.142633540527
2026-02-06 18:00:00,101.273885966029
2026-02-07 00:00:00,100.300096242673
2026-02-07 06:00:00,100.495355464921
2026-02-07 12:00:00,100.909309188521
2026-02-07 18:00:00,100.990224965289
2026-02-08 00:00:00,100.148424570365
2026-02-08 06:00:00,99.7602038685625
2026-02-08 12:00:00,100.2939050239
2026-02-08 18:00:00,99.5029027571125
2026-02-09 00:00:00,99.9418116295402
2026-02-09 06:00:00,99.63177048761
2026-02-09 12:00:00,100.312464017414
2026-02-09 18:00:00,99.4614667355564
2026-02-10 00:00:00,98.6722202797137
2026-02-10 06:00:00,99.128330187059
2026-02-10 12:00:00,98.8709850124386
2026-02-10 18:00:00,98.6598708193498
2026-02-11 00:00:00,98.5140836612552
2026-02-11 06:00:00,97.7657705018537
2026-02-11 12:00:00,98.2081563852049
2026-02-11 18:00:00,97.8199029569636
2026-02-12 00:00:00,97.6540397973963
2026-02-12 06:00:00,97.9828539091681
2026-02-12 12:00:00,98.1789299256171
2026-02-12 18:00:00,98.5649959611361
2026-02-13 00:00:00,97.4738035473582
2026-02-13 06:00:00,97.6563300900972
2026-02-13 12:00:00,118.095159623312
2026-02-13 18:00:00,97.5674215819325
2026-02-14 00:00:00,97.2750422956097
2026-02-14 06:00:00,97.7042200764413
2026-02-14 12:00:00,97.5266840330361
2026-02-14 18:00:00,97.1803688335153
2026-02-15 00:00:00,96.7723966482297
2026-02-15 06:00:00,96.970498666608
2026-02-15 12:00:00,96.7226499792601
2026-02-15 18:00:00,96.7153621000934
2026-02-16 00:00:00,96.4766778800137
2026-02-16 06:00:00,96.7178999189235
2026-02-16 12:00:00,96.6818262998124
2026-02-16 18:00:00,96.3800201142171
2026-02-17 00:00:00,96.2781465827401
2026-02-17 06:00:00,95.8376350980754
2026-02-17 12:00:00,96.0447093764163
2026-02-17 18:00:00,96.1946915537011
2026-02-18 00:00:00,95.1318409799245
2026-02-18 06:00:00,95.4141564385794
2026-02-18 12:00:00,95.4781996896348
2026-02-18 18:00:00,95.8062577312881
2026-02-19 00:00:00,94.8564183619985
2026-02-19 06:00:00,95.0687240182241
2026-02-19 12:00:00,94.7419330153318
2026-02-19 18:00:00,94.4308157823045
2026-02-20 00:00:00,94.3537146417891
2026-02-20 06:00:00,93.9375903497238
2026-02-20 12:00:00,94.404218363218
2026-02-20 18:00:00,94.2793636269544
2026-02-21 00:00:00,94.0242419428756
2026-02-21 06:00:00,93.7971798054491
2026-02-21 12:00:00,93.9722839243012
2026-02-21 18:00:00,119.890909224476
2026-02-22 00:00:00,93.0844386114225
2026-02-22 06:00:00,93.300503297992
2026-02-22 12:00:00,93.2971791238346
2026-02-22 18:00:00,93.6631047379034
2026-02-23 00:00:00,92.861518578405
2026-02-23 06:00:00,92.7908291896307
2026-02-23 12:00:00,92.7455625192342
2026-02-23 18:00:00,92.8499917063859
2026-02-24 00:00:00,91.7009236162211
2026-02-24 06:00:00,91.7410564916114
2026-02-24 12:00:00,91.7370854268113
2026-02-24 18:00:00,91.6264181640793
2026-02-25 00:00:00,91.935324857355
2026-02-25 06:00:00,91.6006527029867
2026-02-25 12:00:00,91.5043224399164
2026-02-25 18:00:00,92.0090739710278
2026-02-26 00:00:00,91.806416496411
2026-02-26 06:00:00,91.6146122382775
2026-02-26 12:00:00,91.891868465216
2026-02-26 18:00:00,91.2411899561242
2026-02-27 00:00:00,90.6368995871128
2026-02-27 06:00:00,90.7756973969163
2026-02-27 12:00:00,90.9113713781443
2026-02-27 18:00:00,90.7923248526142
2026-02-28 00:00:00,90.4128668625922
2026-02-28 06:00:00,89.7773558994291
2026-02-28 12:00:00,89.8898697006975
2026-02-28 18:00:00,90.4667247520344
2026-03-01 00:00:00,90.3690461244241
2026-03-01 06:00:00,89.7712083229427
2026-03-01 12:00:00,90.196024836199
2026-03-01 18:00:00,89.7933612781429
2026-03-02 00:00:00,88.9187113183109
2026-03-02 06:00:00,90.2916000958253
2026-03-02 12:00:00,77.051927613164
2026-03-02 18:00:00,89.8948006536692
2026-03-03 00:00:00,89.2304223925276
2026-03-03 06:00:00,89.9383218558679
2026-03-03 12:00:00,90.2192199086911
2026-03-03 18:00:00,88.7263689956587
2026-03-04 00:00:00,89.9359509147573
2026-03-04 06:00:00,89.5709880825238
2026-03-04 12:00:00,89.5231857486364
2026-03-04 18:00:00,89.6884643244328
2026-03-05 00:00:00,88.9388123378443
2026-03-05 06:00:00,89.3673628212611
2026-03-05 12:00:00,88.8681201044304
2026-03-05 18:00:00,89.5124431465727
2026-03-06 00:00:00,88.2458413690259
2026-03-06 06:00:00,89.4744056042234
2026-03-06 12:00:00,88.8903787225928
2026-03-06 18:00:00,89.2135579511436
2026-03-07 00:00:00,88.4511158005422
2026-03-07 06:00:00,88.597597844325
2026-03-07 12:00:00,88.057115804884
2026-03-07 18:00:00,87.9440452591958
2026-03-08 00:00:00,87.6251943177011
2026-03-08 06:00:00,88.471357676053
2026-03-08 12:00:00,88.5136608013069
2026-03-08 18:00:00,88.2724702946347
2026-03-09 00:00:00,88.9648006058158
2026-03-09 06:00:00,87.8669592602689
2026-03-09 12:00:00,88.6609413400454
2026-03-09 18:00:00,88.2492564391053
2026-03-10 00:00:00,88.4435743203651
2026-03-10 06:00:00,88.2549449163329
2026-03-10 12:00:00,88.0388411262181
2026-03-10 18:00:00,88.3400017944529
2026-03-11 00:00:00,88.6150877182344
2026-03-11 06:00:00,87.5468352799356
2026-03-11 12:00:00,88.2296431474118
2026-03-11 18:00:00,87.2920051465814
2026-03-12 00:00:00,
2026-03-12 06:00:00,
2026-03-12 12:00:00,
2026-03-12 18:00:00,
2026-03-13 00:00:00,115.346665347265
2026-03-13 06:00:00,115.351391000334
2026-03-13 12:00:00,115.156065264192
2026-03-13 18:00:00,98.0814877849037
2026-03-14 00:00:00,114.614804986176
2026-03-14 06:00:00,114.938595166664
2026-03-14 12:00:00,114.731980448098
2026-03-14 18:00:00,115.132404933688
2026-03-15 00:00:00,114.737998102277
2026-03-15 06:00:00,114.877417961374
2026-03-15 12:00:00,114.519977614566
2026-03-15 18:00:00,114.748170357248
2026-03-16 00:00:00,114.735039295385
2026-03-16 06:00:00,114.528263556567
2026-03-16 12:00:00,114.975099434188
2026-03-16 18:00:00,114.378596318108
2026-03-17 00:00:00,113.905256177681
2026-03-17 06:00:00,114.200365888253
2026-03-17 12:00:00,114.345447689385
2026-03-17 18:00:00,114.471183619361
2026-03-18 00:00:00,114.280178925268
2026-03-18 06:00:00,113.752244867801
2026-03-18 12:00:00,114.339762548186
2026-03-18 18:00:00,113.727371992353
2026-03-19 00:00:00,113.145916041703
2026-03-19 06:00:00,113.835713781129
2026-03-19 12:00:00,113.151819700491
2026-03-19 18:00:00,114.294408500039
2026-03-20 00:00:00,113.207397194291
2026-03-20 06:00:00,113.075099567332
2026-03-20 12:00:00,143.747564348607
2026-03-20 18:00:00,113.540002963546
2026-03-21 00:00:00,113.849750716313
2026-03-21 06:00:00,112.961822405083
2026-03-21 12:00:00,114.493911709634
2026-03-21 18:00:00,113.739947995337
2026-03-22 00:00:00,113.62116330582
2026-03-22 06:00:00,113.48760797442
2026-03-22 12:00:00,113.520991617294
2026-03-22 18:00:00,113.639830395302
2026-03-23 00:00:00,113.428484379552
2026-03-23 06:00:00,112.593071410184
2026-03-23 12:00:00,113.065546112272
2026-03-23 18:00:00,112.903322952961
2026-03-24 00:00:00,113.413277555737
2026-03-24 06:00:00,112.185460741237
2026-03-24 12:00:00,112.921199017031
2026-03-24 18:00:00,112.391010435998
2026-03-25 00:00:00,112.291584714814
2026-03-25 06:00:00,111.750801620364
2026-03-25 12:00:00,112.857111426289
2026-03-25 18:00:00,111.82155230092
2026-03-26 00:00:00,112.033385045433
2026-03-26 06:00:00,112.479118077528
2026-03-26 12:00:00,111.597840771424
2026-03-26 18:00:00,112.225276172443
2026-03-27 00:00:00,111.54182014086
2026-03-27 06:00:00,112.005390847795
2026-03-27 12:00:00,111.440884466122
2026-03-27 18:00:00,111.625226787847
2026-03-28 00:00:00,112.340390117361
2026-03-28 06:00:00,111.623176158755
2026-03-28 12:00:00,
2026-03-28 18:00:00,
2026-03-29 00:00:00,
2026-03-29 06:00:00,
2026-03-29 12:00:00,111.057545245879
2026-03-29 18:00:00,110.796315683339
2026-03-30 00:00:00,111.066557683699
2026-03-30 06:00:00,111.245989613592
2026-03-30 12:00:00,111.447439714524
2026-03-30 18:00:00,110.54244209049
2026-03-31 00:00:00,111.003095367727
2026-03-31 06:00:00,111.590559104385
2026-03-31 12:00:00,111.46601778645
2026-03-31 18:00:00,111.222865939461
2026-04-01 00:00:00,111.209520709308
2026-04-01 06:00:00,111.672432568303
2026-04-01 12:00:00,112.479744054086
2026-04-01 18:00:00,112.489347722765
2026-04-02 00:00:00,110.522387890015
2026-04-02 06:00:00,111.811130728974
2026-04-02 12:00:00,111.274777950459
2026-04-02 18:00:00,109.868650692222
2026-04-03 00:00:00,110.171353444288
2026-04-03 06:00:00,110.455316105168
2026-04-03 12:00:00,110.89487674638
2026-04-03 18:00:00,110.417842980144
2026-04-04 00:00:00,109.916076718464
2026-04-04 06:00:00,109.745382676385
2026-04-04 12:00:00,110.063570892805
2026-04-04 18:00:00,109.319697913029
2026-04-05 00:00:00,111.796367905832
2026-04-05 06:00:00,110.734979852908
2026-04-05 12:00:00,110.180854558279
2026-04-05 18:00:00,109.921149317632
2026-04-06 00:00:00,109.530901660095
2026-04-06 06:00:00,109.937242424982
2026-04-06 12:00:00,110.507686987496
2026-04-06 18:00:00,110.195091642528
2026-04-07 00:00:00,109.995921367426
2026-04-07 06:00:00,110.054941126142
2026-04-07 12:00:00,110.396023782723
2026-04-07 18:00:00,109.833824227656
2026-04-08 00:00:00,108.485322213175
2026-04-08 06:00:00,108.750314735926
2026-04-08 12:00:00,109.321945369804
2026-04-08 18:00:00,109.130073887948
2026-04-09 00:00:00,109.506872559622
2026-04-09 06:00:00,110.38433890272
2026-04-09 12:00:00,107.647640440409
2026-04-09 18:00:00,109.454803252495
2026-04-10 00:00:00,109.902431181327
2026-04-10 06:00:00,108.586687530748
2026-04-10 12:00:00,108.395199956265
2026-04-10 18:00:00,108.213060104226
