time,per
2024-04-03 01:00:05,
2024-04-03 02:00:05,
2024-04-03 03:00:05,
2024-04-03 04:00:05,
2024-04-03 05:00:05,
2024-04-03 06:00:05,
2024-04-03 07:00:05,
2024-04-03 08:00:05,
2024-04-03 09:00:05,
2024-04-03 10:00:05,
2024-04-03 11:00:05,
2024-04-03 12:00:05,
2024-04-03 13:00:05,
2024-04-03 14:00:05,
2024-04-03 15:00:05,
2024-04-03 16:00:05,
2024-04-03 17:00:05,
2024-04-03 18:00:05,
2024-04-03 19:00:05,
2024-04-03 20:00:05,
2024-04-03 21:00:05,
2024-04-03 22:00:05,
2024-04-03 23:00:05,
2024-04-04 00:00:03,49.2046853290515
2024-04-04 01:00:05,48.1184666176208
2024-04-04 02:00:05,48.0875689588946
2024-04-04 03:00:05,47.8188769579848
2024-04-04 04:00:05,47.5918261690657
2024-04-04 05:00:05,47.9146354454043
2024-04-04 06:00:05,48.4221078253363
2024-04-04 07:00:05,48.0967914706128
2024-04-04 09:00:05,48.6891884993325
2024-04-04 10:00:05,48.5093689516701
2024-04-04 11:00:05,48.5336390724124
2024-04-04 12:00:05,47.971750006221
2024-04-04 13:00:05,47.7980448859511
2024-04-04 14:00:05,48.3822445050318
2024-04-04 15:00:05,48.3789707746676
2024-04-04 16:00:05,47.6173995725431
2024-04-04 17:00:05,48.0019118683595
2024-04-04 18:00:05,47.5900028599471
2024-04-04 19:00:05,49.109815883076
2024-04-04 21:00:05,48.1020173729849
2024-04-04 22:00:05,48.6155673503086
2024-04-04 23:00:05,48.3137587141509
2024-04-05 00:00:03,48.3245638178366
2024-04-05 01:00:05,48.6092747414449
2024-04-05 02:00:05,46.9736159393469
2024-04-05 03:00:05,48.2190842726976
2024-04-05 05:00:05,47.7624298029216
2024-04-05 06:00:05,48.4331292546676
2024-04-05 07:00:05,47.9673303060752
2024-04-05 08:00:05,47.9831559022149
2024-04-05 09:00:05,47.6863881295687
2024-04-05 10:00:05,47.497666722743
2024-04-05 11:00:05,48.1409193298642
2024-04-05 12:00:05,47.311595169757
2024-04-05 13:00:05,47.9873472367877
2024-04-05 14:00:05,47.0847970513566
2024-04-05 15:00:05,47.6441595580067
2024-04-05 16:00:05,47.9799189878267
2024-04-05 17:00:05,47.094597541645
2024-04-05 18:00:05,48.7666617900203
2024-04-05 19:00:05,48.0889626106276
2024-04-05 20:00:05,47.784849756672
2024-04-05 21:00:05,47.3629099356183
2024-04-05 22:00:05,47.4585243758406
2024-04-05 23:00:05,48.1107929351358
2024-04-06 00:00:02,48.3971249283434
2024-04-06 01:00:05,47.303515051698
2024-04-06 02:00:05,47.3830947144618
2024-04-06 03:00:05,47.3203818732614
2024-04-06 04:00:05,47.9447789774873
2024-04-06 05:00:05,47.7083785250476
2024-04-06 06:00:05,47.8049158943406
2024-04-06 07:00:05,46.8448054513447
2024-04-06 08:00:05,47.1131840729811
2024-04-08 04:00:05,47.1972192823419
2024-04-08 05:00:05,47.1981744069951
2024-04-08 06:00:05,47.069864056955
2024-04-08 07:00:05,48.6465878083497
2024-04-08 10:00:05,46.0042393972763
2024-04-08 20:00:05,46.5433795195534
2024-04-08 21:00:05,46.8314580142615
2024-04-08 22:00:05,48.25237466184
2024-04-08 23:00:05,47.1632149510996
2024-04-09 00:00:02,46.8743457864447
2024-04-09 01:00:05,46.4950418272969
2024-04-09 02:00:05,48.6438787898729
2024-04-09 03:00:05,46.9961606371135
2024-04-09 04:00:05,46.2322100027736
2024-04-09 05:00:05,48.0510462872831
2024-04-09 07:00:05,46.2881857120389
2024-04-09 10:00:05,46.0735213294484
2024-04-09 11:00:05,47.4726599962599
2024-04-09 12:00:05,47.6981166625007
2024-04-09 13:00:05,46.3810108982286
2024-04-09 14:00:05,46.3017226529686
2024-04-09 15:00:05,46.6709963246337
2024-04-09 16:00:05,45.3491601183968
2024-04-09 17:00:05,47.3968749935476
2024-04-09 18:00:05,46.4261424974073
2024-04-09 19:00:05,47.9560507205378
2024-04-09 20:00:05,48.9822469236243
2024-04-09 21:00:05,47.2938162883612
2024-04-09 22:00:05,45.9613636032462
2024-04-09 23:00:05,46.977948797633
2024-04-10 00:00:01,45.3652594538702
2024-04-10 01:00:05,46.5404715348209
2024-04-10 02:00:05,45.7487151468262
2024-04-10 13:00:05,48.3151298787472
2024-04-10 14:00:05,45.4976026916347
2024-04-10 15:00:05,46.2535317025869
2024-04-10 16:00:05,47.8211469084396
2024-04-10 17:00:05,46.8970444122709
2024-04-10 18:00:05,47.6049511354042
2024-04-10 19:00:05,48.1173202578837
2024-04-10 20:00:05,47.6803236749121
2024-04-10 21:00:05,45.6607586862107
2024-04-10 22:00:05,46.9274603359404
2024-04-10 23:00:05,46.5456160123531
2024-04-11 00:00:00,48.5250884062255
2024-04-11 01:00:05,47.392447950459
2024-04-11 02:00:05,45.6401241442443
2024-04-11 03:00:05,49.072643508824
2024-04-11 04:00:05,46.3976717251037
2024-04-11 05:00:05,47.0088328411347
2024-04-11 06:00:05,54.8481384770339
2024-04-11 07:00:05,45.6447562344411
2024-04-11 08:00:05,47.3196193346099
2024-04-11 09:00:05,46.1000976863901
2024-04-11 10:00:05,46.5315699530586
2024-04-11 12:00:05,47.8865500091722
2024-04-11 13:00:05,46.1838754061211
2024-04-11 14:00:05,47.5171644187177
2024-04-11 15:00:05,45.0665759252327
2024-04-11 16:00:05,48.3799114494509
2024-04-11 17:00:05,46.9055182598438
2024-04-11 18:00:05,47.7181918516799
2024-04-11 19:00:05,46.9312312526131
2024-04-11 20:00:05,47.1125643106432
2024-04-11 21:00:05,46.9908936892084
2024-04-11 22:00:05,46.843538626925
2024-04-11 23:00:05,45.4356471227306
2024-04-12 00:00:00,47.4747876945446
2024-04-12 01:00:05,44.1043446774623
2024-04-12 02:00:05,45.4469121768875
2024-04-12 03:00:05,45.7261744680203
2024-04-12 04:00:05,47.3498721618044
2024-04-12 05:00:05,45.9424098841207
2024-04-12 06:00:05,46.2546194917339
2024-04-12 07:00:05,46.1440018715638
2024-04-12 08:00:05,45.7866749716633
2024-04-12 09:00:05,47.23942176117
2024-04-12 10:00:06,45.4349942476655
2024-04-12 11:00:06,46.4624085968992
2024-04-12 12:00:09,45.4711447568624
2024-04-12 13:00:09,46.5448791770359
2024-04-12 14:00:09,47.2670453627672
2024-04-12 15:00:09,45.2303399783998
2024-04-12 16:00:09,
2024-04-12 17:00:09,
2024-04-12 18:00:09,
2024-04-12 19:00:09,45.7076343896914
2024-04-12 20:00:09,45.9422428188179
2024-04-12 21:00:09,45.802064623527
2024-04-12 22:00:09,46.6300185771131
2024-04-12 23:00:09,45.6925563329402
2024-04-13 00:00:01,47.8886776794122
2024-04-13 01:00:09,45.4850262305105
2024-04-13 02:00:09,46.3314095841661
2024-04-13 03:00:09,46.860440235019
2024-04-13 04:00:09,45.4603154170746
2024-04-13 05:00:09,45.8544055872421
2024-04-13 07:00:09,48.0887106219299
2024-04-13 08:00:09,46.5138531507898
2024-04-13 09:00:09,46.3878811002883
2024-04-13 10:00:09,45.2157228541359
2024-04-13 11:00:09,48.3299198223543
2024-04-13 12:00:09,48.0533923043569
2024-04-13 13:00:09,48.2864582983281
2024-04-13 14:00:09,46.3205943001874
2024-04-13 15:00:09,47.7505388762085
2024-04-13 16:00:09,46.1745062221155
2024-04-13 17:00:09,46.4126827642903
2024-04-13 18:00:09,46.659797921782
2024-04-13 19:00:09,45.7205918440523
2024-04-13 20:00:09,45.8475450415059
2024-04-13 21:00:09,46.9292033824235
2024-04-13 22:00:09,45.0338963054451
2024-04-13 23:00:09,46.6860581328917
2024-04-14 00:00:00,46.9971709493724
2024-04-14 10:00:09,45.2250910779867
2024-04-14 12:00:09,45.9893499234464
2024-04-14 13:00:09,46.8054725644247
2024-04-14 14:00:09,46.7345069278662
2024-04-14 15:00:09,47.3429445280635
2024-04-14 16:00:09,45.2757255249535
2024-04-14 17:00:09,46.5307311268685
2024-04-14 18:00:09,45.7408382332376
2024-04-14 19:00:09,44.387089817409
2024-04-14 20:00:09,45.5302276126511
2024-04-14 21:00:09,43.7793813445953
2024-04-14 22:00:09,46.4178859862503
2024-04-14 23:00:09,47.0022622766138
2024-04-15 00:00:00,45.5198122526335
2024-04-15 01:00:09,45.3704840700389
2024-04-15 02:00:09,43.6678678346973
2024-04-15 03:00:09,44.6710283662316
2024-04-15 04:00:09,46.3452689259811
2024-04-15 06:00:09,44.7820799014523
2024-04-15 07:00:09,46.503812964323
2024-04-15 08:00:09,45.2983585624661
2024-04-15 09:00:09,44.7480543526292
2024-04-15 10:00:09,44.7790618410119
2024-04-15 11:00:09,46.1700785024184
2024-04-15 12:00:09,45.617862769326
2024-04-15 13:00:09,44.3047280598426
2024-04-15 14:00:09,44.8485209602418
2024-04-15 15:00:09,46.1075145988594
2024-04-15 16:00:09,45.1576234509937
2024-04-15 17:00:09,43.4914390689942
2024-04-15 18:00:09,46.2452731691043
2024-04-15 19:00:09,44.8724916305349
2024-04-15 20:00:09,45.3769229731568
2024-04-15 21:00:09,46.4505007373002
2024-04-15 22:00:09,44.9420308009489
2024-04-15 23:00:09,44.0562345200129
2024-04-16 00:00:01,46.6068354953829
2024-04-16 01:00:09,44.3967499838899
2024-04-16 02:00:09,45.0249118122206
2024-04-16 03:00:09,43.6008492141919
2024-04-16 04:00:09,45.8395121111198
2024-04-16 05:00:09,44.0502883889411
2024-04-16 06:00:09,44.109416464111
2024-04-16 07:00:09,45.1202858437359
2024-04-16 08:00:09,44.6291609050195
2024-04-16 10:00:09,46.227053375138
2024-04-16 11:00:09,45.9464017012596
2024-04-16 12:00:01,44.4212484354303
2024-04-16 13:00:01,44.5885496559384
2024-04-16 14:00:01,44.3001175055861
2024-04-16 15:00:01,47.1870067337681
2024-04-16 16:00:01,45.0194108282844
2024-04-16 17:00:01,44.652993626745
2024-04-16 18:00:01,44.5684792197586
2024-04-16 19:00:01,45.9626586617695
2024-04-16 20:00:01,45.2381488013328
2024-04-16 21:00:01,45.4845012616911
2024-04-16 22:00:01,44.5898482642581
2024-04-16 23:00:01,46.6351154633509
2024-04-17 00:00:00,45.8649946668472
2024-04-17 01:00:01,44.7142813062763
2024-04-17 02:00:01,44.3668025136611
2024-04-17 03:00:01,44.1738604337068
2024-04-17 04:00:01,45.5409563102884
2024-04-17 05:00:01,44.3041468268261
2024-04-17 06:00:01,44.4068959987516
2024-04-17 07:00:01,43.791582720058
2024-04-17 08:00:01,45.0596712361071
2024-04-17 09:00:01,44.2036773466142
2024-04-17 10:00:01,31.5010016045818
2024-04-17 11:00:01,44.7166002079217
2024-04-17 12:00:01,44.1979545889306
2024-04-17 13:00:01,45.3728082273407
2024-04-17 14:00:01,44.7415450167914
2024-04-17 19:00:00,43.3894763226471
2024-04-17 20:00:00,44.7246205072186
2024-04-17 21:00:00,45.3490202888012
2024-04-17 22:00:00,44.971824176276
2024-04-17 23:00:00,44.0560648104131
2024-04-18 00:00:00,44.9104076903305
2024-04-18 01:00:00,45.0617877144683
2024-04-18 02:00:00,46.3843410841471
2024-04-18 03:00:00,44.6400892614955
2024-04-18 15:00:00,47.2394995742414
2024-04-18 16:00:00,44.0455614685382
2024-04-18 17:00:00,45.8914603748601
2024-04-18 18:00:00,45.822329141838
2024-04-18 19:00:00,43.8470193065931
2024-04-18 20:00:00,46.450611749175
2024-04-18 21:00:00,44.1788762725319
2024-04-18 22:00:00,44.3949449599253
2024-04-18 23:00:00,44.360535698995
2024-04-19 00:00:00,46.6359834870473
2024-04-19 01:00:00,44.9444934518279
2024-04-19 02:00:00,45.9025589659705
2024-04-19 03:00:00,44.2727043047076
2024-04-19 04:00:00,44.6756256427968
2024-04-19 05:00:00,42.8038267826894
2024-04-19 06:00:00,45.3507056573897
2024-04-19 07:00:00,44.4385870432958
2024-04-19 08:00:00,43.4930796656492
2024-04-19 09:00:00,42.6307170590469
2024-04-19 10:00:00,45.5508268855647
2024-04-19 11:00:00,44.8130835919648
2024-04-19 12:00:00,44.1278224202844
2024-04-19 13:00:00,43.6970211345651
2024-04-19 14:00:00,45.2594507504185
2024-04-20 02:00:00,44.4216144353966
2024-04-20 03:00:00,43.857618195917
2024-04-20 04:00:00,43.5411996543551
2024-04-20 05:00:00,44.2686681767837
2024-04-20 06:00:00,43.2715269497099
2024-04-20 07:00:00,44.3969414227829
2024-04-20 08:00:00,44.770394324455
2024-04-20 09:00:00,43.7403523936689
2024-04-20 10:00:00,45.5770840680918
2024-04-20 11:00:00,43.6715362157656
2024-04-20 12:00:00,50.6653149591739
2024-04-20 13:00:00,44.8726970023791
2024-04-20 14:00:00,43.9363961603194
2024-04-20 15:00:00,52.8711284630368
2024-04-20 16:00:00,45.941480379828
2024-04-20 17:00:00,43.898618364613
2024-04-20 18:00:00,45.0651868164891
2024-04-20 19:00:00,44.5768900359201
2024-04-20 20:00:00,45.0006269587414
2024-04-20 21:00:00,44.5643525693808
2024-04-20 22:00:00,44.1756019684493
2024-04-20 23:00:00,44.0116423122929
2024-04-21 00:00:00,44.3553635658125
2024-04-21 01:00:00,44.1009648268442
2024-04-21 02:00:00,42.2987855059024
2024-04-21 03:00:00,44.7179905191114
2024-04-21 04:00:00,42.0678605081245
2024-04-21 05:00:00,44.2883355677003
2024-04-21 07:00:00,46.7329120594347
2024-04-21 08:00:00,44.6892622684734
2024-04-21 09:00:00,43.3733818809759
2024-04-21 10:00:00,43.1391394723266
2024-04-21 11:00:00,44.0439957160054
2024-04-21 12:00:00,45.254569680174
2024-04-21 13:00:00,43.3449566921128
2024-04-21 14:00:00,42.984184748934
2024-04-21 15:00:00,44.3606481080515
2024-04-21 16:00:00,43.69622581393
2024-04-21 17:00:00,43.6196608087382
2024-04-21 18:00:00,42.6220961231474
2024-04-21 19:00:00,43.7866856884346
2024-04-21 20:00:00,43.9223363003745
2024-04-21 21:00:00,43.6672691406976
2024-04-21 22:00:00,44.4430620630791
2024-04-21 23:00:00,44.1474176632385
2024-04-22 00:00:00,35.0847801144103
2024-04-22 00:00:01,43.4070149237763
2024-04-22 01:00:00,44.0127843636092
2024-04-22 02:00:00,43.4847862319766
2024-04-22 03:00:00,44.6631259385306
2024-04-22 04:00:00,
2024-04-22 05:00:00,43.5632227990507
2024-04-22 06:00:00,43.5475263854615
2024-04-22 07:00:00,43.5095910146414
2024-04-22 08:00:00,42.9846627654427
2024-04-22 10:00:00,41.2004927960994
2024-04-22 11:00:07,43.9747305352649
2024-04-22 12:00:07,43.7004020328094
2024-04-22 13:00:07,41.9547962583081
2024-04-22 14:00:07,43.9064859865224
2024-04-22 15:00:07,45.6345673884029
2024-04-22 16:00:07,42.9555550556174
2024-04-22 17:00:07,43.7716511468951
2024-04-22 18:00:07,42.2240720891753
2024-04-22 19:00:07,42.9329870826334
2024-04-22 20:00:07,42.725229274243
2024-04-22 21:00:07,43.1996370999496
2024-04-22 22:00:07,44.9711047661548
2024-04-22 23:00:07,43.985461495266
2024-04-23 00:00:00,29.4904938380017
2024-04-23 01:00:07,43.6393507712815
2024-04-23 02:00:07,42.4625789029447
2024-04-23 03:00:07,42.6957534742328
2024-04-23 04:00:07,44.2392370297853
2024-04-23 05:00:07,53.2996025819215
2024-04-23 06:00:07,42.2025902896554
2024-04-23 07:00:07,41.9008492143505
2024-04-23 08:00:07,44.509048164781
2024-04-23 09:00:07,41.0193620631423
2024-04-23 10:00:07,45.1372686882951
2024-04-23 11:00:07,44.1183149550872
2024-04-23 12:00:07,42.2656294372294
2024-04-23 13:00:07,43.5809742351165
2024-04-24 10:00:06,44.0285452301303
2024-04-24 11:00:06,43.1668169056974
2024-04-24 13:00:08,42.9724442027954
2024-04-24 14:00:08,41.1468925987631
2024-04-24 15:00:08,43.630779555592
2024-04-24 16:00:08,42.5248337316385
2024-04-24 17:00:08,44.797043361536
2024-04-24 18:00:08,42.5925151594147
2024-04-24 19:00:08,41.2286110292571
2024-04-24 20:00:08,43.461335594505
2024-04-24 21:00:08,45.3760589915187
2024-04-24 22:00:08,41.6539098702274
2024-04-24 23:00:08,44.4802996286863
2024-04-25 00:00:00,41.9599456775403
2024-04-25 01:00:08,43.5914491023189
2024-04-25 11:00:08,43.8778236719904
2024-04-25 12:00:08,43.7230223036563
2024-04-25 13:00:08,41.6114448246375
2024-04-25 14:00:08,43.2096517114566
2024-04-25 15:00:08,42.4506550581026
2024-04-25 16:00:08,43.4832662993387
2024-04-25 17:00:08,43.0253845465339
2024-04-25 18:00:08,43.820027488252
2024-04-25 19:00:08,43.0014911867393
2024-04-25 20:00:08,42.2840235993623
2024-04-25 21:00:08,42.4030532974641
2024-04-25 22:00:08,40.1159222577456
2024-04-25 23:00:08,44.8668355042465
2024-04-26 00:00:01,44.01745841007
2024-04-26 01:00:08,40.8452581403181
2024-04-26 02:00:08,43.6117294937844
2024-04-26 03:00:08,42.049128073065
2024-04-26 04:00:08,43.3017947117599
2024-04-26 05:00:08,41.6256556285147
2024-04-26 06:00:08,42.1949559890401
2024-04-26 07:00:08,42.7756792866299
2024-04-26 08:00:08,42.937032539466
2024-04-26 09:00:08,43.7353542655289
2024-04-26 10:00:08,43.5455768704022
2024-04-26 11:00:08,42.6566604940942
2024-04-26 12:00:08,43.5445930989929
2024-04-26 13:00:08,41.602538678459
2024-04-26 14:00:08,42.6764970301549
2024-04-26 15:00:08,43.753947601916
2024-04-26 16:00:08,42.5096570011922
2024-04-26 17:00:04,41.9622018977798
2024-04-26 18:00:04,43.5651524511859
2024-04-26 19:00:04,41.7938659399336
2024-04-26 20:00:04,43.9508294943943
2024-04-26 21:00:04,42.2319559169605
2024-04-26 22:00:04,43.337889855796
2024-04-26 23:00:04,41.1848716763457
2024-04-27 00:00:00,40.4748122748082
2024-04-27 01:00:04,42.8786157296742
2024-04-27 02:00:04,42.5418997104851
2024-04-27 03:00:04,41.4610763999342
2024-04-27 04:00:04,41.3057737755769
2024-04-27 05:00:04,43.9337869187992
2024-04-27 06:00:04,39.7111592737203
2024-04-27 07:00:04,40.7642544897045
2024-04-27 08:00:04,40.8549179836448
2024-04-27 09:00:04,41.6245242082071
2024-04-27 10:00:04,41.9049272383748
2024-04-27 11:00:04,41.7599351169966
2024-04-27 12:00:04,42.5907040448538
2024-04-27 13:00:04,43.5063303823113
2024-04-27 14:00:04,43.5055686931231
2024-04-27 15:00:04,41.4248446345379
2024-04-27 16:00:04,44.8088775182726
2024-04-27 17:00:04,42.1303501472561
2024-04-27 18:00:04,41.161989489811
2024-04-27 19:00:04,43.6878244808765
2024-04-27 20:00:04,42.4848839643496
2024-04-27 21:00:04,42.7903225807896
2024-04-27 22:00:04,42.2119899714532
2024-04-27 23:00:04,42.4112472040479
2024-04-28 00:00:01,41.6078142397122
2024-04-28 01:00:04,42.5617526697057
2024-04-28 02:00:04,40.7387747532463
2024-04-28 03:00:04,40.6844476876029
2024-04-28 04:00:04,42.0141607744873
2024-04-28 05:00:04,41.0829373018529
2024-04-28 06:00:04,41.4796855117448
2024-04-28 07:00:04,48.6076080545033
2024-04-28 08:00:04,42.2012084840662
2024-04-28 18:00:04,43.2892722678967
2024-04-28 19:00:04,43.113824448005
2024-04-28 20:00:04,42.7667695146119
2024-04-28 21:00:04,42.4279874690836
2024-04-28 22:00:04,42.2892019501873
2024-04-28 23:00:04,41.5822119732332
2024-04-29 00:00:00,42.5513230763147
2024-04-29 01:00:04,42.0311221978334
2024-04-29 02:00:04,53.5360614117911
2024-04-29 03:00:04,40.8799524004206
2024-04-29 04:00:04,40.4943804404679
2024-04-29 05:00:04,39.3708431149846
2024-04-29 06:00:04,42.1862843430254
2024-04-29 07:00:04,40.5074047352466
2024-04-29 08:00:04,40.1829847129295
2024-04-29 09:00:04,42.9615544213616
2024-04-29 10:00:04,41.4345024680765
2024-04-29 11:00:04,40.9415583896628
2024-04-29 12:00:04,39.6886454511708
2024-04-29 13:00:04,40.8032563425596
2024-04-29 14:00:04,41.8018481064976
2024-04-29 15:00:04,42.0962772800134
2024-05-14 21:00:08,41.8727478566006
2024-05-14 22:00:08,42.1368783172122
2024-05-14 23:00:08,40.9086552292033
2024-05-15 00:00:00,40.1233853230796
2024-05-15 01:00:08,40.8427965520533
2024-05-15 02:00:08,40.6883370909305
2024-05-15 03:00:08,41.5081769769398
2024-05-15 04:00:08,41.834779095942
2024-05-15 05:00:08,40.7310981180128
2024-05-15 11:00:08,40.5295475956342
2024-05-15 12:00:08,42.9420203913236
2024-05-15 13:00:08,41.3225682436459
2024-05-15 14:00:08,40.7376151369436
2024-05-15 15:00:08,43.5537079069188
2024-05-15 16:00:08,39.7687069432953
2024-05-15 17:00:08,41.1755729735301
2024-05-15 18:00:08,42.8008880830158
2024-05-15 19:00:08,41.1094378341609
2024-05-15 20:00:08,40.0125744323766
2024-05-15 21:00:08,42.525329042578
2024-05-15 22:00:08,40.5053041555876
2024-05-15 23:00:08,42.0916883321545
2024-05-16 00:00:00,39.1801642323091
2024-05-16 01:00:08,38.8214594585386
2024-05-16 02:00:08,39.7289249070825
2024-05-16 03:00:08,41.419031683872
2024-05-16 04:00:08,39.0089599846516
2024-05-16 05:00:08,39.5937456493136
2024-05-16 06:00:08,39.6261462800664
2024-05-16 07:00:08,40.6842730167667
2024-05-16 08:00:08,40.7274007936245
2024-05-16 10:00:08,41.0219528614856
2024-05-16 11:00:08,41.467060141696
2024-05-16 12:00:08,40.2664050285696
2024-05-16 13:00:08,38.6978233888114
2024-05-16 14:00:08,40.5607372873981
2024-05-16 15:00:08,38.461437478164
2024-05-16 16:00:08,41.2262639942694
2024-05-16 17:00:08,40.7401748993438
2024-05-16 18:00:08,41.7963395372979
2024-05-16 19:00:08,37.8235603085694
2024-05-16 20:00:08,40.8324966563669
2024-05-16 21:00:08,42.6722564224513
2024-05-16 22:00:08,41.8998312761075
2024-05-16 23:00:08,41.0325109315926
2024-05-17 00:00:00,40.1638328418183
2024-05-17 01:00:08,41.271445011468
2024-05-17 02:00:08,41.11637635652
2024-05-17 03:00:08,40.3324993619213
2024-05-17 04:00:08,41.5080800733019
2024-05-17 05:00:08,38.8638439738489
2024-05-17 06:00:08,39.5112411799449
2024-05-17 08:00:08,41.047683446116
2024-05-17 10:00:08,40.9203884413639
2024-05-17 22:00:08,41.7026350202002
2024-05-17 23:00:08,39.8089905646267
2024-05-18 00:00:00,39.7483710178337
2024-05-18 01:00:08,40.4656446112419
2024-05-18 02:00:08,40.9139343931331
2024-05-18 03:00:08,41.3281023978572
2024-05-18 04:00:08,39.9952493647058
2024-05-18 05:00:08,38.957959912252
2024-05-18 06:00:08,41.8496280983348
2024-05-18 07:00:08,38.8297618477147
2024-05-18 08:00:08,41.1893110078335
2024-05-18 09:00:08,39.4850911664525
2024-05-18 10:00:08,40.7752934794932
2024-05-18 11:00:08,40.2762544740945
2024-05-18 12:00:08,40.6723261819241
2024-05-18 13:00:08,41.3501329720018
2024-05-18 14:00:08,40.0422413900803
2024-05-18 15:00:08,40.4478472940395
2024-05-18 16:00:08,38.4588877479226
2024-05-18 17:00:08,40.7343626746156
2024-05-18 18:00:08,42.2067997552894
2024-05-18 19:00:08,41.5388348400166
2024-05-18 20:00:08,38.3207209020014
2024-05-18 21:00:08,38.8765575045644
2024-05-18 22:00:08,40.8506667385534
2024-05-18 23:00:08,41.188892726209
2024-05-19 00:00:01,40.7938266596851
2024-05-19 01:00:08,39.6664895459456
2024-05-19 02:00:08,39.7729737830661
2024-05-19 03:00:08,41.8695067624105
2024-05-19 04:00:08,40.9051291100765
2024-05-19 05:00:08,39.5581838957609
2024-05-19 06:00:08,40.8429050305511
2024-05-19 07:00:08,40.1590689977288
2024-05-19 08:00:08,38.6548951487063
2024-05-19 09:00:08,40.7942508359557
2024-05-19 10:00:08,40.5913466524576
2024-05-19 11:00:08,38.7761861708047
2024-05-19 12:00:08,39.0759295588118
2024-05-19 13:00:08,40.2643835611788
2024-05-19 14:00:08,40.6358695786285
2024-05-19 15:00:08,41.1681112798043
2024-05-19 16:00:08,42.2304119932756
2024-05-19 17:00:08,40.1692474478756
2024-05-19 18:00:08,41.6176155716573
2024-05-19 19:00:08,39.8379173175679
2024-05-19 20:00:08,39.6571476245062
2024-05-19 21:00:08,40.3126954439481
2024-05-19 22:00:08,38.7077505050384
2024-05-19 23:00:08,41.6199011316426
2024-05-20 00:00:00,40.2234794644653
2024-05-20 01:00:08,39.3742985078423
2024-05-20 02:00:08,39.4375363043259
2024-05-20 03:00:08,39.4661923948058
2024-05-20 04:00:08,40.5018935833582
2024-05-20 05:00:08,38.2091919732679
2024-05-20 06:00:08,39.4205252963339
2024-05-20 07:00:08,39.2248452659806
2024-05-20 08:00:08,40.0657264307917
2024-05-20 09:00:08,40.1180918209682
2024-05-20 10:00:08,39.9350013162869
2024-05-20 11:00:08,40.3473199032929
2024-05-20 12:00:08,39.259427003559
2024-05-20 13:00:08,40.4516121051155
2024-05-20 14:00:08,39.6959023514159
2024-05-20 15:00:08,41.0514800469513
2024-05-20 16:00:08,39.9443067423168
2024-05-20 17:00:08,39.8817043821234
2024-05-20 18:00:08,38.8269601678353
2024-05-20 19:00:08,38.7317690266597
2024-05-20 20:00:08,39.0096760750236
2024-05-20 21:00:08,39.016374134231
2024-05-20 22:00:08,39.2798388186895
2024-05-20 23:00:08,38.6009251955629
2024-05-21 00:00:01,38.4264002607269
2024-05-21 01:00:08,39.2384856393489
2024-05-21 02:00:08,40.7177334278637
2024-05-21 03:00:08,40.1284676644359
2024-05-21 04:00:08,39.9097204426024
2024-05-21 05:00:08,39.3910881503138
2024-05-21 06:00:08,39.0805062815693
2024-05-21 07:00:08,39.3498657443476
2024-05-21 08:00:08,39.074365367675
2024-05-21 09:00:08,38.722718100911
2024-05-21 10:00:08,39.2970083536788
2024-05-21 11:00:08,39.3169605257735
2024-05-21 12:00:08,39.9053608896829
2024-05-22 03:00:08,37.8903577504725
2024-05-22 04:00:08,39.3400015518
2024-05-22 05:00:08,36.2249785442201
2024-05-22 06:00:08,38.8569301829757
2024-05-22 07:00:08,37.96842458779
2024-05-22 08:00:08,47.6917931607749
2024-05-22 09:00:08,39.9997140035731
2024-05-22 10:00:08,36.7134437112693
2024-05-22 11:00:08,39.170711768641
2024-05-22 12:00:08,38.2359040789639
2024-05-22 13:00:08,36.903003762097
2024-05-22 14:00:08,37.9456441456032
2024-05-22 15:00:08,39.1770566689393
2024-05-22 16:00:08,39.9829498052523
2024-05-22 17:00:08,39.6900079699648
2024-05-22 18:00:08,28.646090817474
2024-05-22 19:00:08,39.6271792046139
2024-05-22 20:00:08,35.9408231567335
2024-05-22 21:00:08,38.6266986063086
2024-05-22 22:00:08,38.9107292525579
2024-05-22 23:00:08,38.8291998388081
2024-05-23 00:00:01,37.7970401018584
2024-05-23 01:00:08,38.0045693422124
2024-05-23 02:00:08,38.6522408430108
2024-05-23 03:00:08,39.5673340813003
2024-05-23 04:00:08,39.1532320665138
2024-05-23 05:00:08,38.0244547639546
2024-05-23 06:00:08,39.2350035382431
2024-05-23 07:00:08,38.1696815274786
2024-05-23 09:00:08,39.5208556041038
2024-05-23 10:00:08,38.6549521081711
2024-05-23 11:00:08,39.8569449452356
2024-05-23 12:00:08,38.7387751422438
2024-05-23 13:00:08,39.3546551616495
2024-05-23 14:00:08,38.2228987892451
2024-05-23 15:00:08,38.5267234984982
2024-05-23 16:00:08,38.1318567308969
2024-05-23 17:00:08,38.868778623065
2024-05-23 18:00:08,39.2554630340026
2024-05-23 19:00:08,36.8025286081535
2024-05-23 20:00:08,34.4378223509631
2024-05-23 21:00:08,38.1901161857475
2024-05-23 22:00:08,49.4138403642048
2024-05-23 23:00:08,37.4048410509655
2024-05-24 00:00:02,39.3108316566519
2024-05-24 01:00:08,37.807910077395
2024-05-24 02:00:08,38.6567654822856
2024-05-24 03:00:08,37.8268755752637
2024-05-24 04:00:08,36.6922207517582
2024-05-24 05:00:08,39.532096494559
2024-05-24 06:00:08,38.7033284964008
2024-05-24 07:00:08,39.6325125313612
2024-05-24 08:00:08,36.4564315721583
2024-05-24 09:00:08,36.6606102755394
2024-05-24 10:00:08,37.9089617219086
2024-05-24 11:00:08,36.735606843938
2024-05-24 12:00:08,39.6627262777875
2024-05-24 13:00:08,38.2325740137429
2024-05-24 14:00:08,38.471220950985
2024-05-24 15:00:08,36.7942876434562
2024-05-24 16:00:08,39.0561468365012
2024-05-24 17:00:08,40.2385360019581
2024-05-24 18:00:08,35.9886330808275
2024-05-24 19:00:08,38.6821048615675
2024-05-24 20:00:08,37.6107063231163
2024-05-24 21:00:08,36.6839214891854
2024-05-24 22:00:08,38.3816108143339
2024-05-24 23:00:08,39.5901764202974
2024-05-25 00:00:01,40.0669330227195
2024-05-25 01:00:08,36.74186875451
2024-05-25 02:00:08,38.2492721714212
2024-05-25 03:00:08,38.6346669943175
2024-05-25 04:00:08,37.9084361126488
2024-05-25 05:00:08,37.7220501671622
2024-05-25 06:00:08,39.083633516962
2024-05-25 07:00:08,39.5271571946953
2024-05-25 08:00:08,36.7059182586265
2024-05-25 09:00:08,37.8318988075744
2024-05-25 10:00:08,38.7000623942582
2024-05-25 11:00:08,39.5929104402927
2024-05-25 12:00:08,35.3046758464169
2024-05-25 13:00:08,36.7252617962956
2024-05-25 14:00:08,35.7701365651648
2024-05-25 15:00:08,39.3755615145056
2024-05-25 16:00:08,37.2626032899398
2024-05-25 17:00:08,38.2283567639736
2024-05-25 18:00:08,38.664966145724
2024-05-26 07:00:08,36.8578958938553
2024-05-26 11:00:08,36.6824189800924
2024-05-26 12:00:08,35.9640742151439
2024-05-26 13:00:08,39.0125469407405
2024-05-26 14:00:08,38.0256837464397
2024-05-26 15:00:08,36.5436090452251
2024-05-26 16:00:08,36.9387529029365
2024-05-26 17:00:08,38.1474408952939
2024-05-26 18:00:08,39.7540655161273
2024-05-26 19:00:08,37.7426720042929
2024-05-26 20:00:08,38.4097103930609
2024-05-26 21:00:08,37.0528032910677
2024-05-26 22:00:08,36.9410397392571
2024-05-26 23:00:08,38.4683528465941
2024-05-27 00:00:02,35.9550883899101
2024-05-27 01:00:08,39.2836819757805
2024-05-27 02:00:08,37.0210237615771
2024-05-27 03:00:08,36.9508376733464
2024-05-27 04:00:08,37.6623312850344
2024-05-27 05:00:08,36.0783875236194
2024-05-27 06:00:08,34.548962723599
2024-05-27 07:00:08,37.2900165395511
2024-05-27 08:00:08,36.8123864068677
2024-05-27 09:00:08,36.603984938587
2024-05-27 10:00:08,35.9834890229887
2024-05-27 11:00:08,36.9599695346472
2024-05-27 12:00:08,38.8837322742833
2024-05-27 13:00:08,37.8431888184129
2024-05-27 14:00:07,39.7768339676346
2024-05-27 15:00:07,36.8923074856552
2024-05-27 16:00:07,40.1621621416194
2024-05-27 17:00:07,38.708523197118
2024-05-27 18:00:07,38.8914786831084
2024-05-27 19:00:07,37.8603415023208
2024-05-27 20:00:07,37.2033552579895
2024-05-27 21:00:07,37.9406519529074
2024-05-27 22:00:07,36.398505350144
2024-05-27 23:00:07,37.8278804234142
2024-05-28 00:00:00,37.549538900889
2024-05-28 01:00:07,38.9551325106876
2024-05-28 02:00:07,36.2994661466211
2024-05-28 03:00:07,36.7034290409001
2024-05-28 04:00:07,37.078125866561
2024-05-28 05:00:07,37.981174107561
2024-05-28 06:00:07,39.0589084699163
2024-05-28 07:00:07,35.8493267018985
2024-05-28 08:00:07,37.1551583433637
2024-05-28 09:00:07,40.3584310651988
2024-05-28 10:00:07,35.4467690491153
2024-05-28 11:00:07,37.9087055581581
2024-05-28 12:00:07,39.0924159094866
2024-05-28 13:00:07,38.8951168970634
2024-05-28 14:00:07,35.499139796653
2024-05-28 15:00:07,37.388354323564
2024-05-28 16:00:07,38.3211249018673
2024-05-28 17:00:07,37.5711637836428
2024-05-28 18:00:07,36.093957201252
2024-05-28 19:00:07,
2024-05-28 20:00:07,
2024-05-28 21:00:07,37.000426460854
2024-05-28 22:00:07,38.3134839026227
2024-05-28 23:00:07,39.2204403077679
2024-05-29 00:00:01,38.6760805458641
2024-05-29 01:00:07,37.3134877791967
2024-05-29 02:00:07,38.6715764996136
2024-05-29 03:00:07,38.0563096804038
2024-05-29 04:00:07,36.2540699420963
2024-05-29 05:00:07,35.559958964673
2024-05-29 06:00:07,37.1574095423386
2024-05-29 07:00:07,36.9488701736151
2024-05-29 08:00:07,35.9132280871755
2024-05-29 09:00:07,35.5938695837131
2024-05-29 10:00:07,37.7259266891611
2024-05-29 11:00:05,38.1167398983
2024-05-29 12:00:05,39.2793373277297
2024-05-29 13:00:05,37.7259675481236
2024-05-29 14:00:05,36.4857601862337
2024-05-29 15:00:05,36.4526543920685
2024-05-29 16:00:05,37.7957869182627
2024-05-29 17:00:05,36.1399501146819
2024-05-29 18:00:05,36.5584145641683
2024-05-29 19:00:05,35.9878824756896
2024-05-30 08:00:05,37.1186670994592
2024-05-30 09:00:05,37.5556159558534
2024-05-30 10:00:05,36.6999024691173
2024-05-30 11:00:08,39.4801142520073
2024-05-30 12:00:08,37.1466260813333
2024-05-30 13:00:08,38.1625981209313
2024-05-30 14:00:08,37.0847464656478
2024-05-30 15:00:05,36.8819852935332
2024-05-30 16:00:05,35.9076033371173
2024-05-30 17:00:05,37.7643446351701
2024-05-30 18:00:05,35.3670349215796
2024-05-30 19:00:05,36.5621216800935
2024-05-30 20:00:05,35.7289489745186
2024-05-30 21:00:05,38.2932998757955
2024-05-30 22:00:05,38.4431306935744
2024-05-30 23:00:05,37.4132116377838
2024-05-31 01:00:05,35.5556127062875
2024-05-31 02:00:05,37.5007023322274
2024-05-31 03:00:05,38.4221413262341
2024-05-31 04:00:05,35.8447392756955
2024-05-31 05:00:05,36.5801069713985
2024-05-31 06:00:05,35.5025996951248
2024-05-31 07:00:05,37.2527829890909
2024-05-31 09:00:05,35.9322632755666
2024-05-31 10:00:05,36.1764193016454
2024-05-31 11:00:08,35.583601260765
2024-05-31 12:00:08,
2024-05-31 13:00:08,
2024-05-31 14:00:08,
2024-05-31 15:00:08,
2024-05-31 16:00:08,
2024-05-31 17:00:08,36.3666219290474
2024-05-31 18:00:08,39.1777261322663
2024-05-31 19:00:08,38.1730246757286
2024-05-31 20:00:08,36.6146062160621
2024-05-31 21:00:08,35.4307037476305
2024-05-31 22:00:08,37.3186637463429
2024-05-31 23:00:08,37.0047136156606
2024-06-01 00:00:01,39.1224337343338
2024-06-01 01:00:08,33.8250100954137
2024-06-01 02:00:08,36.0380711794934
2024-06-01 03:00:08,36.6734082453043
2024-06-01 04:00:08,36.7383137920915
2024-06-01 05:00:08,33.5023661262709
2024-06-01 06:00:08,37.9872692207108
2024-06-01 07:00:08,37.5613606643374
2024-06-01 08:00:08,33.2957139498631
2024-06-01 09:00:08,33.8279933480303
2024-06-03 11:00:07,35.6924136995742
2024-06-03 12:00:07,35.3228545386497
2024-06-03 13:00:07,36.5932140562823
2024-06-03 14:00:07,35.3871364015767
2024-06-03 15:00:07,38.9434250781986
2024-06-03 16:00:07,36.2441993529155
2024-06-03 17:00:07,35.0324348577987
2024-06-03 18:00:07,38.61134450196
2024-06-03 19:00:07,36.4312072613682
2024-06-03 20:00:07,33.8207570117781
2024-06-03 21:00:07,33.3482194715447
2024-06-03 22:00:07,35.9106612750356
2024-06-03 23:00:07,34.8638370519492
2024-06-04 00:00:00,32.4358817840037
2024-06-04 01:00:07,40.6857891869963
2024-06-04 02:00:07,37.1792004674217
2024-06-04 03:00:07,36.3642703502524
2024-06-04 04:00:07,37.5733931658401
2024-06-04 05:00:07,34.0465149122335
2024-06-04 06:00:07,39.3867581909006
2024-06-04 07:00:07,37.3344769326566
2024-06-04 08:00:07,36.0103011893428
2024-06-04 09:00:07,39.1995969510735
2024-06-04 10:00:05,37.9685856296139
2024-06-04 11:00:05,35.1057993218946
2024-06-04 12:00:05,37.8415423295323
2024-06-04 13:00:05,35.6874903332714
2024-06-04 14:00:05,36.6485228258245
2024-06-04 15:00:05,35.6882166426755
2024-06-04 16:00:05,36.0090185828029
2024-06-04 17:00:05,35.2832052300432
2024-06-04 18:00:05,34.8112031655557
2024-06-04 19:00:05,33.9999189936285
2024-06-04 20:00:05,39.4269520181924
2024-06-04 21:00:05,43.481325692919
2024-06-04 22:00:05,37.3881541266256
2024-06-04 23:00:05,36.6107486492767
2024-06-05 00:00:00,36.3700266245968
2024-06-05 01:00:05,35.0750035832285
2024-06-05 02:00:05,35.273125690794
2024-06-05 03:00:05,37.572341102052
2024-06-05 04:00:05,34.3732266358466
2024-06-05 05:00:05,35.6202494568505
2024-06-05 06:00:05,37.4132714118407
2024-06-05 07:00:05,37.2960607140088
2024-06-05 08:00:05,35.904425505283
2024-06-05 09:00:05,36.6669404852866
2024-06-05 11:00:05,30.490209042044
2024-06-05 12:00:05,37.9462906168198
2024-06-05 13:00:05,35.4373603983981
2024-06-05 14:00:05,35.5691580790306
2024-06-05 15:00:05,38.1080354404834
2024-06-05 16:00:05,37.2377739720148
2024-06-05 17:00:05,36.9475206644594
2024-06-05 18:00:05,34.0187787435566
2024-06-05 19:00:05,34.6744879999181
2024-06-05 20:00:05,36.0946910836603
2024-06-05 21:00:05,40.9737062961275
2024-06-05 22:00:05,32.5901580131367
2024-06-05 23:00:05,38.1851434626966
2024-06-06 00:00:00,
2024-06-06 01:00:05,
2024-06-06 02:00:05,
2024-06-06 03:00:05,
2024-06-06 04:00:05,
2024-06-06 05:00:05,
2024-06-06 06:00:05,
2024-06-06 07:00:05,
2024-06-06 08:00:05,
2024-06-06 09:00:05,
2024-06-06 10:00:05,
2024-06-06 11:00:05,
2024-06-06 12:00:05,
2024-06-06 13:00:05,
2024-06-06 14:00:05,
2024-06-06 15:00:05,
2024-06-06 16:00:05,
2024-06-06 17:00:05,
2024-06-06 18:00:05,
2024-06-06 19:00:05,
2024-06-06 20:00:05,
2024-06-06 21:00:05,
2024-06-06 22:00:05,
2024-06-06 23:00:05,
2024-06-07 00:00:00,61.9562714410179
2024-06-07 01:00:05,63.7587349542109
2024-06-07 02:00:05,60.7577459984413
2024-06-07 03:00:05,60.412074476339
2024-06-07 04:00:05,60.5907946770016
2024-06-07 05:00:05,60.5248904790931
2024-06-07 15:00:05,62.1441518765972
2024-06-07 16:00:05,61.9850600283471
2024-06-07 17:00:05,62.2446059917068
2024-06-07 18:00:05,61.1388934238937
2024-06-07 19:00:05,
2024-06-07 20:00:05,
2024-06-07 21:00:05,
2024-06-07 22:00:05,60.5336845572809
2024-06-07 23:00:05,62.5790626341951
2024-06-08 00:00:01,62.0880593561628
2024-06-08 01:00:05,61.780902460055
2024-06-08 02:00:05,63.8249665851904
2024-06-08 03:00:05,61.3998975259227
2024-06-08 04:00:05,59.9376406370693
2024-06-08 05:00:05,62.2938636575513
2024-06-08 06:00:05,61.0560333188922
2024-06-08 07:00:05,61.7079974639879
2024-06-08 08:00:05,62.3846704731883
2024-06-08 09:00:05,60.1321478315711
2024-06-08 10:00:05,61.4026322850908
2024-06-08 11:00:05,62.1639423795407
2024-06-08 12:00:05,59.8131249080201
2024-06-08 13:00:05,60.8489198357551
2024-06-08 14:00:05,63.6512991319984
2024-06-08 15:00:05,61.4710376778696
2024-06-08 16:00:05,61.1639632896737
2024-06-08 17:00:05,61.888834676176
2024-06-08 18:00:05,62.4755330777021
2024-06-08 19:00:05,62.6235928456621
2024-06-08 20:00:05,60.3799512908556
2024-06-08 21:00:05,61.0628157843692
2024-06-08 22:00:05,58.7441506415893
2024-06-08 23:00:05,61.0266575907865
2024-06-09 00:00:01,63.7091735037556
2024-06-09 01:00:05,61.0951605373438
2024-06-09 02:00:05,63.0257634904754
2024-06-09 03:00:05,61.2455389829248
2024-06-09 04:00:05,63.7375516476655
2024-06-09 05:00:05,61.7016764618533
2024-06-09 06:00:05,62.7078980648359
2024-06-09 07:00:05,60.4861361587937
2024-06-09 08:00:05,61.7419076560358
2024-06-09 09:00:05,61.6344889231269
2024-06-09 10:00:05,60.7360253757232
2024-06-09 11:00:05,61.2507047463729
2024-06-09 12:00:05,59.9180181820303
2024-06-09 13:00:05,61.8266568261829
2024-06-09 14:00:05,60.8470424485237
2024-06-09 15:00:05,59.9639785259006
2024-06-09 16:00:05,62.285658347775
2024-06-09 17:00:05,61.4168769635484
2024-06-09 18:00:05,61.2088185687756
2024-06-09 19:00:05,61.8293447087793
2024-06-09 20:00:05,62.7218247281188
2024-06-09 21:00:05,57.7588526065754
2024-06-09 22:00:05,62.8739131867433
2024-06-09 23:00:05,61.1193075799477
2024-06-10 00:00:02,64.6660272317906
2024-06-10 01:00:05,56.8128941451267
2024-06-10 02:00:05,63.9372571809504
2024-06-10 03:00:05,58.8436782919628
2024-06-10 04:00:05,64.3956741298576
2024-06-10 06:00:05,61.5337651939474
2024-06-10 07:00:05,62.7364039231363
2024-06-10 08:00:05,64.8982246866307
2024-06-10 09:00:05,61.5231895673227
2024-06-10 10:00:05,63.2399541812926
2024-06-10 11:00:05,59.0867595513336
2024-06-10 12:00:05,64.8450505206939
2024-06-10 13:00:05,58.8796275433177
2024-06-10 14:00:05,58.6177226801109
2024-06-10 15:00:05,58.5955573130226
2024-06-10 16:00:05,62.364736466305
2024-06-10 17:00:05,66.0897016523595
2024-06-10 18:00:05,59.4690498448781
2024-06-10 19:00:05,61.4398034893752
2024-06-10 20:00:05,62.2630196434895
2024-06-10 21:00:05,64.8507008137689
2024-06-10 22:00:05,60.663970043167
2024-06-10 23:00:05,60.2403434662394
2024-06-11 00:00:02,62.8062042363967
2024-06-11 01:00:05,59.3531478274192
2024-06-11 02:00:05,65.8936183965307
2024-06-11 03:00:05,63.949001647458
2024-06-11 04:00:05,60.258895883237
2024-06-11 05:00:05,61.7509359813916
2024-06-11 06:00:05,62.5001508860256
2024-06-11 07:00:05,64.6575252186926
2024-06-11 20:00:05,59.1794503343478
2024-06-11 21:00:05,62.863060908798
2024-06-11 22:00:05,57.2003412337217
2024-06-11 23:00:05,62.7073987321785
2024-06-12 00:00:01,62.4885073149862
2024-06-12 01:00:05,60.535413185741
2024-06-12 02:00:05,59.4695929414114
2024-06-12 03:00:05,61.2495147886055
2024-06-12 04:00:05,63.4846729955568
2024-06-12 05:00:05,60.3914424131365
2024-06-12 06:00:05,64.4607573051938
2024-06-12 07:00:05,61.5388259995731
2024-06-12 09:00:05,62.1590081786383
2024-06-12 10:00:05,59.1994837946948
2024-06-12 11:00:05,63.6603964163569
2024-06-12 12:00:05,61.5199275480376
2024-06-12 13:00:05,60.8972199195342
2024-06-12 14:00:05,62.0627183886964
2024-06-12 15:00:05,63.840736123549
2024-06-12 16:00:05,64.0925640869267
2024-06-12 17:00:05,59.9467841765299
2024-06-12 18:00:05,61.4996286442381
2024-06-12 19:00:05,58.384699899662
2024-06-12 20:00:05,59.781132874442
2024-06-12 21:00:05,62.0243865387389
2024-06-12 22:00:05,57.1549501394632
2024-06-12 23:00:05,63.5198357936358
2024-06-13 00:00:01,59.8595645155486
2024-06-13 01:00:05,60.5712938964617
2024-06-13 02:00:05,60.6065863301721
2024-06-13 03:00:05,60.8850802756406
2024-06-13 04:00:05,60.6703313586691
2024-06-13 05:00:05,62.0207124601984
2024-06-13 06:00:05,62.9533351896147
2024-06-13 07:00:05,63.0304693556543
2024-06-13 08:00:05,57.2942973930366
2024-06-13 09:00:05,64.744366068443
2024-06-13 11:00:05,62.1456847186327
2024-06-13 12:00:05,61.6982132454363
2024-06-13 13:00:05,60.1699975743879
2024-06-13 14:00:05,60.9221845147701
2024-06-13 15:00:05,58.3164640780874
2024-06-13 16:00:05,62.358299657402
2024-06-13 17:00:05,62.668556779297
2024-06-13 18:00:05,59.2901113973841
2024-06-13 19:00:05,62.3179126307506
2024-06-13 20:00:05,61.8932867072399
2024-06-13 21:00:05,60.1718266927802
2024-06-13 22:00:05,61.110909787856
2024-06-13 23:00:05,65.7229865779808
2024-06-14 00:00:02,64.9680468538204
2024-06-14 01:00:05,65.0645039408084
2024-06-14 02:00:05,60.9193964984445
2024-06-14 03:00:05,60.2991025466758
2024-06-14 04:00:05,62.6085692546365
2024-06-14 05:00:05,61.0755577645546
2024-06-14 06:00:05,58.6067403654525
2024-06-14 07:00:05,66.2410699406843
2024-06-14 08:00:05,63.7584676872957
2024-06-14 09:00:05,60.626366727734
2024-06-14 10:00:05,59.8066898624785
2024-06-14 11:00:05,56.8862758373034
2024-06-14 12:00:05,61.7506399018819
2024-06-14 13:00:05,60.9267516744827
2024-06-14 14:00:05,58.8580589243139
2024-06-14 15:00:05,62.9967279143577
2024-06-14 16:00:05,57.6877453010098
2024-06-14 17:00:05,61.5010659795858
2024-06-14 18:00:05,61.7504340239136
2024-06-14 19:00:05,59.2197946505627
2024-06-14 20:00:05,58.4025083909425
2024-06-14 21:00:05,65.4405765200306
2024-06-14 22:00:05,59.0769996249487
2024-06-14 23:00:05,61.8526079916668
2024-06-15 00:00:02,64.0036831451595
2024-06-15 01:00:05,62.889793146881
2024-06-15 02:00:05,60.2418309472272
2024-06-15 03:00:05,61.0712018685511
2024-06-15 04:00:05,
2024-06-15 05:00:05,
2024-06-15 06:00:05,
2024-06-15 07:00:05,
2024-06-15 08:00:05,
2024-06-15 10:00:05,58.1784797531728
2024-06-15 11:00:05,60.7772802495489
2024-06-15 12:00:05,61.9788304915333
2024-06-16 00:00:02,60.5253306518476
2024-06-16 01:00:05,59.7727811065559
2024-06-16 02:00:05,61.5153136655696
2024-06-16 03:00:05,61.8833720132289
2024-06-16 04:00:05,61.7408532703712
2024-06-16 05:00:05,65.6237516442515
2024-06-16 06:00:05,58.5910683436203
2024-06-16 07:00:05,64.4247746324693
2024-06-16 08:00:05,61.2448149685411
2024-06-16 09:00:05,61.132912654634
2024-06-16 10:00:05,60.1105515865218
2024-06-16 11:00:05,60.8962100368851
2024-06-16 12:00:05,60.8754899465727
2024-06-16 13:00:05,62.2135509501461
2024-06-16 14:00:05,61.350808497855
2024-06-16 15:00:05,57.715601159429
2024-06-16 16:00:05,67.0011027117879
2024-06-16 17:00:05,61.5170989343908
2024-06-16 18:00:05,60.662058225071
2024-06-16 19:00:05,60.3307805809311
2024-06-16 20:00:05,60.4640260708696
2024-06-16 21:00:05,51.1350668134187
2024-06-16 22:00:05,59.5527447060817
2024-06-16 23:00:05,61.2982513691747
2024-06-17 01:00:05,64.3008463785805
2024-06-17 02:00:05,57.2886928731841
2024-06-17 03:00:05,58.8794790097585
2024-06-17 04:00:05,61.3930774826906
2024-06-17 05:00:05,64.53049453313
2024-06-17 06:00:05,61.3709706488101
2024-06-17 07:00:05,
2024-06-17 08:00:05,
2024-06-17 09:00:05,
2024-06-17 10:00:05,61.5594748087902
2024-06-17 11:00:05,65.0987402057095
2024-06-17 12:00:05,64.2649945503284
2024-06-17 13:00:05,59.8960931202398
2024-06-17 14:00:05,61.969622804916
2024-06-17 15:00:05,61.9021365801008
2024-06-17 16:00:05,62.2987427182097
2024-06-17 17:00:05,59.4069794220463
2024-06-17 18:00:05,60.4605293706767
2024-06-17 19:00:05,56.8488781503314
2024-06-17 20:00:05,61.2527033896482
2024-06-17 21:00:05,61.0303307944367
2024-06-17 22:00:05,58.9408869051019
2024-06-17 23:00:05,58.6455673985168
2024-06-18 00:00:02,63.727456793164
2024-06-18 01:00:05,61.6473644668185
2024-06-18 02:00:05,59.0331344657318
2024-06-18 03:00:05,58.0610068578007
2024-06-18 04:00:05,58.8712211999438
2024-06-18 05:00:05,
2024-06-18 07:00:05,
2024-06-18 08:00:05,61.6938256066659
2024-06-18 09:00:05,59.463483212928
2024-06-18 10:00:05,59.6918966337172
2024-06-18 11:00:05,57.2966526102157
2024-06-18 12:00:05,59.2348199217405
2024-06-18 13:00:05,60.7759487072328
2024-06-19 11:00:05,60.3488029493728
2024-06-19 12:00:05,65.0312463245807
2024-06-19 13:00:05,55.9524504701127
2024-06-19 14:00:05,60.5479372637885
2024-06-19 15:00:05,56.4187015775739
2024-06-19 16:00:05,62.3069953852883
2024-06-20 05:00:05,62.3001221601365
2024-06-20 06:00:05,58.3833898584435
2024-06-20 07:00:05,64.8912785582497
2024-06-20 08:00:05,64.1569274137448
2024-06-20 09:00:05,59.1227624470832
2024-06-20 10:00:05,58.8935745114027
2024-06-20 11:00:05,60.9865551057225
2024-06-20 12:00:05,55.6556045677773
2024-06-20 13:00:05,58.1978669701988
2024-06-20 14:00:05,64.1591144645661
2024-06-20 15:00:05,62.5947195057829
2024-06-20 16:00:05,60.5076852323141
2024-06-20 17:00:05,61.0470044825204
2024-06-20 18:00:05,58.8518887565676
2024-06-20 19:00:05,61.4770190692117
2024-06-20 20:00:05,58.8617145870731
2024-06-20 21:00:05,63.5042561062774
2024-06-20 22:00:05,60.3422844776308
2024-06-20 23:00:05,62.395323354826
2024-06-21 00:00:00,59.2197142938361
2024-06-21 01:00:05,64.0759910695413
2024-06-21 02:00:05,61.73956307087
2024-06-21 03:00:05,61.0826694895247
2024-06-21 04:00:05,59.0355354436139
2024-06-21 05:00:05,60.657604557823
2024-06-21 06:00:05,59.4924495048892
2024-06-21 07:00:05,58.2255769643429
2024-06-21 08:00:05,63.8289330289968
2024-06-21 09:00:05,54.9547359615279
2024-06-21 10:00:05,63.0362502201833
2024-06-21 11:00:05,60.8848357264491
2024-06-21 12:00:05,60.3367240875722
2024-06-21 13:00:05,63.1862648487883
2024-06-21 14:00:05,61.8061036800729
2024-06-21 15:00:05,60.8858490539517
2024-06-21 16:00:05,64.0156900717682
2024-06-21 17:00:05,63.0293594922664
2024-06-21 18:00:05,61.3196730989047
2024-06-21 19:00:05,61.5818509403524
2024-06-21 20:00:05,60.4768074451811
2024-06-21 21:00:05,58.9175979343221
2024-06-21 22:00:05,61.8887298597655
2024-06-21 23:00:05,61.6299199906497
2024-06-22 00:00:00,59.9463390116756
2024-06-22 01:00:05,62.6530059616649
2024-06-22 02:00:05,60.9316789472452
2024-06-22 03:00:05,60.5247269596693
2024-06-22 04:00:05,56.5364411887876
2024-06-22 05:00:05,62.6519045810391
2024-06-22 06:00:05,59.880820297529
2024-06-22 07:00:05,63.3590561452154
2024-06-22 08:00:05,62.6837538037852
2024-06-22 09:00:05,55.9200549685073
2024-06-22 11:00:05,57.8955880060464
2024-06-22 12:00:05,65.37709225775
2024-06-22 13:00:05,60.9748477619784
2024-06-22 14:00:05,58.5437741919658
2024-06-22 15:00:05,62.2243470117703
2024-06-22 16:00:05,63.0807707968931
2024-06-22 17:00:05,63.1844848189435
2024-06-22 18:00:05,65.6105738551993
2024-06-22 19:00:05,57.2523180660243
2024-06-22 20:00:05,61.8255259146259
2024-06-22 21:00:05,61.405290951495
2024-06-22 22:00:05,59.9976260513952
2024-06-22 23:00:05,59.2346644263824
2024-06-23 00:00:00,54.7806329943205
2024-06-23 01:00:05,60.4965085886693
2024-06-23 02:00:05,59.1936792153593
2024-06-23 03:00:05,59.4423028530049
2024-06-23 04:00:05,64.0399255346723
2024-06-23 05:00:05,60.3765392230294
2024-06-23 06:00:05,60.5831920066793
2024-06-23 07:00:05,62.2346356457396
2024-06-23 08:00:05,60.2189823513584
2024-06-23 09:00:05,63.3790189675928
2024-06-23 10:00:05,60.5292143799779
2024-06-23 11:00:05,59.5088934646117
2024-06-23 12:00:05,65.0056584466427
2024-06-23 13:00:05,57.1666830154204
2024-06-23 14:00:05,63.3743545290261
2024-06-23 15:00:05,
2024-06-23 16:00:05,
2024-06-23 17:00:05,
2024-06-23 18:00:05,
2024-06-24 05:00:05,61.8029553934936
2024-06-24 06:00:05,61.5003755931872
2024-06-24 07:00:05,58.7620931181899
2024-06-24 08:00:05,61.1607530105892
2024-06-24 09:00:05,55.9319698169113
2024-06-25 08:00:05,55.9438409377835
2024-06-25 09:00:05,62.1635565355689
2024-06-25 11:00:05,61.348560136719
2024-06-25 12:00:05,59.0347114097798
2024-06-25 13:00:05,60.1952775250045
2024-06-25 14:00:05,60.2679404208117
2024-06-25 15:00:05,58.7599992114116
2024-06-25 16:00:05,64.3564607029376
2024-06-25 17:00:05,61.002779697053
2024-06-25 18:00:05,59.7567913962138
2024-06-25 19:00:05,59.7349991947876
2024-06-25 20:00:05,59.0058028049465
2024-06-25 21:00:05,62.1087763561618
2024-06-25 22:00:05,59.0793520251408
2024-06-25 23:00:05,62.1235832537536
2024-06-26 00:00:00,60.7513393706512
2024-06-26 01:00:05,62.807679388862
2024-06-26 02:00:05,50.4994797914465
2024-06-26 03:00:05,62.7634476943558
2024-06-26 04:00:05,61.8375282368568
2024-06-26 05:00:05,58.4467729421386
2024-06-26 06:00:05,57.2077123918579
2024-06-26 07:00:05,59.3935904769209
2024-06-26 08:00:05,64.0968275499328
2024-06-26 09:00:05,58.833545537635
2024-06-26 10:00:05,60.0407297897117
2024-06-26 11:00:05,59.7034200016495
2024-06-26 12:00:05,65.9825843425227
2024-06-26 13:00:05,61.0871812662287
2024-06-26 14:00:05,62.278202876931
2024-06-26 15:00:05,57.9332745293198
2024-06-26 16:00:05,62.3948928322401
2024-06-26 17:00:05,61.3714221311749
2024-06-26 18:00:05,58.5968939620163
2024-06-26 19:00:05,63.3690696762291
2024-06-26 20:00:05,55.7910536278432
2024-06-26 21:00:05,60.7800524269316
2024-06-26 22:00:05,61.7499632114505
2024-06-26 23:00:05,62.3186655965379
2024-06-27 00:00:01,60.3516133598222
2024-06-27 01:00:05,63.0497198625896
2024-06-27 02:00:05,59.9638013945119
2024-06-27 03:00:05,61.895263224174
2024-06-27 04:00:05,63.0054277183275
2024-06-27 05:00:05,57.365974211549
2024-06-27 06:00:05,61.203202837891
2024-06-27 07:00:05,62.2570250274751
2024-06-27 08:00:05,57.5464651309718
2024-06-27 09:00:05,61.1043411334249
2024-06-27 10:00:05,62.3434755505247
2024-06-27 11:00:05,61.1879556494795
2024-06-27 12:00:05,58.7391097552912
2024-06-27 13:00:05,58.0076278397861
2024-06-27 14:00:05,59.3143546803977
2024-06-27 15:00:05,60.2136432496302
2024-06-27 16:00:05,60.4351677889154
2024-06-27 17:00:05,63.0135079858938
2024-06-27 18:00:05,61.5982238226683
2024-06-27 19:00:05,62.3484426648333
2024-06-27 20:00:05,57.9590848008652
2024-06-27 21:00:05,63.9282729391322
2024-06-27 23:00:05,59.8948541610004
2024-06-28 01:00:05,57.0448122771374
2024-06-28 11:00:05,61.8551035469115
2024-06-28 12:00:05,59.4620135751921
2024-06-28 13:00:05,69.3943136492459
2024-06-28 14:00:05,59.4508372814623
2024-06-28 15:00:05,60.1907439627883
2024-06-28 16:00:05,61.2107340274472
2024-06-28 17:00:05,61.4173724303516
2024-06-28 18:00:05,62.1259220260878
2024-06-28 19:00:05,61.509541330829
2024-06-28 20:00:05,63.6769651751902
2024-06-28 21:00:05,60.2643283234572
2024-06-28 22:00:05,62.3671344595304
2024-06-28 23:00:05,67.8410524977138
2024-06-29 00:00:01,57.8731696085851
2024-06-29 01:00:05,60.8939486282471
2024-06-29 02:00:05,61.95226236553
2024-06-29 03:00:05,56.3860919761331
2024-06-29 04:00:05,60.3307354679157
2024-06-29 05:00:05,54.5019010564735
2024-06-29 06:00:05,62.6913077253541
2024-06-29 07:00:05,58.3516417393457
2024-06-29 08:00:05,64.8123869401638
2024-06-29 09:00:05,65.7398271239764
2024-06-29 10:00:05,61.7446977836234
2024-06-29 11:00:05,60.6827450886573
2024-06-29 12:00:05,63.0156453736475
2024-06-29 13:00:05,57.9731395035323
2024-06-29 14:00:05,61.0772236740401
2024-06-29 15:00:05,61.9537592609903
2024-06-29 16:00:05,59.7041330653647
2024-06-29 17:00:05,60.6285128491376
2024-06-29 18:00:05,60.6809811581568
2024-06-29 19:00:05,58.6496422908659
2024-06-29 20:00:05,59.3848913007336
2024-06-29 21:00:05,57.4810772260882
2024-06-29 22:00:05,58.3185331811727
2024-06-29 23:00:05,60.2329896991319
2024-06-30 00:00:01,60.1255257737204
2024-06-30 01:00:05,59.4164765174781
2024-06-30 02:00:05,59.4271146008979
2024-06-30 03:00:05,58.9847859322166
2024-06-30 04:00:05,62.8556912506218
2024-06-30 05:00:05,60.5474625678403
2024-06-30 06:00:05,58.6422804839982
2024-06-30 07:00:05,60.413255318827
2024-06-30 08:00:05,61.050344313815
2024-06-30 10:00:05,61.5294507538812
2024-06-30 11:00:05,57.7169094935011
2024-06-30 12:00:05,61.5625885798223
2024-06-30 13:00:05,58.1688076050545
2024-06-30 14:00:05,64.7461755635778
2024-06-30 15:00:05,60.2325965367278
2024-06-30 16:00:05,62.6916728244141
2024-06-30 17:00:05,63.12970171275
2024-06-30 18:00:05,60.176610674705
2024-06-30 19:00:05,59.7948199153662
2024-06-30 20:00:05,59.765534365188
2024-06-30 21:00:05,62.3360280107067
2024-06-30 22:00:05,60.9504264252637
2024-06-30 23:00:05,63.1127575342988
2024-07-01 00:00:00,63.5987956567419
2024-07-01 01:00:05,62.416357939721
2024-07-01 02:00:05,55.8742655777322
2024-07-01 03:00:05,59.5387673565166
2024-07-01 04:00:05,60.1450001278581
2024-07-01 05:00:05,59.5310862181552
2024-07-01 06:00:05,60.5918772799876
2024-07-01 07:00:05,59.828918722352
2024-07-01 08:00:05,62.6497024914911
2024-07-01 09:00:05,62.1186133118344
2024-07-01 11:00:03,60.6625277412936
2024-07-01 12:00:03,63.0893880536166
2024-07-01 13:00:03,62.4103117716018
2024-07-01 14:00:03,57.3290251401366
2024-07-01 15:00:03,61.0572094322003
2024-07-01 16:00:03,58.9577416097532
2024-07-01 17:00:03,58.5284490502348
2024-07-01 18:00:03,61.6567675884814
2024-07-01 19:00:03,65.6506478514241
2024-07-01 20:00:03,66.1314676191767
2024-07-01 21:00:03,59.1949476726875
2024-07-01 22:00:03,61.3758131711549
2024-07-01 23:00:03,63.9974625674508
2024-07-02 00:00:00,58.4097357004233
2024-07-02 01:00:03,59.8137228825719
2024-07-02 02:00:03,64.1508654156661
2024-07-02 03:00:03,53.3456562089815
2024-07-02 14:00:03,58.7197669835913
2024-07-02 16:00:03,56.7374071713348
2024-07-02 17:00:03,55.21403376734
2024-07-02 18:00:03,59.3224634235579
2024-07-02 19:00:03,62.0311356283476
2024-07-02 20:00:03,56.1108016317661
2024-07-02 21:00:03,60.2067739622943
2024-07-02 22:00:03,58.5668643286174
2024-07-02 23:00:03,61.0842478777581
2024-07-03 00:00:01,63.6610820449355
2024-07-03 01:00:03,59.2532848776494
2024-07-03 02:00:03,59.9253834821128
2024-07-03 03:00:03,56.0956570396671
2024-07-03 04:00:03,60.7855850169224
2024-07-03 05:00:03,61.2172623229686
2024-07-03 06:00:03,60.1093832114271
2024-07-03 07:00:03,63.1092916624112
2024-07-03 08:00:03,61.2128038691897
2024-07-03 09:00:03,63.7865881434172
2024-07-03 10:00:03,
2024-07-03 11:00:03,55.2563143054884
2024-07-03 12:00:03,59.539827782154
2024-07-03 13:00:03,65.5193014146237
2024-07-03 14:00:03,63.1009505680792
2024-07-03 15:00:03,61.0791511911977
2024-07-03 16:00:03,58.7841443334049
2024-07-03 17:00:03,58.1169717586961
2024-07-03 18:00:03,56.5689946784018
2024-07-03 19:00:03,59.9904208260089
2024-07-03 20:00:03,58.8136095421661
2024-07-03 21:00:03,56.7029204443205
2024-07-03 22:00:03,60.3459409831056
2024-07-03 23:00:03,63.6580505198605
2024-07-04 00:00:00,57.2507073101392
2024-07-04 01:00:03,58.6140317882156
2024-07-04 02:00:03,54.7999796215276
2024-07-04 03:00:03,62.1576664948593
2024-07-04 04:00:03,61.6001738957656
2024-07-04 05:00:03,60.3081782447438
2024-07-04 07:00:03,61.4845382885147
2024-07-04 08:00:03,59.3384905877813
2024-07-04 09:00:03,59.127458087112
2024-07-04 10:00:03,57.2100534724654
2024-07-04 11:00:03,57.0978765987956
2024-07-04 12:00:03,61.6186786142245
2024-07-04 13:00:03,60.5686517066231
2024-07-04 14:00:03,63.146473795866
2024-07-04 15:00:03,59.5067867671747
2024-07-04 16:00:03,58.1581183728211
2024-07-04 17:00:03,58.7518226416703
2024-07-04 18:00:03,59.8239852361253
2024-07-05 00:00:03,59.2484475656106
2024-07-05 06:00:03,62.0420501759746
2024-07-05 12:00:03,63.208647925777
2024-07-05 18:00:03,62.0015244683305
2024-07-06 00:00:03,64.1950760308928
2024-07-06 06:00:03,59.3719225838308
2024-07-06 12:00:03,61.4919995974276
2024-07-06 18:00:03,58.712920580383
2024-07-07 00:00:03,58.5055666036629
2024-07-07 06:00:03,54.4076482586675
2024-07-07 12:00:03,60.3624910142068
2024-07-07 18:00:03,59.1309534139805
2024-07-08 00:00:03,59.2084160919496
2024-07-08 06:00:03,62.6962521724123
2024-07-08 12:00:03,57.2927930414971
2024-07-08 18:00:03,59.1908273770242
2024-07-09 00:00:03,57.2713751996198
2024-07-09 06:00:03,59.1604917062019
2024-07-09 12:00:03,57.4388710141297
2024-07-09 18:00:03,59.5246826230325
2024-07-10 00:00:03,61.3448672014936
2024-07-10 06:00:03,59.1729069249328
2024-07-10 12:00:03,64.0163839814479
2024-07-10 18:00:03,57.9521287332479
2024-07-11 00:00:03,58.9108049155732
2024-07-11 06:00:03,63.5092705268678
2024-07-11 12:00:03,58.6472857296001
2024-07-11 18:00:03,59.2802890137902
2024-07-12 00:00:03,58.6191206558048
2024-07-12 06:00:03,55.2393258265719
2024-07-12 12:00:03,59.9106647485595
2024-07-12 18:00:03,57.090825443864
2024-07-13 00:00:03,62.8279193281573
2024-07-13 06:00:03,61.4008883613498
2024-07-13 12:00:03,63.5129164080825
2024-07-13 18:00:03,57.5389324493343
2024-07-14 00:00:03,60.9168995524161
2024-07-14 06:00:03,59.4494459662933
2024-07-14 12:00:03,62.9707768470136
2024-07-14 18:00:03,61.3029675687638
2024-07-15 00:00:03,62.4040632284797
2024-07-15 06:00:03,58.8065843879819
2024-07-15 12:00:03,55.802861943463
2024-07-15 18:00:03,49.9574461295746
2024-07-16 00:00:03,
2024-07-16 06:00:03,
2024-07-16 12:00:03,
2024-07-16 18:00:03,59.3640755722632
2024-07-17 00:00:03,58.9750995238588
2024-07-17 06:00:03,57.9633193398711
2024-07-17 12:00:03,62.1302154110548
2024-07-17 18:00:03,61.8459974414585
2024-07-18 00:00:03,61.2781438873875
2024-07-18 06:00:03,56.1765059540589
2024-07-18 12:00:03,60.8627178650612
2024-07-18 18:00:03,61.3190573292467
2024-07-19 00:00:03,60.8176444130132
2024-07-19 06:00:03,60.6468693123912
2024-07-19 12:00:03,60.658827980893
2024-07-19 18:00:03,58.270992247143
2024-07-20 00:00:03,61.0594011364221
2024-07-20 06:00:03,59.9326538827456
2024-07-20 12:00:03,62.2534884864935
2024-07-20 18:00:03,60.0142325251855
2024-07-21 00:00:03,62.3743116186628
2024-07-21 06:00:03,58.7868361108054
2024-07-21 12:00:03,60.2947746462789
2024-07-21 18:00:03,53.0233174184394
2024-07-22 00:00:03,60.9961146897089
2024-07-22 06:00:03,57.4537032775451
2024-07-22 12:00:03,60.4345581257135
2024-07-22 18:00:03,61.3816430902276
2024-07-23 00:00:03,52.2577914487079
2024-07-23 06:00:03,59.8554708586395
2024-07-23 12:00:03,58.2810306565832
2024-07-23 18:00:03,60.419289315023
2024-07-24 00:00:03,60.7538548332418
2024-07-24 06:00:03,58.5374167733288
2024-07-24 12:00:03,57.431640941763
2024-07-24 18:00:03,63.0787152071604
2024-07-25 00:00:03,56.6997202094323
2024-07-25 06:00:03,58.8189452583454
2024-07-25 12:00:03,60.7966950096323
2024-07-25 18:00:03,57.2821928852983
2024-07-26 00:00:03,60.3309370465382
2024-07-26 06:00:03,57.0295477360391
2024-07-26 12:00:03,58.6977243468719
2024-07-26 18:00:03,55.1025141867834
2024-07-27 00:00:03,55.7661109435508
2024-07-27 06:00:03,57.0853506157104
2024-07-27 12:00:03,60.6964929503053
2024-07-27 18:00:03,54.8691065279471
2024-07-28 00:00:03,62.5159066999352
2024-07-28 06:00:03,56.7923594496267
2024-07-28 12:00:03,55.5268086073652
2024-07-28 18:00:03,61.2169374602683
2024-07-29 00:00:03,56.1663597318794
2024-07-29 06:00:03,60.457126607835
2024-07-29 12:00:03,51.7584488024985
2024-07-29 18:00:03,61.644698978925
2024-07-30 00:00:03,57.722196815947
2024-07-30 06:00:03,57.1191221632028
2024-07-30 12:00:03,58.757900689281
2024-07-30 18:00:03,58.4572107527107
2024-07-31 00:00:03,58.8699728893477
2024-07-31 06:00:03,54.121450655983
2024-07-31 12:00:03,58.4173967618422
2024-07-31 18:00:03,55.1116059018741
2024-08-01 00:00:03,57.9255830557093
2024-08-01 06:00:03,58.1355353568025
2024-08-01 12:00:03,56.469351221354
2024-08-01 18:00:03,56.3112663174946
2024-08-02 00:00:03,54.281836805484
2024-08-02 06:00:03,57.6005542573279
2024-08-02 12:00:03,57.8199767120319
2024-08-02 18:00:03,56.1839012155206
2024-08-03 00:00:03,60.254851437974
2024-08-03 06:00:03,58.1705712231495
2024-08-03 12:00:03,57.1492752788736
2024-08-03 18:00:03,59.3425814356013
2024-08-04 00:00:03,60.9151800284152
2024-08-04 06:00:03,59.5981671266139
2024-08-04 12:00:03,58.8001854150796
2024-08-04 18:00:03,57.7608990298106
2024-08-05 00:00:03,57.9447841640297
2024-08-05 06:00:03,55.8142978430837
2024-08-05 12:00:03,55.8492513622835
2024-08-05 18:00:03,60.9568527808761
2024-08-06 00:00:03,57.3640779546139
2024-08-06 06:00:03,54.2923960279206
2024-08-06 12:00:03,56.8245416544531
2024-08-06 18:00:03,57.2291711275545
2024-08-07 00:00:03,58.7495521710066
2024-08-07 06:00:03,57.7331178859661
2024-08-07 12:00:03,60.1665907149986
2024-08-07 18:00:03,59.8591272627546
2024-08-08 00:00:03,57.041034394805
2024-08-08 06:00:03,51.8807399152578
2024-08-08 12:00:03,55.7473411793453
2024-08-08 18:00:03,59.7017625587077
2024-08-09 00:00:03,56.8730428686417
2024-08-09 06:00:03,55.9103942326484
2024-08-09 12:00:03,52.6574341566444
2024-08-09 18:00:03,58.7166611598059
2024-08-10 00:00:03,57.5231842326834
2024-08-10 06:00:03,56.3076995483666
2024-08-10 12:00:03,57.3330829032348
2024-08-10 18:00:03,57.5979623227889
2024-08-11 00:00:03,59.1815550331638
2024-08-11 06:00:03,61.6676853657241
2024-08-11 12:00:03,61.108268124879
2024-08-11 18:00:03,57.7644793436385
2024-08-12 00:00:03,56.4187109968793
2024-08-12 06:00:03,58.9982095491371
2024-08-12 12:00:03,57.4460181826462
2024-08-12 18:00:03,57.2088411883522
2024-08-13 00:00:03,60.0993982908327
2024-08-13 06:00:03,56.2539037775004
2024-08-13 12:00:03,54.532697566773
2024-08-13 18:00:03,53.8798550664905
2024-08-14 00:00:03,58.6062465579459
2024-08-14 06:00:03,52.0472344572607
2024-08-14 12:00:03,55.4705643901277
2024-08-14 18:00:03,55.6285006452828
2024-08-15 00:00:03,56.4359385201324
2024-08-15 06:00:03,55.6245970967882
2024-08-15 12:00:03,54.290901640175
2024-08-15 18:00:03,54.5912113162538
2024-08-16 00:00:03,60.4178714351433
2024-08-16 06:00:03,57.0344350559463
2024-08-16 12:00:03,55.2636655765996
2024-08-16 18:00:03,56.3730344799405
2024-08-17 00:00:03,69.3498932169134
2024-08-17 06:00:03,52.3964467450603
2024-08-17 12:00:03,52.5568402761945
2024-08-17 18:00:03,56.5517919306636
2024-08-18 00:00:03,59.0112759362365
2024-08-18 06:00:03,52.3204254024293
2024-08-18 12:00:03,54.4438467176144
2024-08-18 18:00:03,53.2527659508484
2024-08-19 00:00:03,56.5451674317985
2024-08-19 06:00:03,57.2032312524468
2024-08-19 12:00:03,55.0571994914138
2024-08-19 18:00:03,56.7753699698594
2024-08-20 00:00:03,54.6739483024785
2024-08-20 06:00:03,54.855658396287
2024-08-20 12:00:03,55.2383504716175
2024-08-20 18:00:03,55.3734440173749
2024-08-21 00:00:03,54.6050029558276
2024-08-21 06:00:03,52.7478125312587
2024-08-21 12:00:03,51.7114387944625
2024-08-21 18:00:03,58.9752616676196
2024-08-22 00:00:03,54.4887002181113
2024-08-22 06:00:03,57.6801667662552
2024-08-22 12:00:03,55.5852634304383
2024-08-22 18:00:03,54.8045313072412
2024-08-23 00:00:03,54.0588054357613
2024-08-23 06:00:03,56.4923549003468
2024-08-23 12:00:03,53.356497735338
2024-08-23 18:00:03,56.8669162604828
2024-08-24 00:00:03,56.5835501522633
2024-08-24 06:00:03,54.8614641062673
2024-08-24 12:00:03,63.4780096066124
2024-08-24 18:00:03,52.6364835196293
2024-08-25 00:00:03,51.799474055566
2024-08-25 06:00:03,52.8351881793005
2024-08-25 12:00:03,53.9327405860638
2024-08-25 18:00:03,54.0240836188735
2024-08-26 00:00:03,53.5729060483853
2024-08-26 06:00:03,58.1736298416907
2024-08-26 16:00:01,54.4324665798528
2024-08-26 19:00:01,58.0900710813323
2024-08-26 20:00:01,51.9346543352271
2024-08-26 21:00:01,54.1774923190479
2024-08-26 22:00:01,55.9075594694504
2024-08-26 23:00:01,53.0823172732717
2024-08-27 00:00:00,
2024-08-27 01:00:01,
2024-08-27 02:00:01,
2024-08-27 03:00:01,
2024-08-27 04:00:01,
2024-08-27 05:00:01,
2024-08-27 06:00:01,
2024-08-27 07:00:01,
2024-08-27 08:00:01,
2024-08-27 09:00:01,
2024-08-27 10:00:01,
2024-08-27 11:00:01,
2024-08-27 12:00:01,
2024-08-27 13:00:01,
2024-08-27 14:00:01,
2024-08-27 15:00:01,
2024-08-27 16:00:01,
2024-08-27 17:00:01,
2024-08-27 18:00:01,
2024-08-27 19:00:01,
2024-08-27 20:00:01,
2024-08-27 21:00:01,
2024-08-27 22:00:01,
2024-08-27 23:00:01,
2024-08-28 00:00:01,83.3186928951608
2024-08-28 01:00:01,81.6640141778629
2024-08-28 02:00:01,80.9408449702306
2024-08-28 03:00:01,82.5124894205909
2024-08-28 04:00:01,83.0936200261806
2024-08-28 05:00:01,82.9594573717985
2024-08-28 06:00:01,83.0081394698638
2024-08-28 07:00:01,81.7461602899895
2024-08-28 08:00:01,84.0087803593518
2024-08-28 09:00:01,83.1089288013946
2024-08-28 10:00:01,80.7589199877523
2024-08-28 11:00:01,82.4839911876405
2024-08-28 12:00:01,82.1732368875535
2024-08-28 13:00:01,84.8790544041031
2024-08-28 14:00:01,84.1881299602966
2024-08-28 15:00:01,82.7975090669143
2024-08-28 16:00:01,84.4190944473913
2024-08-28 17:00:01,80.9236562027505
2024-08-28 18:00:01,82.6237807939738
2024-08-28 19:00:01,83.275899674398
2024-08-28 20:00:01,80.9762258650344
2024-08-28 21:00:01,82.1594756082246
2024-08-28 22:00:01,83.2164512514211
2024-08-28 23:00:01,82.4491044316904
2024-08-29 00:00:00,81.659146670655
2024-08-29 01:00:01,81.689390888395
2024-08-29 02:00:01,83.3130357096486
2024-08-29 03:00:01,82.2924989598955
2024-08-29 04:00:01,82.2055749206822
2024-08-29 05:00:01,81.86592468157
2024-08-29 06:00:01,82.2617138351866
2024-08-29 07:00:01,82.8169913920212
2024-08-29 08:00:01,83.3258457841443
2024-08-29 09:00:01,84.0034770766776
2024-08-29 10:00:01,83.7214774294758
2024-08-29 11:00:01,84.0673263361632
2024-08-29 12:00:01,80.1517698781293
2024-08-29 13:00:01,83.3322138473404
2024-08-29 14:00:01,81.6258236564016
2024-08-29 15:00:01,83.064082447955
2024-08-29 16:00:01,82.7251418156026
2024-08-29 19:00:01,82.1101877783878
2024-08-30 08:00:01,82.4078864695168
2024-08-30 11:00:01,83.4278327411833
2024-08-30 12:00:01,82.0913695827739
2024-08-30 13:00:01,82.7459431890427
2024-08-30 14:00:01,81.2487631974088
2024-08-30 15:00:01,81.4127544786008
2024-08-30 16:00:01,91.2136104602545
2024-08-30 17:00:01,81.7038898983117
2024-08-30 18:00:01,82.4249054342414
2024-08-30 19:00:01,82.7035741314931
2024-08-30 20:00:01,80.2047076877947
2024-08-30 21:00:01,82.9857905137295
2024-08-30 22:00:01,82.4254573864041
2024-08-30 23:00:01,60.5876202249112
2024-08-31 00:00:00,81.2730627298307
2024-08-31 01:00:01,81.1019794539665
2024-08-31 02:00:01,87.6930338969939
2024-08-31 03:00:01,105.499092712457
2024-08-31 04:00:01,83.1531219011118
2024-08-31 05:00:01,83.9076035962028
2024-08-31 06:00:01,81.5195702762934
2024-08-31 07:00:01,83.1161110913949
2024-08-31 09:00:01,80.6827498897976
2024-08-31 10:00:01,84.2771913797009
2024-08-31 11:00:01,78.6521229169716
2024-08-31 12:00:01,85.1053584902441
2024-08-31 13:00:01,81.4242359267292
2024-08-31 14:00:01,83.3814616051424
2024-08-31 15:00:01,79.5766880250206
2024-08-31 16:00:01,82.9639584379273
2024-08-31 17:00:01,79.2257819114359
2024-08-31 18:00:01,82.4333679319975
2024-08-31 19:00:01,80.7075545354169
2024-08-31 20:00:01,85.1414462998693
2024-08-31 21:00:01,83.2295451206828
2024-08-31 22:00:01,81.5511722322111
2024-08-31 23:00:01,80.073571520405
2024-09-01 00:00:01,82.0482602336226
2024-09-01 01:00:01,79.7525119285524
2024-09-01 02:00:01,81.9017037165763
2024-09-01 03:00:01,82.5568083070387
2024-09-01 04:00:01,80.850030364324
2024-09-01 05:00:01,81.6941368876342
2024-09-01 06:00:01,80.9540507588114
2024-09-01 07:00:01,81.4980305915898
2024-09-01 08:00:01,83.4183998257735
2024-09-01 09:00:01,82.3253616962206
2024-09-01 10:00:01,82.9036666433645
2024-09-01 11:00:01,82.3321023064009
2024-09-01 12:00:01,82.7634555702257
2024-09-01 13:00:01,82.0960311279774
2024-09-01 14:00:01,82.4416233685702
2024-09-01 15:00:01,80.8757147745453
2024-09-01 16:00:01,82.4819038478927
2024-09-02 12:00:01,80.6923860845423
2024-09-02 13:00:01,80.1813493448954
2024-09-02 14:00:01,79.6506324865217
2024-09-02 15:00:01,80.8799953523632
2024-09-02 16:00:01,82.0187923963357
2024-09-02 17:00:01,81.0927645424288
2024-09-02 18:00:01,80.7559890874723
2024-09-02 19:00:01,80.5344109459948
2024-09-02 20:00:01,82.042878836298
2024-09-02 21:00:01,79.4483361021328
2024-09-02 22:00:01,80.3742440468511
2024-09-03 09:00:01,79.8945256986126
2024-09-03 10:00:01,79.4752312192728
2024-09-03 11:00:01,81.0060318512272
2024-09-03 12:00:01,79.7458224400129
2024-09-03 13:00:01,79.8508359202382
2024-09-03 14:00:01,81.0570377698922
2024-09-03 15:00:01,80.9591484839189
2024-09-03 16:00:01,64.350893764123
2024-09-03 17:00:01,78.2824600159237
2024-09-03 18:00:01,80.4734834946301
2024-09-03 19:00:01,80.3640164229535
2024-09-03 20:00:01,79.0349974285579
2024-09-03 21:00:01,79.6064961316848
2024-09-03 22:00:01,79.834222635042
2024-09-03 23:00:01,78.9854861521674
2024-09-04 00:00:00,80.2589696686292
2024-09-04 01:00:01,78.751026870415
2024-09-04 02:00:01,81.3333723640874
2024-09-04 03:00:01,80.6124647445891
2024-09-04 04:00:01,79.5089691235042
2024-09-04 05:00:01,79.7014344996739
2024-09-04 06:00:01,80.1114177080488
2024-09-04 07:00:01,80.0015672349011
2024-09-04 08:00:01,79.1664182162088
2024-09-04 09:00:01,77.7370441816348
2024-09-04 10:00:01,79.058903705884
2024-09-04 11:00:01,80.2068145636038
2024-09-04 12:00:01,78.4545617129473
2024-09-04 13:00:01,80.259186153344
2024-09-04 14:00:01,77.8999628691014
2024-09-04 15:00:01,79.1756431528597
2024-09-04 16:00:01,79.1699710958484
2024-09-04 17:00:01,79.1085355571963
2024-09-04 18:00:01,78.0367732548148
2024-09-04 19:00:01,78.7279765015502
2024-09-04 20:00:01,79.2053022843821
2024-09-04 21:00:01,78.6391614718924
2024-09-04 22:00:01,78.5263587841734
2024-09-04 23:00:01,77.6171416455289
2024-09-05 00:00:00,78.3015591174983
2024-09-05 01:00:01,80.2988283985918
2024-09-05 02:00:01,80.4098930646746
2024-09-05 03:00:01,78.7640318618046
2024-09-05 04:00:01,79.3392853614438
2024-09-05 05:00:01,79.6794236076406
2024-09-05 06:00:01,78.2802305294783
2024-09-05 07:00:01,78.2419318248521
2024-09-05 08:00:01,78.4471397103434
2024-09-05 10:00:01,79.8221427400976
2024-09-05 11:00:01,79.043958337473
2024-09-05 12:00:01,78.3090086845318
2024-09-05 13:00:01,79.5586336090733
2024-09-05 14:00:01,78.9756001368721
2024-09-05 15:00:01,78.052563531765
2024-09-05 16:00:01,79.1475567346126
2024-09-05 17:00:01,78.9354155575128
2024-09-05 18:00:01,78.6196100848715
2024-09-05 19:00:01,77.7560813834758
2024-09-05 20:00:01,78.138899456364
2024-09-05 21:00:01,80.4632356798982
2024-09-05 22:00:01,79.121662934116
2024-09-05 23:00:01,78.0803480743211
2024-09-06 00:00:00,77.6027450121624
2024-09-06 01:00:01,80.106676223073
2024-09-06 02:00:01,77.1559073255012
2024-09-06 03:00:01,76.2043265983839
2024-09-06 04:00:01,77.2075417883766
2024-09-06 05:00:01,78.7918283597734
2024-09-06 06:00:01,79.3470649939262
2024-09-06 07:00:01,77.7029707728907
2024-09-06 08:00:01,76.5120611289875
2024-09-06 09:00:01,78.0104199354461
2024-09-06 10:00:01,77.7847243718528
2024-09-06 11:00:01,78.7478598613528
2024-09-06 12:00:01,77.9305854248182
2024-09-06 13:00:01,75.6005558312636
2024-09-06 15:00:01,77.3201740255003
2024-09-09 07:00:01,77.7711415516631
2024-09-09 08:00:01,76.9907402418344
2024-09-09 09:00:01,76.9394025169106
2024-09-09 10:00:01,75.9194940790546
2024-09-09 11:00:01,76.9048197298218
2024-09-09 12:00:01,78.4280316120583
2024-09-09 13:00:01,76.5149879302972
2024-09-09 14:00:01,77.0987751887036
2024-09-09 15:00:01,77.5015187497017
2024-09-09 16:00:01,77.9523694731027
2024-09-09 17:00:01,76.7775086940228
2024-09-09 18:00:01,78.0050711390551
2024-09-09 19:00:01,77.9541727547344
2024-09-09 20:00:01,77.5474694090169
2024-09-09 21:00:01,77.2327173189617
2024-09-09 22:00:01,77.4695766583389
2024-09-09 23:00:01,78.0692205578155
2024-09-10 00:00:01,76.9329611464407
2024-09-10 01:00:01,76.05699803386
2024-09-10 02:00:01,75.7727905856059
2024-09-10 03:00:01,75.7512304734865
2024-09-10 04:00:01,75.8246980864634
2024-09-10 05:00:01,77.6476491266777
2024-09-10 06:00:01,77.2135572594296
2024-09-10 07:00:01,78.2156480294964
2024-09-10 08:00:01,76.641505060068
2024-09-10 09:00:01,77.5696861820876
2024-09-10 11:00:01,76.3847098880946
2024-09-10 12:00:01,75.4523306775498
2024-09-10 13:00:01,77.1512646948859
2024-09-10 14:00:01,75.8202144982671
2024-09-10 16:00:01,77.1830389222183
2024-09-10 17:00:01,76.2214653389123
2024-09-10 18:00:01,78.9717432126071
2024-09-10 19:00:01,77.5010049417545
2024-09-10 20:00:01,75.7303721995899
2024-09-10 21:00:01,77.0951466697687
2024-09-10 22:00:01,75.7101266682303
2024-09-10 23:00:01,74.8231840838702
2024-09-11 00:00:02,74.779889301129
2024-09-11 01:00:01,76.6902507391389
2024-09-11 02:00:01,76.6249685774253
2024-09-11 03:00:01,75.4400074511586
2024-09-11 04:00:01,76.5042153387007
2024-09-11 05:00:01,76.5142788655363
2024-09-11 06:00:01,75.6022299482848
2024-09-11 07:00:01,75.8751803916827
2024-09-11 14:00:08,75.1602912026975
2024-09-11 15:00:08,74.6961497328028
2024-09-11 16:00:08,76.1885991773694
2024-09-11 17:00:08,75.818162471102
2024-09-11 18:00:08,73.5187901927105
2024-09-11 19:00:08,76.6655478642899
2024-09-11 20:00:08,74.4742170480442
2024-09-11 21:00:08,75.2269624652629
2024-09-11 22:00:08,76.100554191395
2024-09-11 23:00:08,76.5621917156301
2024-09-12 00:00:00,75.0406217210566
2024-09-12 01:00:08,73.4101518150176
2024-09-12 02:00:08,75.618112357316
2024-09-12 03:00:08,75.2571553620856
2024-09-12 04:00:08,73.9083235639074
2024-09-12 05:00:08,73.158772069754
2024-09-12 06:00:08,75.0057227693793
2024-09-12 07:00:08,75.7236478967868
2024-09-12 08:00:08,76.1886268828531
2024-09-12 09:00:08,73.9939263942544
2024-09-12 10:00:08,72.8544024168038
2024-09-12 11:00:08,75.4869643140473
2024-09-12 12:00:08,75.7014461983287
2024-09-12 13:00:08,73.6586122414283
2024-09-12 14:00:08,73.5140265674516
2024-09-12 15:00:08,74.25825196216
2024-09-12 16:00:08,74.9809583728194
2024-09-12 17:00:08,74.4111850705488
2024-09-12 18:00:08,74.0150741090529
2024-09-12 19:00:08,75.0152050776747
2024-09-12 20:00:08,73.7501859575873
2024-09-12 21:00:08,74.9635375603348
2024-09-12 22:00:08,74.5074696929193
2024-09-12 23:00:08,74.421022526822
2024-09-13 00:00:00,73.4325878347807
2024-09-13 01:00:08,74.3619122466076
2024-09-13 02:00:08,75.5083041929352
2024-09-13 03:00:08,73.681406482495
2024-09-13 04:00:08,74.5016029080435
2024-09-13 05:00:08,73.9664071081513
2024-09-13 06:00:08,75.2264854180217
2024-09-13 07:00:08,73.2326790039878
2024-09-13 09:00:08,74.1081830835628
2024-09-13 10:00:08,74.5009692734509
2024-09-13 11:00:08,73.6487249807565
2024-09-13 12:00:08,74.7213270492137
2024-09-13 13:00:08,73.3179105669728
2024-09-13 14:00:08,74.88190111219
2024-09-13 15:00:08,73.2845195337084
2024-09-13 16:00:08,75.2224975681783
2024-09-13 17:00:08,73.0136144194415
2024-09-13 18:00:08,72.9113361441631
2024-09-13 19:00:08,74.1525923538585
2024-09-13 20:00:08,72.952850012423
2024-09-13 21:00:08,73.6263404924435
2024-09-13 22:00:08,74.2628787900315
2024-09-13 23:00:08,73.867200121305
2024-09-14 00:00:00,74.8848427707301
2024-09-14 01:00:08,73.3593618951977
2024-09-14 02:00:08,72.6991278340367
2024-09-14 03:00:08,72.4402395370139
2024-09-14 04:00:08,72.1471029158926
2024-09-14 05:00:08,73.3220743629639
2024-09-14 06:00:08,73.1104512788101
2024-09-14 07:00:08,72.3473161328354
2024-09-14 08:00:08,72.4918944207793
2024-09-14 09:00:08,71.1736171652545
2024-09-14 10:00:08,72.7029687406187
2024-09-14 11:00:08,73.7879453987949
2024-09-14 12:00:08,74.7258540759853
2024-09-14 13:00:08,72.8808864409963
2024-09-14 14:00:08,72.8346457700868
2024-09-14 15:00:08,72.9058562659155
2024-09-14 16:00:08,72.8383227647653
2024-09-14 17:00:08,72.2634585805196
2024-09-14 18:00:08,73.8709323722762
2024-09-14 19:00:08,71.8923920151936
2024-09-14 20:00:08,73.1559162370037
2024-09-14 21:00:08,74.7305174425477
2024-09-14 22:00:08,72.5201308819766
2024-09-14 23:00:08,73.2062337102954
2024-09-15 01:00:08,72.9709474252133
2024-09-15 02:00:08,73.5383001646596
2024-09-15 03:00:08,71.9297192582629
2024-09-15 04:00:08,73.0284447337801
2024-09-15 05:00:08,72.1763322657519
2024-09-15 06:00:08,71.5553198352681
2024-09-15 17:00:08,72.1749837774173
2024-09-15 18:00:08,72.9104753883146
2024-09-15 19:00:08,72.9794027848669
2024-09-15 20:00:08,72.7601518326618
2024-09-15 21:00:08,70.7338669254629
2024-09-15 22:00:08,73.8718672323773
2024-09-15 23:00:08,72.7114930182614
2024-09-16 00:00:00,72.6121802663871
2024-09-16 01:00:08,74.0444210802698
2024-09-16 02:00:08,73.0204314908635
2024-09-16 03:00:08,72.4427427639387
2024-09-16 04:00:08,73.0101607804116
2024-09-16 05:00:08,71.5912234209415
2024-09-16 06:00:08,72.229802643569
2024-09-16 07:00:08,73.3796525011732
2024-09-16 08:00:08,70.4297002391371
2024-09-16 10:00:08,72.3502404949211
2024-09-16 11:00:08,73.7913954725321
2024-09-16 12:00:08,94.1861010082109
2024-09-16 13:00:08,71.1770102834693
2024-09-16 14:00:08,73.087441603856
2024-09-16 15:00:08,73.2845317344533
2024-09-16 16:00:08,72.6720285775344
2024-09-16 17:00:08,73.6884300399165
2024-09-16 18:00:08,71.1576261290612
2024-09-16 19:00:08,72.3721824651828
2024-09-16 20:00:08,72.4654934699181
2024-09-16 21:00:08,72.7329242105528
2024-09-16 22:00:08,72.0974366136628
2024-09-16 23:00:08,71.1453916207084
2024-09-17 00:00:01,71.1674936925218
2024-09-17 01:00:08,68.7115766703116
2024-09-17 02:00:08,69.0777212493592
2024-09-17 03:00:08,71.5572249237718
2024-09-17 04:00:08,71.7202238153767
2024-09-17 05:00:08,71.9471228244133
2024-09-17 06:00:08,70.8692962434944
2024-09-17 07:00:08,72.3920724760586
2024-09-17 08:00:08,71.1878075695389
2024-09-17 09:00:08,70.6911667655002
2024-09-17 10:00:08,72.3902094849604
2024-09-17 11:00:08,71.8143776107767
2024-09-17 12:00:08,72.8001619446859
2024-09-17 13:00:08,72.1191276707818
2024-09-17 14:00:08,73.0408599335708
2024-09-17 15:00:08,71.8773802672505
2024-09-17 16:00:08,72.1036857220652
2024-09-17 17:00:08,70.8741287958623
2024-09-17 18:00:08,73.0782277566592
2024-09-17 19:00:08,71.0556677508303
2024-09-17 20:00:08,70.694275725091
2024-09-17 21:00:08,70.6559474184932
2024-09-17 22:00:08,71.4802322994305
2024-09-17 23:00:08,71.3755980268082
2024-09-18 00:00:01,69.4125795306483
2024-09-18 01:00:08,72.2609280865551
2024-09-18 02:00:08,71.508594697651
2024-09-18 03:00:08,71.1568705534936
2024-09-18 04:00:08,70.2896956845108
2024-09-18 05:00:08,
2024-09-18 06:00:08,
2024-09-18 07:00:08,
2024-09-18 08:00:08,70.8647332154241
2024-09-18 09:00:08,70.5994686140141
2024-09-18 10:00:08,71.5558400628559
2024-09-18 11:00:08,71.9658507290637
2024-09-18 12:00:08,71.0944005712001
2024-09-18 13:00:08,71.8967929246954
2024-09-18 14:00:08,70.3425653707204
2024-09-18 15:00:08,71.2613877221449
2024-09-18 16:00:08,70.5640342650768
2024-09-18 17:00:08,71.8914906127459
2024-09-18 18:00:08,68.5776423933984
2024-09-18 19:00:08,70.2016906474995
2024-09-18 20:00:08,71.3654092734763
2024-09-18 21:00:08,70.6370047655683
2024-09-18 22:00:08,70.5548442196459
2024-09-18 23:00:08,70.8431254022206
2024-09-19 00:00:01,71.4637545115788
2024-09-19 01:00:08,71.0810053693181
2024-09-19 02:00:08,69.334121267558
2024-09-19 03:00:08,72.595905490831
2024-09-19 04:00:08,71.0866697054335
2024-09-19 05:00:08,68.9116188802562
2024-09-19 06:00:08,72.1332380387361
2024-09-19 08:00:08,70.9565901038456
2024-09-19 09:00:08,69.4705831326919
2024-09-19 10:00:08,69.9472957904336
2024-09-19 23:00:08,69.21772461291
2024-09-20 00:00:01,67.8492905037922
2024-09-20 01:00:08,70.9290360883669
2024-09-20 02:00:08,68.2226110681046
2024-09-20 03:00:08,70.1157428618172
2024-09-20 04:00:08,69.3979184452094
2024-09-20 05:00:08,69.9625625671436
2024-09-20 06:00:08,69.9134657663258
2024-09-20 07:00:08,68.5317748552055
2024-09-20 08:00:08,68.8894830115687
2024-09-20 09:00:08,70.249096031301
2024-09-20 10:00:08,70.8828646901858
2024-09-20 11:00:08,69.0410954408378
2024-09-20 12:00:08,67.791013610719
2024-09-20 13:00:08,72.9826976092277
2024-09-20 14:00:08,69.7523178871995
2024-09-20 15:00:08,69.8381917969042
2024-09-20 16:00:08,69.5700788326754
2024-09-20 17:00:08,69.9220099606809
2024-09-20 18:00:08,69.0706349766387
2024-09-20 19:00:08,
2024-09-20 20:00:08,
2024-09-20 21:00:08,
2024-09-20 22:00:08,
2024-09-20 23:00:08,69.5357990673431
2024-09-21 00:00:01,68.1711487980975
2024-09-21 01:00:08,67.6763999421401
2024-09-21 02:00:08,67.6736764389988
2024-09-21 03:00:08,69.945145727571
2024-09-21 04:00:08,68.46821292912
2024-09-21 05:00:08,69.4536485793278
2024-09-21 07:00:08,68.132840565921
2024-09-21 08:00:08,68.2120357727541
2024-09-21 09:00:08,70.4194212234135
2024-09-21 10:00:08,68.8380479823889
2024-09-21 11:00:08,69.39239864353
2024-09-21 12:00:08,68.9168266025899
2024-09-21 13:00:08,68.3217127907291
2024-09-21 14:00:08,68.1059336608883
2024-09-21 15:00:08,69.0369466989214
2024-09-21 16:00:08,70.4433396541471
2024-09-21 17:00:08,71.0882577103968
2024-09-21 18:00:08,69.2023476277116
2024-09-21 19:00:08,68.7895079261511
2024-09-21 20:00:08,68.6857783194004
2024-09-21 21:00:08,67.5369142983552
2024-09-21 22:00:08,69.6187867107597
2024-09-21 23:00:08,70.0889322736137
2024-09-22 00:00:01,68.3626719734034
2024-09-22 01:00:08,68.1581907681996
2024-09-22 02:00:08,68.5102127772083
2024-09-22 03:00:08,68.5253893005483
2024-09-22 04:00:08,67.8601160204917
2024-09-22 05:00:08,67.1452078375229
2024-09-22 06:00:08,68.9103347290839
2024-09-22 07:00:08,69.4417372651947
2024-09-22 08:00:08,67.8799472081937
2024-09-22 09:00:08,68.4348131581168
2024-09-22 10:00:08,65.888541111899
2024-09-22 11:00:08,69.2092000438284
2024-09-22 12:00:08,68.2310094861665
2024-09-22 13:00:08,69.3832429092957
2024-09-22 14:00:08,67.6377304661611
2024-09-22 15:00:08,67.8398994810216
2024-09-22 16:00:08,67.9745414960155
2024-09-22 17:00:08,68.8963516641457
2024-09-22 18:00:08,67.4477743562219
2024-09-22 19:00:08,68.7817404969201
2024-09-22 20:00:08,68.4650937213791
2024-09-22 21:00:08,67.6414605282768
2024-09-22 22:00:08,68.4665300678754
2024-09-22 23:00:08,67.3218301219551
2024-09-23 00:00:01,66.7602650733328
2024-09-23 01:00:08,68.8883368036915
2024-09-23 02:00:08,68.3422559451242
2024-09-23 03:00:08,67.7854686930673
2024-09-23 04:00:08,68.4634567573545
2024-09-23 05:00:08,67.0116842253656
2024-09-23 06:00:08,67.716613249649
2024-09-23 07:00:08,67.1140499223957
2024-09-23 08:00:08,67.2874773717066
2024-09-23 09:00:08,67.630106299373
2024-09-23 10:00:08,66.6109949520641
2024-09-23 11:00:08,68.4319776331523
2024-09-23 12:00:08,66.4949542262229
2024-09-23 13:00:08,65.7774055313293
2024-09-23 14:00:08,66.545987888737
2024-09-23 15:00:08,68.3531363963235
2024-09-24 02:00:08,67.7021843474302
2024-09-24 04:00:08,66.0921593198754
2024-09-24 05:00:08,67.9373242315122
2024-09-24 06:00:08,65.4903911116682
2024-09-24 07:00:08,66.0392113873622
2024-09-24 08:00:08,67.2004181436623
2024-09-24 09:00:08,65.7981235617927
2024-09-24 10:00:08,67.2555723998208
2024-09-24 11:00:08,67.8903766943257
2024-09-24 12:00:08,65.8963886568439
2024-09-24 13:00:08,66.0024970007872
2024-09-24 14:00:08,66.6318562828544
2024-09-24 15:00:08,65.9481006173472
2024-09-24 16:00:08,65.9749467582322
2024-09-24 17:00:08,68.1892164385417
2024-09-24 18:00:08,66.8872446158354
2024-09-24 19:00:08,67.6838214592282
2024-09-24 20:00:08,68.4884572189738
2024-09-24 21:00:08,65.3783168938349
2024-09-24 22:00:08,68.2450846525
2024-09-24 23:00:08,66.8640006034712
2024-09-25 00:00:02,66.9744324179288
2024-09-25 01:00:08,66.2990855201521
2024-09-25 02:00:08,64.9115220422758
2024-09-25 03:00:08,67.2445350466707
2024-09-25 04:00:08,66.5179269518443
2024-09-25 05:00:08,66.4172285512714
2024-09-25 06:00:08,65.7233840570702
2024-09-25 08:00:08,51.2507132854854
2024-09-25 09:00:08,64.4441251013311
2024-09-25 10:00:08,64.4408466312651
2024-09-25 11:00:08,65.7594355258436
2024-09-25 12:00:08,67.0174430593611
2024-09-25 13:00:08,65.8186585654902
2024-09-25 14:00:08,66.381232758659
2024-09-25 15:00:08,67.9566600099907
2024-09-25 16:00:08,65.6373658361027
2024-09-25 17:00:08,67.2221570733332
2024-09-25 18:00:08,67.7787671119635
2024-09-25 19:00:08,66.725069537313
2024-09-25 20:00:08,67.4600681387666
2024-09-25 21:00:08,72.0902008181604
2024-09-25 22:00:08,67.032232224678
2024-09-25 23:00:08,68.2334210476624
2024-09-26 00:00:01,65.2701455361205
2024-09-26 01:00:08,64.8488125243995
2024-09-26 02:00:08,66.9156935734314
2024-09-26 03:00:08,65.2809677214262
2024-09-26 04:00:08,64.3701326253073
2024-09-26 05:00:08,67.1355065111247
2024-09-26 06:00:08,66.7462197152487
2024-09-26 07:00:08,65.5827678262877
2024-09-26 08:00:08,63.7333747489629
2024-09-26 09:00:08,65.1112588268331
2024-09-26 10:00:08,66.8213620561463
2024-09-26 11:00:08,67.1143737272456
2024-09-26 12:00:08,66.3669648691611
2024-09-26 13:00:08,65.5529578496949
2024-09-26 14:00:08,66.7039614498897
2024-09-26 15:00:08,65.6759661575136
2024-09-26 16:00:08,64.3646762368517
2024-09-26 17:00:08,66.6865506152776
2024-09-26 18:00:08,65.5695091355577
2024-09-26 19:00:08,63.9142621714774
2024-09-26 20:00:08,65.2908612612144
2024-09-26 21:00:08,65.0441707233405
2024-09-26 22:00:08,65.5400681859535
2024-09-26 23:00:08,66.8422710276287
2024-09-27 00:00:00,63.950655546761
2024-09-27 01:00:08,65.0883308778884
2024-09-27 02:00:08,64.2232150761786
2024-09-27 03:00:08,66.0084911709506
2024-09-27 04:00:08,64.7047878070958
2024-09-27 05:00:08,64.1453136491353
2024-09-27 06:00:08,64.5483093543529
2024-09-27 08:00:08,65.7737140008854
2024-09-27 09:00:08,65.4856737056914
2024-09-27 10:00:08,65.8648001114306
2024-09-27 11:00:08,64.0561718912707
2024-09-27 12:00:08,64.3074250783793
2024-09-27 13:00:08,64.6763013153289
2024-09-27 14:00:08,65.0538805087095
2024-09-27 15:00:08,62.6306248878233
2024-09-27 16:00:08,64.2797143722235
2024-09-27 17:00:08,65.2827941368881
2024-09-27 18:00:08,65.1827755051169
2024-09-27 20:00:08,65.078047780229
2024-09-28 08:00:08,64.5740317944148
2024-09-28 09:00:08,64.56672995521
2024-09-28 10:00:08,63.4740942862206
2024-09-28 11:00:08,65.5211771552992
2024-09-28 12:00:08,64.556422060555
2024-09-28 13:00:08,66.2476861977162
2024-09-28 14:00:08,62.8997792525044
2024-09-28 15:00:08,63.240375973994
2024-09-28 16:00:08,65.5885076992145
2024-09-28 17:00:08,63.0656864503118
2024-09-28 18:00:08,64.9653397931361
2024-09-28 19:00:08,66.8962647667202
2024-09-28 20:00:08,63.6602759544298
2024-09-28 21:00:08,65.4239193995284
2024-09-28 22:00:08,65.2333750704193
2024-09-28 23:00:08,63.568563393585
2024-09-29 00:00:01,64.0422130093998
2024-09-29 01:00:08,62.8306208126709
2024-09-29 02:00:08,65.0014691383841
2024-09-29 03:00:08,65.9636780787704
2024-09-29 04:00:08,62.3706190388368
2024-09-29 05:00:08,63.3610083055119
2024-09-29 06:00:08,65.166787377205
2024-09-29 07:00:08,62.3943482180267
2024-09-29 09:00:08,64.2443934425569
2024-09-29 10:00:08,64.7496234346018
2024-09-29 11:00:08,61.9421306993995
2024-09-29 12:00:08,64.5071005109773
2024-09-29 13:00:08,63.1569184667642
2024-09-29 14:00:08,66.2007223945869
2024-09-29 15:00:08,64.3149694262685
2024-09-29 16:00:08,63.0069854055486
2024-09-29 17:00:08,64.6535776524987
2024-09-29 18:00:08,65.0207992839643
2024-09-29 19:00:08,63.4575411219136
2024-09-29 20:00:08,63.952599013538
2024-09-29 21:00:08,63.6110008198974
2024-09-29 22:00:08,65.4268753302201
2024-09-29 23:00:08,62.9630538881899
2024-09-30 00:00:02,63.6562746661821
2024-09-30 01:00:08,62.2604235897714
2024-09-30 02:00:08,61.869760030477
2024-09-30 03:00:08,64.0057254043764
2024-09-30 04:00:08,63.525290343604
2024-09-30 05:00:08,63.9232979517601
2024-09-30 06:00:08,63.8236266062396
2024-09-30 07:00:08,63.188072750972
2024-09-30 08:00:08,65.1553228649149
2024-09-30 09:00:08,63.3698007036785
2024-09-30 10:00:08,65.1388918378474
2024-09-30 11:00:08,65.0899490489477
2024-09-30 12:00:08,64.1582865840898
2024-09-30 13:00:08,63.2632814054992
2024-09-30 14:00:08,64.4754759510749
2024-09-30 15:00:08,63.747939852553
2024-09-30 16:00:08,63.9025348829416
2024-09-30 17:00:08,64.6930461672407
2024-09-30 18:00:08,65.4111942430697
2024-09-30 19:00:08,63.4735576188404
2024-09-30 20:00:08,64.0070596355894
2024-09-30 21:00:08,63.5288432529174
2024-09-30 22:00:08,64.0961992476205
2024-09-30 23:00:08,63.7196353575499
2024-10-01 01:00:08,63.2356599582484
2024-10-01 02:00:08,63.1601304217111
2024-10-01 03:00:08,63.6200937249836
2024-10-01 04:00:08,63.1648909236779
2024-10-01 05:00:08,64.0701428947468
2024-10-01 06:00:08,63.8808980097717
2024-10-01 07:00:08,62.4650668649706
2024-10-01 08:00:08,63.6132262629946
2024-10-01 09:00:08,63.3209674000777
2024-10-01 10:00:08,64.4852974356606
2024-10-01 11:00:08,63.2898956654611
2024-10-01 12:00:08,62.5244649560337
2024-10-01 13:00:08,63.7846943284241
2024-10-01 14:00:08,62.5097632837934
2024-10-01 15:00:08,63.9488918511141
2024-10-01 16:00:08,62.3216759407351
2024-10-01 17:00:08,64.1408820874953
2024-10-01 18:00:08,63.8457333025846
2024-10-01 19:00:08,62.3969619078437
2024-10-01 20:00:08,63.0190868797477
2024-10-01 21:00:08,63.4010695799922
2024-10-01 22:00:08,62.8987483490993
2024-10-01 23:00:08,62.1380357144138
2024-10-02 01:00:08,62.3722918255527
2024-10-02 11:00:08,63.5912747555563
2024-10-02 13:00:08,62.9133896485882
2024-10-02 14:00:08,62.657099430836
2024-10-02 15:00:08,63.0127850126577
2024-10-02 16:00:08,62.8232923418631
2024-10-02 17:00:08,63.5692516369062
2024-10-02 18:00:08,63.7494348311809
2024-10-02 19:00:08,62.3355043512916
2024-10-02 20:00:08,63.0877395709213
2024-10-02 21:00:08,62.5615054940722
2024-10-02 22:00:08,63.0388149316211
2024-10-02 23:00:08,63.4225553751181
2024-10-03 00:00:02,62.1489217083312
2024-10-03 01:00:08,62.8194093540456
2024-10-03 02:00:08,61.8925580366203
2024-10-03 04:00:08,80.9780770846313
2024-10-03 05:00:08,64.2605847114625
2024-10-03 06:00:08,63.0653095851795
2024-10-03 07:00:08,63.0962810623709
2024-10-03 08:00:08,63.2491307262699
2024-10-03 09:00:08,62.4754428676084
2024-10-03 10:00:08,63.4253672723623
2024-10-03 11:00:08,62.8937674292162
2024-10-03 12:00:08,62.3417822097332
2024-10-03 13:00:08,64.3296973311029
2024-10-03 14:00:08,62.0089410633197
2024-10-03 15:00:08,63.0537180350444
2024-10-03 16:00:08,73.1670794100131
2024-10-03 17:00:08,63.9652124503572
2024-10-03 18:00:08,63.5230676762864
2024-10-03 19:00:08,64.4912328879284
2024-10-03 20:00:08,62.5530861654741
2024-10-03 21:00:08,61.3918474360471
2024-10-03 22:00:08,63.7025042231196
2024-10-03 23:00:08,62.6489419453494
2024-10-04 00:00:01,62.8931536671527
2024-10-04 01:00:08,62.4965459978996
2024-10-04 02:00:08,62.8958611088048
2024-10-04 03:00:08,62.9356176324109
2024-10-04 04:00:08,62.2561197720416
2024-10-04 05:00:08,63.6631247826953
2024-10-04 06:00:08,63.5169995836181
2024-10-04 07:00:08,64.0703409755203
2024-10-04 08:00:08,61.9363899556991
2024-10-04 09:00:08,62.3680722951504
2024-10-04 10:00:08,63.5261735837465
2024-10-04 11:00:08,62.9638752186756
2024-10-04 12:00:08,63.5357533538113
2024-10-04 13:00:08,63.6842895228367
2024-10-04 14:00:08,62.0516123382579
2024-10-04 15:00:08,63.9175899238285
2024-10-04 16:00:08,62.8397486538831
2024-10-04 17:00:08,63.9702578661082
2024-10-04 18:00:08,62.509083827604
2024-10-04 19:00:08,61.8731049960972
2024-10-04 20:00:08,62.9592197130978
2024-10-04 21:00:08,63.4795696198162
2024-10-04 22:00:08,62.1912246392458
2024-10-04 23:00:08,62.8086350128381
2024-10-05 00:00:01,62.6238121520323
2024-10-05 01:00:08,63.2956846521788
2024-10-05 02:00:08,62.15164892713
2024-10-05 03:00:08,63.1542579202965
2024-10-05 04:00:08,61.9064839871685
2024-10-05 06:00:08,61.960364385604
2024-10-05 07:00:08,63.9951531767521
2024-10-05 08:00:08,62.4195731682416
2024-10-05 09:00:08,63.1510838344678
2024-10-05 10:00:08,62.9723795020067
2024-10-05 11:00:08,62.511603773041
2024-10-05 12:00:08,62.7832433542732
2024-10-05 13:00:08,62.4185276704882
2024-10-05 14:00:08,62.4911618499695
2024-10-05 15:00:08,61.3891257580319
2024-10-05 16:00:08,63.6896763457186
2024-10-05 17:00:08,62.8135627941297
2024-10-05 18:00:08,62.6578711583331
2024-10-05 19:00:08,62.5411156905679
2024-10-05 20:00:08,62.2314930895732
2024-10-05 21:00:08,62.0961117256697
2024-10-05 22:00:08,62.530485593486
2024-10-05 23:00:08,62.531850416948
2024-10-06 00:00:00,61.9772234995376
2024-10-06 01:00:08,62.9898522912158
2024-10-06 02:00:08,61.7995954960912
2024-10-06 03:00:08,61.1807151468766
2024-10-06 16:00:08,62.3064690978089
2024-10-06 17:00:08,63.0948028164997
2024-10-06 18:00:08,62.3837450787346
2024-10-06 19:00:08,61.5422371953525
2024-10-06 20:00:08,61.0732908660169
2024-10-06 21:00:08,62.0210887078434
2024-10-06 22:00:08,62.065045530962
2024-10-06 23:00:08,61.4182021078628
2024-10-07 00:00:00,61.1690616808137
2024-10-07 01:00:08,60.5628549935543
2024-10-07 02:00:08,61.6106505576419
2024-10-09 14:00:08,60.2461293608559
2024-10-09 15:00:08,61.3214922763452
2024-10-09 16:00:08,58.7972643164226
2024-10-09 17:00:08,59.6668110919932
2024-10-09 18:00:08,65.9093894405514
2024-10-09 19:00:08,53.0075233082555
2024-10-09 20:00:08,59.5111842036154
2024-10-09 21:00:08,59.1534366681531
2024-10-09 22:00:08,
2024-10-09 23:00:08,59.4927988327701
2024-10-10 00:00:00,
2024-10-10 01:00:08,
2024-10-10 02:00:08,
2024-10-10 03:00:08,
2024-10-10 04:00:08,
2024-10-10 05:00:08,57.9298004958973
2024-10-10 06:00:08,59.6171995736344
2024-10-10 07:00:08,59.5087078054049
2024-10-10 19:00:08,59.1651644436425
2024-10-10 22:00:08,59.5331433479841
2024-10-10 23:00:08,59.76940663545
2024-10-11 00:00:01,57.6395887466581
2024-10-11 01:00:08,56.5660540336215
2024-10-11 02:00:08,58.0209689938212
2024-10-11 03:00:08,58.3046125740138
2024-10-11 04:00:08,57.7754762191836
2024-10-11 05:00:08,58.0145851067238
2024-10-11 06:00:08,57.5025344920815
2024-10-11 07:00:08,58.3049332638715
2024-10-11 08:00:08,57.9828367673584
2024-10-11 09:00:08,58.31890767717
2024-10-11 10:00:08,57.95226142476
2024-10-11 11:00:08,58.0969482075637
2024-10-11 12:00:08,57.9100520139731
2024-10-11 13:00:08,58.0386179201161
2024-10-11 14:00:08,58.483101077697
2024-10-11 15:00:08,58.4243860493417
2024-10-11 16:00:08,58.406567543781
2024-10-11 17:00:08,58.6291924032071
2024-10-11 18:00:08,58.5191808463259
2024-10-11 19:00:08,58.1644609605974
2024-10-11 20:00:08,58.6995091018391
2024-10-11 21:00:08,57.5414235451343
2024-10-11 22:00:08,58.6378783828137
2024-10-11 23:00:08,56.7790846124945
2024-10-12 00:00:02,57.2200997279209
2024-10-12 01:00:08,57.1037573935531
2024-10-12 02:00:08,57.4208376000012
2024-10-12 03:00:08,57.0385694576271
2024-10-12 04:00:08,57.9617196729907
2024-10-12 05:00:08,57.3231775232717
2024-10-12 06:00:08,57.1850494270515
2024-10-12 07:00:08,58.712259323764
2024-10-12 08:00:08,57.0542868992722
2024-10-12 09:00:08,57.5658562246278
2024-10-12 10:00:08,58.5639935979313
2024-10-12 11:00:08,57.0282691625003
2024-10-12 12:00:08,57.398721345499
2024-10-12 13:00:08,58.1296221221263
2024-10-12 14:00:08,57.5601980037244
2024-10-12 15:00:08,56.3674038510985
2024-10-12 16:00:08,66.9191139771559
2024-10-12 17:00:08,56.5790243435829
2024-10-12 18:00:08,56.5959207733048
2024-10-12 19:00:08,56.9215882279558
2024-10-12 20:00:08,56.5662804472192
2024-10-12 22:00:08,57.3327764542679
2024-10-12 23:00:08,56.5533752148166
2024-10-13 00:00:01,56.1761270428443
2024-10-13 01:00:08,56.6728419854601
2024-10-13 02:00:08,57.2456562727896
2024-10-13 03:00:08,56.6471850486903
2024-10-13 04:00:08,57.5053741382603
2024-10-13 05:00:08,56.9398472066718
2024-10-13 06:00:08,55.6692059896338
2024-10-13 07:00:08,56.7898265922639
2024-10-13 08:00:08,56.0257564188009
2024-10-13 09:00:08,55.4266455052088
2024-10-13 10:00:08,56.3999237544727
2024-10-13 11:00:08,57.2344692737088
2024-10-13 12:00:08,56.8556876547237
2024-10-13 13:00:08,54.8923276341646
2024-10-13 14:00:08,56.4248967272643
2024-10-13 15:00:08,57.179492119211
2024-10-13 16:00:08,57.779357476919
2024-10-13 17:00:08,57.0116836501518
2024-10-13 18:00:08,58.3924955238911
2024-10-13 19:00:08,56.7695848432365
2024-10-13 20:00:08,56.8712568839349
2024-10-13 21:00:08,57.0170849556024
2024-10-13 22:00:08,56.1499462997922
2024-10-13 23:00:08,55.7969217763749
2024-10-14 00:00:02,54.6579476763157
2024-10-14 01:00:08,55.7745519789737
2024-10-14 02:00:08,55.2845830290836
2024-10-14 03:00:08,54.4210069340766
2024-10-14 04:00:08,55.5507457519591
2024-10-14 05:00:08,54.825407012257
2024-10-14 06:00:08,54.4283689557971
2024-10-14 07:00:08,54.5021629823391
2024-10-14 08:00:08,56.7700004429191
2024-10-14 09:00:08,54.0756810354074
2024-10-14 10:00:08,56.2256686679944
2024-10-14 11:00:08,54.0711094077424
2024-10-14 22:00:08,55.7103041733924
2024-10-14 23:00:08,55.585011402263
2024-10-15 00:00:01,54.4892490910966
2024-10-15 01:00:08,54.7745161627848
2024-10-15 02:00:08,55.0210557618771
2024-10-15 03:00:08,55.7230122152099
2024-10-15 04:00:08,55.1613875883939
2024-10-15 05:00:08,54.5834807019021
2024-10-15 06:00:08,54.1842089979106
2024-10-15 07:00:08,54.0747978313228
2024-10-15 08:00:08,55.204298461518
2024-10-15 09:00:08,55.2066645914008
2024-10-15 10:00:08,54.5790655479724
2024-10-15 11:00:08,54.8225697809998
2024-10-15 12:00:08,55.8402635165123
2024-10-15 13:00:08,54.844614554645
2024-10-15 14:00:08,54.9241812806462
2024-10-15 15:00:08,56.1140848764537
2024-10-15 16:00:08,55.3834413169959
2024-10-15 17:00:08,54.5194077197202
2024-10-15 18:00:08,55.1188427333368
2024-10-15 19:00:08,55.2506387756669
2024-10-15 20:00:08,54.8281725916142
2024-10-15 21:00:08,55.0494077961
2024-10-15 22:00:08,54.3399409251521
2024-10-15 23:00:08,54.6233298879289
2024-10-16 00:00:02,54.9925709913397
2024-10-16 01:00:08,54.438849394918
2024-10-16 02:00:08,52.8983986782391
2024-10-16 03:00:08,54.0380255129843
2024-10-16 04:00:08,53.5419346143437
2024-10-16 05:00:08,55.924193335911
2024-10-16 06:00:08,56.4109105907994
2024-10-16 07:00:08,54.2426838375621
2024-10-16 08:00:08,54.2168151974314
2024-10-16 09:00:08,53.448395908044
2024-10-16 10:00:08,55.2334855420239
2024-10-16 11:00:08,53.8363730272639
2024-10-16 12:00:08,54.6728778712821
2024-10-16 13:00:08,54.5724241891915
2024-10-16 15:00:08,53.8211391940221
2024-10-16 16:00:08,54.7554439787178
2024-10-16 17:00:08,54.0713681183061
2024-10-16 18:00:08,53.5245417579535
2024-10-16 19:00:08,54.0242860006768
2024-10-16 20:00:08,53.9375110834203
2024-10-16 22:00:08,55.2260407914549
2024-10-16 23:00:08,54.7372919278341
2024-10-17 00:00:02,54.8314048198413
2024-10-17 01:00:08,53.3249136394309
2024-10-17 02:00:08,53.1893015706503
2024-10-17 03:00:08,55.4741574200755
2024-10-17 04:00:08,54.9365586057393
2024-10-17 05:00:08,53.8739760657328
2024-10-17 06:00:08,54.6074462759693
2024-10-17 07:00:08,53.8224760621064
2024-10-17 08:00:08,54.6083107106097
2024-10-17 09:00:08,55.1490483451372
2024-10-17 10:00:08,53.9200606271943
2024-10-17 11:00:08,55.3111308358423
2024-10-17 12:00:08,54.6024559188087
2024-10-17 13:00:08,54.7804140680763
2024-10-17 14:00:08,53.7217429041589
2024-10-17 15:00:08,55.2934850755286
2024-10-17 16:00:08,54.7761927383847
2024-10-17 17:00:08,54.6268128082159
2024-10-17 18:00:08,53.8541294946204
2024-10-17 19:00:08,53.4739202269041
2024-10-17 20:00:08,54.5262777242342
2024-10-17 21:00:08,54.534207042156
2024-10-17 22:00:08,54.3351680669399
2024-10-17 23:00:08,54.5537998698905
2024-10-18 00:00:01,53.3554108687383
2024-10-18 01:00:08,52.4621324247833
2024-10-18 02:00:08,52.9277658073739
2024-10-18 03:00:08,54.0423196937924
2024-10-18 04:00:08,54.739342314428
2024-10-18 05:00:08,51.7724976487112
2024-10-18 06:00:08,52.8506477636858
2024-10-18 07:00:08,53.8236864071889
2024-10-18 08:00:08,54.0193928149783
2024-10-18 10:00:08,53.9132021064907
2024-10-18 11:00:08,53.7761940456185
2024-10-18 12:00:08,54.4325693224147
2024-10-18 13:00:08,54.052233326214
2024-10-18 14:00:08,54.737689245588
2024-10-18 16:00:08,53.5098037073561
2024-10-19 04:00:08,53.4107360179716
2024-10-19 05:00:08,52.0533411543581
2024-10-19 06:00:08,52.5050800354379
2024-10-19 07:00:08,52.5640417148844
2024-10-19 08:00:08,53.043554830611
2024-10-19 09:00:08,53.0655803202163
2024-10-19 10:00:08,52.2240103206445
2024-10-19 11:00:08,52.2359387762652
2024-10-19 12:00:08,52.922289943942
2024-10-19 13:00:08,53.7455136603522
2024-10-19 14:00:08,53.4026616020324
2024-10-19 15:00:08,53.4742323691175
2024-10-19 16:00:08,52.8605837173243
2024-10-19 17:00:08,52.320273357277
2024-10-19 18:00:08,52.3251995705142
2024-10-19 19:00:08,53.0788947908487
2024-10-19 20:00:08,53.9956380914376
2024-10-19 21:00:08,52.6864777480989
2024-10-19 22:00:08,53.3777272040591
2024-10-19 23:00:08,52.5062765546501
2024-10-20 00:00:02,52.8650685374208
2024-10-20 01:00:08,52.8505532760152
2024-10-20 02:00:08,48.7078395512494
2024-10-20 03:00:08,51.4191082124903
2024-10-20 04:00:08,51.8441990085526
2024-10-20 05:00:08,51.7023708953746
2024-10-20 06:00:08,53.5512433811662
2024-10-20 07:00:08,52.268348295527
2024-10-20 08:00:08,52.2003114445255
2024-10-20 09:00:08,52.645309386251
2024-10-20 10:00:08,52.1423418456094
2024-10-20 11:00:08,51.6151560128405
2024-10-20 12:00:08,52.4941076924333
2024-10-20 13:00:08,51.0367080460667
2024-10-20 14:00:08,50.0726869830243
2024-10-20 15:00:08,50.4137429323856
2024-10-20 16:00:08,53.2780684628833
2024-10-20 17:00:08,51.5535153016857
2024-10-20 18:00:08,52.1859211600693
2024-10-20 19:00:08,52.3428686539601
2024-10-20 20:00:08,52.1022311408333
2024-10-20 22:00:08,52.5567219556718
2024-10-20 23:00:08,52.4390027409905
2024-10-21 00:00:02,51.3987931678494
2024-10-21 01:00:08,51.0964019703061
2024-10-21 02:00:08,51.4750391968942
2024-10-21 03:00:08,51.3706507357719
2024-10-21 04:00:08,52.4127021920654
2024-10-21 05:00:08,52.5727860165978
2024-10-21 06:00:08,51.3539076899116
2024-10-21 07:00:08,51.6199544720629
2024-10-21 08:00:08,52.5657758989721
2024-10-21 09:00:08,51.8375659968801
2024-10-21 10:00:08,52.0681358174403
2024-10-21 11:00:08,51.3993325316088
2024-10-21 12:00:08,52.980998748516
2024-10-21 13:00:08,50.6938892335144
2024-10-21 14:00:08,51.5164545094539
2024-10-21 15:00:08,50.0703560188447
2024-10-21 16:00:08,51.6040773097439
2024-10-21 17:00:08,51.4113949156614
2024-10-21 18:00:08,51.8573142079685
2024-10-21 19:00:08,51.8961119312926
2024-10-21 20:00:08,51.1740906539972
2024-10-21 21:00:08,51.4739386227625
2024-10-21 22:00:08,51.1493663243238
2024-10-21 23:00:08,51.7170793603092
2024-10-22 00:00:01,50.0645447559038
2024-10-22 01:00:08,50.2979449142103
2024-10-22 02:00:08,50.6952600271095
2024-10-22 03:00:08,50.5454174046673
2024-10-22 04:00:08,50.3309030232171
2024-10-22 05:00:08,50.2621089029513
2024-10-22 06:00:08,49.2649210970626
2024-10-22 07:00:08,50.331908681113
2024-10-22 08:00:08,49.3816078536227
2024-10-22 09:00:08,50.0219738425639
2024-10-22 10:00:08,50.2086433380725
2024-10-22 11:00:08,50.9091833496985
2024-10-22 12:00:08,51.2576403060256
2024-10-22 13:00:08,51.4408708851473
2024-10-22 14:00:08,49.9295993478358
2024-10-22 16:00:08,51.467664240049
2024-10-22 17:00:08,50.1070724599581
2024-10-22 18:00:08,51.2118329228744
2024-10-22 19:00:08,50.172266551273
2024-10-23 00:00:00,49.3454732389369
2024-10-23 01:00:00,51.5464337399892
2024-10-23 02:00:00,50.7918466796425
2024-10-23 03:00:00,49.911064903072
2024-10-23 04:00:00,50.3308638037881
2024-10-23 05:00:00,51.1187877340505
2024-10-23 06:00:00,49.7229177793844
2024-10-23 07:00:00,51.2641953095864
2024-10-23 08:00:00,50.2720669292356
2024-10-23 09:00:00,52.0538032422399
2024-10-23 10:00:00,49.9793621932315
2024-10-23 11:00:00,48.850015486208
2024-10-23 12:00:00,51.211260400551
2024-10-23 13:00:00,49.7985447993265
2024-10-23 14:00:00,49.6921727068123
2024-10-23 15:00:00,49.1677424251842
2024-10-23 16:00:00,51.166080092519
2024-10-23 17:00:00,49.5066974693667
2024-10-23 18:00:00,49.5744908735267
2024-10-23 19:00:00,49.4277872573416
2024-10-23 20:00:00,50.5481266312105
2024-10-23 21:00:00,49.7052063823986
2024-10-23 22:00:00,50.3833142555319
2024-10-23 23:00:00,50.0609969538215
2024-10-24 00:00:00,48.5673866607035
2024-10-24 01:00:00,49.1106648022626
2024-10-24 02:00:00,50.0964335077523
2024-10-24 03:00:00,50.0653889493943
2024-10-24 04:00:00,48.9394016092128
2024-10-24 05:00:00,47.9702917765127
2024-10-24 06:00:00,49.750818814107
2024-10-24 07:00:00,48.6893466834457
2024-10-24 08:00:00,51.22263184664
2024-10-24 09:00:00,49.536953421012
2024-10-24 10:00:00,49.1739319324347
2024-10-24 11:00:00,50.1732766813303
2024-10-24 12:00:00,49.6877008484202
2024-10-24 13:00:00,49.7291181745909
2024-10-24 14:00:00,49.5731402621117
2024-10-24 15:00:00,48.8488841053699
2024-10-24 16:00:00,50.1720275166364
2024-10-24 17:00:00,50.0368989840572
2024-10-24 18:00:00,46.314105796209
2024-10-24 19:00:00,50.1906903551332
2024-10-24 20:00:00,49.7258923947348
2024-10-24 21:00:00,49.6205212284946
2024-10-24 22:00:00,50.5571749345759
2024-10-24 23:00:00,48.9460088632293
2024-10-25 00:00:00,48.2426748375165
2024-10-25 01:00:00,49.076586467241
2024-10-25 02:00:00,48.5277443251534
2024-10-25 03:00:00,47.6401131960958
2024-10-25 04:00:00,48.6742473705351
2024-10-25 05:00:00,47.8837989888457
2024-10-25 06:00:00,47.4372647230735
2024-10-25 07:00:00,48.4807679848138
2024-10-25 08:00:00,46.9547218865828
2024-10-25 09:00:00,49.5313834748576
2024-10-25 10:00:00,49.1406345961118
2024-10-25 11:00:00,47.5153066228843
2024-10-25 12:00:00,49.0923595708748
2024-10-25 14:00:00,48.1413451256645
2024-10-25 15:00:00,48.8683693852821
2024-10-25 16:00:00,48.2855259463472
2024-10-25 17:00:00,48.9785934326537
2024-10-25 18:00:00,48.3318295255742
2024-10-25 19:00:00,47.991019454343
2024-10-25 20:00:00,48.6481525224046
2024-10-25 21:00:00,48.4421341769595
2024-10-25 22:00:00,48.4793474304511
2024-10-25 23:00:00,49.1345608413035
2024-10-26 00:00:00,47.6756357035637
2024-10-26 01:00:00,49.3748457308222
2024-10-26 02:00:00,47.2819332343603
2024-10-26 03:00:00,47.8440745499663
2024-10-26 04:00:00,47.4701840520611
2024-10-26 05:00:00,48.4641505904352
2024-10-26 06:00:00,47.2400589835193
2024-10-26 07:00:00,48.4370623968651
2024-10-26 08:00:00,47.9255955505333
2024-10-26 09:00:00,47.5997656580167
2024-10-26 10:00:00,47.7589033841027
2024-10-26 11:00:00,47.4388820576048
2024-10-26 12:00:00,49.450671667541
2024-10-26 13:00:00,48.3911194954687
2024-10-26 14:00:00,48.3595224974585
2024-10-26 15:00:00,48.6302555407359
2024-10-27 03:00:00,47.7740298439909
2024-10-27 04:00:00,46.9628796390949
2024-10-27 05:00:00,47.3597053240572
2024-10-27 06:00:00,48.0897571762934
2024-10-27 07:00:00,47.7444456902111
2024-10-27 08:00:00,47.4884246191912
2024-10-27 09:00:00,48.0432354438196
2024-10-27 10:00:00,47.3820193521112
2024-10-27 11:00:00,46.420845627895
2024-10-27 12:00:00,47.1013109580792
2024-10-27 13:00:00,46.9845893343058
2024-10-27 14:00:00,47.3012932068606
2024-10-27 15:00:00,46.5179829722721
2024-10-27 16:00:00,46.8149603020822
2024-10-27 17:00:00,46.6293610060032
2024-10-27 18:00:00,46.5201617299124
2024-10-27 19:00:00,47.6214578008092
2024-10-27 20:00:00,47.5004851354969
2024-10-27 21:00:00,47.5273803139392
2024-10-27 22:00:00,46.2538459878536
2024-10-27 23:00:00,47.6992706771411
2024-10-28 00:00:00,46.1516121214591
2024-10-28 01:00:00,46.4871288743676
2024-10-28 02:00:00,46.7310978112294
2024-10-28 03:00:00,45.5674808291664
2024-10-28 04:00:00,45.7333560543237
2024-10-28 05:00:00,46.7920915890785
2024-10-28 06:00:00,46.3913671188356
2024-10-28 07:00:00,45.460114963119
2024-10-28 08:00:00,46.1863165566636
2024-10-28 09:00:00,46.973764426617
2024-10-28 10:00:00,55.365176579305
2024-10-28 11:00:00,46.0447079957274
2024-10-28 12:00:00,46.7241881411653
2024-10-28 13:00:00,46.5833988068111
2024-10-28 14:00:00,46.2412559152386
2024-10-28 15:00:00,45.602458245169
2024-10-28 16:00:00,46.7675950522571
2024-10-28 17:00:00,46.0147855494188
2024-10-28 18:00:00,47.0980786301095
2024-10-28 19:00:00,54.2671069437877
2024-10-28 20:00:00,48.003233459507
2024-10-28 21:00:00,45.9985103006945
2024-10-28 22:00:00,47.1620057361251
2024-10-28 23:00:00,46.7444193969093
2024-10-29 00:00:00,46.9255156493186
2024-10-29 01:00:00,46.2411346398557
2024-10-29 02:00:00,45.4850464687297
2024-10-29 03:00:00,46.6007908460672
2024-10-29 04:00:00,45.6654074641185
2024-10-29 05:00:00,46.0320326352998
2024-10-29 06:00:00,45.4427458210273
2024-10-29 07:00:00,46.5254100314703
2024-10-29 09:00:00,45.3180232790629
2024-10-29 10:00:00,46.2761351473598
2024-10-29 11:00:00,45.9788959329351
2024-10-29 12:00:00,45.1247628028373
2024-10-29 13:00:00,45.3775327586105
2024-10-29 14:00:00,45.9745164474363
2024-10-29 15:00:00,44.439857746605
2024-10-29 16:00:00,46.3349680145808
2024-10-29 17:00:00,45.9618003337399
2024-10-29 18:00:00,45.139659163276
2024-10-29 19:00:00,44.9415145986332
2024-10-29 20:00:00,46.1996535533688
2024-10-29 21:00:00,46.1446701104203
2024-10-29 22:00:00,45.2597525195893
2024-10-29 23:00:00,45.6358884203481
2024-10-30 00:00:00,45.3368860987198
2024-10-30 01:00:00,45.6735952813769
2024-10-30 02:00:00,45.0396280706724
2024-10-30 03:00:00,45.5788795915964
2024-10-30 04:00:00,44.6220870431152
2024-10-30 05:00:00,44.160525478209
2024-10-30 06:00:00,
2024-10-30 07:00:00,
2024-10-30 08:00:00,44.5092015444282
2024-10-30 09:00:00,43.8970751533127
2024-10-30 10:00:00,44.706045631142
2024-10-30 11:00:00,44.5169162801218
2024-10-30 12:00:00,45.2447796080891
2024-10-30 13:00:00,46.0092806233212
2024-10-30 14:00:00,46.4195603501042
2024-10-30 15:00:00,45.7927029299476
2024-10-30 16:00:00,44.7423884929186
2024-10-30 17:00:00,46.4569846246022
2024-10-30 18:00:00,46.2274557757162
2024-10-31 05:00:00,44.5485640080279
2024-10-31 06:00:00,44.82043165371
2024-10-31 07:00:00,44.5869055097949
2024-10-31 08:00:00,45.5989649649309
2024-10-31 09:00:00,44.0928614335046
2024-10-31 10:00:00,44.8288494970473
2024-10-31 11:00:00,46.1482355177442
2024-10-31 12:00:00,45.3380416346488
2024-10-31 13:00:00,45.9151803597292
2024-10-31 14:00:00,43.2992844573743
2024-10-31 15:00:00,45.6137917842042
2024-10-31 16:00:00,44.3807343528216
2024-10-31 17:00:00,43.945412498165
2024-10-31 18:00:00,44.6928056243981
2024-10-31 19:00:00,45.4639186306858
2024-10-31 20:00:00,44.4707226764187
2024-10-31 21:00:00,45.5046544017455
2024-10-31 22:00:00,44.5314491949427
2024-10-31 23:00:00,42.6923473630179
2024-11-01 00:00:00,42.9189480766627
2024-11-01 01:00:00,44.363336275922
2024-11-01 02:00:00,44.6830998400187
2024-11-01 03:00:00,43.3809523951893
2024-11-01 04:00:00,43.5889826197532
2024-11-01 05:00:00,43.5575849141
2024-11-01 06:00:00,45.0487096131087
2024-11-01 07:00:00,43.4348988115785
2024-11-01 08:00:00,43.700605342529
2024-11-01 09:00:00,45.163662219572
2024-11-01 10:00:00,44.2010669664529
2024-11-01 11:00:00,44.2194167282577
2024-11-01 12:00:00,44.5163316335868
2024-11-01 13:00:00,43.0681092713153
2024-11-01 15:00:00,44.6404038061928
2024-11-01 16:00:00,43.1893585526838
2024-11-01 17:00:00,42.7450761387539
2024-11-01 18:00:00,44.3017701592867
2024-11-01 19:00:00,42.3086300048105
2024-11-01 20:00:00,43.8426692631978
2024-11-01 21:00:00,43.8849494845949
2024-11-01 22:00:00,43.9118156550674
2024-11-01 23:00:00,54.6301247836135
2024-11-02 00:00:00,44.6942439781571
2024-11-02 01:00:00,42.2710472413044
2024-11-02 02:00:00,42.7237356411979
2024-11-02 03:00:00,44.459767039117
2024-11-02 04:00:00,44.0569551978955
2024-11-02 05:00:00,43.2271588657539
2024-11-02 06:00:00,44.0003216075398
2024-11-02 17:00:00,43.6054707712576
2024-11-02 19:00:00,43.7302204922923
2024-11-02 20:00:00,42.6141389534861
2024-11-02 21:00:00,44.0562864691769
2024-11-02 22:00:00,42.3612707165541
2024-11-02 23:00:00,43.2609446814212
2024-11-03 00:00:00,41.645704214633
2024-11-03 01:00:00,42.5961540502796
2024-11-03 02:00:00,42.5141935842017
2024-11-03 03:00:00,41.7647799109177
2024-11-03 04:00:00,41.6656770849284
2024-11-03 05:00:00,42.0906792863896
2024-11-03 06:00:00,42.6830170822979
2024-11-03 07:00:00,
2024-11-03 08:00:00,
2024-11-03 09:00:00,
2024-11-03 10:00:00,
2024-11-03 11:00:00,
2024-11-03 12:00:00,42.9114496883244
2024-11-03 13:00:00,41.4502532248025
2024-11-03 14:00:00,43.1062574217492
2024-11-03 15:00:00,41.8539948236533
2024-11-03 16:00:00,41.871397010516
2024-11-03 17:00:00,42.776855542773
2024-11-03 18:00:00,43.225485861914
2024-11-03 19:00:00,
2024-11-03 20:00:00,
2024-11-03 21:00:00,42.7391288374269
2024-11-03 22:00:00,42.3601404347563
2024-11-03 23:00:00,41.9061539880976
2024-11-04 00:00:00,41.156637513885
2024-11-04 01:00:00,40.6873867576525
2024-11-04 02:00:00,40.7473917075869
2024-11-04 03:00:00,41.0748152893616
2024-11-04 04:00:00,42.3769306232799
2024-11-04 05:00:00,42.2178923077321
2024-11-04 06:00:00,41.4732217928915
2024-11-04 08:00:00,41.8085545251365
2024-11-04 09:00:00,41.3159147387937
2024-11-04 10:00:00,39.6128657993694
2024-11-04 11:00:00,40.379645429938
2024-11-04 12:00:00,40.4785938081829
2024-11-04 13:00:00,40.0834095555269
2024-11-04 14:00:00,40.9744863400603
2024-11-04 15:00:00,46.0646461602778
2024-11-04 16:00:00,40.292359003119
2024-11-04 17:00:00,40.388887570132
2024-11-07 05:00:00,
2024-11-07 06:00:00,
2024-11-07 07:00:00,
2024-11-07 08:00:00,
2024-11-07 11:00:00,
2024-11-07 12:00:00,
2024-11-07 13:00:00,
2024-11-07 14:00:00,
2024-11-07 15:00:00,
2024-11-07 16:00:00,
2024-11-07 17:00:00,
2024-11-07 18:00:00,
2024-11-07 19:00:00,
2024-11-07 20:00:00,
2024-11-07 21:00:00,
2024-11-07 22:00:00,
2024-11-07 23:00:00,
2024-11-08 00:00:00,63.2443374956371
2024-11-08 01:00:00,62.9320473831666
2024-11-08 02:00:00,63.0431352699747
2024-11-08 03:00:00,62.9548903322436
2024-11-08 04:00:00,62.9549138735736
2024-11-08 05:00:00,62.5920069931889
2024-11-08 06:00:00,63.0275647291243
2024-11-08 07:00:00,62.7215076456392
2024-11-08 08:00:00,62.6945435627698
2024-11-08 09:00:00,63.0357215517163
2024-11-08 10:00:00,63.3926122716971
2024-11-08 11:00:00,63.2929984382536
2024-11-08 12:00:00,63.4185164451068
2024-11-08 13:00:00,63.0242229751795
2024-11-08 14:00:00,63.0382064816529
2024-11-08 15:00:00,62.920503685271
2024-11-08 16:00:00,63.0420897736225
2024-11-08 17:00:00,63.1219701995795
2024-11-08 18:00:00,63.0845571240794
2024-11-08 19:00:00,63.2190429114615
2024-11-08 20:00:00,63.177803326618
2024-11-08 21:00:00,62.4987851140185
2024-11-08 22:00:00,62.9450923762699
2024-11-08 23:00:00,62.6956509374446
2024-11-09 00:00:00,61.7088500170828
2024-11-09 01:00:00,62.2325214770547
2024-11-09 02:00:00,62.9104246405703
2024-11-09 03:00:00,62.6825559729741
2024-11-09 04:00:00,62.2462949432799
2024-11-09 05:00:00,62.2971327518719
2024-11-09 06:00:00,63.0311735053901
2024-11-09 07:00:00,62.0727149114767
2024-11-09 08:00:00,62.352171166469
2024-11-09 09:00:00,62.9889444742357
2024-11-09 10:00:00,62.80421916098
2024-11-09 11:00:00,62.7262836642273
2024-11-09 12:00:00,62.2072050358929
2024-11-09 13:00:00,63.1120963360202
2024-11-09 14:00:00,62.391552455015
2024-11-09 15:00:00,62.8628848810789
2024-11-09 16:00:00,62.6742658579249
2024-11-09 17:00:00,62.638174630648
2024-11-09 18:00:00,62.0447657363352
2024-11-09 19:00:00,63.0086289030183
2024-11-09 20:00:00,63.2435447377135
2024-11-09 21:00:00,62.7410457812588
2024-11-09 22:00:00,62.2710377868613
2024-11-09 23:00:00,62.0416473999621
2024-11-10 00:00:00,61.8361316024073
2024-11-10 01:00:00,61.3771354474046
2024-11-10 02:00:00,61.5854864130363
2024-11-10 03:00:00,61.6517484506818
2024-11-10 04:00:00,61.6460334866444
2024-11-10 05:00:00,61.5819662617531
2024-11-10 06:00:00,61.4056552042857
2024-11-10 07:00:00,61.6490142029817
2024-11-10 08:00:00,61.284078378662
2024-11-10 09:00:00,61.4231428912733
2024-11-10 10:00:00,61.4304879430332
2024-11-10 11:00:00,61.8958765270802
2024-11-11 00:00:00,60.0602343518494
2024-11-11 01:00:00,60.2640368613032
2024-11-11 02:00:00,59.6642653408674
2024-11-11 03:00:00,59.82147475346
2024-11-11 04:00:00,61.01825936366
2024-11-11 05:00:00,60.0341043162871
2024-11-11 06:00:00,60.758462142902
2024-11-11 07:00:00,58.7303456557039
2024-11-11 08:00:00,59.2947206547287
2024-11-11 09:00:00,59.9783632243524
2024-11-11 10:00:00,60.8105767566068
2024-11-11 11:00:00,60.6090025763262
2024-11-11 12:00:00,59.7161161560649
2024-11-11 13:00:00,59.7692338805018
2024-11-11 14:00:00,60.9248718289473
2024-11-11 15:00:00,61.177268149318
2024-11-11 16:00:00,60.0044022881548
2024-11-11 17:00:00,58.6758800705661
2024-11-11 18:00:00,59.8317265777751
2024-11-11 19:00:00,
2024-11-11 20:00:00,59.4174599131426
2024-11-11 21:00:00,58.666899263053
2024-11-11 22:00:00,60.0083716113302
2024-11-11 23:00:00,61.410352881894
2024-11-12 00:00:00,59.1709274440581
2024-11-12 01:00:00,58.6115318305554
2024-11-12 02:00:00,59.5399248099663
2024-11-12 03:00:00,59.1212847423538
2024-11-12 04:00:00,58.9300923826873
2024-11-12 05:00:00,59.1937648765962
2024-11-12 06:00:00,58.8058304299493
2024-11-12 07:00:00,59.510853579253
2024-11-12 08:00:00,59.1851228417804
2024-11-12 09:00:00,59.877604407938
2024-11-12 10:00:00,59.0863165664939
2024-11-12 11:00:00,59.2797064127444
2024-11-12 12:00:00,60.5929337256323
2024-11-12 13:00:00,57.8290859773206
2024-11-12 14:00:00,59.7274256337542
2024-11-12 15:00:00,57.7883495060404
2024-11-12 16:00:00,60.1245617024108
2024-11-12 17:00:00,59.6236776530923
2024-11-12 18:00:00,60.3382636916088
2024-11-12 19:00:00,58.7921470216581
2024-11-12 20:00:00,60.6190978641517
2024-11-12 21:00:00,59.1743886231847
2024-11-12 22:00:00,58.7901081208137
2024-11-12 23:00:00,58.3312348193881
2024-11-13 00:00:00,58.2071610442724
2024-11-13 01:00:00,59.1479224509733
2024-11-13 02:00:00,59.3546193272442
2024-11-13 03:00:00,59.0625884314235
2024-11-13 04:00:00,58.9928600614024
2024-11-13 05:00:00,58.7415241555339
2024-11-13 07:00:00,56.891503133357
2024-11-13 08:00:00,59.2415962992483
2024-11-13 09:00:00,58.6189519000662
2024-11-13 10:00:00,58.277577736158
2024-11-13 11:00:00,58.0484602109443
2024-11-13 12:00:00,58.2382144180676
2024-11-13 13:00:00,57.7849240662669
2024-11-13 14:00:00,57.8411679082485
2024-11-13 15:00:00,57.590407276959
2024-11-13 16:00:00,59.3860468302854
2024-11-13 17:00:00,57.9262733571666
2024-11-13 18:00:00,59.4833473315669
2024-11-13 19:00:00,57.4944825713428
2024-11-13 20:00:00,59.3359832492406
2024-11-13 21:00:00,59.0718593118087
2024-11-13 22:00:00,57.7998284132362
2024-11-13 23:00:00,57.848481201991
2024-11-14 00:00:00,59.293091280339
2024-11-14 01:00:00,57.3731924770657
2024-11-14 02:00:00,57.9010721478703
2024-11-14 03:00:00,57.7255835849616
2024-11-14 04:00:00,57.8504655667268
2024-11-14 05:00:00,58.0315942071301
2024-11-14 06:00:00,58.5265442601463
2024-11-14 07:00:00,58.3437284262758
2024-11-14 08:00:00,57.4390041661141
2024-11-14 09:00:00,58.6061058605061
2024-11-14 10:00:00,58.3059837756086
2024-11-14 12:00:00,56.6750425287055
2024-11-14 13:00:00,58.3634250644395
2024-11-14 14:00:00,57.1101587131178
2024-11-15 02:00:00,56.0116330593474
2024-11-15 03:00:00,57.1159260558742
2024-11-15 04:00:00,57.6523615846396
2024-11-15 05:00:00,57.8166498266202
2024-11-15 07:00:00,58.1512044096226
2024-11-15 08:00:00,57.5681844703687
2024-11-15 09:00:00,57.4787601959691
2024-11-15 10:00:00,56.0669494132022
2024-11-15 11:00:00,58.2483812500021
2024-11-15 12:00:00,57.3952099850516
2024-11-15 13:00:00,57.6154635069725
2024-11-15 14:00:00,56.2728098148427
2024-11-15 15:00:00,56.2970546263651
2024-11-15 16:00:00,58.9258362236276
2024-11-15 17:00:00,56.8095895106016
2024-11-15 18:00:00,58.1949062983905
2024-11-15 19:00:00,57.561307360726
2024-11-15 20:00:00,57.5804492619239
2024-11-15 21:00:00,58.3511901524852
2024-11-15 22:00:00,56.2729028065426
2024-11-15 23:00:00,57.6993413077704
2024-11-16 00:00:00,55.7402390550426
2024-11-16 01:00:00,55.5114802836003
2024-11-16 02:00:00,56.3724567709084
2024-11-16 03:00:00,56.7505653861828
2024-11-16 04:00:00,56.054218080302
2024-11-16 05:00:00,56.002227374541
2024-11-16 06:00:00,57.3595501016096
2024-11-16 07:00:00,56.7700329897607
2024-11-16 08:00:00,55.8245638345992
2024-11-16 09:00:00,56.2811032724938
2024-11-16 10:00:00,56.6384669342569
2024-11-16 11:00:00,56.0085901542435
2024-11-16 12:00:00,55.5497232479612
2024-11-16 13:00:00,55.3796694670086
2024-11-16 14:00:00,56.5070870443878
2024-11-16 15:00:00,55.0574390302092
2024-11-16 16:00:00,56.6343244060132
2024-11-16 17:00:00,56.2681660285452
2024-11-16 18:00:00,55.4453552806013
2024-11-16 19:00:00,55.7677269792311
2024-11-16 20:00:00,55.3778665881747
2024-11-16 21:00:00,56.9136433926796
2024-11-16 22:00:00,56.0390335944844
2024-11-16 23:00:00,57.2977544513047
2024-11-17 00:00:00,55.3407381752872
2024-11-17 01:00:00,55.5931998716989
2024-11-17 02:00:00,54.3108702679094
2024-11-17 03:00:00,55.1680845610077
2024-11-17 04:00:00,54.8601223321119
2024-11-17 05:00:00,54.3752527684236
2024-11-17 07:00:00,56.6960666532754
2024-11-17 08:00:00,56.2085198060733
2024-11-17 09:00:00,56.7598817195833
2024-11-17 10:00:00,55.0740488668289
2024-11-17 11:00:00,54.6859072322527
2024-11-17 12:00:00,55.7516326090802
2024-11-17 13:00:00,55.0321080880979
2024-11-17 14:00:00,54.7946321996659
2024-11-17 15:00:00,55.6484892646565
2024-11-17 16:00:00,54.8466945552159
2024-11-17 17:00:00,55.8303396856665
2024-11-17 18:00:00,55.4134792923211
2024-11-17 19:00:00,55.8478937287272
2024-11-17 20:00:00,55.9548416742969
2024-11-17 21:00:00,54.7383324414739
2024-11-17 22:00:00,55.1561477510043
2024-11-17 23:00:00,55.8783795678133
2024-11-18 00:00:00,55.5529583287827
2024-11-18 01:00:00,54.0460566166621
2024-11-18 02:00:00,56.0545605217101
2024-11-18 03:00:00,54.317912035963
2024-11-18 04:00:00,56.0830093400545
2024-11-18 05:00:00,55.6106800052073
2024-11-18 06:00:00,54.7758352363509
2024-11-18 07:00:00,55.6344046249977
2024-11-18 08:00:00,55.9470411608298
2024-11-18 09:00:00,54.147705440945
2024-11-18 10:00:00,55.4856587712102
2024-11-18 11:00:00,56.1429855197535
2024-11-18 12:00:00,55.7251984084779
2024-11-18 13:00:00,56.649760844039
2024-11-18 14:00:00,54.5039405705014
2024-11-18 15:00:00,54.2218810353432
2024-11-18 16:00:00,55.4122743730206
2024-11-19 04:00:00,54.5981541383573
2024-11-19 05:00:00,53.8528352028885
2024-11-19 06:00:00,54.4414438201695
2024-11-19 07:00:00,56.1463419425301
2024-11-19 08:00:00,56.0014612839454
2024-11-19 10:00:00,55.680493669777
2024-11-19 11:00:00,53.2274292731819
2024-11-19 12:00:00,55.2953582542113
2024-11-19 13:00:00,53.9122839180282
2024-11-19 14:00:00,55.484993494472
2024-11-19 15:00:00,55.7631033898793
2024-11-19 16:00:00,54.9137534614067
2024-11-19 17:00:00,54.5821482217219
2024-11-19 18:00:00,54.2994121508414
2024-11-19 19:00:00,54.4116563388094
2024-11-19 20:00:00,55.4787504134403
2024-11-19 21:00:00,54.1929282162212
2024-11-19 22:00:00,54.7594665626026
2024-11-19 23:00:00,54.4997177975637
2024-11-20 00:00:00,55.0195993538024
2024-11-20 01:00:00,53.9940447378806
2024-11-20 02:00:00,53.2116152201928
2024-11-20 03:00:00,53.1706524376636
2024-11-20 04:00:00,54.0997232676425
2024-11-20 05:00:00,53.736716830216
2024-11-20 06:00:00,44.4601035655315
2024-11-20 07:00:00,54.9265263476807
2024-11-20 08:00:00,53.0059616755043
2024-11-20 09:00:00,53.4122259743595
2024-11-20 10:00:00,60.5282391865573
2024-11-20 11:00:00,54.6258483911062
2024-11-20 12:00:00,54.9583145504701
2024-11-20 13:00:00,54.3390752564393
2024-11-20 14:00:00,55.107580441392
2024-11-20 15:00:00,54.9787127541816
2024-11-20 16:00:00,54.7157944621844
2024-11-20 17:00:00,53.2614489015285
2024-11-20 18:00:00,53.7659546077944
2024-11-20 19:00:00,55.8253248773879
2024-11-20 20:00:00,54.9303832141207
2024-11-20 21:00:00,55.5823701118156
2024-11-20 22:00:00,53.2368824158101
2024-11-20 23:00:00,53.4680133288279
2024-11-21 00:00:00,53.8592095412037
2024-11-21 01:00:00,53.8988135185967
2024-11-21 02:00:00,55.8165617709887
2024-11-21 03:00:00,54.0554980475454
2024-11-21 04:00:00,53.8566732130485
2024-11-21 05:00:00,54.8456522049877
2024-11-21 06:00:00,53.017670667639
2024-11-21 07:00:00,54.501465827808
2024-11-21 08:00:00,53.5643303747616
2024-11-21 09:00:00,54.6500763630495
2024-11-21 10:00:00,54.0654508105566
2024-11-21 11:00:00,53.96717664476
2024-11-21 12:00:00,55.0464924759089
2024-11-21 13:00:00,54.2005422678379
2024-11-21 14:00:00,51.9525677328322
2024-11-21 15:00:00,53.6118271653455
2024-11-21 16:00:00,52.701377575738
2024-11-21 17:00:00,53.0356367448449
2024-11-21 18:00:00,53.2427372882565
2024-11-21 19:00:00,53.2342431790992
2024-11-21 20:00:00,54.0178266592514
2024-11-21 21:00:00,54.1015804258906
2024-11-21 22:00:00,54.1762362556284
2024-11-21 23:00:00,54.3022076352903
2024-11-22 00:00:00,52.7539020134798
2024-11-22 01:00:00,52.3333231570436
2024-11-22 02:00:00,53.7922473000662
2024-11-22 03:00:00,54.287778465763
2024-11-22 04:00:00,52.3630359454037
2024-11-22 05:00:00,54.3313857938827
2024-11-22 06:00:00,51.7326412204133
2024-11-22 07:00:00,52.6562471343311
2024-11-22 08:00:00,52.6830062825685
2024-11-22 09:00:00,52.9231554634875
2024-11-22 10:00:00,53.4660157545614
2024-11-22 11:00:00,52.825778881862
2024-11-22 12:00:00,54.303485596035
2024-11-22 13:00:00,53.0152506626472
2024-11-22 14:00:00,53.2972380336383
2024-11-22 15:00:00,53.2420971674873
2024-11-22 16:00:00,54.1546743664254
2024-11-22 17:00:00,52.541162335406
2024-11-22 18:00:00,52.9127763670753
2024-11-22 19:00:00,52.5350299153085
2024-11-23 05:00:00,51.2786369684526
2024-11-23 06:00:00,51.5600199710033
2024-11-23 08:00:00,51.8280577483976
2024-11-23 09:00:00,51.9321823879339
2024-11-23 10:00:00,53.0847565513952
2024-11-23 11:00:00,52.9246253614995
2024-11-23 12:00:00,52.4079735811318
2024-11-23 13:00:00,52.3948455699378
2024-11-23 14:00:00,53.4443763532577
2024-11-23 15:00:00,54.1292353051689
2024-11-23 16:00:00,54.7337147692331
2024-11-23 17:00:00,53.0224674169456
2024-11-23 18:00:00,51.9425968666708
2024-11-23 19:00:00,53.5008268202151
2024-11-23 20:00:00,52.4157971204052
2024-11-23 21:00:00,51.422363002366
2024-11-23 22:00:00,53.1017057641761
2024-11-23 23:00:00,52.6128748185111
2024-11-24 00:00:00,52.0031722407532
2024-11-24 01:00:00,52.6627812874407
2024-11-24 02:00:00,52.120976382041
2024-11-24 03:00:00,52.9439442540036
2024-11-24 04:00:00,52.3904687831446
2024-11-24 05:00:00,52.0659326053878
2024-11-24 06:00:00,51.9093159129703
2024-11-24 08:00:00,51.6420823569204
2024-11-24 09:00:00,51.7810419965416
2024-11-24 10:00:00,52.1318977963826
2024-11-24 11:00:00,50.7476136153933
2024-11-24 12:00:00,51.6643492503439
2024-11-24 13:00:00,52.5340404983351
2024-11-24 14:00:00,52.2463122993547
2024-11-24 15:00:00,51.3372249944137
2024-11-24 16:00:00,51.3748942504654
2024-11-24 17:00:00,53.0991005936138
2024-11-24 18:00:00,53.4873203768835
2024-11-24 19:00:00,52.1835332339144
2024-11-24 20:00:00,51.6924016764959
2024-11-24 21:00:00,52.0201259889182
2024-11-24 22:00:00,50.7761104261965
2024-11-24 23:00:00,52.4484300794056
2024-11-25 00:00:00,50.9753885817411
2024-11-25 01:00:00,51.7000870022509
2024-11-25 02:00:00,51.3776562369845
2024-11-25 03:00:00,51.4552385627016
2024-11-25 04:00:00,50.9180778847085
2024-11-25 05:00:00,50.9563769178898
2024-11-25 06:00:00,51.4374080694354
2024-11-25 07:00:00,52.0375688836234
2024-11-25 08:00:00,50.7002414577152
2024-11-25 09:00:00,50.6469882990633
2024-11-25 10:00:00,51.1697968967355
2024-11-25 11:00:00,51.3670054926344
2024-11-25 12:00:00,51.52012839172
2024-11-25 13:00:00,50.1436048597792
2024-11-25 14:00:00,50.9914827556234
2024-11-25 15:00:00,50.6600001324306
2024-11-25 16:00:00,49.7454123776653
2024-11-25 17:00:00,50.3238869514799
2024-11-25 18:00:00,51.1862214608538
2024-11-25 19:00:00,50.9015219379009
2024-11-25 20:00:00,51.4071668904822
2024-11-25 21:00:00,50.5961767436989
2024-11-25 23:00:00,50.8677836335087
2024-11-26 00:00:00,51.9497382922385
2024-11-26 01:00:00,50.358907054973
2024-11-26 02:00:00,49.3820100613512
2024-11-26 03:00:00,50.1707899691277
2024-11-26 04:00:00,49.4871438111061
2024-11-26 05:00:00,50.5929611751032
2024-11-26 06:00:00,49.4054503741442
2024-11-26 07:00:00,50.4256626433071
2024-11-26 08:00:00,49.0389693534015
2024-11-26 09:00:00,49.3815446870709
2024-11-26 10:00:00,50.3392004322002
2024-11-26 11:00:00,48.6465246483747
2024-11-26 12:00:00,50.2708568787091
2024-11-26 13:00:00,49.1759341698669
2024-11-26 14:00:00,49.4950954751102
2024-11-26 15:00:00,49.9587152925049
2024-11-26 16:00:00,49.6978931953723
2024-11-26 17:00:00,50.1176682990772
2024-11-26 18:00:00,49.8677086321971
2024-11-26 19:00:00,49.7722269928989
2024-11-26 20:00:00,50.1063669787229
2024-11-26 21:00:00,50.9067860760378
2024-11-26 22:00:00,49.7144448606509
2024-11-26 23:00:00,49.9480134076091
2024-11-27 00:00:00,50.1240554625015
2024-11-27 01:00:00,49.2593565700362
2024-11-27 02:00:00,49.962708463136
2024-11-27 03:00:00,49.2443107950891
2024-11-27 04:00:00,48.2833181786485
2024-11-27 05:00:00,50.3036159903016
2024-11-27 06:00:00,49.7340536061263
2024-11-27 07:00:00,49.2584422075012
2024-11-27 08:00:00,48.9767830672512
2024-11-27 09:00:00,49.8016768227127
2024-11-27 10:00:00,49.9456877191221
2024-11-27 11:00:00,48.240187725402
2024-11-27 12:00:00,49.0655460463924
2024-11-27 13:00:00,48.3712463078074
2024-11-27 14:00:00,49.8660783668023
2024-11-27 23:00:00,48.6684285871354
2024-11-28 00:00:00,47.1509305887587
2024-11-28 01:00:00,47.4601599417151
2024-11-28 02:00:00,48.5370210444533
2024-11-28 03:00:00,47.0502327966736
2024-11-28 04:00:00,49.0950982314697
2024-11-28 05:00:00,47.5781455208352
2024-11-28 06:00:00,48.3472779889696
2024-11-28 07:00:00,49.0833016610993
2024-11-28 08:00:00,48.8109514728528
2024-11-30 07:00:00,48.4055038243807
2024-11-30 08:00:00,46.568209439315
2024-11-30 09:00:00,48.6725328611921
2024-11-30 10:00:00,47.5929693188764
2024-11-30 11:00:00,48.2635377778102
2024-11-30 12:00:00,48.7912123362017
2024-11-30 13:00:00,47.6148896940878
2024-11-30 14:00:00,47.1108491447207
2024-11-30 15:00:00,47.8385378340731
2024-11-30 16:00:00,48.0852112990213
2024-11-30 17:00:00,48.7252133906183
2024-11-30 18:00:00,47.425852181643
2024-11-30 19:00:00,49.0691638453518
2024-11-30 20:00:00,48.5735151937219
2024-11-30 21:00:00,48.1209336122835
2024-11-30 22:00:00,47.2560644436225
2024-11-30 23:00:00,47.5536213542294
2024-12-01 00:00:00,47.0789162594418
2024-12-01 01:00:00,47.4177674805797
2024-12-01 02:00:00,47.568499967352
2024-12-01 03:00:00,47.6268648177432
2024-12-01 04:00:00,47.1461073771074
2024-12-01 05:00:00,46.7486068567042
2024-12-01 06:00:00,47.1617133067275
2024-12-01 07:00:00,47.2223462269765
2024-12-01 08:00:00,47.3523857807599
2024-12-01 09:00:00,47.5514221009503
2024-12-01 10:00:00,47.1720317082705
2024-12-01 11:00:00,46.5425827946451
2024-12-01 12:00:00,47.0879696150219
2024-12-01 13:00:00,46.9764983959023
2024-12-01 14:00:00,46.7974236327626
2024-12-01 15:00:00,46.9040412324097
2024-12-01 16:00:00,42.6840288668989
2024-12-01 17:00:00,46.2517552024829
2024-12-01 18:00:00,47.3253974021955
2024-12-01 19:00:00,47.1474003886312
2024-12-01 20:00:00,47.2829459029671
2024-12-01 21:00:00,46.9097622107897
2024-12-01 22:00:00,47.4508132821327
2024-12-01 23:00:00,47.1466642419467
2024-12-02 00:00:00,45.803645367421
2024-12-02 01:00:00,46.5052572730492
2024-12-02 02:00:00,45.9053631975589
2024-12-02 03:00:00,46.029675143487
2024-12-02 04:00:00,46.1318246659198
2024-12-02 05:00:00,46.5046763823929
2024-12-02 06:00:00,45.7515901778787
2024-12-02 07:00:00,46.5613324357104
2024-12-02 08:00:00,45.6864828214134
2024-12-02 09:00:00,45.8145208180388
2024-12-02 10:00:00,45.4020118659296
2024-12-02 11:00:00,46.1936483926871
2024-12-02 12:00:00,45.8872189205655
2024-12-02 13:00:00,45.8852429206855
2024-12-02 14:00:00,46.562949428301
2024-12-02 15:00:00,45.4658136133962
2024-12-02 16:00:00,45.9938113637668
2024-12-02 17:00:00,46.4115055473495
2024-12-02 18:00:00,45.3904054903375
2024-12-02 19:00:00,46.1953707218486
2024-12-02 20:00:00,46.0297660018072
2024-12-02 21:00:00,46.5097390290942
2024-12-02 22:00:00,46.1959275307899
2024-12-02 23:00:00,46.0154233359439
2024-12-03 00:00:00,44.9338291174907
2024-12-03 01:00:00,45.0839522424624
2024-12-03 02:00:00,45.6063930773377
2024-12-03 03:00:00,45.791245515937
2024-12-03 04:00:00,45.549424059257
2024-12-03 05:00:00,45.4938390294643
2024-12-03 06:00:00,45.7037091401757
2024-12-03 07:00:00,45.492455669763
2024-12-03 08:00:00,45.4391453085144
2024-12-03 09:00:00,45.5868466636573
2024-12-03 10:00:00,45.0422761443182
2024-12-03 11:00:00,45.3257196907803
2024-12-03 12:00:00,45.1309049826798
2024-12-03 13:00:00,44.7799465121726
2024-12-03 14:00:00,45.6583937810714
2024-12-03 15:00:00,45.0685269757674
2024-12-03 16:00:00,45.0392821514968
2024-12-03 17:00:00,45.5841993987829
2024-12-03 18:00:00,45.128445649552
2024-12-03 19:00:00,45.3862601381414
2024-12-03 20:00:00,45.4494559787987
2024-12-03 21:00:00,45.1967442193992
2024-12-03 22:00:00,45.084113280128
2024-12-04 00:00:00,44.3923968950743
2024-12-04 09:00:00,45.2435569806693
2024-12-04 11:00:00,44.8397209258867
2024-12-04 12:00:00,44.9402466455235
2024-12-04 13:00:00,
2024-12-04 14:00:00,
2024-12-04 15:00:00,
2024-12-04 16:00:00,
2024-12-04 17:00:00,44.6638362421643
2024-12-04 18:00:00,44.6368169645822
2024-12-04 19:00:00,44.8095611244883
2024-12-04 20:00:00,45.2442918819883
2024-12-04 21:00:00,44.6970027959168
2024-12-04 22:00:00,44.7136411165597
2024-12-04 23:00:00,44.5309319112196
2024-12-05 00:00:00,43.6253071342991
2024-12-05 01:00:00,44.2098676057961
2024-12-05 02:00:00,44.3586924568067
2024-12-05 03:00:00,44.0262024469505
2024-12-05 04:00:00,44.0967427184441
2024-12-05 05:00:00,44.2253628674446
2024-12-05 06:00:00,43.4738093858272
2024-12-05 07:00:00,43.779590571902
2024-12-05 08:00:00,43.7183563445757
2024-12-05 09:00:00,43.8000236497279
2024-12-05 10:00:00,43.8053866584706
2024-12-05 12:00:00,43.6699217136953
2024-12-05 13:00:00,43.490280366371
2024-12-05 14:00:00,43.8450775303917
2024-12-05 15:00:00,43.2340064296671
2024-12-05 16:00:00,43.8639936416677
2024-12-05 17:00:00,44.4002272438829
2024-12-05 18:00:00,43.769779158697
2024-12-05 19:00:00,43.9756245338617
2024-12-05 20:00:00,43.2826887091383
2024-12-05 21:00:00,44.0836385354925
2024-12-05 22:00:00,44.2302310400275
2024-12-05 23:00:00,43.3367412155777
2024-12-06 00:00:00,43.2470499364422
2024-12-06 01:00:00,43.4697552362307
2024-12-06 02:00:00,43.2618063350936
2024-12-06 03:00:00,43.8036858234719
2024-12-06 04:00:00,43.0656541653468
2024-12-06 05:00:00,43.3301687229673
2024-12-06 06:00:00,43.5640296897998
2024-12-06 07:00:00,43.6571187550837
2024-12-06 08:00:00,43.4792384618256
2024-12-06 09:00:00,43.6965031099741
2024-12-06 10:00:00,43.27648570263
2024-12-06 11:00:00,43.0144808030482
2024-12-06 12:00:00,43.3242584463702
2024-12-06 13:00:00,42.943974976277
2024-12-06 14:00:00,43.0167932603662
2024-12-06 15:00:00,43.190769464863
2024-12-06 16:00:00,42.9595977370729
2024-12-06 17:00:00,43.0588334184455
2024-12-06 18:00:00,42.9227787862118
2024-12-06 19:00:00,43.4103950744455
2024-12-06 20:00:00,43.6564400324749
2024-12-06 21:00:00,43.2323268641112
2024-12-06 22:00:00,43.8074188208741
2024-12-06 23:00:00,43.3688179428248
2024-12-07 00:00:00,43.4467950904328
2024-12-07 01:00:00,43.5811055179185
2024-12-07 02:00:00,43.496711114437
2024-12-07 03:00:00,43.3542460012017
2024-12-07 04:00:00,42.8571041253537
2024-12-07 05:00:00,42.5006094623141
2024-12-07 06:00:00,43.1339593915953
2024-12-07 07:00:00,43.0901949057042
2024-12-07 08:00:00,43.1564073724108
2024-12-07 09:00:00,42.7664509221997
2024-12-07 10:00:00,43.5681791290418
2024-12-07 11:00:00,43.2379273102516
2024-12-07 12:00:00,42.9396940397372
2024-12-07 13:00:00,43.0759445148116
2024-12-07 14:00:00,43.4018322627062
2024-12-07 15:00:00,42.8733164240439
2024-12-07 16:00:00,43.467769972364
2024-12-07 17:00:00,43.5660975496588
2024-12-07 18:00:00,42.9025221468352
2024-12-07 19:00:00,43.5851114799364
2024-12-07 20:00:00,42.8737302475832
2024-12-07 22:00:00,43.0758752426808
2024-12-07 23:00:00,43.4045523331807
2024-12-08 00:00:00,42.7195657529293
2024-12-08 09:00:00,42.5839375942502
2024-12-08 10:00:00,42.0321730395703
2024-12-08 11:00:00,42.3734711699985
2024-12-08 12:00:00,41.5614810151357
2024-12-08 13:00:00,42.4082687379253
2024-12-08 14:00:00,42.7000544522696
2024-12-08 15:00:00,42.380773518581
2024-12-08 16:00:00,41.9539071336163
2024-12-08 17:00:00,42.1396470214753
2024-12-08 18:00:00,42.7168806562967
2024-12-08 19:00:00,42.120055940195
2024-12-13 06:00:00,41.8708365358028
2024-12-13 07:00:00,41.1951247754469
2024-12-13 08:00:00,41.5137416820332
2024-12-13 09:00:00,42.0546110970268
2024-12-13 10:00:00,42.2882534483676
2024-12-13 11:00:00,41.0486108533868
2024-12-13 12:00:00,41.3054909568281
2024-12-13 13:00:00,41.494375670533
2024-12-13 14:00:00,42.2447423221254
2024-12-13 15:00:00,41.8956427076745
2024-12-13 16:00:00,41.6675185152719
2024-12-13 17:00:00,41.9237185663814
2024-12-13 18:00:00,41.1385601123499
2024-12-13 19:00:00,41.0988638376746
2024-12-13 20:00:00,41.5508853981721
2024-12-13 21:00:00,41.7501203050261
2024-12-13 22:00:00,41.8222273115336
2024-12-13 23:00:00,41.4330268422242
2024-12-14 00:00:00,40.3352986386485
2024-12-14 01:00:00,40.0193983560168
2024-12-14 02:00:00,40.2181814364015
2024-12-14 03:00:00,40.6189578021012
2024-12-14 04:00:00,40.3718600172855
2024-12-14 05:00:00,39.7453389208471
2024-12-14 06:00:00,40.246582640475
2024-12-14 07:00:00,39.9522079581746
2024-12-14 08:00:00,40.157680275502
2024-12-14 09:00:00,40.4004401265334
2024-12-14 10:00:00,40.4068155740703
2024-12-14 11:00:00,40.2332415277627
2024-12-14 12:00:00,40.255595940712
2024-12-14 13:00:00,40.4911284679235
2024-12-14 14:00:00,40.8973394398662
2024-12-14 15:00:00,40.169701757052
2024-12-14 16:00:00,40.0832705647886
2024-12-14 17:00:00,40.1559373696242
2024-12-14 18:00:00,40.0597152612767
2024-12-14 19:00:00,40.7674663138826
2024-12-14 20:00:00,40.3849105693823
2024-12-14 21:00:00,40.5435431502705
2024-12-14 22:00:00,39.7551195510578
2024-12-14 23:00:00,39.8555065153896
2024-12-15 00:00:00,39.3916821806812
2024-12-15 01:00:00,39.3697809392153
2024-12-15 02:00:00,38.8950793396851
2024-12-15 03:00:00,38.7266443553666
2024-12-15 04:00:00,38.7065311052729
2024-12-15 05:00:00,32.548040632481
2024-12-15 06:00:00,39.6796453589447
2024-12-15 07:00:00,46.1270046485672
2024-12-15 08:00:00,39.9112673280492
2024-12-15 20:00:00,39.5549799895869
2024-12-15 21:00:00,40.3106402356127
2024-12-15 22:00:00,39.8631481408532
2024-12-15 23:00:00,39.9993978117209
2024-12-16 00:00:00,38.3772485493922
2024-12-16 01:00:00,38.4424329638773
2024-12-16 02:00:00,39.0768475471982
2024-12-16 03:00:00,38.390683785537
2024-12-16 04:00:00,37.4911933613019
2024-12-16 05:00:00,38.0111730707209
2024-12-16 06:00:00,37.7893429760663
2024-12-16 07:00:00,38.5261734841004
2024-12-16 08:00:00,38.7007618973855
2024-12-16 09:00:00,38.5640257750566
2024-12-16 10:00:00,38.2062364141813
2024-12-16 11:00:00,38.5921814263911
2024-12-16 12:00:00,38.2026522331738
2024-12-16 13:00:00,38.3934614860083
2024-12-16 14:00:00,38.1335537207689
2024-12-16 15:00:00,37.8249488221043
2024-12-16 16:00:00,38.2105969767722
2024-12-16 17:00:00,38.5798169573534
2024-12-16 18:00:00,38.6941020404194
2024-12-16 19:00:00,38.342926922057
2024-12-16 20:00:00,38.5676534341406
2024-12-16 21:00:00,37.9265751335132
2024-12-16 22:00:00,37.7484353467528
2024-12-16 23:00:00,38.7523527059653
2024-12-17 00:00:00,38.0588053472333
2024-12-17 01:00:00,38.4368337497771
2024-12-17 02:00:00,37.7333581794045
2024-12-17 03:00:00,37.8295857456199
2024-12-17 04:00:00,38.6346541174566
2024-12-17 05:00:00,38.0696071076116
2024-12-17 06:00:00,37.851634849094
2024-12-17 07:00:00,37.7364286881786
2024-12-17 08:00:00,37.5561084051551
2024-12-17 09:00:00,37.2020627494908
2024-12-17 10:00:00,38.063795971862
2024-12-17 11:00:00,38.0104260575248
2024-12-17 12:00:00,38.231177704403
2024-12-17 13:00:00,38.0820000485221
2024-12-17 14:00:00,37.6132983662324
2024-12-17 15:00:00,38.4127929713078
2024-12-17 16:00:00,39.008752544588
2024-12-17 17:00:00,38.2172223153356
2024-12-17 18:00:00,37.9492817287542
2024-12-17 19:00:00,38.1016584377027
2024-12-17 20:00:00,37.9481496278891
2024-12-17 21:00:00,
2024-12-17 22:00:00,
2024-12-17 23:00:00,
2024-12-18 00:00:00,
2024-12-18 01:00:00,37.8244415381493
2024-12-18 02:00:00,37.3054536402504
2024-12-18 03:00:00,37.176065677359
2024-12-18 04:00:00,37.2268661475977
2024-12-18 05:00:00,36.6824922686922
2024-12-18 06:00:00,37.3289976944141
2024-12-18 07:00:00,37.446838947281
2024-12-18 08:00:00,37.4442786258605
2024-12-18 09:00:00,37.5224751145757
2024-12-18 10:00:00,37.1636633455409
2024-12-18 11:00:00,37.2011024041874
2024-12-18 12:00:00,37.1996542726464
2024-12-18 13:00:00,37.0336525125689
2024-12-18 14:00:00,37.486155317347
2024-12-18 15:00:00,37.2679347046593
2024-12-18 16:00:00,37.4155894507025
2024-12-18 17:00:00,37.2336169106531
2024-12-18 18:00:00,46.2124175903126
2024-12-18 19:00:00,37.8068793539617
2024-12-18 20:00:00,36.9346679324962
2024-12-18 21:00:00,37.5049716904177
2024-12-18 22:00:00,36.7723877752918
2024-12-18 23:00:00,37.7222222124854
2024-12-19 00:00:00,36.928680834376
2024-12-19 01:00:00,36.4873483703073
2024-12-19 02:00:00,37.1955966031518
2024-12-19 03:00:00,36.2631075848784
2024-12-19 04:00:00,35.8548079262956
2024-12-19 05:00:00,36.026769354511
2024-12-19 06:00:00,36.2747097003696
2024-12-19 07:00:00,36.7096446341452
2024-12-19 08:00:00,36.6872448145202
2024-12-19 09:00:00,36.6153867235128
2024-12-19 10:00:00,37.2015970071129
2024-12-19 11:00:00,36.6481236726356
2024-12-19 22:00:00,36.3197640692028
2024-12-19 23:00:00,36.5209616817897
2024-12-20 01:00:00,36.3237636019214
2024-12-20 02:00:00,35.8803338492979
2024-12-20 03:00:00,36.0507960193166
2024-12-20 04:00:00,35.7522456671013
2024-12-20 05:00:00,36.0036658249626
2024-12-20 06:00:00,36.0363039290406
2024-12-20 07:00:00,36.2116298405167
2024-12-20 08:00:00,35.9271398859243
2024-12-20 09:00:00,42.1813039933663
2024-12-20 10:00:00,36.1490057861775
2024-12-20 11:00:00,36.1234412245766
2024-12-20 12:00:00,36.0205929790176
2024-12-20 13:00:00,36.4141927132447
2024-12-20 14:00:00,36.3782517139422
2024-12-20 15:00:00,35.7341266404831
2024-12-20 16:00:00,36.2606486867029
2024-12-20 17:00:00,35.6449793170614
2024-12-20 18:00:00,35.5687217712519
2024-12-20 19:00:00,36.2295392821478
2024-12-20 20:00:00,36.1384386201565
2024-12-20 21:00:00,36.2463617501489
2024-12-20 22:00:00,36.909498517943
2024-12-20 23:00:00,36.3845730864868
2024-12-21 00:00:00,34.5585832236543
2024-12-21 01:00:00,35.1581513196398
2024-12-21 02:00:00,35.4773445580173
2024-12-21 03:00:00,34.9445705434417
2024-12-21 04:00:00,34.9771529316258
2024-12-21 05:00:00,35.0753931538991
2024-12-21 07:00:00,35.3497782678696
2024-12-21 08:00:00,35.6551374358197
2024-12-21 09:00:00,35.8337357811577
2024-12-21 10:00:00,34.9936756649691
2024-12-21 11:00:00,34.8233884707583
2024-12-21 12:00:00,34.8385961071657
2024-12-21 13:00:00,35.3365742077744
2024-12-21 14:00:00,36.044398498291
2024-12-21 15:00:00,35.694578622086
2024-12-21 16:00:00,35.8205804141517
2024-12-21 17:00:00,35.2550293185507
2024-12-21 18:00:00,35.5419882850234
2024-12-21 19:00:00,35.3288873927236
2024-12-21 20:00:00,35.2178616636444
2024-12-21 21:00:00,34.9932557220735
2024-12-21 22:00:00,34.6531414338215
2024-12-21 23:00:00,35.4724268029116
2024-12-22 00:00:00,34.6772487538814
2024-12-22 01:00:00,34.1323615935363
2024-12-22 02:00:00,34.1033338488284
2024-12-22 03:00:00,34.7485517151711
2024-12-22 04:00:00,34.8676638240192
2024-12-22 05:00:00,35.1055569442787
2024-12-22 06:00:00,34.4261574589422
2024-12-22 07:00:00,34.3083576011322
2024-12-22 08:00:00,34.6346277598281
2024-12-22 09:00:00,34.4704439118949
2024-12-22 10:00:00,34.443482790907
2024-12-22 11:00:00,34.4540833055341
2024-12-22 12:00:00,33.6388712925318
2024-12-22 13:00:00,34.0877722859951
2024-12-22 14:00:00,34.7274719776098
2024-12-22 15:00:00,34.8971170161388
2024-12-22 16:00:00,34.4777734178983
2024-12-22 17:00:00,34.605608805766
2024-12-22 18:00:00,34.0780384637964
2024-12-22 19:00:00,34.7920123390295
2024-12-22 20:00:00,34.936640457076
2024-12-22 21:00:00,33.8971236443903
2024-12-22 22:00:00,35.0569710011039
2024-12-22 23:00:00,35.0317149917931
2024-12-23 00:00:00,33.4042771295338
2024-12-23 01:00:00,33.3714730640133
2024-12-23 02:00:00,33.603614115364
2024-12-23 03:00:00,33.8522086688322
2024-12-23 04:00:00,33.6613365835586
2024-12-23 05:00:00,33.7898925715798
2024-12-23 06:00:00,32.709007661078
2024-12-23 07:00:00,33.8495591652818
2024-12-23 08:00:00,33.9016250013827
2024-12-23 09:00:00,33.5256335550499
2024-12-23 10:00:00,33.8113452199392
2024-12-23 12:00:00,33.453283276278
2024-12-23 13:00:00,33.8121217060062
2024-12-23 14:00:00,33.9507599436176
2024-12-23 15:00:00,33.5122920939938
2024-12-23 16:00:00,32.1771210697941
2024-12-23 17:00:00,33.9280124497597
2024-12-23 18:00:00,33.6918054752759
2024-12-23 19:00:00,33.7686581759751
2024-12-23 20:00:00,33.948963759228
2024-12-23 21:00:00,33.8417342452948
2024-12-23 22:00:00,33.9909094912754
2024-12-23 23:00:00,33.3239399349319
2024-12-24 00:00:00,33.5413435411046
2024-12-24 01:00:00,33.1087525546704
2024-12-24 02:00:00,33.2279164481364
2024-12-24 03:00:00,33.120828401604
2024-12-24 04:00:00,33.0839005009784
2024-12-24 05:00:00,32.9616500769495
2024-12-24 06:00:00,33.4842469706192
2024-12-24 07:00:00,32.908248232634
2024-12-24 08:00:00,33.0343786382544
2024-12-24 09:00:00,32.898233382909
2024-12-24 18:00:00,32.7664186578739
2024-12-24 19:00:00,33.1549907375346
2024-12-24 20:00:00,32.8854955843284
2024-12-24 21:00:00,
2024-12-24 22:00:00,33.2252292224856
2024-12-24 23:00:00,32.8343820973542
2024-12-25 00:00:00,32.0978051634669
2024-12-25 01:00:00,32.1586151229822
2024-12-25 02:00:00,32.5947843181139
2024-12-25 03:00:00,32.3918840088741
2024-12-25 04:00:00,32.6196750017631
2024-12-25 06:00:00,32.0990508448994
2024-12-25 07:00:00,32.3925614302614
2024-12-25 08:00:00,32.3919002502463
2024-12-25 09:00:00,31.901370849575
2024-12-25 10:00:00,31.5150068862904
2024-12-25 11:00:00,32.2473761774972
2024-12-25 12:00:00,32.1010725179208
2024-12-25 13:00:00,31.7295044052833
2024-12-25 14:00:00,32.1908495422307
2024-12-25 15:00:00,32.5054102847678
2024-12-25 16:00:00,32.1745674681
2024-12-25 17:00:00,31.5580541264303
2024-12-25 18:00:00,32.107615828173
2024-12-25 19:00:00,32.2690113645492
2024-12-25 20:00:00,32.7133170213344
2024-12-25 21:00:00,32.3804587966923
2024-12-25 22:00:00,31.852661962198
2024-12-25 23:00:00,32.0029739810692
2024-12-26 00:00:00,31.8835118571608
2024-12-26 01:00:00,32.0083228914325
2024-12-26 02:00:00,32.3571333376708
2024-12-26 03:00:00,31.6725555124224
2024-12-26 04:00:00,31.4755000434608
2024-12-26 05:00:00,32.573843182409
2024-12-26 06:00:00,31.7544263482425
2024-12-26 07:00:00,31.8705458536015
2024-12-26 08:00:00,32.6906891830822
2024-12-26 09:00:00,32.1800804920355
2024-12-26 10:00:00,39.5714579376515
2024-12-26 11:00:00,32.2175753019865
2024-12-26 12:00:00,31.7686649111387
2024-12-26 13:00:00,31.4179214392722
2024-12-26 14:00:00,31.6275075041685
2024-12-26 15:00:00,31.2166439779175
2024-12-26 16:00:00,31.9350931514755
2024-12-26 17:00:00,31.6476843488001
2024-12-26 18:00:00,32.3551837515411
2024-12-26 19:00:00,31.7530181641553
2024-12-26 20:00:00,32.6896331806239
2024-12-26 21:00:00,31.8059913136942
2024-12-26 22:00:00,32.4145992824121
2024-12-26 23:00:00,40.6791008056366
2024-12-27 00:00:00,31.2963132285275
2024-12-27 01:00:00,31.5485031456922
2024-12-27 02:00:00,31.2743451885225
2024-12-27 03:00:00,31.4029393696503
2024-12-27 04:00:00,31.8273835458477
2024-12-27 05:00:00,31.5041553256217
2024-12-27 06:00:00,31.7449671691256
2024-12-27 07:00:00,31.8260166459258
2024-12-27 08:00:00,31.9423259801653
2024-12-27 09:00:00,31.7756664789359
2024-12-27 10:00:00,31.1365677663963
2024-12-27 11:00:00,31.1884439654327
2024-12-27 12:00:00,31.6717995867607
2024-12-27 13:00:00,31.4521916981019
2024-12-27 14:00:00,31.4735816573256
2024-12-27 15:00:00,31.4404910370091
2024-12-27 16:00:00,31.1313101005029
2024-12-27 17:00:00,31.2689427261524
2024-12-27 18:00:00,32.301253704596
2024-12-27 19:00:00,31.6726477594632
2024-12-27 20:00:00,31.6608226094981
2024-12-27 21:00:00,31.9521740239227
2024-12-27 22:00:00,31.8967959424669
2024-12-27 23:00:00,31.7499660332612
2024-12-28 00:00:00,31.2061004637788
2024-12-28 01:00:00,31.6664388382964
2024-12-28 02:00:00,30.5232315360846
2024-12-28 04:00:00,31.1481068042355
2024-12-28 05:00:00,30.890728232796
2024-12-28 06:00:00,31.4462000028845
2024-12-28 07:00:00,30.8301284508768
2024-12-28 08:00:00,31.3403040690534
2024-12-28 09:00:00,31.5548352994177
2024-12-28 10:00:00,30.9146160926248
2024-12-28 21:00:00,31.2368872799225
2024-12-28 23:00:00,30.2986640685107
2024-12-29 00:00:00,30.0832074953704
2024-12-29 01:00:00,30.1584363734067
2024-12-29 02:00:00,29.5481089482332
2024-12-29 03:00:00,29.7764216216996
2024-12-29 04:00:00,29.867665713953
2024-12-29 05:00:00,29.8349595289631
2024-12-29 06:00:00,29.5870127705007
2024-12-29 07:00:00,30.3493192084266
2024-12-29 08:00:00,
2024-12-29 09:00:00,
2024-12-29 10:00:00,
2024-12-29 11:00:00,30.3851944721458
2024-12-29 12:00:00,30.0594132588173
2024-12-29 13:00:00,29.8963587942667
2024-12-29 14:00:00,29.7877515169827
2024-12-29 15:00:00,30.5899287173795
2024-12-29 16:00:00,30.2376471421273
2024-12-29 17:00:00,30.4260617956162
2024-12-29 18:00:00,30.1770352109933
2024-12-29 19:00:00,29.9464590030709
2024-12-29 20:00:00,30.5441820785062
2024-12-29 21:00:00,30.0043446053548
2024-12-29 22:00:00,29.8836237817479
2024-12-29 23:00:00,30.1907070958742
2024-12-30 00:00:00,29.0499489701337
2024-12-30 01:00:00,28.9350613822804
2024-12-30 02:00:00,29.6375293162786
2024-12-30 03:00:00,28.7802106434822
2024-12-30 05:00:00,29.3476998312162
2024-12-30 06:00:00,29.1732179849151
2024-12-30 07:00:00,28.8561209731976
2024-12-30 08:00:00,29.1734082797184
2024-12-30 10:00:00,29.6364618377493
2024-12-30 11:00:00,28.9188886436231
2024-12-30 12:00:00,29.4138935955911
2024-12-30 13:00:00,29.5355586283693
2024-12-30 14:00:00,28.6923147417715
2024-12-30 15:00:00,29.1218766735778
2024-12-30 16:00:00,28.9075060109343
2024-12-30 17:00:00,29.1195002772704
2024-12-30 18:00:00,28.8971016064858
2024-12-30 19:00:00,29.2106123343755
2024-12-30 20:00:00,29.7140989566825
2024-12-30 21:00:00,29.3127207753829
2024-12-30 22:00:00,28.7835504465056
2024-12-30 23:00:00,29.6357231870456
2024-12-31 00:00:00,
2024-12-31 01:00:00,
2024-12-31 02:00:00,
2024-12-31 03:00:00,
2024-12-31 04:00:00,
2024-12-31 05:00:00,
2024-12-31 06:00:00,
2024-12-31 07:00:00,
2024-12-31 08:00:00,
2024-12-31 09:00:00,
2024-12-31 10:00:00,
2024-12-31 11:00:00,
2024-12-31 12:00:00,
2024-12-31 13:00:00,
2024-12-31 14:00:00,
2024-12-31 15:00:00,
2024-12-31 16:00:00,
2024-12-31 17:00:00,
2024-12-31 18:00:00,
2024-12-31 19:00:00,
2024-12-31 20:00:00,
2024-12-31 21:00:00,
2024-12-31 22:00:00,
2024-12-31 23:00:00,
2025-01-01 00:00:00,70.8794707188817
2025-01-01 01:00:00,71.0601651737252
2025-01-01 02:00:00,71.2421090678354
2025-01-01 03:00:00,70.9898842270402
2025-01-01 04:00:00,71.3420308384651
2025-01-01 05:00:00,71.3555716825938
2025-01-01 06:00:00,71.1510965447877
2025-01-01 07:00:00,71.4025287833212
2025-01-01 08:00:00,71.1051192882272
2025-01-01 09:00:00,71.4291029653262
2025-01-01 10:00:00,71.4550011997027
2025-01-01 11:00:00,71.0714862941872
2025-01-01 12:00:00,71.2889305401843
2025-01-01 13:00:00,70.7770414861658
2025-01-01 14:00:00,70.9337665214222
2025-01-01 15:00:00,70.5789646401385
2025-01-01 16:00:00,70.910427928979
2025-01-01 17:00:00,71.7371412907982
2025-01-01 18:00:00,71.0532355132323
2025-01-01 19:00:00,71.3435123190587
2025-01-01 20:00:00,70.8823325829127
2025-01-01 21:00:00,71.0769498976665
2025-01-01 22:00:00,71.7254473449295
2025-01-01 23:00:00,71.0456578321253
2025-01-02 00:00:00,70.8989724411997
2025-01-02 01:00:00,71.0789921633413
2025-01-02 02:00:00,
2025-01-02 03:00:00,
2025-01-02 04:00:00,
2025-01-02 05:00:00,
2025-01-02 06:00:00,71.3269308385079
2025-01-02 07:00:00,71.0286253723013
2025-01-02 08:00:00,71.2153555350529
2025-01-02 09:00:00,71.0547557990496
2025-01-02 10:00:00,70.8837364820351
2025-01-02 11:00:00,70.8858142571959
2025-01-02 12:00:00,71.2383351399903
2025-01-02 13:00:00,70.7959113886505
2025-01-02 14:00:00,71.1066912417777
2025-01-02 15:00:00,71.1364330914433
2025-01-02 16:00:00,70.8729635741022
2025-01-02 17:00:00,70.8530080262504
2025-01-02 18:00:00,71.6199618079708
2025-01-02 19:00:00,70.7916537199988
2025-01-02 20:00:00,71.0239876319586
2025-01-02 21:00:00,70.4720767576429
2025-01-02 22:00:00,70.9373384829905
2025-01-02 23:00:00,71.0830531095644
2025-01-03 00:00:00,70.940514033424
2025-01-03 01:00:00,70.6539052408743
2025-01-03 02:00:00,70.4575697478457
2025-01-03 03:00:00,71.0229430776282
2025-01-03 04:00:00,70.8129637858308
2025-01-03 05:00:00,70.5810700209906
2025-01-03 06:00:00,70.4411755823626
2025-01-03 07:00:00,70.8807701435327
2025-01-03 08:00:00,70.9310130803131
2025-01-03 10:00:00,
2025-01-03 11:00:00,
2025-01-03 12:00:00,
2025-01-03 13:00:00,
2025-01-03 14:00:00,70.9336376380154
2025-01-03 15:00:00,71.0105862785162
2025-01-03 16:00:00,71.0148460333737
2025-01-04 18:00:00,69.8417634555703
2025-01-04 19:00:00,69.8125931392837
2025-01-04 20:00:00,69.9718663938345
2025-01-04 21:00:00,69.7270288421223
2025-01-04 22:00:00,69.4625140085097
2025-01-04 23:00:00,70.4533794736877
2025-01-05 00:00:00,69.5024287450026
2025-01-05 01:00:00,69.5978952143967
2025-01-05 02:00:00,69.249335429141
2025-01-05 03:00:00,68.9950157262677
2025-01-05 04:00:00,69.1744343553207
2025-01-05 05:00:00,69.0060629549934
2025-01-05 06:00:00,69.2241156858241
2025-01-05 19:00:00,69.616236888724
2025-01-05 20:00:00,68.9659554720081
2025-01-05 21:00:00,69.1421963208987
2025-01-05 22:00:00,69.0193481800252
2025-01-05 23:00:00,69.4372332407777
2025-01-06 00:00:00,69.3174123366237
2025-01-06 01:00:00,68.5622624170167
2025-01-06 02:00:00,73.3677720970646
2025-01-06 03:00:00,68.4361174683485
2025-01-06 04:00:00,68.8957953567696
2025-01-06 05:00:00,68.3581035210648
2025-01-06 06:00:00,68.5777486775279
2025-01-06 07:00:00,69.1036241636457
2025-01-06 08:00:00,68.270719215899
2025-01-06 09:00:00,69.031976467264
2025-01-06 10:00:00,69.2801804399682
2025-01-06 11:00:00,68.8217004433264
2025-01-06 12:00:00,68.466099589616
2025-01-06 13:00:00,68.4363037660084
2025-01-06 14:00:00,68.046984945481
2025-01-06 15:00:00,68.8798238154377
2025-01-06 16:00:00,68.7227519353056
2025-01-06 17:00:00,68.5789468346943
2025-01-06 18:00:00,68.9486946649091
2025-01-06 19:00:00,68.6959033290663
2025-01-06 20:00:00,68.106110350375
2025-01-06 21:00:00,69.392482561763
2025-01-06 22:00:00,68.1199597013192
2025-01-06 23:00:00,68.4861623355028
2025-01-07 00:00:00,68.8895436091349
2025-01-07 01:00:00,68.5011740716398
2025-01-07 02:00:00,68.9428795641116
2025-01-07 03:00:00,68.5167859068221
2025-01-07 04:00:00,82.0732059916417
2025-01-07 05:00:00,69.4382334818166
2025-01-07 06:00:00,68.266562464679
2025-01-07 07:00:00,68.4738200512357
2025-01-07 08:00:00,70.000504018165
2025-01-07 09:00:00,69.3652249712527
2025-01-07 10:00:00,68.5606497053915
2025-01-07 11:00:00,68.5992154967095
2025-01-07 12:00:00,68.2259394192521
2025-01-07 13:00:00,67.9866570540064
2025-01-07 14:00:00,68.9260978303028
2025-01-07 15:00:00,69.6201653416164
2025-01-07 16:00:00,68.9825919965179
2025-01-07 17:00:00,68.3308412476668
2025-01-07 18:00:00,68.4463115788026
2025-01-07 19:00:00,68.9006270043033
2025-01-07 20:00:00,68.534024212123
2025-01-07 21:00:00,68.528173596114
2025-01-07 22:00:00,68.834362708534
2025-01-07 23:00:00,69.0249228956766
2025-01-08 00:00:00,67.7291683982959
2025-01-08 01:00:00,67.7099580398574
2025-01-08 02:00:00,68.3274910765253
2025-01-08 03:00:00,68.1211656711466
2025-01-08 04:00:00,68.3430026232999
2025-01-08 05:00:00,67.5394020639684
2025-01-08 06:00:00,67.4040567115397
2025-01-08 07:00:00,68.1533209584001
2025-01-08 08:00:00,68.0447585509993
2025-01-08 09:00:00,68.3671994204565
2025-01-08 10:00:00,67.7278755325509
2025-01-08 11:00:00,68.4550992089995
2025-01-08 12:00:00,68.0408649819522
2025-01-08 13:00:00,68.1399096513344
2025-01-08 14:00:00,68.5236505047079
2025-01-08 15:00:00,68.201627715422
2025-01-08 16:00:00,67.7492140705469
2025-01-08 17:00:00,67.5437989592613
2025-01-08 18:00:00,68.8453269431383
2025-01-08 19:00:00,68.4059926592807
2025-01-08 20:00:00,68.2970263254404
2025-01-08 21:00:00,68.6108658802376
2025-01-08 22:00:00,69.129468610005
2025-01-08 23:00:00,67.1319903602587
2025-01-09 00:00:00,67.5687121773827
2025-01-09 01:00:00,85.0325440296628
2025-01-09 02:00:00,67.2995478994839
2025-01-09 03:00:00,66.7588890468783
2025-01-09 04:00:00,67.2884781830807
2025-01-09 05:00:00,67.5990559719916
2025-01-09 06:00:00,67.1936959107872
2025-01-09 08:00:00,66.7185816981199
2025-01-09 09:00:00,67.2819879891498
2025-01-09 10:00:00,67.0770936002534
2025-01-09 11:00:00,67.8067423569858
2025-01-09 12:00:00,
2025-01-09 13:00:00,
2025-01-10 01:00:00,
2025-01-10 02:00:00,
2025-01-10 03:00:00,66.293136017623
2025-01-10 04:00:00,67.5827391950151
2025-01-10 05:00:00,66.7094405562922
2025-01-10 06:00:00,66.4565350949356
2025-01-10 07:00:00,67.5366121018055
2025-01-10 08:00:00,67.7829073059487
2025-01-10 09:00:00,66.7936489700175
2025-01-10 10:00:00,66.2761945589189
2025-01-10 11:00:00,67.0844554992948
2025-01-10 12:00:00,66.2560143802022
2025-01-10 13:00:00,67.0745810369799
2025-01-10 14:00:00,67.4055073000495
2025-01-10 15:00:00,67.3645599853535
2025-01-10 16:00:00,66.7235475571734
2025-01-10 17:00:00,66.8250665288741
2025-01-10 18:00:00,66.7194470899615
2025-01-10 19:00:00,67.4465561822155
2025-01-10 20:00:00,67.2388021917875
2025-01-10 21:00:00,66.6441661148364
2025-01-10 22:00:00,67.6136000889215
2025-01-10 23:00:00,66.931435527896
2025-01-11 00:00:00,66.747113502068
2025-01-11 01:00:00,66.5799756586798
2025-01-11 02:00:00,66.1492760860907
2025-01-11 03:00:00,65.5553657370726
2025-01-11 04:00:00,66.3601123886254
2025-01-11 05:00:00,66.4901839931077
2025-01-11 06:00:00,66.9887912677877
2025-01-11 07:00:00,66.1099380223534
2025-01-11 09:00:00,66.1377904204035
2025-01-11 11:00:00,66.7616356053967
2025-01-11 12:00:00,66.8935570276386
2025-01-11 13:00:00,66.5648673506966
2025-01-11 14:00:00,66.436553373381
2025-01-11 15:00:00,66.7987000032749
2025-01-11 16:00:00,66.2476905499774
2025-01-11 17:00:00,65.7984222538186
2025-01-11 18:00:00,67.0137274814137
2025-01-11 19:00:00,66.7440078055705
2025-01-11 20:00:00,66.3507385042554
2025-01-11 21:00:00,51.5401484086042
2025-01-11 22:00:00,66.039101175175
2025-01-11 23:00:00,66.5465122324703
2025-01-12 00:00:00,66.1479007501444
2025-01-12 01:00:00,65.9091414477621
2025-01-12 02:00:00,66.6791347866868
2025-01-12 03:00:00,66.0968246893379
2025-01-12 04:00:00,66.1042974918541
2025-01-12 05:00:00,65.6036119180743
2025-01-12 06:00:00,66.0196378519533
2025-01-12 07:00:00,66.1757472209974
2025-01-12 08:00:00,65.3979006283876
2025-01-12 09:00:00,65.6678106673495
2025-01-12 10:00:00,66.1178487422136
2025-01-12 11:00:00,66.7763192878789
2025-01-12 12:00:00,65.7601465545852
2025-01-12 13:00:00,65.7075466117982
2025-01-12 14:00:00,65.9029329130294
2025-01-12 15:00:00,65.2728416116001
2025-01-12 16:00:00,65.6996762569211
2025-01-12 17:00:00,65.8035477507141
2025-01-12 18:00:00,65.9381969449343
2025-01-12 19:00:00,65.8139654728515
2025-01-12 20:00:00,65.1612012518876
2025-01-12 21:00:00,65.8611459139886
2025-01-12 22:00:00,65.3722291126134
2025-01-12 23:00:00,65.8053953799689
2025-01-13 00:00:00,65.5300819435876
2025-01-13 01:00:00,64.9743576853768
2025-01-13 02:00:00,65.6401821912141
2025-01-13 03:00:00,65.934355228547
2025-01-13 04:00:00,65.2784619117186
2025-01-13 05:00:00,65.5283993098409
2025-01-13 06:00:00,66.37657711057
2025-01-13 07:00:00,65.5398599553948
2025-01-13 08:00:00,65.7115434047076
2025-01-13 09:00:00,64.9742678496895
2025-01-13 10:00:00,65.3138202468652
2025-01-13 11:00:00,65.579829875325
2025-01-13 12:00:00,64.8752823153979
2025-01-13 13:00:00,65.253892979723
2025-01-13 14:00:00,65.00560377604
2025-01-13 15:00:00,65.9415545683937
2025-01-13 16:00:00,65.6290343629535
2025-01-14 03:00:00,66.0474545252396
2025-01-14 04:00:00,66.361307510924
2025-01-14 05:00:00,65.9169768828855
2025-01-14 06:00:00,65.5986757163931
2025-01-14 07:00:00,64.5775036242621
2025-01-14 08:00:00,66.3959630798527
2025-01-14 09:00:00,65.9026489295146
2025-01-14 10:00:00,65.44391387934
2025-01-14 11:00:00,66.1213376812648
2025-01-14 12:00:00,66.3408308277267
2025-01-14 13:00:00,66.0507724789023
2025-01-14 14:00:00,66.0534659950181
2025-01-14 15:00:00,65.6947085483992
2025-01-14 16:00:00,65.6638763657031
2025-01-14 17:00:00,65.9823099070532
2025-01-14 18:00:00,65.7872104799615
2025-01-14 19:00:00,65.8283666096033
2025-01-14 20:00:00,64.9628111207391
2025-01-14 21:00:00,65.4925643580817
2025-01-14 22:00:00,65.4177843415324
2025-01-14 23:00:00,65.9132437381253
2025-01-15 00:00:00,65.5885464000934
2025-01-15 01:00:00,64.6104118128054
2025-01-15 02:00:00,64.580864556698
2025-01-15 03:00:00,64.7957688387524
2025-01-15 04:00:00,65.629892728672
2025-01-15 05:00:00,64.8117199691425
2025-01-15 06:00:00,63.7874257270182
2025-01-15 07:00:00,64.3560235456709
2025-01-15 08:00:00,65.267651793144
2025-01-15 09:00:00,64.8392440432289
2025-01-15 10:00:00,65.6621206778258
2025-01-15 11:00:00,64.7721295504225
2025-01-15 12:00:00,65.3075979466729
2025-01-15 13:00:00,64.3452755865858
2025-01-15 14:00:00,65.1913287472432
2025-01-15 15:00:00,64.4477960964487
2025-01-15 16:00:00,64.8794412709288
2025-01-15 17:00:00,64.8878666285847
2025-01-15 18:00:00,64.5148772151956
2025-01-15 19:00:00,64.6823468748547
2025-01-15 20:00:00,64.9750427754245
2025-01-15 21:00:00,65.3195920817104
2025-01-15 22:00:00,64.7035920993409
2025-01-15 23:00:00,64.428994110531
2025-01-16 00:00:00,64.076586695155
2025-01-16 01:00:00,65.1155242650626
2025-01-16 02:00:00,63.8667801170642
2025-01-16 03:00:00,63.8304288171964
2025-01-16 04:00:00,63.8651508608078
2025-01-16 05:00:00,63.787100682999
2025-01-16 06:00:00,65.011913344945
2025-01-16 07:00:00,63.7417038239165
2025-01-16 08:00:00,64.3145035580806
2025-01-16 09:00:00,63.1317594370261
2025-01-16 10:00:00,64.1647873201764
2025-01-16 11:00:00,64.3556109124941
2025-01-16 12:00:00,63.6938391509407
2025-01-16 13:00:00,64.5629244994069
2025-01-16 14:00:00,63.8702249280145
2025-01-16 15:00:00,64.3735582759088
2025-01-16 16:00:00,64.3805581375405
2025-01-16 17:00:00,64.1260859997126
2025-01-16 18:00:00,64.703229748689
2025-01-16 19:00:00,64.3455339163611
2025-01-16 20:00:00,63.688537826626
2025-01-17 09:00:00,63.9317612211826
2025-01-17 10:00:00,63.3071539428537
2025-01-17 11:00:00,63.7580384886434
2025-01-17 12:00:00,64.2218356374794
2025-01-17 13:00:00,63.5062898407183
2025-01-17 14:00:00,63.9081845937341
2025-01-17 15:00:00,64.2043510586546
2025-01-17 16:00:00,64.147868315143
2025-01-17 17:00:00,63.9115811442141
2025-01-17 18:00:00,63.8614782356178
2025-01-17 19:00:00,63.1573223000217
2025-01-17 20:00:00,63.6815787951982
2025-01-17 21:00:00,64.1793340719315
2025-01-17 22:00:00,64.2338514559298
2025-01-17 23:00:00,64.8714127930871
2025-01-18 00:00:00,63.6974013781321
2025-01-18 07:00:00,64.3109125344303
2025-01-18 08:00:00,63.3592378945768
2025-01-18 09:00:00,64.219388333236
2025-01-18 10:00:00,63.0036234222961
2025-01-18 11:00:00,63.1806742116231
2025-01-18 13:00:00,63.5228244689065
2025-01-18 14:00:00,63.5661223436439
2025-01-18 15:00:00,63.4598016020746
2025-01-18 16:00:00,63.1331297278814
2025-01-18 17:00:00,63.3784949688396
2025-01-18 18:00:00,62.479100726653
2025-01-18 19:00:00,64.100621864789
2025-01-18 20:00:00,63.2615503574407
2025-01-18 21:00:00,63.1115666147327
2025-01-18 22:00:00,63.3421376918766
2025-01-18 23:00:00,62.9827114483358
2025-01-19 00:00:00,62.2246321666934
2025-01-19 01:00:00,63.7213707496124
2025-01-19 02:00:00,63.1791184263083
2025-01-19 03:00:00,62.8845370214901
2025-01-19 04:00:00,63.3814352082472
2025-01-19 06:00:00,62.3877988463929
2025-01-19 07:00:00,63.2085751579012
2025-01-19 08:00:00,63.2136312257923
2025-01-19 09:00:00,62.5201590957385
2025-01-19 10:00:00,63.1962419414848
2025-01-19 11:00:00,62.0188232619471
2025-01-19 12:00:00,62.2710219801089
2025-01-19 13:00:00,62.9594685713353
2025-01-19 14:00:00,62.6383759491637
2025-01-19 15:00:00,63.2787560286158
2025-01-19 16:00:00,63.4926184978128
2025-01-19 17:00:00,62.5007540211304
2025-01-19 18:00:00,63.2067743327018
2025-01-19 19:00:00,63.2865107793796
2025-01-19 20:00:00,62.8234566097686
2025-01-19 21:00:00,62.0917844294213
2025-01-19 22:00:00,62.3814055459198
2025-01-19 23:00:00,63.4767557457042
2025-01-20 00:00:00,61.9372630660767
2025-01-20 01:00:00,61.9026537627826
2025-01-20 02:00:00,61.7534560089836
2025-01-20 03:00:00,61.6406539426871
2025-01-20 04:00:00,62.0785474578171
2025-01-20 05:00:00,61.6174101409963
2025-01-20 06:00:00,62.2988256155679
2025-01-20 07:00:00,61.8170000833165
2025-01-20 08:00:00,62.4728338245371
2025-01-20 09:00:00,61.3643242777252
2025-01-20 10:00:00,60.9041388670322
2025-01-20 11:00:00,61.452004866227
2025-01-20 12:00:00,62.4792620758497
2025-01-20 13:00:00,62.3393059248144
2025-01-21 14:00:00,61.0071900333525
2025-01-21 15:00:00,61.9409362294245
2025-01-21 16:00:00,60.3388542063671
2025-01-21 17:00:00,61.510374182255
2025-01-21 18:00:00,61.7797774924451
2025-01-21 19:00:00,61.1351199121958
2025-01-21 20:00:00,61.3671581430157
2025-01-21 21:00:00,61.5835996063904
2025-01-21 22:00:00,61.7593964438205
2025-01-21 23:00:00,60.2066924342097
2025-01-22 00:00:00,61.881638072398
2025-01-22 01:00:00,60.6813530911505
2025-01-22 02:00:00,61.3346730940313
2025-01-22 03:00:00,60.9041782653073
2025-01-22 04:00:00,61.4674113666934
2025-01-22 05:00:00,60.8805265176178
2025-01-22 06:00:00,61.2746616329935
2025-01-22 07:00:00,61.7622445236007
2025-01-22 08:00:00,61.4131646538028
2025-01-22 09:00:00,60.9507948405956
2025-01-22 10:00:00,60.1088539577204
2025-01-22 11:00:00,61.4471103686016
2025-01-22 12:00:00,67.1702025643359
2025-01-22 13:00:00,61.4998775006702
2025-01-22 14:00:00,60.9205822425972
2025-01-22 15:00:00,60.3680124956419
2025-01-22 16:00:00,61.2466159088847
2025-01-22 17:00:00,60.434923883655
2025-01-22 18:00:00,60.653606917803
2025-01-22 19:00:00,60.6165675088961
2025-01-22 20:00:00,61.4630393747586
2025-01-22 21:00:00,61.7723375019545
2025-01-22 22:00:00,61.4245721893701
2025-01-22 23:00:00,60.9989843025532
2025-01-23 00:00:00,60.8020737354668
2025-01-23 01:00:00,60.2553628975956
2025-01-23 02:00:00,59.600133151265
2025-01-23 03:00:00,61.1434265569231
2025-01-23 04:00:00,61.092434667567
2025-01-23 05:00:00,60.213334426661
2025-01-23 06:00:00,60.5147970569296
2025-01-23 07:00:00,60.8175216482647
2025-01-23 08:00:00,60.4280618246795
2025-01-23 09:00:00,60.5047493466423
2025-01-23 10:00:00,60.4738085392993
2025-01-23 11:00:00,60.6436599677235
2025-01-23 12:00:00,60.1787645673338
2025-01-23 13:00:00,60.8484267966033
2025-01-23 14:00:00,60.2727749864544
2025-01-23 15:00:00,60.683920957983
2025-01-23 16:00:00,59.6480163918578
2025-01-23 17:00:00,61.2610996248305
2025-01-23 18:00:00,59.5206516453374
2025-01-23 19:00:00,59.9071699848054
2025-01-23 20:00:00,60.2467991257918
2025-01-23 21:00:00,60.4614597676548
2025-01-23 22:00:00,60.0219287225181
2025-01-23 23:00:00,61.1707590539129
2025-01-24 00:00:00,59.1675402836105
2025-01-24 01:00:00,60.4553486247551
2025-01-24 02:00:00,60.0905946340581
2025-01-24 03:00:00,60.7121510897594
2025-01-24 04:00:00,59.0178129199236
2025-01-24 05:00:00,59.5405721883907
2025-01-24 06:00:00,59.1556960649598
2025-01-24 07:00:00,60.0418094069481
2025-01-24 08:00:00,60.4316668602999
2025-01-24 09:00:00,59.8286329968213
2025-01-24 10:00:00,59.8992135946052
2025-01-24 11:00:00,59.0380503630961
2025-01-24 12:00:00,59.8656465973639
2025-01-24 13:00:00,59.8806536526011
2025-01-24 14:00:00,59.7364248790856
2025-01-24 15:00:00,59.4915693821863
2025-01-24 16:00:00,60.3025817728143
2025-01-24 17:00:00,48.9429816980148
2025-01-24 18:00:00,60.3453779591083
2025-01-24 19:00:00,59.9586630470348
2025-01-24 20:00:00,60.2992266997628
2025-01-24 21:00:00,59.1629374901987
2025-01-24 22:00:00,60.2585831472695
2025-01-24 23:00:00,60.2084309817787
2025-01-25 00:00:00,59.0820939008359
2025-01-25 01:00:00,59.5944806426414
2025-01-25 02:00:00,59.6639785544142
2025-01-25 03:00:00,60.3633998241023
2025-01-25 04:00:00,59.0803336181255
2025-01-25 05:00:00,59.2485512592913
2025-01-25 06:00:00,59.4706114796409
2025-01-25 08:00:00,59.5444869174088
2025-01-25 09:00:00,58.4480717328683
2025-01-25 11:00:00,59.70941528962
2025-01-25 12:00:00,59.3894209001659
2025-01-25 13:00:00,60.1594358850318
2025-01-25 14:00:00,59.9665352042475
2025-01-25 15:00:00,60.2672510517761
2025-01-25 16:00:00,59.6866914644266
2025-01-25 17:00:00,60.1534282286291
2025-01-25 18:00:00,46.8398393889304
2025-01-25 19:00:00,59.8361050186658
2025-01-25 20:00:00,58.7476767763506
2025-01-25 21:00:00,59.799470531183
2025-01-25 22:00:00,59.9570647204082
2025-01-25 23:00:00,60.0975611042169
2025-01-26 00:00:00,57.9460792731419
2025-01-26 01:00:00,58.8186122185061
2025-01-26 02:00:00,59.4176478816667
2025-01-26 03:00:00,58.9534422832444
2025-01-26 04:00:00,58.7354679618049
2025-01-26 05:00:00,58.9286620218049
2025-01-26 06:00:00,58.7295941660169
2025-01-26 07:00:00,58.452362854027
2025-01-26 08:00:00,58.871096035015
2025-01-26 09:00:00,58.8237825389022
2025-01-26 10:00:00,58.6810496791578
2025-01-26 11:00:00,59.3484787845315
2025-01-26 12:00:00,59.1105622551561
2025-01-26 13:00:00,59.3087543942899
2025-01-26 14:00:00,58.6345261699888
2025-01-26 15:00:00,59.206670606495
2025-01-26 16:00:00,59.4791424800446
2025-01-26 17:00:00,59.2762978128009
2025-01-26 18:00:00,59.519704977123
2025-01-26 19:00:00,59.2225907238259
2025-01-26 20:00:00,58.5524420086039
2025-01-26 21:00:00,71.2596711062962
2025-01-26 22:00:00,58.6010200483239
2025-01-26 23:00:00,59.2051290453857
2025-01-27 00:00:00,
2025-01-27 01:00:00,
2025-01-27 02:00:00,58.770294773489
2025-01-27 03:00:00,58.091307632657
2025-01-27 04:00:00,59.1193091847069
2025-01-27 05:00:00,58.1911029062229
2025-01-27 06:00:00,58.8191591256385
2025-01-27 07:00:00,58.8424696861229
2025-01-27 08:00:00,58.0391900900083
2025-01-27 09:00:00,57.9668999227927
2025-01-27 12:00:00,58.2032864625973
2025-01-27 13:00:00,58.3791629299708
2025-01-27 14:00:00,58.5402195092039
2025-01-27 15:00:00,58.5234967885906
2025-01-27 16:00:00,58.8219448440034
2025-01-27 17:00:00,58.5874794713653
2025-01-27 18:00:00,58.8090506972242
2025-01-27 19:00:00,58.4923634718892
2025-01-27 20:00:00,57.9114636369849
2025-01-27 21:00:00,57.8910521777551
2025-01-27 22:00:00,51.8117024748888
2025-01-27 23:00:00,58.80289220505
2025-01-28 00:00:00,57.0829344950831
2025-01-28 01:00:00,58.3803788849013
2025-01-28 02:00:00,57.8787746110457
2025-01-28 03:00:00,57.8974825280502
2025-01-28 04:00:00,57.9360554785182
2025-01-28 05:00:00,57.4358605160108
2025-01-28 06:00:00,57.4714105255238
2025-01-28 07:00:00,57.46631334036
2025-01-28 08:00:00,57.7675795479576
2025-01-28 09:00:00,58.0817589048133
2025-01-28 10:00:00,58.0571645975887
2025-01-28 11:00:00,57.2207574853143
2025-01-28 12:00:00,57.153276265936
2025-01-28 13:00:00,58.160505771304
2025-01-28 14:00:00,58.8022906335131
2025-01-28 15:00:00,57.0858099397305
2025-01-28 16:00:00,58.2702512950987
2025-01-28 17:00:00,57.1274548985911
2025-01-28 18:00:00,58.3468459766657
2025-01-28 19:00:00,57.9823498093775
2025-01-28 20:00:00,58.0169076386747
2025-01-28 21:00:00,57.9117597635659
2025-01-28 22:00:00,57.5749754893854
2025-01-28 23:00:00,57.8460928189623
2025-01-29 00:00:00,56.4649474424538
2025-01-29 01:00:00,57.0012642843274
2025-01-29 02:00:00,56.9433975468957
2025-01-29 03:00:00,57.1558115377152
2025-01-29 04:00:00,63.6413066885693
2025-01-29 05:00:00,57.120470979023
2025-01-29 06:00:00,56.6909667675561
2025-01-29 07:00:00,57.2660371613367
2025-01-29 08:00:00,57.2942121666294
2025-01-29 09:00:00,57.3878110776264
2025-01-29 10:00:00,57.2901869918774
2025-01-29 11:00:00,57.4195847348141
2025-01-29 12:00:00,56.0331850003346
2025-01-29 14:00:00,56.6114512012657
2025-01-30 01:00:00,56.7062461068199
2025-01-30 02:00:00,57.3689803478109
2025-01-30 03:00:00,56.8025447444546
2025-01-30 04:00:00,55.9158874036683
2025-01-30 05:00:00,56.2464904526087
2025-01-30 06:00:00,57.1068933229239
2025-01-30 07:00:00,56.8349643552759
2025-01-30 08:00:00,55.6945445789713
2025-01-30 09:00:00,56.666888645916
2025-01-30 10:00:00,55.7481251389481
2025-01-30 11:00:00,57.0809042176195
2025-01-30 12:00:00,56.08747415898
2025-01-30 15:00:00,56.3693391620174
2025-01-30 16:00:00,56.1637070369691
2025-01-30 17:00:00,56.4711563580339
2025-01-30 18:00:00,55.9405105984585
2025-01-30 19:00:00,57.3651854413162
2025-02-03 10:00:00,56.5626124742897
2025-02-03 11:00:00,55.7998673057511
2025-02-03 12:00:00,56.1067517503495
2025-02-03 13:00:00,55.7900598824075
2025-02-03 14:00:00,55.7620259967799
2025-02-03 15:00:00,55.1240508384874
2025-02-03 16:00:00,55.4410281713852
2025-02-03 17:00:00,56.328461553523
2025-02-03 18:00:00,55.2007821781147
2025-02-03 19:00:00,55.9288572460136
2025-02-03 20:00:00,56.5105683617907
2025-02-03 21:00:00,55.4563915343991
2025-02-03 22:00:00,56.1288269078322
2025-02-03 23:00:00,56.0017628840165
2025-02-04 00:00:00,55.6326244518851
2025-02-04 01:00:00,55.5929843478456
2025-02-04 02:00:00,55.8615977267384
2025-02-04 03:00:00,55.5044230495151
2025-02-04 04:00:00,55.6628832311934
2025-02-04 05:00:00,56.5610020424109
2025-02-04 06:00:00,55.3761002895363
2025-02-04 07:00:00,55.5014206284805
2025-02-04 08:00:00,56.0198902119948
2025-02-04 09:00:00,55.5004889669256
2025-02-04 10:00:00,55.4545696262921
2025-02-04 11:00:00,56.0522514545157
2025-02-04 12:00:00,55.2854027936154
2025-02-04 13:00:00,55.0072516224257
2025-02-05 14:00:00,55.7488543878835
2025-02-05 15:00:00,56.0000280857993
2025-02-05 16:00:00,55.0524331158747
2025-02-05 17:00:00,54.4674662722319
2025-02-05 18:00:00,56.1579990780992
2025-02-05 19:00:00,55.4098066765628
2025-02-05 20:00:00,54.6776661270305
2025-02-05 21:00:00,54.6902188100021
2025-02-05 22:00:00,55.2586150726835
2025-02-06 09:00:00,54.9410746527384
2025-02-06 10:00:00,55.4645788886138
2025-02-06 11:00:00,55.3254748499002
2025-02-06 12:00:00,54.5828975141457
2025-02-06 13:00:00,55.3249259800429
2025-02-06 14:00:00,54.1099400004629
2025-02-06 15:00:00,54.3789003481846
2025-02-06 16:00:00,54.8887171906824
2025-02-06 17:00:00,54.8677759111276
2025-02-06 18:00:00,54.1300284268591
2025-02-06 19:00:00,54.6969656725944
2025-02-06 20:00:00,54.6969369976381
2025-02-06 21:00:00,55.674512804918
2025-02-06 22:00:00,54.525143477565
2025-02-06 23:00:00,55.2982756897533
2025-02-07 00:00:00,54.4110288913758
2025-02-07 01:00:00,54.1239684415341
2025-02-07 02:00:00,54.4642150493792
2025-02-07 03:00:00,54.7110865437439
2025-02-07 04:00:00,53.8306845363572
2025-02-07 05:00:00,54.216094653118
2025-02-07 06:00:00,54.691249503742
2025-02-07 08:00:00,54.0418592030826
2025-02-07 09:00:00,54.0623965679999
2025-02-07 10:00:00,54.4796370230414
2025-02-07 11:00:00,54.2430259541618
2025-02-07 12:00:00,54.215439987993
2025-02-07 13:00:00,54.4596638972435
2025-02-07 14:00:00,54.2848789212437
2025-02-07 15:00:00,48.244712737924
2025-02-07 16:00:00,54.3547902207061
2025-02-07 17:00:00,54.8271441247803
2025-02-07 18:00:00,54.3490745708965
2025-02-07 19:00:00,54.8608690563859
2025-02-07 20:00:00,54.4156637134191
2025-02-07 21:00:00,54.5500195025153
2025-02-07 22:00:00,55.5788955732956
2025-02-07 23:00:00,53.6502345837859
2025-02-08 00:00:00,54.1155486505456
2025-02-08 01:00:00,53.1731525566733
2025-02-08 02:00:00,53.1992801930798
2025-02-08 03:00:00,53.6221322102025
2025-02-08 04:00:00,53.424312649387
2025-02-08 06:00:00,53.8384169513588
2025-02-08 07:00:00,53.1595053997955
2025-02-08 08:00:00,54.2906132072652
2025-02-08 09:00:00,53.9074123201284
2025-02-08 11:00:00,52.9480115216196
2025-02-08 12:00:00,53.7152000128985
2025-02-08 13:00:00,53.7872108873005
2025-02-08 14:00:00,53.8651145009186
2025-02-08 15:00:00,53.4881645051275
2025-02-08 16:00:00,54.192346350308
2025-02-08 17:00:00,53.8474450709475
2025-02-08 18:00:00,54.2623113988176
2025-02-08 19:00:00,53.0333015933739
2025-02-08 20:00:00,53.6193910950872
2025-02-08 21:00:00,53.671567037486
2025-02-08 22:00:00,53.3387348253509
2025-02-08 23:00:00,53.7789345604245
2025-02-09 00:00:00,52.86095787161
2025-02-09 01:00:00,53.2788945524341
2025-02-09 02:00:00,53.4935770818618
2025-02-09 03:00:00,53.6330917729467
2025-02-09 04:00:00,53.3707410461546
2025-02-09 05:00:00,53.6306923055299
2025-02-09 06:00:00,52.567381218505
2025-02-09 07:00:00,53.752007860088
2025-02-09 08:00:00,53.2848490211563
2025-02-09 09:00:00,52.5347129391214
2025-02-09 19:00:00,52.5761989637972
2025-02-09 20:00:00,53.7756737637662
2025-02-09 21:00:00,53.6138579638201
2025-02-09 22:00:00,52.948489106088
2025-02-09 23:00:00,53.3872544200848
2025-02-10 00:00:00,53.1840659648542
2025-02-10 01:00:00,53.0525698291746
2025-02-10 02:00:00,52.1284782184771
2025-02-10 03:00:00,53.1885079172528
2025-02-10 04:00:00,52.5615352827681
2025-02-10 05:00:00,52.5956153055027
2025-02-10 06:00:00,52.9844978985993
2025-02-10 08:00:00,51.9976402083016
2025-02-10 09:00:00,52.5642288084022
2025-02-10 15:00:00,52.7183810811387
2025-02-10 16:00:00,51.3331844555283
2025-02-10 17:00:00,52.0483790115438
2025-02-10 18:00:00,52.4847305033568
2025-02-10 19:00:00,51.9797213088304
2025-02-10 20:00:00,51.9300886857316
2025-02-10 21:00:00,52.3530093969247
2025-02-10 22:00:00,53.1448145358498
2025-02-10 23:00:00,53.2982416725355
2025-02-11 00:00:00,51.9751517263132
2025-02-11 01:00:00,51.5860129479833
2025-02-11 02:00:00,52.0116424502102
2025-02-11 03:00:00,52.7696966987463
2025-02-11 04:00:00,52.376924784318
2025-02-11 05:00:00,51.9375883447302
2025-02-11 06:00:00,52.1592598333265
2025-02-11 07:00:00,52.236558227836
2025-02-11 08:00:00,51.2748795718996
2025-02-11 09:00:00,51.5553691687679
2025-02-11 10:00:00,51.8114459781558
2025-02-11 11:00:00,52.3302390967894
2025-02-11 12:00:00,52.7964379319935
2025-02-11 13:00:00,52.2014390831925
2025-02-11 14:00:00,51.6276993197196
2025-02-11 15:00:00,52.71106845365
2025-02-11 16:00:00,52.1983496224771
2025-02-11 17:00:00,52.1811268308264
2025-02-11 18:00:00,51.8287307105434
2025-02-11 19:00:00,51.985653890524
2025-02-11 20:00:00,51.3097561595778
2025-02-11 21:00:00,52.5522371502859
2025-02-11 22:00:00,51.9134297272022
2025-02-11 23:00:00,52.0023577915317
2025-02-12 00:00:00,52.2995621785689
2025-02-12 01:00:00,50.8831044090571
2025-02-12 02:00:00,51.5530059687539
2025-02-12 03:00:00,51.1700949756402
2025-02-12 04:00:00,51.8409958033415
2025-02-12 05:00:00,51.482443769993
2025-02-12 06:00:00,51.1375184096547
2025-02-12 08:00:00,51.3526905184866
2025-02-12 09:00:00,50.7035747330998
2025-02-12 10:00:00,51.1573554636938
2025-02-12 11:00:00,51.2038894468568
2025-02-12 12:00:00,49.8585601934159
2025-02-12 13:00:00,51.2603604494698
2025-02-12 14:00:00,50.6700011009118
2025-02-12 15:00:00,51.5938061767765
2025-02-12 16:00:00,51.3312455746513
2025-02-12 17:00:00,52.0292388627443
2025-02-12 18:00:00,50.8263785341144
2025-02-12 19:00:00,51.09909562559
2025-02-12 20:00:00,52.285628605815
2025-02-12 21:00:00,51.1362233132076
2025-02-12 22:00:00,51.4034570586723
2025-02-12 23:00:00,51.9433802195133
2025-02-13 00:00:00,51.3769315657815
2025-02-13 01:00:00,50.9183209752616
2025-02-13 02:00:00,51.5255373084587
2025-02-13 03:00:00,50.8771297731495
2025-02-13 04:00:00,49.9586035229215
2025-02-13 05:00:00,51.52593271431
2025-02-13 10:00:00,50.9406906991384
2025-02-13 11:00:00,51.2116199263202
2025-02-13 12:00:00,50.8865983507357
2025-02-13 13:00:00,50.8203414344672
2025-02-13 14:00:00,51.1500254157422
2025-02-13 15:00:00,50.7110748270953
2025-02-13 16:00:00,50.7345211188435
2025-02-13 17:00:00,51.5225020634142
2025-02-13 18:00:00,49.8637602180727
2025-02-13 19:00:00,50.8744086744874
2025-02-13 20:00:00,
2025-02-13 21:00:00,
2025-02-13 22:00:00,
2025-02-13 23:00:00,
2025-02-14 00:00:00,
2025-02-14 01:00:00,50.6797289286339
2025-02-14 02:00:00,50.1298509509239
2025-02-14 03:00:00,50.073999130243
2025-02-14 04:00:00,50.8023572114966
2025-02-14 05:00:00,51.0342452897037
2025-02-14 06:00:00,49.9807002331411
2025-02-14 07:00:00,49.9883295476739
2025-02-14 08:00:00,50.2391797831424
2025-02-14 09:00:00,50.073900828459
2025-02-14 10:00:00,49.5530341035945
2025-02-14 11:00:00,50.4927115571982
2025-02-14 12:00:00,50.1927330798425
2025-02-15 18:00:00,49.0289246864045
2025-02-15 19:00:00,49.9536876984936
2025-02-15 20:00:00,49.508405997622
2025-02-15 21:00:00,49.2346661143555
2025-02-15 22:00:00,49.4013983301431
2025-02-15 23:00:00,48.6996177741806
2025-02-16 00:00:00,48.45087155477
2025-02-16 02:00:00,48.3379036513097
2025-02-16 03:00:00,48.7122468697213
2025-02-16 04:00:00,48.2880915981467
2025-02-16 05:00:00,48.5726813416891
2025-02-16 06:00:00,48.6681065366923
2025-02-16 07:00:00,48.3492070166252
2025-02-16 08:00:00,48.8985936870523
2025-02-16 09:00:00,48.0681198474308
2025-02-16 14:00:00,48.4176740158213
2025-02-16 15:00:00,49.2804736074619
2025-02-16 16:00:00,47.6547595874355
2025-02-16 17:00:00,48.448279762216
2025-02-16 18:00:00,47.4508740899995
2025-02-16 19:00:00,48.6378983889366
2025-02-16 20:00:00,47.9332064142833
2025-02-16 21:00:00,48.2395443339143
2025-02-16 22:00:00,47.7665204797441
2025-02-16 23:00:00,48.6205493828358
2025-02-17 00:00:00,48.4051457120612
2025-02-17 01:00:00,46.7214340784661
2025-02-17 02:00:00,47.7534795871056
2025-02-17 03:00:00,47.7620232142789
2025-02-17 04:00:00,48.6290871661491
2025-02-17 05:00:00,48.0047290970886
2025-02-17 06:00:00,47.5878375125354
2025-02-17 07:00:00,48.1680454719807
2025-02-17 08:00:00,48.0891090230654
2025-02-17 09:00:00,48.1242969851269
2025-02-17 10:00:00,47.7114093990862
2025-02-17 11:00:00,48.4666800925444
2025-02-17 12:00:00,47.9260538690451
2025-02-17 13:00:00,47.9887930806105
2025-02-17 14:00:00,48.2110323949686
2025-02-17 15:00:00,47.8536397250792
2025-02-17 16:00:00,47.9511924415083
2025-02-17 17:00:00,48.3361362822249
2025-02-17 18:00:00,48.7052899644117
2025-02-17 19:00:00,48.2081068982547
2025-02-17 20:00:00,47.480142926799
2025-02-17 21:00:00,48.6834680668117
2025-02-17 22:00:00,48.8152389544447
2025-02-17 23:00:00,48.3670164112243
2025-02-18 00:00:00,47.455443327346
2025-02-18 01:00:00,47.6075562812457
2025-02-18 02:00:00,47.6686576894822
2025-02-18 03:00:00,47.2753747810228
2025-02-18 04:00:00,47.8070064349764
2025-02-18 05:00:00,47.7918009635116
2025-02-18 06:00:00,48.8083253099044
2025-02-18 07:00:00,48.1961326422959
2025-02-18 10:00:00,46.7712060119871
2025-02-18 11:00:00,46.7068178906165
2025-02-18 12:00:00,46.9002409513953
2025-02-18 13:00:00,47.0524630793453
2025-02-18 14:00:00,47.318611065902
2025-02-18 15:00:00,48.3100148680062
2025-02-18 16:00:00,47.5338702589134
2025-02-18 17:00:00,47.0483432514519
2025-02-18 18:00:00,46.9175073241256
2025-02-18 19:00:00,47.5536736550125
2025-02-18 20:00:00,46.2042657811886
2025-02-18 21:00:00,47.6678843384806
2025-02-18 22:00:00,47.6529051548732
2025-02-18 23:00:00,46.9413665957343
2025-02-19 00:00:00,
2025-02-19 02:00:00,
2025-02-19 10:00:00,
2025-02-19 11:00:00,
2025-02-19 12:00:00,
2025-02-19 13:00:00,
2025-02-19 14:00:00,
2025-02-19 15:00:00,
2025-02-19 16:00:00,
2025-02-19 17:00:00,
2025-02-19 18:00:00,
2025-02-19 19:00:00,
2025-02-19 20:00:00,
2025-02-19 21:00:00,
2025-02-19 22:00:00,
2025-02-19 23:00:00,
2025-02-20 00:00:00,73.0430562207072
2025-02-20 01:00:00,72.9028492217319
2025-02-20 02:00:00,72.8689277208669
2025-02-20 03:00:00,72.4403390787995
2025-02-20 04:00:00,72.9144776722699
2025-02-20 05:00:00,72.7546519245134
2025-02-20 06:00:00,72.8242586823572
2025-02-20 07:00:00,72.7321443639432
2025-02-20 08:00:00,72.8669549324751
2025-02-20 10:00:00,73.416794275005
2025-02-20 11:00:00,72.6030442634183
2025-02-20 12:00:00,72.6547293841535
2025-02-20 13:00:00,73.2433366209144
2025-02-20 14:00:00,73.044484763669
2025-02-20 15:00:00,73.0613459983999
2025-02-20 16:00:00,72.8467647746843
2025-02-20 17:00:00,72.789190868515
2025-02-20 18:00:00,72.9505014275246
2025-02-20 19:00:00,73.0010204871722
2025-02-20 20:00:00,72.7067471974136
2025-02-20 21:00:00,72.9885394433538
2025-02-20 22:00:00,73.0994595434367
2025-02-20 23:00:00,72.8677747642083
2025-02-21 00:00:00,72.2070218985058
2025-02-21 01:00:00,72.3388281195552
2025-02-21 02:00:00,72.2251873159064
2025-02-21 03:00:00,72.4149015048561
2025-02-21 04:00:00,67.1093571956842
2025-02-21 05:00:00,72.3821433680108
2025-02-21 06:00:00,72.2142534780214
2025-02-21 07:00:00,72.2557892917844
2025-02-21 08:00:00,72.0891963992872
2025-02-21 09:00:00,72.5220651399593
2025-02-21 10:00:00,72.3027719244663
2025-02-21 11:00:00,72.151510015216
2025-02-21 12:00:00,72.2434556784509
2025-02-21 13:00:00,72.1319542566486
2025-02-21 14:00:00,72.2707714174273
2025-02-21 15:00:00,72.6231816772642
2025-02-21 16:00:00,72.7408547641292
2025-02-21 17:00:00,72.2826306949025
2025-02-21 18:00:00,72.8367875967332
2025-02-21 19:00:00,72.1636917984416
2025-02-21 20:00:00,72.0251650470365
2025-02-21 21:00:00,72.1153856385206
2025-02-21 22:00:00,72.4680300635414
2025-02-21 23:00:00,72.6187595652943
2025-02-22 00:00:00,71.8856122728099
2025-02-22 01:00:00,72.1234410628041
2025-02-22 02:00:00,71.5262835821216
2025-02-22 03:00:00,72.1048296024791
2025-02-22 04:00:00,71.9796145602762
2025-02-22 06:00:00,72.1236488041834
2025-02-22 07:00:00,72.0650279587228
2025-02-22 08:00:00,72.1119188646639
2025-02-22 11:00:00,72.2764265402287
2025-02-22 12:00:00,72.2090900221465
2025-02-22 13:00:00,71.8721586947494
2025-02-22 14:00:00,72.4180003057388
2025-02-22 15:00:00,71.946138567808
2025-02-22 16:00:00,72.1575323402709
2025-02-22 17:00:00,71.7688217604641
2025-02-22 18:00:00,72.2721375223284
2025-02-22 19:00:00,71.9806148800608
2025-02-22 20:00:00,71.8773386692719
2025-02-22 21:00:00,71.7534313679693
2025-02-22 22:00:00,71.9731871753965
2025-02-22 23:00:00,71.8634078614906
2025-02-23 00:00:00,71.5841107113757
2025-02-23 01:00:00,71.6693523589363
2025-02-23 02:00:00,71.5076804324334
2025-02-23 03:00:00,72.1402245568515
2025-02-23 04:00:00,70.8690398895893
2025-02-23 05:00:00,71.7392453855548
2025-02-23 06:00:00,71.3120469362808
2025-02-23 07:00:00,71.9111345422548
2025-02-23 08:00:00,72.0965649594355
2025-02-23 09:00:00,71.4955835068697
2025-02-23 10:00:00,72.4909398397627
2025-02-23 11:00:00,71.7046089396138
2025-02-23 12:00:00,72.3421872596803
2025-02-23 13:00:00,73.2820619240274
2025-02-23 14:00:00,72.1440769584588
2025-02-23 15:00:00,72.1295126794
2025-02-23 16:00:00,72.6089410812949
2025-02-23 17:00:00,71.7222514145886
2025-02-23 18:00:00,71.363814077381
2025-02-23 19:00:00,71.9180167315783
2025-02-23 20:00:00,70.3800881886785
2025-02-23 21:00:00,72.1063593422326
2025-02-23 22:00:00,71.9233934031871
2025-02-23 23:00:00,71.6219297278218
2025-02-24 01:00:00,
2025-02-24 02:00:00,
2025-02-24 03:00:00,
2025-02-24 04:00:00,
2025-02-24 05:00:00,
2025-02-24 06:00:00,
2025-02-24 07:00:00,
2025-02-24 08:00:00,70.8811411075609
2025-02-24 10:00:00,71.4893723902262
2025-02-24 11:00:00,70.7822361313597
2025-02-24 12:00:00,71.4185926289826
2025-02-24 13:00:00,70.7221602288313
2025-02-24 14:00:00,71.9827649290284
2025-02-24 15:00:00,71.3461904091001
2025-02-24 16:00:00,71.388743327027
2025-02-24 17:00:00,71.9320086552226
2025-02-24 18:00:00,71.365433837413
2025-02-24 19:00:00,70.9308420394077
2025-02-24 20:00:00,70.9346232541273
2025-02-24 21:00:00,71.0725671146317
2025-02-24 22:00:00,71.9327785370435
2025-02-24 23:00:00,71.0741542307817
2025-02-25 00:00:00,71.2528096364872
2025-02-25 01:00:00,70.4935371286503
2025-02-25 02:00:00,70.977772252609
2025-02-25 03:00:00,71.289606834211
2025-02-25 04:00:00,71.3116080474479
2025-02-25 05:00:00,71.6266434339803
2025-02-25 06:00:00,71.4912903125511
2025-02-25 07:00:00,71.0875978860977
2025-02-25 08:00:00,71.1016935252644
2025-02-25 09:00:00,71.3391081766176
2025-02-25 21:00:00,70.9081450191134
2025-02-25 23:00:00,71.1114496608986
2025-02-26 00:00:00,70.9158369547938
2025-02-26 01:00:00,69.7362578101853
2025-02-26 02:00:00,70.5880126128333
2025-02-26 03:00:00,69.8748991239946
2025-02-26 04:00:00,70.5705660106585
2025-02-26 05:00:00,70.4716086721423
2025-02-26 06:00:00,70.4174184254457
2025-02-26 07:00:00,69.4559922383876
2025-02-26 10:00:00,70.3198834776193
2025-02-26 11:00:00,70.2100756988817
2025-02-26 12:00:00,70.2896364249837
2025-02-26 13:00:00,70.2584078387379
2025-02-26 14:00:00,70.5304581821584
2025-02-26 15:00:00,70.3979357736469
2025-02-26 16:00:00,69.9166295693419
2025-02-26 17:00:00,70.8111052233327
2025-02-26 18:00:00,69.6974526402989
2025-02-26 19:00:00,69.4893014199246
2025-02-26 20:00:00,70.0777149970638
2025-02-26 21:00:00,71.0967176042099
2025-02-26 22:00:00,70.3641955864837
2025-02-26 23:00:00,70.169355762662
2025-02-27 00:00:00,69.9605211299328
2025-02-27 01:00:00,69.3910887293286
2025-02-27 02:00:00,70.1430103215314
2025-02-27 03:00:00,69.1258539201913
2025-02-27 04:00:00,70.0549088358364
2025-02-27 05:00:00,69.3611375856755
2025-02-27 06:00:00,69.9280995389548
2025-02-27 07:00:00,69.2624558435101
2025-02-27 08:00:00,69.9087490535059
2025-02-27 09:00:00,70.5201759123539
2025-02-27 10:00:00,70.1757444047329
2025-02-27 11:00:00,70.7141991877372
2025-02-27 12:00:00,69.346624301001
2025-02-27 13:00:00,69.6501106292443
2025-02-27 14:00:00,70.0128690620807
2025-02-27 15:00:00,68.3059301431836
2025-02-27 16:00:00,69.3027346339141
2025-02-27 17:00:00,69.7748149316489
2025-02-27 18:00:00,69.5583946452608
2025-02-27 19:00:00,70.4231377422931
2025-02-27 20:00:00,69.7784197126597
2025-02-27 21:00:00,69.4809852059698
2025-02-27 22:00:00,69.3823564051996
2025-02-27 23:00:00,69.375994711477
2025-02-28 00:00:00,69.0538398472273
2025-02-28 01:00:00,68.6887928503159
2025-02-28 02:00:00,69.0953463989225
2025-02-28 03:00:00,69.3477780295215
2025-02-28 04:00:00,68.6964067369699
2025-02-28 05:00:00,69.0703979566252
2025-02-28 06:00:00,69.7530694821615
2025-02-28 07:00:00,69.1412971097244
2025-02-28 08:00:00,69.5294738425947
2025-02-28 09:00:00,68.4947088235541
2025-02-28 11:00:00,69.0825762935037
2025-02-28 12:00:00,69.4367349112456
2025-02-28 13:00:00,69.959769133484
2025-02-28 14:00:00,68.7818908859842
2025-02-28 15:00:00,68.7086599729197
2025-02-28 16:00:00,69.1912931642455
2025-02-28 17:00:00,69.5102056253412
2025-02-28 18:00:00,69.204573335087
2025-02-28 19:00:00,68.710502781669
2025-02-28 20:00:00,69.4442302579514
2025-02-28 21:00:00,69.8530350962907
2025-02-28 22:00:00,68.7934605451515
2025-02-28 23:00:00,68.5899546303729
2025-03-01 00:00:00,69.7462073312882
2025-03-01 01:00:00,68.7745357429464
2025-03-01 02:00:00,67.5461075584786
2025-03-01 03:00:00,68.3857028419254
2025-03-01 04:00:00,68.0957016116027
2025-03-01 05:00:00,68.997576177814
2025-03-01 06:00:00,68.1438786396506
2025-03-01 07:00:00,68.8026937283817
2025-03-01 08:00:00,67.7129955866824
2025-03-01 09:00:00,68.6780470073448
2025-03-01 10:00:00,65.8952964526753
2025-03-01 17:00:00,68.0092457833595
2025-03-01 18:00:00,67.7851104460166
2025-03-01 19:00:00,69.4833126901812
2025-03-01 20:00:00,67.3876533399997
2025-03-01 21:00:00,68.7726920244297
2025-03-01 22:00:00,68.4739103487478
2025-03-01 23:00:00,69.0273626151884
2025-03-02 00:00:00,68.5905819786277
2025-03-02 01:00:00,67.9894976755424
2025-03-02 02:00:00,67.171394839402
2025-03-02 03:00:00,66.0150921699231
2025-03-02 04:00:00,68.4866579472106
2025-03-02 05:00:00,66.6435627436943
2025-03-02 06:00:00,67.5726661389153
2025-03-02 07:00:00,68.7972299679074
2025-03-02 12:00:00,68.6517357056218
2025-03-02 13:00:00,68.8172781117269
2025-03-02 14:00:00,67.9611434321391
2025-03-02 15:00:00,68.6975391137246
2025-03-02 16:00:00,67.2087902586697
2025-03-02 17:00:00,68.725393890028
2025-03-02 18:00:00,69.3535814693161
2025-03-02 19:00:00,68.6134954824836
2025-03-03 21:00:00,67.3460079635627
2025-03-03 22:00:00,68.4963420206457
2025-03-03 23:00:00,68.6885838642142
2025-03-04 00:00:00,68.2876662151704
2025-03-04 01:00:00,68.9271868102846
2025-03-04 02:00:00,68.1829923511883
2025-03-04 03:00:00,67.3919650009934
2025-03-04 04:00:00,68.2294598504948
2025-03-04 06:00:00,67.2317524459108
2025-03-04 13:00:00,67.0023542444976
2025-03-04 14:00:00,67.5818537375517
2025-03-04 15:00:00,67.6345430738496
2025-03-04 16:00:00,67.4469805948756
2025-03-04 17:00:00,69.1884228990282
2025-03-04 18:00:00,67.8126452359375
2025-03-04 19:00:00,67.888618217819
2025-03-04 20:00:00,67.6152840693369
2025-03-04 21:00:00,68.8472552739108
2025-03-04 22:00:00,67.7133058107469
2025-03-04 23:00:00,68.753857592791
2025-03-05 00:00:00,68.6118639416061
2025-03-05 01:00:00,66.6356039176951
2025-03-05 02:00:00,66.3634032446589
2025-03-05 03:00:00,66.0012264978386
2025-03-05 04:00:00,67.9438266180656
2025-03-05 05:00:00,65.3567495686204
2025-03-05 06:00:00,64.943631017645
2025-03-05 07:00:00,67.3325821711513
2025-03-05 08:00:00,68.0854239357435
2025-03-05 09:00:00,67.307401362168
2025-03-05 10:00:00,79.1072979673176
2025-03-05 11:00:00,67.1388624665268
2025-03-05 12:00:00,66.8776441773303
2025-03-05 13:00:00,68.0733174139744
2025-03-05 14:00:00,67.0326958474282
2025-03-05 15:00:00,68.4645640009952
2025-03-05 16:00:00,67.2167997712635
2025-03-05 17:00:00,68.8598949687776
2025-03-05 18:00:00,68.3774872209956
2025-03-05 19:00:00,68.2720580480392
2025-03-05 20:00:00,67.1459629103391
2025-03-05 21:00:00,67.2268673697866
2025-03-05 22:00:00,67.0733110661626
2025-03-05 23:00:00,67.9849823127752
2025-03-06 00:00:00,66.2619291920477
2025-03-06 01:00:00,67.3410901954034
2025-03-06 02:00:00,67.2137878155253
2025-03-06 03:00:00,68.9851420750471
2025-03-06 04:00:00,66.9393616754941
2025-03-06 05:00:00,67.9941686744463
2025-03-06 06:00:00,66.4248882068203
2025-03-06 10:00:00,66.1823766791976
2025-03-06 11:00:00,66.8209295252221
2025-03-06 12:00:00,68.0740304980548
2025-03-06 13:00:00,68.3088622381716
2025-03-06 14:00:00,68.3786362327017
2025-03-06 15:00:00,68.227566473519
2025-03-06 16:00:00,66.9375072319815
2025-03-06 17:00:00,66.6180572693172
2025-03-06 18:00:00,67.0283379320763
2025-03-06 19:00:00,66.2247498828379
2025-03-06 20:00:00,70.2083061262588
2025-03-06 21:00:00,68.0436897808733
2025-03-06 22:00:00,65.5759609884343
2025-03-06 23:00:00,66.0069676871058
2025-03-07 00:00:00,67.8646451831574
2025-03-07 01:00:00,67.7162182674675
2025-03-07 02:00:00,
2025-03-07 03:00:00,
2025-03-07 04:00:00,
2025-03-07 05:00:00,
2025-03-07 06:00:00,
2025-03-07 07:00:00,68.5217678691051
2025-03-07 08:00:00,67.7761336914193
2025-03-07 09:00:00,67.1667595448131
2025-03-07 10:00:00,66.0194965845728
2025-03-07 11:00:00,68.5673288331215
2025-03-07 12:00:00,68.7763820058462
2025-03-07 13:00:00,68.7154809366944
2025-03-07 14:00:00,66.7697075133484
2025-03-07 15:00:00,66.0251670676092
2025-03-07 16:00:00,68.2668398991598
2025-03-07 17:00:00,70.6273968296045
2025-03-07 18:00:00,69.1753645418484
2025-03-07 19:00:00,66.9592705363038
2025-03-07 20:00:00,67.0557491015444
2025-03-07 21:00:00,67.6188727021165
2025-03-07 22:00:00,68.3016183915241
2025-03-07 23:00:00,67.0088053811322
2025-03-08 00:00:00,68.4477392536789
2025-03-08 01:00:00,67.2615776689964
2025-03-08 02:00:00,66.0871108678358
2025-03-08 03:00:00,67.8176944464463
2025-03-08 04:00:00,66.5486466966548
2025-03-08 05:00:00,67.2092152328893
2025-03-08 06:00:00,54.3723379970974
2025-03-08 07:00:00,65.5143633124855
2025-03-08 08:00:00,68.4614605617208
2025-03-09 11:00:00,59.6587303352097
2025-03-09 12:00:00,67.2048749532172
2025-03-09 13:00:00,66.2804390807022
2025-03-09 14:00:00,67.3002569648697
2025-03-09 15:00:00,67.2684723122116
2025-03-09 16:00:00,66.1354987702112
2025-03-09 17:00:00,68.255810313392
2025-03-09 18:00:00,63.6185423456393
2025-03-09 19:00:00,67.1720162335839
2025-03-09 20:00:00,67.9895566957163
2025-03-09 21:00:00,66.4264426354216
2025-03-09 22:00:00,68.3073977590323
2025-03-09 23:00:00,67.4081326726197
2025-03-10 00:00:00,66.8218980459798
2025-03-10 01:00:00,66.6373748072712
2025-03-10 02:00:00,66.6756586881187
2025-03-10 03:00:00,66.7589480849446
2025-03-10 05:00:00,63.399402563696
2025-03-10 17:00:00,64.4300626508012
2025-03-10 18:00:00,66.295402768576
2025-03-10 19:00:00,66.2382941179553
2025-03-10 20:00:00,65.1365726679613
2025-03-10 21:00:00,67.9008908421833
2025-03-10 22:00:00,67.4151444130755
2025-03-10 23:00:00,66.104683643802
2025-03-11 00:00:00,67.6544156060811
2025-03-11 01:00:00,64.1413494040365
2025-03-11 02:00:00,64.8945518166615
2025-03-11 03:00:00,62.8229858666174
2025-03-11 04:00:00,65.8484202878191
2025-03-11 05:00:00,66.285034698843
2025-03-11 07:00:00,66.267499057693
2025-03-11 08:00:00,63.698967460443
2025-03-11 09:00:00,66.1056195920942
2025-03-11 10:00:00,67.1083034115937
2025-03-11 11:00:00,66.6397104371124
2025-03-11 12:00:00,65.7654124310135
2025-03-11 13:00:00,67.2842367601548
2025-03-12 03:00:00,63.1811972359278
2025-03-12 04:00:00,64.8507931053342
2025-03-12 05:00:00,64.2787218199189
2025-03-12 06:00:00,64.1524805860053
2025-03-12 07:00:00,66.9702253397265
2025-03-12 11:00:00,65.7786301539287
2025-03-12 12:00:00,64.1581370332666
2025-03-12 13:00:00,63.2048104144752
2025-03-12 14:00:00,64.3263737685556
2025-03-12 15:00:00,64.4654712492235
2025-03-12 16:00:00,65.7461649727038
2025-03-12 17:00:00,63.5801115488117
2025-03-12 18:00:00,66.1801340964881
2025-03-12 19:00:00,63.3686189233103
2025-03-12 20:00:00,66.0258499282548
2025-03-12 21:00:00,64.620339413998
2025-03-12 22:00:00,66.3304071609559
2025-03-12 23:00:00,66.4534046072778
2025-03-13 00:00:00,64.6043586223413
2025-03-13 01:00:00,65.8618696296137
2025-03-13 02:00:00,62.2681848638931
2025-03-13 03:00:00,63.7607884496567
2025-03-13 04:00:00,65.4809586471857
2025-03-13 05:00:00,63.9740006485148
2025-03-13 06:00:00,64.0588482297498
2025-03-13 07:00:00,65.1110526447593
2025-03-13 08:00:00,65.1301071176267
2025-03-13 09:00:00,63.1649751083831
2025-03-13 10:00:00,65.2780168502122
2025-03-13 11:00:00,65.4833788881286
2025-03-13 12:00:00,66.3247388743072
2025-03-13 13:00:00,64.7655233018467
2025-03-13 14:00:00,64.22830069358
2025-03-13 15:00:00,64.4930722400478
2025-03-13 16:00:00,64.2834680660716
2025-03-13 17:00:00,65.1586497608786
2025-03-13 18:00:00,67.2078014165923
2025-03-13 19:00:00,66.4143359152575
2025-03-13 20:00:00,64.7601790195288
2025-03-13 21:00:00,66.6214361091054
2025-03-13 22:00:00,66.6425553901043
2025-03-13 23:00:00,64.8670904899803
2025-03-14 00:00:00,65.0018533139475
2025-03-14 01:00:00,63.6230722027491
2025-03-14 02:00:00,63.547921804287
2025-03-14 03:00:00,65.5830844977104
2025-03-14 04:00:00,64.3270987998463
2025-03-14 06:00:00,62.6670603805632
2025-03-14 07:00:00,62.933681744591
2025-03-14 08:00:00,66.313965965006
2025-03-14 09:00:00,62.2045619410003
2025-03-14 10:00:00,63.2742895121222
2025-03-14 11:00:00,63.0680627304901
2025-03-14 12:00:00,65.0751106899001
2025-03-14 13:00:00,64.1650179965519
2025-03-14 14:00:00,63.670574445016
2025-03-14 15:00:00,63.1569654254191
2025-03-14 16:00:00,63.8025563492721
2025-03-14 17:00:00,63.3543677550154
2025-03-14 18:00:00,63.7596509227834
2025-03-15 07:00:00,64.0297849394782
2025-03-15 08:00:00,63.6790447985098
2025-03-15 09:00:00,64.7791788060727
2025-03-15 10:00:00,64.8391071799427
2025-03-15 11:00:00,62.7119768522723
2025-03-15 12:00:00,65.9619960109917
2025-03-15 13:00:00,63.7333829390071
2025-03-15 14:00:00,64.418992362318
2025-03-15 15:00:00,65.2158060341455
2025-03-15 16:00:00,61.8200537385954
2025-03-15 17:00:00,62.4062765936527
2025-03-15 18:00:00,66.39619255872
2025-03-15 19:00:00,65.1098852348474
2025-03-15 20:00:00,62.7069572245195
2025-03-15 21:00:00,65.3948383866868
2025-03-15 22:00:00,64.6054765720605
2025-03-15 23:00:00,64.9380085206774
2025-03-16 00:00:00,62.3887104858653
2025-03-16 01:00:00,64.8594169920356
2025-03-16 02:00:00,65.2943834025035
2025-03-16 03:00:00,64.6333951331638
2025-03-16 04:00:00,65.4981964018434
2025-03-16 05:00:00,64.6577131233777
2025-03-16 06:00:00,64.7014625310163
2025-03-16 07:00:00,63.3551595741338
2025-03-16 08:00:00,63.9707949329477
2025-03-16 09:00:00,62.2534074763244
2025-03-16 10:00:00,64.3669163771519
2025-03-16 11:00:00,63.1872061608168
2025-03-16 13:00:00,62.80646260665
2025-03-16 14:00:00,63.3958059257331
2025-03-16 15:00:00,63.0008235765804
2025-03-16 16:00:00,63.8404368348012
2025-03-16 17:00:00,64.5495421092955
2025-03-16 18:00:00,63.5368980623294
2025-03-16 19:00:00,66.0427327209993
2025-03-16 20:00:00,65.1026353964081
2025-03-16 21:00:00,64.8193036375628
2025-03-16 22:00:00,62.9815791364884
2025-03-16 23:00:00,64.2617468892074
2025-03-17 00:00:00,65.9904543015222
2025-03-17 01:00:00,63.9040894277221
2025-03-17 02:00:00,63.3435524929431
2025-03-17 03:00:00,64.6062392067701
2025-03-17 04:00:00,64.2597883362685
2025-03-17 05:00:00,63.4643219343564
2025-03-17 06:00:00,64.3072043518463
2025-03-17 07:00:00,62.2946187489486
2025-03-17 08:00:00,64.9647240355525
2025-03-17 11:00:00,62.7821493441129
2025-03-17 12:00:00,63.5744169471614
2025-03-17 13:00:00,68.1047518225477
2025-03-17 14:00:00,64.6896888114182
2025-03-17 15:00:00,65.5721677860921
2025-03-17 16:00:00,64.0626230957012
2025-03-17 17:00:00,63.610777885034
2025-03-17 18:00:00,65.3431143290037
2025-03-17 19:00:00,64.0205424464771
2025-03-17 20:00:00,65.2374965767458
2025-03-17 21:00:00,63.2647609760733
2025-03-17 22:00:00,63.7937485541191
2025-03-17 23:00:00,65.2631058375052
2025-03-18 00:00:00,63.779387503242
2025-03-18 01:00:00,64.5595156558361
2025-03-18 02:00:00,63.3647752958174
2025-03-18 03:00:00,64.3749759679675
2025-03-18 04:00:00,63.2488070699962
2025-03-18 06:00:00,62.232130656202
2025-03-18 07:00:00,64.7953824164612
2025-03-18 08:00:00,63.8514475846736
2025-03-18 09:00:00,63.1854159274693
2025-03-18 10:00:00,63.555512716098
2025-03-18 11:00:00,64.9961775882703
2025-03-18 12:00:00,48.7269533526058
2025-03-18 13:00:00,62.4294746447122
2025-03-18 14:00:00,64.2563064701277
2025-03-18 15:00:00,62.7680420598824
2025-03-18 16:00:00,62.6063241538724
2025-03-18 17:00:00,63.0914777675329
2025-03-18 18:00:00,62.4891739159381
2025-03-18 19:00:00,62.9718880164439
2025-03-18 20:00:00,64.9867214153611
2025-03-18 21:00:00,
2025-03-18 22:00:00,
2025-03-18 23:00:00,
2025-03-19 00:00:00,63.1853914705869
2025-03-19 01:00:00,61.7537682516239
2025-03-19 02:00:00,78.0667015895413
2025-03-19 03:00:00,63.8545684336453
2025-03-19 04:00:00,62.9009463077161
2025-03-19 05:00:00,62.3321924909975
2025-03-19 06:00:00,63.5921330737571
2025-03-19 07:00:00,64.2291312901556
2025-03-19 08:00:00,62.2046936295199
2025-03-19 09:00:00,63.7946463826366
2025-03-19 10:00:00,63.2682557152326
2025-03-19 11:00:00,62.5783091654825
2025-03-19 12:00:00,62.2363127029478
2025-03-19 13:00:00,60.5423542866142
2025-03-19 14:00:00,63.4979786795868
2025-03-19 15:00:00,64.3975526047374
2025-03-19 16:00:00,64.1722646133109
2025-03-19 17:00:00,64.6858246402555
2025-03-19 18:00:00,64.8679254658054
2025-03-19 19:00:00,63.2114345636098
2025-03-19 20:00:00,61.2344285512107
2025-03-19 21:00:00,63.2874373977358
2025-03-20 10:00:00,63.4736992346494
2025-03-20 11:00:00,62.3914946433822
2025-03-20 12:00:00,61.0430997208379
2025-03-20 13:00:00,70.0443934080731
2025-03-20 14:00:00,62.9569713724261
2025-03-20 15:00:00,63.0569355754205
2025-03-20 16:00:00,63.9647718486773
2025-03-20 17:00:00,62.2881175497047
2025-03-20 18:00:00,62.4312918030074
2025-03-20 19:00:00,63.1806579821617
2025-03-20 20:00:00,60.4818552573269
2025-03-20 21:00:00,62.9264333402996
2025-03-20 22:00:00,62.0921605535378
2025-03-20 23:00:00,61.6665738252721
2025-03-21 00:00:00,62.7589651768926
2025-03-21 01:00:00,63.7273874981161
2025-03-21 02:00:00,70.4051363288444
2025-03-21 03:00:00,61.856698029334
2025-03-21 04:00:00,63.4301762123474
2025-03-21 05:00:00,62.906975033473
2025-03-21 06:00:00,63.6861670402278
2025-03-21 07:00:00,64.822042816425
2025-03-21 08:00:00,62.6058396956991
2025-03-21 09:00:00,63.4670657616263
2025-03-21 10:00:00,61.917379067195
2025-03-22 12:00:00,63.4097558597623
2025-03-22 13:00:00,62.237051055764
2025-03-22 14:00:00,62.2998159477476
2025-03-22 15:00:00,62.3972345193202
2025-03-22 16:00:00,62.7785377772931
2025-03-22 17:00:00,63.641566569428
2025-03-22 18:00:00,62.6050398906013
2025-03-22 19:00:00,63.3361304833566
2025-03-22 20:00:00,62.489007541048
2025-03-22 21:00:00,61.8061027804536
2025-03-22 22:00:00,63.8478445663314
2025-03-22 23:00:00,62.804258527888
2025-03-23 00:00:00,61.4294590468287
2025-03-23 01:00:00,63.6236399553844
2025-03-23 02:00:00,60.9010787238213
2025-03-23 03:00:00,61.0447724035908
2025-03-23 04:00:00,60.5859268320393
2025-03-23 06:00:00,62.0138846881646
2025-03-23 07:00:00,61.4074123360983
2025-03-23 08:00:00,60.7479590898223
2025-03-23 09:00:00,63.7265954470056
2025-03-23 10:00:00,62.4417508509594
2025-03-23 11:00:00,63.1281924048273
2025-03-23 12:00:00,60.3575408568937
2025-03-23 13:00:00,63.5022749649383
2025-03-23 14:00:00,60.2802398272788
2025-03-23 15:00:00,61.6376372864663
2025-03-23 16:00:00,59.426976274436
2025-03-23 17:00:00,61.4374710258348
2025-03-23 18:00:00,61.2367073460147
2025-03-23 19:00:00,60.8339146607386
2025-03-23 20:00:00,62.4640565915305
2025-03-23 21:00:00,61.9757448462447
2025-03-23 22:00:00,63.5170022686447
2025-03-23 23:00:00,62.9138350335532
2025-03-24 00:00:00,63.7538950423491
2025-03-24 01:00:00,61.6107271133039
2025-03-24 02:00:00,63.0291497818905
2025-03-24 03:00:00,62.7281633823761
2025-03-24 04:00:00,61.5081199003432
2025-03-24 05:00:00,61.9171849151668
2025-03-24 06:00:00,62.9168645358348
2025-03-24 07:00:00,63.1823374872157
2025-03-24 08:00:00,63.0083241513544
2025-03-24 09:00:00,61.4696729218606
2025-03-24 10:00:00,61.2331342889865
2025-03-24 11:00:00,60.5782336325117
2025-03-24 12:00:00,61.8760661538793
2025-03-24 13:00:00,61.0305303479421
2025-03-24 14:00:00,60.9178957247696
2025-03-24 15:00:00,62.0071327198949
2025-03-24 16:00:00,60.9619559921821
2025-03-24 17:00:00,61.4968429720419
2025-03-24 18:00:00,61.3292332307411
2025-03-24 19:00:00,62.1801903498883
2025-03-24 20:00:00,62.3586241989524
2025-03-24 21:00:00,63.246589378247
2025-03-24 22:00:00,77.3102266189849
2025-03-24 23:00:00,61.6518512508762
2025-03-25 00:00:00,62.958258047646
2025-03-25 01:00:00,61.6152587338129
2025-03-25 02:00:00,62.8010467101432
2025-03-25 03:00:00,61.4782267242498
2025-03-25 04:00:00,61.4027159176516
2025-03-25 05:00:00,60.8808361751287
2025-03-25 06:00:00,61.3437621276574
2025-03-25 07:00:00,60.6507896307598
2025-03-25 08:00:00,61.6937513399861
2025-03-25 09:00:00,49.6300415125587
2025-03-25 10:00:00,60.4290093286944
2025-03-25 11:00:00,63.4268909241666
2025-03-25 12:00:00,61.6197314040053
2025-03-25 13:00:00,49.5602264389683
2025-03-25 14:00:00,62.9884406108734
2025-03-25 15:00:00,62.2148352698716
2025-03-25 16:00:00,62.1929513504071
2025-03-25 17:00:00,61.0539188992676
2025-03-25 18:00:00,59.3242097867149
2025-03-25 19:00:00,62.4229374640084
2025-03-25 20:00:00,61.3141268103414
2025-03-25 21:00:00,61.9609447022129
2025-03-25 22:00:00,75.1454878785798
2025-03-25 23:00:00,61.4679835379985
2025-03-26 00:00:00,64.8340460680393
2025-03-26 01:00:00,61.8414539000337
2025-03-26 02:00:00,60.0375013124066
2025-03-26 03:00:00,61.1227963147133
2025-03-26 04:00:00,62.1485495881355
2025-03-26 05:00:00,60.9858854671522
2025-03-26 06:00:00,60.6038100824275
2025-03-26 07:00:00,62.1549501551476
2025-03-26 08:00:00,59.7829087914892
2025-03-26 09:00:00,61.8020369860051
2025-03-26 10:00:00,62.1595523235779
2025-03-26 11:00:00,60.6122585439469
2025-03-26 12:00:00,61.2528510133855
2025-03-26 13:00:00,60.7901869207577
2025-03-26 14:00:00,61.7925806140171
2025-03-26 15:00:00,61.9102207152946
2025-03-26 16:00:00,61.1921950570327
2025-03-26 17:00:00,60.7469837096946
2025-03-26 18:00:00,59.5765661748079
2025-03-26 19:00:00,60.424256291906
2025-03-26 20:00:00,60.3211650834147
2025-03-26 21:00:00,61.2509224254007
2025-03-26 22:00:00,61.4943380236622
2025-03-26 23:00:00,62.1207502229406
2025-03-27 00:00:00,59.9019356264486
2025-03-27 01:00:00,58.2507978656109
2025-03-27 02:00:00,60.5565003191504
2025-03-27 03:00:00,59.008025389613
2025-03-27 04:00:00,60.7311939743131
2025-03-27 05:00:00,61.2399884895224
2025-03-27 06:00:00,61.0323082689366
2025-03-27 07:00:00,61.153667320184
2025-03-27 08:00:00,61.4706709142862
2025-03-27 09:00:00,61.1875226398258
2025-03-27 10:00:00,61.5648168057069
2025-03-27 11:00:00,61.4622913636541
2025-03-27 12:00:00,61.4430860151533
2025-03-27 13:00:00,60.4777658773467
2025-03-27 14:00:00,60.1080237386355
2025-03-27 15:00:00,61.4319552225181
2025-03-27 16:00:00,61.7216594319185
2025-03-27 17:00:00,60.8904542321552
2025-03-27 18:00:00,60.2564634993483
2025-03-27 19:00:00,61.8179715906226
2025-03-27 20:00:00,62.4517812597474
2025-03-27 21:00:00,61.5285819407865
2025-03-27 22:00:00,60.2691217767054
2025-03-27 23:00:00,62.8734856785914
2025-03-28 00:00:00,61.2637126266054
2025-03-28 01:00:00,61.3010787707944
2025-03-28 02:00:00,59.8758026251419
2025-03-28 03:00:00,59.5950374621768
2025-03-28 04:00:00,61.5100687535918
2025-03-28 05:00:00,61.6962206819095
2025-03-28 06:00:00,58.9928067864437
2025-03-28 07:00:00,60.5540546697845
2025-03-28 08:00:00,60.0006284995375
2025-03-28 09:00:00,61.1911238213376
2025-03-28 10:00:00,60.2858897571374
2025-03-28 11:00:00,59.8086595797302
2025-03-28 12:00:00,51.6793179330478
2025-03-28 13:00:00,61.1510040861001
2025-03-28 14:00:00,58.5949276344039
2025-03-28 15:00:00,58.3253743059274
2025-03-28 16:00:00,60.2438894475336
2025-03-28 17:00:00,60.0855791204317
2025-03-28 18:00:00,59.1281383829736
2025-03-28 19:00:00,57.6919044621092
2025-03-28 20:00:00,59.322291517774
2025-03-28 21:00:00,61.5810362313469
2025-03-28 22:00:00,60.1213772099393
2025-03-28 23:00:00,58.2294588375537
2025-03-29 00:00:00,59.4879455064202
2025-03-29 01:00:00,57.2846135913755
2025-03-29 02:00:00,59.8172228690998
2025-03-29 03:00:00,60.5618768956443
2025-03-29 04:00:00,61.6235092705579
2025-03-29 05:00:00,59.8538824725583
2025-03-29 06:00:00,59.2374989998037
2025-03-29 07:00:00,59.7940352551459
2025-03-29 08:00:00,60.1567283197382
2025-03-29 09:00:00,59.6437843061521
2025-03-29 10:00:00,59.8071452770886
2025-03-29 11:00:00,58.4327196462572
2025-03-29 12:00:00,59.8124078450015
2025-03-29 13:00:00,61.9570925989061
2025-03-29 14:00:00,60.1452104343741
2025-03-29 15:00:00,59.1315089223308
2025-03-29 16:00:00,60.3729323303056
2025-03-29 17:00:00,60.7641936040052
2025-03-29 18:00:00,59.9329322541178
2025-03-29 19:00:00,59.728761356302
2025-03-29 20:00:00,59.3490581453291
2025-03-29 21:00:00,59.4876577562162
2025-03-30 11:00:00,60.4108798780371
2025-03-30 12:00:00,60.035482097162
2025-03-30 13:00:00,58.8717072743576
2025-03-30 14:00:00,60.8938819329033
2025-03-30 15:00:00,58.0485881228419
2025-03-30 16:00:00,58.14433541479
2025-03-30 17:00:00,58.9178970568403
2025-03-30 18:00:00,60.3745243427199
2025-03-30 19:00:00,60.2560797321696
2025-03-30 20:00:00,60.0257162741249
2025-03-30 21:00:00,61.3799807497148
2025-03-30 22:00:00,60.4247143641922
2025-03-30 23:00:00,58.7919464230921
2025-03-31 00:00:00,60.039680611694
2025-03-31 01:00:00,
2025-03-31 02:00:00,
2025-03-31 03:00:00,
2025-03-31 04:00:00,
2025-03-31 05:00:00,61.0334057603353
2025-03-31 06:00:00,59.3236470931305
2025-03-31 07:00:00,59.7662242908682
2025-03-31 08:00:00,58.2845841489026
2025-03-31 09:00:00,58.9352894614054
2025-03-31 10:00:00,59.5285195815832
2025-03-31 11:00:00,58.5023085306414
2025-03-31 12:00:00,60.6417722201569
2025-03-31 13:00:00,60.3167814018855
2025-03-31 14:00:00,74.8602583871575
2025-03-31 15:00:00,57.731454729942
2025-04-01 12:00:00,58.4059280682041
2025-04-01 13:00:00,59.0982453696033
2025-04-01 14:00:00,60.1872888123596
2025-04-01 15:00:00,57.6138769015094
2025-04-01 16:00:00,58.3911520448625
2025-04-01 17:00:00,58.5175153311216
2025-04-01 18:00:00,59.3220604249583
2025-04-01 19:00:00,58.134917601297
2025-04-01 20:00:00,58.8132719373579
2025-04-01 21:00:00,59.4343500893713
2025-04-01 22:00:00,59.4147631377635
2025-04-01 23:00:00,60.7008005682432
2025-04-02 00:00:00,59.7962671254104
2025-04-02 01:00:00,58.1645004911788
2025-04-02 02:00:00,59.5851318681821
2025-04-02 03:00:00,59.4255121706051
2025-04-02 04:00:00,59.7241812944535
2025-04-02 05:00:00,59.2424203656849
2025-04-02 06:00:00,58.0290357753789
2025-04-02 07:00:00,57.718409358747
2025-04-02 08:00:00,60.1335861947179
2025-04-02 09:00:00,59.0086731668434
2025-04-02 10:00:00,58.3117185460375
2025-04-02 11:00:00,58.1637444223182
2025-04-02 12:00:00,60.659827720005
2025-04-02 13:00:00,59.5478425879576
2025-04-02 14:00:00,60.2299116439264
2025-04-02 15:00:00,59.3984749267695
2025-04-02 16:00:00,59.4920032755431
2025-04-02 17:00:00,60.0761235185662
2025-04-02 18:00:00,59.4030486051072
2025-04-02 19:00:00,57.9516610694779
2025-04-02 20:00:00,58.709515806697
2025-04-02 21:00:00,64.2803295126285
2025-04-02 22:00:00,58.6702785707872
2025-04-02 23:00:00,59.5336877183065
2025-04-03 00:00:00,58.2379535243251
2025-04-03 01:00:00,57.8562684126744
2025-04-03 02:00:00,60.5140740672
2025-04-03 03:00:00,58.7898881662679
2025-04-03 04:00:00,56.7489375070894
2025-04-03 05:00:00,59.0167074913931
2025-04-03 06:00:00,57.8979912581438
2025-04-03 07:00:00,58.4591360216318
2025-04-03 08:00:00,56.9155665094053
2025-04-03 09:00:00,58.1510448228918
2025-04-03 10:00:00,60.0224897511231
2025-04-03 11:00:00,58.7031635664579
2025-04-03 12:00:00,58.3073526559499
2025-04-03 13:00:00,60.2099635699321
2025-04-03 14:00:00,58.8022873554091
2025-04-03 15:00:00,57.9881355400258
2025-04-03 16:00:00,59.5400745243597
2025-04-03 17:00:00,60.5510583766108
2025-04-03 18:00:00,60.8705464579687
2025-04-03 19:00:00,59.7122472451532
2025-04-03 20:00:00,57.6967782888182
2025-04-03 21:00:00,58.1569968371898
2025-04-03 22:00:00,58.0336903336336
2025-04-03 23:00:00,58.008842345588
2025-04-04 00:00:00,58.0759469527435
2025-04-04 01:00:00,59.0773141913667
2025-04-04 02:00:00,59.4783676886733
2025-04-04 03:00:00,58.4488246087664
2025-04-04 04:00:00,58.2579581680025
2025-04-04 05:00:00,76.3664939206465
2025-04-04 06:00:00,57.663571769354
2025-04-04 07:00:00,58.1881012951743
2025-04-04 08:00:00,59.6592503951861
2025-04-04 09:00:00,58.295485192206
2025-04-04 10:00:00,57.0698508716172
2025-04-04 11:00:00,59.8232488748844
2025-04-04 12:00:00,60.1073925378547
2025-04-04 13:00:00,59.1425423880109
2025-04-04 14:00:00,61.7958930905509
2025-04-04 15:00:00,60.6792378059433
2025-04-04 16:00:00,59.4341041045989
2025-04-04 17:00:00,58.8029256365724
2025-04-04 18:00:00,59.1953316372891
2025-04-04 19:00:00,59.0008392806932
2025-04-05 07:00:00,58.0207641708659
2025-04-05 08:00:00,58.4131312391159
2025-04-05 09:00:00,58.3246260309151
2025-04-05 10:00:00,59.1923063521588
2025-04-05 11:00:00,57.5198138006744
2025-04-05 12:00:00,57.7538932399599
2025-04-05 13:00:00,58.1644506840064
2025-04-05 14:00:00,58.9251637993691
2025-04-05 15:00:00,59.6455810963712
2025-04-05 16:00:00,57.0133166878419
2025-04-05 17:00:00,59.6091059197977
2025-04-05 18:00:00,57.3536009562759
2025-04-05 19:00:00,57.8815459866821
2025-04-05 20:00:00,58.3010390784591
2025-04-05 21:00:00,59.0684038030493
2025-04-05 22:00:00,59.2672908354566
2025-04-05 23:00:00,57.5232226480313
2025-04-06 00:00:00,56.8970867721799
2025-04-06 01:00:00,56.8079710846647
2025-04-06 02:00:00,58.2609241962037
2025-04-06 03:00:00,59.0678050377357
2025-04-06 04:00:00,58.5846931370193
2025-04-06 05:00:00,57.480661619524
2025-04-06 06:00:00,56.9086524641418
2025-04-06 07:00:00,56.6925389010236
2025-04-06 08:00:00,59.7840775126378
2025-04-06 09:00:00,58.4086210082454
2025-04-06 10:00:00,56.757932466008
2025-04-06 11:00:00,57.9382728003254
2025-04-06 12:00:00,57.472591479909
2025-04-06 13:00:00,59.7459820299394
2025-04-06 14:00:00,59.3813789331304
2025-04-06 15:00:00,57.4951177036159
2025-04-06 16:00:00,57.9576631980995
2025-04-06 17:00:00,69.4742666727572
2025-04-06 18:00:00,57.8467405922552
2025-04-06 19:00:00,57.0813774747105
2025-04-06 20:00:00,59.4517262877961
2025-04-06 21:00:00,57.7144686520723
2025-04-06 22:00:00,57.7417471321113
2025-04-06 23:00:00,57.5731259588057
2025-04-07 00:00:00,59.2730414043561
2025-04-07 01:00:00,57.1682810993985
2025-04-07 02:00:00,58.3809135501368
2025-04-07 03:00:00,59.0576796364189
2025-04-07 04:00:00,57.463356745275
2025-04-07 05:00:00,57.9763552894891
2025-04-07 06:00:00,57.2476963583674
2025-04-07 14:00:00,57.9954751792232
2025-04-07 15:00:00,
2025-04-07 16:00:00,59.6472193402027
2025-04-07 17:00:00,59.3169670999933
2025-04-07 18:00:00,56.4127941644134
2025-04-07 19:00:00,59.3544323524262
2025-04-07 20:00:00,57.1042603549991
2025-04-07 21:00:00,58.7454491747929
2025-04-07 22:00:00,58.3899857437794
2025-04-07 23:00:00,55.7795152928042
2025-04-08 00:00:00,57.2900819753708
2025-04-08 01:00:00,57.003044772913
2025-04-08 02:00:00,56.1977924756051
2025-04-08 03:00:00,58.3923432522287
2025-04-08 04:00:00,57.8809503856739
2025-04-08 05:00:00,57.5656175040742
2025-04-08 06:00:00,56.4491846810753
2025-04-08 07:00:00,56.1325340503359
2025-04-08 08:00:00,57.7198007095804
2025-04-08 09:00:00,57.019913004556
2025-04-08 10:00:00,58.3832029913867
2025-04-08 15:00:00,56.9195718766171
2025-04-08 16:00:00,58.1205472814539
2025-04-08 17:00:00,56.869457530321
2025-04-08 18:00:00,56.9433062177582
2025-04-08 19:00:00,57.9467943975237
2025-04-08 20:00:00,56.9156884330611
2025-04-08 21:00:00,72.2230103255942
2025-04-08 22:00:00,56.0825182846797
2025-04-08 23:00:00,58.3493470991585
2025-04-09 00:00:00,56.4268028225176
2025-04-09 01:00:00,60.1526370993119
2025-04-09 02:00:00,57.3188416591192
2025-04-09 03:00:00,56.6127356322507
2025-04-09 04:00:00,58.0691926330515
2025-04-09 05:00:00,56.9882777533334
2025-04-09 06:00:00,59.7662484705602
2025-04-09 07:00:00,57.6613212792398
2025-04-09 08:00:00,57.6728555418533
2025-04-09 09:00:00,57.0792720689249
2025-04-09 10:00:00,56.3039433575403
2025-04-09 11:00:00,55.9590565503935
2025-04-09 12:00:00,56.8495477768712
2025-04-09 13:00:00,58.6180186674555
2025-04-09 14:00:00,56.7535108487486
2025-04-09 15:00:00,56.4170412983715
2025-04-09 16:00:00,56.4287033690678
2025-04-09 17:00:00,56.5063758630201
2025-04-09 18:00:00,54.5991679881611
2025-04-09 19:00:00,56.725550463598
2025-04-09 20:00:00,57.95060754199
2025-04-09 21:00:00,56.5712772613954
2025-04-09 22:00:00,57.5570409194891
2025-04-09 23:00:00,54.5076696908101
2025-04-10 00:00:00,56.3814814525266
2025-04-10 02:00:00,55.6848737255667
2025-04-10 03:00:00,56.9120360684931
2025-04-10 04:00:00,54.3154816889216
2025-04-10 05:00:00,57.3443312290625
2025-04-10 06:00:00,55.6731287190866
2025-04-10 07:00:00,57.7665648284126
2025-04-10 08:00:00,58.6093308155371
2025-04-10 09:00:00,56.5437124612448
2025-04-10 10:00:00,57.0313883669123
2025-04-10 11:00:00,56.6788081661484
2025-04-10 12:00:00,57.6536647225325
2025-04-10 13:00:00,57.0821382093814
2025-04-10 14:00:00,56.9118661679933
2025-04-10 15:00:00,56.1563471305065
2025-04-10 16:00:00,57.2877165858561
2025-04-10 17:00:00,57.4003610155633
2025-04-10 18:00:00,56.0568870100504
2025-04-10 19:00:00,57.1529890960737
2025-04-10 20:00:00,57.0883758360905
2025-04-10 21:00:00,56.9897466474044
2025-04-10 22:00:00,56.1530355507495
2025-04-10 23:00:00,55.8369630762089
2025-04-11 00:00:00,
2025-04-11 01:00:00,
2025-04-11 02:00:00,
2025-04-11 03:00:00,
2025-04-11 04:00:00,
2025-04-11 05:00:00,
2025-04-11 06:00:00,
2025-04-11 07:00:00,
2025-04-11 08:00:00,
2025-04-11 09:00:00,
2025-04-11 10:00:00,
2025-04-11 11:00:00,
2025-04-11 12:00:00,
2025-04-11 13:00:00,
2025-04-11 14:00:00,
2025-04-11 15:00:00,
2025-04-11 16:00:00,
2025-04-11 17:00:00,
2025-04-11 18:00:00,
2025-04-11 19:00:00,
2025-04-11 20:00:00,
2025-04-11 21:00:00,
2025-04-11 22:00:00,
2025-04-11 23:00:00,
2025-04-12 00:00:00,82.0682984566886
2025-04-12 01:00:00,81.8990187110954
2025-04-12 02:00:00,82.2991670191295
2025-04-12 03:00:00,81.5977290652611
2025-04-12 04:00:00,82.5090497649207
2025-04-12 05:00:00,81.690077074337
2025-04-12 06:00:00,
2025-04-12 07:00:00,
2025-04-12 08:00:00,
2025-04-12 09:00:00,82.2237842166425
2025-04-12 10:00:00,82.8731907342268
2025-04-12 11:00:00,82.2658687841899
2025-04-12 12:00:00,82.0380719268974
2025-04-12 13:00:00,82.1846735313827
2025-04-12 14:00:00,82.799338010928
2025-04-12 15:00:00,82.1455882698676
2025-04-12 16:00:00,82.8321459502904
2025-04-12 17:00:00,82.9298264340551
2025-04-12 18:00:00,83.2303480239022
2025-04-12 19:00:00,81.3754476599257
2025-04-12 20:00:00,82.2083751798683
2025-04-12 21:00:00,82.1032101632924
2025-04-12 22:00:00,82.3584413590672
2025-04-12 23:00:00,82.3474732313033
2025-04-13 00:00:00,81.5207496193846
2025-04-13 01:00:00,82.5554480768262
2025-04-13 02:00:00,82.413796252612
2025-04-13 03:00:00,81.5665955962329
2025-04-13 04:00:00,81.8562870980568
2025-04-13 05:00:00,80.8934912631138
2025-04-13 06:00:00,81.5759352308992
2025-04-13 07:00:00,82.3105184172124
2025-04-13 08:00:00,82.1292134395364
2025-04-13 09:00:00,82.1592167977359
2025-04-13 10:00:00,81.9308330734471
2025-04-13 11:00:00,82.5186532414956
2025-04-13 12:00:00,82.6789264398813
2025-04-13 13:00:00,82.1228498612746
2025-04-13 14:00:00,81.8320393495948
2025-04-13 15:00:00,82.0793523004672
2025-04-13 17:00:00,83.0347150956168
2025-04-14 04:00:00,82.0856894676581
2025-04-14 05:00:00,81.8430607839114
2025-04-14 06:00:00,81.9007126379823
2025-04-14 07:00:00,82.3507742848718
2025-04-14 08:00:00,81.3287623253998
2025-04-14 09:00:00,81.9244517596736
2025-04-14 10:00:00,82.1643601779974
2025-04-14 11:00:00,82.3111892353522
2025-04-14 12:00:00,81.7894175698298
2025-04-14 13:00:00,81.9665733655142
2025-04-14 14:00:00,81.6501218408929
2025-04-14 15:00:00,82.1679394767746
2025-04-14 16:00:00,82.4924695062556
2025-04-14 17:00:00,81.4597388841219
2025-04-14 18:00:00,82.2328860451013
2025-04-14 19:00:00,82.7403860838917
2025-04-14 20:00:00,81.2745178664177
2025-04-14 21:00:00,81.7241363613311
2025-04-14 22:00:00,82.6028549646641
2025-04-14 23:00:00,81.7916105435441
2025-04-15 00:00:00,83.3903342922286
2025-04-15 01:00:00,80.4789873907851
2025-04-15 02:00:00,105.609280356813
2025-04-15 03:00:00,82.0432861936409
2025-04-15 04:00:00,82.1541235030035
2025-04-15 05:00:00,81.0802276087263
2025-04-15 06:00:00,82.7024502833552
2025-04-15 07:00:00,81.713253920513
2025-04-15 08:00:00,80.8917829656259
2025-04-15 10:00:00,79.8861000821141
2025-04-15 11:00:00,80.2851897743155
2025-04-15 12:00:00,82.0272430995791
2025-04-15 13:00:00,80.5229415929599
2025-04-15 14:00:00,81.3499008261522
2025-04-15 15:00:00,81.6749932225281
2025-04-15 16:00:00,82.5109502623433
2025-04-15 17:00:00,82.0302130162683
2025-04-15 18:00:00,83.1080014857715
2025-04-15 19:00:00,83.6609898759033
2025-04-15 20:00:00,81.9363089020677
2025-04-15 21:00:00,82.2700106916343
2025-04-15 22:00:00,80.8674523068123
2025-04-15 23:00:00,82.3255200017613
2025-04-16 00:00:00,82.031172754638
2025-04-16 01:00:00,80.6420602255034
2025-04-16 02:00:00,80.0392560185809
2025-04-16 03:00:00,83.967378629603
2025-04-16 04:00:00,79.4356390679855
2025-04-16 05:00:00,82.2606759132629
2025-04-16 06:00:00,81.0235136357545
2025-04-16 07:00:00,81.5299120691718
2025-04-16 08:00:00,80.179954459065
2025-04-16 09:00:00,80.5508155037963
2025-04-16 10:00:00,79.9602250883272
2025-04-16 11:00:00,81.8066403820118
2025-04-16 12:00:00,81.8661181653549
2025-04-16 13:00:00,80.4907651662826
2025-04-16 14:00:00,80.5084255810438
2025-04-16 15:00:00,81.4462787561673
2025-04-16 16:00:00,80.5687032553588
2025-04-16 17:00:00,80.7653664134024
2025-04-16 18:00:00,81.4353932291032
2025-04-16 19:00:00,80.4088206173138
2025-04-16 20:00:00,82.3667239906814
2025-04-16 21:00:00,81.4777493181763
2025-04-16 22:00:00,83.9055382831705
2025-04-16 23:00:00,81.560072227564
2025-04-17 00:00:00,79.2242031628625
2025-04-17 01:00:00,82.010611407171
2025-04-17 02:00:00,80.4979261134007
2025-04-17 03:00:00,80.4253444721378
2025-04-17 04:00:00,81.2735132797455
2025-04-17 05:00:00,82.2189675521253
2025-04-17 06:00:00,80.4463318984788
2025-04-17 07:00:00,81.5733057393256
2025-04-17 08:00:00,81.247591811258
2025-04-17 09:00:00,80.6607783859525
2025-04-17 10:00:00,81.8517387022495
2025-04-17 11:00:00,80.3034184438366
2025-04-17 12:00:00,81.0615400964747
2025-04-17 13:00:00,79.879983322656
2025-04-17 14:00:00,82.0344500931141
2025-04-17 15:00:00,80.9997524046504
2025-04-17 16:00:00,80.770241284245
2025-04-17 17:00:00,81.1486206981883
2025-04-17 19:00:00,80.1106479345063
2025-04-18 07:00:00,80.3156848563515
2025-04-18 08:00:00,80.8767904216968
2025-04-18 09:00:00,81.3959728755217
2025-04-18 10:00:00,82.676896720927
2025-04-18 11:00:00,79.8294767531946
2025-04-18 12:00:00,80.8636918752094
2025-04-18 13:00:00,81.4840434643332
2025-04-18 14:00:00,81.2913452859965
2025-04-18 15:00:00,81.3315996957031
2025-04-18 16:00:00,81.6400187030992
2025-04-18 17:00:00,80.5990413261106
2025-04-18 18:00:00,82.3127802661997
2025-04-18 19:00:00,80.2053038589164
2025-04-18 20:00:00,81.9957665635647
2025-04-18 21:00:00,80.5213571603612
2025-04-18 22:00:00,80.6782526730083
2025-04-18 23:00:00,81.8476830297179
2025-04-19 00:00:00,82.4710842181697
2025-04-19 01:00:00,80.4935571778704
2025-04-19 02:00:00,79.0504886492751
2025-04-19 03:00:00,80.1281861645426
2025-04-19 04:00:00,80.5536741962953
2025-04-19 05:00:00,82.2540316758028
2025-04-19 06:00:00,78.9534521850581
2025-04-19 12:00:00,79.5595689888695
2025-04-19 13:00:00,81.4173169113012
2025-04-19 14:00:00,78.4810171861884
2025-04-19 15:00:00,79.4026199535372
2025-04-19 16:00:00,80.7588396703086
2025-04-19 17:00:00,80.2933582598295
2025-04-19 18:00:00,80.04450249031
2025-04-20 08:00:00,82.1470538479605
2025-04-20 09:00:00,81.0150453205521
2025-04-20 10:00:00,81.1722039385112
2025-04-20 11:00:00,81.7849485074177
2025-04-20 12:00:00,80.3269911865567
2025-04-20 13:00:00,79.5443468357973
2025-04-20 14:00:00,82.7457657995747
2025-04-20 15:00:00,81.803645703608
2025-04-20 16:00:00,81.870897615312
2025-04-20 17:00:00,79.1402483389957
2025-04-20 18:00:00,80.9112957754096
2025-04-20 19:00:00,80.4358290815783
2025-04-20 20:00:00,81.2984394163995
2025-04-20 21:00:00,80.9939025089408
2025-04-20 22:00:00,80.9479860337388
2025-04-20 23:00:00,82.1210177960779
2025-04-21 00:00:00,79.3102218490956
2025-04-21 01:00:00,81.6966690110997
2025-04-21 02:00:00,80.9921128350305
2025-04-21 03:00:00,81.0777581534187
2025-04-21 04:00:00,79.3450015639145
2025-04-21 05:00:00,81.0821733922347
2025-04-21 06:00:00,79.9776911729318
2025-04-21 08:00:00,79.7608077579276
2025-04-21 09:00:00,80.0332384520097
2025-04-21 10:00:00,58.762756133039
2025-04-21 11:00:00,79.7641796356436
2025-04-21 12:00:00,80.0735929223258
2025-04-21 13:00:00,80.5605014517454
2025-04-21 14:00:00,79.9743470126294
2025-04-21 15:00:00,80.7308009594015
2025-04-21 16:00:00,80.2816228429768
2025-04-21 17:00:00,80.6075328765929
2025-04-21 18:00:00,82.0644131406789
2025-04-21 19:00:00,80.3294871798325
2025-04-21 20:00:00,81.2285411224166
2025-04-21 21:00:00,80.0619917846396
2025-04-21 22:00:00,80.745996579085
2025-04-21 23:00:00,79.6866959512982
2025-04-22 00:00:00,80.635009147466
2025-04-22 01:00:00,78.7264040635466
2025-04-22 02:00:00,77.8655627543376
2025-04-22 03:00:00,79.6992458153652
2025-04-22 04:00:00,79.6285489694425
2025-04-22 05:00:00,80.5981835752346
2025-04-22 06:00:00,79.6115029712379
2025-04-22 07:00:00,78.9702724991749
2025-04-22 08:00:00,79.2310000456989
2025-04-22 09:00:00,79.2121016231357
2025-04-22 10:00:00,79.3372168833754
2025-04-22 11:00:00,81.2481138590306
2025-04-22 12:00:00,79.7316147169835
2025-04-22 13:00:00,79.9325745431536
2025-04-22 14:00:00,81.125801569006
2025-04-22 15:00:00,79.7911475414928
2025-04-22 16:00:00,81.2466066673393
2025-04-22 17:00:00,79.2764327723586
2025-04-22 18:00:00,80.6991351994249
2025-04-22 19:00:00,79.2943926282926
2025-04-22 20:00:00,80.3405130141708
2025-04-22 21:00:00,78.6753965113007
2025-04-22 22:00:00,81.5994148618215
2025-04-23 09:00:00,81.9919361544307
2025-04-23 10:00:00,78.870652903051
2025-04-23 11:00:00,78.9611199463983
2025-04-23 12:00:00,79.1130612866879
2025-04-23 13:00:00,80.2161284991869
2025-04-23 14:00:00,76.3370564427855
2025-04-23 15:00:00,80.0539811807645
2025-04-23 16:00:00,80.5583890465379
2025-04-23 17:00:00,79.3324231346827
2025-04-23 18:00:00,79.4655544322379
2025-04-23 19:00:00,77.6054023628908
2025-04-23 20:00:00,78.1535053536222
2025-04-23 21:00:00,80.0632173577743
2025-04-23 22:00:00,79.5154998665113
2025-04-23 23:00:00,78.7685823451035
2025-04-24 00:00:00,79.0534774273748
2025-04-24 01:00:00,78.3230073421958
2025-04-24 02:00:00,80.3431201941326
2025-04-24 03:00:00,77.9837332315515
2025-04-24 04:00:00,79.7090820373467
2025-04-24 05:00:00,78.6631553665012
2025-04-24 06:00:00,78.7258299727596
2025-04-24 07:00:00,79.7679814737722
2025-04-24 08:00:00,78.6780477618152
2025-04-24 09:00:00,78.8139024741262
2025-04-24 10:00:00,79.4598474483746
2025-04-24 11:00:00,79.519750614115
2025-04-24 12:00:00,80.5259491318459
2025-04-24 13:00:00,79.4954146099648
2025-04-24 14:00:00,79.2682843250354
2025-04-24 15:00:00,79.8195658177996
2025-04-24 16:00:00,78.7046129329921
2025-04-24 17:00:00,78.5436796472486
2025-04-24 18:00:00,79.193937840584
2025-04-24 19:00:00,79.9617786207524
2025-04-24 20:00:00,78.6678651761511
2025-04-24 21:00:00,78.9333095606663
2025-04-24 22:00:00,78.0617181247115
2025-04-24 23:00:00,78.1275606301451
2025-04-25 00:00:00,79.677731798246
2025-04-25 01:00:00,78.9619594991665
2025-04-25 02:00:00,77.9962098221031
2025-04-25 03:00:00,79.5635875862341
2025-04-25 04:00:00,78.5287347128779
2025-04-25 06:00:00,77.2671134236638
2025-04-25 07:00:00,79.3914643780274
2025-04-25 08:00:00,79.8305644109562
2025-04-25 09:00:00,77.8272479969158
2025-04-25 10:00:00,80.521388351685
2025-04-25 11:00:00,79.1814778093855
2025-04-25 12:00:00,80.0886056337933
2025-04-25 13:00:00,77.8944173626587
2025-04-25 14:00:00,79.086098714475
2025-04-25 15:00:00,78.9143174928033
2025-05-01 00:00:00,78.8888464598894
2025-05-01 01:00:00,78.6235060024954
2025-05-01 02:00:00,79.1947104333494
2025-05-01 03:00:00,81.2554644457029
2025-05-01 04:00:00,71.0494384519853
2025-05-01 05:00:00,77.2011649027514
2025-05-01 15:00:00,77.9051426509032
2025-05-01 19:00:00,77.8670429495021
2025-05-01 20:00:00,79.925838673123
2025-05-01 21:00:00,79.4125717102913
2025-05-01 22:00:00,77.5454349455916
2025-05-02 00:00:00,78.3466533310689
2025-05-02 01:00:00,77.1837929296392
2025-05-02 02:00:00,79.4507724001246
2025-05-02 03:00:00,77.4782608480838
2025-05-02 04:00:00,77.0520861090169
2025-05-02 05:00:00,80.5452757594932
2025-05-02 06:00:00,78.1649794131132
2025-05-02 07:00:00,77.0993763149662
2025-05-02 08:00:00,78.0773500948124
2025-05-02 09:00:00,79.9318364159455
2025-05-02 10:00:00,80.2296140428254
2025-05-02 11:00:00,79.9951090781552
2025-05-02 12:00:00,79.4742648627665
2025-05-02 13:00:00,79.0161486003719
2025-05-02 14:00:00,78.3033131286227
2025-05-02 15:00:00,77.8185195330369
2025-05-02 16:00:00,77.9864336777562
2025-05-02 17:00:00,77.6460943368362
2025-05-02 18:00:00,78.1059363243831
2025-05-02 19:00:00,78.4254392086181
2025-05-02 20:00:00,77.5098917629137
2025-05-02 21:00:00,79.5860517214669
2025-05-02 22:00:00,78.6779326185331
2025-05-02 23:00:00,78.106704256936
2025-05-03 00:00:00,79.169682047738
2025-05-03 04:00:00,77.4951338129703
2025-05-03 05:00:00,80.1652010406084
2025-05-03 06:00:00,58.0868139091293
2025-05-03 12:00:00,78.9121322764432
2025-05-03 13:00:00,77.9648901388342
2025-05-03 14:00:00,77.8264244407073
2025-05-03 15:00:00,80.4033741435194
2025-05-03 16:00:00,78.7160563420251
2025-05-03 17:00:00,80.9064623020951
2025-05-03 18:00:00,80.2827553490364
2025-05-03 19:00:00,80.5915582618944
2025-05-03 20:00:00,79.3162233967283
2025-05-03 21:00:00,78.9157459385349
2025-05-03 22:00:00,79.2626745482579
2025-05-03 23:00:00,78.3601222828576
2025-05-04 00:00:00,77.3277668008623
2025-05-04 01:00:00,78.4744911384883
2025-05-04 02:00:00,76.897156628372
2025-05-04 03:00:00,76.8310026666693
2025-05-04 04:00:00,80.5997536147275
2025-05-04 05:00:00,77.97216295655
2025-05-04 06:00:00,79.4823385146353
2025-05-04 07:00:00,77.4671890498742
2025-05-04 08:00:00,77.6887982696021
2025-05-04 09:00:00,78.3111181929363
2025-05-04 10:00:00,79.6485319099463
2025-05-04 11:00:00,75.4414845553036
2025-05-04 12:00:00,63.9438772279741
2025-05-04 13:00:00,78.9812287565094
2025-05-04 14:00:00,78.3332677069744
2025-05-04 15:00:00,77.5778773621997
2025-05-04 16:00:00,76.050426195155
2025-05-04 17:00:00,77.3919057662879
2025-05-04 18:00:00,62.6650039165279
2025-05-04 19:00:00,79.4105874905437
2025-05-04 20:00:00,80.4911425717335
2025-05-04 21:00:00,78.2991674566157
2025-05-04 22:00:00,78.3619750314886
2025-05-04 23:00:00,77.3016958001985
2025-05-05 00:00:00,78.2889397949693
2025-05-05 01:00:00,76.0428522020031
2025-05-05 02:00:00,78.1972730580872
2025-05-05 03:00:00,78.6961953588452
2025-05-05 04:00:00,78.6218590723686
2025-05-05 05:00:00,77.8518143830139
2025-05-05 06:00:00,77.0318049721559
2025-05-05 08:00:00,80.6972080706767
2025-05-05 09:00:00,77.2060033653408
2025-05-05 10:00:00,76.0236715436704
2025-05-05 11:00:00,77.8117996174025
2025-05-05 12:00:00,78.8942179180002
2025-05-05 13:00:00,78.0449620046111
2025-05-05 14:00:00,78.8941403489046
2025-05-05 15:00:00,76.7895137374947
2025-05-05 16:00:00,77.7607052011836
2025-05-05 17:00:00,79.4707784308756
2025-05-05 18:00:00,77.0496193906546
2025-05-05 19:00:00,74.9694825114906
2025-05-05 20:00:00,79.3178720601467
2025-05-05 21:00:00,78.1601805769153
2025-05-05 22:00:00,77.3594721993586
2025-05-05 23:00:00,79.1456136023202
2025-05-06 00:00:00,77.1702750565494
2025-05-06 01:00:00,78.5927060952011
2025-05-06 02:00:00,77.9432845602104
2025-05-06 04:00:00,79.1753008928731
2025-05-06 15:00:00,79.2465362487394
2025-05-06 16:00:00,79.9381085555489
2025-05-06 17:00:00,77.4407557427388
2025-05-06 18:00:00,77.8591561003431
2025-05-06 19:00:00,75.8059067432631
2025-05-06 20:00:00,77.3763647864314
2025-05-06 21:00:00,74.7703142401039
2025-05-06 22:00:00,77.5144616551559
2025-05-06 23:00:00,77.6254006330034
2025-05-07 00:00:00,75.3960807016778
2025-05-07 01:00:00,77.0782831390684
2025-05-07 02:00:00,78.8483806843635
2025-05-07 03:00:00,77.9094621532305
2025-05-07 04:00:00,77.1794572820153
2025-05-07 06:00:00,77.5487049661211
2025-05-07 07:00:00,76.5909489111429
2025-05-07 08:00:00,75.0128893573372
2025-05-07 09:00:00,79.3523413473032
2025-05-07 10:00:00,78.1376393843673
2025-05-07 11:00:00,76.207985376926
2025-05-07 12:00:00,75.3315267323528
2025-05-07 13:00:00,79.1578411456067
2025-05-07 14:00:00,78.3806259226999
2025-05-07 15:00:00,76.1339445623682
2025-05-07 16:00:00,77.1723557064249
2025-05-07 17:00:00,77.6321039479466
2025-05-07 18:00:00,75.7380962864702
2025-05-07 19:00:00,77.4592069600817
2025-05-07 20:00:00,74.0802397248471
2025-05-07 21:00:00,78.0320118408865
2025-05-07 22:00:00,75.9850642834296
2025-05-07 23:00:00,76.2652485675428
2025-05-08 00:00:00,78.6386904072346
2025-05-08 01:00:00,74.3442080497754
2025-05-08 02:00:00,75.884268875201
2025-05-08 03:00:00,78.4222825042756
2025-05-08 04:00:00,75.9842267126826
2025-05-08 05:00:00,77.3953695965378
2025-05-08 06:00:00,76.9540762785389
2025-05-08 07:00:00,76.4039243849007
2025-05-08 08:00:00,75.3320312997357
2025-05-08 09:00:00,76.7950674281527
2025-05-08 10:00:00,75.2749334540852
2025-05-08 11:00:00,77.5764607376292
2025-05-08 12:00:00,77.2960885837638
2025-05-08 13:00:00,77.8295564797478
2025-05-08 14:00:00,79.1744505170605
2025-05-08 15:00:00,76.20504003784
2025-05-08 16:00:00,76.8748730979469
2025-05-08 17:00:00,77.1247677907874
2025-05-08 18:00:00,77.2738271871165
2025-05-08 19:00:00,80.0935690157319
2025-05-08 20:00:00,77.959541404883
2025-05-08 21:00:00,77.9017360682445
2025-05-08 22:00:00,76.93854840473
2025-05-08 23:00:00,
2025-05-09 00:00:00,
2025-05-09 01:00:00,
2025-05-09 02:00:00,
2025-05-09 03:00:00,75.8653293590141
2025-05-09 04:00:00,77.1185869439735
2025-05-09 05:00:00,77.7643400289381
2025-05-09 06:00:00,74.6945546651477
2025-05-09 07:00:00,74.5079221296693
2025-05-09 08:00:00,76.2842336348721
2025-05-09 09:00:00,77.6096423287571
2025-05-09 10:00:00,77.1677693928931
2025-05-09 11:00:00,78.9829184055907
2025-05-09 12:00:00,76.1259758513989
2025-05-09 13:00:00,77.2618362816186
2025-05-09 14:00:00,77.6818211968665
2025-05-09 15:00:00,74.7463772685245
2025-05-09 16:00:00,76.1852923611444
2025-05-09 17:00:00,78.6231446309406
2025-05-09 18:00:00,75.8246536631504
2025-05-09 19:00:00,75.8101543242216
2025-05-09 20:00:00,76.9063711333154
2025-05-09 21:00:00,75.9652877029143
2025-05-09 22:00:00,77.9031640113462
2025-05-09 23:00:00,75.7201083674625
2025-05-10 00:00:00,75.4468277740875
2025-05-10 01:00:00,77.6362079016586
2025-05-10 02:00:00,77.6526616280605
2025-05-10 03:00:00,77.0857655191263
2025-05-10 04:00:00,76.226587562758
2025-05-10 05:00:00,76.1500857428885
2025-05-10 06:00:00,75.6489849172778
2025-05-10 07:00:00,76.0295594047031
2025-05-10 08:00:00,77.3569891856102
2025-05-10 16:00:00,78.9087144425611
2025-05-10 17:00:00,78.2209608873847
2025-05-10 18:00:00,76.3550095668418
2025-05-10 19:00:00,76.3858854046306
2025-05-10 20:00:00,77.3413913564493
2025-05-10 21:00:00,78.5023477210932
2025-05-10 22:00:00,76.349925514442
2025-05-10 23:00:00,77.8201520284172
2025-05-11 00:00:00,77.9560278117233
2025-05-11 01:00:00,77.0854063367688
2025-05-11 02:00:00,78.3334006673428
2025-05-11 03:00:00,76.2210707653189
2025-05-11 04:00:00,74.7041259548438
2025-05-11 05:00:00,76.7682831962618
2025-05-11 06:00:00,75.2646938244027
2025-05-11 07:00:00,76.8575127968952
2025-05-11 08:00:00,76.3818270663069
2025-05-11 09:00:00,75.023565960361
2025-05-11 10:00:00,75.2409122552221
2025-05-11 11:00:00,76.7022479099531
2025-05-11 12:00:00,77.3277494472103
2025-05-11 13:00:00,75.3546742621972
2025-05-11 14:00:00,74.3192909724025
2025-05-12 01:00:00,76.9452508331419
2025-05-12 02:00:00,79.4318250148933
2025-05-12 03:00:00,75.0689252703469
2025-05-12 04:00:00,75.1930783081327
2025-05-12 05:00:00,76.924000645832
2025-05-12 06:00:00,75.906339522006
2025-05-12 07:00:00,77.5616874048863
2025-05-12 08:00:00,76.0839729654282
2025-05-12 09:00:00,76.5378890815436
2025-05-12 10:00:00,77.5290119320264
2025-05-12 11:00:00,75.3418886477914
2025-05-12 12:00:00,74.3049534383457
2025-05-12 13:00:00,77.6856889439693
2025-05-12 14:00:00,74.5380835982577
2025-05-12 15:00:00,77.3309529947386
2025-05-12 16:00:00,76.4652963931179
2025-05-12 17:00:00,76.1522407386686
2025-05-12 18:00:00,76.7082852532005
2025-05-12 19:00:00,54.763708720128
2025-05-12 20:00:00,77.2260799431662
2025-05-12 21:00:00,75.8462665087793
2025-05-12 22:00:00,77.9325313472473
2025-05-12 23:00:00,74.5535195411886
2025-05-13 00:00:00,75.7710921211964
2025-05-13 01:00:00,76.2131410030922
2025-05-13 02:00:00,75.4128237615301
2025-05-13 03:00:00,75.9273501074728
2025-05-13 04:00:00,76.1361377979484
2025-05-13 05:00:00,75.6074008062377
2025-05-13 08:00:00,75.6053231885847
2025-05-13 09:00:00,73.3455567863383
2025-05-13 10:00:00,76.2914801701899
2025-05-13 11:00:00,73.9945500299588
2025-05-13 12:00:00,76.0084338291945
2025-05-13 13:00:00,73.6848481895244
2025-05-13 14:00:00,76.7956667997804
2025-05-13 15:00:00,76.8953094312827
2025-05-13 16:00:00,76.2670901888268
2025-05-13 17:00:00,75.0371279878915
2025-05-13 18:00:00,77.0728171290745
2025-05-13 19:00:00,74.577827178253
2025-05-13 20:00:00,77.1298016187364
2025-05-13 21:00:00,73.6345609292113
2025-05-13 22:00:00,75.723861196022
2025-05-13 23:00:00,74.4247073007265
2025-05-14 00:00:00,77.056839932109
2025-05-14 01:00:00,77.3315675436586
2025-05-14 02:00:00,75.5503454539268
2025-05-14 03:00:00,74.7129134869409
2025-05-14 04:00:00,77.1786902922285
2025-05-14 05:00:00,76.6098925966568
2025-05-14 06:00:00,74.1884480457422
2025-05-14 07:00:00,76.8978298715022
2025-05-14 08:00:00,76.9468137092435
2025-05-14 09:00:00,77.6287666124728
2025-05-14 10:00:00,77.3128925814032
2025-05-14 11:00:00,75.9647254848027
2025-05-14 12:00:00,74.5467130128193
2025-05-14 13:00:00,74.6121868088274
2025-05-14 14:00:00,74.2547133407127
2025-05-14 15:00:00,75.0219274710254
2025-05-14 16:00:00,76.1243600997332
2025-05-14 17:00:00,74.9263324847842
2025-05-14 18:00:00,76.6221135748442
2025-05-14 19:00:00,77.8165981636422
2025-05-14 20:00:00,77.3186385149502
2025-05-14 21:00:00,75.3004018987022
2025-05-14 22:00:00,75.5747570213705
2025-05-14 23:00:00,74.069386736538
2025-05-15 00:00:00,77.3068192389183
2025-05-15 01:00:00,77.6856049252868
2025-05-15 02:00:00,74.8679632977236
2025-05-15 03:00:00,76.5570253621296
2025-05-15 04:00:00,75.2104032688411
2025-05-15 05:00:00,74.9760919291959
2025-05-15 06:00:00,74.6611694169236
2025-05-15 07:00:00,75.8905527071032
2025-05-15 08:00:00,75.7053835001215
2025-05-15 10:00:00,77.1623505764876
2025-05-15 11:00:00,74.8781821214792
2025-05-15 12:00:00,75.652441577108
2025-05-15 13:00:00,75.9796019340356
2025-05-15 14:00:00,76.4657060644993
2025-05-15 15:00:00,74.7443402230317
2025-05-15 16:00:00,75.5712995984428
2025-05-15 17:00:00,74.8164592494289
2025-05-15 18:00:00,74.9575664533125
2025-05-15 19:00:00,68.5975725659519
2025-05-15 20:00:00,76.8495515860931
2025-05-15 21:00:00,76.9077218316287
2025-05-15 22:00:00,76.1661264923874
2025-05-15 23:00:00,76.3828245391025
2025-05-16 00:00:00,76.2259438971583
2025-05-16 01:00:00,76.514596379996
2025-05-16 02:00:00,74.1067974140682
2025-05-16 03:00:00,75.433891664858
2025-05-16 04:00:00,77.4559280032403
2025-05-16 05:00:00,75.2590915800032
2025-05-16 06:00:00,
2025-05-16 07:00:00,
2025-05-16 08:00:00,
2025-05-16 09:00:00,75.4778734470513
2025-05-16 10:00:00,74.7086402179715
2025-05-16 11:00:00,74.3530688180425
2025-05-16 12:00:00,75.7787318653735
2025-05-16 13:00:00,76.6099392314451
2025-05-16 14:00:00,74.4132735161408
2025-05-16 15:00:00,75.8522112380421
2025-05-16 16:00:00,73.9498919785421
2025-05-16 17:00:00,74.5845334337915
2025-05-16 18:00:00,73.9362723447841
2025-05-16 19:00:00,75.3185096887647
2025-05-16 20:00:00,74.1721545921484
2025-05-16 21:00:00,76.7048333435053
2025-05-16 22:00:00,78.5703753279023
2025-05-16 23:00:00,72.3788060901096
2025-05-17 00:00:00,78.7649457107213
2025-05-17 01:00:00,73.4177142048376
2025-05-17 13:00:00,75.253125495657
2025-05-17 14:00:00,74.8929750923362
2025-05-17 15:00:00,74.5305953321319
2025-05-17 16:00:00,74.6349426331555
2025-05-17 17:00:00,74.7052552408212
2025-05-17 18:00:00,76.0938853468692
2025-05-17 19:00:00,74.5993679474764
2025-05-17 20:00:00,75.512397385258
2025-05-17 21:00:00,74.5687385417574
2025-05-17 22:00:00,73.7848149805684
2025-05-17 23:00:00,76.0464492205166
2025-05-18 00:00:00,74.9435047991146
2025-05-18 01:00:00,72.1583998840525
2025-05-18 02:00:00,73.8755043688092
2025-05-18 03:00:00,74.5339828027749
2025-05-18 04:00:00,73.6392632331777
2025-05-18 05:00:00,74.3265649712979
2025-05-18 06:00:00,74.6759197339598
2025-05-18 07:00:00,74.8763461421917
2025-05-18 08:00:00,73.4620182164641
2025-05-18 09:00:00,74.7351645100637
2025-05-18 10:00:00,75.8237581261174
2025-05-18 11:00:00,72.9862562400585
2025-05-18 12:00:00,74.4916196588244
2025-05-18 13:00:00,72.0726562501881
2025-05-18 14:00:00,75.4329411942003
2025-05-18 15:00:00,72.5013905551546
2025-05-18 16:00:00,75.2018535926676
2025-05-18 17:00:00,74.6718027247248
2025-05-18 18:00:00,75.3060829285873
2025-05-18 19:00:00,74.0500272751827
2025-05-18 20:00:00,73.6741179768908
2025-05-18 21:00:00,74.5877864109623
2025-05-18 22:00:00,74.9662317872135
2025-05-18 23:00:00,73.9461368471174
2025-05-19 00:00:00,73.3408069371602
2025-05-19 01:00:00,74.8433094970356
2025-05-19 02:00:00,75.5689133628064
2025-05-19 03:00:00,75.3708043026275
2025-05-19 04:00:00,76.0313770147948
2025-05-19 05:00:00,76.5598936558769
2025-05-19 06:00:00,76.1436624191358
2025-05-19 07:00:00,75.1520336162086
2025-05-19 08:00:00,74.695890153368
2025-05-19 09:00:00,74.1568243210069
2025-05-19 10:00:00,75.2768497772563
2025-05-19 11:00:00,76.653814402632
2025-05-19 12:00:00,76.4849724564447
2025-05-19 13:00:00,73.6865235863499
2025-05-19 14:00:00,76.8249219979251
2025-05-19 15:00:00,73.2533032821985
2025-05-19 16:00:00,74.0184734912935
2025-05-19 17:00:00,74.9698409796828
2025-05-19 18:00:00,73.5795076420277
2025-05-19 19:00:00,73.8621524855336
2025-05-19 20:00:00,76.3996823982391
2025-05-19 21:00:00,73.6601281536502
2025-05-19 22:00:00,73.7784656416933
2025-05-19 23:00:00,74.8603876897705
2025-05-20 00:00:00,75.4996844351144
2025-05-20 01:00:00,73.6904280002484
2025-05-20 02:00:00,74.9639050611276
2025-05-20 03:00:00,74.4152833974007
2025-05-20 04:00:00,72.7451576704884
2025-05-20 05:00:00,72.2845232178617
2025-05-20 06:00:00,75.1956461547831
2025-05-20 07:00:00,73.3161396597229
2025-05-20 08:00:00,75.2481401614887
2025-05-20 09:00:00,75.7478557347889
2025-05-20 10:00:00,73.5353321567502
2025-05-20 11:00:00,74.2081220967508
2025-05-20 12:00:00,73.3410756037984
2025-05-20 13:00:00,76.7761993898004
2025-05-20 14:00:00,74.2022539623328
2025-05-20 15:00:00,73.3568845511194
2025-05-20 16:00:00,74.3180608388861
2025-05-20 17:00:00,73.8012690632302
2025-05-20 18:00:00,75.5963556004397
2025-05-20 19:00:00,74.2979217318376
2025-05-20 20:00:00,72.9729367226859
2025-05-20 21:00:00,
2025-05-20 22:00:00,
2025-05-20 23:00:00,75.9801726733526
2025-05-21 00:00:00,73.7490865390357
2025-05-21 01:00:00,73.7698147538799
2025-05-21 02:00:00,73.8128225355393
2025-05-21 04:00:00,74.8590946006735
2025-05-21 15:00:00,72.543818568006
2025-05-21 16:00:00,73.1595324962041
2025-05-21 17:00:00,73.2127539552266
2025-05-21 18:00:00,71.0006536627856
2025-05-21 19:00:00,72.7365631642546
2025-05-21 20:00:00,74.5488760482288
2025-05-21 21:00:00,73.3605191630376
2025-05-21 22:00:00,75.5224376501153
2025-05-21 23:00:00,74.9203738470495
2025-05-22 00:00:00,73.4897493782974
2025-05-22 01:00:00,72.1331021563289
2025-05-22 02:00:00,74.3392977862856
2025-05-22 03:00:00,74.3511252842337
2025-05-22 04:00:00,74.7958648958015
2025-05-22 05:00:00,72.3681284164246
2025-05-22 06:00:00,72.669004849028
2025-05-22 07:00:00,74.5190489540768
2025-05-22 08:00:00,72.377743210493
2025-05-22 09:00:00,73.6934289599056
2025-05-22 10:00:00,71.6866158534298
2025-05-22 11:00:00,72.6234350932402
2025-05-22 12:00:00,73.5644551887072
2025-05-22 13:00:00,73.885502904458
2025-05-22 14:00:00,73.4979394471031
2025-05-22 15:00:00,72.6687922923045
2025-05-22 16:00:00,73.1680016510913
2025-05-22 17:00:00,71.217865129914
2025-05-22 18:00:00,73.6754102226838
2025-05-22 19:00:00,72.8934559943733
2025-05-22 20:00:00,73.6344487072385
2025-05-22 21:00:00,74.7382288897675
2025-05-22 22:00:00,74.5771002222161
2025-05-22 23:00:00,73.4127704218693
2025-05-23 00:00:00,73.4406118153507
2025-05-23 01:00:00,72.9660612525143
2025-05-23 02:00:00,71.5051254283514
2025-05-23 03:00:00,73.2886765312873
2025-05-23 04:00:00,72.8991289465773
2025-05-23 05:00:00,73.6216546034852
2025-05-23 06:00:00,71.9653407342237
2025-05-23 07:00:00,73.7370446581648
2025-05-23 09:00:00,72.5379897859785
2025-05-23 10:00:00,72.8197290835022
2025-05-23 11:00:00,73.1954681680928
2025-05-23 12:00:00,70.8126636663091
2025-05-23 13:00:00,70.7168099920251
2025-05-23 14:00:00,74.6841761330497
2025-05-23 15:00:00,73.0421326842952
2025-05-23 16:00:00,73.3600756669154
2025-05-23 17:00:00,73.3373382923243
2025-05-23 18:00:00,71.0972096039284
2025-05-23 19:00:00,72.4568870249413
2025-05-23 20:00:00,74.7733142492901
2025-05-23 21:00:00,74.3803716051254
2025-05-23 22:00:00,73.1781333936071
2025-05-23 23:00:00,73.5835142753706
2025-05-24 00:00:00,69.34346418338
2025-05-24 01:00:00,71.8428278966802
2025-05-24 02:00:00,72.5724222764056
2025-05-24 03:00:00,72.0409044514265
2025-05-24 04:00:00,72.7591031860935
2025-05-24 05:00:00,73.5021229390903
2025-05-24 06:00:00,72.4861531456024
2025-05-24 07:00:00,70.8217919318676
2025-05-24 08:00:00,73.3007388965795
2025-05-24 09:00:00,72.6739382586123
2025-05-24 10:00:00,73.3195283589341
2025-05-24 11:00:00,73.4641028971625
2025-05-24 12:00:00,72.9783403634868
2025-05-24 13:00:00,71.8981764860366
2025-05-24 14:00:00,72.3457446094588
2025-05-24 15:00:00,70.0205477036025
2025-05-24 16:00:00,73.0574803372089
2025-05-24 17:00:00,71.0554008410692
2025-05-24 18:00:00,71.644809979977
2025-05-24 19:00:00,73.8925837714113
2025-05-24 20:00:00,71.5809447309122
2025-05-24 21:00:00,74.7088586509321
2025-05-24 22:00:00,71.4115934199892
2025-05-24 23:00:00,71.5602825624263
2025-05-25 00:00:00,71.9517942079648
2025-05-25 01:00:00,72.9744030996115
2025-05-25 02:00:00,73.440503668934
2025-05-25 03:00:00,71.6444918242681
2025-05-25 05:00:00,73.0639992896804
2025-05-25 06:00:00,74.241737108125
2025-05-25 17:00:00,72.0667252470337
2025-05-25 19:00:00,74.2792240768659
2025-05-25 20:00:00,71.9875815590496
2025-05-25 21:00:00,72.2867098121726
2025-05-25 22:00:00,73.9699088706526
2025-05-25 23:00:00,71.7196573133515
2025-05-26 00:00:00,69.2184506179047
2025-05-26 01:00:00,72.887282985104
2025-05-26 02:00:00,71.6739565974736
2025-05-26 03:00:00,71.2466372074092
2025-05-26 04:00:00,72.3499970049062
2025-05-26 05:00:00,73.072392708726
2025-05-26 06:00:00,71.5961514467843
2025-05-26 07:00:00,71.1167806891565
2025-05-26 08:00:00,69.0403968477255
2025-05-26 09:00:00,71.5985174573205
2025-05-26 10:00:00,73.8548910583766
2025-05-26 11:00:00,71.8935029857225
2025-05-26 12:00:00,74.502236304395
2025-05-26 13:00:00,71.6025941840656
2025-05-26 14:00:00,73.3732268263746
2025-05-26 15:00:00,73.407669077854
2025-05-26 16:00:00,71.0334080261288
2025-05-26 17:00:00,72.2395066611785
2025-05-26 18:00:00,71.532057332719
2025-05-26 19:00:00,70.4956578502942
2025-05-26 20:00:00,72.2543634763279
2025-05-26 21:00:00,70.6930281429255
2025-05-26 22:00:00,72.3385395225377
2025-05-26 23:00:00,72.8121013808513
2025-05-27 00:00:00,70.7258234119148
2025-05-27 01:00:00,74.325738643786
2025-05-27 02:00:00,73.2115648547927
2025-05-27 03:00:00,74.3301688675146
2025-05-27 05:00:00,71.5927928258224
2025-05-27 06:00:00,71.9126928553212
2025-05-27 07:00:00,70.3638888730737
2025-05-27 08:00:00,71.1610568149195
2025-05-27 09:00:00,69.7572174463988
2025-05-27 10:00:00,72.0370155673814
2025-05-27 11:00:00,72.3098387571278
2025-05-27 12:00:00,73.3269619759093
2025-05-27 13:00:00,73.5936778893737
2025-05-27 14:00:00,70.6837158606639
2025-05-27 15:00:00,71.1524068188569
2025-05-27 16:00:00,71.3101701711586
2025-05-27 17:00:00,72.114775275789
2025-05-27 18:00:00,69.2672487479325
2025-05-28 06:00:00,71.3476409041358
2025-05-28 07:00:00,73.5618802579508
2025-05-28 08:00:00,69.7656655143072
2025-05-28 09:00:00,73.8478057380032
2025-05-28 10:00:00,73.8047682883878
2025-05-28 11:00:00,73.2731942006867
2025-05-28 12:00:00,72.1692717492104
2025-05-28 13:00:00,72.5228698299549
2025-05-28 14:00:00,69.678388810122
2025-05-28 15:00:00,73.2647114687277
2025-05-28 16:00:00,73.6166725210825
2025-05-28 17:00:00,72.8877775440164
2025-05-28 18:00:00,73.1109921142505
2025-05-28 19:00:00,70.4376413702034
2025-05-28 20:00:00,72.6281837046008
2025-05-28 21:00:00,70.1632630870942
2025-05-28 22:00:00,71.4647220866469
2025-05-28 23:00:00,72.9458459311049
2025-05-29 00:00:00,70.9781270255512
2025-05-29 01:00:00,73.749895196141
2025-05-29 12:00:00,73.3351016788654
2025-05-29 13:00:00,69.7948582723404
2025-05-29 14:00:00,71.3921004262227
2025-05-29 15:00:00,73.7561122533496
2025-05-29 16:00:00,72.0395889596973
2025-05-29 17:00:00,71.4300639985272
2025-05-29 18:00:00,71.2958720576937
2025-05-29 19:00:00,73.7153345706735
2025-05-29 20:00:00,70.7494041324941
2025-05-29 21:00:00,71.2804922868656
2025-05-29 22:00:00,71.978971315973
2025-05-29 23:00:00,70.7247262607501
2025-05-30 00:00:00,71.0047264563835
2025-05-30 01:00:00,71.2978087377402
2025-05-30 02:00:00,69.8419296516147
2025-05-30 03:00:00,70.6017710085617
2025-05-30 04:00:00,70.905507929226
2025-05-30 05:00:00,71.3561584946934
2025-05-30 06:00:00,71.2647007409933
2025-05-30 07:00:00,73.0460112424877
2025-05-30 08:00:00,71.7306388147322
2025-05-30 09:00:00,72.6221382280013
2025-05-30 10:00:00,53.327575485998
2025-05-30 11:00:00,70.8597212075368
2025-05-30 12:00:00,71.8643673715844
2025-05-30 13:00:00,70.3464670166935
2025-05-30 15:00:00,70.6757913008012
2025-05-30 16:00:00,72.1100260827825
2025-05-30 17:00:00,70.6738674033072
2025-05-31 04:00:00,70.8217840113826
2025-05-31 06:00:00,71.205955195409
2025-05-31 07:00:00,71.8630620968163
2025-05-31 08:00:00,73.5153131842654
2025-05-31 09:00:00,71.2928750175712
2025-05-31 10:00:00,70.9158726393311
2025-05-31 11:00:00,70.4911749903722
2025-05-31 12:00:00,70.7153013265748
2025-05-31 13:00:00,72.4850228932195
2025-05-31 14:00:00,69.8664867831626
2025-05-31 15:00:00,70.8869118953856
2025-05-31 16:00:00,69.2815809266219
2025-05-31 17:00:00,71.3568723885074
2025-05-31 18:00:00,73.9264917942333
2025-05-31 19:00:00,73.5761798014903
2025-05-31 20:00:00,73.0429127343033
2025-05-31 21:00:00,71.0714549807105
2025-05-31 22:00:00,71.0389218104479
2025-05-31 23:00:00,68.2805971593926
2025-06-01 00:00:00,74.4985348762481
2025-06-01 01:00:00,73.305391712926
2025-06-01 02:00:00,71.6187009924613
2025-06-01 03:00:00,74.0979118893666
2025-06-01 04:00:00,73.2943376507119
2025-06-01 05:00:00,72.5446240957276
2025-06-01 06:00:00,69.4963648337762
2025-06-01 07:00:00,73.7640577012345
2025-06-01 08:00:00,75.5420888612479
2025-06-01 10:00:00,71.1164749869688
2025-06-01 11:00:00,71.5547269570151
2025-06-01 12:00:00,72.3992866847449
2025-06-01 13:00:00,73.9456626851866
2025-06-01 14:00:00,68.4309471931226
2025-06-01 15:00:00,72.2738066823221
2025-06-01 16:00:00,70.6265391853269
2025-06-01 17:00:00,74.7980216193748
2025-06-01 18:00:00,71.1502910604181
2025-06-01 19:00:00,69.3338102346835
2025-06-01 20:00:00,73.3236568551435
2025-06-01 21:00:00,74.7179471309737
2025-06-01 22:00:00,71.1488597658807
2025-06-01 23:00:00,70.3868219667806
2025-06-02 00:00:00,73.0492633642991
2025-06-02 01:00:00,72.0499900149017
2025-06-02 02:00:00,71.3027160438244
2025-06-02 03:00:00,71.1001756140787
2025-06-02 04:00:00,68.4114538765659
2025-06-02 05:00:00,72.1760466473545
2025-06-02 18:00:00,71.6727826108337
2025-06-02 19:00:00,73.6330221914429
2025-06-02 20:00:00,72.5978583842981
2025-06-02 21:00:00,74.1232756312868
2025-06-02 22:00:00,72.6162001555534
2025-06-02 23:00:00,69.5651385767774
2025-06-03 00:00:00,73.7935900834782
2025-06-03 01:00:00,71.8800153391801
2025-06-03 02:00:00,70.3325525081754
2025-06-03 03:00:00,76.8036081209533
2025-06-03 04:00:00,71.7724416414603
2025-06-03 05:00:00,70.92747938902
2025-06-03 06:00:00,68.2948664422494
2025-06-03 07:00:00,68.9504379445924
2025-06-03 08:00:00,70.743159674834
2025-06-03 09:00:00,71.9282079072937
2025-06-03 10:00:00,66.6251607800779
2025-06-03 11:00:00,76.6476516422296
2025-06-03 12:00:00,69.1665606116146
2025-06-03 13:00:00,72.959737695466
2025-06-03 14:00:00,72.2770424114755
2025-06-03 15:00:00,65.3832870950384
2025-06-03 16:00:00,70.3255770617281
2025-06-03 17:00:00,70.0496276757049
2025-06-03 18:00:00,73.90942425293
2025-06-03 19:00:00,69.3649808371636
2025-06-03 20:00:00,75.9016551099092
2025-06-03 21:00:00,70.0419444179466
2025-06-03 22:00:00,71.2562307893667
2025-06-03 23:00:00,74.9216933430424
2025-06-04 00:00:00,
2025-06-04 01:00:00,
2025-06-04 02:00:00,
2025-06-04 03:00:00,
2025-06-04 04:00:00,
2025-06-04 05:00:00,
2025-06-04 06:00:00,
2025-06-04 07:00:00,
2025-06-04 08:00:00,
2025-06-04 09:00:00,
2025-06-04 10:00:00,
2025-06-04 11:00:00,
2025-06-04 12:00:00,
2025-06-04 13:00:00,
2025-06-04 14:00:00,
2025-06-04 15:00:00,
2025-06-04 16:00:00,
2025-06-04 17:00:00,
2025-06-04 18:00:00,
2025-06-04 19:00:00,
2025-06-04 20:00:00,
2025-06-04 21:00:00,
2025-06-04 22:00:00,
2025-06-04 23:00:00,
2025-06-05 00:00:00,97.0754841119803
2025-06-05 01:00:00,96.2583488408418
2025-06-05 02:00:00,96.1263840361396
2025-06-05 03:00:00,94.3996927285125
2025-06-05 04:00:00,97.7365887256308
2025-06-05 05:00:00,98.8027036752284
2025-06-05 06:00:00,97.2006373104264
2025-06-05 07:00:00,96.5992777051002
2025-06-05 08:00:00,95.7488667024754
2025-06-05 09:00:00,95.272813613979
2025-06-05 10:00:00,98.1430718626021
2025-06-05 11:00:00,97.1367542455557
2025-06-05 12:00:00,97.3754479106085
2025-06-05 13:00:00,98.442585864548
2025-06-05 14:00:00,96.888147145466
2025-06-05 15:00:00,97.481384568729
2025-06-05 16:00:00,92.6201700996106
2025-06-05 17:00:00,98.9498862960003
2025-06-05 18:00:00,96.4871472393
2025-06-05 19:00:00,97.6329305286687
2025-06-05 20:00:00,98.9867788938184
2025-06-05 21:00:00,95.9885625181425
2025-06-05 22:00:00,96.6081271156933
2025-06-05 23:00:00,97.4267927468273
2025-06-06 00:00:00,96.5005756533683
2025-06-06 01:00:00,96.6674166606927
2025-06-06 02:00:00,95.9641054886466
2025-06-06 12:00:00,
2025-06-06 15:00:00,
2025-06-06 16:00:00,
2025-06-06 17:00:00,
2025-06-06 18:00:00,97.4578399460015
2025-06-06 19:00:00,98.0440780429031
2025-06-06 20:00:00,97.0306179538166
2025-06-06 21:00:00,97.1696521890974
2025-06-06 22:00:00,98.8344658008021
2025-06-06 23:00:00,96.0944187905165
2025-06-07 00:00:00,97.2545853393136
2025-06-07 01:00:00,97.2280272821869
2025-06-07 02:00:00,95.4385082397305
2025-06-07 03:00:00,96.5363529096276
2025-06-07 04:00:00,98.605578799618
2025-06-07 05:00:00,98.0489513862518
2025-06-07 06:00:00,93.8711713318288
2025-06-07 07:00:00,96.1961905700684
2025-06-07 08:00:00,95.9123451943886
2025-06-07 09:00:00,
2025-06-07 10:00:00,
2025-06-07 11:00:00,
2025-06-07 12:00:00,
2025-06-07 13:00:00,
2025-06-07 14:00:00,95.0552294164233
2025-06-07 15:00:00,97.1163027212378
2025-06-07 16:00:00,97.0553233162064
2025-06-07 17:00:00,99.902724857074
2025-06-07 18:00:00,97.9719536500087
2025-06-07 19:00:00,95.1073716444116
2025-06-07 20:00:00,96.8270560666064
2025-06-07 21:00:00,95.7667972531094
2025-06-07 22:00:00,95.1118984017741
2025-06-07 23:00:00,98.4654865790225
2025-06-08 00:00:00,92.9805201242343
2025-06-08 01:00:00,96.7675332737587
2025-06-08 02:00:00,92.9258431388743
2025-06-08 04:00:00,95.0016630177916
2025-06-08 18:00:00,97.5414317573826
2025-06-08 19:00:00,100.275106765355
2025-06-08 20:00:00,95.4927054022036
2025-06-08 21:00:00,98.7216811145064
2025-06-08 22:00:00,98.161778903366
2025-06-08 23:00:00,98.0797869373975
2025-06-09 00:00:00,98.6240133421704
2025-06-09 01:00:00,94.8547212109714
2025-06-09 02:00:00,95.4430455741189
2025-06-09 03:00:00,95.3698021676968
2025-06-09 04:00:00,93.9497233739941
2025-06-09 05:00:00,100.114817006311
2025-06-09 06:00:00,96.3823087286242
2025-06-09 07:00:00,94.7879334263849
2025-06-09 08:00:00,
2025-06-09 09:00:00,96.742657135985
2025-06-09 10:00:00,98.5594274598841
2025-06-09 11:00:00,98.1080151868753
2025-06-09 12:00:00,95.5609710750988
2025-06-09 13:00:00,89.5900833272678
2025-06-09 14:00:00,93.5436073459906
2025-06-09 15:00:00,95.3859630739464
2025-06-09 16:00:00,95.5738143068732
2025-06-09 17:00:00,91.5050651873472
2025-06-09 18:00:00,95.1092127983726
2025-06-09 19:00:00,100.595321557388
2025-06-09 20:00:00,101.064464523747
2025-06-09 21:00:00,94.2386840809038
2025-06-09 22:00:00,96.6181927577585
2025-06-09 23:00:00,98.0746211913999
2025-06-10 00:00:00,95.8093482580702
2025-06-10 01:00:00,98.2605176933954
2025-06-10 02:00:00,96.2140344527169
2025-06-10 03:00:00,92.3396720728717
2025-06-10 04:00:00,95.9973175463482
2025-06-10 05:00:00,96.6258062120623
2025-06-10 06:00:00,99.2872755622673
2025-06-10 08:00:00,97.456123645455
2025-06-10 09:00:00,100.523624142404
2025-06-10 10:00:00,98.2740089263487
2025-06-10 11:00:00,92.8777873631556
2025-06-10 12:00:00,98.3384263784815
2025-06-10 13:00:00,96.651635362164
2025-06-10 14:00:00,96.9208226354064
2025-06-10 15:00:00,96.6400499653605
2025-06-10 16:00:00,98.0888958421667
2025-06-10 17:00:00,97.552565843909
2025-06-10 18:00:00,95.4210968747843
2025-06-10 19:00:00,96.3540966742075
2025-06-10 20:00:00,129.208485613521
2025-06-10 21:00:00,94.8702714366901
2025-06-10 22:00:00,95.0555878488625
2025-06-10 23:00:00,94.6768552817713
2025-06-11 00:00:00,95.7774513706842
2025-06-11 01:00:00,100.783418867809
2025-06-11 02:00:00,95.4064054332327
2025-06-11 03:00:00,95.0776718044014
2025-06-11 04:00:00,100.28566711264
2025-06-11 05:00:00,96.8331087901426
2025-06-11 06:00:00,93.9126038969342
2025-06-11 07:00:00,98.6357727306085
2025-06-11 08:00:00,96.2452226059868
2025-06-11 09:00:00,98.1759958561788
2025-06-11 10:00:00,99.8416798723452
2025-06-11 11:00:00,96.3903384527792
2025-06-11 12:00:00,93.0791888758184
2025-06-11 13:00:00,96.5492081897621
2025-06-11 14:00:00,95.09931624209
2025-06-11 15:00:00,95.3257483493817
2025-06-11 16:00:00,96.7026700075176
2025-06-11 17:00:00,97.9481917568983
2025-06-11 18:00:00,100.881221557576
2025-06-11 19:00:00,93.7096758578657
2025-06-11 20:00:00,99.9532144407317
2025-06-11 21:00:00,90.1435780097549
2025-06-11 22:00:00,92.6312295034709
2025-06-11 23:00:00,94.0073854445343
2025-06-12 00:00:00,93.6814354736001
2025-06-12 01:00:00,91.6427246590382
2025-06-12 02:00:00,98.6891131184203
2025-06-12 04:00:00,96.8987489531454
2025-06-12 05:00:00,97.4027832086835
2025-06-12 06:00:00,95.777413231413
2025-06-12 07:00:00,93.9320056356618
2025-06-12 09:00:00,95.7455025699257
2025-06-12 13:00:00,94.9532278608882
2025-06-12 14:00:00,96.0512870531205
2025-06-12 15:00:00,93.0809698216029
2025-06-12 16:00:00,95.2523389661706
2025-06-12 17:00:00,96.7822859389328
2025-06-12 18:00:00,93.612131201324
2025-06-12 19:00:00,101.430616904313
2025-06-12 20:00:00,96.4186429223354
2025-06-12 21:00:00,91.5878965946364
2025-06-12 22:00:00,95.8797088457342
2025-06-12 23:00:00,99.8023392364624
2025-06-13 00:00:00,96.5647201209947
2025-06-13 01:00:00,96.2582133358438
2025-06-13 02:00:00,94.745611411036
2025-06-13 03:00:00,98.0113037200484
2025-06-13 04:00:00,94.8312400662456
2025-06-13 05:00:00,94.7229248816005
2025-06-13 06:00:00,96.6920800792597
2025-06-13 07:00:00,97.5905636175494
2025-06-13 08:00:00,95.1328705921285
2025-06-13 09:00:00,94.4681038151104
2025-06-13 10:00:00,93.7115867746089
2025-06-13 11:00:00,93.7601558787475
2025-06-13 12:00:00,97.9812233448492
2025-06-13 13:00:00,91.2629597946114
2025-06-13 14:00:00,96.5089072735024
2025-06-13 15:00:00,98.3870911982195
2025-06-13 16:00:00,98.4779179177427
2025-06-13 17:00:00,94.1644843078153
2025-06-13 18:00:00,95.8598194345751
2025-06-13 19:00:00,93.4642080886331
2025-06-13 20:00:00,97.612605691712
2025-06-13 21:00:00,98.4971506025932
2025-06-13 22:00:00,95.8832450366033
2025-06-13 23:00:00,94.9872498934628
2025-06-14 00:00:00,99.5656593698743
2025-06-14 01:00:00,99.0033948266281
2025-06-14 02:00:00,97.5417876115844
2025-06-14 03:00:00,97.8908795281623
2025-06-14 04:00:00,96.3172566376456
2025-06-14 05:00:00,94.5930616885809
2025-06-14 06:00:00,91.7033131767867
2025-06-14 10:00:00,98.0760210942362
2025-06-14 11:00:00,91.8164990119353
2025-06-14 12:00:00,95.4343563840383
2025-06-14 13:00:00,96.2172969980008
2025-06-14 14:00:00,92.9585318606991
2025-06-14 15:00:00,97.6328318167287
2025-06-14 16:00:00,98.4668322904112
2025-06-14 17:00:00,97.8090744067721
2025-06-14 18:00:00,96.8241799382359
2025-06-14 19:00:00,91.6453246406472
2025-06-14 20:00:00,95.7135897302926
2025-06-14 21:00:00,99.2922912584727
2025-06-14 22:00:00,95.1223665971702
2025-06-14 23:00:00,93.4624998481385
2025-06-15 00:00:00,91.7523324079089
2025-06-15 01:00:00,67.22251917946
2025-06-15 02:00:00,94.5082113470017
2025-06-15 03:00:00,98.0892004414455
2025-06-15 04:00:00,96.0923762512825
2025-06-15 05:00:00,92.3165084466901
2025-06-15 06:00:00,94.9565913988912
2025-06-15 07:00:00,93.7676001172328
2025-06-15 08:00:00,93.1992397843226
2025-06-15 09:00:00,96.3575196871295
2025-06-15 10:00:00,92.5627193108584
2025-06-15 11:00:00,93.5731281157516
2025-06-15 12:00:00,96.1400737017144
2025-06-15 13:00:00,97.7899733039087
2025-06-15 14:00:00,99.7692634027933
2025-06-15 15:00:00,94.7086051528038
2025-06-15 16:00:00,94.5720949093754
2025-06-15 17:00:00,100.286789163387
2025-06-15 18:00:00,94.4423461567753
2025-06-15 19:00:00,97.8576204268716
2025-06-16 07:00:00,98.0363076428418
2025-06-16 09:00:00,96.0509653735984
2025-06-16 10:00:00,95.2134488034071
2025-06-16 11:00:00,100.439092025675
2025-06-16 12:00:00,101.286743161784
2025-06-16 13:00:00,101.469290931576
2025-06-16 14:00:00,91.1234801988729
2025-06-16 15:00:00,94.8858867322531
2025-06-16 16:00:00,92.9364837236766
2025-06-16 17:00:00,94.0847914172638
2025-06-16 18:00:00,101.082678375334
2025-06-16 19:00:00,96.5928827659224
2025-06-16 20:00:00,112.938823351558
2025-06-16 21:00:00,97.1261743172835
2025-06-17 07:00:00,95.6494678083816
2025-06-17 08:00:00,95.9556044319189
2025-06-17 12:00:00,95.6692215819342
2025-06-17 13:00:00,96.9137705924756
2025-06-17 14:00:00,96.7229146320357
2025-06-17 15:00:00,97.0035180782085
2025-06-17 16:00:00,93.9656338615958
2025-06-17 17:00:00,94.5642662159656
2025-06-17 18:00:00,115.371264727163
2025-06-17 19:00:00,97.8410517404301
2025-06-17 20:00:00,97.6142895821319
2025-06-17 21:00:00,96.5668659150889
2025-06-17 22:00:00,94.2831523566063
2025-06-17 23:00:00,93.096192437917
2025-06-18 00:00:00,91.6376554774663
2025-06-18 01:00:00,91.8796278994856
2025-06-18 02:00:00,98.4598275312128
2025-06-18 03:00:00,98.6934323916811
2025-06-18 04:00:00,95.1727423138577
2025-06-18 05:00:00,91.9178745093297
2025-06-18 06:00:00,92.3539252590965
2025-06-18 07:00:00,98.1240614896762
2025-06-18 08:00:00,99.6092617289355
2025-06-18 09:00:00,97.0631387363769
2025-06-18 10:00:00,96.1296257419628
2025-06-18 11:00:00,96.4855072939779
2025-06-18 12:00:00,95.7545862291465
2025-06-18 13:00:00,92.0432404848229
2025-06-18 14:00:00,96.4925815734791
2025-06-18 15:00:00,95.8128226098789
2025-06-18 16:00:00,96.4004524635231
2025-06-18 17:00:00,97.2765739814645
2025-06-18 18:00:00,78.4341217033668
2025-06-18 19:00:00,93.937963097617
2025-06-18 20:00:00,97.8777577414814
2025-06-18 21:00:00,94.5631301582644
2025-06-18 22:00:00,93.8561872345111
2025-06-18 23:00:00,94.1148837573531
2025-06-19 00:00:00,94.8698116573273
2025-06-19 01:00:00,94.4295681428385
2025-06-19 02:00:00,94.3179082959551
2025-06-19 03:00:00,94.1877445268812
2025-06-19 04:00:00,93.8181226556929
2025-06-19 05:00:00,94.4471605414386
2025-06-19 06:00:00,97.87650021125
2025-06-19 07:00:00,96.4576874845103
2025-06-19 08:00:00,91.7902735796627
2025-06-19 09:00:00,93.7014478146695
2025-06-19 10:00:00,94.6650368858212
2025-06-19 11:00:00,94.080464710236
2025-06-19 12:00:00,93.3835886054184
2025-06-19 13:00:00,98.1530160328542
2025-06-19 14:00:00,94.076418846824
2025-06-19 15:00:00,91.52378539733
2025-06-19 16:00:00,98.9896503767638
2025-06-19 17:00:00,95.6232890385672
2025-06-19 18:00:00,98.9456220718059
2025-06-19 19:00:00,94.7307256862879
2025-06-19 20:00:00,96.2260517702457
2025-06-19 21:00:00,98.3136773172367
2025-06-19 22:00:00,95.090907311502
2025-06-19 23:00:00,97.6723513888925
2025-06-20 00:00:00,96.7003327947598
2025-06-20 01:00:00,98.2373002801239
2025-06-20 02:00:00,97.0895914941033
2025-06-20 03:00:00,95.2144684203354
2025-06-20 04:00:00,93.9240130799717
2025-06-20 05:00:00,97.4218606046638
2025-06-20 18:00:00,93.458221374818
2025-06-20 19:00:00,97.6193429642939
2025-06-20 20:00:00,90.2055192069716
2025-06-20 21:00:00,99.3304340058974
2025-06-20 22:00:00,96.4303023890466
2025-06-20 23:00:00,92.3538417909274
2025-06-21 00:00:00,95.7528256352752
2025-06-21 01:00:00,94.1342554274742
2025-06-21 02:00:00,93.9128447716134
2025-06-21 03:00:00,97.1669080504811
2025-06-21 04:00:00,92.4448054144168
2025-06-21 05:00:00,92.3532742391251
2025-06-21 06:00:00,94.1216985289035
2025-06-21 07:00:00,94.1488229460599
2025-06-21 08:00:00,97.5865902743708
2025-06-21 09:00:00,95.2387641712304
2025-06-21 10:00:00,93.4683358689756
2025-06-21 11:00:00,95.6357824740455
2025-06-21 12:00:00,96.02411620285
2025-06-21 13:00:00,93.6686860865942
2025-06-21 14:00:00,91.5206259139158
2025-06-21 15:00:00,92.8731170050185
2025-06-21 16:00:00,99.4453579664122
2025-06-21 17:00:00,95.9227130313479
2025-06-21 18:00:00,93.8135959033458
2025-06-21 19:00:00,96.0512597638819
2025-06-21 20:00:00,94.2750931974525
2025-06-21 21:00:00,98.3581949144383
2025-06-21 22:00:00,95.9800007870153
2025-06-21 23:00:00,96.0899766496786
2025-06-22 00:00:00,97.4707641666292
2025-06-22 01:00:00,93.8771195619187
2025-06-22 02:00:00,98.4893206237375
2025-06-22 03:00:00,92.9836409183231
2025-06-22 05:00:00,92.558570345666
2025-06-22 06:00:00,90.1494075296481
2025-06-22 07:00:00,99.6870085459562
2025-06-22 08:00:00,95.2244165508561
2025-06-22 09:00:00,93.1233016200806
2025-06-22 10:00:00,91.6773499737838
2025-06-22 11:00:00,88.6354347127208
2025-06-22 12:00:00,91.2461045120168
2025-06-22 13:00:00,93.2453275915321
2025-06-22 14:00:00,94.34035052322
2025-06-22 15:00:00,95.6229609162643
2025-06-22 16:00:00,95.8512478754863
2025-06-22 17:00:00,95.0580054955996
2025-06-22 18:00:00,90.0249736444188
2025-06-22 19:00:00,93.2498628132531
2025-06-22 20:00:00,92.0747626917876
2025-06-22 21:00:00,95.1780060970117
2025-06-22 22:00:00,93.7400892323106
2025-06-22 23:00:00,92.7329394803382
2025-06-23 00:00:00,95.2736649471913
2025-06-23 01:00:00,91.7981045901249
2025-06-23 02:00:00,96.5430619167089
2025-06-23 03:00:00,94.1508133866684
2025-06-23 04:00:00,94.8197209245
2025-06-23 05:00:00,93.0398964875341
2025-06-23 06:00:00,93.4437922969806
2025-06-23 07:00:00,92.782037179829
2025-06-23 08:00:00,96.4104792005098
2025-06-23 09:00:00,95.5806102498611
2025-06-23 10:00:00,95.4508183750741
2025-06-23 11:00:00,95.9677967750087
2025-06-23 12:00:00,94.3045737039979
2025-06-23 13:00:00,94.9961828720846
2025-06-23 14:00:00,99.2766050428195
2025-06-23 15:00:00,96.0615985294287
2025-06-23 16:00:00,95.0604517566535
2025-06-23 17:00:00,95.47467452657
2025-06-23 18:00:00,92.2077668066347
2025-06-23 19:00:00,93.7521716644476
2025-06-23 20:00:00,93.7965881094141
2025-06-23 21:00:00,93.658771959399
2025-06-23 22:00:00,95.5705851220527
2025-06-23 23:00:00,94.7775522158462
2025-06-24 00:00:00,97.4693338534095
2025-06-24 01:00:00,91.9976259468787
2025-06-24 02:00:00,95.7134161458557
2025-06-24 03:00:00,95.5618688890517
2025-06-24 05:00:00,93.9345346366245
2025-06-24 06:00:00,94.7684971953322
2025-06-24 07:00:00,96.5018935364665
2025-06-24 13:00:00,91.653063014809
2025-06-24 14:00:00,93.0287068037321
2025-06-24 15:00:00,95.5920663832451
2025-06-24 16:00:00,97.645663852367
2025-06-24 17:00:00,96.6269905175144
2025-06-24 18:00:00,95.8307565232774
2025-06-24 19:00:00,94.6524477640856
2025-06-24 20:00:00,90.6404828717552
2025-06-24 21:00:00,95.2689365883396
2025-06-24 22:00:00,93.0179294187129
2025-06-24 23:00:00,97.4337471807723
2025-06-25 00:00:00,94.093277693267
2025-06-25 01:00:00,93.6225732825136
2025-06-25 02:00:00,91.5765065562307
2025-06-25 03:00:00,94.7069249206336
2025-06-25 04:00:00,96.5343878123061
2025-06-25 05:00:00,76.1713153456855
2025-06-25 06:00:00,97.1313156843868
2025-06-25 07:00:00,99.2111287137244
2025-06-25 08:00:00,93.4284994536002
2025-06-25 09:00:00,93.7615414845886
2025-06-25 10:00:00,94.4548125345205
2025-06-25 11:00:00,91.0506597222158
2025-06-25 12:00:00,97.2685901828607
2025-06-25 13:00:00,93.993155146492
2025-06-25 14:00:00,94.1137036921699
2025-06-25 15:00:00,95.9532793922979
2025-06-25 16:00:00,95.7528018390423
2025-06-25 17:00:00,93.2955159652726
2025-06-25 18:00:00,91.5991918214344
2025-06-25 19:00:00,92.0736726045352
2025-06-25 20:00:00,96.2734500105582
2025-06-25 21:00:00,94.6793091008978
2025-06-25 22:00:00,95.8211416085805
2025-06-25 23:00:00,71.5660682987301
2025-06-26 00:00:00,95.6151112608455
2025-06-26 01:00:00,96.8342466152884
2025-06-26 02:00:00,94.8745814061745
2025-06-26 03:00:00,93.8541279845926
2025-06-26 04:00:00,87.6767930521365
2025-06-26 05:00:00,94.5927800729814
2025-06-26 07:00:00,96.3588249983913
2025-06-26 08:00:00,95.2271078482805
2025-06-26 09:00:00,93.9234907722301
2025-06-26 10:00:00,93.2913173776306
2025-06-26 11:00:00,99.7884050986632
2025-06-27 01:00:00,94.9227091372464
2025-06-27 02:00:00,91.5624496768315
2025-06-27 03:00:00,91.5605626532155
2025-06-27 04:00:00,94.6514563612411
2025-06-27 05:00:00,93.3946135523582
2025-06-27 06:00:00,92.7363771148421
2025-06-27 07:00:00,95.6853403504836
2025-06-27 08:00:00,93.4636211706028
2025-06-27 09:00:00,97.5719837657972
2025-06-27 10:00:00,93.8388470788797
2025-06-27 11:00:00,94.4772096239174
2025-06-27 12:00:00,91.5710977013502
2025-06-27 13:00:00,93.4949362094378
2025-06-27 14:00:00,95.0796731053587
2025-06-27 15:00:00,95.2699885757727
2025-06-27 16:00:00,91.6450748212359
2025-06-27 17:00:00,94.1027445366827
2025-06-27 18:00:00,93.572959393464
2025-06-27 19:00:00,95.6275129421377
2025-06-27 20:00:00,91.1941518688257
2025-06-27 21:00:00,93.3091467717582
2025-06-27 22:00:00,89.0472077139918
2025-06-27 23:00:00,95.8848438237371
2025-06-28 00:00:00,95.5380603217406
2025-06-28 01:00:00,91.3179547999271
2025-06-28 02:00:00,95.2076883990956
2025-06-28 03:00:00,97.3277930898599
2025-06-28 04:00:00,93.6206954120152
2025-06-28 05:00:00,96.2109361963664
2025-06-28 06:00:00,94.6387378477311
2025-06-28 08:00:00,94.359054276774
2025-06-28 09:00:00,93.9931083266769
2025-06-28 10:00:00,95.1786724600496
2025-06-28 11:00:00,91.5460585465735
2025-06-28 12:00:00,94.5527438680862
2025-06-28 13:00:00,96.3997489511914
2025-06-28 14:00:00,92.8780106416108
2025-06-28 15:00:00,95.1675409757438
2025-06-28 16:00:00,93.1819527205662
2025-06-28 17:00:00,91.9105032236819
2025-06-28 18:00:00,90.7360992795675
2025-06-28 19:00:00,91.8304089029691
2025-06-28 20:00:00,94.3307901154513
2025-06-28 21:00:00,92.8884838234212
2025-06-28 22:00:00,93.7411135755763
2025-06-28 23:00:00,91.4133986976342
2025-06-29 00:00:00,92.4881381824417
2025-06-29 01:00:00,91.3226615397991
2025-06-29 02:00:00,94.0246343149919
2025-06-29 03:00:00,95.8389993584555
2025-06-29 04:00:00,96.0497208472389
2025-06-29 05:00:00,96.9112037882105
2025-06-29 06:00:00,93.3701324478324
2025-06-29 07:00:00,93.0608991252801
2025-06-29 08:00:00,92.4844588251168
2025-06-29 09:00:00,92.9758607044109
2025-06-29 10:00:00,94.3832026919373
2025-06-29 11:00:00,92.4002936096782
2025-06-29 12:00:00,94.5695869778069
2025-06-29 14:00:00,92.2350465739671
2025-06-29 21:00:00,90.7290644112985
2025-06-29 22:00:00,90.8571211736249
2025-06-29 23:00:00,96.2911213220198
2025-06-30 00:00:00,91.3603123068913
2025-06-30 01:00:00,
2025-06-30 02:00:00,
2025-06-30 03:00:00,
2025-06-30 04:00:00,
2025-06-30 05:00:00,
2025-06-30 06:00:00,96.8121730741621
2025-06-30 09:00:00,96.5319396231324
2025-06-30 10:00:00,92.9342281656688
2025-06-30 11:00:00,88.4221866226102
2025-06-30 12:00:00,91.0333098890564
2025-06-30 13:00:00,90.0146391474446
2025-06-30 14:00:00,94.4111736502866
2025-06-30 15:00:00,89.2889078536232
2025-06-30 16:00:00,95.6101488101063
2025-06-30 17:00:00,93.4026630824691
2025-06-30 18:00:00,98.4723375353385
2025-06-30 19:00:00,93.419381489771
2025-06-30 20:00:00,94.5189271373083
2025-06-30 21:00:00,98.1535860585428
2025-06-30 22:00:00,94.9258243410615
2025-06-30 23:00:00,96.4950565912952
2025-07-01 00:00:00,90.9503662437124
2025-07-01 01:00:00,94.2182649646002
2025-07-01 02:00:00,92.032710535543
2025-07-01 03:00:00,
2025-07-01 04:00:00,
2025-07-01 05:00:00,93.8286163788452
2025-07-01 06:00:00,100.300046170521
2025-07-01 07:00:00,91.7556124452764
2025-07-01 08:00:00,94.8204849325464
2025-07-01 09:00:00,95.7873722760999
2025-07-01 10:00:00,96.1091396584656
2025-07-01 11:00:00,92.9995536727021
2025-07-01 12:00:00,91.5984823356812
2025-07-01 13:00:00,94.0251897784954
2025-07-01 14:00:00,80.9053480753114
2025-07-01 15:00:00,92.3136029312308
2025-07-01 16:00:00,94.4121344672591
2025-07-01 17:00:00,93.6895824046686
2025-07-01 18:00:00,95.7997273856706
2025-07-01 19:00:00,93.2517788671361
2025-07-01 20:00:00,88.5902426271029
2025-07-01 21:00:00,99.7477532442226
2025-07-01 22:00:00,90.817527200529
2025-07-01 23:00:00,97.2789837039884
2025-07-02 00:00:00,91.5045048160191
2025-07-02 01:00:00,92.6292817490204
2025-07-02 02:00:00,94.1866276790437
2025-07-02 03:00:00,96.4106902294098
2025-07-02 04:00:00,94.7928707052652
2025-07-02 05:00:00,97.8726752320435
2025-07-02 06:00:00,92.650279905219
2025-07-02 07:00:00,91.5051257209432
2025-07-02 09:00:00,85.2990606292012
2025-07-02 10:00:00,96.143167773147
2025-07-02 11:00:00,94.0575139600494
2025-07-02 12:00:00,91.7118441674693
2025-07-02 13:00:00,95.1962458976832
2025-07-02 14:00:00,96.4405642182859
2025-07-02 15:00:00,95.3060032066079
2025-07-02 16:00:00,90.1751205589615
2025-07-02 17:00:00,89.8973704144961
2025-07-02 18:00:00,94.8370822204075
2025-07-02 19:00:00,91.0414211483282
2025-07-02 20:00:00,96.5805220026624
2025-07-02 21:00:00,91.8101611227316
2025-07-02 22:00:00,92.0930039995832
2025-07-02 23:00:00,97.0852741999829
2025-07-03 00:00:00,91.6958581267758
2025-07-03 01:00:00,89.9943472631409
2025-07-03 02:00:00,94.3729169163314
2025-07-03 03:00:00,94.4227279994752
2025-07-03 04:00:00,90.4472308212544
2025-07-03 05:00:00,90.0959065188339
2025-07-03 06:00:00,95.1107088703963
2025-07-03 07:00:00,93.3795911352152
2025-07-03 08:00:00,92.2356337122111
2025-07-03 09:00:00,95.2274845435306
2025-07-03 11:00:00,94.242328870293
2025-07-03 12:00:00,93.0139999875142
2025-07-03 13:00:00,97.8932826414252
2025-07-03 14:00:00,92.9784017031468
2025-07-03 15:00:00,92.4943187577434
2025-07-03 16:00:00,109.967944197688
2025-07-03 17:00:00,95.4144619617304
2025-07-03 18:00:00,94.8354801436578
2025-07-03 19:00:00,97.4459790055306
2025-07-03 20:00:00,94.5260986393244
2025-07-03 21:00:00,89.3828556054989
2025-07-03 22:00:00,95.5301174208353
2025-07-03 23:00:00,96.3404326882315
2025-07-04 00:00:00,91.099765714469
2025-07-04 01:00:00,88.0502484845425
2025-07-04 02:00:00,89.6057558266022
2025-07-04 03:00:00,95.2204387450754
2025-07-04 04:00:00,96.9254792304882
2025-07-04 05:00:00,95.5585260465827
2025-07-04 06:00:00,91.8320482928192
2025-07-04 07:00:00,92.6588324592439
2025-07-04 08:00:00,97.5540080370325
2025-07-04 09:00:00,89.9362445946817
2025-07-04 10:00:00,87.7433176205604
2025-07-04 11:00:00,92.2167952079907
2025-07-04 12:00:00,89.1253283382144
2025-07-04 13:00:00,96.8218781237412
2025-07-04 14:00:00,94.8620649104322
2025-07-04 15:00:00,99.6376690510391
2025-07-04 16:00:00,90.7458661534411
2025-07-04 17:00:00,93.6869437594194
2025-07-04 18:00:00,95.8165933024272
2025-07-04 19:00:00,86.246306551935
2025-07-04 20:00:00,90.967511215436
2025-07-04 21:00:00,94.2668329160127
2025-07-05 09:00:00,95.3552487010276
2025-07-05 10:00:00,91.7216072020826
2025-07-05 11:00:00,92.394399878609
2025-07-07 16:00:00,92.8406919406841
2025-07-07 17:00:00,90.7722595542825
2025-07-07 18:00:00,97.565248972025
2025-07-07 19:00:00,94.0768480538451
2025-07-07 20:00:00,94.8900518518437
2025-07-07 21:00:00,94.9242634434438
2025-07-07 22:00:00,90.8420258367066
2025-07-08 09:00:00,95.6566189093493
2025-07-08 11:00:00,89.6926414735313
2025-07-08 12:00:00,90.0604720315263
2025-07-08 13:00:00,93.0762628268182
2025-07-08 14:00:00,95.8739651588233
2025-07-08 15:00:00,92.1276002922355
2025-07-08 16:00:00,95.6644998373697
2025-07-08 17:00:00,87.6192968827441
2025-07-08 18:00:00,90.9298549941353
2025-07-08 19:00:00,89.6958784163255
2025-07-08 20:00:00,94.4420248180432
2025-07-08 21:00:00,95.1356017714128
2025-07-08 22:00:00,91.2676074530095
2025-07-08 23:00:00,98.1989170981888
2025-07-09 00:00:00,92.2324084079609
2025-07-09 01:00:00,99.358014387288
2025-07-09 02:00:00,97.0402779825685
2025-07-09 03:00:00,90.4184182783669
2025-07-09 04:00:00,91.475677872553
2025-07-09 05:00:00,93.4696325405517
2025-07-09 06:00:00,93.2822815623437
2025-07-09 07:00:00,95.9130187638779
2025-07-09 08:00:00,113.864480759733
2025-07-09 09:00:00,89.9452114901806
2025-07-09 10:00:00,94.4507314191074
2025-07-10 15:00:00,98.3776238163416
2025-07-10 16:00:00,94.5985302816219
2025-07-10 17:00:00,93.2805289452428
2025-07-10 18:00:00,91.4663080175401
2025-07-10 19:00:00,91.2340717867624
2025-07-10 20:00:00,93.2894634277595
2025-07-10 21:00:00,90.1712755306812
2025-07-10 22:00:00,96.1893501470567
2025-07-10 23:00:00,93.0389877529919
2025-07-11 00:00:00,90.0277391144655
2025-07-11 01:00:00,92.1917449765796
2025-07-11 02:00:00,94.3189673105498
2025-07-11 03:00:00,91.149880138437
2025-07-11 04:00:00,90.4319834388953
2025-07-11 05:00:00,116.040982007005
2025-07-11 06:00:00,95.7228190900266
2025-07-11 07:00:00,93.1203556864835
2025-07-11 08:00:00,89.2407700268359
2025-07-11 09:00:00,92.2063771770871
2025-07-11 10:00:00,94.4705792157472
2025-07-11 11:00:00,93.9247513235902
2025-07-11 12:00:00,91.8326793696345
2025-07-11 13:00:00,93.8094864712926
2025-07-11 14:00:00,92.1091730335904
2025-07-11 15:00:00,90.0673085403735
2025-07-11 16:00:00,93.8201334533564
2025-07-11 17:00:00,93.7709138991112
2025-07-11 18:00:00,91.6611974390884
2025-07-11 19:00:00,93.6172348009823
2025-07-11 20:00:00,94.9783233047451
2025-07-11 21:00:00,91.3364228094729
2025-07-11 22:00:00,92.2669902127458
2025-07-11 23:00:00,89.4269015420416
2025-07-12 00:00:00,70.0663891505932
2025-07-12 01:00:00,92.8097026612874
2025-07-12 13:00:00,96.8251941055408
2025-07-12 14:00:00,92.1467573455488
2025-07-12 15:00:00,93.6998360544787
2025-07-12 16:00:00,91.3807607603497
2025-07-12 17:00:00,92.3188706798111
2025-07-12 18:00:00,93.8073117418222
2025-07-12 19:00:00,92.6881137600053
2025-07-12 20:00:00,92.3040228499567
2025-07-12 21:00:00,91.0805852181021
2025-07-12 22:00:00,91.5361669578484
2025-07-12 23:00:00,91.5315615142133
2025-07-13 00:00:00,89.7606763887559
2025-07-13 01:00:00,89.6068966362074
2025-07-13 02:00:00,96.0932132898439
2025-07-13 03:00:00,95.1321864771176
2025-07-13 04:00:00,88.741823378407
2025-07-13 05:00:00,92.1541706206151
2025-07-13 06:00:00,90.1112686282074
2025-07-13 07:00:00,92.4272467082148
2025-07-13 08:00:00,95.6381571339788
2025-07-13 09:00:00,92.2768921200772
2025-07-13 10:00:00,89.5804116517912
2025-07-13 11:00:00,89.1773100921008
2025-07-13 12:00:00,92.0891899904468
2025-07-13 13:00:00,90.1227245668987
2025-07-13 14:00:00,93.7730261472333
2025-07-13 15:00:00,94.2364017445189
2025-07-13 16:00:00,91.875368818954
2025-07-13 17:00:00,94.9050617922325
2025-07-13 18:00:00,89.9678527900363
2025-07-13 19:00:00,90.7007197771892
2025-07-13 20:00:00,90.9606221331691
2025-07-13 21:00:00,94.0757987312277
2025-07-13 22:00:00,92.4007108195674
2025-07-13 23:00:00,90.6999002549197
2025-07-14 00:00:00,95.1156044435043
2025-07-14 01:00:00,95.2867541779544
2025-07-14 02:00:00,93.6342072701294
2025-07-14 03:00:00,94.2106785552101
2025-07-14 04:00:00,89.711780711534
2025-07-14 05:00:00,93.6402610125961
2025-07-14 06:00:00,90.1138856132426
2025-07-14 07:00:00,92.0513371782273
2025-07-14 08:00:00,90.1662757666444
2025-07-14 09:00:00,89.2825743501896
2025-07-14 10:00:00,85.311715609372
2025-07-14 11:00:00,90.2202616522992
2025-07-14 12:00:00,87.6895147328487
2025-07-14 13:00:00,93.8506207285718
2025-07-14 14:00:00,90.174670031595
2025-07-14 15:00:00,88.0222623796689
2025-07-14 16:00:00,90.2648916923839
2025-07-14 17:00:00,96.2848994279424
2025-07-14 18:00:00,91.3553752520464
2025-07-14 19:00:00,92.935895476617
2025-07-14 20:00:00,93.0958532659838
2025-07-14 21:00:00,90.535516597906
2025-07-14 22:00:00,88.0726405469415
2025-07-14 23:00:00,92.8605975396973
2025-07-15 00:00:00,86.4315895031007
2025-07-15 01:00:00,93.1682918841541
2025-07-15 02:00:00,91.3251005513684
2025-07-15 03:00:00,99.8806106858148
2025-07-15 04:00:00,92.9404996503123
2025-07-15 05:00:00,90.0097500551012
2025-07-15 06:00:00,90.541685168176
2025-07-15 07:00:00,91.645372030116
2025-07-15 08:00:00,85.3408329543849
2025-07-15 09:00:00,91.2817767098882
2025-07-15 10:00:00,89.9497453679956
2025-07-15 11:00:00,88.9041406965569
2025-07-15 12:00:00,93.8655989316434
2025-07-15 13:00:00,88.7155736390651
2025-07-15 14:00:00,88.4522870369627
2025-07-15 15:00:00,95.7517153659337
2025-07-15 16:00:00,91.7215266310278
2025-07-15 17:00:00,94.7911692687566
2025-07-15 18:00:00,94.8930957861407
2025-07-15 19:00:00,95.1420553444466
2025-07-15 20:00:00,87.9924331812683
2025-07-15 21:00:00,89.4202639593095
2025-07-15 22:00:00,90.9444620630485
2025-07-15 23:00:00,88.9830635729588
2025-07-16 00:00:00,92.0002848570318
2025-07-16 01:00:00,96.5233242224838
2025-07-16 02:00:00,94.5380257514936
2025-07-16 03:00:00,91.0067994998472
2025-07-16 04:00:00,87.7823503160839
2025-07-16 05:00:00,90.3413643987813
2025-07-16 06:00:00,90.413017439537
2025-07-16 07:00:00,89.1195230636563
2025-07-16 08:00:00,91.3423510923845
2025-07-16 09:00:00,90.7868559809166
2025-07-16 10:00:00,89.9147770049896
2025-07-16 11:00:00,96.0730708952846
2025-07-16 12:00:00,88.0725420997495
2025-07-16 13:00:00,92.6806215628239
2025-07-16 14:00:00,87.6993006612893
2025-07-16 15:00:00,90.7763327678972
2025-07-16 16:00:00,92.3829497780916
2025-07-16 17:00:00,95.1794874042663
2025-07-16 18:00:00,90.913464951632
2025-07-16 19:00:00,97.6608476746412
2025-07-16 20:00:00,88.8216474021927
2025-07-16 21:00:00,85.8862749465718
2025-07-16 22:00:00,91.4491051132336
2025-07-16 23:00:00,92.6912173871774
2025-07-17 00:00:00,90.4927867611823
2025-07-17 01:00:00,92.0358896612256
2025-07-17 02:00:00,96.2141949168527
2025-07-17 04:00:00,92.3677312904185
2025-07-17 07:00:00,91.2657617255665
2025-07-17 08:00:00,89.8745329619145
2025-07-17 09:00:00,87.7817467483579
2025-07-17 10:00:00,92.9235836766332
2025-07-17 11:00:00,87.1922695992246
2025-07-17 12:00:00,91.4592731556569
2025-07-17 13:00:00,88.9221732272288
2025-07-17 14:00:00,87.8978776895075
2025-07-17 15:00:00,93.6714520259964
2025-07-17 16:00:00,89.0992887266165
2025-07-17 17:00:00,90.6953508701394
2025-07-17 18:00:00,90.8894121936198
2025-07-17 19:00:00,89.0837172727003
2025-07-17 20:00:00,90.778982291546
2025-07-18 21:00:00,93.0547379000022
2025-07-18 22:00:00,90.1589321723253
2025-07-18 23:00:00,92.4512317612665
2025-07-19 00:00:00,89.5409654017736
2025-07-19 01:00:00,88.7275421193544
2025-07-19 02:00:00,96.648711770306
2025-07-19 03:00:00,91.1703469950305
2025-07-19 04:00:00,91.9604867300158
2025-07-19 06:00:00,94.0368194484389
2025-07-19 07:00:00,90.7818022634597
2025-07-19 08:00:00,94.2949025205036
2025-07-19 10:00:00,88.0802412644179
2025-07-19 12:00:00,94.615338104869
2025-07-19 13:00:00,92.8223535930496
2025-07-19 14:00:00,92.0502865817288
2025-07-19 15:00:00,89.9301045135186
2025-07-19 16:00:00,94.1989240469037
2025-07-19 17:00:00,91.4065871795893
2025-07-19 18:00:00,90.1509691441163
2025-07-19 19:00:00,90.0846638720427
2025-07-19 20:00:00,88.6803660713934
2025-07-19 21:00:00,88.7897309022485
2025-07-19 22:00:00,97.6407369264673
2025-07-19 23:00:00,90.6624907984636
2025-07-20 00:00:00,89.2700338661397
2025-07-20 01:00:00,92.7640052470596
2025-07-20 02:00:00,95.7295176227469
2025-07-20 03:00:00,93.9415394105735
2025-07-20 04:00:00,97.0251864776786
2025-07-20 05:00:00,88.654336574652
2025-07-20 06:00:00,91.6826492282046
2025-07-20 07:00:00,88.1907007443572
2025-07-20 08:00:00,85.090892349329
2025-07-20 09:00:00,93.0294127782714
2025-07-20 10:00:00,
2025-07-20 11:00:00,
2025-07-20 12:00:00,
2025-07-20 13:00:00,
2025-07-20 14:00:00,
2025-07-20 15:00:00,86.6915618104597
2025-07-20 16:00:00,87.8518131348446
2025-07-20 17:00:00,95.1387050061133
2025-07-20 18:00:00,95.7983638516462
2025-07-20 19:00:00,89.2734307912004
2025-07-20 20:00:00,90.4437333841303
2025-07-20 21:00:00,88.7597469751312
2025-07-20 22:00:00,91.7593475306439
2025-07-20 23:00:00,90.6390097486617
2025-07-21 00:00:00,96.7695476839351
2025-07-21 01:00:00,93.978191173304
2025-07-21 02:00:00,89.9760185382712
2025-07-21 03:00:00,92.6829020079901
2025-07-21 04:00:00,90.6569752697669
2025-07-21 05:00:00,88.5533451574016
2025-07-21 06:00:00,88.380700135609
2025-07-21 07:00:00,94.1867899644549
2025-07-21 09:00:00,94.6120116429793
2025-07-21 10:00:00,88.9114638365125
2025-07-21 11:00:00,90.4707806109164
2025-07-21 12:00:00,86.8000864689229
2025-07-21 13:00:00,86.8936258658806
2025-07-21 14:00:00,93.9151102361985
2025-07-21 15:00:00,92.1735795201903
2025-07-21 16:00:00,91.5479427790925
2025-07-21 17:00:00,88.5742007406544
2025-07-21 18:00:00,91.8710351095066
2025-07-21 19:00:00,91.6904306847207
2025-07-21 20:00:00,95.3622993283294
2025-07-21 21:00:00,96.4991947015084
2025-07-21 22:00:00,93.3137809321716
2025-07-21 23:00:00,91.5604141211273
2025-07-22 00:00:00,89.624750272691
2025-07-22 01:00:00,93.3435095317229
2025-07-22 02:00:00,91.9680898255437
2025-07-22 03:00:00,89.7665698613012
2025-07-22 04:00:00,90.1778053330902
2025-07-22 05:00:00,91.481018407887
2025-07-22 06:00:00,89.681206239222
2025-07-22 07:00:00,91.3779191197424
2025-07-22 08:00:00,94.3499423139165
2025-07-22 10:00:00,90.6739574610574
2025-07-22 11:00:00,87.8515885562532
2025-07-22 23:00:00,91.4878691679435
2025-07-23 00:00:00,91.4171724449847
2025-07-23 01:00:00,94.5422657373774
2025-07-23 02:00:00,89.5632003226887
2025-07-23 03:00:00,95.833693261347
2025-07-23 04:00:00,80.810656539871
2025-07-23 05:00:00,89.7439829549315
2025-07-23 06:00:00,89.1686227026178
2025-07-23 07:00:00,89.084407158549
2025-07-23 08:00:00,96.1643952001769
2025-07-23 09:00:00,93.3941023162821
2025-07-23 10:00:00,91.4102943190956
2025-07-23 11:00:00,95.218125490203
2025-07-23 12:00:00,93.2433465303574
2025-07-23 13:00:00,88.3986608166348
2025-07-23 14:00:00,86.6951766375711
2025-07-23 15:00:00,91.8836136777894
2025-07-23 16:00:00,89.3159138624174
2025-07-23 17:00:00,93.7793209894732
2025-07-23 18:00:00,91.0350110399989
2025-07-23 19:00:00,85.4600680966783
2025-07-23 20:00:00,89.8393564428674
2025-07-23 21:00:00,91.8217116170072
2025-07-23 22:00:00,86.5302104911844
2025-07-23 23:00:00,89.0103309745778
2025-07-24 00:00:00,88.2014102835039
2025-07-24 01:00:00,93.91137617615
2025-07-24 02:00:00,87.4758615837247
2025-07-24 03:00:00,88.9522406517054
2025-07-24 04:00:00,89.7483291179922
2025-07-24 05:00:00,94.5619665182277
2025-07-24 06:00:00,91.7917637733871
2025-07-24 07:00:00,89.9210245462849
2025-07-24 08:00:00,89.4141034075863
2025-07-24 11:00:00,87.8445321756917
2025-07-24 12:00:00,89.6101070792744
2025-07-24 13:00:00,96.3564645935902
2025-07-24 14:00:00,91.1161592228869
2025-07-24 15:00:00,92.0417300433712
2025-07-24 16:00:00,95.0750452096549
2025-07-24 17:00:00,91.9393410311158
2025-07-24 18:00:00,96.3647484226687
2025-07-24 19:00:00,89.772170411167
2025-07-24 20:00:00,92.0263655938654
2025-07-24 21:00:00,94.8427419663968
2025-07-24 22:00:00,89.7263298757281
2025-07-24 23:00:00,88.7363324807181
2025-07-25 00:00:00,89.8012409446195
2025-07-25 01:00:00,92.4590338954254
2025-07-25 02:00:00,92.2651243003525
2025-07-25 03:00:00,94.3344789060762
2025-07-25 04:00:00,91.7210824826233
2025-07-25 05:00:00,94.3694494214813
2025-07-25 06:00:00,94.5213337528209
2025-07-25 07:00:00,90.1189655099819
2025-07-25 08:00:00,87.6989893384518
2025-07-25 09:00:00,90.5338129983506
2025-07-25 10:00:00,91.468895036726
2025-07-25 11:00:00,90.0759078687514
2025-07-25 12:00:00,94.0908404652002
2025-07-25 13:00:00,88.9883344304122
2025-07-25 14:00:00,85.3671022678617
2025-07-25 15:00:00,94.0237929492167
2025-07-25 16:00:00,89.8421812024706
2025-07-25 17:00:00,88.229362262703
2025-07-25 18:00:00,89.2670197654942
2025-07-25 19:00:00,86.2207330851865
2025-07-25 20:00:00,90.3413544524608
2025-07-25 21:00:00,88.0727565611742
2025-07-25 22:00:00,88.3640233620424
2025-07-25 23:00:00,91.3999938079562
2025-07-26 00:00:00,91.6214766777605
2025-07-26 01:00:00,86.9643253655894
2025-07-26 02:00:00,95.8742857068302
2025-07-26 03:00:00,88.3484509522434
2025-07-26 04:00:00,87.905323548097
2025-07-26 05:00:00,96.0479948549286
2025-07-26 06:00:00,91.6905304612849
2025-07-26 07:00:00,90.7614648618174
2025-07-26 08:00:00,88.9651915072564
2025-07-26 09:00:00,92.7139417495036
2025-07-26 10:00:00,89.5386227814535
2025-07-26 11:00:00,92.2444358370227
2025-07-26 12:00:00,90.4638161962274
2025-07-26 13:00:00,88.0917457519301
2025-07-26 14:00:00,94.1207514052578
2025-07-27 02:00:00,95.4557751426319
2025-07-27 03:00:00,90.2200746178967
2025-07-27 04:00:00,91.071615537236
2025-07-27 05:00:00,94.3828386552376
2025-07-27 06:00:00,94.8471768887656
2025-07-27 13:00:00,90.82001849734
2025-07-27 14:00:00,94.2553905717846
2025-07-27 15:00:00,85.9289028017116
2025-07-27 16:00:00,94.5010296814674
2025-07-27 17:00:00,86.7545117728585
2025-07-27 18:00:00,91.1907659477802
2025-07-27 19:00:00,89.8466234719166
2025-07-27 20:00:00,87.1875146839423
2025-07-27 21:00:00,90.0717185715471
2025-07-27 22:00:00,92.4246183111568
2025-07-27 23:00:00,85.4778424622993
2025-07-28 00:00:00,92.4943780323813
2025-07-28 01:00:00,87.6707795606099
2025-07-28 02:00:00,90.4277408183984
2025-07-28 03:00:00,90.1294687419323
2025-07-28 04:00:00,114.384388767092
2025-07-28 05:00:00,93.8644369028477
2025-07-28 06:00:00,92.1635432974053
2025-07-28 07:00:00,90.6192925157328
2025-07-28 08:00:00,87.9566302040628
2025-07-28 09:00:00,89.7645745635807
2025-07-28 10:00:00,90.9980059862257
2025-07-28 11:00:00,87.084799080643
2025-07-28 12:00:00,91.1688720765087
2025-07-28 13:00:00,90.7008392477613
2025-07-28 14:00:00,87.7346985699551
2025-07-28 15:00:00,91.4755671020656
2025-07-28 16:00:00,91.2904611749402
2025-07-28 17:00:00,89.855250947945
2025-07-28 18:00:00,92.3199858717415
2025-07-28 19:00:00,90.6527557434591
2025-07-28 20:00:00,95.889446819352
2025-07-28 21:00:00,86.8021114010482
2025-07-28 22:00:00,88.6052737650727
2025-07-28 23:00:00,93.1579803382774
2025-07-29 00:00:00,88.9636133841025
2025-07-29 01:00:00,93.4579611430923
2025-07-29 02:00:00,91.6316580934612
2025-07-29 03:00:00,110.266919366461
2025-07-29 04:00:00,92.2655205935504
2025-07-29 05:00:00,89.5575921460817
2025-07-29 06:00:00,92.3804234540103
2025-07-29 07:00:00,89.4775377713742
2025-07-29 08:00:00,89.7004415810143
2025-07-29 09:00:00,86.1153700751924
2025-07-29 10:00:00,91.7413784930321
2025-07-29 11:00:00,91.4051459726734
2025-07-29 12:00:00,90.4396336065572
2025-07-29 13:00:00,90.3462966200863
2025-07-29 14:00:00,86.8579965039046
2025-07-29 15:00:00,88.9359531632776
2025-07-29 16:00:00,90.9714162184814
2025-07-29 17:00:00,92.9436830013889
2025-07-29 18:00:00,92.3737574810167
2025-07-29 19:00:00,94.2636040312757
2025-07-29 20:00:00,88.4729379056631
2025-07-29 21:00:00,88.8125427942913
2025-07-29 22:00:00,93.5594340028756
2025-07-29 23:00:00,92.6625425456015
2025-07-30 00:00:00,88.3233876230442
2025-07-30 01:00:00,89.8832487969853
2025-07-30 02:00:00,87.9807898803769
2025-07-30 03:00:00,91.6036776598549
2025-07-30 04:00:00,90.6343642532626
2025-07-30 05:00:00,94.7399410532612
2025-07-30 06:00:00,92.8982230078072
2025-07-30 07:00:00,86.9198578615748
2025-07-30 08:00:00,86.2657071784584
2025-07-30 09:00:00,91.3585927352867
2025-07-30 10:00:00,88.2160792512815
2025-07-30 11:00:00,93.532813986699
2025-07-30 12:00:00,89.3088808603168
2025-07-30 13:00:00,91.0991366079639
2025-07-30 14:00:00,91.1488694261611
2025-07-30 15:00:00,89.5821735507204
2025-07-30 16:00:00,94.6142861166527
2025-07-30 17:00:00,87.5681807770752
2025-07-30 18:00:00,90.163404632592
2025-07-30 19:00:00,92.9097294663455
2025-07-30 20:00:00,89.8536608409426
2025-07-30 21:00:00,91.0568708450963
2025-07-30 22:00:00,90.57983144983
2025-07-30 23:00:00,90.28151761542
2025-07-31 00:00:00,89.91135035315
2025-07-31 01:00:00,91.6286927935338
2025-07-31 02:00:00,88.7231508054361
2025-07-31 03:00:00,85.8304847115003
2025-07-31 06:00:00,85.8825569885496
2025-07-31 07:00:00,89.380565003405
2025-07-31 08:00:00,92.2491434079062
2025-07-31 09:00:00,87.9536827783395
2025-07-31 10:00:00,88.0635937096189
2025-07-31 11:00:00,93.7276224462803
2025-07-31 12:00:00,86.1758352523422
2025-07-31 13:00:00,92.1633138179857
2025-07-31 14:00:00,92.2186181906773
2025-07-31 15:00:00,94.789354762459
2025-07-31 16:00:00,91.636553639188
2025-07-31 17:00:00,85.3183653800937
2025-07-31 18:00:00,89.7786288447275
2025-07-31 19:00:00,85.5728958965726
2025-07-31 20:00:00,92.6519325836191
2025-07-31 21:00:00,93.2743145331396
2025-07-31 22:00:00,91.4849310128012
2025-07-31 23:00:00,91.0039911000012
2025-08-01 00:00:00,93.5904062792087
2025-08-01 01:00:00,91.7773169379519
2025-08-01 02:00:00,90.4568892717061
2025-08-01 03:00:00,93.6507820184528
2025-08-01 04:00:00,89.3972748845671
2025-08-01 05:00:00,88.1555707100371
2025-08-01 06:00:00,91.1813164731911
2025-08-01 09:00:00,91.4901589407031
2025-08-01 10:00:00,86.6290242758363
2025-08-01 11:00:00,88.9286268239584
2025-08-01 12:00:00,90.3153770883085
2025-08-01 13:00:00,88.8839862844384
2025-08-01 14:00:00,88.4882407105805
2025-08-01 15:00:00,95.0104572411432
2025-08-01 16:00:00,91.0163610418363
2025-08-01 17:00:00,93.7807981511964
2025-08-01 18:00:00,88.7964869088304
2025-08-01 19:00:00,91.9151367754565
2025-08-01 20:00:00,94.8097391715362
2025-08-01 21:00:00,90.8396873817179
2025-08-01 22:00:00,89.7548775613086
2025-08-01 23:00:00,86.4155022238167
2025-08-02 00:00:00,94.0219836266267
2025-08-02 01:00:00,91.7007094000132
2025-08-02 02:00:00,90.3438961369037
2025-08-02 03:00:00,91.8054396277316
2025-08-02 04:00:00,92.4041653382832
2025-08-02 05:00:00,90.5426680072315
2025-08-02 06:00:00,90.2783351454741
2025-08-02 07:00:00,90.748599675813
2025-08-02 08:00:00,88.494428118576
2025-08-02 10:00:00,86.4517082485425
2025-08-02 12:00:00,88.2997355911714
2025-08-02 22:00:00,92.135413372169
2025-08-03 01:00:00,89.7526209003896
2025-08-03 02:00:00,91.711067821628
2025-08-03 03:00:00,88.5901062719217
2025-08-03 04:00:00,90.506845989286
2025-08-03 05:00:00,87.8675194919183
2025-08-03 06:00:00,94.2019332113326
2025-08-03 07:00:00,90.718685058864
2025-08-03 08:00:00,91.7331198307926
2025-08-03 09:00:00,92.8332491832359
2025-08-03 10:00:00,89.7629879397215
2025-08-03 11:00:00,87.5133368573916
2025-08-03 12:00:00,90.2994473254429
2025-08-03 13:00:00,93.9361803059299
2025-08-03 14:00:00,93.2389163533681
2025-08-03 15:00:00,88.9234343007665
2025-08-03 16:00:00,90.7567335159457
2025-08-03 17:00:00,92.3394549972781
2025-08-03 18:00:00,91.2145007683055
2025-08-03 19:00:00,90.8115858458442
2025-08-03 20:00:00,91.6570198766673
2025-08-03 21:00:00,89.7574258077792
2025-08-03 22:00:00,88.9415483713721
2025-08-03 23:00:00,85.6865859549574
2025-08-04 00:00:00,88.4905807260113
2025-08-04 01:00:00,93.5575920797035
2025-08-04 02:00:00,92.4471264300795
2025-08-04 03:00:00,93.2709061299565
2025-08-04 04:00:00,89.9723280673359
2025-08-04 05:00:00,92.427336250693
2025-08-04 06:00:00,90.6306012067105
2025-08-04 07:00:00,90.3520151432834
2025-08-04 08:00:00,89.2657274842106
2025-08-04 09:00:00,91.221435232045
2025-08-04 19:00:00,93.4197711655033
2025-08-04 20:00:00,85.9040238748564
2025-08-04 21:00:00,86.9851964513097
2025-08-04 22:00:00,91.3333058479755
2025-08-04 23:00:00,87.466841292432
2025-08-05 00:00:00,90.8908914570059
2025-08-05 01:00:00,91.4551050788681
2025-08-05 02:00:00,89.5493726219366
2025-08-05 03:00:00,84.6278748368491
2025-08-05 04:00:00,87.7708817063733
2025-08-05 05:00:00,89.5177626674976
2025-08-05 06:00:00,90.2260624335897
2025-08-05 07:00:00,92.7857384613896
2025-08-05 08:00:00,90.7861442103136
2025-08-05 09:00:00,90.797189670329
2025-08-05 11:00:00,90.8442036539279
2025-08-05 12:00:00,87.7350513350108
2025-08-05 13:00:00,89.1068221682255
2025-08-05 14:00:00,90.9833148909513
2025-08-05 15:00:00,88.2944942154033
2025-08-05 16:00:00,91.3941359904363
2025-08-05 17:00:00,89.1098770334407
2025-08-05 18:00:00,90.8305078520694
2025-08-05 19:00:00,90.0899725914968
2025-08-05 20:00:00,84.3020490552667
2025-08-05 21:00:00,87.7833690976258
2025-08-05 22:00:00,88.4388682572416
2025-08-05 23:00:00,90.0911058723972
2025-08-06 00:00:00,86.0138944262153
2025-08-06 01:00:00,87.3239160448008
2025-08-06 02:00:00,90.1745930972391
2025-08-06 03:00:00,91.1051189545002
2025-08-06 04:00:00,89.336309053665
2025-08-06 05:00:00,89.6775163088641
2025-08-06 06:00:00,94.4970016441342
2025-08-06 07:00:00,
2025-08-06 08:00:00,92.2504219595052
2025-08-06 09:00:00,94.2607864132113
2025-08-06 10:00:00,87.450702324906
2025-08-06 11:00:00,90.6556697397543
2025-08-06 12:00:00,86.7905793830342
2025-08-06 13:00:00,90.2197115823605
2025-08-06 14:00:00,90.4127483655141
2025-08-06 15:00:00,89.2860212175059
2025-08-06 16:00:00,86.0539566505082
2025-08-06 17:00:00,87.5313915455538
2025-08-06 18:00:00,88.347577103601
2025-08-06 19:00:00,91.9627008898036
2025-08-06 20:00:00,87.9431950053132
2025-08-06 21:00:00,87.1772720431664
2025-08-06 22:00:00,
2025-08-06 23:00:00,
2025-08-07 00:00:00,
2025-08-07 01:00:00,
2025-08-07 02:00:00,85.995094766713
2025-08-07 03:00:00,90.6957364141716
2025-08-07 04:00:00,93.4605995978623
2025-08-07 05:00:00,89.3185465749494
2025-08-07 06:00:00,89.9136137026573
2025-08-07 07:00:00,91.4248207716266
2025-08-07 13:00:00,89.2014091209894
2025-08-07 14:00:00,90.2839224490026
2025-08-07 15:00:00,87.7547863036018
2025-08-07 16:00:00,90.7790351629022
2025-08-07 17:00:00,87.7605555225605
2025-08-07 18:00:00,87.2659740540888
2025-08-07 19:00:00,86.9475282323109
2025-08-07 20:00:00,86.3153043571279
2025-08-07 21:00:00,90.5429294693756
2025-08-07 22:00:00,87.534604373081
2025-08-07 23:00:00,92.0579613622031
2025-08-08 00:00:00,90.054487064965
2025-08-08 01:00:00,86.4774636263637
2025-08-08 02:00:00,90.0079994469347
2025-08-08 03:00:00,91.5651419303246
2025-08-08 04:00:00,
2025-08-08 05:00:00,
2025-08-08 06:00:00,
2025-08-08 07:00:00,
2025-08-08 08:00:00,
2025-08-08 09:00:00,
2025-08-08 10:00:00,
2025-08-08 11:00:00,87.7560672648792
2025-08-08 12:00:00,87.2358406277553
2025-08-08 13:00:00,92.3568896344436
2025-08-08 14:00:00,88.3890816426989
2025-08-08 15:00:00,91.272840749567
2025-08-08 16:00:00,92.0813014067641
2025-08-08 17:00:00,89.5733610301021
2025-08-08 18:00:00,86.7663532372477
2025-08-08 19:00:00,90.9637150888826
2025-08-08 20:00:00,93.7100541158235
2025-08-08 21:00:00,89.674818581759
2025-08-08 22:00:00,90.9592273326278
2025-08-08 23:00:00,90.6606881804934
2025-08-09 00:00:00,85.453892805717
2025-08-09 01:00:00,88.481546191143
2025-08-09 02:00:00,85.7429655540861
2025-08-09 03:00:00,89.5214181922256
2025-08-09 04:00:00,91.3060864387234
2025-08-09 05:00:00,88.4761929292451
2025-08-09 06:00:00,86.7264026211513
2025-08-09 07:00:00,90.1624424859497
2025-08-09 08:00:00,86.06545444468
2025-08-09 09:00:00,87.9382617205549
2025-08-09 11:00:00,116.303445636567
2025-08-09 12:00:00,93.9834176649371
2025-08-09 13:00:00,86.1418425162255
2025-08-09 14:00:00,88.0219903707844
2025-08-09 15:00:00,86.7755244218578
2025-08-09 16:00:00,88.3586740700528
2025-08-09 17:00:00,86.6085465468866
2025-08-09 18:00:00,93.4596219211746
2025-08-09 19:00:00,90.7866056748833
2025-08-09 20:00:00,93.1769551628674
2025-08-09 21:00:00,91.8528155255889
2025-08-09 22:00:00,
2025-08-09 23:00:00,
2025-08-10 00:00:00,
2025-08-10 01:00:00,
2025-08-10 02:00:00,89.518798686383
2025-08-10 03:00:00,88.3561511729953
2025-08-10 04:00:00,83.5324923080953
2025-08-10 05:00:00,90.4073540924149
2025-08-10 06:00:00,86.83371388386
2025-08-10 07:00:00,93.1260003375035
2025-08-10 08:00:00,86.7277997123874
2025-08-10 09:00:00,90.8970786207661
2025-08-10 10:00:00,89.1126972400512
2025-08-10 11:00:00,91.2263427767617
2025-08-10 12:00:00,84.3851834090157
2025-08-10 13:00:00,87.5283934714727
2025-08-10 14:00:00,89.4335506822637
2025-08-10 15:00:00,91.0554841093445
2025-08-10 16:00:00,91.8930777993193
2025-08-10 17:00:00,84.0772189268554
2025-08-10 18:00:00,87.2765268998014
2025-08-10 19:00:00,93.8516477073322
2025-08-11 07:00:00,84.8571245826734
2025-08-11 09:00:00,93.232577094516
2025-08-11 10:00:00,88.2224264667889
2025-08-11 11:00:00,88.690025710861
2025-08-11 12:00:00,88.3349012891154
2025-08-11 13:00:00,85.8953206932615
2025-08-11 14:00:00,92.3698778261889
2025-08-11 15:00:00,91.9593355462477
2025-08-11 16:00:00,91.7055562222373
2025-08-11 17:00:00,91.4711611627956
2025-08-11 18:00:00,91.876493643187
2025-08-11 19:00:00,87.6174784862588
2025-08-11 20:00:00,86.4764610666792
2025-08-11 21:00:00,90.7561496736103
2025-08-11 22:00:00,90.2677436784496
2025-08-11 23:00:00,88.8892798696689
2025-08-12 00:00:00,88.9303672244813
2025-08-12 01:00:00,91.4584996524921
2025-08-12 02:00:00,85.5495282714961
2025-08-12 03:00:00,86.2132510547558
2025-08-12 04:00:00,87.8767919143626
2025-08-12 05:00:00,89.2530732822941
2025-08-12 06:00:00,88.492726660708
2025-08-12 07:00:00,89.9776561543658
2025-08-12 08:00:00,89.8745425237902
2025-08-12 09:00:00,89.1479338558844
2025-08-12 10:00:00,92.2269908625119
2025-08-12 11:00:00,89.6078697365344
2025-08-12 12:00:00,88.8834620184171
2025-08-12 13:00:00,89.2081235601328
2025-08-12 14:00:00,89.1488641146683
2025-08-12 15:00:00,88.3937010735236
2025-08-12 16:00:00,88.4059388714153
2025-08-12 17:00:00,85.0555231168626
2025-08-12 18:00:00,85.8324678631937
2025-08-12 19:00:00,86.698970581515
2025-08-12 20:00:00,89.3353993517766
2025-08-12 21:00:00,86.9065684571702
2025-08-12 22:00:00,89.0810421259805
2025-08-12 23:00:00,89.9334310992831
2025-08-13 00:00:00,89.2879176134956
2025-08-13 01:00:00,90.1929569943244
2025-08-13 02:00:00,88.3611787203329
2025-08-13 03:00:00,87.164428382591
2025-08-13 04:00:00,88.6097483038597
2025-08-13 05:00:00,91.9257836939933
2025-08-13 06:00:00,90.395193172399
2025-08-13 07:00:00,89.9069899270239
2025-08-13 08:00:00,90.293105200931
2025-08-13 09:00:00,92.1269378595499
2025-08-13 10:00:00,89.5562789941628
2025-08-13 11:00:00,88.4965022208262
2025-08-13 12:00:00,90.0906852151526
2025-08-13 13:00:00,90.2338769696754
2025-08-13 14:00:00,88.1433186106584
2025-08-13 15:00:00,89.3739534715325
2025-08-13 16:00:00,85.7829540485686
2025-08-13 17:00:00,88.8622353391046
2025-08-13 18:00:00,92.7936307159287
2025-08-13 19:00:00,91.4699220678481
2025-08-13 20:00:00,89.7552552928892
2025-08-13 21:00:00,90.7936327524666
2025-08-13 22:00:00,90.6277106624813
2025-08-13 23:00:00,91.5645226437417
2025-08-14 00:00:00,90.4621338018159
2025-08-14 01:00:00,86.7013439512875
2025-08-14 02:00:00,90.9092639066954
2025-08-14 03:00:00,85.358321798925
2025-08-14 04:00:00,89.3504187136507
2025-08-14 05:00:00,87.3348693876891
2025-08-14 07:00:00,88.3132382357674
2025-08-14 08:00:00,86.0710791063759
2025-08-14 09:00:00,88.027081184621
2025-08-14 10:00:00,90.6624493843361
2025-08-14 11:00:00,86.0379920065472
2025-08-14 12:00:00,86.0034312876122
2025-08-14 13:00:00,89.993380652026
2025-08-14 14:00:00,86.5795742463717
2025-08-14 15:00:00,92.8548672197729
2025-08-14 16:00:00,86.9365294782256
2025-08-14 17:00:00,89.3982882198368
2025-08-14 18:00:00,89.662018760642
2025-08-14 19:00:00,87.8057342951716
2025-08-14 20:00:00,88.5580391354521
2025-08-14 21:00:00,86.8571435005476
2025-08-14 22:00:00,89.7820094708992
2025-08-14 23:00:00,86.7486308433773
2025-08-15 00:00:00,87.8634383380201
2025-08-15 01:00:00,87.0716629586747
2025-08-15 02:00:00,88.2058218568904
2025-08-15 03:00:00,86.8512850328652
2025-08-15 04:00:00,88.5615040530851
2025-08-15 05:00:00,89.0384543238811
2025-08-15 06:00:00,90.0849386720822
2025-08-15 08:00:00,91.4126815365048
2025-08-15 09:00:00,91.0335967887621
2025-08-15 10:00:00,87.666184255021
2025-08-15 11:00:00,88.9827461919461
2025-08-15 12:00:00,93.2999352867686
2025-08-15 13:00:00,86.3480417288089
2025-08-15 14:00:00,88.91743418269
2025-08-15 15:00:00,87.8690797119894
2025-08-15 16:00:00,90.396040111367
2025-08-15 17:00:00,87.5942805351076
2025-08-15 18:00:00,88.9185446571771
2025-08-15 19:00:00,86.8054122291746
2025-08-15 20:00:00,87.9109256440876
2025-08-15 21:00:00,88.6420650281876
2025-08-15 22:00:00,87.9470437736284
2025-08-15 23:00:00,89.1008394895951
2025-08-16 00:00:00,87.2303246344347
2025-08-16 01:00:00,88.1152336370009
2025-08-16 02:00:00,91.4296003434076
2025-08-16 03:00:00,88.3624380042424
2025-08-16 04:00:00,89.8898456383968
2025-08-16 05:00:00,87.4821108200581
2025-08-16 06:00:00,86.9861424226972
2025-08-16 07:00:00,100.927270536143
2025-08-16 08:00:00,88.9725097885503
2025-08-16 09:00:00,85.6513316141626
2025-08-16 10:00:00,83.2096790130662
2025-08-16 11:00:00,89.8209734203204
2025-08-16 12:00:00,89.8028417597586
2025-08-16 13:00:00,86.2308945827305
2025-08-16 14:00:00,92.3698046071604
2025-08-16 15:00:00,90.4134030091036
2025-08-16 16:00:00,91.3232523822196
2025-08-16 17:00:00,88.7436312497042
2025-08-16 18:00:00,98.2166603317449
2025-08-16 19:00:00,90.9225699582846
2025-08-16 20:00:00,87.5908455088776
2025-08-16 21:00:00,89.9557413120387
2025-08-16 22:00:00,89.3036258989057
2025-08-16 23:00:00,90.1280871939473
2025-08-17 00:00:00,87.5727412915106
2025-08-17 01:00:00,87.8744682217611
2025-08-17 02:00:00,88.524558612376
2025-08-17 03:00:00,90.598875291813
2025-08-17 04:00:00,87.7369712698138
2025-08-17 05:00:00,86.6400109973006
2025-08-17 07:00:00,87.109199741392
2025-08-17 08:00:00,
2025-08-17 10:00:00,
2025-08-17 12:00:00,
2025-08-17 13:00:00,
2025-08-17 14:00:00,86.0240649324745
2025-08-17 15:00:00,88.9063026132138
2025-08-17 16:00:00,90.573569222285
2025-08-17 17:00:00,86.2996385982318
2025-08-17 19:00:00,86.3702310294032
2025-08-17 20:00:00,88.227798832463
2025-08-18 10:00:00,88.6881070494643
2025-08-18 11:00:00,89.8487487377335
2025-08-18 12:00:00,87.6293432734623
2025-08-18 13:00:00,87.3877961651671
2025-08-18 14:00:00,90.7581884019563
2025-08-18 15:00:00,87.0936550015815
2025-08-18 16:00:00,88.8885511869056
2025-08-18 17:00:00,88.6926167544278
2025-08-18 18:00:00,85.3816506303765
2025-08-18 19:00:00,88.2736405838803
2025-08-18 20:00:00,87.346534762178
2025-08-18 21:00:00,83.3348833582484
2025-08-18 22:00:00,88.2313884793625
2025-08-18 23:00:00,87.7199836992252
2025-08-19 00:00:00,86.2942029797689
2025-08-19 01:00:00,83.3838954270741
2025-08-19 02:00:00,86.367416864742
2025-08-19 03:00:00,87.8433632156272
2025-08-19 04:00:00,85.6995445238992
2025-08-19 05:00:00,87.9989581179412
2025-08-19 06:00:00,86.0359903195536
2025-08-19 07:00:00,87.4820934526622
2025-08-19 08:00:00,86.7088459796965
2025-08-19 09:00:00,90.1450244886331
2025-08-19 10:00:00,91.0909512595849
2025-08-19 11:00:00,86.4743909163599
2025-08-19 12:00:00,89.604371553182
2025-08-19 13:00:00,87.2265405448896
2025-08-19 14:00:00,86.0390765537327
2025-08-19 15:00:00,88.1612055250483
2025-08-19 16:00:00,87.2876573076064
2025-08-19 17:00:00,86.0356266127642
2025-08-19 18:00:00,92.1359180516201
2025-08-19 19:00:00,90.6720745499617
2025-08-19 20:00:00,89.5171226775205
2025-08-19 21:00:00,88.3504493007049
2025-08-19 22:00:00,85.9192625146554
2025-08-19 23:00:00,84.4150147923605
2025-08-20 00:00:00,90.039386706298
2025-08-20 01:00:00,86.6500374153222
2025-08-20 02:00:00,86.554036244936
2025-08-20 03:00:00,89.8791611522905
2025-08-20 04:00:00,87.5341175066798
2025-08-20 05:00:00,87.360886198621
2025-08-20 06:00:00,91.9501284940852
2025-08-20 07:00:00,88.1454767888477
2025-08-20 08:00:00,86.7517910890908
2025-08-20 09:00:00,88.8191881996878
2025-08-20 10:00:00,88.4782929871809
2025-08-20 12:00:00,84.5236632888262
2025-08-20 13:00:00,86.5079050724418
2025-08-20 14:00:00,88.4044010135259
2025-08-20 15:00:00,90.6490495063431
2025-08-20 16:00:00,86.9716076807711
2025-08-20 17:00:00,87.9629546236845
2025-08-20 18:00:00,89.6161257782804
2025-08-20 19:00:00,90.8440273484081
2025-08-20 20:00:00,85.4559017111989
2025-08-20 21:00:00,89.7685121546973
2025-08-20 22:00:00,90.7129000264531
2025-08-20 23:00:00,85.459966843932
2025-08-21 00:00:00,90.6320100892023
2025-08-21 01:00:00,84.0050112713816
2025-08-21 02:00:00,85.7133702557491
2025-08-21 03:00:00,86.6446988572578
2025-08-21 04:00:00,87.0521299782456
2025-08-21 05:00:00,85.1393604786368
2025-08-21 06:00:00,87.7249350337415
2025-08-21 07:00:00,87.1978300446743
2025-08-21 08:00:00,87.9732043074178
2025-08-21 09:00:00,87.972745716206
2025-08-21 10:00:00,85.64720290955
2025-08-21 11:00:00,90.3124440992412
2025-08-21 12:00:00,86.4832674349512
2025-08-21 13:00:00,86.6468187232515
2025-08-21 14:00:00,87.7672565323475
2025-08-21 15:00:00,86.7879561419777
2025-08-21 16:00:00,89.4932127978219
2025-08-21 17:00:00,84.7818848634517
2025-08-21 18:00:00,92.4916231508751
2025-08-21 19:00:00,89.061090977246
2025-08-21 20:00:00,89.4555909878194
2025-08-21 21:00:00,88.7202793996366
2025-08-21 22:00:00,85.5263975159422
2025-08-21 23:00:00,90.4389463922063
2025-08-22 00:00:00,87.3790662502092
2025-08-22 12:00:00,85.6413782314262
2025-08-22 13:00:00,85.3366404688327
2025-08-22 14:00:00,88.659610391682
2025-08-22 15:00:00,85.9232254842869
2025-08-22 16:00:00,84.7746758426676
2025-08-22 17:00:00,85.8464459310552
2025-08-22 18:00:00,69.5062434995581
2025-08-22 19:00:00,85.5214338990842
2025-08-22 20:00:00,92.4356187510009
2025-08-22 21:00:00,86.677517744593
2025-08-22 22:00:00,85.4360878738242
2025-08-22 23:00:00,86.6134127496097
2025-08-23 00:00:00,
2025-08-23 01:00:00,
2025-08-23 02:00:00,
2025-08-23 03:00:00,
2025-08-23 04:00:00,
2025-08-23 05:00:00,
2025-08-23 06:00:00,
2025-08-23 08:00:00,
2025-08-23 12:00:00,
2025-08-23 15:00:00,
2025-08-23 16:00:00,
2025-08-23 17:00:00,
2025-08-23 18:00:00,
2025-08-23 19:00:00,
2025-08-23 20:00:00,
2025-08-23 21:00:00,
2025-08-23 22:00:00,
2025-08-23 23:00:00,
2025-08-24 00:00:00,138.209242980007
2025-08-24 01:00:00,123.823279887325
2025-08-24 02:00:00,125.090858110132
2025-08-24 03:00:00,124.866689723121
2025-08-24 04:00:00,124.224170697146
2025-08-24 05:00:00,123.930081220696
2025-08-24 06:00:00,123.710923996486
2025-08-24 07:00:00,122.851151550113
2025-08-24 08:00:00,122.832836826586
2025-08-24 09:00:00,122.372756607078
2025-08-24 10:00:00,125.059834086464
2025-08-24 11:00:00,123.154216392694
2025-08-24 12:00:00,123.071189929593
2025-08-24 13:00:00,123.393161008356
2025-08-24 14:00:00,122.972286919007
2025-08-24 15:00:00,88.5418950883362
2025-08-24 16:00:00,123.65611487118
2025-08-24 17:00:00,122.388600004552
2025-08-24 18:00:00,124.196176258367
2025-08-24 19:00:00,123.603450357091
2025-08-24 20:00:00,123.279064456947
2025-08-24 21:00:00,123.164748703357
2025-08-24 22:00:00,122.502811766877
2025-08-24 23:00:00,122.105278280857
2025-08-25 00:00:00,122.515352784418
2025-08-25 01:00:00,121.318792105038
2025-08-25 02:00:00,123.691172479563
2025-08-25 03:00:00,121.563602706291
2025-08-25 04:00:00,123.629656309721
2025-08-25 05:00:00,122.442362990242
2025-08-25 06:00:00,122.142832861886
2025-08-25 08:00:00,122.948050347298
2025-08-25 09:00:00,123.010559604433
2025-08-25 11:00:00,124.483786129949
2025-08-25 12:00:00,123.086058339127
2025-08-25 13:00:00,123.72578146686
2025-08-25 14:00:00,121.238275955189
2025-08-25 15:00:00,124.377524083633
2025-08-25 16:00:00,122.602077512822
2025-08-25 17:00:00,122.045298325854
2025-08-25 20:00:00,124.696563656989
2025-08-25 21:00:00,122.62977677948
2025-08-25 22:00:00,122.408981944225
2025-08-25 23:00:00,121.288315981129
2025-08-26 00:00:00,124.161740621908
2025-08-26 01:00:00,122.30862937282
2025-08-26 02:00:00,123.900360191193
2025-08-26 03:00:00,123.399830756742
2025-08-26 04:00:00,124.826835547342
2025-08-26 05:00:00,122.028112480817
2025-08-26 06:00:00,120.161335376278
2025-08-26 07:00:00,124.343535871572
2025-08-26 08:00:00,122.416688920671
2025-08-26 09:00:00,122.815267015106
2025-08-26 10:00:00,122.696375790081
2025-08-26 11:00:00,121.941202458928
2025-08-26 12:00:00,122.37286871053
2025-08-26 13:00:00,121.652819224136
2025-08-26 14:00:00,120.494692610851
2025-08-26 15:00:00,123.224452593311
2025-08-26 16:00:00,122.489456958513
2025-08-26 17:00:00,123.508890261893
2025-08-26 18:00:00,123.381507720695
2025-08-26 19:00:00,122.759432494613
2025-08-26 20:00:00,120.462423379626
2025-08-26 21:00:00,122.666968161906
2025-08-26 22:00:00,122.875378609329
2025-08-26 23:00:00,122.447903592078
2025-08-27 00:00:00,123.283932417167
2025-08-27 01:00:00,123.762135753703
2025-08-27 02:00:00,122.942155638054
2025-08-27 03:00:00,124.881980270705
2025-08-27 04:00:00,122.642176479471
2025-08-27 05:00:00,121.830700564588
2025-08-27 06:00:00,121.631300391876
2025-08-27 07:00:00,122.985361024995
2025-08-27 08:00:00,125.478900919072
2025-08-27 09:00:00,125.05639776158
2025-08-27 10:00:00,122.285045739209
2025-08-27 11:00:00,123.330312830634
2025-08-27 12:00:00,121.097774291024
2025-08-27 13:00:00,122.959486597924
2025-08-27 14:00:00,120.074854641449
2025-08-27 15:00:00,124.782120032952
2025-08-27 16:00:00,125.541350521038
2025-08-27 17:00:00,123.995591829907
2025-08-27 18:00:00,119.927594215226
2025-08-27 19:00:00,120.786457185196
2025-08-27 20:00:00,124.394850162093
2025-08-27 21:00:00,123.004296660563
2025-08-27 22:00:00,126.348733903806
2025-08-27 23:00:00,122.758857035336
2025-08-28 00:00:00,122.973253156545
2025-08-28 01:00:00,122.354759040776
2025-08-28 03:00:00,126.09921256093
2025-08-28 04:00:00,123.494791581448
2025-08-28 05:00:00,116.594581476975
2025-08-28 12:00:00,123.491551315794
2025-08-29 03:00:00,121.059651111062
2025-08-29 09:00:00,124.263068228489
2025-08-29 10:00:00,123.125674201767
2025-08-29 11:00:00,122.012270041241
2025-08-29 12:00:00,120.767325811085
2025-08-29 13:00:00,123.119844328246
2025-08-29 14:00:00,123.823868499542
2025-08-29 15:00:00,123.500636040765
2025-08-29 16:00:00,123.998359365372
2025-08-29 17:00:00,125.520511723123
2025-08-29 18:00:00,125.741374735833
2025-08-29 19:00:00,121.686843922495
2025-08-29 20:00:00,119.005755891186
2025-08-29 21:00:00,121.344885594621
2025-08-29 22:00:00,118.415345025132
2025-08-29 23:00:00,121.932261072565
2025-08-30 00:00:00,120.774874707411
2025-08-30 01:00:00,120.928815002676
2025-08-30 02:00:00,122.956917117544
2025-08-30 03:00:00,121.505568784404
2025-08-30 04:00:00,122.615336981178
2025-08-30 05:00:00,120.946189264382
2025-08-30 06:00:00,120.064578105049
2025-08-30 07:00:00,120.651164845617
2025-08-30 08:00:00,121.255082324272
2025-08-30 09:00:00,124.867900336927
2025-08-30 10:00:00,123.854824717359
2025-08-30 11:00:00,121.45476024497
2025-08-30 12:00:00,123.4231154104
2025-08-30 13:00:00,119.836080420095
2025-08-30 14:00:00,126.005856319979
2025-08-30 15:00:00,121.87980423268
2025-08-30 16:00:00,120.947200394206
2025-08-30 17:00:00,139.650157949587
2025-08-30 18:00:00,119.648577559828
2025-08-30 19:00:00,124.607754154992
2025-08-30 20:00:00,122.643796977042
2025-08-30 21:00:00,121.600708374531
2025-08-30 22:00:00,122.867498118235
2025-08-30 23:00:00,122.545873689016
2025-08-31 00:00:00,122.257361094813
2025-08-31 01:00:00,121.922704505832
2025-08-31 02:00:00,122.305136657382
2025-08-31 04:00:00,119.643395782026
2025-08-31 05:00:00,120.754110742776
2025-08-31 06:00:00,119.323261332198
2025-08-31 07:00:00,122.689678330836
2025-08-31 08:00:00,121.825756533031
2025-08-31 09:00:00,122.453811130209
2025-08-31 10:00:00,120.650717805606
2025-08-31 11:00:00,125.349077401652
2025-08-31 12:00:00,124.904079454875
2025-08-31 13:00:00,121.638120001849
2025-08-31 14:00:00,124.463365427499
2025-08-31 15:00:00,121.351865088126
2025-08-31 16:00:00,121.001360343402
2025-08-31 17:00:00,119.60317104827
2025-08-31 18:00:00,124.15432748778
2025-08-31 19:00:00,123.783993581179
2025-08-31 20:00:00,124.731820181569
2025-08-31 21:00:00,118.143313822813
2025-08-31 22:00:00,122.706817266998
2025-08-31 23:00:00,123.656495767852
2025-09-01 00:00:00,121.105854615038
2025-09-01 01:00:00,122.87209786239
2025-09-01 02:00:00,122.796715197608
2025-09-01 03:00:00,121.191465353387
2025-09-01 04:00:00,123.163751116595
2025-09-01 05:00:00,121.936564409026
2025-09-01 06:00:00,122.915067262359
2025-09-01 07:00:00,123.529187865278
2025-09-01 08:00:00,123.05662860263
2025-09-01 09:00:00,120.842762934144
2025-09-01 10:00:00,123.143250971587
2025-09-01 11:00:00,119.767343908186
2025-09-01 12:00:00,121.764955947439
2025-09-01 13:00:00,122.735767808669
2025-09-01 14:00:00,123.759384313495
2025-09-01 15:00:00,124.046253645513
2025-09-01 16:00:00,122.42192080782
2025-09-01 17:00:00,121.551946106028
2025-09-01 18:00:00,123.147549646077
2025-09-01 19:00:00,121.157241187444
2025-09-01 20:00:00,121.584294139225
2025-09-01 21:00:00,121.928973151484
2025-09-01 22:00:00,120.642168885481
2025-09-01 23:00:00,121.155572933788
2025-09-02 00:00:00,122.347684957736
2025-09-02 01:00:00,122.62760796485
2025-09-02 02:00:00,122.185580160799
2025-09-02 03:00:00,123.92314537924
2025-09-02 04:00:00,121.23626594655
2025-09-02 05:00:00,122.316344309148
2025-09-02 06:00:00,121.643647288402
2025-09-02 07:00:00,
2025-09-02 08:00:00,
2025-09-02 09:00:00,
2025-09-02 10:00:00,
2025-09-02 11:00:00,122.61603312709
2025-09-02 12:00:00,122.489560343485
2025-09-02 13:00:00,121.834773834834
2025-09-02 14:00:00,122.99262013207
2025-09-02 15:00:00,121.873318848606
2025-09-02 16:00:00,120.386241798575
2025-09-02 17:00:00,124.133516778404
2025-09-02 18:00:00,122.554996426221
2025-09-02 19:00:00,121.769705929477
2025-09-02 20:00:00,123.693995807298
2025-09-02 21:00:00,121.824716970797
2025-09-02 22:00:00,122.02369518499
2025-09-02 23:00:00,121.651804045002
2025-09-03 00:00:00,120.109713626867
2025-09-03 01:00:00,121.957954331521
2025-09-03 02:00:00,122.850083450323
2025-09-03 03:00:00,121.05545702766
2025-09-03 04:00:00,121.373456873304
2025-09-03 05:00:00,122.601428608948
2025-09-03 06:00:00,121.166458855119
2025-09-03 07:00:00,122.191516960931
2025-09-03 08:00:00,122.627419472725
2025-09-03 09:00:00,121.407865339477
2025-09-03 10:00:00,122.180893183476
2025-09-03 11:00:00,122.730040894892
2025-09-03 12:00:00,122.430526075111
2025-09-03 13:00:00,122.239965319753
2025-09-03 14:00:00,121.663049990696
2025-09-03 15:00:00,121.566127794946
2025-09-03 16:00:00,123.371464913094
2025-09-03 17:00:00,123.19465872329
2025-09-03 18:00:00,121.497825438814
2025-09-03 19:00:00,121.968515620697
2025-09-03 20:00:00,122.768254782864
2025-09-03 21:00:00,122.781490697199
2025-09-03 22:00:00,122.559874408331
2025-09-03 23:00:00,121.56065995419
2025-09-04 00:00:00,121.031758547385
2025-09-04 01:00:00,122.320713140924
2025-09-04 02:00:00,123.883558895101
2025-09-04 03:00:00,118.791208281175
2025-09-04 04:00:00,121.300103929142
2025-09-04 05:00:00,121.673535976447
2025-09-04 06:00:00,121.154824874186
2025-09-04 08:00:00,120.979375245744
2025-09-04 09:00:00,123.966277525639
2025-09-04 10:00:00,122.768994701824
2025-09-04 11:00:00,121.92543363016
2025-09-04 12:00:00,122.091483255289
2025-09-04 13:00:00,122.013155827889
2025-09-04 14:00:00,122.230142283722
2025-09-04 15:00:00,121.803694465581
2025-09-04 16:00:00,121.617022290692
2025-09-04 17:00:00,121.233155851423
2025-09-04 18:00:00,121.308808050743
2025-09-04 19:00:00,
2025-09-04 20:00:00,
2025-09-04 21:00:00,
2025-09-04 22:00:00,
2025-09-04 23:00:00,121.792248774079
2025-09-05 07:00:00,124.041369124891
2025-09-05 08:00:00,121.734304600086
2025-09-05 09:00:00,122.180087175046
2025-09-05 10:00:00,121.751417611089
2025-09-05 11:00:00,122.316813373352
2025-09-05 22:00:00,121.971011860193
2025-09-05 23:00:00,123.220703695402
2025-09-06 00:00:00,
2025-09-06 01:00:00,
2025-09-06 02:00:00,
2025-09-06 03:00:00,121.840294069354
2025-09-06 04:00:00,120.808975964969
2025-09-06 05:00:00,122.475114454638
2025-09-06 06:00:00,120.310939234776
2025-09-06 08:00:00,119.835135916732
2025-09-06 09:00:00,123.278339142475
2025-09-06 10:00:00,120.819532093436
2025-09-06 11:00:00,119.91230853655
2025-09-06 12:00:00,120.281355996938
2025-09-06 13:00:00,121.352203402668
2025-09-06 14:00:00,121.375807596394
2025-09-06 15:00:00,122.158907191531
2025-09-06 16:00:00,121.740209264561
2025-09-06 17:00:00,121.400739422132
2025-09-06 18:00:00,120.994403596287
2025-09-06 19:00:00,121.225664747379
2025-09-06 20:00:00,124.175058161536
2025-09-06 21:00:00,120.10010148262
2025-09-06 22:00:00,121.993390635541
2025-09-06 23:00:00,120.761100494771
2025-09-07 00:00:00,119.834085897636
2025-09-07 01:00:00,122.203314234854
2025-09-07 02:00:00,123.252927218422
2025-09-07 03:00:00,122.149117430195
2025-09-07 04:00:00,120.885958156244
2025-09-07 05:00:00,122.08774146582
2025-09-07 06:00:00,121.200849192414
2025-09-07 07:00:00,122.711176020319
2025-09-07 08:00:00,120.445628099845
2025-09-07 09:00:00,120.38255994481
2025-09-07 10:00:00,121.026821388161
2025-09-07 11:00:00,121.290286050712
2025-09-07 12:00:00,122.054025581041
2025-09-07 13:00:00,121.44462304526
2025-09-07 14:00:00,121.539219829918
2025-09-07 15:00:00,121.064407401409
2025-09-07 16:00:00,121.457238043927
2025-09-07 17:00:00,123.019723391501
2025-09-07 18:00:00,122.431753783313
2025-09-07 19:00:00,121.783203898775
2025-09-07 20:00:00,119.947384203764
2025-09-07 21:00:00,120.859750225801
2025-09-07 22:00:00,120.526992480644
2025-09-07 23:00:00,121.662783563503
2025-09-08 00:00:00,123.682973327868
2025-09-08 01:00:00,121.646886192252
2025-09-08 02:00:00,120.790153144558
2025-09-08 03:00:00,121.905495483405
2025-09-08 04:00:00,120.806007345661
2025-09-08 05:00:00,120.72515492357
2025-09-08 06:00:00,120.889030242613
2025-09-08 07:00:00,123.49892131476
2025-09-08 08:00:00,122.678409728279
2025-09-08 09:00:00,122.007033904488
2025-09-08 10:00:00,119.869445959853
2025-09-08 11:00:00,122.395648431913
2025-09-08 12:00:00,120.988649433175
2025-09-08 13:00:00,119.306648031019
2025-09-08 14:00:00,120.986316669628
2025-09-08 15:00:00,119.844454178984
2025-09-08 16:00:00,109.619888816304
2025-09-09 03:00:00,120.794333616618
2025-09-09 05:00:00,119.826612620126
2025-09-09 06:00:00,120.14781792089
2025-09-09 07:00:00,120.989870503978
2025-09-09 08:00:00,119.455143459795
2025-09-09 09:00:00,119.193009044469
2025-09-09 10:00:00,120.33378875461
2025-09-09 11:00:00,121.550935221199
2025-09-09 12:00:00,155.921773856801
2025-09-09 13:00:00,120.229610023282
2025-09-09 14:00:00,120.800807608882
2025-09-09 15:00:00,119.993972899619
2025-09-09 16:00:00,120.57462165191
2025-09-09 17:00:00,121.161685958588
2025-09-09 18:00:00,119.510165582014
2025-09-09 19:00:00,121.875261937124
2025-09-09 20:00:00,119.369531271674
2025-09-09 21:00:00,121.926423533879
2025-09-09 22:00:00,120.528389020092
2025-09-09 23:00:00,119.385556604506
2025-09-10 00:00:00,119.906480230192
2025-09-10 01:00:00,120.035598393336
2025-09-10 02:00:00,123.019421921267
2025-09-10 03:00:00,118.866850061318
2025-09-10 04:00:00,121.374155897476
2025-09-10 05:00:00,122.280563704933
2025-09-10 06:00:00,120.301354728617
2025-09-10 07:00:00,121.592203484216
2025-09-10 17:00:00,120.763742239365
2025-09-10 18:00:00,123.512193233751
2025-09-10 19:00:00,
2025-09-10 20:00:00,
2025-09-10 21:00:00,
2025-09-10 22:00:00,
2025-09-10 23:00:00,122.969507690812
2025-09-11 00:00:00,120.466031512256
2025-09-11 01:00:00,120.47754960355
2025-09-11 02:00:00,120.209025370721
2025-09-11 03:00:00,120.889664232596
2025-09-11 04:00:00,120.819962763074
2025-09-11 05:00:00,120.451797953364
2025-09-11 06:00:00,120.57282374777
2025-09-11 07:00:00,120.94680137494
2025-09-11 08:00:00,118.980726405234
2025-09-11 10:00:00,120.099685939906
2025-09-11 11:00:00,120.302736345863
2025-09-11 12:00:00,122.319133977525
2025-09-11 13:00:00,119.894683927229
2025-09-11 14:00:00,122.439699235505
2025-09-11 15:00:00,121.583425617409
2025-09-11 16:00:00,120.896744873802
2025-09-11 17:00:00,119.786341200913
2025-09-11 18:00:00,120.739974494852
2025-09-11 19:00:00,
2025-09-11 20:00:00,
2025-09-11 21:00:00,
2025-09-11 22:00:00,119.778793363605
2025-09-11 23:00:00,118.171576757617
2025-09-12 00:00:00,120.190945551716
2025-09-12 01:00:00,118.940392945037
2025-09-12 02:00:00,120.682858790544
2025-09-12 03:00:00,121.17964950225
2025-09-12 04:00:00,120.138892865429
2025-09-12 05:00:00,119.61502509698
2025-09-12 06:00:00,121.590566588183
2025-09-12 07:00:00,118.731436084755
2025-09-12 08:00:00,120.07689713988
2025-09-12 09:00:00,120.012716469466
2025-09-12 10:00:00,121.815298573578
2025-09-12 11:00:00,120.309646750638
2025-09-12 12:00:00,119.479074990366
2025-09-12 13:00:00,120.720478551797
2025-09-12 14:00:00,119.312686303035
2025-09-12 15:00:00,118.890998352137
2025-09-12 16:00:00,120.82916513563
2025-09-12 17:00:00,119.604433338964
2025-09-12 18:00:00,120.99219126731
2025-09-12 19:00:00,153.42374078152
2025-09-12 20:00:00,119.953339323183
2025-09-12 21:00:00,118.303092180967
2025-09-12 22:00:00,120.508505833862
2025-09-12 23:00:00,110.926099586655
2025-09-13 00:00:00,118.145437037815
2025-09-13 01:00:00,118.408932805584
2025-09-13 02:00:00,119.793131455918
2025-09-13 03:00:00,120.104579184085
2025-09-13 04:00:00,118.634703952357
2025-09-13 05:00:00,119.913358853178
2025-09-13 06:00:00,119.414267460552
2025-09-13 07:00:00,118.852784440164
2025-09-13 08:00:00,119.129700767812
2025-09-13 09:00:00,128.599402522011
2025-09-13 10:00:00,116.852251426087
2025-09-13 11:00:00,119.121445007135
2025-09-13 12:00:00,118.852357466162
2025-09-13 13:00:00,119.543220435858
2025-09-13 14:00:00,119.339967991205
2025-09-13 15:00:00,118.936675737019
2025-09-13 16:00:00,120.657004385191
2025-09-13 17:00:00,120.389213114076
2025-09-13 18:00:00,120.822596672707
2025-09-13 19:00:00,120.07108730609
2025-09-13 20:00:00,120.124959271383
2025-09-13 21:00:00,120.329323811088
2025-09-13 22:00:00,121.968992282789
2025-09-13 23:00:00,120.310339288516
2025-09-14 00:00:00,119.760105849968
2025-09-14 01:00:00,119.028366271107
2025-09-14 02:00:00,118.405978250338
2025-09-14 03:00:00,119.192973070141
2025-09-14 04:00:00,118.951178499794
2025-09-14 05:00:00,119.502196300761
2025-09-14 06:00:00,119.046684796955
2025-09-14 07:00:00,118.724569276368
2025-09-14 08:00:00,119.947930709093
2025-09-14 09:00:00,119.191885787106
2025-09-14 20:00:00,119.043444405993
2025-09-14 21:00:00,117.292755697474
2025-09-14 22:00:00,118.136792742841
2025-09-14 23:00:00,118.862450527243
2025-09-15 00:00:00,117.782408042976
2025-09-15 01:00:00,129.283875070035
2025-09-15 02:00:00,117.493916402146
2025-09-15 03:00:00,118.806424861425
2025-09-15 04:00:00,119.484538490552
2025-09-15 05:00:00,120.734899228421
2025-09-15 06:00:00,117.495387240337
2025-09-15 07:00:00,118.020480708619
2025-09-15 08:00:00,119.803292192007
2025-09-15 09:00:00,116.351938144385
2025-09-15 10:00:00,119.79181563566
2025-09-15 11:00:00,118.398338031711
2025-09-15 12:00:00,119.065987887636
2025-09-15 13:00:00,120.387126978635
2025-09-15 14:00:00,117.233816052038
2025-09-15 15:00:00,118.919070859188
2025-09-15 16:00:00,119.085268974792
2025-09-15 17:00:00,117.219853769756
2025-09-15 18:00:00,118.413285484432
2025-09-15 19:00:00,118.99599509659
2025-09-15 20:00:00,118.732889813483
2025-09-15 21:00:00,117.541579921324
2025-09-15 22:00:00,117.946469660382
2025-09-15 23:00:00,120.281805002789
2025-09-16 00:00:00,116.881113982459
2025-09-16 01:00:00,117.500659926244
2025-09-16 02:00:00,117.676672237239
2025-09-16 03:00:00,118.503172391232
2025-09-16 04:00:00,116.272955056319
2025-09-16 05:00:00,118.754591650581
2025-09-16 06:00:00,
2025-09-16 07:00:00,
2025-09-16 09:00:00,
2025-09-16 10:00:00,
2025-09-16 11:00:00,
2025-09-16 12:00:00,118.040711937746
2025-09-16 13:00:00,117.523955617085
2025-09-16 14:00:00,120.895894283098
2025-09-16 15:00:00,118.059412596621
2025-09-16 16:00:00,117.845543346146
2025-09-16 17:00:00,116.793634803872
2025-09-16 18:00:00,118.380716819477
2025-09-16 19:00:00,118.111948254274
2025-09-16 20:00:00,116.400796619145
2025-09-16 21:00:00,117.711657091878
2025-09-16 22:00:00,118.820662137683
2025-09-16 23:00:00,115.909505343898
2025-09-17 00:00:00,117.727221007091
2025-09-17 01:00:00,117.4090072911
2025-09-17 02:00:00,117.043528918528
2025-09-17 03:00:00,117.553064145512
2025-09-17 04:00:00,117.185871493872
2025-09-17 05:00:00,116.199532952222
2025-09-17 06:00:00,117.132195998835
2025-09-17 07:00:00,115.915752873227
2025-09-17 08:00:00,116.78460933852
2025-09-17 09:00:00,118.153650200357
2025-09-17 10:00:00,118.034961839286
2025-09-17 11:00:00,117.381325446063
2025-09-17 12:00:00,115.707187661306
2025-09-17 13:00:00,117.436303933995
2025-09-17 14:00:00,116.901252627617
2025-09-17 15:00:00,117.967937559545
2025-09-17 16:00:00,117.31223627941
2025-09-17 17:00:00,117.7652926837
2025-09-17 18:00:00,117.569015122603
2025-09-17 19:00:00,115.644463277322
2025-09-17 20:00:00,119.570282615776
2025-09-17 21:00:00,116.750633254163
2025-09-17 22:00:00,118.469079495366
2025-09-17 23:00:00,117.226812575327
2025-09-18 00:00:00,117.423216349906
2025-09-18 01:00:00,116.514578682167
2025-09-18 02:00:00,116.770041784048
2025-09-18 03:00:00,117.570305935172
2025-09-18 04:00:00,147.445555193643
2025-09-18 05:00:00,117.539765391637
2025-09-18 06:00:00,116.235030236815
2025-09-18 08:00:00,117.636174980198
2025-09-18 09:00:00,115.788262814587
2025-09-18 10:00:00,116.997394702655
2025-09-18 11:00:00,116.627225569479
2025-09-18 23:00:00,118.048925791012
2025-09-19 00:00:00,115.290299019711
2025-09-19 01:00:00,115.043823500954
2025-09-19 02:00:00,115.549783662098
2025-09-19 03:00:00,116.444187525511
2025-09-19 04:00:00,115.051874406892
2025-09-19 05:00:00,116.323775629781
2025-09-19 06:00:00,117.233932724409
2025-09-19 07:00:00,114.664465366357
2025-09-19 08:00:00,116.581442836608
2025-09-19 09:00:00,116.094826084383
2025-09-19 10:00:00,116.330813600571
2025-09-19 11:00:00,115.806508365538
2025-09-19 12:00:00,115.617461457922
2025-09-19 13:00:00,117.075670906089
2025-09-19 14:00:00,115.825982514439
2025-09-19 15:00:00,114.751638903101
2025-09-19 16:00:00,115.171664471385
2025-09-19 17:00:00,115.083780315853
2025-09-19 18:00:00,117.096846012414
2025-09-19 19:00:00,116.522140274077
2025-09-19 20:00:00,118.346800378761
2025-09-19 21:00:00,116.647974735333
2025-09-19 22:00:00,114.845513944524
2025-09-19 23:00:00,114.334392875549
2025-09-20 00:00:00,114.321509984095
2025-09-20 01:00:00,113.971308651933
2025-09-20 02:00:00,115.555609463569
2025-09-20 03:00:00,115.191079859242
2025-09-20 04:00:00,115.83103905773
2025-09-20 05:00:00,118.09197367924
2025-09-20 06:00:00,115.349766002447
2025-09-20 07:00:00,114.736820766931
2025-09-20 08:00:00,115.81283305005
2025-09-20 09:00:00,116.834981146417
2025-09-20 10:00:00,114.804722962453
2025-09-20 11:00:00,114.917452881984
2025-09-20 12:00:00,115.880932549287
2025-09-20 13:00:00,115.822177778833
2025-09-20 14:00:00,116.66118488536
2025-09-20 15:00:00,117.046102477831
2025-09-20 16:00:00,115.502488255637
2025-09-20 17:00:00,115.816975280858
2025-09-20 18:00:00,117.025228060392
2025-09-20 19:00:00,113.932747222235
2025-09-20 20:00:00,
2025-09-20 21:00:00,
2025-09-20 22:00:00,
2025-09-20 23:00:00,115.071627936026
2025-09-21 00:00:00,114.753770651247
2025-09-21 01:00:00,115.697303566268
2025-09-21 02:00:00,116.232783666611
2025-09-21 03:00:00,116.821180333816
2025-09-21 04:00:00,114.138045972493
2025-09-21 05:00:00,115.935715414635
2025-09-21 06:00:00,115.897241884904
2025-09-21 07:00:00,115.64910720158
2025-09-21 08:00:00,115.511494512424
2025-09-21 09:00:00,116.463610493362
2025-09-21 10:00:00,116.080588760291
2025-09-21 11:00:00,130.298756925501
2025-09-21 12:00:00,114.088663012164
2025-09-21 13:00:00,115.248797854392
2025-09-21 14:00:00,116.686972079632
2025-09-21 15:00:00,116.652391909363
2025-09-21 16:00:00,113.899310730206
2025-09-21 17:00:00,116.342583076611
2025-09-21 18:00:00,128.538907374874
2025-09-21 19:00:00,132.896213056527
2025-09-21 20:00:00,114.167866434233
2025-09-21 21:00:00,116.220332162332
2025-09-21 22:00:00,114.914800809939
2025-09-21 23:00:00,115.423746626849
2025-09-22 00:00:00,113.803508335176
2025-09-22 01:00:00,115.58140008748
2025-09-22 02:00:00,113.075511238336
2025-09-22 03:00:00,113.742790611909
2025-09-22 04:00:00,113.529516055914
2025-09-22 05:00:00,114.785220148215
2025-09-22 06:00:00,117.717331484719
2025-09-22 07:00:00,114.797487430949
2025-09-22 09:00:00,115.500664619367
2025-09-22 10:00:00,113.95581242697
2025-09-22 11:00:00,114.745010676005
2025-09-22 12:00:00,114.507654926004
2025-09-22 13:00:00,114.536484152969
2025-09-22 14:00:00,115.05119151981
2025-09-22 15:00:00,116.317039900562
2025-09-23 02:00:00,112.672134327959
2025-09-23 03:00:00,127.517372632065
2025-09-23 04:00:00,115.392122790457
2025-09-23 05:00:00,113.044766254038
2025-09-23 06:00:00,115.300973687872
2025-09-23 07:00:00,113.783498835356
2025-09-23 08:00:00,114.112986204929
2025-09-23 09:00:00,114.615339448854
2025-09-23 10:00:00,114.358086725374
2025-09-23 11:00:00,114.006425405599
2025-09-23 12:00:00,112.307659986149
2025-09-23 13:00:00,113.483799522204
2025-09-23 14:00:00,112.062678281671
2025-09-23 15:00:00,113.136394400491
2025-09-23 16:00:00,115.212653159131
2025-09-23 17:00:00,112.968788458307
2025-09-23 18:00:00,113.531510664021
2025-09-23 19:00:00,112.717835425889
2025-09-23 20:00:00,114.636389368503
2025-09-23 21:00:00,112.72540231072
2025-09-23 22:00:00,113.634724128261
2025-09-23 23:00:00,114.362190519175
2025-09-24 00:00:00,114.187616981966
2025-09-24 01:00:00,111.503182304472
2025-09-24 02:00:00,113.159348671845
2025-09-24 03:00:00,111.846896320696
2025-09-24 04:00:00,113.450632459489
2025-09-24 05:00:00,113.223497413388
2025-09-24 06:00:00,112.418438407074
2025-09-24 07:00:00,114.236427390035
2025-09-24 09:00:00,114.085177475565
2025-09-24 10:00:00,112.022246673515
2025-09-24 11:00:00,114.635547550274
2025-09-24 12:00:00,112.642606290791
2025-09-24 13:00:00,112.764089090088
2025-09-25 01:00:00,111.735725049806
2025-09-25 02:00:00,112.481160290267
2025-09-25 03:00:00,110.523173330602
2025-09-25 04:00:00,110.911921809868
2025-09-25 05:00:00,114.24546625448
2025-09-25 06:00:00,110.386453620449
2025-09-25 07:00:00,114.864476952813
2025-09-25 08:00:00,111.629845047493
2025-09-25 09:00:00,112.349741859588
2025-09-25 10:00:00,112.478837186564
2025-09-25 11:00:00,112.662962342644
2025-09-25 12:00:00,113.598852087232
2025-09-25 13:00:00,111.938551877414
2025-09-25 14:00:00,112.973132863616
2025-09-25 15:00:00,113.275573288424
2025-09-25 16:00:00,112.658441831879
2025-09-25 17:00:00,113.095010715338
2025-09-25 18:00:00,113.117866151466
2025-09-25 19:00:00,111.608887199689
2025-09-25 20:00:00,114.724374300806
2025-09-25 21:00:00,112.920350820761
2025-09-25 22:00:00,112.107644674957
2025-09-25 23:00:00,112.176770773981
2025-09-26 00:00:00,111.872342857808
2025-09-26 01:00:00,113.261511540762
2025-09-26 02:00:00,112.876518054926
2025-09-26 03:00:00,111.968006098332
2025-09-26 04:00:00,114.146448781324
2025-09-26 05:00:00,112.59381787994
2025-09-26 06:00:00,112.954184874427
2025-09-26 07:00:00,112.561131085046
2025-09-26 08:00:00,113.24292640476
2025-09-26 09:00:00,112.185558931632
2025-09-26 10:00:00,113.871419577376
2025-09-26 11:00:00,113.736855718995
2025-09-26 12:00:00,112.641037868192
2025-09-26 13:00:00,113.106028665672
2025-09-26 14:00:00,111.401624600147
2025-09-26 15:00:00,113.659933311708
2025-09-26 16:00:00,112.732237292384
2025-09-26 17:00:00,112.953907622293
2025-09-26 18:00:00,114.124449381105
2025-09-26 19:00:00,111.304245771578
2025-09-26 20:00:00,112.74789485689
2025-09-26 21:00:00,111.754610506042
2025-09-26 22:00:00,114.24376761776
2025-09-26 23:00:00,112.124029697872
2025-09-27 00:00:00,112.391066909891
2025-09-27 01:00:00,113.547321595725
2025-09-27 02:00:00,111.271399590405
2025-09-27 03:00:00,111.784992479054
2025-09-27 04:00:00,112.355791185455
2025-09-27 05:00:00,112.331289134208
2025-09-27 06:00:00,112.955781373646
2025-09-27 07:00:00,113.113467578328
2025-09-27 08:00:00,112.554249525849
2025-09-27 09:00:00,112.447745520198
2025-09-27 10:00:00,110.352324303643
2025-09-27 11:00:00,111.645304960916
2025-09-27 12:00:00,111.949346506447
2025-09-27 13:00:00,112.05269871828
2025-09-27 14:00:00,112.363525757776
2025-09-27 15:00:00,129.621515425434
2025-09-27 16:00:00,112.924297260007
2025-09-27 17:00:00,111.23766891532
2025-09-27 18:00:00,111.170243988614
2025-09-27 19:00:00,110.520431008023
2025-09-27 20:00:00,110.008226030495
2025-09-27 21:00:00,112.914919052642
2025-09-27 22:00:00,110.060864093755
2025-09-27 23:00:00,111.734015870237
2025-09-28 00:00:00,110.355404357899
2025-09-28 01:00:00,112.560630619441
2025-09-28 02:00:00,112.316545344825
2025-09-28 03:00:00,111.468081115524
2025-09-28 04:00:00,110.422050911488
2025-09-28 05:00:00,111.076760830834
2025-09-28 06:00:00,109.824568507196
2025-09-28 07:00:00,113.149884410538
2025-09-28 08:00:00,111.457230990617
2025-09-28 09:00:00,111.47084322938
2025-09-28 10:00:00,111.299944605178
2025-09-28 11:00:00,110.746964103399
2025-09-28 12:00:00,111.275057757537
2025-09-28 13:00:00,111.794065336942
2025-09-28 14:00:00,110.496940233562
2025-09-28 15:00:00,110.438556675152
2025-09-28 16:00:00,112.206543210341
2025-09-29 02:00:00,108.588756811572
2025-09-29 04:00:00,110.800882825557
2025-09-29 05:00:00,111.876008679472
2025-09-29 06:00:00,110.311960737611
2025-09-29 07:00:00,111.67781923584
2025-09-29 08:00:00,109.764888685857
2025-09-29 09:00:00,109.576395390333
2025-09-29 10:00:00,108.944320285613
2025-09-29 11:00:00,109.662453186987
2025-09-29 12:00:00,110.34326586665
2025-09-29 13:00:00,109.584382162612
2025-09-29 14:00:00,109.921848868076
2025-09-29 15:00:00,109.020100990033
2025-09-29 16:00:00,108.358337595131
2025-09-29 17:00:00,109.676637454007
2025-09-29 18:00:00,109.917235819632
2025-09-29 19:00:00,109.340389973293
2025-09-29 20:00:00,109.01031531168
2025-09-29 21:00:00,110.000874836812
2025-09-29 22:00:00,110.161886307067
2025-09-29 23:00:00,109.679745662348
2025-09-30 00:00:00,109.585237101739
2025-09-30 01:00:00,108.522078904165
2025-09-30 02:00:00,107.59728247133
2025-09-30 03:00:00,107.764208966135
2025-09-30 04:00:00,109.106993601919
2025-09-30 05:00:00,109.805890897634
2025-09-30 06:00:00,110.397925687213
2025-09-30 07:00:00,109.184343668051
2025-09-30 08:00:00,109.031678714729
2025-09-30 09:00:00,108.512078999078
2025-09-30 10:00:00,107.75079661882
2025-09-30 11:00:00,109.859751683273
2025-09-30 12:00:00,108.850809876563
2025-09-30 13:00:00,109.560089194851
2025-09-30 14:00:00,108.545331823819
2025-09-30 15:00:00,109.795076204503
2025-09-30 16:00:00,109.607375108271
2025-09-30 17:00:00,109.622334107431
2025-09-30 18:00:00,110.836275958009
2025-09-30 19:00:00,109.315134035315
2025-09-30 20:00:00,88.94082260018
2025-09-30 21:00:00,110.248703083776
2025-09-30 22:00:00,109.155603033362
2025-09-30 23:00:00,108.703858482944
2025-10-01 00:00:00,107.667134511289
2025-10-01 01:00:00,107.458416286311
2025-10-01 02:00:00,108.176248570938
2025-10-01 03:00:00,107.754454516155
2025-10-01 04:00:00,107.640155582449
2025-10-01 05:00:00,107.694760365214
2025-10-01 06:00:00,107.666815749842
2025-10-01 07:00:00,107.699457427246
2025-10-01 09:00:00,107.153741589044
2025-10-01 10:00:00,107.450501705489
2025-10-01 11:00:00,107.113922334115
2025-10-01 12:00:00,107.854297953649
2025-10-01 13:00:00,108.05694555957
2025-10-01 14:00:00,
2025-10-01 15:00:00,
2025-10-01 16:00:00,
2025-10-01 17:00:00,107.727699305673
2025-10-01 18:00:00,107.483761797122
2025-10-01 19:00:00,108.21313766965
2025-10-01 20:00:00,108.061400320107
2025-10-01 21:00:00,108.272788918093
2025-10-01 22:00:00,108.29384510875
2025-10-01 23:00:00,108.518705988392
2025-10-02 00:00:00,107.614241199367
2025-10-02 01:00:00,107.257236646529
2025-10-02 02:00:00,107.70732620429
2025-10-02 03:00:00,108.143977506335
2025-10-02 04:00:00,107.130062244781
2025-10-02 05:00:00,106.808123954631
2025-10-02 06:00:00,107.002157887484
2025-10-02 07:00:00,105.569240208376
2025-10-02 08:00:00,106.391724720604
2025-10-02 09:00:00,106.133636336332
2025-10-02 10:00:00,108.279429056714
2025-10-02 19:00:00,107.008296156646
2025-10-02 20:00:00,106.522312269117
2025-10-02 21:00:00,106.83939693499
2025-10-02 22:00:00,107.10178876744
2025-10-02 23:00:00,107.017945294458
2025-10-03 00:00:00,106.154957589969
2025-10-03 01:00:00,106.136405173958
2025-10-03 02:00:00,106.29365690031
2025-10-03 03:00:00,107.147805631273
2025-10-03 04:00:00,105.746514268002
2025-10-03 05:00:00,106.229138931295
2025-10-03 06:00:00,106.880150199892
2025-10-03 07:00:00,107.280174231558
2025-10-03 08:00:00,107.49854394504
2025-10-03 09:00:00,106.709202327571
2025-10-03 10:00:00,106.654478042235
2025-10-03 11:00:00,106.627702733608
2025-10-03 12:00:00,106.477080845593
2025-10-03 13:00:00,105.893041874254
2025-10-03 14:00:00,107.612038845661
2025-10-03 15:00:00,106.62188310869
2025-10-03 16:00:00,105.941038091858
2025-10-03 17:00:00,106.912346263059
2025-10-03 18:00:00,107.227062359154
2025-10-03 19:00:00,106.17018540886
2025-10-03 20:00:00,106.329894638671
2025-10-03 21:00:00,105.059619479539
2025-10-03 22:00:00,106.948585656871
2025-10-03 23:00:00,106.565087267495
2025-10-04 00:00:00,104.916600052662
2025-10-04 01:00:00,105.439936951866
2025-10-04 02:00:00,104.957702721923
2025-10-04 03:00:00,105.363655591189
2025-10-04 04:00:00,106.169992543793
2025-10-04 05:00:00,104.335847936851
2025-10-04 07:00:00,106.416862218714
2025-10-04 08:00:00,86.5194051531644
2025-10-04 09:00:00,105.484500790451
2025-10-04 10:00:00,104.615118044194
2025-10-04 11:00:00,105.308480277396
2025-10-04 12:00:00,105.767126179264
2025-10-04 13:00:00,106.068699988593
2025-10-04 14:00:00,105.880420290083
2025-10-04 15:00:00,104.452827355012
2025-10-04 16:00:00,106.699969178955
2025-10-04 17:00:00,104.604091724725
2025-10-04 18:00:00,106.086726965925
2025-10-04 19:00:00,106.832115631074
2025-10-04 20:00:00,105.34129703107
2025-10-04 21:00:00,104.946041744767
2025-10-04 22:00:00,106.341454315457
2025-10-04 23:00:00,105.790858819016
2025-10-05 00:00:00,104.447859830637
2025-10-05 01:00:00,104.648558159544
2025-10-05 02:00:00,104.195498345428
2025-10-05 03:00:00,105.201471514633
2025-10-05 04:00:00,104.98621006215
2025-10-05 05:00:00,105.467053085388
2025-10-05 06:00:00,103.91151877729
2025-10-05 07:00:00,106.037649975175
2025-10-05 08:00:00,105.878045176851
2025-10-05 09:00:00,104.392747430385
2025-10-05 10:00:00,
2025-10-05 11:00:00,106.559936861869
2025-10-05 12:00:00,104.678523325585
2025-10-05 13:00:00,104.883898672263
2025-10-05 14:00:00,104.659418936986
2025-10-05 15:00:00,104.971993568396
2025-10-05 16:00:00,104.512055778151
2025-10-05 17:00:00,103.995730461005
2025-10-05 18:00:00,104.798989358337
2025-10-05 19:00:00,104.847100596824
2025-10-05 20:00:00,105.394875572415
2025-10-05 21:00:00,104.462677805919
2025-10-05 22:00:00,104.770326560106
2025-10-05 23:00:00,103.909232299107
2025-10-06 00:00:00,104.337016046959
2025-10-06 01:00:00,103.402277906831
2025-10-06 02:00:00,105.017431279518
2025-10-06 03:00:00,104.782708531835
2025-10-06 04:00:00,104.318225913511
2025-10-06 05:00:00,104.115452237472
2025-10-06 06:00:00,103.839989409403
2025-10-06 07:00:00,103.803512053101
2025-10-06 08:00:00,103.80248051407
2025-10-06 09:00:00,103.687966547894
2025-10-06 10:00:00,104.244021536858
2025-10-06 11:00:00,104.653584457049
2025-10-06 12:00:00,104.227650514208
2025-10-06 13:00:00,103.933896055245
2025-10-06 14:00:00,104.830253988969
2025-10-06 15:00:00,103.764132642061
2025-10-06 16:00:00,103.282866582422
2025-10-06 17:00:00,104.053697972678
2025-10-06 18:00:00,105.128000638251
2025-10-06 19:00:00,103.773235371783
2025-10-07 05:00:00,103.852258625259
2025-10-07 06:00:00,104.104118802911
2025-10-07 07:00:00,104.018846922206
2025-10-07 08:00:00,103.729486274329
2025-10-07 11:00:00,103.601420573621
2025-10-07 12:00:00,103.296127890659
2025-10-07 13:00:00,103.44942665168
2025-10-07 14:00:00,103.006078090746
2025-10-07 15:00:00,102.085361555142
2025-10-07 16:00:00,103.995067480431
2025-10-07 17:00:00,102.423826988538
2025-10-07 18:00:00,103.460100642632
2025-10-07 19:00:00,102.251280101138
2025-10-07 20:00:00,103.743240160334
2025-10-07 21:00:00,103.265844612636
2025-10-07 22:00:00,102.031376887746
2025-10-07 23:00:00,102.440248466554
2025-10-08 00:00:00,102.649975300959
2025-10-08 01:00:00,103.397798778222
2025-10-08 02:00:00,103.345488797276
2025-10-08 03:00:00,100.602316748936
2025-10-08 04:00:00,103.151395663622
2025-10-08 05:00:00,103.17531999943
2025-10-08 06:00:00,102.950615271547
2025-10-08 07:00:00,102.670872761646
2025-10-08 08:00:00,101.925034177866
2025-10-08 09:00:00,103.360945517849
2025-10-08 10:00:00,102.191027957359
2025-10-08 11:00:00,102.972152730734
2025-10-08 12:00:00,101.634756480655
2025-10-08 13:00:00,103.349642878015
2025-10-08 14:00:00,102.344005461294
2025-10-08 15:00:00,102.322394147513
2025-10-08 16:00:00,102.703303473785
2025-10-08 17:00:00,102.061687618164
2025-10-08 18:00:00,102.730453279356
2025-10-08 19:00:00,102.463660106159
2025-10-08 20:00:00,102.278896096546
2025-10-08 21:00:00,103.005842592729
2025-10-08 22:00:00,102.561908320087
2025-10-08 23:00:00,101.984024699467
2025-10-09 00:00:00,101.94622932298
2025-10-09 01:00:00,100.623709676046
2025-10-09 02:00:00,101.365113092744
2025-10-09 03:00:00,101.16723443145
2025-10-09 04:00:00,102.17198788648
2025-10-09 05:00:00,102.641511223583
2025-10-09 06:00:00,100.887009965517
2025-10-09 07:00:00,102.434503325584
2025-10-09 08:00:00,102.155340594647
2025-10-09 09:00:00,100.886745263178
2025-10-09 10:00:00,101.125757500933
2025-10-09 11:00:00,102.466286496937
2025-10-09 12:00:00,102.623698247863
2025-10-09 13:00:00,102.42204834651
2025-10-09 14:00:00,101.360223563105
2025-10-09 15:00:00,101.445294532124
2025-10-09 16:00:00,100.771670946776
2025-10-09 17:00:00,101.21350533624
2025-10-09 18:00:00,101.501667251838
2025-10-09 19:00:00,100.860167768623
2025-10-09 20:00:00,101.670079992626
2025-10-09 21:00:00,102.034414055539
2025-10-09 22:00:00,102.733491043134
2025-10-09 23:00:00,100.055787177919
2025-10-10 00:00:00,100.642100694392
2025-10-10 01:00:00,101.576209636176
2025-10-10 02:00:00,102.809294837215
2025-10-10 03:00:00,100.933535681626
2025-10-10 04:00:00,101.886293965705
2025-10-10 05:00:00,101.726805759556
2025-10-10 06:00:00,101.704177130131
2025-10-10 07:00:00,101.891671817752
2025-10-10 08:00:00,101.571034329494
2025-10-10 09:00:00,75.7763676773259
2025-10-10 10:00:00,102.592224002378
2025-10-10 11:00:00,101.513804956512
2025-10-10 12:00:00,101.789369132088
2025-10-10 13:00:00,103.167753624847
2025-10-10 14:00:00,101.478688769846
2025-10-10 15:00:00,100.584156383148
2025-10-10 16:00:00,101.638852889239
2025-10-10 17:00:00,102.088825777531
2025-10-10 18:00:00,100.064388172155
2025-10-10 19:00:00,102.300168675742
2025-10-10 20:00:00,102.793123901427
2025-10-10 21:00:00,100.050409816344
2025-10-10 22:00:00,101.018550851629
2025-10-11 08:00:00,100.239237276966
2025-10-11 09:00:00,100.489773957865
2025-10-11 10:00:00,100.695098251525
2025-10-11 11:00:00,101.976448981215
2025-10-11 12:00:00,100.775248006966
2025-10-11 13:00:00,99.8530951288666
2025-10-11 14:00:00,101.911191902924
2025-10-11 15:00:00,101.752419387046
2025-10-11 16:00:00,101.838221328364
2025-10-11 17:00:00,101.848208020519
2025-10-11 18:00:00,100.28576102058
2025-10-11 19:00:00,100.637963619634
2025-10-11 20:00:00,100.564555571818
2025-10-11 21:00:00,100.878718163336
2025-10-11 22:00:00,99.8778241255898
2025-10-11 23:00:00,102.089337898025
2025-10-12 00:00:00,99.2023423409559
2025-10-12 01:00:00,98.5959702321599
2025-10-12 02:00:00,99.4094845920856
2025-10-12 03:00:00,98.6196979772004
2025-10-12 04:00:00,99.0198874636672
2025-10-12 05:00:00,100.193623020334
2025-10-12 06:00:00,99.2388207062219
2025-10-12 07:00:00,98.6399344572156
2025-10-12 08:00:00,
2025-10-12 09:00:00,
2025-10-12 10:00:00,98.6275743282001
2025-10-12 11:00:00,98.3364582509056
2025-10-12 12:00:00,99.4211832412291
2025-10-12 13:00:00,99.5123557362825
2025-10-12 14:00:00,99.4859994659656
2025-10-12 15:00:00,99.008952468448
2025-10-12 16:00:00,99.0823108776007
2025-10-12 17:00:00,99.7320594852679
2025-10-12 18:00:00,99.9784961935364
2025-10-12 19:00:00,99.0183394370233
2025-10-12 20:00:00,98.6471545692192
2025-10-12 21:00:00,98.7845739681362
2025-10-12 22:00:00,98.331423663876
2025-10-12 23:00:00,100.272159177067
2025-10-13 00:00:00,97.8027165601391
2025-10-13 01:00:00,98.2417443480725
2025-10-13 02:00:00,98.1677504018519
2025-10-13 03:00:00,98.6584362025797
2025-10-13 04:00:00,98.3257757688664
2025-10-13 05:00:00,98.7972651488446
2025-10-13 06:00:00,98.4150629474572
2025-10-13 07:00:00,98.5895130593612
2025-10-13 08:00:00,97.9999485265934
2025-10-13 09:00:00,97.1836447335654
2025-10-13 16:00:00,98.0239498026773
2025-10-13 17:00:00,97.9490342931013
2025-10-13 18:00:00,98.0262183470261
2025-10-13 19:00:00,98.0847550121047
2025-10-13 20:00:00,97.4396783871074
2025-10-13 21:00:00,98.7610478345776
2025-10-13 22:00:00,98.9737077685779
2025-10-13 23:00:00,98.4674415301311
2025-10-14 00:00:00,97.8259687657994
2025-10-14 01:00:00,96.9259153672142
2025-10-14 02:00:00,97.3506985986189
2025-10-14 03:00:00,97.41404935012
2025-10-14 04:00:00,96.5124678356666
2025-10-14 05:00:00,96.586770116689
2025-10-14 06:00:00,72.7783009773599
2025-10-14 07:00:00,97.6526393940148
2025-10-14 08:00:00,96.6082864443456
2025-10-14 09:00:00,98.1455846470715
2025-10-14 10:00:00,97.9356467972374
2025-10-14 11:00:00,97.7935934251154
2025-10-14 12:00:00,98.1276575572261
2025-10-14 13:00:00,98.6871395869565
2025-10-14 14:00:00,98.0601082171482
2025-10-14 15:00:00,98.1077962684049
2025-10-16 15:00:00,96.5303731343757
2025-10-16 16:00:00,96.088989341772
2025-10-16 17:00:00,96.7126202552537
2025-10-16 18:00:00,97.4685564312795
2025-10-16 19:00:00,96.848331648692
2025-10-16 20:00:00,97.4494924260674
2025-10-16 21:00:00,97.8684046015582
2025-10-16 22:00:00,97.8249817792874
2025-10-16 23:00:00,
2025-10-17 00:00:00,
2025-10-17 01:00:00,95.8486042022045
2025-10-17 02:00:00,96.9050169527529
2025-10-17 03:00:00,96.3035042700679
2025-10-17 04:00:00,95.9853352734462
2025-10-17 05:00:00,96.7961504348311
2025-10-17 06:00:00,96.9500515964641
2025-10-17 07:00:00,95.3431941464983
2025-10-17 08:00:00,95.2407413937393
2025-10-17 09:00:00,95.7382691959134
2025-10-17 10:00:00,96.7282114389796
2025-10-17 22:00:00,97.3777245794633
2025-10-18 00:00:00,94.9816244744793
2025-10-18 01:00:00,95.7935803381497
2025-10-18 02:00:00,95.412088413188
2025-10-18 03:00:00,95.7566471175201
2025-10-18 04:00:00,96.3744274047115
2025-10-18 05:00:00,94.7340132483091
2025-10-18 06:00:00,96.1510500118104
2025-10-18 07:00:00,96.3450590916945
2025-10-18 08:00:00,95.5919559794997
2025-10-18 09:00:00,96.0286719934759
2025-10-18 10:00:00,95.4478186288249
2025-10-18 11:00:00,96.0748423433084
2025-10-18 12:00:00,95.101716826702
2025-10-18 13:00:00,95.2734686761609
2025-10-18 14:00:00,96.8311004755155
2025-10-18 15:00:00,96.5554102185662
2025-10-18 16:00:00,95.2808928902017
2025-10-18 17:00:00,96.1367989589083
2025-10-18 18:00:00,96.661893349199
2025-10-18 19:00:00,95.150549534823
2025-10-18 20:00:00,
2025-10-18 21:00:00,
2025-10-18 22:00:00,
2025-10-18 23:00:00,
2025-10-19 00:00:00,
2025-10-19 01:00:00,95.5286714322959
2025-10-19 02:00:00,94.8529489661457
2025-10-19 03:00:00,94.7358433711205
2025-10-19 04:00:00,96.1226444782967
2025-10-19 05:00:00,94.6896057322826
2025-10-19 06:00:00,94.9074413045898
2025-10-19 07:00:00,95.5892474445128
2025-10-19 08:00:00,94.8208696625967
2025-10-19 09:00:00,93.9062983562633
2025-10-19 10:00:00,96.3251636369436
2025-10-19 11:00:00,95.497404774923
2025-10-19 12:00:00,93.6646779765349
2025-10-19 13:00:00,94.8731232330703
2025-10-19 14:00:00,95.1990164256888
2025-10-19 15:00:00,94.6388238485503
2025-10-19 16:00:00,94.919636938956
2025-10-19 17:00:00,94.8200579117396
2025-10-19 18:00:00,95.951961084389
2025-10-19 19:00:00,94.5216093848671
2025-10-19 20:00:00,94.0310230461361
2025-10-19 21:00:00,95.2817585673584
2025-10-19 22:00:00,94.3239672577544
2025-10-19 23:00:00,94.6734095997308
2025-10-20 00:00:00,94.2891919391775
2025-10-20 01:00:00,93.5708906524872
2025-10-20 02:00:00,93.4523267945758
2025-10-20 03:00:00,94.996721565173
2025-10-20 04:00:00,93.1350664874736
2025-10-20 05:00:00,92.2507829307935
2025-10-20 06:00:00,93.9596650570209
2025-10-20 07:00:00,94.7189431256155
2025-10-20 09:00:00,93.6932480911603
2025-10-20 11:00:00,93.8616224824692
2025-10-20 22:00:00,93.2263319380421
2025-10-20 23:00:00,94.103146674641
2025-10-21 00:00:00,93.5232524015358
2025-10-21 01:00:00,92.465821971881
2025-10-21 02:00:00,93.3294350876225
2025-10-21 03:00:00,93.0912175210571
2025-10-21 04:00:00,92.9834144445834
2025-10-21 05:00:00,92.875255885067
2025-10-21 06:00:00,94.1157863503146
2025-10-21 07:00:00,93.9245464720053
2025-10-21 08:00:00,92.5724206000331
2025-10-21 09:00:00,92.7568787643468
2025-10-21 10:00:00,93.7364605343353
2025-10-21 11:00:00,93.5329368550966
2025-10-21 12:00:00,93.2923329350509
2025-10-21 13:00:00,94.2172599545577
2025-10-21 14:00:00,93.4218200545301
2025-10-21 16:00:00,93.493302704174
2025-10-21 17:00:00,93.657798341039
2025-10-21 18:00:00,92.0458799271288
2025-10-21 19:00:00,92.583536835315
2025-10-21 20:00:00,93.1136490946481
2025-10-21 21:00:00,93.6442300234819
2025-10-21 22:00:00,92.8745330862428
2025-10-21 23:00:00,92.0484763016575
2025-10-22 00:00:00,93.197341647126
2025-10-22 01:00:00,93.0188023213328
2025-10-22 02:00:00,92.7837025606231
2025-10-22 03:00:00,91.4121107130648
2025-10-22 04:00:00,93.4007677956775
2025-10-22 05:00:00,92.6937439670971
2025-10-22 06:00:00,91.7142457937175
2025-10-22 08:00:00,92.5875291557255
2025-10-22 09:00:00,93.0852769726815
2025-10-22 10:00:00,93.1308439239986
2025-10-22 11:00:00,92.3905174321
2025-10-22 12:00:00,91.5276110204183
2025-10-22 13:00:00,93.6885357280556
2025-10-22 14:00:00,93.0560890544773
2025-10-22 15:00:00,91.8503240850235
2025-10-22 16:00:00,91.3918671384184
2025-10-22 17:00:00,93.3023019316476
2025-10-22 18:00:00,91.7429261536771
2025-10-22 19:00:00,92.8506865879158
2025-10-22 20:00:00,92.7843241824256
2025-10-22 21:00:00,91.2083381140156
2025-10-22 22:00:00,93.3505248552104
2025-10-22 23:00:00,92.501854489426
2025-10-23 00:00:00,91.0658548062403
2025-10-23 01:00:00,91.7350201822352
2025-10-23 02:00:00,91.8353626689992
2025-10-23 03:00:00,92.4237947123865
2025-10-23 04:00:00,93.6803873035263
2025-10-23 05:00:00,91.978706362516
2025-10-23 06:00:00,93.0503807393038
2025-10-23 07:00:00,92.6692432217598
2025-10-23 08:00:00,91.9817750648591
2025-10-23 09:00:00,92.3085459625604
2025-10-23 10:00:00,92.3651051255218
2025-10-23 11:00:00,92.8427125467758
2025-10-23 12:00:00,90.9664752842841
2025-10-23 13:00:00,92.8163624350356
2025-10-23 14:00:00,91.5139787452701
2025-10-23 15:00:00,91.2851171967498
2025-10-23 16:00:00,93.5540964529517
2025-10-23 17:00:00,92.3493010167536
2025-10-23 18:00:00,92.7013267719681
2025-10-23 19:00:00,93.0466368090632
2025-10-23 20:00:00,92.9792962738095
2025-10-23 21:00:00,92.0249335591801
2025-10-23 22:00:00,92.2419478768963
2025-10-23 23:00:00,91.1866795868621
2025-10-24 00:00:00,91.7901376488183
2025-10-24 01:00:00,93.5578257602063
2025-10-24 02:00:00,92.0664261501853
2025-10-24 03:00:00,92.1914825828761
2025-10-24 04:00:00,91.4129730374163
2025-10-24 05:00:00,91.887312947871
2025-10-24 06:00:00,90.9271144925661
2025-10-24 08:00:00,91.5348177826508
2025-10-24 09:00:00,91.3149597365384
2025-10-24 10:00:00,91.5936314526808
2025-10-24 11:00:00,91.641084144453
2025-10-24 12:00:00,91.389169076425
2025-10-24 14:00:00,92.4429783157096
2025-10-24 23:00:00,92.0688249392016
2025-10-25 01:00:00,91.7289780873903
2025-10-25 02:00:00,90.8985943334916
2025-10-25 03:00:00,90.7732572283641
2025-10-25 04:00:00,91.1452964145654
2025-10-25 05:00:00,90.0500902816491
2025-10-25 06:00:00,91.7463636710671
2025-10-25 07:00:00,91.0982764737145
2025-10-25 08:00:00,90.6434734589162
2025-10-25 09:00:00,91.0929288349942
2025-10-25 10:00:00,91.0913941405621
2025-10-25 11:00:00,91.212611333514
2025-10-25 12:00:00,91.3204535784605
2025-10-25 13:00:00,92.2184110410409
2025-10-25 14:00:00,91.1892171356731
2025-10-25 15:00:00,91.4706089128302
2025-10-25 16:00:00,90.1635955342116
2025-10-25 17:00:00,91.2299867260339
2025-10-25 18:00:00,89.850004004267
2025-10-25 19:00:00,90.9563759309944
2025-10-25 20:00:00,104.930003222411
2025-10-25 21:00:00,91.1488950709068
2025-10-25 22:00:00,90.5154014770963
2025-10-25 23:00:00,90.7651750047739
2025-10-26 00:00:00,90.4100097729104
2025-10-26 01:00:00,91.6950365436451
2025-10-26 02:00:00,88.8974861528187
2025-10-26 03:00:00,90.4043750137121
2025-10-26 04:00:00,90.1241882541295
2025-10-26 05:00:00,90.6568576805871
2025-10-26 06:00:00,90.88768734755
2025-10-26 08:00:00,90.6237575538834
2025-10-26 09:00:00,89.960971630052
2025-10-26 10:00:00,90.1358719806346
2025-10-26 11:00:00,89.8364493490092
2025-10-26 12:00:00,91.2951040699472
2025-10-26 13:00:00,90.3512021543643
2025-10-26 14:00:00,89.7710360140914
2025-10-26 15:00:00,90.3031105672379
2025-10-26 16:00:00,91.1480537625604
2025-10-26 17:00:00,89.5383700628036
2025-10-26 18:00:00,90.7802108897743
2025-10-26 19:00:00,89.6347910822554
2025-10-26 20:00:00,89.1496617875795
2025-10-26 21:00:00,91.3615837985468
2025-10-26 22:00:00,90.8548840562873
2025-10-26 23:00:00,89.5367594766855
2025-10-27 00:00:00,89.8033731279953
2025-10-27 01:00:00,89.2615611043645
2025-10-27 02:00:00,88.9859955592738
2025-10-27 03:00:00,89.8917479466
2025-10-27 04:00:00,89.6394109764768
2025-10-27 05:00:00,90.8900705016728
2025-10-27 06:00:00,90.0295505049659
2025-10-27 07:00:00,88.9034845396709
2025-10-27 08:00:00,89.9075280160897
2025-10-27 09:00:00,89.2067168601738
2025-10-27 10:00:00,89.6542421285923
2025-10-27 11:00:00,89.8562508370224
2025-10-27 12:00:00,89.0995691710146
2025-10-27 13:00:00,90.0530513017881
2025-10-27 14:00:00,89.1747183011902
2025-10-27 15:00:00,90.2586338471227
2025-10-27 16:00:00,90.8963903150067
2025-10-27 17:00:00,90.2404067242911
2025-10-27 18:00:00,89.4334764938828
2025-10-27 19:00:00,91.1544834764268
2025-10-27 20:00:00,88.5628573991749
2025-10-27 21:00:00,89.8001874558199
2025-10-27 22:00:00,90.4992428471341
2025-10-27 23:00:00,89.8972664451811
2025-10-28 00:00:00,89.5671950822887
2025-10-28 01:00:00,90.3674673290389
2025-10-28 02:00:00,89.8265644792079
2025-10-28 03:00:00,89.159984912133
2025-10-28 04:00:00,89.1037182458408
2025-10-28 05:00:00,88.4355205935556
2025-10-28 06:00:00,88.7575076779279
2025-10-28 08:00:00,90.0830674448009
2025-10-28 09:00:00,88.8854717741438
2025-10-28 10:00:00,88.9808956438269
2025-10-28 11:00:00,88.5770182746513
2025-10-28 12:00:00,89.4466972366513
2025-10-28 13:00:00,88.8947176265856
2025-10-28 14:00:00,89.8579167386301
2025-10-28 16:00:00,88.9519191489492
2025-10-29 01:00:00,89.8005586788431
2025-10-29 03:00:00,89.7864688834729
2025-10-29 04:00:00,88.4554477102113
2025-10-29 05:00:00,88.4160586014766
2025-10-29 06:00:00,88.2421424768241
2025-10-29 07:00:00,88.3553866921199
2025-10-29 08:00:00,88.8800336863857
2025-10-29 09:00:00,89.5896044786345
2025-10-29 10:00:00,89.211138626588
2025-10-29 11:00:00,87.7183616622522
2025-10-29 12:00:00,88.8449869451214
2025-10-29 13:00:00,87.9589854671649
2025-10-29 14:00:00,89.674486216578
2025-10-29 15:00:00,88.9443780871599
2025-10-29 16:00:00,88.8039744024995
2025-10-29 17:00:00,89.3375802325806
2025-10-29 18:00:00,88.0626790076722
2025-10-29 19:00:00,86.9145451221437
2025-10-29 20:00:00,88.1273812304003
2025-10-29 21:00:00,88.9605287662783
2025-10-29 22:00:00,88.3092779839199
2025-10-29 23:00:00,88.8242336545325
2025-10-30 00:00:00,87.1337723546171
2025-10-30 01:00:00,88.6529394525299
2025-10-30 02:00:00,87.0328967271462
2025-10-30 03:00:00,86.758974057393
2025-10-30 04:00:00,86.214721408661
2025-10-30 05:00:00,88.0771901487003
2025-10-30 06:00:00,87.5277267294931
2025-10-30 08:00:00,87.2593768456947
2025-10-30 09:00:00,88.0020530398582
2025-10-30 10:00:00,87.9331303824416
2025-10-30 11:00:00,87.8773831718281
2025-10-30 12:00:00,87.1739810675766
2025-10-30 13:00:00,88.0432113609273
2025-10-30 14:00:00,87.9756094594209
2025-10-30 15:00:00,86.2881712264981
2025-10-30 16:00:00,89.1787824826785
2025-10-30 17:00:00,88.3236008496243
2025-10-30 18:00:00,87.7165759250945
2025-10-30 19:00:00,87.6542401132518
2025-10-30 20:00:00,88.8393231654838
2025-10-30 21:00:00,87.5322971969454
2025-10-30 22:00:00,87.8541575713647
2025-10-30 23:00:00,88.6533754173986
2025-10-31 00:00:00,86.93100531856
2025-10-31 01:00:00,86.4042284806889
2025-10-31 02:00:00,86.3333328793789
2025-10-31 03:00:00,87.0063455319867
2025-10-31 04:00:00,87.9148755646206
2025-10-31 05:00:00,87.2247843788524
2025-10-31 06:00:00,87.1391157929142
2025-10-31 07:00:00,87.6077990198614
2025-10-31 08:00:00,87.1118838334466
2025-10-31 09:00:00,86.9341756015647
2025-10-31 10:00:00,86.8177087020365
2025-10-31 11:00:00,87.6770044526301
2025-10-31 12:00:00,86.0997690167356
2025-10-31 13:00:00,86.4816930363757
2025-10-31 14:00:00,87.5270114555182
2025-10-31 15:00:00,87.9358727997901
2025-10-31 16:00:00,86.589930051211
2025-10-31 17:00:00,87.3340119401616
2025-10-31 18:00:00,87.4887025300776
2025-10-31 19:00:00,86.7286624927127
2025-10-31 20:00:00,87.9744598527846
2025-10-31 21:00:00,87.4760808440798
2025-10-31 22:00:00,87.2360059445348
2025-10-31 23:00:00,87.4712245521242
2025-11-01 00:00:00,86.6493254881097
2025-11-01 01:00:00,86.6293839031398
2025-11-01 02:00:00,86.137226995229
2025-11-01 03:00:00,87.045641495521
2025-11-01 04:00:00,86.0978114637618
2025-11-01 05:00:00,88.4978663812304
2025-11-01 06:00:00,86.7016659455373
2025-11-01 07:00:00,
2025-11-02 04:00:00,
2025-11-02 12:00:00,
2025-11-02 13:00:00,
2025-11-02 14:00:00,
2025-11-02 15:00:00,
2025-11-02 16:00:00,
2025-11-02 17:00:00,
2025-11-02 18:00:00,
2025-11-02 19:00:00,
2025-11-02 20:00:00,
2025-11-02 21:00:00,
2025-11-02 22:00:00,
2025-11-02 23:00:00,
2025-11-03 00:00:00,105.491764723444
2025-11-03 01:00:00,105.217603099345
2025-11-03 02:00:00,105.730927679204
2025-11-03 03:00:00,105.316835646315
2025-11-03 04:00:00,105.120651384719
2025-11-03 05:00:00,105.398024181174
2025-11-03 06:00:00,
2025-11-03 07:00:00,
2025-11-03 09:00:00,105.150578263719
2025-11-03 11:00:00,105.862548224772
2025-11-03 12:00:00,105.312803232059
2025-11-03 13:00:00,104.779982615671
2025-11-03 14:00:00,105.559971510164
2025-11-03 15:00:00,105.580514536325
2025-11-03 16:00:00,105.237159846072
2025-11-03 17:00:00,105.595396123646
2025-11-03 18:00:00,105.72363703791
2025-11-03 19:00:00,105.420895958532
2025-11-03 20:00:00,105.137541397666
2025-11-03 21:00:00,121.086217086194
2025-11-03 22:00:00,105.10793638585
2025-11-03 23:00:00,79.6816283714695
2025-11-04 00:00:00,104.482169270786
2025-11-04 01:00:00,104.910725985809
2025-11-04 02:00:00,105.531723913381
2025-11-04 03:00:00,104.532734014966
2025-11-04 04:00:00,105.273655926457
2025-11-04 05:00:00,104.885707293793
2025-11-04 06:00:00,104.631372668252
2025-11-04 07:00:00,104.309684483265
2025-11-04 08:00:00,105.043586419849
2025-11-04 09:00:00,104.830819470533
2025-11-04 10:00:00,105.21613918334
2025-11-04 11:00:00,105.539877135586
2025-11-04 12:00:00,104.941736222484
2025-11-04 13:00:00,104.553626303583
2025-11-04 14:00:00,104.66628623547
2025-11-04 15:00:00,104.584597695083
2025-11-04 16:00:00,104.641718266727
2025-11-04 17:00:00,104.616592330717
2025-11-04 18:00:00,105.396651054308
2025-11-04 19:00:00,105.425138613765
2025-11-04 20:00:00,104.632726139345
2025-11-04 21:00:00,104.714194618671
2025-11-04 22:00:00,105.085045121801
2025-11-04 23:00:00,104.833280310941
2025-11-05 00:00:00,104.702986776163
2025-11-05 01:00:00,104.1809368833
2025-11-05 02:00:00,103.49688291464
2025-11-05 03:00:00,104.661058793666
2025-11-05 04:00:00,104.403940681982
2025-11-05 06:00:00,103.288530937539
2025-11-05 15:00:00,103.712967256884
2025-11-05 16:00:00,104.234616301003
2025-11-05 17:00:00,103.799150162991
2025-11-05 18:00:00,104.372731030758
2025-11-05 19:00:00,103.590595201355
2025-11-05 20:00:00,103.386507879096
2025-11-05 21:00:00,103.872569627443
2025-11-05 22:00:00,104.133384238555
2025-11-05 23:00:00,104.198998159027
2025-11-06 00:00:00,102.013553863923
2025-11-06 01:00:00,103.698076213914
2025-11-06 02:00:00,103.798184587143
2025-11-06 03:00:00,102.251574025211
2025-11-06 04:00:00,103.251425417703
2025-11-06 05:00:00,103.484554237371
2025-11-06 06:00:00,115.003875253538
2025-11-06 07:00:00,102.773838566801
2025-11-06 08:00:00,103.175254184396
2025-11-06 09:00:00,102.733281840127
2025-11-06 10:00:00,102.689579913099
2025-11-06 11:00:00,102.475676459415
2025-11-06 12:00:00,103.267420948493
2025-11-06 13:00:00,103.608002258965
2025-11-06 14:00:00,102.559374660567
2025-11-06 15:00:00,103.076231474683
2025-11-06 16:00:00,103.176244785375
2025-11-06 17:00:00,103.270038084899
2025-11-06 18:00:00,102.580829024832
2025-11-06 19:00:00,102.015073195735
2025-11-06 20:00:00,103.157775596205
2025-11-06 21:00:00,102.41474732013
2025-11-06 22:00:00,103.669297003382
2025-11-06 23:00:00,102.876435309145
2025-11-07 00:00:00,102.43010196917
2025-11-07 01:00:00,102.034757981996
2025-11-07 02:00:00,102.682371022022
2025-11-07 03:00:00,102.10542751236
2025-11-07 04:00:00,102.541589168654
2025-11-07 05:00:00,103.427500027706
2025-11-07 06:00:00,103.48160099241
2025-11-07 07:00:00,102.351765052864
2025-11-07 09:00:00,104.067706595528
2025-11-07 10:00:00,103.110141702282
2025-11-07 11:00:00,102.876339989646
2025-11-07 12:00:00,102.632887311716
2025-11-07 13:00:00,102.469341365344
2025-11-07 14:00:00,102.567682253175
2025-11-07 15:00:00,103.861263770916
2025-11-07 16:00:00,102.089152463817
2025-11-07 17:00:00,101.942604044085
2025-11-07 18:00:00,102.952547764575
2025-11-07 19:00:00,102.623777764935
2025-11-07 20:00:00,102.576160492625
2025-11-07 21:00:00,103.481137967803
2025-11-07 22:00:00,103.039360703825
2025-11-07 23:00:00,103.337414874779
2025-11-08 00:00:00,103.07536618381
2025-11-08 01:00:00,101.7840458384
2025-11-08 02:00:00,103.236057545084
2025-11-08 03:00:00,102.514709450675
2025-11-08 04:00:00,
2025-11-08 05:00:00,
2025-11-08 06:00:00,
2025-11-08 07:00:00,
2025-11-08 08:00:00,
2025-11-08 09:00:00,102.283264639168
2025-11-08 10:00:00,103.448600069042
2025-11-08 11:00:00,103.748716084875
2025-11-08 12:00:00,102.972311876085
2025-11-08 13:00:00,103.183456782298
2025-11-08 14:00:00,102.434221151557
2025-11-08 15:00:00,102.923772239696
2025-11-08 16:00:00,102.245985858309
2025-11-08 17:00:00,102.329942081467
2025-11-08 18:00:00,102.913397465347
2025-11-08 19:00:00,102.564646637118
2025-11-08 20:00:00,102.495753996351
2025-11-08 21:00:00,102.991959126829
2025-11-08 22:00:00,102.578845759306
2025-11-08 23:00:00,102.973282433585
2025-11-09 00:00:00,101.081323417901
2025-11-09 01:00:00,102.01000309984
2025-11-09 02:00:00,102.50710389751
2025-11-09 03:00:00,109.39883326465
2025-11-09 04:00:00,102.446941585221
2025-11-09 05:00:00,101.982364858514
2025-11-09 06:00:00,75.0799300620616
2025-11-09 08:00:00,101.40213347744
2025-11-09 09:00:00,102.183096512919
2025-11-09 10:00:00,101.883239325639
2025-11-09 11:00:00,103.418914412754
2025-11-09 12:00:00,101.552626672574
2025-11-09 13:00:00,101.84253870408
2025-11-09 14:00:00,101.255383158167
2025-11-09 15:00:00,102.234915652854
2025-11-09 16:00:00,102.797289242198
2025-11-09 17:00:00,102.452859778231
2025-11-09 18:00:00,102.422159931475
2025-11-09 19:00:00,100.157272168204
2025-11-09 20:00:00,102.790991484449
2025-11-09 21:00:00,103.228299703197
2025-11-09 22:00:00,102.728082393625
2025-11-09 23:00:00,102.289902706976
2025-11-10 00:00:00,102.980388003276
2025-11-10 01:00:00,102.305063446217
2025-11-10 02:00:00,101.182650097395
2025-11-10 03:00:00,101.285920690805
2025-11-10 04:00:00,101.073027726856
2025-11-10 05:00:00,101.844999382752
2025-11-10 06:00:00,101.703643557895
2025-11-10 07:00:00,99.6666599617717
2025-11-10 08:00:00,101.478928094469
2025-11-10 10:00:00,100.332975076205
2025-11-10 11:00:00,100.945197517514
2025-11-10 12:00:00,100.90049847126
2025-11-10 13:00:00,101.383897634461
2025-11-10 15:00:00,101.094161262141
2025-11-10 16:00:00,100.597924680368
2025-11-10 17:00:00,100.249523544112
2025-11-10 18:00:00,101.173880095016
2025-11-10 19:00:00,101.855076986884
2025-11-10 20:00:00,102.267742246236
2025-11-10 21:00:00,100.507986870615
2025-11-10 22:00:00,100.202757037293
2025-11-10 23:00:00,100.455084427302
2025-11-11 00:00:00,99.9191733910226
2025-11-11 01:00:00,114.476555116794
2025-11-11 12:00:00,99.6401884148254
2025-11-11 13:00:00,100.800712069412
2025-11-11 14:00:00,101.440906543953
2025-11-11 15:00:00,
2025-11-11 16:00:00,
2025-11-11 17:00:00,
2025-11-11 18:00:00,99.3666006868932
2025-11-11 19:00:00,100.59545977477
2025-11-11 20:00:00,100.274438534222
2025-11-11 21:00:00,100.588597144874
2025-11-11 22:00:00,100.209985031029
2025-11-11 23:00:00,99.2559110133254
2025-11-12 00:00:00,99.7934924308633
2025-11-12 01:00:00,99.8634612380475
2025-11-12 02:00:00,101.683081547162
2025-11-12 03:00:00,98.9480182862123
2025-11-12 04:00:00,100.085100117898
2025-11-12 05:00:00,100.483254340084
2025-11-12 06:00:00,100.58533462701
2025-11-12 07:00:00,99.435441031542
2025-11-12 08:00:00,99.976264609623
2025-11-12 09:00:00,99.0643908029124
2025-11-12 10:00:00,99.3012675967844
2025-11-12 11:00:00,100.002234767259
2025-11-12 12:00:00,99.1430132755874
2025-11-12 13:00:00,99.5998408686078
2025-11-12 14:00:00,100.32781771789
2025-11-12 15:00:00,99.5577843246859
2025-11-12 16:00:00,99.5578989487812
2025-11-12 17:00:00,99.5235045698216
2025-11-12 18:00:00,100.09497063554
2025-11-12 19:00:00,82.0921015754234
2025-11-12 20:00:00,99.1942750358295
2025-11-12 21:00:00,100.006639989066
2025-11-12 22:00:00,99.5206899747325
2025-11-12 23:00:00,99.6532791629559
2025-11-13 00:00:00,99.1134071569689
2025-11-13 01:00:00,98.6196482407861
2025-11-13 02:00:00,99.1704502730604
2025-11-13 03:00:00,99.2781625980322
2025-11-13 04:00:00,99.2569703166346
2025-11-13 05:00:00,99.3721387525724
2025-11-13 06:00:00,98.9915751484386
2025-11-13 07:00:00,99.9300185074519
2025-11-13 08:00:00,99.7211220793399
2025-11-13 09:00:00,100.618848137467
2025-11-13 10:00:00,97.0493387514886
2025-11-13 11:00:00,99.340866257892
2025-11-13 12:00:00,79.570432145254
2025-11-13 13:00:00,99.4012981705558
2025-11-13 14:00:00,99.0489210159467
2025-11-13 15:00:00,97.6575553630224
2025-11-13 16:00:00,98.6188915620562
2025-11-13 17:00:00,99.9986485042414
2025-11-13 18:00:00,98.511504113178
2025-11-13 19:00:00,98.9490697167215
2025-11-13 20:00:00,99.0547338256715
2025-11-13 21:00:00,99.4542044521197
2025-11-13 22:00:00,100.040838011666
2025-11-13 23:00:00,100.247198262003
2025-11-14 00:00:00,97.788311682508
2025-11-14 01:00:00,98.4660423362217
2025-11-14 02:00:00,97.1939520194805
2025-11-14 03:00:00,98.0917984624567
2025-11-14 04:00:00,98.2003391079677
2025-11-14 05:00:00,97.6623381795501
2025-11-14 06:00:00,98.2580827678512
2025-11-14 07:00:00,99.3682670545329
2025-11-14 08:00:00,98.404804415135
2025-11-14 09:00:00,97.8741986346434
2025-11-14 10:00:00,98.1628228550137
2025-11-14 11:00:00,100.097789065195
2025-11-14 12:00:00,97.3353178682233
2025-11-14 13:00:00,98.6532102741694
2025-11-14 14:00:00,98.1247885720353
2025-11-14 15:00:00,99.6460166544307
2025-11-14 16:00:00,97.8163950110486
2025-11-14 17:00:00,97.1847966865412
2025-11-14 18:00:00,97.1537805867195
2025-11-14 19:00:00,98.3002074931574
2025-11-14 20:00:00,98.6121986795911
2025-11-14 21:00:00,97.4068091263343
2025-11-14 22:00:00,98.279256833098
2025-11-14 23:00:00,96.985154304528
2025-11-15 00:00:00,99.0370868905975
2025-11-15 01:00:00,99.0183594269712
2025-11-15 02:00:00,97.5497077671703
2025-11-15 03:00:00,97.5586010517177
2025-11-15 04:00:00,96.8088529099174
2025-11-15 05:00:00,98.1662828032375
2025-11-15 06:00:00,97.0224376053008
2025-11-15 07:00:00,98.6765123700343
2025-11-15 08:00:00,96.312036258627
2025-11-15 09:00:00,96.1413652006254
2025-11-15 10:00:00,97.8152942027897
2025-11-15 11:00:00,97.3538125703377
2025-11-15 12:00:00,97.7363737580567
2025-11-15 13:00:00,97.5676916897427
2025-11-15 14:00:00,97.5455520559223
2025-11-15 15:00:00,96.9533695112782
2025-11-15 16:00:00,96.4788537985999
2025-11-15 17:00:00,97.3114470524348
2025-11-16 05:00:00,97.5850115115202
2025-11-16 06:00:00,97.1847810966744
2025-11-16 07:00:00,97.024478793783
2025-11-16 08:00:00,96.4424964214574
2025-11-16 09:00:00,
2025-11-16 10:00:00,96.7225231310336
2025-11-16 11:00:00,96.574759696272
2025-11-16 12:00:00,97.7465299296186
2025-11-16 13:00:00,95.1203415654523
2025-11-16 14:00:00,96.9553447855094
2025-11-16 15:00:00,96.1110748499832
2025-11-16 16:00:00,97.342248908103
2025-11-16 17:00:00,97.1059626731558
2025-11-16 18:00:00,98.0802552639618
2025-11-16 19:00:00,96.4961139255115
2025-11-16 20:00:00,97.3298237210677
2025-11-16 21:00:00,96.8420313170459
2025-11-16 22:00:00,96.2160808276291
2025-11-16 23:00:00,97.7204429349394
2025-11-17 00:00:00,95.7778881115846
2025-11-17 01:00:00,95.0142788015725
2025-11-17 02:00:00,97.7182167310166
2025-11-17 03:00:00,96.7752739398366
2025-11-17 04:00:00,96.1951155379177
2025-11-17 05:00:00,95.4569409018033
2025-11-17 06:00:00,96.4596914753154
2025-11-17 07:00:00,96.6358763754061
2025-11-17 09:00:00,96.4455599405573
2025-11-17 10:00:00,95.9858731702408
2025-11-17 11:00:00,96.4560322542077
2025-11-17 12:00:00,95.9969988821271
2025-11-17 13:00:00,95.7572920789385
2025-11-17 14:00:00,94.9495851508151
2025-11-17 15:00:00,95.6459576984012
2025-11-17 16:00:00,95.0576913053205
2025-11-17 17:00:00,95.7208606545659
2025-11-17 18:00:00,96.2476339373917
2025-11-17 19:00:00,95.3548707491608
2025-11-17 20:00:00,96.874826723066
2025-11-17 21:00:00,96.030920241811
2025-11-17 22:00:00,95.5094977201936
2025-11-17 23:00:00,97.5891052606905
2025-11-18 00:00:00,95.4694777449583
2025-11-18 01:00:00,96.093352153808
2025-11-18 02:00:00,95.0496781403045
2025-11-18 03:00:00,94.6489906197823
2025-11-18 04:00:00,94.5494985373019
2025-11-18 05:00:00,93.7632423906278
2025-11-18 06:00:00,94.5222574447502
2025-11-18 07:00:00,95.258199568703
2025-11-18 08:00:00,94.0224147842937
2025-11-18 09:00:00,95.0718430364318
2025-11-18 10:00:00,95.4409006831543
2025-11-18 11:00:00,94.7590210192578
2025-11-18 12:00:00,95.1313677759884
2025-11-18 13:00:00,95.217087768643
2025-11-18 14:00:00,96.4135851538754
2025-11-18 15:00:00,94.8886576545021
2025-11-18 16:00:00,94.9762456706728
2025-11-18 17:00:00,96.4407636433665
2025-11-18 18:00:00,95.1966399113769
2025-11-18 19:00:00,95.1829462967973
2025-11-18 20:00:00,93.7857503791195
2025-11-18 21:00:00,96.6778315577218
2025-11-18 22:00:00,94.6683831429509
2025-11-18 23:00:00,94.8792104723858
2025-11-19 00:00:00,95.8629503766007
2025-11-19 01:00:00,94.7995461336471
2025-11-19 02:00:00,93.7961900929183
2025-11-19 03:00:00,94.8105542657316
2025-11-19 04:00:00,95.5578692506156
2025-11-19 05:00:00,95.1558872838023
2025-11-19 06:00:00,96.4499653225567
2025-11-19 07:00:00,95.9006415666361
2025-11-19 08:00:00,94.4610125073442
2025-11-19 09:00:00,95.1648962256384
2025-11-19 10:00:00,94.4673033543028
2025-11-19 11:00:00,94.6022881994537
2025-11-19 12:00:00,95.3401223312871
2025-11-19 13:00:00,96.5561647132434
2025-11-19 14:00:00,94.7862190872782
2025-11-19 15:00:00,94.6742489531876
2025-11-19 16:00:00,96.579324846449
2025-11-19 17:00:00,94.7558338214615
2025-11-19 18:00:00,95.1336167620445
2025-11-19 19:00:00,95.6276430535885
2025-11-19 20:00:00,94.1269876916601
2025-11-19 21:00:00,95.0625115530145
2025-11-19 22:00:00,95.2935529407978
2025-11-19 23:00:00,95.5900064904366
2025-11-20 00:00:00,94.8896920430638
2025-11-20 01:00:00,94.3062533855935
2025-11-20 02:00:00,96.9787386284108
2025-11-20 03:00:00,96.4335828829068
2025-11-20 04:00:00,95.4762408474522
2025-11-20 05:00:00,95.0453570338227
2025-11-20 06:00:00,95.4781066094563
2025-11-20 07:00:00,94.3223455584804
2025-11-20 08:00:00,95.099117644659
2025-11-20 09:00:00,94.7182654856158
2025-11-20 10:00:00,94.8601699562539
2025-11-20 11:00:00,95.580673445351
2025-11-20 12:00:00,94.4866365673731
2025-11-20 13:00:00,94.3842949589987
2025-11-20 14:00:00,94.3908707206896
2025-11-20 15:00:00,95.4549841466695
2025-11-20 16:00:00,95.7827435488401
2025-11-20 17:00:00,94.4150746983687
2025-11-20 18:00:00,93.7919770945073
2025-11-20 19:00:00,92.8669508511898
2025-11-20 20:00:00,94.8644605802388
2025-11-20 21:00:00,94.4239348834899
2025-11-20 22:00:00,94.1965447913232
2025-11-20 23:00:00,93.4928833044661
2025-11-21 00:00:00,94.9862177530305
2025-11-21 01:00:00,95.4164284304708
2025-11-21 02:00:00,94.6403882822849
2025-11-21 03:00:00,94.4329568403699
2025-11-21 04:00:00,94.434044494295
2025-11-21 15:00:00,95.6334313386981
2025-11-21 16:00:00,94.1637713164306
2025-11-21 17:00:00,94.9297637210249
2025-11-21 18:00:00,94.3163349519847
2025-11-21 19:00:00,94.8222811134696
2025-11-21 20:00:00,94.2404931348577
2025-11-21 21:00:00,95.8278525213704
2025-11-21 22:00:00,93.6399787730064
2025-11-21 23:00:00,93.5845917657373
2025-11-22 00:00:00,95.0014533783727
2025-11-22 01:00:00,94.8371228345176
2025-11-22 02:00:00,92.8952452090086
2025-11-22 03:00:00,94.0217247075212
2025-11-22 04:00:00,95.1299445746748
2025-11-22 05:00:00,94.9138471375067
2025-11-22 06:00:00,92.3282426579184
2025-11-22 07:00:00,95.4187586085378
2025-11-22 08:00:00,94.9386269070234
2025-11-22 09:00:00,94.7908590621744
2025-11-22 10:00:00,93.1681350156158
2025-11-22 11:00:00,93.9701744901213
2025-11-22 12:00:00,93.868959688141
2025-11-22 13:00:00,94.6569020725065
2025-11-22 14:00:00,93.0942081250842
2025-11-22 15:00:00,94.6865877925154
2025-11-22 16:00:00,94.3873238915653
2025-11-22 17:00:00,93.1475584690525
2025-11-22 18:00:00,94.2808439680242
2025-11-22 19:00:00,94.9027221634058
2025-11-22 20:00:00,93.3148185378172
2025-11-22 21:00:00,93.0374448994518
2025-11-22 22:00:00,92.996334402607
2025-11-22 23:00:00,94.90020258823
2025-11-23 00:00:00,93.1616669089787
2025-11-23 01:00:00,93.1820291052957
2025-11-23 02:00:00,93.2181692594783
2025-11-23 03:00:00,93.1537290685456
2025-11-23 04:00:00,92.6562233314283
2025-11-23 05:00:00,93.3683317477382
2025-11-23 06:00:00,92.7807889347766
2025-11-23 07:00:00,92.0965119652991
2025-11-23 08:00:00,92.7880356955712
2025-11-23 09:00:00,93.1278478912623
2025-11-23 10:00:00,94.1411493403866
2025-11-23 11:00:00,92.6819560189674
2025-11-23 12:00:00,93.1035929806101
2025-11-23 13:00:00,93.124613319657
2025-11-23 14:00:00,93.6251925251752
2025-11-23 15:00:00,92.4995491548601
2025-11-23 16:00:00,92.9017042255522
2025-11-23 17:00:00,91.8929268192233
2025-11-23 18:00:00,92.7228653079002
2025-11-23 19:00:00,91.9231339283042
2025-11-23 20:00:00,92.6169132284533
2025-11-23 21:00:00,92.0086706227034
2025-11-23 22:00:00,92.5088664022143
2025-11-23 23:00:00,92.3397477675359
2025-11-24 00:00:00,91.4255494505257
2025-11-24 01:00:00,92.6921184890997
2025-11-24 02:00:00,92.8449423295367
2025-11-24 03:00:00,92.0906497903945
2025-11-24 04:00:00,92.2399942536758
2025-11-24 05:00:00,92.1075548217033
2025-11-24 06:00:00,91.0959395400854
2025-11-24 07:00:00,91.7527134431459
2025-11-24 08:00:00,91.7859176185198
2025-11-24 09:00:00,92.3302359182414
2025-11-24 10:00:00,90.8383528324486
2025-11-24 11:00:00,90.9906932958744
2025-11-24 12:00:00,91.5305410912799
2025-11-24 13:00:00,92.5362066954124
2025-11-24 14:00:00,91.1338101184988
2025-11-24 15:00:00,92.22646419576
2025-11-24 16:00:00,91.794054423836
2025-11-24 17:00:00,90.739601248553
2025-11-24 18:00:00,92.3041183288241
2025-11-24 19:00:00,91.485267614229
2025-11-24 20:00:00,93.105189302014
2025-11-24 21:00:00,91.5545709154036
2025-11-24 22:00:00,91.634940154643
2025-11-24 23:00:00,92.2723844146655
2025-11-25 00:00:00,91.6179954846336
2025-11-25 01:00:00,91.0177955519701
2025-11-25 02:00:00,92.0283912845577
2025-11-25 03:00:00,91.8633354861482
2025-11-25 04:00:00,91.786314977012
2025-11-25 05:00:00,91.6717432386652
2025-11-25 06:00:00,91.2085811877037
2025-11-25 18:00:00,75.4642291136228
2025-11-25 19:00:00,90.9183946601091
2025-11-25 20:00:00,89.9349861242385
2025-11-25 21:00:00,91.6962718669593
2025-11-25 22:00:00,90.7947282481004
2025-11-25 23:00:00,91.7950018213471
2025-11-26 00:00:00,90.5141234876369
2025-11-26 01:00:00,90.8360857912893
2025-11-26 02:00:00,91.8578502464933
2025-11-26 03:00:00,92.0362301150553
2025-11-26 04:00:00,90.9927895097944
2025-11-26 05:00:00,91.0416343768274
2025-11-26 06:00:00,90.8123682838369
2025-11-26 07:00:00,91.4730139991881
2025-11-26 08:00:00,
2025-11-26 09:00:00,90.6344253959558
2025-11-26 10:00:00,91.6920163766378
2025-11-26 11:00:00,90.9644969262583
2025-11-26 12:00:00,91.0830145186802
2025-11-26 13:00:00,90.5608200896738
2025-11-26 14:00:00,90.8903897285598
2025-11-26 15:00:00,90.5553760929288
2025-11-26 16:00:00,92.0222342906251
2025-11-26 17:00:00,91.0798031489869
2025-11-26 18:00:00,90.2743549540785
2025-11-26 19:00:00,93.1591759208198
2025-11-26 20:00:00,90.6900274651671
2025-11-26 21:00:00,91.8146822970139
2025-11-26 22:00:00,90.6392949060589
2025-11-26 23:00:00,64.4425939103618
2025-11-27 00:00:00,89.7099663682162
2025-11-27 01:00:00,90.5397961317109
2025-11-27 02:00:00,91.3034252059662
2025-11-27 03:00:00,91.1231391259776
2025-11-27 04:00:00,90.5470030049111
2025-11-27 05:00:00,91.6477610439744
2025-11-27 06:00:00,89.9238320155491
2025-11-27 07:00:00,90.1344281669709
2025-11-27 09:00:00,90.8491144798045
2025-11-27 10:00:00,90.3087835070992
2025-11-27 11:00:00,91.8174503260887
2025-11-27 12:00:00,89.4685495700191
2025-11-27 13:00:00,91.0478269425745
2025-11-27 14:00:00,91.4557185087772
2025-11-27 15:00:00,108.289782834074
2025-11-27 16:00:00,89.9354854371128
2025-11-27 17:00:00,91.0020399740973
2025-11-27 18:00:00,91.0487168482837
2025-11-27 19:00:00,89.6368100794235
2025-11-27 20:00:00,90.5993481095511
2025-11-27 21:00:00,90.5220911153789
2025-11-27 22:00:00,91.3819510547291
2025-11-27 23:00:00,90.8196887365695
2025-11-28 00:00:00,89.3129105778323
2025-11-28 01:00:00,90.2573452298378
2025-11-28 02:00:00,91.0659728795763
2025-11-28 03:00:00,90.3419487780349
2025-11-28 04:00:00,90.1407287238058
2025-11-28 05:00:00,90.6610381308591
2025-11-28 06:00:00,91.7222944279956
2025-11-28 07:00:00,90.4993223536028
2025-11-28 08:00:00,90.9026951057709
2025-11-28 09:00:00,90.3080072231633
2025-11-28 10:00:00,90.8932423244889
2025-11-28 11:00:00,90.555628929044
2025-11-28 12:00:00,89.9973455387147
2025-11-28 13:00:00,90.3568237928173
2025-11-28 14:00:00,90.9163603460642
2025-11-28 15:00:00,89.2845128664711
2025-11-28 16:00:00,91.0382430833321
2025-11-28 17:00:00,90.8860201255046
2025-11-28 18:00:00,90.6046830606148
2025-11-28 19:00:00,90.2608311243482
2025-11-28 20:00:00,90.8658500402303
2025-11-28 21:00:00,89.8775997829176
2025-11-28 22:00:00,89.8214769115159
2025-11-28 23:00:00,89.833020629316
2025-11-29 00:00:00,89.2508658810349
2025-11-29 01:00:00,89.8250927301135
2025-11-29 02:00:00,90.335832750461
2025-11-29 03:00:00,89.2268550588226
2025-11-29 04:00:00,90.0303078935649
2025-11-29 06:00:00,89.8042023443134
2025-11-29 07:00:00,88.5103480586342
2025-11-29 08:00:00,90.7690051586315
2025-11-29 20:00:00,88.4419856988136
2025-11-29 21:00:00,89.3657978481253
2025-11-29 22:00:00,90.5080459914635
2025-11-29 23:00:00,89.3523470994202
2025-11-30 00:00:00,87.9794374833545
2025-11-30 01:00:00,89.1764079188203
2025-11-30 02:00:00,89.0576909851855
2025-11-30 03:00:00,89.7139016952961
2025-11-30 04:00:00,89.5319223531631
2025-11-30 05:00:00,88.6564857386928
2025-11-30 06:00:00,87.7008795035004
2025-11-30 07:00:00,89.8314509038428
2025-11-30 08:00:00,88.6795764244381
2025-11-30 09:00:00,
2025-11-30 10:00:00,88.5162632061176
2025-11-30 11:00:00,89.5788231191733
2025-11-30 12:00:00,88.2030558140021
2025-11-30 13:00:00,88.2107156580519
2025-11-30 14:00:00,89.3058230084986
2025-11-30 15:00:00,89.8700343909122
2025-11-30 16:00:00,89.1676963978577
2025-11-30 17:00:00,89.0436150185975
2025-11-30 18:00:00,88.9289746937784
2025-11-30 19:00:00,88.295485520457
2025-11-30 20:00:00,88.0570482475358
2025-11-30 21:00:00,89.2350890201475
2025-11-30 22:00:00,90.2431533405425
2025-12-01 00:00:00,88.2529703997448
2025-12-01 01:00:00,88.0622971640106
2025-12-01 02:00:00,88.4887009285768
2025-12-01 03:00:00,87.884521132682
2025-12-01 04:00:00,89.1074869443761
2025-12-01 05:00:00,88.8656402430379
2025-12-01 06:00:00,88.5046445540006
2025-12-01 07:00:00,88.4866870037536
2025-12-01 08:00:00,88.0785748775808
2025-12-01 09:00:00,87.6747018420029
2025-12-01 10:00:00,88.4422433989403
2025-12-01 11:00:00,88.6393184115647
2025-12-01 12:00:00,88.3612743708062
2025-12-01 23:00:00,88.0226915423453
2025-12-02 00:00:00,87.6026370909264
2025-12-02 01:00:00,87.8857535997617
2025-12-02 02:00:00,88.1281617424973
2025-12-02 03:00:00,87.8920697970889
2025-12-02 04:00:00,88.5579767643223
2025-12-02 05:00:00,87.8214228486366
2025-12-02 06:00:00,88.0945521706252
2025-12-02 07:00:00,87.8306227454793
2025-12-02 08:00:00,88.1502000219232
2025-12-02 09:00:00,88.3444194003113
2025-12-02 10:00:00,88.3342989222931
2025-12-02 11:00:00,87.6440290401098
2025-12-02 12:00:00,88.1911523071962
2025-12-02 13:00:00,88.5849048035652
2025-12-02 14:00:00,69.1065661932081
2025-12-02 15:00:00,88.5517359364019
2025-12-02 16:00:00,88.1497814542365
2025-12-02 17:00:00,87.5358801441228
2025-12-02 18:00:00,88.8104687633567
2025-12-02 19:00:00,87.5720411436805
2025-12-02 20:00:00,87.7363447589644
2025-12-02 21:00:00,87.5131596623255
2025-12-02 22:00:00,88.1783178141222
2025-12-02 23:00:00,87.6645455967062
2025-12-03 00:00:00,87.650277522624
2025-12-03 01:00:00,87.5694751686349
2025-12-03 02:00:00,87.0512390414221
2025-12-03 03:00:00,87.3290295413534
2025-12-03 04:00:00,73.5013120145432
2025-12-03 05:00:00,87.9848151790188
2025-12-03 06:00:00,88.1186387061368
2025-12-03 07:00:00,88.2660860327061
2025-12-03 08:00:00,87.4857087152797
2025-12-03 09:00:00,87.0659049523165
2025-12-03 10:00:00,87.8688246113458
2025-12-03 11:00:00,87.7117591445191
2025-12-03 12:00:00,87.4693870599607
2025-12-03 13:00:00,87.575730006845
2025-12-03 14:00:00,87.8096308745831
2025-12-03 15:00:00,87.1191622077428
2025-12-03 16:00:00,87.6479475948521
2025-12-03 17:00:00,87.663125668752
2025-12-03 18:00:00,86.9607370520737
2025-12-03 19:00:00,87.5133207333876
2025-12-03 20:00:00,87.580983119859
2025-12-03 21:00:00,87.0033209610857
2025-12-03 22:00:00,86.9511595718481
2025-12-03 23:00:00,87.7867305463093
2025-12-04 00:00:00,86.7086000844575
2025-12-04 01:00:00,87.1248611688263
2025-12-04 02:00:00,86.6704477296645
2025-12-04 03:00:00,86.5229929076693
2025-12-04 04:00:00,86.785448650095
2025-12-04 05:00:00,86.764247927208
2025-12-04 06:00:00,87.3512864251979
2025-12-04 07:00:00,87.5169785213965
2025-12-04 08:00:00,86.6242697081516
2025-12-04 09:00:00,86.331991181843
2025-12-04 10:00:00,87.1098570453905
2025-12-04 11:00:00,87.0567672806246
2025-12-04 12:00:00,87.0184854027627
2025-12-04 13:00:00,87.0751130411574
2025-12-04 14:00:00,95.4111814266895
2025-12-04 15:00:00,87.3175554219819
2025-12-04 16:00:00,87.2288728093145
2025-12-04 17:00:00,87.0061354992975
2025-12-04 18:00:00,86.909381213764
2025-12-04 19:00:00,86.6393770140494
2025-12-04 20:00:00,86.6784679545456
2025-12-04 21:00:00,87.1489799200531
2025-12-04 22:00:00,86.9385834094011
2025-12-04 23:00:00,87.0615479489533
2025-12-05 00:00:00,86.1951373341901
2025-12-05 01:00:00,86.3398724126009
2025-12-05 02:00:00,86.2945465571197
2025-12-05 03:00:00,86.3591301616333
2025-12-05 04:00:00,86.0696370546806
2025-12-05 06:00:00,85.9528352618699
2025-12-05 07:00:00,86.4136380860546
2025-12-05 08:00:00,86.285643842777
2025-12-07 15:00:00,85.650088611442
2025-12-07 16:00:00,85.4705390849204
2025-12-07 18:00:00,85.9696777961895
2025-12-07 19:00:00,85.5582660830964
2025-12-07 20:00:00,85.4672118421422
2025-12-07 21:00:00,85.883488235632
2025-12-07 22:00:00,85.7375038848047
2025-12-07 23:00:00,85.5490704002404
2025-12-08 00:00:00,84.9427622946524
2025-12-08 01:00:00,85.1187287673788
2025-12-08 02:00:00,85.1514542210228
2025-12-08 03:00:00,84.8839603286299
2025-12-08 04:00:00,84.5611146223247
2025-12-08 05:00:00,85.1521439817498
2025-12-08 06:00:00,85.1630083491114
2025-12-08 07:00:00,84.9131671557211
2025-12-08 08:00:00,84.9442381437829
2025-12-08 09:00:00,85.2396995932847
2025-12-08 10:00:00,85.0684815069195
2025-12-08 11:00:00,84.8974592176046
2025-12-08 12:00:00,85.2007052631588
2025-12-08 13:00:00,84.9414936455802
2025-12-08 14:00:00,84.8535852397727
2025-12-09 01:00:00,84.8540051239435
2025-12-09 03:00:00,84.7432047699052
2025-12-09 04:00:00,85.0352837053145
2025-12-09 05:00:00,84.7594867648994
2025-12-09 06:00:00,84.1790748354999
2025-12-09 07:00:00,84.8074063360268
2025-12-09 08:00:00,84.1353815238008
2025-12-09 09:00:00,84.5619872045365
2025-12-09 10:00:00,84.8399262890082
2025-12-09 11:00:00,85.0697332035193
2025-12-09 12:00:00,84.6680427612262
2025-12-09 13:00:00,85.0922660501896
2025-12-09 14:00:00,84.6060089582293
2025-12-09 15:00:00,84.4420575248683
2025-12-09 16:00:00,84.6095629200865
2025-12-09 17:00:00,84.6282944238008
2025-12-09 18:00:00,84.8738931688817
2025-12-09 19:00:00,85.4165164335226
2025-12-09 20:00:00,85.328741839649
2025-12-09 21:00:00,84.2812257607066
2025-12-09 22:00:00,84.8191028848491
2025-12-09 23:00:00,84.0451160461796
2025-12-10 00:00:00,84.0458698045085
2025-12-10 01:00:00,83.8631866032013
2025-12-10 02:00:00,83.2862534489828
2025-12-10 03:00:00,83.4981435069918
2025-12-10 04:00:00,83.8975721975248
2025-12-10 05:00:00,84.5136971209648
2025-12-10 06:00:00,84.0435144674037
2025-12-10 07:00:00,84.709912017551
2025-12-10 08:00:00,83.6507312329116
2025-12-10 09:00:00,84.7041139790265
2025-12-10 10:00:00,84.0984273221609
2025-12-10 11:00:00,83.782969635159
2025-12-10 12:00:00,83.8301136993546
2025-12-10 13:00:00,83.848183021239
2025-12-10 14:00:00,84.1419743137021
2025-12-10 15:00:00,84.1299500796959
2025-12-10 16:00:00,83.74022322478
2025-12-10 17:00:00,84.3548308100576
2025-12-10 18:00:00,84.0641021730362
2025-12-10 19:00:00,83.74521935591
2025-12-10 20:00:00,84.8466881249709
2025-12-10 21:00:00,84.035274908811
2025-12-10 22:00:00,83.957181626148
2025-12-10 23:00:00,84.1952899527732
2025-12-11 00:00:00,83.8087424640917
2025-12-11 01:00:00,83.5795174402183
2025-12-11 02:00:00,83.8518486105958
2025-12-11 03:00:00,84.0287656441701
2025-12-11 04:00:00,83.3019143768666
2025-12-11 05:00:00,83.2650835008104
2025-12-11 07:00:00,69.5888241042268
2025-12-11 08:00:00,83.7310349511075
2025-12-11 09:00:00,83.9697737095814
2025-12-11 10:00:00,83.6257530698508
2025-12-11 11:00:00,83.6923473165191
2025-12-11 12:00:00,83.3615175797083
2025-12-11 13:00:00,83.4428331879829
2025-12-11 14:00:00,83.9759003695757
2025-12-11 15:00:00,83.5407170582451
2025-12-11 16:00:00,83.7258288926483
2025-12-11 17:00:00,83.7987457437894
2025-12-11 18:00:00,83.9946396125354
2025-12-11 19:00:00,84.1674912847757
2025-12-11 20:00:00,84.2923779573609
2025-12-11 21:00:00,83.6766033448055
2025-12-11 22:00:00,83.8135433973163
2025-12-11 23:00:00,83.9141108111655
2025-12-12 00:00:00,83.2143301156456
2025-12-12 01:00:00,82.9369643300503
2025-12-12 02:00:00,82.5962681778521
2025-12-12 03:00:00,82.797952986397
2025-12-12 04:00:00,83.6234229629139
2025-12-12 05:00:00,82.4605962458172
2025-12-12 06:00:00,82.4673144292785
2025-12-12 07:00:00,82.6953031751825
2025-12-12 08:00:00,82.9484626267694
2025-12-12 09:00:00,82.9198260168396
2025-12-12 10:00:00,82.8217599169237
2025-12-12 11:00:00,82.9785559237567
2025-12-12 12:00:00,83.1973986314498
2025-12-12 13:00:00,83.0906690088021
2025-12-12 14:00:00,82.844985727745
2025-12-12 15:00:00,82.4800513232588
2025-12-12 16:00:00,82.1313493930705
2025-12-12 17:00:00,82.263615858639
2025-12-13 05:00:00,82.275348154406
2025-12-13 06:00:00,81.8822150169133
2025-12-13 07:00:00,82.4990587029584
2025-12-13 09:00:00,82.4464310705751
2025-12-13 10:00:00,82.5481105625042
2025-12-13 11:00:00,82.2927589275233
2025-12-13 12:00:00,82.3485944338562
2025-12-13 13:00:00,82.6406289219828
2025-12-13 14:00:00,82.1446685840771
2025-12-13 15:00:00,82.2626437941689
2025-12-13 16:00:00,82.4038037651831
2025-12-13 17:00:00,82.2500358788674
2025-12-13 18:00:00,82.9390975359372
2025-12-13 19:00:00,82.3470263277291
2025-12-13 20:00:00,82.3233860252505
2025-12-13 21:00:00,82.8941351099642
2025-12-13 22:00:00,82.5589765287124
2025-12-13 23:00:00,82.6111165852696
2025-12-14 00:00:00,82.7665283023303
2025-12-14 01:00:00,82.2689579834651
2025-12-14 02:00:00,82.2844446827478
2025-12-14 03:00:00,82.711197191634
2025-12-14 04:00:00,81.4838749256309
2025-12-14 05:00:00,86.0398216223492
2025-12-14 06:00:00,82.7280053534156
2025-12-14 07:00:00,81.5660605774666
2025-12-14 08:00:00,82.2226267139727
2025-12-14 09:00:00,81.7643421536961
2025-12-14 10:00:00,82.1215802971175
2025-12-14 11:00:00,82.1519289252646
2025-12-14 12:00:00,82.7413710293016
2025-12-14 13:00:00,82.5523779636894
2025-12-14 14:00:00,82.3082198049219
2025-12-14 15:00:00,82.4946872134058
2025-12-14 16:00:00,81.8364692882225
2025-12-14 17:00:00,82.2866102318913
2025-12-14 18:00:00,81.9955563253562
2025-12-14 19:00:00,82.5987286856048
2025-12-14 20:00:00,82.14703053659
2025-12-14 21:00:00,82.2502452483063
2025-12-14 22:00:00,81.8681155034465
2025-12-14 23:00:00,81.7787543898538
2025-12-15 00:00:00,82.4569155557635
2025-12-15 01:00:00,82.0822764681348
2025-12-15 02:00:00,81.9639666884492
2025-12-15 03:00:00,81.8102202877202
2025-12-15 04:00:00,81.614131449118
2025-12-15 06:00:00,81.8250785895792
2025-12-15 07:00:00,82.5340425463327
2025-12-15 08:00:00,81.7606354036755
2025-12-15 09:00:00,82.0395369087624
2025-12-15 10:00:00,82.4961558418956
2025-12-15 11:00:00,82.0521955580194
2025-12-15 12:00:00,81.807659228293
2025-12-15 13:00:00,81.7284772863089
2025-12-15 14:00:00,82.391013269846
2025-12-15 15:00:00,82.2424824032084
2025-12-15 16:00:00,82.556569247358
2025-12-15 17:00:00,81.9122287617979
2025-12-15 18:00:00,82.2095228870645
2025-12-15 19:00:00,81.9154837503619
2025-12-15 20:00:00,81.1583120507973
2025-12-15 21:00:00,82.2302020761548
2025-12-15 22:00:00,81.7010966948167
2025-12-15 23:00:00,82.1195800875728
2025-12-16 00:00:00,81.590361707246
2025-12-16 01:00:00,82.1797397370294
2025-12-16 02:00:00,80.982506034182
2025-12-16 03:00:00,81.1929644512611
2025-12-16 04:00:00,81.1672838649732
2025-12-16 05:00:00,81.5450784506798
2025-12-16 06:00:00,81.080801527913
2025-12-16 07:00:00,81.336801205482
2025-12-16 08:00:00,82.2369365655428
2025-12-16 09:00:00,81.532226465722
2025-12-16 10:00:00,81.5624423229262
2025-12-16 11:00:00,81.2731144215302
2025-12-16 12:00:00,81.6749877905829
2025-12-16 13:00:00,81.7623917528359
2025-12-16 14:00:00,81.9021018836213
2025-12-16 15:00:00,82.1595760195302
2025-12-16 16:00:00,81.6837401637315
2025-12-16 17:00:00,81.3429607119301
2025-12-16 18:00:00,81.4845631127313
2025-12-16 19:00:00,81.7335766757409
2025-12-16 20:00:00,81.4905932353051
2025-12-17 07:00:00,81.3791715076419
2025-12-17 08:00:00,81.4073044113667
2025-12-17 09:00:00,81.2253209646694
2025-12-17 10:00:00,81.7435808714648
2025-12-17 11:00:00,81.7659118260936
2025-12-17 12:00:00,81.6369765178773
2025-12-17 13:00:00,81.55899195346
2025-12-17 14:00:00,81.1852259658133
2025-12-17 15:00:00,81.2785148691978
2025-12-17 16:00:00,81.3592878531794
2025-12-17 17:00:00,81.6583587888278
2025-12-17 18:00:00,81.4348594820815
2025-12-17 19:00:00,80.8961638695236
2025-12-17 20:00:00,80.0884678310256
2025-12-17 21:00:00,81.1724472304359
2025-12-17 22:00:00,81.5324334068965
2025-12-17 23:00:00,81.7367021390481
2025-12-18 00:00:00,80.6674665276727
2025-12-18 12:00:00,80.4287069851047
2025-12-18 13:00:00,81.3212920669272
2025-12-18 14:00:00,80.4789315683886
2025-12-18 15:00:00,80.4873535792796
2025-12-18 16:00:00,80.5311467406513
2025-12-18 17:00:00,80.174606493544
2025-12-18 18:00:00,80.8697030232159
2025-12-18 19:00:00,80.2047135743118
2025-12-18 20:00:00,80.7954130834953
2025-12-18 21:00:00,80.5992025756283
2025-12-18 22:00:00,80.4299037839743
2025-12-18 23:00:00,80.255077307865
2025-12-19 00:00:00,80.2368982793822
2025-12-19 01:00:00,80.3389566471148
2025-12-19 02:00:00,80.4501029429027
2025-12-19 03:00:00,80.6521518591614
2025-12-19 04:00:00,80.4936602336603
2025-12-19 05:00:00,80.9774774800441
2025-12-19 07:00:00,79.9269270302371
2025-12-19 08:00:00,79.3348349979403
2025-12-19 09:00:00,80.353412409076
2025-12-19 10:00:00,80.5897023655347
2025-12-19 11:00:00,80.3724386636487
2025-12-19 12:00:00,80.0791986042344
2025-12-19 13:00:00,80.2268312860266
2025-12-19 14:00:00,80.2149407574974
2025-12-19 15:00:00,80.0711963995057
2025-12-19 16:00:00,80.0419861572995
2025-12-19 17:00:00,80.3900672464642
2025-12-19 18:00:00,80.2247302069143
2025-12-19 19:00:00,79.6698857468732
2025-12-19 20:00:00,81.0769152241769
2025-12-19 21:00:00,80.1924349715382
2025-12-19 22:00:00,80.5059143978066
2025-12-19 23:00:00,80.5606088121983
2025-12-20 00:00:00,79.7721080521897
2025-12-20 01:00:00,79.6446223319091
2025-12-20 02:00:00,79.3451982726914
2025-12-20 03:00:00,79.5268537002789
2025-12-20 04:00:00,79.7014692302205
2025-12-20 05:00:00,80.2148335854602
2025-12-20 06:00:00,79.8297835723839
2025-12-20 07:00:00,79.641986932776
2025-12-20 08:00:00,79.9117317414966
2025-12-20 09:00:00,79.6029578619023
2025-12-20 10:00:00,79.7183012061335
2025-12-20 11:00:00,80.0774149654251
2025-12-20 12:00:00,80.2622525228114
2025-12-20 13:00:00,79.6470865084696
2025-12-20 14:00:00,79.8481092313076
2025-12-20 15:00:00,80.0281265161544
2025-12-20 16:00:00,79.8320339183568
2025-12-20 17:00:00,79.6888834389292
2025-12-20 18:00:00,80.1224792142676
2025-12-20 19:00:00,79.996666826925
2025-12-20 20:00:00,79.7659420998274
2025-12-20 21:00:00,79.5514395873852
2025-12-20 22:00:00,80.5192945546234
2025-12-20 23:00:00,80.0877167360526
2025-12-21 00:00:00,79.775571067575
2025-12-21 01:00:00,57.7435138550798
2025-12-21 02:00:00,79.1020901070364
2025-12-21 03:00:00,79.4348744608919
2025-12-21 04:00:00,79.8846221767457
2025-12-21 05:00:00,79.9235044834017
2025-12-21 06:00:00,80.460163497129
2025-12-21 07:00:00,80.1762688393948
2025-12-21 08:00:00,79.9187091410782
2025-12-21 09:00:00,79.6724622514396
2025-12-21 10:00:00,80.4259965955864
2025-12-21 11:00:00,79.6760077180812
2025-12-21 12:00:00,79.7910776777387
2025-12-21 13:00:00,79.5797302654481
2025-12-21 14:00:00,79.6719562108732
2025-12-21 15:00:00,80.0625344470303
2025-12-21 16:00:00,79.0279559731923
2025-12-21 17:00:00,79.4236471796161
2025-12-21 19:00:00,80.2224975860889
2025-12-22 05:00:00,79.3031847598096
2025-12-22 06:00:00,79.5405484219483
2025-12-22 07:00:00,79.0986961093851
2025-12-22 08:00:00,78.7098942906316
2025-12-22 09:00:00,78.8405893497475
2025-12-22 10:00:00,79.2412291580598
2025-12-22 11:00:00,79.0879503866239
2025-12-22 12:00:00,78.8245452144716
2025-12-22 13:00:00,79.3341101691904
2025-12-22 14:00:00,77.9151092463173
2025-12-22 15:00:00,79.503599068498
2025-12-22 16:00:00,79.1266971711881
2025-12-22 17:00:00,79.9464538255348
2025-12-22 18:00:00,78.66067368383
2025-12-22 19:00:00,78.9732821490648
2025-12-22 20:00:00,79.7079998528915
2025-12-22 21:00:00,79.2928778810275
2025-12-22 22:00:00,78.9012210283505
2025-12-22 23:00:00,78.833506842156
2025-12-23 00:00:00,78.3153939887844
2025-12-23 01:00:00,77.971282499443
2025-12-23 02:00:00,77.8562343027019
2025-12-23 03:00:00,78.3163466642569
2025-12-23 04:00:00,77.4517587287159
2025-12-23 05:00:00,78.3608502345769
2025-12-23 07:00:00,77.617534997169
2025-12-23 08:00:00,77.9972067832415
2025-12-23 09:00:00,77.6730677549249
2025-12-23 10:00:00,77.5079519576625
2025-12-23 11:00:00,77.7211887206265
2025-12-23 12:00:00,78.3911387805301
2025-12-23 13:00:00,78.0224350158168
2025-12-23 14:00:00,
2025-12-23 15:00:00,77.349271769774
2025-12-23 16:00:00,78.2751900153318
2025-12-23 17:00:00,77.5337806949802
2025-12-23 18:00:00,78.1078653664568
2025-12-23 19:00:00,77.7761891042847
2025-12-23 20:00:00,
2025-12-23 21:00:00,77.6093707759797
2025-12-23 22:00:00,77.6347409211751
2025-12-23 23:00:00,77.5059745445777
2025-12-24 00:00:00,77.3242344951335
2025-12-24 01:00:00,77.6529990745195
2025-12-24 02:00:00,77.2673357993558
2025-12-24 03:00:00,77.7317123347397
2025-12-24 04:00:00,77.4538422503493
2025-12-24 05:00:00,77.2404956171375
2025-12-24 06:00:00,76.7608236538853
2025-12-24 07:00:00,76.964634675363
2025-12-24 08:00:00,77.0412352397498
2025-12-24 09:00:00,77.2885287385752
2025-12-24 10:00:00,77.4094958365364
2025-12-24 11:00:00,77.3617351122724
2025-12-24 12:00:00,76.7940982944133
2025-12-24 13:00:00,77.3191257687124
2025-12-24 14:00:00,77.9881977075949
2025-12-24 15:00:00,77.3509546052372
2025-12-24 16:00:00,77.382499140666
2025-12-24 17:00:00,77.955002774837
2025-12-24 18:00:00,77.1739562611308
2025-12-24 19:00:00,77.1093576177328
2025-12-24 20:00:00,77.8090905506627
2025-12-24 21:00:00,77.5494134864568
2025-12-24 22:00:00,77.0389607228995
2025-12-24 23:00:00,76.9806792028235
2025-12-25 00:00:00,76.3817984683085
2025-12-25 01:00:00,76.3295462022917
2025-12-25 02:00:00,76.8574138184851
2025-12-25 03:00:00,75.9149015733574
2025-12-25 04:00:00,76.9526527286934
2025-12-25 05:00:00,76.4135553321495
2025-12-25 06:00:00,76.1502195151748
2025-12-25 07:00:00,76.5239050292871
2025-12-25 08:00:00,76.5142831456091
2025-12-25 09:00:00,76.6683894651384
2025-12-25 10:00:00,76.8082160515034
2025-12-25 11:00:00,75.9340906391819
2025-12-25 12:00:00,76.8926763987301
2025-12-25 13:00:00,76.4853340175448
2025-12-25 14:00:00,76.6077609787512
2025-12-25 15:00:00,76.2821464568828
2025-12-26 03:00:00,76.1171930225296
2025-12-26 04:00:00,75.4154560036851
2025-12-26 05:00:00,75.9317361250227
2025-12-26 06:00:00,75.998142147375
2025-12-26 07:00:00,76.3750149351869
2025-12-26 08:00:00,75.1225017779869
2025-12-26 09:00:00,76.0605567240294
2025-12-26 10:00:00,76.302089721937
2025-12-26 11:00:00,75.2972557444912
2025-12-26 12:00:00,75.8012363365627
2025-12-26 13:00:00,76.1046933301613
2025-12-26 14:00:00,75.1522861666252
2025-12-26 15:00:00,75.8615014725328
2025-12-26 16:00:00,75.5403009088346
2025-12-26 17:00:00,75.8301121059549
2025-12-26 18:00:00,76.2524024376837
2025-12-26 19:00:00,75.675889929949
2025-12-26 20:00:00,75.9926975258267
2025-12-26 21:00:00,75.7007254451489
2025-12-26 22:00:00,76.0159896336992
2025-12-26 23:00:00,75.9147164598863
2025-12-27 00:00:00,74.9679318909083
2025-12-27 01:00:00,75.3497979459041
2025-12-27 02:00:00,75.2727088676274
2025-12-27 03:00:00,75.6818321576735
2025-12-27 04:00:00,75.4008252537674
2025-12-27 05:00:00,75.7263314224534
2025-12-27 06:00:00,75.5955938619949
2025-12-27 08:00:00,75.2953945437047
2025-12-27 09:00:00,75.3222346394841
2025-12-27 12:00:00,75.3659530809795
2025-12-27 13:00:00,75.3283610364878
2025-12-27 14:00:00,75.3342138696235
2025-12-27 15:00:00,75.5582000938814
2025-12-27 16:00:00,74.6957595227617
2025-12-27 17:00:00,75.1996682016164
2025-12-27 18:00:00,75.3635750967782
2025-12-27 19:00:00,75.1000383827817
2025-12-27 20:00:00,75.7681706516221
2025-12-27 21:00:00,75.0539825930342
2025-12-27 22:00:00,75.4369774622668
2025-12-27 23:00:00,74.8630135114644
2025-12-28 00:00:00,74.9628231174383
2025-12-28 01:00:00,75.1365703504746
2025-12-28 02:00:00,74.8764991162376
2025-12-28 03:00:00,75.0663197370327
2025-12-28 04:00:00,74.9563227571601
2025-12-28 05:00:00,75.2165055348436
2025-12-28 06:00:00,75.2308984055924
2025-12-28 07:00:00,75.5031222382648
2025-12-28 08:00:00,75.0285122063385
2025-12-28 09:00:00,75.3557402265631
2025-12-28 10:00:00,74.9316729884995
2025-12-28 16:00:00,75.2012793293836
2025-12-28 17:00:00,75.3270858220345
2025-12-28 18:00:00,74.9382857305303
2025-12-28 19:00:00,74.6082676917786
2025-12-28 20:00:00,75.6120408536438
2025-12-28 21:00:00,75.0927824947406
2025-12-28 22:00:00,74.7552930694908
2025-12-28 23:00:00,74.9822276824828
2025-12-29 00:00:00,74.5518478203008
2025-12-29 01:00:00,74.9264356381375
2025-12-29 02:00:00,73.8973269150328
2025-12-29 03:00:00,74.4264193312363
2025-12-29 04:00:00,74.4104357218276
2025-12-29 05:00:00,75.2461605533941
2025-12-29 06:00:00,75.0091522752508
2025-12-29 07:00:00,74.7365861847372
2025-12-29 08:00:00,74.9731733835794
2025-12-29 09:00:00,74.9998274827333
2025-12-29 10:00:00,74.5090078430348
2025-12-29 11:00:00,74.6225833194484
2025-12-29 12:00:00,74.8213006035962
2025-12-29 13:00:00,74.4791246550704
2025-12-29 14:00:00,74.4429394872937
2025-12-29 15:00:00,75.1779667259281
2025-12-29 16:00:00,74.1701205131195
2025-12-29 17:00:00,74.2796521345662
2025-12-29 18:00:00,74.6020366110983
2025-12-29 19:00:00,74.4522619126538
2025-12-29 20:00:00,74.7068186946948
2025-12-29 21:00:00,74.5546139202741
2025-12-29 22:00:00,74.3756244454627
2025-12-29 23:00:00,74.677953320922
2025-12-30 00:00:00,73.829256752028
2025-12-30 01:00:00,74.1414364254302
2025-12-30 02:00:00,73.6022046338551
2025-12-30 03:00:00,74.683588662031
2025-12-30 04:00:00,73.9992818262143
2025-12-30 05:00:00,74.0394119979084
2025-12-30 06:00:00,74.6923379582304
2025-12-30 07:00:00,74.2861052172637
2025-12-30 08:00:00,74.1004445352492
2025-12-30 09:00:00,74.5409260936515
2025-12-30 10:00:00,74.0695979994734
2025-12-30 11:00:00,74.2751200468461
2025-12-30 12:00:00,74.5820557887851
2025-12-30 13:00:00,74.2844276943184
2025-12-30 14:00:00,74.6418598465762
2025-12-30 15:00:00,73.4968711088657
2025-12-30 16:00:00,73.7539827305552
2025-12-30 17:00:00,74.8573011302344
2025-12-30 18:00:00,74.8872606238499
2025-12-30 19:00:00,
2025-12-30 20:00:00,74.9080855970959
2025-12-30 21:00:00,74.5466233204234
2025-12-30 22:00:00,73.6439186814088
2025-12-30 23:00:00,74.2685757705864
2025-12-31 00:00:00,73.8944999237873
2025-12-31 01:00:00,73.7792575409733
2025-12-31 02:00:00,73.4813743777129
2025-12-31 03:00:00,77.8383940969715
2025-12-31 04:00:00,72.8769910989399
2025-12-31 05:00:00,72.9895748588672
2025-12-31 06:00:00,73.9829348094029
2025-12-31 07:00:00,73.463081366961
2025-12-31 08:00:00,54.0082749474009
2025-12-31 09:00:00,73.4612088840937
2025-12-31 10:00:00,73.1133678762582
2025-12-31 11:00:00,73.352202259512
2025-12-31 12:00:00,73.2080988502397
2025-12-31 13:00:00,73.4377192588776
2025-12-31 14:00:00,73.2421225769962
2025-12-31 15:00:00,73.2909137999436
2025-12-31 16:00:00,74.0941438720254
2025-12-31 17:00:00,72.6316167833695
2025-12-31 18:00:00,73.1972473555396
2025-12-31 19:00:00,73.7374076923824
2025-12-31 20:00:00,73.6477602608368
2025-12-31 21:00:00,73.1906061662321
2025-12-31 22:00:00,73.0452757399778
2025-12-31 23:00:00,73.5497602883494
2026-01-01 00:00:00,73.8506986264259
2026-01-01 01:00:00,74.5228857007527
2026-01-01 02:00:00,73.4151468244239
2026-01-01 03:00:00,73.1241856086848
2026-01-01 04:00:00,88.1998906221462
2026-01-01 05:00:00,73.6503508042648
2026-01-01 06:00:00,73.6780778605257
2026-01-01 07:00:00,73.4177750949162
2026-01-01 18:00:00,72.7561094831087
2026-01-01 19:00:00,72.9561544300825
2026-01-01 20:00:00,91.6429566273344
2026-01-01 21:00:00,73.1628908588491
2026-01-01 22:00:00,73.6376315045328
2026-01-01 23:00:00,73.3260566609523
2026-01-02 00:00:00,73.3146644421907
2026-01-02 01:00:00,72.9144957254722
2026-01-02 02:00:00,74.1708115891786
2026-01-02 03:00:00,73.2779034727699
2026-01-02 04:00:00,73.9991102116636
2026-01-02 06:00:00,73.718119921033
2026-01-02 07:00:00,73.0313669997064
2026-01-02 08:00:00,74.1341004471119
2026-01-02 09:00:00,72.4309106835502
2026-01-02 10:00:00,72.643855599781
2026-01-02 11:00:00,72.5542477707454
2026-01-02 12:00:00,73.377471286453
2026-01-02 13:00:00,72.9296185771712
2026-01-02 14:00:00,72.7770719220961
2026-01-02 15:00:00,73.0511045932909
2026-01-02 16:00:00,73.3965708771573
2026-01-02 17:00:00,73.1682252221928
2026-01-02 18:00:00,73.3619436773965
2026-01-02 19:00:00,72.8101365088428
2026-01-02 20:00:00,73.0594539907502
2026-01-02 21:00:00,73.5543735201693
2026-01-02 22:00:00,72.3953465153579
2026-01-02 23:00:00,73.553040691832
2026-01-03 00:00:00,
2026-01-03 01:00:00,
2026-01-03 02:00:00,
2026-01-03 03:00:00,
2026-01-03 04:00:00,
2026-01-03 05:00:00,
2026-01-03 06:00:00,
2026-01-03 07:00:00,
2026-01-03 08:00:00,
2026-01-03 09:00:00,
2026-01-03 11:00:00,
2026-01-03 12:00:00,
2026-01-03 13:00:00,
2026-01-03 14:00:00,
2026-01-03 15:00:00,
2026-01-03 16:00:00,
2026-01-03 17:00:00,
2026-01-03 18:00:00,
2026-01-03 19:00:00,
2026-01-03 20:00:00,
2026-01-03 21:00:00,
2026-01-03 22:00:00,
2026-01-03 23:00:00,
2026-01-04 00:00:00,96.2767700901816
2026-01-04 01:00:00,96.1242134145628
2026-01-04 02:00:00,95.8033643295868
2026-01-04 03:00:00,95.9833804274865
2026-01-04 04:00:00,95.9762375130714
2026-01-04 05:00:00,95.9869305484383
2026-01-04 06:00:00,96.1972427313582
2026-01-04 08:00:00,96.2224009443933
2026-01-04 09:00:00,95.6517237064137
2026-01-04 10:00:00,95.8839567376178
2026-01-04 11:00:00,96.0120827492564
2026-01-04 12:00:00,96.2903995354074
2026-01-04 13:00:00,96.410101919603
2026-01-04 14:00:00,96.2061021714576
2026-01-04 15:00:00,96.1384485810746
2026-01-04 16:00:00,96.2457121964619
2026-01-04 17:00:00,96.1681857820148
2026-01-04 18:00:00,96.2799366804689
2026-01-04 19:00:00,95.8253769531167
2026-01-04 20:00:00,96.1545818146333
2026-01-04 21:00:00,96.4965067254596
2026-01-04 22:00:00,96.0401500836008
2026-01-04 23:00:00,96.1407081426762
2026-01-05 00:00:00,95.7333806096163
2026-01-05 01:00:00,95.8438438131683
2026-01-05 02:00:00,96.0866229369315
2026-01-05 03:00:00,95.6714498790612
2026-01-05 04:00:00,95.9134677484438
2026-01-05 05:00:00,95.9618561812336
2026-01-05 06:00:00,95.2407131710398
2026-01-05 07:00:00,95.6862574626042
2026-01-05 08:00:00,95.6385773975437
2026-01-05 09:00:00,95.9505002830204
2026-01-05 10:00:00,95.7797618385087
2026-01-05 11:00:00,96.0300149176342
2026-01-05 12:00:00,95.5067789883583
2026-01-05 13:00:00,96.2852890091171
2026-01-05 14:00:00,95.5411911956724
2026-01-05 15:00:00,95.5499209544935
2026-01-05 16:00:00,95.8348354111702
2026-01-05 17:00:00,95.9802733485353
2026-01-05 18:00:00,96.2914398368024
2026-01-05 19:00:00,95.7011112586239
2026-01-05 20:00:00,95.7917253200831
2026-01-05 21:00:00,96.4855826859332
2026-01-05 22:00:00,105.17383985752
2026-01-05 23:00:00,95.6411283918071
2026-01-06 00:00:00,95.4356193687656
2026-01-06 09:00:00,95.4289544343032
2026-01-06 11:00:00,95.5752923311042
2026-01-06 12:00:00,95.4270144407549
2026-01-06 13:00:00,95.3106646087318
2026-01-06 14:00:00,95.3374316757782
2026-01-06 15:00:00,95.4932054042911
2026-01-06 16:00:00,95.1077917419325
2026-01-06 17:00:00,95.2585377278871
2026-01-06 18:00:00,107.891119082879
2026-01-06 19:00:00,94.9368103610354
2026-01-06 20:00:00,95.5101564134987
2026-01-06 21:00:00,95.2886307567985
2026-01-06 22:00:00,95.3186665795375
2026-01-06 23:00:00,95.0974157881888
2026-01-07 00:00:00,94.0075692255853
2026-01-07 01:00:00,94.0189982117041
2026-01-07 02:00:00,94.9262922495358
2026-01-07 03:00:00,94.2904212933935
2026-01-07 04:00:00,94.576680225414
2026-01-07 05:00:00,94.3514969620389
2026-01-07 06:00:00,94.0459297013218
2026-01-07 07:00:00,94.4106954738163
2026-01-07 08:00:00,93.8462522017574
2026-01-07 09:00:00,94.3823386067974
2026-01-07 10:00:00,94.4193086010358
2026-01-07 11:00:00,93.5941397512892
2026-01-07 12:00:00,94.242667770704
2026-01-07 13:00:00,93.7465821292006
2026-01-07 14:00:00,94.7168195482146
2026-01-07 15:00:00,94.4770037936246
2026-01-07 16:00:00,94.2639549985549
2026-01-07 17:00:00,93.7079224753983
2026-01-07 18:00:00,94.6305483880068
2026-01-07 19:00:00,94.2423918385503
2026-01-07 20:00:00,94.5333798604442
2026-01-07 21:00:00,94.4752786972621
2026-01-07 22:00:00,94.6610431892587
2026-01-07 23:00:00,93.5453165497076
2026-01-08 00:00:00,93.7539953952734
2026-01-08 01:00:00,93.3767813123911
2026-01-08 02:00:00,93.0303499889043
2026-01-08 03:00:00,93.6148424766181
2026-01-08 04:00:00,93.210307205424
2026-01-08 05:00:00,93.5269623407444
2026-01-08 06:00:00,93.252207514997
2026-01-08 07:00:00,93.7780273225683
2026-01-08 08:00:00,94.135768970346
2026-01-08 09:00:00,93.8905636477167
2026-01-08 10:00:00,93.7512899599002
2026-01-08 11:00:00,93.2501614609179
2026-01-08 12:00:00,110.118312493326
2026-01-08 13:00:00,93.8519956232546
2026-01-08 14:00:00,92.9789051021238
2026-01-08 15:00:00,93.7381672815544
2026-01-08 16:00:00,93.4393288016185
2026-01-08 17:00:00,93.7269525955411
2026-01-08 18:00:00,93.2936662125289
2026-01-08 19:00:00,94.3207664867115
2026-01-08 20:00:00,92.9000732186795
2026-01-08 21:00:00,93.4629240357249
2026-01-08 22:00:00,92.658331956253
2026-01-08 23:00:00,93.3311471791138
2026-01-09 00:00:00,92.2286153777592
2026-01-09 01:00:00,92.2564390672848
2026-01-09 02:00:00,91.1485177730671
2026-01-09 03:00:00,92.0808588568629
2026-01-09 04:00:00,92.148428095368
2026-01-09 05:00:00,91.9028094552791
2026-01-09 06:00:00,93.0086145877736
2026-01-09 07:00:00,92.5102842119337
2026-01-09 08:00:00,92.1800849116597
2026-01-09 09:00:00,92.2933803374776
2026-01-09 10:00:00,92.6368722032018
2026-01-09 11:00:00,91.8195730971044
2026-01-09 12:00:00,92.0776163605161
2026-01-09 13:00:00,92.8446932348154
2026-01-09 14:00:00,92.6102928819771
2026-01-09 15:00:00,91.7478499546708
2026-01-09 16:00:00,91.034672672298
2026-01-09 17:00:00,92.6301193879581
2026-01-09 18:00:00,92.2137429756862
2026-01-09 19:00:00,92.4621071036967
2026-01-09 20:00:00,92.6648125316826
2026-01-09 21:00:00,92.8724083265876
2026-01-09 22:00:00,92.5835328261887
2026-01-09 23:00:00,91.5516303150993
2026-01-10 00:00:00,92.83090667329
2026-01-10 01:00:00,92.1158739218729
2026-01-10 12:00:00,92.3862225552066
2026-01-10 13:00:00,92.499861137181
2026-01-10 14:00:00,91.5579308602074
2026-01-10 15:00:00,92.7957219698206
2026-01-10 16:00:00,91.1359024037142
2026-01-10 17:00:00,91.7424210793694
2026-01-10 18:00:00,92.3602952648889
2026-01-10 19:00:00,91.5018327142727
2026-01-10 20:00:00,92.2685200718332
2026-01-10 21:00:00,91.3044082867119
2026-01-10 22:00:00,91.0504113608786
2026-01-10 23:00:00,91.4898564319034
2026-01-11 00:00:00,91.1601981610483
2026-01-11 01:00:00,90.8115547847162
2026-01-11 02:00:00,92.1229473601685
2026-01-11 03:00:00,91.1740289220456
2026-01-11 04:00:00,91.5272843662429
2026-01-11 05:00:00,91.0516409160902
2026-01-11 06:00:00,91.3869105990359
2026-01-11 07:00:00,91.0004802585867
2026-01-11 08:00:00,92.0916658853232
2026-01-11 09:00:00,91.2482503394393
2026-01-11 10:00:00,90.8497877267856
2026-01-11 11:00:00,91.1161931537019
2026-01-11 12:00:00,90.8613319447475
2026-01-11 13:00:00,91.3340746633963
2026-01-11 14:00:00,91.4238917612588
2026-01-11 15:00:00,90.9181581133361
2026-01-11 16:00:00,91.5719113893233
2026-01-11 17:00:00,90.731217473569
2026-01-11 18:00:00,91.2067444172514
2026-01-11 19:00:00,91.9649515919676
2026-01-11 20:00:00,91.5730801267768
2026-01-11 21:00:00,91.6268270050437
2026-01-11 22:00:00,90.8427464535099
2026-01-11 23:00:00,92.0664185886584
2026-01-12 00:00:00,90.7148728238154
2026-01-12 01:00:00,90.9385055388205
2026-01-12 02:00:00,91.0066648289593
2026-01-12 14:00:00,90.3366991707708
2026-01-12 15:00:00,90.2683580867004
2026-01-12 16:00:00,90.4301590021649
2026-01-12 17:00:00,90.2830145944549
2026-01-12 18:00:00,90.4273173233905
2026-01-12 19:00:00,90.265111633064
2026-01-12 20:00:00,90.2185168955502
2026-01-12 21:00:00,90.0748600911047
2026-01-12 22:00:00,91.1740449488848
2026-01-12 23:00:00,90.5511868817823
2026-01-13 00:00:00,89.4566919159972
2026-01-13 01:00:00,88.8319931287031
2026-01-13 02:00:00,89.5043875114184
2026-01-13 03:00:00,89.617127428949
2026-01-13 04:00:00,88.423813369471
2026-01-13 05:00:00,89.6610685566941
2026-01-13 06:00:00,90.4455943475529
2026-01-13 07:00:00,89.2973575587876
2026-01-13 08:00:00,88.8130082355347
2026-01-13 09:00:00,89.6472453211679
2026-01-13 10:00:00,89.5595635047946
2026-01-13 11:00:00,89.6341442770255
2026-01-13 12:00:00,89.11285872233
2026-01-13 13:00:00,89.2084790008481
2026-01-13 14:00:00,89.8335982875778
2026-01-13 15:00:00,89.578486191178
2026-01-13 16:00:00,89.9187030250335
2026-01-13 17:00:00,90.2152814740952
2026-01-13 18:00:00,89.2871632963761
2026-01-13 19:00:00,89.6761135770404
2026-01-13 20:00:00,89.2287354411304
2026-01-13 21:00:00,89.7772253451379
2026-01-13 22:00:00,90.0207260343678
2026-01-13 23:00:00,89.2453768908268
2026-01-14 00:00:00,88.5278593288848
2026-01-14 01:00:00,88.7997684646921
2026-01-14 02:00:00,88.3261641275533
2026-01-14 03:00:00,95.4624459673686
2026-01-14 04:00:00,88.2264627422895
2026-01-14 05:00:00,88.3460578535778
2026-01-14 06:00:00,88.3055551043945
2026-01-14 07:00:00,88.9022666948146
2026-01-14 09:00:00,89.2617804312987
2026-01-14 10:00:00,88.4290857079225
2026-01-14 11:00:00,88.7345338645327
2026-01-14 12:00:00,89.4761564001124
2026-01-14 13:00:00,88.5303647546
2026-01-14 14:00:00,88.5364903665868
2026-01-14 15:00:00,88.585624530699
2026-01-14 16:00:00,88.455441156341
2026-01-14 17:00:00,88.4907078071809
2026-01-14 18:00:00,87.9855870439252
2026-01-14 19:00:00,88.315752012555
2026-01-14 20:00:00,89.0003895486387
2026-01-14 21:00:00,89.1290608301885
2026-01-14 22:00:00,87.7009301047731
2026-01-14 23:00:00,88.0959071143153
2026-01-15 00:00:00,88.0455613305115
2026-01-15 01:00:00,89.2198942045933
2026-01-15 02:00:00,89.2182624336271
2026-01-15 03:00:00,89.0057206942557
2026-01-15 04:00:00,88.7827353650308
2026-01-15 05:00:00,88.5295728455883
2026-01-15 06:00:00,88.9386976718914
2026-01-15 07:00:00,89.0668178933142
2026-01-15 08:00:00,88.8058964435281
2026-01-15 10:00:00,68.9457634853751
2026-01-15 11:00:00,88.7810774049426
2026-01-15 12:00:00,89.7976578820523
2026-01-15 13:00:00,88.6600538843215
2026-01-15 14:00:00,88.5993100484256
2026-01-15 15:00:00,88.5949465685303
2026-01-15 16:00:00,89.0463504650646
2026-01-15 17:00:00,
2026-01-15 18:00:00,
2026-01-15 19:00:00,
2026-01-15 20:00:00,
2026-01-15 21:00:00,
2026-01-15 22:00:00,88.6773159614598
2026-01-15 23:00:00,88.4835916472006
2026-01-16 00:00:00,88.2235814228452
2026-01-16 01:00:00,87.7837548735557
2026-01-16 02:00:00,88.7059666599271
2026-01-16 03:00:00,87.5747860626661
2026-01-16 04:00:00,87.410616014763
2026-01-16 05:00:00,87.5760786058403
2026-01-16 17:00:00,87.616440354369
2026-01-16 18:00:00,87.6684921716355
2026-01-16 19:00:00,87.8665809939486
2026-01-16 20:00:00,87.4059215656306
2026-01-16 21:00:00,88.5386669733408
2026-01-16 22:00:00,87.2130754988126
2026-01-16 23:00:00,88.5271578494949
2026-01-17 00:00:00,86.7146321311337
2026-01-17 01:00:00,86.4470796953227
2026-01-17 02:00:00,86.6334830206309
2026-01-17 03:00:00,86.3212201098831
2026-01-17 04:00:00,87.8031342584058
2026-01-17 05:00:00,86.456425883388
2026-01-17 06:00:00,87.1741034600739
2026-01-17 07:00:00,86.6887821256926
2026-01-17 08:00:00,87.4069882384301
2026-01-17 09:00:00,86.4792172368893
2026-01-17 10:00:00,86.4854060645578
2026-01-17 11:00:00,86.8985348064023
2026-01-17 12:00:00,87.4557691241879
2026-01-17 13:00:00,87.2096441444045
2026-01-17 14:00:00,86.2689424600499
2026-01-17 15:00:00,87.6703030946065
2026-01-17 16:00:00,87.1874247788383
2026-01-17 17:00:00,86.4770036642267
2026-01-17 18:00:00,86.339685934285
2026-01-17 19:00:00,87.3373209673288
2026-01-17 20:00:00,86.2378709843976
2026-01-17 21:00:00,
2026-01-17 22:00:00,
2026-01-17 23:00:00,86.8972150339311
2026-01-18 00:00:00,87.0477488072166
2026-01-18 11:00:00,86.3039464342268
2026-01-18 13:00:00,86.0796947922328
2026-01-18 14:00:00,85.3399019500488
2026-01-18 15:00:00,85.8775346441874
2026-01-18 16:00:00,85.1209647118238
2026-01-18 17:00:00,85.4034876749219
2026-01-18 18:00:00,84.9502899802343
2026-01-18 19:00:00,86.5379231518332
2026-01-18 20:00:00,85.631755277335
2026-01-18 21:00:00,85.4800598117621
2026-01-18 22:00:00,85.6627104726165
2026-01-18 23:00:00,85.9149074004558
2026-01-19 00:00:00,85.633392279911
2026-01-19 01:00:00,85.3806701581196
2026-01-19 02:00:00,85.2883517950112
2026-01-19 03:00:00,85.3482816497512
2026-01-19 04:00:00,85.2730248192093
2026-01-19 05:00:00,85.1026930957566
2026-01-19 06:00:00,84.9042466002975
2026-01-19 07:00:00,85.0910731993099
2026-01-19 08:00:00,85.0741748258423
2026-01-19 09:00:00,84.6368852001976
2026-01-19 10:00:00,84.5210423413151
2026-01-19 11:00:00,84.8189735161504
2026-01-19 12:00:00,85.1239115912231
2026-01-19 13:00:00,85.0987879966244
2026-01-19 14:00:00,85.0410163983446
2026-01-19 15:00:00,85.9855151392248
2026-01-19 16:00:00,84.722784317503
2026-01-19 17:00:00,85.1832923328179
2026-01-19 18:00:00,84.1665552962342
2026-01-19 19:00:00,84.7748568091545
2026-01-19 20:00:00,85.0030620429522
2026-01-19 21:00:00,85.0125791640686
2026-01-19 22:00:00,84.598736479235
2026-01-19 23:00:00,84.3630850273027
2026-01-20 00:00:00,83.0479307828715
2026-01-20 06:00:00,84.2108208858643
2026-01-20 12:00:00,83.7820751516165
2026-01-20 18:00:00,82.8139991972485
2026-01-21 00:00:00,82.604954443455
2026-01-21 06:00:00,82.7451895896492
2026-01-21 12:00:00,83.4284291043069
2026-01-21 18:00:00,83.5065010423024
2026-01-22 00:00:00,82.5388779638633
2026-01-22 06:00:00,81.3703147732168
2026-01-22 12:00:00,82.4810189392575
2026-01-22 18:00:00,82.5216604602089
2026-01-23 00:00:00,81.6728296308488
2026-01-23 06:00:00,81.7677370547173
2026-01-23 12:00:00,81.4770072542986
2026-01-23 18:00:00,82.399652821318
2026-01-24 00:00:00,80.3779589729306
2026-01-24 06:00:00,80.906422071524
2026-01-24 12:00:00,81.0019944770082
2026-01-24 18:00:00,71.1000750695354
2026-01-25 00:00:00,80.179888941772
2026-01-25 06:00:00,80.2073971987124
2026-01-25 12:00:00,80.5886217589065
2026-01-25 18:00:00,80.4362495165145
2026-01-26 00:00:00,79.688908061837
2026-01-26 06:00:00,80.4571376987835
2026-01-26 12:00:00,81.2900981862318
2026-01-26 18:00:00,80.3975474585714
2026-01-27 00:00:00,80.0667661435739
2026-01-27 06:00:00,80.1282714050578
2026-01-27 12:00:00,79.6789078748819
2026-01-27 18:00:00,80.5373752438683
2026-01-28 00:00:00,79.6503920754796
2026-01-28 06:00:00,79.3475647906065
2026-01-28 12:00:00,80.892454207635
2026-01-28 18:00:00,80.7775974347728
2026-01-29 00:00:00,79.0176965434674
2026-01-29 06:00:00,78.7444277271216
2026-01-29 12:00:00,78.6940475694789
2026-01-29 18:00:00,78.86613401209
2026-01-30 00:00:00,78.1308784373904
2026-01-30 06:00:00,78.5842775667641
2026-01-30 12:00:00,78.4331366372872
2026-01-30 18:00:00,77.8896024430773
2026-01-31 00:00:00,77.3673349473963
2026-01-31 06:00:00,77.3839109605227
2026-01-31 12:00:00,77.9128362369448
2026-01-31 18:00:00,77.5176957374073
2026-02-01 00:00:00,77.4930351378081
2026-02-01 06:00:00,76.2856761934908
2026-02-01 12:00:00,76.9220584059295
2026-02-01 18:00:00,77.4362332030747
2026-02-02 00:00:00,75.4178492002946
2026-02-02 06:00:00,76.0671468597734
2026-02-02 12:00:00,76.4722396561245
2026-02-02 18:00:00,75.9213810334819
2026-02-03 00:00:00,76.2567527232827
2026-02-03 06:00:00,75.5736376775651
2026-02-03 12:00:00,75.6959482254103
2026-02-03 18:00:00,75.8883044579644
2026-02-04 00:00:00,75.5941159056966
2026-02-04 06:00:00,74.7559472103995
2026-02-04 12:00:00,74.4846737686212
2026-02-04 18:00:00,75.3359195775845
2026-02-05 00:00:00,73.9903290247206
2026-02-05 06:00:00,74.7237284313896
2026-02-05 12:00:00,74.0085928691754
2026-02-05 18:00:00,74.7171823124705
2026-02-06 00:00:00,72.5507708132372
2026-02-06 06:00:00,74.091170009125
2026-02-06 12:00:00,72.8359018290032
2026-02-06 18:00:00,73.6945812350397
2026-02-07 00:00:00,72.0550975842449
2026-02-07 06:00:00,72.8208443689781
2026-02-07 12:00:00,71.6469384324286
2026-02-07 18:00:00,72.9492027341961
2026-02-08 00:00:00,72.2598393865247
2026-02-08 06:00:00,72.4985415073224
2026-02-08 12:00:00,71.4188295922526
2026-02-08 18:00:00,71.9441006818585
2026-02-09 00:00:00,71.2473260099165
2026-02-09 06:00:00,71.2080051167037
2026-02-09 12:00:00,69.8850370578363
2026-02-09 18:00:00,70.6851400218748
2026-02-10 00:00:00,70.9915662406277
2026-02-10 06:00:00,70.8903014252525
2026-02-10 12:00:00,70.612470898323
2026-02-10 18:00:00,70.3271552904796
2026-02-11 00:00:00,70.8969229838118
2026-02-11 06:00:00,70.0940162332485
2026-02-11 12:00:00,70.1081363032813
2026-02-11 18:00:00,70.5548485807546
2026-02-12 00:00:00,69.953282445639
2026-02-12 06:00:00,70.3206468299974
2026-02-12 12:00:00,69.2197845140745
2026-02-12 18:00:00,70.2047173852451
2026-02-13 00:00:00,83.2652767624026
2026-02-13 06:00:00,69.7162249983342
2026-02-13 12:00:00,68.9852645507544
2026-02-13 18:00:00,68.6881439753778
2026-02-14 00:00:00,69.4235730624099
2026-02-14 06:00:00,68.2106732961021
2026-02-14 12:00:00,69.1518211057801
2026-02-14 18:00:00,69.724642281633
2026-02-15 00:00:00,
2026-02-15 06:00:00,
2026-02-15 12:00:00,
2026-02-15 18:00:00,
2026-02-16 00:00:00,85.6215204836196
2026-02-16 06:00:00,85.2471483390474
2026-02-16 12:00:00,85.2477320593742
2026-02-16 18:00:00,84.7816853358303
2026-02-17 00:00:00,84.6222872036608
2026-02-17 06:00:00,84.7335651538856
2026-02-17 12:00:00,84.9588235076803
2026-02-17 18:00:00,84.8175383753281
2026-02-18 00:00:00,84.3529791460497
2026-02-18 06:00:00,84.2306270549045
2026-02-18 12:00:00,84.1386178625786
2026-02-18 18:00:00,84.5583480035302
2026-02-19 00:00:00,83.6861289491397
2026-02-19 06:00:00,83.2787036654806
2026-02-19 12:00:00,84.0822475305696
2026-02-19 18:00:00,83.3480653759601
2026-02-20 00:00:00,82.2566580404095
2026-02-20 06:00:00,83.2658852219818
2026-02-20 12:00:00,82.6236640217849
2026-02-20 18:00:00,82.7055350260692
2026-02-21 00:00:00,81.6883808271724
2026-02-21 06:00:00,81.1382967384128
2026-02-21 12:00:00,81.8949903099027
2026-02-21 18:00:00,82.4557729008108
2026-02-22 00:00:00,81.981956340844
2026-02-22 06:00:00,82.5057865328885
2026-02-22 12:00:00,81.5375560463699
2026-02-22 18:00:00,82.1367043205837
2026-02-23 00:00:00,81.3032783357563
2026-02-23 06:00:00,80.0052474487688
2026-02-23 12:00:00,80.1303221261341
2026-02-23 18:00:00,81.3964658599516
2026-02-24 00:00:00,81.2209458163517
2026-02-24 06:00:00,81.2566007342479
2026-02-24 12:00:00,80.6746174031658
2026-02-24 18:00:00,80.8433262692414
2026-02-25 00:00:00,80.9954328337547
2026-02-25 06:00:00,81.0411844610515
2026-02-25 12:00:00,80.7989702283868
2026-02-25 18:00:00,80.6291347637082
2026-02-26 00:00:00,79.4457146667477
2026-02-26 06:00:00,80.1574574104529
2026-02-26 12:00:00,80.1365873082073
2026-02-26 18:00:00,79.9893238612566
2026-02-27 00:00:00,79.040821196806
2026-02-27 06:00:00,79.1060319311731
2026-02-27 12:00:00,79.2071228036807
2026-02-27 18:00:00,78.2092537952609
2026-02-28 00:00:00,59.5238049118351
2026-02-28 06:00:00,78.6818817339
2026-02-28 12:00:00,78.4152582060763
2026-02-28 18:00:00,79.0335802149462
2026-03-01 00:00:00,79.1311283559337
2026-03-01 06:00:00,79.4370277788344
2026-03-01 12:00:00,78.963116717408
2026-03-01 18:00:00,79.4778756358499
2026-03-02 00:00:00,78.0122911912236
2026-03-02 06:00:00,79.5954759480525
2026-03-02 12:00:00,77.8796153433541
2026-03-02 18:00:00,79.8883374548212
2026-03-03 00:00:00,77.7630389389396
2026-03-03 06:00:00,77.4089636917742
2026-03-03 12:00:00,78.6318995893656
2026-03-03 18:00:00,78.7313909377869
2026-03-04 00:00:00,79.4844196155413
2026-03-04 06:00:00,76.9747981831232
2026-03-04 12:00:00,77.85668633368
2026-03-04 18:00:00,78.6504402160021
2026-03-05 00:00:00,77.2405518956356
2026-03-05 06:00:00,77.1167414062625
2026-03-05 12:00:00,77.9030273967658
2026-03-05 18:00:00,78.1872602099477
2026-03-06 00:00:00,79.9047287780773
2026-03-06 06:00:00,78.1257457803352
2026-03-06 12:00:00,79.1929243881305
2026-03-06 18:00:00,78.1307597950507
2026-03-07 00:00:00,79.7668264366836
2026-03-07 06:00:00,77.3659684261518
2026-03-07 12:00:00,77.354775765111
2026-03-07 18:00:00,76.8381883045636
2026-03-08 00:00:00,76.9960494880703
2026-03-08 06:00:00,76.9700934736506
2026-03-08 12:00:00,77.1187634817746
2026-03-08 18:00:00,78.9251305559634
2026-03-09 00:00:00,75.986514928563
2026-03-09 06:00:00,76.3371774077961
2026-03-09 12:00:00,75.2465092715185
2026-03-09 18:00:00,76.0302805739562
2026-03-10 00:00:00,76.1704618168733
2026-03-10 06:00:00,
2026-03-10 12:00:00,76.522657697088
2026-03-10 18:00:00,76.9274725283167
2026-03-11 00:00:00,73.8439068169763
2026-03-11 06:00:00,78.0345010494329
2026-03-11 12:00:00,75.7543192665776
2026-03-11 18:00:00,75.574204080427
2026-03-12 00:00:00,74.1814665201982
2026-03-12 06:00:00,75.0987560003757
2026-03-12 12:00:00,76.4425011728336
2026-03-12 18:00:00,76.0816104033584
2026-03-13 00:00:00,75.4424807685058
2026-03-13 06:00:00,74.3827846824795
2026-03-13 12:00:00,72.8972916273996
2026-03-13 18:00:00,75.293384323411
2026-03-14 00:00:00,76.2823435501687
2026-03-14 06:00:00,73.8384104570231
2026-03-14 12:00:00,77.3963721189536
2026-03-14 18:00:00,75.8436357457065
2026-03-15 00:00:00,74.9543765327369
2026-03-15 06:00:00,76.0931530830912
2026-03-15 12:00:00,74.0193900033732
2026-03-15 18:00:00,73.738131260823
2026-03-16 00:00:00,73.1708441204984
2026-03-16 06:00:00,73.4459347249406
2026-03-16 12:00:00,74.6226229402942
2026-03-16 18:00:00,71.2172362590811
2026-03-17 00:00:00,74.8238913416184
2026-03-17 06:00:00,75.0285562989949
2026-03-17 12:00:00,73.3194229099921
2026-03-17 18:00:00,73.580815260543
2026-03-18 00:00:00,73.7589687875049
2026-03-18 06:00:00,75.2245889100377
2026-03-18 12:00:00,75.3859664744104
2026-03-18 18:00:00,74.1893634887699
2026-03-19 00:00:00,73.3233308729165
2026-03-19 06:00:00,74.1086966066299
2026-03-19 12:00:00,73.6415169839946
2026-03-19 18:00:00,72.5392127823447
2026-03-20 00:00:00,72.8910351417818
2026-03-20 06:00:00,73.3689289940273
2026-03-20 12:00:00,74.7690378289906
2026-03-20 18:00:00,73.9160923120048
2026-03-21 00:00:00,75.2821734475924
2026-03-21 06:00:00,82.4958978574944
2026-03-21 12:00:00,72.7946419501285
2026-03-21 18:00:00,74.1417681585173
2026-03-22 00:00:00,73.1089550431175
2026-03-22 06:00:00,74.500452659252
2026-03-22 12:00:00,72.0952291194621
2026-03-22 18:00:00,73.3693128151904
2026-03-23 00:00:00,72.9123583558783
2026-03-23 06:00:00,72.8218963972568
2026-03-23 12:00:00,73.8798817106052
2026-03-23 18:00:00,71.8971417991567
2026-03-24 00:00:00,72.8706515941211
2026-03-24 06:00:00,73.4259800796565
2026-03-24 12:00:00,73.4115276296503
2026-03-24 18:00:00,72.9085409289892
2026-03-25 00:00:00,
2026-03-25 06:00:00,
2026-03-25 12:00:00,
2026-03-25 18:00:00,
2026-03-26 00:00:00,87.3505828274026
2026-03-26 06:00:00,87.2824933671859
2026-03-26 12:00:00,87.3417418664968
2026-03-26 18:00:00,87.7883614064269
2026-03-27 00:00:00,87.7073895297731
2026-03-27 06:00:00,87.0778068935642
2026-03-27 12:00:00,86.9283867793668
2026-03-27 18:00:00,87.3361195888853
2026-03-28 00:00:00,87.4076160701622
2026-03-28 06:00:00,88.1217133580506
2026-03-28 12:00:00,87.5137016527171
2026-03-28 18:00:00,86.6303500334664
2026-03-29 00:00:00,87.9629010582204
2026-03-29 06:00:00,87.3795489378784
2026-03-29 12:00:00,87.3956816464939
2026-03-29 18:00:00,85.513765720883
2026-03-30 00:00:00,85.5915254918008
2026-03-30 06:00:00,86.4737332010097
2026-03-30 12:00:00,86.0369248572089
2026-03-30 18:00:00,87.286410508042
2026-03-31 00:00:00,85.8147847863472
2026-03-31 06:00:00,85.5651745242562
2026-03-31 12:00:00,84.922603602298
2026-03-31 18:00:00,84.3277202758061
2026-04-01 00:00:00,85.0298933647056
2026-04-01 06:00:00,86.6616854050253
2026-04-01 12:00:00,85.9498984405453
2026-04-01 18:00:00,85.018654019302
2026-04-02 00:00:00,86.0105675897245
2026-04-02 06:00:00,85.3965595795437
2026-04-02 12:00:00,85.005630649992
2026-04-02 18:00:00,86.5514739994093
2026-04-03 00:00:00,84.4945288701497
2026-04-03 06:00:00,84.1996289924902
2026-04-03 12:00:00,84.6163036335844
2026-04-03 18:00:00,84.6672557267651
2026-04-04 00:00:00,84.522574010001
2026-04-04 06:00:00,86.17056513288
2026-04-04 12:00:00,83.8411692195096
2026-04-04 18:00:00,84.7005059355937
2026-04-05 00:00:00,83.3209884002075
2026-04-05 06:00:00,84.4256913556258
2026-04-05 12:00:00,85.8401425324889
2026-04-05 18:00:00,85.0306429308523
2026-04-06 00:00:00,85.1372405324434
2026-04-06 06:00:00,84.06884207373
2026-04-06 12:00:00,84.5146842874791
2026-04-06 18:00:00,80.7186800505779
2026-04-07 00:00:00,84.6547817510801
2026-04-07 06:00:00,85.3300480157722
2026-04-07 12:00:00,84.4569048214173
2026-04-07 18:00:00,83.1209874864146
2026-04-08 00:00:00,83.8598098933575
2026-04-08 06:00:00,83.7716370686857
2026-04-08 12:00:00,84.8812541521474
2026-04-08 18:00:00,83.3694751010533
2026-04-09 00:00:00,82.3814270491064
2026-04-09 06:00:00,82.7370497365008
2026-04-09 12:00:00,87.6158861428409
2026-04-09 18:00:00,83.662246167922
2026-04-10 00:00:00,82.2782056388821
2026-04-10 06:00:00,81.4652488838861
2026-04-10 12:00:00,81.0321397555965
2026-04-10 18:00:00,80.6140903118256
