time,per
2024-04-04 21:00:05,
2024-04-05 05:00:05,119.721763332113
2024-04-05 23:00:05,119.576503987696
2024-04-06 02:00:05,118.948331336664
2024-04-06 03:00:05,119.061442546856
2024-04-06 04:00:05,118.865329311876
2024-04-06 05:00:05,119.859383893812
2024-04-06 06:00:05,119.529535877301
2024-04-06 07:00:05,119.407364675475
2024-04-06 09:00:05,119.499849480634
2024-04-06 10:00:05,119.542982901396
2024-04-06 11:00:05,119.104162326224
2024-04-06 12:00:05,119.480441833592
2024-04-06 13:00:05,119.643362921391
2024-04-06 14:00:05,118.891186864937
2024-04-06 15:00:05,119.434828346632
2024-04-06 16:00:05,118.881600837637
2024-04-06 17:00:05,119.052566588617
2024-04-06 18:00:05,118.673868856413
2024-04-06 19:00:05,119.328592772626
2024-04-06 20:00:05,119.690843953324
2024-04-06 21:00:05,119.546326172506
2024-04-06 22:00:05,119.701163862706
2024-04-06 23:00:05,118.990039749762
2024-04-07 00:00:02,119.503475742026
2024-04-07 01:00:05,119.277568322485
2024-04-07 02:00:05,119.891591070538
2024-04-07 03:00:05,119.456479033018
2024-04-07 04:00:05,119.629782606899
2024-04-07 05:00:05,119.760290620973
2024-04-07 07:00:05,118.760903882772
2024-04-07 08:00:05,118.654958151749
2024-04-07 10:00:05,118.837186349931
2024-04-07 11:00:05,120.095305610009
2024-04-07 12:00:05,117.700721452121
2024-04-07 13:00:05,118.946417949164
2024-04-07 14:00:05,118.672393091482
2024-04-07 15:00:05,119.530968696595
2024-04-07 16:00:05,119.086777249414
2024-04-07 17:00:05,119.027075220833
2024-04-07 18:00:05,119.35691360213
2024-04-07 19:00:05,119.151372717007
2024-04-07 20:00:05,119.241860867742
2024-04-07 21:00:05,119.153639238185
2024-04-07 22:00:05,118.840474617551
2024-04-07 23:00:05,119.492643315526
2024-04-08 00:00:02,120.123295563965
2024-04-08 01:00:05,119.576085547682
2024-04-08 02:00:05,119.781393966547
2024-04-08 03:00:05,120.505727063589
2024-04-08 04:00:05,120.144712121296
2024-04-08 05:00:05,118.304568016909
2024-04-08 06:00:05,119.581405013213
2024-04-08 07:00:05,118.952243190058
2024-04-08 12:00:05,143.398477537502
2024-04-08 13:00:05,118.905950710794
2024-04-08 14:00:05,119.17207125927
2024-04-08 15:00:05,119.056706671492
2024-04-08 17:00:05,119.381091931415
2024-04-08 18:00:05,117.899446123753
2024-04-08 19:00:05,119.068879293351
2024-04-08 20:00:05,117.982913153438
2024-04-08 21:00:05,119.975708992379
2024-04-08 22:00:05,118.858680831773
2024-04-08 23:00:05,120.470330900468
2024-04-09 00:00:02,119.77825379402
2024-04-09 01:00:05,119.2712934605
2024-04-09 02:00:05,120.106178120212
2024-04-09 09:00:05,119.704091032208
2024-04-09 10:00:05,118.589656282738
2024-04-09 11:00:05,119.381634962992
2024-04-09 12:00:05,119.242922035541
2024-04-09 13:00:05,118.64244149964
2024-04-09 14:00:05,119.337508272053
2024-04-09 15:00:05,120.370031388931
2024-04-09 16:00:05,119.926073157919
2024-04-09 18:00:05,119.848625763049
2024-04-09 19:00:05,118.978155453672
2024-04-09 20:00:05,119.011091204617
2024-04-09 21:00:05,120.198463375336
2024-04-09 22:00:05,119.974773692599
2024-04-09 23:00:05,119.068379793066
2024-04-10 00:00:01,117.683930154862
2024-04-10 01:00:05,120.101610546265
2024-04-10 02:00:05,119.680046916481
2024-04-10 03:00:05,119.612386890056
2024-04-10 04:00:05,118.164793743325
2024-04-10 05:00:05,119.178487537865
2024-04-10 06:00:05,105.797072973009
2024-04-10 07:00:05,119.145696221489
2024-04-10 08:00:05,119.79541946262
2024-04-10 09:00:05,118.944812914135
2024-04-10 10:00:05,118.568250181629
2024-04-10 11:00:05,118.503676640959
2024-04-10 12:00:05,119.08071347089
2024-04-10 13:00:05,120.568547470238
2024-04-10 14:00:05,119.061442120586
2024-04-10 15:00:05,139.12536553492
2024-04-10 16:00:05,119.001421951555
2024-04-10 17:00:05,118.659610386602
2024-04-10 18:00:05,119.092743038038
2024-04-10 19:00:05,118.409891670991
2024-04-10 20:00:05,118.254581112431
2024-04-10 21:00:05,119.200307133468
2024-04-11 10:00:05,118.801546864665
2024-04-11 12:00:05,117.90229035267
2024-04-11 13:00:05,118.833404927537
2024-04-11 14:00:05,118.387300026262
2024-04-11 15:00:05,120.140270367214
2024-04-11 16:00:05,118.851364585181
2024-04-11 17:00:05,119.316968015052
2024-04-11 18:00:05,118.03901950286
2024-04-11 19:00:05,117.926596089877
2024-04-11 20:00:05,118.63407710558
2024-04-11 21:00:05,118.010131905596
2024-04-11 22:00:05,119.284243334265
2024-04-11 23:00:05,119.346475813255
2024-04-12 00:00:00,118.656040713157
2024-04-12 01:00:05,118.463327460459
2024-04-12 02:00:05,118.447222479594
2024-04-12 03:00:05,119.461215672562
2024-04-12 04:00:05,117.277130436732
2024-04-12 05:00:05,117.855532612454
2024-04-12 06:00:05,118.631425818028
2024-04-12 07:00:05,118.475032632929
2024-04-12 08:00:05,118.510399529886
2024-04-12 09:00:05,118.848593218431
2024-04-12 10:00:06,119.208782959132
2024-04-12 11:00:06,118.810525658417
2024-04-12 12:00:09,119.362049780824
2024-04-12 13:00:09,118.867063332436
2024-04-12 14:00:09,117.12357553358
2024-04-12 15:00:09,117.297662900888
2024-04-12 16:00:09,118.655669726783
2024-04-12 17:00:09,118.676452135089
2024-04-12 18:00:09,119.288522508693
2024-04-12 19:00:09,118.433044186847
2024-04-12 20:00:09,118.93666682166
2024-04-12 21:00:09,119.397122915543
2024-04-12 22:00:09,118.639924572319
2024-04-12 23:00:09,118.584088885045
2024-04-13 00:00:01,118.647438788286
2024-04-13 01:00:09,119.132263588561
2024-04-13 02:00:09,118.748851952966
2024-04-13 03:00:09,120.109814031006
2024-04-13 04:00:09,118.805299111346
2024-04-13 05:00:09,117.962257020861
2024-04-13 06:00:09,117.911081639309
2024-04-13 08:00:09,118.838816804611
2024-04-13 09:00:09,117.531401400092
2024-04-13 10:00:09,118.59108576707
2024-04-13 11:00:09,118.039407033139
2024-04-13 12:00:09,119.372539473517
2024-04-13 13:00:09,117.94052846081
2024-04-13 14:00:09,117.832038512798
2024-04-13 15:00:09,
2024-04-13 16:00:09,117.686213199349
2024-04-13 17:00:09,119.058564540562
2024-04-13 18:00:09,119.494953498009
2024-04-13 19:00:09,118.646769510652
2024-04-13 20:00:09,118.466232773984
2024-04-13 21:00:09,118.823143118009
2024-04-13 22:00:09,117.665180792127
2024-04-13 23:00:09,118.132341256349
2024-04-14 00:00:00,117.714992785438
2024-04-14 01:00:09,119.640772569914
2024-04-14 02:00:09,118.383648924495
2024-04-14 03:00:09,118.304040768646
2024-04-14 04:00:09,118.610474987172
2024-04-14 05:00:09,117.468653236529
2024-04-14 06:00:09,119.38351092154
2024-04-14 07:00:09,118.454977803279
2024-04-14 08:00:09,119.379349290864
2024-04-14 09:00:09,117.651859859256
2024-04-14 10:00:09,117.95545152113
2024-04-14 11:00:09,119.01652219787
2024-04-14 12:00:09,118.880417217853
2024-04-14 13:00:09,119.873604639733
2024-04-14 14:00:09,118.323588986953
2024-04-14 15:00:09,118.742331883807
2024-04-14 16:00:09,118.311305769416
2024-04-14 17:00:09,118.794454423957
2024-04-14 18:00:09,118.374475877658
2024-04-14 19:00:09,117.896632424234
2024-04-15 09:00:09,118.644833003733
2024-04-15 10:00:09,117.552699560731
2024-04-15 11:00:09,118.576407095462
2024-04-15 12:00:09,118.150899800077
2024-04-15 13:00:09,117.989331100359
2024-04-15 14:00:09,117.901821324291
2024-04-15 15:00:09,118.139474831027
2024-04-15 16:00:09,118.132954252337
2024-04-15 17:00:09,118.391049067242
2024-04-15 18:00:09,118.029247121734
2024-04-15 19:00:09,118.801019676552
2024-04-15 20:00:09,117.559640467472
2024-04-15 21:00:09,118.172115653737
2024-04-15 22:00:09,116.288972794228
2024-04-15 23:00:09,117.998934705455
2024-04-16 00:00:01,118.206946749193
2024-04-16 01:00:09,118.927488929718
2024-04-16 02:00:09,118.446958227796
2024-04-16 03:00:09,118.114651211144
2024-04-16 04:00:09,116.479062092941
2024-04-16 05:00:09,116.758670143109
2024-04-16 06:00:09,117.831203238727
2024-04-16 07:00:09,117.536975287134
2024-04-16 08:00:09,118.246939006497
2024-04-16 09:00:09,117.172046202932
2024-04-16 10:00:09,118.687870061827
2024-04-16 11:00:09,117.894161276208
2024-04-16 12:00:01,118.666195624014
2024-04-16 13:00:01,118.278414107709
2024-04-16 14:00:01,118.064376706401
2024-04-16 15:00:01,118.890209015075
2024-04-16 16:00:01,118.738038925124
2024-04-16 17:00:01,118.736948840009
2024-04-16 18:00:01,117.488152722578
2024-04-16 19:00:01,118.822409224774
2024-04-16 20:00:01,118.796060552062
2024-04-16 21:00:01,119.005598439876
2024-04-16 22:00:01,118.346564654345
2024-04-16 23:00:01,117.417132500406
2024-04-17 00:00:00,117.649656122482
2024-04-17 01:00:01,117.624298868482
2024-04-17 02:00:01,119.114226045215
2024-04-17 03:00:01,116.703645001053
2024-04-17 04:00:01,118.559342601432
2024-04-17 05:00:01,118.045087772171
2024-04-17 06:00:01,118.481691624074
2024-04-17 07:00:01,117.826337906895
2024-04-17 08:00:01,116.936708809747
2024-04-17 09:00:01,118.311622616314
2024-04-17 10:00:01,117.405424791503
2024-04-17 11:00:01,118.074297223666
2024-04-17 12:00:01,117.867119917051
2024-04-17 13:00:01,118.530930055435
2024-04-17 14:00:01,116.784739811689
2024-04-17 19:00:00,116.733749623812
2024-04-17 20:00:00,118.430331336172
2024-04-17 21:00:00,118.487547315475
2024-04-17 22:00:00,117.365789361995
2024-04-17 23:00:00,117.933335668109
2024-04-18 00:00:00,117.346752928119
2024-04-18 01:00:00,116.576244034962
2024-04-18 02:00:00,117.966453291099
2024-04-18 03:00:00,116.498312725793
2024-04-18 04:00:00,117.847179574415
2024-04-18 05:00:00,118.91511943326
2024-04-18 06:00:00,118.011663668985
2024-04-18 07:00:00,119.007469553716
2024-04-18 08:00:00,118.046940726026
2024-04-18 11:00:00,116.763859061863
2024-04-18 12:00:00,116.733303302573
2024-04-18 13:00:00,118.945732194368
2024-04-18 14:00:00,119.365233455058
2024-04-18 15:00:00,118.730818762807
2024-04-18 16:00:00,118.533715482817
2024-04-18 17:00:00,118.72466169897
2024-04-18 18:00:00,118.997080673357
2024-04-18 19:00:00,117.585271769815
2024-04-18 20:00:00,116.625637104932
2024-04-18 21:00:00,117.019505356234
2024-04-18 22:00:00,117.011018599375
2024-04-19 00:00:00,
2024-04-19 10:00:00,117.718622340456
2024-04-19 11:00:00,118.449111919601
2024-04-19 12:00:00,119.225552070817
2024-04-19 13:00:00,118.347906707076
2024-04-19 14:00:00,117.345707244246
2024-04-19 15:00:00,118.282269945339
2024-04-19 16:00:00,117.545631365676
2024-04-19 17:00:00,118.829919524426
2024-04-19 18:00:00,117.380116185671
2024-04-19 19:00:00,117.714599116117
2024-04-19 20:00:00,117.241346129989
2024-04-19 21:00:00,116.62706346292
2024-04-19 22:00:00,118.715509740004
2024-04-19 23:00:00,118.158065105138
2024-04-20 00:00:00,118.588463200448
2024-04-20 01:00:00,116.488660615258
2024-04-20 02:00:00,117.729365793646
2024-04-20 03:00:00,118.896793049619
2024-04-20 04:00:00,118.331899284442
2024-04-20 05:00:00,117.989316042122
2024-04-20 06:00:00,118.005824623455
2024-04-20 07:00:00,117.775351269979
2024-04-20 08:00:00,117.854224494378
2024-04-20 09:00:00,117.447051269069
2024-04-20 10:00:00,118.319601241768
2024-04-20 23:00:00,118.264314537404
2024-04-21 00:00:00,117.389092894343
2024-04-21 01:00:00,117.985858481911
2024-04-21 02:00:00,118.575723663213
2024-04-21 03:00:00,117.26090413028
2024-04-21 04:00:00,118.395882704282
2024-04-21 05:00:00,118.273643460477
2024-04-21 06:00:00,117.315990988119
2024-04-21 08:00:00,118.947731581563
2024-04-21 09:00:00,117.263860193362
2024-04-21 10:00:00,117.109210062084
2024-04-21 11:00:00,117.839825130402
2024-04-21 12:00:00,116.876067966719
2024-04-21 13:00:00,118.029743152564
2024-04-21 14:00:00,116.84485206867
2024-04-21 15:00:00,117.339788019745
2024-04-21 16:00:00,117.758515744566
2024-04-21 17:00:00,118.193686110782
2024-04-21 18:00:00,117.904436904049
2024-04-21 19:00:00,117.349252457376
2024-04-21 20:00:00,118.348087751287
2024-04-21 21:00:00,118.587116651254
2024-04-21 22:00:00,116.435524705776
2024-04-21 23:00:00,117.243007948317
2024-04-22 00:00:00,
2024-04-22 00:00:01,
2024-04-22 01:00:00,117.701459124059
2024-04-22 02:00:00,117.891265900098
2024-04-22 03:00:00,116.906509206276
2024-04-22 04:00:00,118.185349731043
2024-04-22 05:00:00,116.99040148125
2024-04-22 06:00:00,117.543372993133
2024-04-22 07:00:00,118.03734047282
2024-04-22 08:00:00,118.001467805527
2024-04-22 10:00:00,118.002550495598
2024-04-22 15:00:07,117.004952448339
2024-04-22 16:00:07,118.436602160115
2024-04-22 17:00:07,117.899381338815
2024-04-22 18:00:07,117.177158628744
2024-04-22 19:00:07,117.968385341274
2024-04-22 20:00:07,118.342594798337
2024-04-22 21:00:07,117.660001974214
2024-04-22 22:00:07,118.311087404223
2024-04-22 23:00:07,118.066763586602
2024-04-23 00:00:00,118.350572908941
2024-04-23 01:00:07,117.3376227474
2024-04-23 02:00:07,117.024760707062
2024-04-23 03:00:07,118.912723870885
2024-04-23 04:00:07,115.900192106037
2024-04-23 05:00:07,118.081940359801
2024-04-23 06:00:07,119.2852526719
2024-04-23 07:00:07,117.210902016839
2024-04-23 08:00:07,117.95915242917
2024-04-23 09:00:07,118.08355306827
2024-04-23 10:00:07,117.50301639547
2024-04-23 11:00:07,117.271198947589
2024-04-23 12:00:07,117.905096268509
2024-04-23 13:00:07,117.361549915698
2024-04-24 11:00:06,117.263258824165
2024-04-24 13:00:08,116.893120294721
2024-04-24 14:00:08,115.804712307164
2024-04-24 15:00:08,117.859035261236
2024-04-24 16:00:08,116.451547701224
2024-04-24 17:00:08,118.64595102461
2024-04-24 18:00:08,118.821459163568
2024-04-24 19:00:08,116.198332675642
2024-04-24 20:00:08,117.817224771099
2024-04-24 21:00:08,116.969873271157
2024-04-24 22:00:08,118.616270016688
2024-04-24 23:00:08,117.184384010227
2024-04-25 00:00:00,117.683846805265
2024-04-25 01:00:08,117.671552927886
2024-04-25 02:00:08,117.47510049678
2024-04-25 03:00:08,118.371587624638
2024-04-25 04:00:08,117.317625251393
2024-04-25 05:00:08,117.370948709672
2024-04-25 06:00:08,116.843835159218
2024-04-25 07:00:08,117.796011873646
2024-04-25 08:00:08,117.183306542051
2024-04-25 10:00:08,117.865178817873
2024-04-25 11:00:08,117.509582932304
2024-04-25 12:00:08,118.027799181535
2024-04-25 13:00:08,118.068024737933
2024-04-25 14:00:08,118.013086934528
2024-04-25 15:00:08,116.917002425973
2024-04-25 16:00:08,116.2534438962
2024-04-25 17:00:08,117.434387784589
2024-04-25 18:00:08,117.095270954977
2024-04-25 19:00:08,117.121264631988
2024-04-25 20:00:08,118.574669283934
2024-04-26 08:00:08,117.667063141698
2024-04-26 09:00:08,116.266581918091
2024-04-26 10:00:08,117.511179431908
2024-04-26 11:00:08,116.745519431605
2024-04-26 12:00:08,116.664599934453
2024-04-26 13:00:08,116.485424244503
2024-04-26 14:00:08,116.937577023888
2024-04-26 15:00:08,116.42764482784
2024-04-26 16:00:08,117.577579595707
2024-04-26 17:00:04,117.241165936572
2024-04-26 18:00:04,116.647247459694
2024-04-26 19:00:04,116.63475861666
2024-04-26 20:00:04,116.102650871979
2024-04-26 21:00:04,116.926289239443
2024-04-26 22:00:04,117.587099899066
2024-04-26 23:00:04,116.065822754371
2024-04-27 00:00:00,117.671522732781
2024-04-27 01:00:04,117.791214428678
2024-04-27 02:00:04,116.660022169484
2024-04-27 03:00:04,117.450147842762
2024-04-27 04:00:04,115.988824279145
2024-04-27 05:00:04,116.534307572582
2024-04-27 06:00:04,117.045897941082
2024-04-27 07:00:04,117.091734108604
2024-04-27 09:00:04,115.182275151108
2024-04-27 10:00:04,117.260201478903
2024-04-27 11:00:04,117.791545176668
2024-04-27 12:00:04,117.416886724245
2024-04-27 13:00:04,116.51441790402
2024-04-27 14:00:04,116.910508189873
2024-04-27 15:00:04,116.298750465376
2024-04-27 16:00:04,116.594299677305
2024-04-27 17:00:04,116.91010462363
2024-04-27 18:00:04,117.036860433343
2024-04-27 19:00:04,115.977076440878
2024-04-27 20:00:04,117.352848946037
2024-04-27 21:00:04,117.231540293861
2024-04-27 22:00:04,117.208037432924
2024-04-27 23:00:04,117.159357223823
2024-04-28 00:00:01,117.265145224506
2024-04-28 01:00:04,116.992373688714
2024-04-28 02:00:04,115.611498980447
2024-04-28 03:00:04,117.326586285566
2024-04-28 04:00:04,115.746722616992
2024-04-28 05:00:04,117.688233308691
2024-04-28 06:00:04,116.563061397594
2024-04-28 07:00:04,117.446012741849
2024-04-28 08:00:04,116.834050093739
2024-04-28 09:00:04,115.475012769773
2024-04-28 10:00:04,
2024-04-28 11:00:04,
2024-04-28 12:00:04,
2024-04-28 13:00:04,117.453778697429
2024-04-28 14:00:04,116.469666358064
2024-04-28 15:00:04,116.361065146998
2024-04-28 16:00:04,117.155666117953
2024-04-28 17:00:04,116.986141108117
2024-04-28 18:00:04,117.152141521332
2024-04-28 19:00:04,116.889408569137
2024-04-28 20:00:04,117.463682957595
2024-04-28 21:00:04,116.62704133712
2024-04-28 22:00:04,117.744726877913
2024-04-28 23:00:04,116.694110809003
2024-04-29 00:00:00,115.711792534501
2024-04-29 01:00:04,115.925500853798
2024-04-29 03:00:04,117.37995091647
2024-04-29 04:00:04,115.698770214971
2024-05-14 15:00:08,116.747680318331
2024-05-14 17:00:08,115.901885596501
2024-05-14 18:00:08,115.704781332557
2024-05-14 19:00:08,116.986596033578
2024-05-14 20:00:08,116.608306173829
2024-05-14 21:00:08,116.366426435469
2024-05-14 22:00:08,116.524716973554
2024-05-14 23:00:08,117.111190218429
2024-05-15 00:00:00,116.837679504497
2024-05-15 01:00:08,116.881381470932
2024-05-15 02:00:08,99.8818144993838
2024-05-15 03:00:08,116.308436438692
2024-05-15 04:00:08,115.778782833894
2024-05-15 05:00:08,114.727634299126
2024-05-15 06:00:08,116.262681759682
2024-05-15 10:00:08,116.875774261791
2024-05-15 11:00:08,115.880032870351
2024-05-15 12:00:08,116.50018819844
2024-05-15 13:00:08,115.758022590764
2024-05-15 14:00:08,117.308760360127
2024-05-15 15:00:08,115.479452384455
2024-05-15 16:00:08,115.757310494474
2024-05-15 17:00:08,116.633492890903
2024-05-15 18:00:08,116.513758233223
2024-05-15 19:00:08,116.543096944526
2024-05-15 20:00:08,114.929377540584
2024-05-15 21:00:08,118.220530186987
2024-05-15 22:00:08,117.311970347125
2024-05-15 23:00:08,115.765021157449
2024-05-16 00:00:00,117.095486369822
2024-05-16 01:00:08,115.407135475254
2024-05-16 02:00:08,117.06683846735
2024-05-16 03:00:08,116.307619185748
2024-05-16 04:00:08,117.843954000162
2024-05-16 05:00:08,117.879500505431
2024-05-16 06:00:08,117.484840088763
2024-05-16 07:00:08,116.170817374138
2024-05-16 08:00:08,116.689695083304
2024-05-16 09:00:08,116.322445058091
2024-05-16 10:00:08,116.964208941257
2024-05-16 11:00:08,115.977639488628
2024-05-16 12:00:08,115.36530473668
2024-05-16 13:00:08,117.569153733473
2024-05-16 14:00:08,116.607820033545
2024-05-16 15:00:08,115.499715495577
2024-05-16 16:00:08,116.966035537089
2024-05-16 17:00:08,116.670087260439
2024-05-16 18:00:08,115.987686461106
2024-05-16 19:00:08,115.698058251294
2024-05-16 20:00:08,117.966655638971
2024-05-16 21:00:08,116.392673832568
2024-05-16 22:00:08,117.302786908264
2024-05-16 23:00:08,115.990100229329
2024-05-17 00:00:00,115.122465819266
2024-05-17 01:00:08,116.967650735676
2024-05-17 02:00:08,115.318251448644
2024-05-17 03:00:08,116.332692335621
2024-05-17 04:00:08,115.914531926536
2024-05-17 05:00:08,116.851467058347
2024-05-17 06:00:08,116.649136456317
2024-05-17 07:00:08,117.851466720974
2024-05-17 09:00:08,115.776252862346
2024-05-17 10:00:08,116.377119158173
2024-05-17 11:00:08,115.718474168407
2024-05-17 12:00:08,115.790418996341
2024-05-17 13:00:08,114.977736435793
2024-05-17 14:00:08,115.311155928372
2024-05-17 15:00:08,117.287890990319
2024-05-17 16:00:08,116.093968210245
2024-05-17 17:00:08,115.577146950801
2024-05-17 18:00:08,116.613598611166
2024-05-17 19:00:08,116.493505373394
2024-05-17 20:00:08,117.280596594138
2024-05-17 21:00:08,115.297660634669
2024-05-17 22:00:08,114.779040127816
2024-05-17 23:00:08,118.313545188648
2024-05-18 00:00:00,116.718569505373
2024-05-18 01:00:08,116.661389999174
2024-05-18 02:00:08,115.106648894282
2024-05-18 03:00:08,114.23088272425
2024-05-18 04:00:08,116.972117262395
2024-05-18 05:00:08,115.332240068923
2024-05-18 17:00:08,115.280972366008
2024-05-18 19:00:08,116.099948753067
2024-05-18 20:00:08,115.293244110426
2024-05-18 21:00:08,116.913471699401
2024-05-18 22:00:08,116.484554304756
2024-05-18 23:00:08,117.270834048637
2024-05-19 00:00:01,116.829433833701
2024-05-19 01:00:08,114.798578867388
2024-05-19 02:00:08,115.731938656736
2024-05-19 03:00:08,116.691277835185
2024-05-19 04:00:08,116.521656196728
2024-05-19 05:00:08,115.167365825876
2024-05-19 06:00:08,115.655197644376
2024-05-19 07:00:08,115.618931343767
2024-05-19 11:00:08,114.799387361925
2024-05-19 12:00:08,115.765584975569
2024-05-19 13:00:08,115.517015335995
2024-05-19 14:00:08,114.094467932354
2024-05-19 15:00:08,115.872267250604
2024-05-19 16:00:08,116.444402052111
2024-05-19 17:00:08,118.382876690373
2024-05-19 18:00:08,116.538184253146
2024-05-19 19:00:08,117.253553897294
2024-05-19 20:00:08,115.95945066364
2024-05-19 21:00:08,115.835145542454
2024-05-19 22:00:08,116.588260429941
2024-05-19 23:00:08,115.325601027187
2024-05-20 00:00:00,115.963525554301
2024-05-20 01:00:08,115.942706083498
2024-05-20 02:00:08,116.199155682863
2024-05-20 03:00:08,115.073151702674
2024-05-20 04:00:08,116.953596348615
2024-05-20 05:00:08,116.456844846827
2024-05-20 06:00:08,116.345462179083
2024-05-20 07:00:08,116.335676854474
2024-05-20 08:00:08,114.563206594745
2024-05-20 09:00:08,116.391739158041
2024-05-20 10:00:08,115.405958711547
2024-05-20 11:00:08,116.237859419421
2024-05-20 12:00:08,116.478307090798
2024-05-20 13:00:08,116.527966442951
2024-05-20 14:00:08,115.629400941047
2024-05-20 15:00:08,116.145183261587
2024-05-20 16:00:08,114.849262139567
2024-05-20 17:00:08,116.705049799277
2024-05-20 18:00:08,115.919504163767
2024-05-20 19:00:08,116.278456846804
2024-05-20 20:00:08,115.305802798703
2024-05-20 21:00:08,115.738100338935
2024-05-20 22:00:08,115.133169516054
2024-05-20 23:00:08,116.072835782061
2024-05-21 00:00:01,114.428145934049
2024-05-21 01:00:08,114.819281116384
2024-05-21 02:00:08,115.347157980887
2024-05-21 03:00:08,115.664128968742
2024-05-21 04:00:08,115.476981387141
2024-05-21 05:00:08,115.430913265319
2024-05-21 06:00:08,115.842077696442
2024-05-21 07:00:08,115.411380093061
2024-05-21 08:00:08,115.851040513527
2024-05-21 10:00:08,115.907578288752
2024-05-21 11:00:08,115.358987069391
2024-05-21 12:00:08,116.060160653569
2024-05-21 13:00:08,
2024-05-21 14:00:08,
2024-05-21 15:00:08,110.142035554252
2024-05-21 16:00:08,117.130673661656
2024-05-21 17:00:08,117.009478323734
2024-05-21 18:00:08,116.438737664069
2024-05-21 19:00:08,116.142939201955
2024-05-21 20:00:08,114.880731059572
2024-05-21 21:00:08,116.034373044827
2024-05-21 22:00:08,116.847590174404
2024-05-21 23:00:08,114.183122552427
2024-05-22 00:00:02,116.187503840066
2024-05-22 01:00:08,115.272793871529
2024-05-22 02:00:08,115.52559913875
2024-05-22 03:00:08,117.781125860685
2024-05-22 04:00:08,115.680443170257
2024-05-22 05:00:08,114.295929548839
2024-05-22 06:00:08,115.778909169339
2024-05-22 07:00:08,114.782876600419
2024-05-22 08:00:08,114.988338092165
2024-05-22 23:00:08,117.033217133739
2024-05-23 01:00:08,114.464053671055
2024-05-23 02:00:08,115.416575908552
2024-05-23 03:00:08,115.643173938727
2024-05-23 04:00:08,115.925486391564
2024-05-23 05:00:08,115.181072715826
2024-05-23 06:00:08,114.806107237912
2024-05-23 07:00:08,114.252145814416
2024-05-23 08:00:08,115.588499411768
2024-05-23 10:00:08,114.980125172076
2024-05-23 11:00:08,115.517154987867
2024-05-23 12:00:08,115.056209935913
2024-05-23 13:00:08,116.641664725449
2024-05-23 14:00:08,115.735141084878
2024-05-23 15:00:08,115.642677460913
2024-05-23 16:00:08,114.263576794333
2024-05-23 17:00:08,116.97707336981
2024-05-23 18:00:08,115.473041125049
2024-05-23 19:00:08,114.628886904131
2024-05-23 20:00:08,115.570787100584
2024-05-23 21:00:08,114.998624046533
2024-05-23 22:00:08,115.856186982118
2024-05-23 23:00:08,115.031477979306
2024-05-24 00:00:02,115.41189827419
2024-05-24 01:00:08,114.566115372213
2024-05-24 02:00:08,116.765800691149
2024-05-24 03:00:08,116.588512197509
2024-05-24 04:00:08,114.807673129537
2024-05-24 05:00:08,115.413927425437
2024-05-24 06:00:08,114.756000979693
2024-05-24 09:00:08,115.532422026802
2024-05-24 10:00:08,116.540993840802
2024-05-24 11:00:08,115.677172337772
2024-05-24 12:00:08,113.689988769397
2024-05-24 13:00:08,114.685466493597
2024-05-24 14:00:08,114.592749246359
2024-05-24 15:00:08,114.051495373179
2024-05-24 16:00:08,116.537651086987
2024-05-24 17:00:08,114.73614882663
2024-05-24 18:00:08,115.641392320725
2024-05-24 19:00:08,115.994333270012
2024-05-24 20:00:08,115.655315042289
2024-05-24 21:00:08,115.851985765848
2024-05-24 22:00:08,114.547228456475
2024-05-24 23:00:08,115.057321425016
2024-05-25 00:00:01,114.607101855721
2024-05-25 01:00:08,115.067490877883
2024-05-25 02:00:08,115.907568171601
2024-05-25 03:00:08,114.727402997805
2024-05-25 04:00:08,115.235045425551
2024-05-25 05:00:08,116.355258765626
2024-05-25 06:00:08,115.614647656025
2024-05-25 07:00:08,115.522723341426
2024-05-25 09:00:08,115.004281332287
2024-05-25 10:00:08,114.964238582738
2024-05-25 11:00:08,115.512123799192
2024-05-25 12:00:08,115.516091705417
2024-05-25 13:00:08,115.873150659056
2024-05-25 14:00:08,114.193939698557
2024-05-25 15:00:08,117.452836248314
2024-05-25 16:00:08,114.013824310028
2024-05-25 17:00:08,115.465236377825
2024-05-25 18:00:08,115.674725569056
2024-05-25 19:00:08,114.783985466944
2024-05-25 20:00:08,114.653393044942
2024-05-25 21:00:08,115.312370278929
2024-05-25 22:00:08,116.639730612057
2024-05-25 23:00:08,115.02754682256
2024-05-26 00:00:00,115.431358776965
2024-05-26 00:00:01,115.046602414114
2024-05-26 01:00:08,131.090740708486
2024-05-26 02:00:08,114.379138101985
2024-05-26 03:00:08,113.968706008255
2024-05-26 04:00:08,115.220951571609
2024-05-26 05:00:08,115.05116880761
2024-05-26 06:00:08,114.809653352112
2024-05-26 07:00:08,116.232752669139
2024-05-26 08:00:08,115.539944793554
2024-05-26 10:00:08,91.972540403471
2024-05-26 11:00:08,115.067351363674
2024-05-26 12:00:08,113.911683166871
2024-05-27 05:00:08,114.460172012657
2024-05-27 08:00:08,115.455569920555
2024-05-27 11:00:08,114.949308149257
2024-05-27 13:00:08,115.089704130838
2024-05-27 15:00:07,114.996400636911
2024-05-27 16:00:07,115.558253862965
2024-05-27 17:00:07,115.622646847153
2024-05-27 18:00:07,115.121772039391
2024-05-27 19:00:07,114.313280711733
2024-05-27 20:00:07,114.873391919367
2024-05-27 21:00:07,115.842103500544
2024-05-27 22:00:07,115.52499199316
2024-05-27 23:00:07,115.038784016642
2024-05-28 00:00:00,114.920166638086
2024-05-28 01:00:07,114.797874639441
2024-05-28 02:00:07,114.975747518992
2024-05-28 03:00:07,114.887257600619
2024-05-28 04:00:07,114.753464158002
2024-05-28 05:00:07,115.423131553831
2024-05-28 06:00:07,114.594533105625
2024-05-28 07:00:07,115.117347056002
2024-05-28 08:00:07,114.583615840635
2024-05-28 10:00:07,115.021923992634
2024-05-28 11:00:07,114.313700549405
2024-05-28 12:00:07,114.430512640973
2024-05-28 13:00:07,114.777715632781
2024-05-28 14:00:07,115.251966262418
2024-05-28 15:00:07,114.416264897025
2024-05-28 16:00:07,115.020303813914
2024-05-28 17:00:07,114.777049094958
2024-05-28 18:00:07,114.801666799246
2024-05-28 19:00:07,115.326671351141
2024-05-28 20:00:07,115.150656041072
2024-05-28 21:00:07,113.722561724011
2024-05-28 22:00:07,113.47861257421
2024-05-28 23:00:07,115.041005563315
2024-05-29 00:00:01,115.866475051205
2024-05-29 01:00:07,114.835579141192
2024-05-29 02:00:07,114.07201004533
2024-05-29 03:00:07,114.759911612179
2024-05-29 04:00:07,115.260087869594
2024-05-29 05:00:07,114.198728833605
2024-05-29 06:00:07,115.316684559054
2024-05-29 07:00:07,115.613961224432
2024-05-29 08:00:07,115.189230686423
2024-05-29 10:00:07,115.474667543667
2024-05-29 11:00:05,115.38380201328
2024-05-29 12:00:05,113.849936553238
2024-05-29 13:00:05,114.1469938509
2024-05-29 14:00:05,115.180405107789
2024-05-29 15:00:05,112.106546129026
2024-05-29 16:00:05,116.263345618087
2024-05-29 17:00:05,115.367879773295
2024-05-29 18:00:05,114.68124549
2024-05-29 19:00:05,115.988973506281
2024-05-29 20:00:05,114.426683225133
2024-05-29 21:00:05,114.614382518952
2024-05-29 22:00:05,113.717018898124
2024-05-29 23:00:05,115.881920211731
2024-05-30 00:00:01,115.184524891948
2024-05-30 01:00:05,114.862362986746
2024-05-30 02:00:05,114.678733727049
2024-05-30 03:00:05,115.485066187423
2024-05-30 04:00:05,114.856262890923
2024-05-30 05:00:05,113.180229920643
2024-05-30 06:00:05,114.086210443627
2024-05-30 07:00:05,114.57820824098
2024-05-30 08:00:05,116.577693378316
2024-05-30 09:00:05,116.245301043986
2024-05-30 10:00:05,113.728017319095
2024-05-30 11:00:08,115.867408239961
2024-05-30 12:00:08,114.275840632075
2024-05-30 13:00:08,115.318385504332
2024-05-30 14:00:08,113.966733506656
2024-05-30 15:00:05,114.187162309262
2024-05-30 16:00:05,112.905300681051
2024-05-31 05:00:05,115.026632451959
2024-05-31 06:00:05,115.445019520505
2024-05-31 10:00:05,116.074003325979
2024-05-31 12:00:08,113.914314330979
2024-05-31 13:00:08,115.952090034487
2024-05-31 14:00:08,113.818614861188
2024-05-31 15:00:08,115.082193831163
2024-05-31 16:00:08,114.214882905375
2024-05-31 17:00:08,114.704449112768
2024-05-31 18:00:08,113.264124534086
2024-05-31 19:00:08,115.14580874749
2024-05-31 20:00:08,114.640099727563
2024-05-31 21:00:08,113.748138744519
2024-05-31 22:00:08,114.463688386736
2024-05-31 23:00:08,115.93416840184
2024-06-01 00:00:01,124.058791986601
2024-06-01 01:00:08,116.154068285337
2024-06-01 02:00:08,119.111142800454
2024-06-01 03:00:08,118.186931578036
2024-06-01 04:00:08,116.561294577198
2024-06-01 05:00:08,111.720336230548
2024-06-01 06:00:08,117.638238417778
2024-06-01 08:00:08,115.390030294712
2024-06-01 09:00:08,111.814992813724
2024-06-03 10:00:07,
2024-06-03 11:00:07,
2024-06-03 12:00:07,
2024-06-03 13:00:07,
2024-06-03 14:00:07,
2024-06-03 15:00:07,
2024-06-03 16:00:07,
2024-06-03 17:00:07,
2024-06-03 18:00:07,
2024-06-03 19:00:07,
2024-06-04 11:00:05,130.455611580294
2024-06-04 12:00:05,129.917862022904
2024-06-04 13:00:05,132.694729453879
2024-06-04 14:00:05,129.12033293661
2024-06-04 15:00:05,129.653131195038
2024-06-04 16:00:05,131.144362721625
2024-06-04 17:00:05,130.266553677229
2024-06-04 18:00:05,129.746871026304
2024-06-04 19:00:05,132.678339459913
2024-06-04 20:00:05,129.986823230341
2024-06-04 21:00:05,131.849316053695
2024-06-04 22:00:05,131.176438866536
2024-06-04 23:00:05,129.432302950931
2024-06-05 00:00:00,129.638598392941
2024-06-05 01:00:05,132.809130407313
2024-06-05 02:00:05,129.211089048835
2024-06-05 03:00:05,132.348791540988
2024-06-05 04:00:05,128.400991141171
2024-06-05 05:00:05,130.478693508138
2024-06-05 06:00:05,131.069135202515
2024-06-05 07:00:05,131.820620052205
2024-06-05 08:00:05,134.010832325206
2024-06-05 09:00:05,124.467932192074
2024-06-05 10:00:05,130.231784101497
2024-06-05 11:00:05,131.289895433134
2024-06-05 12:00:05,131.848164879397
2024-06-05 13:00:05,129.149114996097
2024-06-05 14:00:05,129.35264892302
2024-06-05 15:00:05,132.963250211758
2024-06-05 16:00:05,131.09539981488
2024-06-05 17:00:05,130.34961269357
2024-06-05 18:00:05,128.614907732669
2024-06-05 19:00:05,131.296249647768
2024-06-05 20:00:05,130.159411507516
2024-06-05 21:00:05,129.625837885746
2024-06-05 22:00:05,130.771168669312
2024-06-05 23:00:05,131.847155200278
2024-06-06 00:00:00,127.891797238859
2024-06-06 01:00:05,129.958916390729
2024-06-06 02:00:05,127.150586811379
2024-06-06 03:00:05,128.614569194617
2024-06-06 04:00:05,131.419655664842
2024-06-06 05:00:05,130.657572871962
2024-06-06 06:00:05,130.236425570722
2024-06-06 08:00:05,129.302663513101
2024-06-06 09:00:05,130.749486492857
2024-06-06 10:00:05,130.266543419503
2024-06-06 11:00:05,129.196835130394
2024-06-06 12:00:05,133.826825203452
2024-06-06 13:00:05,124.722809967996
2024-06-06 14:00:05,135.809864911868
2024-06-06 15:00:05,128.645055203861
2024-06-06 16:00:05,132.645315911938
2024-06-06 17:00:05,125.187551447437
2024-06-06 18:00:05,132.300765846684
2024-06-06 19:00:05,133.199342331026
2024-06-06 20:00:05,127.58926236102
2024-06-06 21:00:05,130.210040178381
2024-06-06 22:00:05,132.817756681868
2024-06-06 23:00:05,132.516452133687
2024-06-07 00:00:00,122.178377259913
2024-06-07 01:00:05,131.754370223231
2024-06-07 02:00:05,130.387993883721
2024-06-07 03:00:05,125.164138677638
2024-06-07 04:00:05,136.127330537751
2024-06-07 05:00:05,131.9629065765
2024-06-07 06:00:05,127.940402251233
2024-06-07 07:00:05,128.036236445588
2024-06-07 08:00:05,126.24676895721
2024-06-07 09:00:05,128.191246554428
2024-06-07 11:00:05,132.034734541129
2024-06-07 12:00:05,128.470415349396
2024-06-07 13:00:05,129.27705480633
2024-06-07 14:00:05,131.902412987872
2024-06-07 15:00:05,128.29834357941
2024-06-07 16:00:05,135.702361033394
2024-06-07 17:00:05,122.000691024438
2024-06-07 18:00:05,
2024-06-07 19:00:05,
2024-06-07 20:00:05,
2024-06-07 21:00:05,
2024-06-07 22:00:05,
2024-06-08 00:00:01,129.041397336559
2024-06-08 01:00:05,130.064777452655
2024-06-08 15:00:05,134.295888567555
2024-06-08 16:00:05,131.657651512062
2024-06-08 17:00:05,127.375008332844
2024-06-08 18:00:05,134.903284726528
2024-06-08 19:00:05,134.909882576129
2024-06-08 20:00:05,135.836803115669
2024-06-08 21:00:05,128.611921513475
2024-06-08 22:00:05,133.397946595875
2024-06-08 23:00:05,133.008876478384
2024-06-09 00:00:01,132.863619551575
2024-06-09 01:00:05,127.167584040665
2024-06-09 02:00:05,126.82279086243
2024-06-09 03:00:05,134.310509944673
2024-06-09 04:00:05,131.607012402026
2024-06-09 05:00:05,130.154584322508
2024-06-09 06:00:05,130.66279415767
2024-06-09 07:00:05,130.222838791528
2024-06-09 09:00:05,127.873437225162
2024-06-09 10:00:05,127.015247251319
2024-06-09 11:00:05,138.088130923793
2024-06-09 12:00:05,130.764233833583
2024-06-09 13:00:05,125.324830080294
2024-06-09 14:00:05,132.799329547672
2024-06-09 15:00:05,134.090111901757
2024-06-09 16:00:05,138.630943579858
2024-06-09 17:00:05,130.859538521791
2024-06-09 18:00:05,128.255104206996
2024-06-09 19:00:05,128.507938210626
2024-06-09 20:00:05,134.905475241427
2024-06-09 21:00:05,123.612919521032
2024-06-09 22:00:05,131.346542472598
2024-06-09 23:00:05,129.114892231662
2024-06-10 00:00:02,131.616160451555
2024-06-10 01:00:05,136.056033193121
2024-06-10 02:00:05,130.546563283814
2024-06-10 03:00:05,115.547030918352
2024-06-10 04:00:05,125.724808262871
2024-06-10 05:00:05,125.223335965042
2024-06-10 07:00:05,128.185427671244
2024-06-10 09:00:05,131.544758976609
2024-06-10 10:00:05,132.211968019936
2024-06-10 11:00:05,123.994236190615
2024-06-10 12:00:05,124.765081355185
2024-06-10 13:00:05,133.907036871439
2024-06-10 14:00:05,134.485938091018
2024-06-10 15:00:05,128.734075629924
2024-06-10 16:00:05,127.354728224333
2024-06-10 17:00:05,134.514807313969
2024-06-10 18:00:05,126.194895287276
2024-06-10 19:00:05,124.315663338033
2024-06-10 20:00:05,120.645388729599
2024-06-10 21:00:05,130.470951369971
2024-06-10 22:00:05,131.004273149414
2024-06-10 23:00:05,132.10323903136
2024-06-11 00:00:02,128.073998156494
2024-06-11 01:00:05,126.328872801954
2024-06-11 02:00:05,127.292586937639
2024-06-11 03:00:05,126.621032320653
2024-06-11 04:00:05,129.19791094343
2024-06-11 05:00:05,131.481815214469
2024-06-11 06:00:05,120.548190310592
2024-06-11 07:00:05,131.213517267335
2024-06-11 09:00:05,134.651410389714
2024-06-11 10:00:05,128.233664206471
2024-06-11 11:00:05,132.084903836757
2024-06-11 12:00:05,129.056801162099
2024-06-11 13:00:05,134.802823170249
2024-06-11 14:00:05,122.845192479901
2024-06-11 15:00:05,126.027577653903
2024-06-11 16:00:05,131.67857174956
2024-06-11 17:00:05,126.426837226543
2024-06-11 18:00:05,129.904825392524
2024-06-11 19:00:05,136.526431409659
2024-06-11 20:00:05,123.554945633255
2024-06-11 21:00:05,138.199463173841
2024-06-11 22:00:05,129.911997560346
2024-06-11 23:00:05,127.016156426686
2024-06-12 00:00:01,130.343829232036
2024-06-12 01:00:05,129.172368161858
2024-06-12 02:00:05,129.741764200242
2024-06-12 03:00:05,132.365436770084
2024-06-12 04:00:05,132.884932583051
2024-06-12 16:00:05,131.144486166785
2024-06-12 18:00:05,136.932555919557
2024-06-12 19:00:05,131.377812385123
2024-06-12 20:00:05,131.268804298936
2024-06-12 21:00:05,136.119871709343
2024-06-12 22:00:05,127.695638353192
2024-06-12 23:00:05,130.799453036002
2024-06-13 00:00:01,130.338958264214
2024-06-13 01:00:05,126.965822068216
2024-06-13 02:00:05,128.992857520042
2024-06-13 03:00:05,127.992840573699
2024-06-13 04:00:05,133.555647405661
2024-06-13 05:00:05,125.704213758288
2024-06-13 06:00:05,128.857677011095
2024-06-13 07:00:05,131.075824693982
2024-06-13 09:00:05,126.256382403569
2024-06-13 10:00:05,132.606059115859
2024-06-13 11:00:05,124.227167826038
2024-06-13 12:00:05,131.792088098193
2024-06-13 13:00:05,128.102236529173
2024-06-13 14:00:05,128.914205152133
2024-06-13 15:00:05,130.69353843264
2024-06-13 16:00:05,127.572696049166
2024-06-13 17:00:05,132.641930428715
2024-06-13 18:00:05,134.756371942598
2024-06-13 19:00:05,133.381224435336
2024-06-13 20:00:05,128.828985683632
2024-06-13 21:00:05,134.643468976112
2024-06-13 22:00:05,128.511021040049
2024-06-13 23:00:05,123.407457587326
2024-06-14 00:00:02,130.691634115304
2024-06-14 01:00:05,131.814079940086
2024-06-14 02:00:05,130.837361460659
2024-06-14 03:00:05,128.608236840797
2024-06-14 04:00:05,126.361130873426
2024-06-14 05:00:05,135.096750361397
2024-06-14 06:00:05,123.836469534339
2024-06-14 07:00:05,125.899040022922
2024-06-14 08:00:05,134.138806064224
2024-06-14 09:00:05,132.429702270871
2024-06-14 10:00:05,130.342767171301
2024-06-14 11:00:05,128.462927310009
2024-06-14 12:00:05,
2024-06-14 13:00:05,
2024-06-14 14:00:05,129.228767624099
2024-06-14 15:00:05,114.499691835984
2024-06-14 16:00:05,129.921600500857
2024-06-14 17:00:05,130.80677260116
2024-06-14 18:00:05,133.583319421373
2024-06-14 19:00:05,127.217018336141
2024-06-14 20:00:05,125.566505858499
2024-06-14 21:00:05,133.071068741597
2024-06-14 22:00:05,128.947826218667
2024-06-14 23:00:05,133.639547747857
2024-06-15 00:00:02,130.665923092229
2024-06-15 01:00:05,125.4826166222
2024-06-15 02:00:05,126.130293005593
2024-06-15 03:00:05,133.489146202665
2024-06-15 04:00:05,131.909797401879
2024-06-15 05:00:05,128.438734224327
2024-06-15 06:00:05,126.685711533662
2024-06-15 07:00:05,131.466895022641
2024-06-15 08:00:05,129.495700669109
2024-06-15 09:00:05,123.312685079013
2024-06-15 10:00:05,127.840548970542
2024-06-15 11:00:05,133.053587377977
2024-06-15 12:00:05,128.855008551391
2024-06-15 13:00:05,134.820345307863
2024-06-15 14:00:05,129.724409711434
2024-06-15 15:00:05,131.546559375913
2024-06-15 16:00:05,128.316442794705
2024-06-15 17:00:05,131.219432200897
2024-06-15 18:00:05,132.352469256095
2024-06-15 19:00:05,
2024-06-15 20:00:05,131.712909388091
2024-06-15 21:00:05,123.481591880327
2024-06-15 22:00:05,126.647996592848
2024-06-15 23:00:05,133.123376478188
2024-06-16 00:00:02,125.34610159888
2024-06-16 01:00:05,127.648403552891
2024-06-16 02:00:05,132.427990077164
2024-06-16 03:00:05,131.355640067306
2024-06-16 04:00:05,127.00320434915
2024-06-16 05:00:05,130.59474859498
2024-06-16 06:00:05,120.439492539469
2024-06-16 07:00:05,127.326446640228
2024-06-16 21:00:05,129.540189938051
2024-06-16 22:00:05,129.718033699569
2024-06-16 23:00:05,141.707047590422
2024-06-17 01:00:05,129.47026274758
2024-06-17 02:00:05,129.861034744118
2024-06-17 03:00:05,124.786104760122
2024-06-17 04:00:05,128.043592817668
2024-06-17 05:00:05,134.587128181211
2024-06-17 06:00:05,123.977040565751
2024-06-17 07:00:05,132.009253584903
2024-06-17 08:00:05,132.62442226056
2024-06-17 11:00:05,131.604225074801
2024-06-17 12:00:05,135.05683689707
2024-06-17 13:00:05,129.815889617107
2024-06-17 14:00:05,129.513636847325
2024-06-17 15:00:05,123.79650859016
2024-06-17 16:00:05,131.053356172994
2024-06-17 17:00:05,130.288886752866
2024-06-17 18:00:05,126.474712483262
2024-06-17 19:00:05,124.423719904765
2024-06-17 20:00:05,123.284719138987
2024-06-17 21:00:05,133.129195643761
2024-06-17 22:00:05,126.747266161612
2024-06-17 23:00:05,137.17653951465
2024-06-18 00:00:02,135.97598537543
2024-06-18 01:00:05,127.003508011992
2024-06-18 02:00:05,133.397070410315
2024-06-18 03:00:05,119.529295351611
2024-06-18 04:00:05,133.805387114952
2024-06-18 05:00:05,129.843043568375
2024-06-18 06:00:05,123.848308649568
2024-06-18 08:00:05,134.61405024411
2024-06-18 09:00:05,131.693286759898
2024-06-18 10:00:05,126.100750615959
2024-06-18 11:00:05,124.975164061222
2024-06-18 12:00:05,127.584919562915
2024-06-18 13:00:05,128.923684735051
2024-06-18 14:00:05,127.722980546207
2024-06-18 15:00:05,128.07172496902
2024-06-18 16:00:05,133.701797604959
2024-06-18 17:00:05,138.145176617631
2024-06-18 18:00:05,136.346217377637
2024-06-18 19:00:05,127.252218925232
2024-06-18 20:00:05,128.697878786145
2024-06-18 21:00:05,126.923968617018
2024-06-18 23:00:05,120.972805194509
2024-06-19 00:00:01,128.868749173992
2024-06-19 01:00:05,134.659497828064
2024-06-19 02:00:05,133.170766945117
2024-06-19 03:00:05,125.534549311737
2024-06-19 04:00:05,126.669412676037
2024-06-19 05:00:05,126.137398946942
2024-06-19 06:00:05,133.194919811257
2024-06-19 07:00:05,133.651741801
2024-06-19 08:00:05,126.686037825952
2024-06-19 09:00:05,130.24515014409
2024-06-19 10:00:05,123.046760129303
2024-06-19 11:00:05,124.924349454512
2024-06-19 12:00:05,123.198452344755
2024-06-19 13:00:05,130.611727084396
2024-06-19 14:00:05,127.928866590108
2024-06-19 15:00:05,134.85264225796
2024-06-19 16:00:05,133.000591865252
2024-06-19 17:00:05,129.494897652045
2024-06-19 18:00:05,126.029956273645
2024-06-19 19:00:05,126.119712953755
2024-06-19 20:00:05,129.699780245185
2024-06-19 21:00:05,129.99191785849
2024-06-19 22:00:05,125.647877481769
2024-06-19 23:00:05,127.778292623754
2024-06-20 00:00:02,
2024-06-20 01:00:05,124.585623897894
2024-06-20 02:00:05,135.335730830116
2024-06-20 03:00:05,121.44515373748
2024-06-20 04:00:05,131.273675471837
2024-06-20 05:00:05,127.381601266489
2024-06-20 06:00:05,126.324539158423
2024-06-20 08:00:05,131.038097882336
2024-06-20 09:00:05,126.602057998296
2024-06-20 10:00:05,122.011382863168
2024-06-20 11:00:05,124.263259163943
2024-06-20 12:00:05,122.639054303067
2024-06-20 23:00:05,134.412392031579
2024-06-21 00:00:00,127.696241202876
2024-06-21 01:00:05,128.125117752183
2024-06-21 02:00:05,136.495198912428
2024-06-21 03:00:05,130.161683643907
2024-06-21 04:00:05,129.261713850714
2024-06-21 05:00:05,131.979228841788
2024-06-21 06:00:05,131.093517377087
2024-06-21 09:00:05,130.299321606557
2024-06-21 10:00:05,125.350154801339
2024-06-21 11:00:05,134.62824456782
2024-06-21 12:00:05,125.698310025712
2024-06-21 13:00:05,134.883045922709
2024-06-21 14:00:05,129.371777716165
2024-06-21 15:00:05,137.473815054598
2024-06-21 16:00:05,124.137201576129
2024-06-21 17:00:05,127.280982879808
2024-06-21 18:00:05,133.606466554176
2024-06-21 19:00:05,133.666355245485
2024-06-21 20:00:05,
2024-06-21 21:00:05,
2024-06-21 22:00:05,
2024-06-21 23:00:05,
2024-06-22 00:00:00,127.741787610607
2024-06-22 01:00:05,127.346976964555
2024-06-22 02:00:05,124.406528189797
2024-06-22 03:00:05,131.004213166848
2024-06-22 04:00:05,131.753861976109
2024-06-22 05:00:05,133.222270438138
2024-06-22 06:00:05,132.145053035008
2024-06-22 07:00:05,131.705700095726
2024-06-22 09:00:05,124.889471162866
2024-06-22 10:00:05,136.563145497694
2024-06-22 11:00:05,128.939129695519
2024-06-22 12:00:05,130.684869946878
2024-06-22 13:00:05,131.694107150863
2024-06-22 15:00:05,126.948266975239
2024-06-22 16:00:05,127.499534555106
2024-06-22 17:00:05,131.05729070744
2024-06-22 18:00:05,128.217900626671
2024-06-22 19:00:05,122.597588686492
2024-06-22 20:00:05,129.82885050644
2024-06-22 21:00:05,124.855453191236
2024-06-22 22:00:05,130.12330382316
2024-06-22 23:00:05,122.788556023766
2024-06-23 00:00:00,132.211718168984
2024-06-23 01:00:05,134.536552217543
2024-06-23 02:00:05,129.489401809413
2024-06-23 03:00:05,120.313162364978
2024-06-23 04:00:05,126.251034642938
2024-06-23 05:00:05,130.269237094165
2024-06-23 06:00:05,127.340379893436
2024-06-23 07:00:05,129.982353959985
2024-06-23 08:00:05,128.271725136282
2024-06-23 09:00:05,132.203328731409
2024-06-23 10:00:05,127.456529243476
2024-06-23 11:00:05,137.652389969738
2024-06-23 12:00:05,128.908512841261
2024-06-23 13:00:05,133.290624092354
2024-06-23 14:00:05,129.460192508881
2024-06-23 15:00:05,132.471339945084
2024-06-23 16:00:05,131.14977184814
2024-06-23 17:00:05,129.072656999949
2024-06-23 18:00:05,123.708771649784
2024-06-23 19:00:05,119.184064927554
2024-06-23 21:00:05,132.112656043138
2024-06-23 22:00:05,118.61904524104
2024-06-23 23:00:05,131.87133090572
2024-06-24 00:00:01,138.50515192437
2024-06-24 01:00:05,134.426655645343
2024-06-24 02:00:05,127.881712362985
2024-06-24 03:00:05,135.339098124602
2024-06-24 04:00:05,160.347275917469
2024-06-24 05:00:05,130.165010237648
2024-06-24 06:00:05,126.648645673552
2024-06-24 07:00:05,127.320826317682
2024-06-24 08:00:05,136.937886768055
2024-06-24 09:00:05,130.0946790652
2024-06-24 10:00:05,124.612726136284
2024-06-24 11:00:05,127.075880905885
2024-06-24 12:00:05,127.203643777351
2024-06-24 13:00:05,129.463946636514
2024-06-24 14:00:05,126.377004302301
2024-06-25 04:00:05,126.629130685343
2024-06-25 05:00:05,130.100794510574
2024-06-25 06:00:05,130.155227927559
2024-06-25 07:00:05,139.586902419959
2024-06-25 08:00:05,131.977829027489
2024-06-25 09:00:05,133.282356471451
2024-06-25 10:00:05,130.537869665895
2024-06-25 12:00:05,137.797998771166
2024-06-25 13:00:05,122.884988442503
2024-06-25 14:00:05,127.120092124428
2024-06-25 15:00:05,136.038343616691
2024-06-25 16:00:05,125.976438599121
2024-06-25 17:00:05,125.777378085498
2024-06-25 18:00:05,129.22992324099
2024-06-25 19:00:05,129.607985969815
2024-06-25 20:00:05,135.655306427135
2024-06-25 21:00:05,127.858384921728
2024-06-25 22:00:05,135.209859320173
2024-06-25 23:00:05,131.550343187533
2024-06-26 00:00:00,135.820007397604
2024-06-26 01:00:05,134.605537390711
2024-06-26 02:00:05,134.151290703409
2024-06-26 03:00:05,125.932213917077
2024-06-26 04:00:05,133.85085293744
2024-06-26 05:00:05,130.125425767443
2024-06-26 06:00:05,135.218912935978
2024-06-26 07:00:05,130.436940336197
2024-06-26 08:00:05,130.088213664353
2024-06-26 09:00:05,134.63768088462
2024-06-26 10:00:05,128.354118852048
2024-06-26 11:00:05,126.227492174724
2024-06-26 12:00:05,132.236416008752
2024-06-26 13:00:05,130.209378772578
2024-06-26 14:00:05,128.827835866458
2024-06-26 15:00:05,130.474437146071
2024-06-26 16:00:05,130.182596110988
2024-06-26 17:00:05,125.786269152988
2024-06-26 18:00:05,125.841924792262
2024-06-26 19:00:05,123.735656076317
2024-06-26 20:00:05,130.357338407635
2024-06-26 21:00:05,125.670342202952
2024-06-26 22:00:05,122.085375476084
2024-06-26 23:00:05,132.63694523616
2024-06-27 00:00:01,135.346399718186
2024-06-27 01:00:05,130.317092595155
2024-06-27 02:00:05,132.970723930608
2024-06-27 03:00:05,131.132666899118
2024-06-27 04:00:05,127.9701393575
2024-06-27 05:00:05,128.459564712638
2024-06-27 06:00:05,119.221669074823
2024-06-27 07:00:05,122.950888927238
2024-06-27 08:00:05,131.184277366385
2024-06-27 10:00:05,127.087096642528
2024-06-27 11:00:05,134.764873809067
2024-06-27 12:00:05,124.690563090878
2024-06-27 13:00:05,128.012375146846
2024-06-27 14:00:05,131.276383059706
2024-06-27 15:00:05,138.826664220008
2024-06-27 16:00:05,129.240651333282
2024-06-27 17:00:05,130.10639711516
2024-06-27 18:00:05,125.428586160281
2024-06-27 19:00:05,130.319345329187
2024-06-27 20:00:05,121.137684915715
2024-06-27 21:00:05,133.201655795824
2024-06-27 22:00:05,127.718375494614
2024-06-27 23:00:05,127.280350364747
2024-06-28 00:00:01,129.544057458889
2024-06-28 01:00:05,130.84252831584
2024-06-28 02:00:05,121.366715609116
2024-06-28 03:00:05,124.933046641538
2024-06-28 04:00:05,125.901275888214
2024-06-28 05:00:05,130.088565245687
2024-06-28 06:00:05,132.501670128043
2024-06-28 07:00:05,129.87953736488
2024-06-28 08:00:05,131.505787179493
2024-06-28 09:00:05,120.925273016792
2024-06-28 10:00:05,125.09771705661
2024-06-28 12:00:05,134.961519996781
2024-06-28 13:00:05,129.361549137039
2024-06-28 14:00:05,124.098589212397
2024-06-28 16:00:05,131.77012394483
2024-06-28 17:00:05,124.753434033191
2024-06-28 18:00:05,131.174126281754
2024-06-29 08:00:05,101.017497936126
2024-06-29 09:00:05,119.939921620296
2024-06-29 10:00:05,124.772413214117
2024-06-29 11:00:05,129.086452656147
2024-06-29 12:00:05,127.489100227182
2024-06-29 13:00:05,120.466529146119
2024-06-29 14:00:05,131.268996609812
2024-06-29 15:00:05,126.355069710958
2024-06-29 16:00:05,127.872616719119
2024-06-29 18:00:05,137.277739538837
2024-06-29 19:00:05,131.754835120892
2024-06-29 20:00:05,126.120840675496
2024-06-29 21:00:05,135.503587269974
2024-06-29 22:00:05,126.506603760494
2024-06-29 23:00:05,130.064486935167
2024-06-30 00:00:01,121.570497425421
2024-06-30 01:00:05,130.81648479315
2024-06-30 02:00:05,129.345765170538
2024-06-30 03:00:05,131.611177910698
2024-06-30 04:00:05,128.616112937674
2024-06-30 05:00:05,129.92120240911
2024-06-30 06:00:05,129.475590409388
2024-06-30 07:00:05,130.522274826207
2024-06-30 08:00:05,132.194513759848
2024-06-30 09:00:05,130.79113474488
2024-06-30 11:00:05,122.841177453618
2024-06-30 12:00:05,135.082410597031
2024-06-30 13:00:05,129.799809719848
2024-06-30 14:00:05,128.231897006333
2024-06-30 15:00:05,130.815292580069
2024-06-30 16:00:05,128.703547231303
2024-06-30 17:00:05,121.055408888124
2024-06-30 18:00:05,121.12518772841
2024-06-30 19:00:05,128.921139752001
2024-06-30 20:00:05,119.713532083616
2024-06-30 21:00:05,120.304771424716
2024-06-30 22:00:05,132.581989146619
2024-06-30 23:00:05,132.912732231814
2024-07-01 00:00:00,129.926415345634
2024-07-01 01:00:05,125.72384260355
2024-07-01 02:00:05,127.760007273475
2024-07-01 03:00:05,125.199735898762
2024-07-01 04:00:05,133.450305650037
2024-07-01 05:00:05,126.007324272865
2024-07-01 06:00:05,134.009810095336
2024-07-01 07:00:05,128.89130738468
2024-07-01 08:00:05,124.804866571679
2024-07-01 09:00:05,131.634777071669
2024-07-01 11:00:03,133.03757330523
2024-07-01 12:00:03,124.329326802888
2024-07-01 13:00:03,124.786039186316
2024-07-01 14:00:03,129.722811808058
2024-07-01 15:00:03,127.926444932066
2024-07-01 16:00:03,123.578506836584
2024-07-01 17:00:03,129.075084601547
2024-07-01 18:00:03,125.183241085294
2024-07-01 19:00:03,132.358519358208
2024-07-01 20:00:03,127.619263763015
2024-07-01 21:00:03,126.663179228868
2024-07-01 22:00:03,130.445825228871
2024-07-01 23:00:03,129.291222680393
2024-07-02 00:00:00,133.185228484158
2024-07-02 01:00:03,123.996688988798
2024-07-02 02:00:03,126.739185295414
2024-07-02 03:00:03,125.804244910972
2024-07-02 04:00:03,122.682209375863
2024-07-02 05:00:03,130.1134586865
2024-07-02 06:00:03,128.84335726621
2024-07-02 07:00:03,129.156121783808
2024-07-02 08:00:03,129.439413275489
2024-07-02 09:00:03,129.846831392713
2024-07-02 10:00:03,135.189351346055
2024-07-02 11:00:03,127.83956887363
2024-07-02 12:00:03,127.038111033769
2024-07-02 13:00:03,129.835985016308
2024-07-02 14:00:03,127.571605736327
2024-07-02 15:00:03,126.829473202788
2024-07-02 16:00:03,129.205061649399
2024-07-02 17:00:03,134.42388421479
2024-07-02 18:00:03,134.813889037395
2024-07-02 19:00:03,130.1041776825
2024-07-02 20:00:03,127.735232998681
2024-07-02 21:00:03,130.540043275358
2024-07-02 22:00:03,127.553009214548
2024-07-02 23:00:03,126.369144198166
2024-07-03 12:00:03,126.98177970545
2024-07-03 13:00:03,127.870160191473
2024-07-03 14:00:03,128.948179680591
2024-07-03 15:00:03,123.177643152825
2024-07-03 16:00:03,131.031275816418
2024-07-03 17:00:03,129.352596209838
2024-07-03 18:00:03,133.465621265845
2024-07-03 19:00:03,128.9283839036
2024-07-03 20:00:03,128.364200026198
2024-07-03 21:00:03,128.255594578794
2024-07-03 22:00:03,130.436517170087
2024-07-03 23:00:03,129.012010068188
2024-07-04 00:00:00,129.315105912483
2024-07-04 01:00:03,123.369094330738
2024-07-04 02:00:03,125.272410990148
2024-07-04 03:00:03,126.114203815814
2024-07-04 04:00:03,126.717972594721
2024-07-04 05:00:03,125.263520031444
2024-07-04 06:00:03,131.232372258657
2024-07-04 09:00:03,131.819102505945
2024-07-04 10:00:03,129.422636777513
2024-07-04 11:00:03,126.967499198383
2024-07-04 12:00:03,132.367331007099
2024-07-04 13:00:03,129.111944643181
2024-07-04 14:00:03,128.741934057922
2024-07-04 15:00:03,128.314927360914
2024-07-04 16:00:03,134.112657186685
2024-07-04 18:00:03,123.158366185612
2024-07-05 00:00:03,132.46047571934
2024-07-05 06:00:03,128.197470389526
2024-07-05 12:00:03,127.404039651443
2024-07-05 18:00:03,129.597466273104
2024-07-06 00:00:03,132.894669368229
2024-07-06 06:00:03,129.646185781446
2024-07-06 12:00:03,130.36286107242
2024-07-06 18:00:03,131.082610334615
2024-07-07 00:00:03,129.710557387436
2024-07-07 06:00:03,130.367778116988
2024-07-07 12:00:03,127.012220805828
2024-07-07 18:00:03,130.568876689198
2024-07-08 00:00:03,128.244122516346
2024-07-08 06:00:03,133.231703877798
2024-07-08 12:00:03,130.83708433684
2024-07-08 18:00:03,130.93195142103
2024-07-09 00:00:03,129.043324316795
2024-07-09 06:00:03,129.308557029604
2024-07-09 12:00:03,136.004095299492
2024-07-09 18:00:03,125.849802572635
2024-07-10 00:00:03,128.873327645326
2024-07-10 06:00:03,126.609926222907
2024-07-10 12:00:03,130.435226226367
2024-07-10 18:00:03,129.259431512917
2024-07-11 00:00:03,130.829153760368
2024-07-11 06:00:03,125.813041222421
2024-07-11 12:00:03,127.693757509527
2024-07-11 18:00:03,133.129869533439
2024-07-12 00:00:03,133.894551310358
2024-07-12 06:00:03,134.200129440669
2024-07-12 12:00:03,128.868656207688
2024-07-12 18:00:03,124.673497452955
2024-07-13 00:00:03,126.532390458622
2024-07-13 06:00:03,129.952540832819
2024-07-13 12:00:03,125.386339348474
2024-07-13 18:00:03,123.797911701474
2024-07-14 00:00:03,132.441821951822
2024-07-14 06:00:03,133.637949471665
2024-07-14 12:00:03,132.033876243042
2024-07-14 18:00:03,130.753360161751
2024-07-15 00:00:03,130.254846331725
2024-07-15 06:00:03,128.270350986016
2024-07-15 12:00:03,129.049843998331
2024-07-15 18:00:03,125.108683752849
2024-07-16 00:00:03,129.591817779755
2024-07-16 06:00:03,123.625491303302
2024-07-16 12:00:03,129.688656012595
2024-07-16 18:00:03,126.762589673646
2024-07-17 00:00:03,130.876126227802
2024-07-17 06:00:03,128.731460368416
2024-07-17 12:00:03,127.644171537886
2024-07-17 18:00:03,128.778842339469
2024-07-18 00:00:03,132.318923045771
2024-07-18 06:00:03,127.053173882655
2024-07-18 12:00:03,129.31465361619
2024-07-18 18:00:03,128.109246503059
2024-07-19 00:00:03,127.443512103087
2024-07-19 06:00:03,129.262502315432
2024-07-19 12:00:03,130.350931500492
2024-07-19 18:00:03,130.230247646436
2024-07-20 00:00:03,130.691469242605
2024-07-20 06:00:03,128.843855739004
2024-07-20 12:00:03,130.135289071165
2024-07-20 18:00:03,127.609303638964
2024-07-21 00:00:03,121.295410981869
2024-07-21 06:00:03,
2024-07-21 12:00:03,
2024-07-21 18:00:03,
2024-07-22 00:00:03,
2024-07-22 06:00:03,
2024-07-22 12:00:03,131.36255690153
2024-07-22 18:00:03,124.704121322736
2024-07-23 00:00:03,127.181576671388
2024-07-23 06:00:03,129.410145616295
2024-07-23 12:00:03,129.905200374983
2024-07-23 18:00:03,123.781560534641
2024-07-24 00:00:03,128.832541876967
2024-07-24 06:00:03,134.864897258793
2024-07-24 12:00:03,126.341676132106
2024-07-24 18:00:03,125.903872652795
2024-07-25 00:00:03,123.009336205512
2024-07-25 06:00:03,130.076882308942
2024-07-25 12:00:03,127.939544400866
2024-07-25 18:00:03,124.68490355562
2024-07-26 00:00:03,128.501006534433
2024-07-26 06:00:03,126.993983686426
2024-07-26 12:00:03,122.18376503884
2024-07-26 18:00:03,129.742611261739
2024-07-27 00:00:03,125.085021518632
2024-07-27 06:00:03,127.356868837044
2024-07-27 12:00:03,131.963236805151
2024-07-27 18:00:03,129.034014229637
2024-07-28 00:00:03,126.834381264829
2024-07-28 06:00:03,126.576292463278
2024-07-28 12:00:03,135.29751204105
2024-07-28 18:00:03,129.364842956043
2024-07-29 00:00:03,124.921611525654
2024-07-29 06:00:03,129.508446191429
2024-07-29 12:00:03,128.509340400688
2024-07-29 18:00:03,129.051933316922
2024-07-30 00:00:03,130.367573053521
2024-07-30 06:00:03,130.056332836741
2024-07-30 12:00:03,125.225587921642
2024-07-30 18:00:03,128.723795118989
2024-07-31 00:00:03,126.476768395777
2024-07-31 06:00:03,129.474256841887
2024-07-31 12:00:03,126.990959057042
2024-07-31 18:00:03,129.79684458367
2024-08-01 00:00:03,128.440787947437
2024-08-01 06:00:03,128.156178760434
2024-08-01 12:00:03,126.214176505635
2024-08-01 18:00:03,127.605350560046
2024-08-02 00:00:03,127.321092546577
2024-08-02 06:00:03,127.343475177415
2024-08-02 12:00:03,124.676159735943
2024-08-02 18:00:03,121.961266345835
2024-08-03 00:00:03,126.116798785329
2024-08-03 06:00:03,125.903596516879
2024-08-03 12:00:03,128.453828083438
2024-08-03 18:00:03,128.664775373882
2024-08-04 00:00:03,128.530632252785
2024-08-04 06:00:03,126.362710970617
2024-08-04 12:00:03,128.307432873568
2024-08-04 18:00:03,129.204071687846
2024-08-05 00:00:03,128.434538106334
2024-08-05 06:00:03,126.935061891142
2024-08-05 12:00:03,127.314549337184
2024-08-05 18:00:03,124.873579584071
2024-08-06 00:00:03,124.475923838125
2024-08-06 06:00:03,127.91986419245
2024-08-06 12:00:03,126.583871972227
2024-08-06 18:00:03,124.079771731562
2024-08-07 00:00:03,127.515247942122
2024-08-07 06:00:03,124.97893001598
2024-08-07 12:00:03,126.542564196119
2024-08-07 18:00:03,128.699463733601
2024-08-08 00:00:03,126.38129720537
2024-08-08 06:00:03,128.797097947981
2024-08-08 12:00:03,125.339990025028
2024-08-08 18:00:03,125.243297193528
2024-08-09 00:00:03,126.757610797374
2024-08-09 06:00:03,127.012440724212
2024-08-09 12:00:03,125.740323758976
2024-08-09 18:00:03,127.000127455553
2024-08-10 00:00:03,
2024-08-10 06:00:03,
2024-08-10 12:00:03,
2024-08-10 18:00:03,
2024-08-11 00:00:03,131.398518604164
2024-08-11 06:00:03,132.107832796227
2024-08-11 12:00:03,132.331103510822
2024-08-11 18:00:03,132.272022347271
2024-08-12 00:00:03,130.51246649044
2024-08-12 06:00:03,131.565135707364
2024-08-12 12:00:03,130.872459678309
2024-08-12 18:00:03,133.033584406705
2024-08-13 00:00:03,131.061605826427
2024-08-13 06:00:03,131.678613612784
2024-08-13 12:00:03,130.105093502478
2024-08-13 18:00:03,131.428076651959
2024-08-14 00:00:03,130.505111616806
2024-08-14 06:00:03,130.147176131235
2024-08-14 12:00:03,130.439113098667
2024-08-14 18:00:03,133.889657038665
2024-08-15 00:00:03,129.343902317983
2024-08-15 06:00:03,129.735280213968
2024-08-15 12:00:03,131.527322746919
2024-08-15 18:00:03,129.749890098922
2024-08-16 00:00:03,130.347431771866
2024-08-16 06:00:03,133.685536164201
2024-08-16 12:00:03,132.353116982365
2024-08-16 18:00:03,131.281713424946
2024-08-17 00:00:03,129.784698149227
2024-08-17 06:00:03,128.844644882627
2024-08-17 12:00:03,132.475674357094
2024-08-17 18:00:03,129.748989930783
2024-08-18 00:00:03,132.089536783696
2024-08-18 06:00:03,129.985878584653
2024-08-18 12:00:03,129.357377433902
2024-08-18 18:00:03,129.370303964366
2024-08-19 00:00:03,129.864617501795
2024-08-19 06:00:03,128.144072497021
2024-08-19 12:00:03,129.536376849965
2024-08-19 18:00:03,127.495566287803
2024-08-20 00:00:03,130.313020442529
2024-08-20 06:00:03,129.840976129084
2024-08-20 12:00:03,128.448856019889
2024-08-20 18:00:03,129.278274112523
2024-08-21 00:00:03,132.450482270036
2024-08-21 06:00:03,132.013606835925
2024-08-21 12:00:03,131.44102852927
2024-08-21 18:00:03,127.701513849052
2024-08-22 00:00:03,128.80666772517
2024-08-22 06:00:03,130.463779500974
2024-08-22 12:00:03,127.583485586208
2024-08-22 18:00:03,127.823426796261
2024-08-23 00:00:03,130.257718794617
2024-08-23 06:00:03,131.33676629863
2024-08-23 12:00:03,133.233198795752
2024-08-23 18:00:03,131.028095413867
2024-08-24 00:00:03,132.598677514555
2024-08-24 06:00:03,129.410351545426
2024-08-24 12:00:03,132.158751572422
2024-08-24 18:00:03,129.370292936239
2024-08-25 00:00:03,128.017166324337
2024-08-25 06:00:03,130.086514952326
2024-08-25 12:00:03,128.563555559219
2024-08-25 18:00:03,129.853296666488
2024-08-26 00:00:03,130.731708565883
2024-08-26 06:00:03,129.011524913192
2024-08-26 12:00:03,129.69255068271
2024-08-26 23:00:01,129.482326281663
2024-08-27 00:00:00,129.182600852708
2024-08-27 01:00:01,131.006434512295
2024-08-27 02:00:01,131.237011949126
2024-08-27 03:00:01,126.330056214462
2024-08-27 04:00:01,165.146955934656
2024-08-27 05:00:01,129.087932127626
2024-08-27 06:00:01,129.609367432696
2024-08-27 07:00:01,131.62724175342
2024-08-27 08:00:01,130.063673429672
2024-08-27 09:00:01,130.45919194901
2024-08-27 10:00:01,131.835196595606
2024-08-27 11:00:01,129.630175106707
2024-08-27 12:00:01,131.727025273503
2024-08-27 13:00:01,132.414651659746
2024-08-27 14:00:01,128.202530039556
2024-08-27 15:00:01,126.550656124971
2024-08-27 16:00:01,128.322398321798
2024-08-27 17:00:01,128.937622894692
2024-08-27 18:00:01,128.405149781274
2024-08-27 19:00:01,127.853332533732
2024-08-27 20:00:01,127.391723717693
2024-08-27 21:00:01,125.549144505233
2024-08-27 22:00:01,130.814689974551
2024-08-27 23:00:01,129.031394281823
2024-08-28 00:00:01,128.549037233071
2024-08-28 01:00:01,128.398011984376
2024-08-28 02:00:01,127.588043238407
2024-08-28 03:00:01,130.295804425579
2024-08-28 04:00:01,125.729484575058
2024-08-28 05:00:01,128.857041372556
2024-08-28 06:00:01,129.885592552368
2024-08-28 07:00:01,127.98030493892
2024-08-28 08:00:01,130.478399580801
2024-08-28 09:00:01,128.642383459685
2024-08-28 10:00:01,130.429301669942
2024-08-28 11:00:01,128.051681357832
2024-08-28 12:00:01,128.795604839412
2024-08-28 13:00:01,130.206079718252
2024-08-28 14:00:01,130.119287839909
2024-08-28 15:00:01,130.157338569028
2024-08-28 16:00:01,125.996376091542
2024-08-28 17:00:01,129.60038251881
2024-08-28 18:00:01,127.555270266102
2024-08-28 19:00:01,130.370044989077
2024-08-28 20:00:01,129.949556592821
2024-08-28 21:00:01,130.015488791986
2024-08-28 22:00:01,130.142210570525
2024-08-28 23:00:01,128.528321770386
2024-08-29 00:00:00,127.135239574899
2024-08-29 01:00:01,125.776082589512
2024-08-29 02:00:01,131.025941777894
2024-08-29 03:00:01,127.630778036424
2024-08-29 04:00:01,132.725513374484
2024-08-29 05:00:01,129.435775168783
2024-08-29 06:00:01,128.978222020345
2024-08-29 07:00:01,129.059096407224
2024-08-29 08:00:01,128.263601424217
2024-08-29 09:00:01,131.09518638262
2024-08-29 10:00:01,130.7712341797
2024-08-29 11:00:01,128.553605291543
2024-08-29 12:00:01,129.151386572888
2024-08-29 13:00:01,127.529685726133
2024-08-29 14:00:01,132.486299951663
2024-08-29 15:00:01,129.422035669313
2024-08-29 16:00:01,131.40492862219
2024-08-29 17:00:01,130.112818641067
2024-08-29 18:00:01,129.922073964966
2024-08-29 19:00:01,128.695170716892
2024-08-29 20:00:01,133.190396873273
2024-08-29 21:00:01,127.508681965157
2024-08-29 22:00:01,132.06843422803
2024-08-29 23:00:01,132.20364893998
2024-08-30 00:00:00,129.7276407363
2024-08-30 01:00:01,127.295866965551
2024-08-30 02:00:01,127.866337034626
2024-08-30 03:00:01,129.439787389824
2024-08-30 04:00:01,128.94172766254
2024-08-30 05:00:01,128.773899649237
2024-08-30 06:00:01,129.347764292957
2024-08-30 07:00:01,131.871639982971
2024-08-30 08:00:01,127.826408426144
2024-08-30 09:00:01,126.752866790389
2024-08-30 10:00:01,127.182448664148
2024-08-30 11:00:01,151.448393560927
2024-08-30 12:00:01,127.325304617938
2024-08-30 13:00:01,132.809409366314
2024-08-31 04:00:01,130.307516680853
2024-08-31 05:00:01,126.080732095575
2024-08-31 06:00:01,126.331086498619
2024-08-31 07:00:01,127.649356861729
2024-08-31 09:00:01,126.213845054728
2024-08-31 10:00:01,126.744058436601
2024-08-31 11:00:01,127.837430114011
2024-08-31 12:00:01,128.119674747241
2024-08-31 13:00:01,130.449271048154
2024-08-31 14:00:01,129.17608105414
2024-08-31 15:00:01,129.197256554309
2024-08-31 16:00:01,133.3410024126
2024-08-31 17:00:01,128.756602774423
2024-08-31 18:00:01,129.896052777181
2024-08-31 19:00:01,128.578494054387
2024-08-31 20:00:01,132.053044625746
2024-08-31 21:00:01,127.241326302365
2024-08-31 22:00:01,131.354653352061
2024-08-31 23:00:01,126.840196951932
2024-09-01 00:00:01,127.75864203957
2024-09-01 01:00:01,126.94224546194
2024-09-01 02:00:01,128.540731452286
2024-09-01 03:00:01,127.905445737341
2024-09-01 04:00:01,126.270982112271
2024-09-01 05:00:01,127.097037714331
2024-09-01 06:00:01,129.261367513251
2024-09-01 07:00:01,127.442253935982
2024-09-01 08:00:01,128.578952253016
2024-09-01 09:00:01,127.487109097975
2024-09-01 10:00:01,128.694484266033
2024-09-01 11:00:01,128.951788252709
2024-09-01 12:00:01,128.896510171001
2024-09-01 13:00:01,128.383032827147
2024-09-01 14:00:01,128.239951168957
2024-09-01 15:00:01,127.263702279718
2024-09-01 16:00:01,127.274364171503
2024-09-02 12:00:01,126.472000373068
2024-09-02 13:00:01,128.282888249127
2024-09-02 14:00:01,128.113647942132
2024-09-02 15:00:01,127.543827847714
2024-09-02 16:00:01,128.591672560571
2024-09-02 17:00:01,128.386334727964
2024-09-02 18:00:01,128.673969090111
2024-09-02 19:00:01,127.833600886995
2024-09-02 20:00:01,127.842413779455
2024-09-02 21:00:01,126.448745895053
2024-09-02 22:00:01,127.939785725749
2024-09-02 23:00:01,127.517332817207
2024-09-03 00:00:00,126.618589565569
2024-09-03 01:00:01,127.018031225022
2024-09-03 02:00:01,127.789145941453
2024-09-03 03:00:01,127.03080540992
2024-09-03 04:00:01,126.260761336987
2024-09-03 05:00:01,125.810180657358
2024-09-03 06:00:01,128.475653544677
2024-09-03 07:00:01,126.63044164998
2024-09-03 08:00:01,126.32822901737
2024-09-03 09:00:01,126.246136107095
2024-09-03 10:00:01,127.0421682104
2024-09-03 11:00:01,126.927764667507
2024-09-03 12:00:01,126.794928496658
2024-09-03 13:00:01,125.483041887308
2024-09-03 14:00:01,125.693788546535
2024-09-03 15:00:01,127.240838097673
2024-09-03 16:00:01,127.758635975919
2024-09-03 17:00:01,127.474584462626
2024-09-03 18:00:01,125.475002544793
2024-09-04 07:00:01,125.901214032669
2024-09-04 08:00:01,126.560048946254
2024-09-04 09:00:01,125.869250608151
2024-09-04 10:00:01,126.015868228019
2024-09-04 11:00:01,125.392315004283
2024-09-04 12:00:01,125.744707818168
2024-09-04 13:00:01,127.257988235427
2024-09-04 14:00:01,126.084893052202
2024-09-04 15:00:01,126.161233645214
2024-09-04 16:00:01,126.816127062837
2024-09-04 17:00:01,126.24309097652
2024-09-04 18:00:01,127.467099687336
2024-09-04 19:00:01,126.000918453611
2024-09-04 20:00:01,
2024-09-04 21:00:01,
2024-09-04 22:00:01,126.740600736861
2024-09-04 23:00:01,126.078186753045
2024-09-05 00:00:00,124.242604721599
2024-09-05 01:00:01,125.163625750724
2024-09-05 02:00:01,124.078819685977
2024-09-05 03:00:01,126.215127560059
2024-09-05 04:00:01,125.204399691662
2024-09-05 05:00:01,125.80311458274
2024-09-05 06:00:01,125.590004131869
2024-09-05 07:00:01,125.404018761382
2024-09-05 08:00:01,125.584783771077
2024-09-05 09:00:01,126.594389810731
2024-09-05 11:00:01,126.058171984059
2024-09-05 12:00:01,125.410932884994
2024-09-05 13:00:01,126.128559667746
2024-09-05 14:00:01,118.399312456158
2024-09-05 15:00:01,125.895966431752
2024-09-05 16:00:01,124.267965598334
2024-09-05 17:00:01,126.760361066927
2024-09-05 18:00:01,124.591086517115
2024-09-05 19:00:01,123.77779501566
2024-09-05 20:00:01,126.485736382429
2024-09-05 21:00:01,126.184075790313
2024-09-05 22:00:01,124.382052403243
2024-09-05 23:00:01,125.649903508402
2024-09-06 00:00:00,124.489494992579
2024-09-06 01:00:01,125.683093914156
2024-09-06 02:00:01,126.393978748731
2024-09-06 03:00:01,123.730338606665
2024-09-06 04:00:01,125.712617089822
2024-09-06 05:00:01,124.285175027632
2024-09-06 06:00:01,125.000499037086
2024-09-06 07:00:01,123.993467471796
2024-09-06 08:00:01,125.74855901046
2024-09-06 09:00:01,126.896781539441
2024-09-06 10:00:01,125.267472095082
2024-09-06 11:00:01,124.549378321887
2024-09-06 12:00:01,125.935762195482
2024-09-06 13:00:01,125.698295727727
2024-09-06 14:00:01,123.979666924789
2024-09-06 15:00:01,125.40553308991
2024-09-06 16:00:01,122.644509275569
2024-09-06 17:00:01,125.172658429937
2024-09-06 18:00:01,124.327159553233
2024-09-06 19:00:01,124.623396788998
2024-09-06 20:00:01,123.603204666187
2024-09-06 21:00:01,123.689279038508
2024-09-06 22:00:01,125.29355233038
2024-09-06 23:00:01,124.939367459898
2024-09-07 00:00:00,125.115352848474
2024-09-07 01:00:01,124.989901131652
2024-09-07 02:00:01,125.144563596377
2024-09-07 03:00:01,123.41541919174
2024-09-07 04:00:01,123.314119718351
2024-09-07 05:00:01,123.715133405
2024-09-07 06:00:01,124.077430616919
2024-09-07 07:00:01,123.263457765359
2024-09-07 08:00:01,123.288562605344
2024-09-07 09:00:01,124.333475712946
2024-09-07 10:00:01,124.552909239064
2024-09-07 11:00:01,125.867328828891
2024-09-07 12:00:01,124.390791471571
2024-09-07 13:00:01,124.524028211703
2024-09-07 14:00:01,124.727875684563
2024-09-07 15:00:01,124.719727006304
2024-09-07 16:00:01,124.483502439089
2024-09-07 17:00:01,124.334097927875
2024-09-07 18:00:01,123.764010898113
2024-09-07 19:00:01,124.604916185614
2024-09-07 20:00:01,124.882957354894
2024-09-07 21:00:01,125.458476966609
2024-09-07 22:00:01,123.809301524815
2024-09-08 11:00:01,124.9193027138
2024-09-08 12:00:01,123.51252974738
2024-09-08 13:00:01,122.898934776858
2024-09-08 14:00:01,122.036486479665
2024-09-08 15:00:01,123.205360672559
2024-09-08 16:00:01,122.507311044838
2024-09-08 17:00:01,123.543581528356
2024-09-08 18:00:01,124.675137980575
2024-09-08 19:00:01,123.451284227917
2024-09-08 20:00:01,123.627451709284
2024-09-08 21:00:01,122.434123907198
2024-09-08 22:00:01,122.795132374433
2024-09-08 23:00:01,123.593364929771
2024-09-09 00:00:00,121.410846891477
2024-09-09 01:00:01,123.622091656932
2024-09-09 02:00:01,122.750961289802
2024-09-09 03:00:01,124.267646138741
2024-09-09 04:00:01,123.242662117522
2024-09-09 05:00:01,122.68936526627
2024-09-09 06:00:01,122.424154477268
2024-09-09 07:00:01,122.723271594951
2024-09-09 08:00:01,123.562677630573
2024-09-09 09:00:01,124.312063447768
2024-09-09 10:00:01,122.991855651259
2024-09-09 11:00:01,122.560893310391
2024-09-09 12:00:01,123.46099010293
2024-09-09 13:00:01,122.675723079571
2024-09-09 14:00:01,123.515900397959
2024-09-09 15:00:01,121.99055850428
2024-09-09 16:00:01,122.84137369127
2024-09-09 17:00:01,123.591905804302
2024-09-09 18:00:01,121.37001052798
2024-09-09 19:00:01,124.07685041816
2024-09-09 20:00:01,123.734680268721
2024-09-09 21:00:01,120.827517137566
2024-09-09 22:00:01,124.169260923794
2024-09-09 23:00:01,122.7223193801
2024-09-10 00:00:01,121.363019181694
2024-09-10 01:00:01,121.79699910187
2024-09-10 02:00:01,124.253440767717
2024-09-10 03:00:01,121.830454554082
2024-09-10 04:00:01,122.405009945796
2024-09-10 05:00:01,121.954910932684
2024-09-10 06:00:01,122.676219593773
2024-09-10 07:00:01,121.7736122365
2024-09-10 08:00:01,121.781337684797
2024-09-10 09:00:01,85.9298745122005
2024-09-10 10:00:01,121.25329066096
2024-09-10 11:00:01,120.942057598187
2024-09-10 12:00:01,122.619313683802
2024-09-10 13:00:01,124.155980987213
2024-09-10 14:00:01,121.032702133087
2024-09-10 15:00:01,121.656732507152
2024-09-10 16:00:01,122.421673418837
2024-09-10 17:00:01,123.181802428683
2024-09-10 18:00:01,121.713975443166
2024-09-10 19:00:01,121.726761720152
2024-09-10 20:00:01,122.181425484962
2024-09-10 21:00:01,122.588026153865
2024-09-10 22:00:01,123.169970705468
2024-09-10 23:00:01,122.407371952669
2024-09-11 00:00:02,122.379045194286
2024-09-11 01:00:01,120.3363189318
2024-09-11 02:00:01,120.775646270525
2024-09-11 03:00:01,121.225177635162
2024-09-11 04:00:01,121.834183078537
2024-09-11 05:00:01,121.175510285357
2024-09-11 06:00:01,121.250165093028
2024-09-11 07:00:01,120.96046306614
2024-09-11 08:00:08,119.904210945016
2024-09-11 09:00:08,120.353677271386
2024-09-11 10:00:08,120.589455413326
2024-09-11 11:00:08,120.562537479108
2024-09-11 12:00:08,119.929493449645
2024-09-11 13:00:08,120.024257640553
2024-09-11 14:00:08,121.684683562776
2024-09-11 15:00:08,121.922722293074
2024-09-11 16:00:08,120.687105521921
2024-09-11 17:00:08,119.627603269177
2024-09-11 18:00:08,121.118639299752
2024-09-11 19:00:08,121.354669656798
2024-09-11 20:00:08,121.012077350117
2024-09-11 21:00:08,121.914069252364
2024-09-11 22:00:08,142.457152177601
2024-09-12 08:00:08,119.952641898535
2024-09-12 10:00:08,121.003709567145
2024-09-12 11:00:08,119.863809243579
2024-09-12 12:00:08,
2024-09-12 13:00:08,
2024-09-12 14:00:08,121.816729996971
2024-09-12 15:00:08,119.517209327157
2024-09-12 16:00:08,119.421015487683
2024-09-12 17:00:08,120.340365209052
2024-09-12 18:00:08,119.44679290611
2024-09-12 19:00:08,120.081794760454
2024-09-12 20:00:08,119.206683907613
2024-09-12 21:00:08,120.669922626274
2024-09-12 22:00:08,119.985762082902
2024-09-12 23:00:08,121.898731538787
2024-09-13 00:00:00,119.220100963064
2024-09-13 01:00:08,120.554267650195
2024-09-13 02:00:08,121.423554603976
2024-09-13 03:00:08,119.679953567212
2024-09-13 04:00:08,117.699288753056
2024-09-13 05:00:08,119.605597327177
2024-09-13 06:00:08,118.995900742428
2024-09-13 07:00:08,119.425364005121
2024-09-13 08:00:08,121.799329869174
2024-09-13 10:00:08,120.605711621487
2024-09-13 11:00:08,119.03699746955
2024-09-13 12:00:08,121.126180026998
2024-09-13 13:00:08,117.969344733512
2024-09-13 14:00:08,118.468674653802
2024-09-13 15:00:08,119.928195839077
2024-09-13 16:00:08,118.698340217737
2024-09-13 17:00:08,119.34441855701
2024-09-13 18:00:08,119.345574883216
2024-09-13 19:00:08,119.723638931903
2024-09-13 20:00:08,119.876474164367
2024-09-13 21:00:08,121.305038440919
2024-09-13 22:00:08,120.635582558871
2024-09-13 23:00:08,120.491067492766
2024-09-14 00:00:00,117.974149710209
2024-09-14 01:00:08,118.338884665076
2024-09-14 02:00:08,119.781079316188
2024-09-14 03:00:08,120.631107310939
2024-09-14 04:00:08,119.023006678588
2024-09-14 05:00:08,95.4437943121624
2024-09-14 06:00:08,118.42988262125
2024-09-14 07:00:08,117.91588302714
2024-09-14 08:00:08,119.090898197238
2024-09-14 09:00:08,120.827848309955
2024-09-14 10:00:08,118.991292383655
2024-09-14 11:00:08,119.479355630152
2024-09-14 12:00:08,119.514165135365
2024-09-14 13:00:08,118.715733651936
2024-09-14 14:00:08,119.730144489306
2024-09-14 15:00:08,117.212910191426
2024-09-14 16:00:08,119.872374045112
2024-09-14 17:00:08,118.205675755052
2024-09-14 18:00:08,118.536253254897
2024-09-14 19:00:08,117.331157305748
2024-09-14 20:00:08,119.351201860226
2024-09-14 21:00:08,119.695992840179
2024-09-14 22:00:08,119.859311015324
2024-09-14 23:00:08,117.346749300645
2024-09-15 01:00:08,118.388488994334
2024-09-15 02:00:08,118.54536252206
2024-09-15 03:00:08,117.900540794352
2024-09-15 04:00:08,117.198100141801
2024-09-15 05:00:08,116.53486492549
2024-09-15 06:00:08,117.906838218785
2024-09-15 07:00:08,117.549408124896
2024-09-15 08:00:08,118.639930089616
2024-09-15 09:00:08,116.63795506544
2024-09-15 10:00:08,116.92415973192
2024-09-15 11:00:08,116.394110280554
2024-09-15 12:00:08,118.165628581606
2024-09-15 13:00:08,116.691095037703
2024-09-15 14:00:08,117.071439620155
2024-09-15 15:00:08,118.908850831276
2024-09-15 16:00:08,118.564201386375
2024-09-15 17:00:08,121.436734452776
2024-09-15 18:00:08,118.227905580825
2024-09-15 19:00:08,119.941380730537
2024-09-15 20:00:08,118.072323804795
2024-09-15 21:00:08,118.541332610864
2024-09-15 22:00:08,116.707090443245
2024-09-15 23:00:08,117.584278824523
2024-09-16 00:00:00,117.351778482607
2024-09-16 01:00:08,117.167693358108
2024-09-16 14:00:08,118.632632588576
2024-09-16 15:00:08,117.878402338694
2024-09-16 16:00:08,116.261713099836
2024-09-16 17:00:08,117.06118070227
2024-09-16 18:00:08,116.677002903038
2024-09-16 19:00:08,117.861374032654
2024-09-16 20:00:08,117.882369946071
2024-09-16 21:00:08,119.346868794791
2024-09-16 22:00:08,118.520948987056
2024-09-16 23:00:08,116.291587701066
2024-09-17 00:00:01,117.096728351298
2024-09-17 01:00:08,116.241387783766
2024-09-17 02:00:08,117.355679988476
2024-09-17 03:00:08,118.027206057107
2024-09-17 04:00:08,117.734793450308
2024-09-17 05:00:08,117.384485930093
2024-09-17 06:00:08,117.790413275274
2024-09-17 07:00:08,117.474251784658
2024-09-17 08:00:08,118.659712438056
2024-09-17 09:00:08,115.374913265798
2024-09-17 10:00:08,117.060632360494
2024-09-17 11:00:08,117.732010648814
2024-09-17 12:00:08,116.681551423422
2024-09-17 13:00:08,117.341646401047
2024-09-17 14:00:08,116.862220596192
2024-09-17 15:00:08,117.337142500113
2024-09-17 16:00:08,116.653435154733
2024-09-17 17:00:08,115.529273728597
2024-09-17 18:00:08,117.901440540374
2024-09-17 19:00:08,117.861712959894
2024-09-17 20:00:08,117.626139407916
2024-09-17 21:00:08,118.342285881352
2024-09-17 22:00:08,117.407786000515
2024-09-17 23:00:08,117.775376048483
2024-09-18 00:00:01,115.748505169165
2024-09-18 01:00:08,117.076686470667
2024-09-18 02:00:08,117.55060038706
2024-09-18 03:00:08,115.928278457585
2024-09-18 04:00:08,116.739054275471
2024-09-18 05:00:08,115.943138263328
2024-09-18 06:00:08,116.723784540626
2024-09-18 07:00:08,117.19652053092
2024-09-18 08:00:08,115.966954655874
2024-09-18 09:00:08,117.065185531984
2024-09-18 10:00:08,115.957553764631
2024-09-18 11:00:08,116.506180376875
2024-09-18 12:00:08,117.373498464055
2024-09-18 13:00:08,114.425895732421
2024-09-18 14:00:08,115.964272842367
2024-09-18 15:00:08,117.655333543153
2024-09-18 16:00:08,116.065479713786
2024-09-18 17:00:08,116.462230408402
2024-09-18 18:00:08,117.076781419334
2024-09-18 19:00:08,117.560441293149
2024-09-18 20:00:08,115.855650588611
2024-09-18 21:00:08,116.458672717111
2024-09-18 22:00:08,113.480965766528
2024-09-18 23:00:08,116.744644966251
2024-09-19 00:00:01,116.697875964133
2024-09-19 01:00:08,115.797246717727
2024-09-19 02:00:08,116.9528836451
2024-09-19 03:00:08,115.709306797006
2024-09-19 04:00:08,115.787371730592
2024-09-19 05:00:08,115.031464554062
2024-09-19 06:00:08,115.362392620933
2024-09-19 07:00:08,116.482613436593
2024-09-19 09:00:08,116.810972318622
2024-09-19 10:00:08,116.459578363146
2024-09-19 11:00:08,82.2767741068169
2024-09-19 12:00:08,115.125075428871
2024-09-19 13:00:08,115.830336970226
2024-09-19 14:00:08,116.215240601262
2024-09-19 15:00:08,116.256551299932
2024-09-19 16:00:08,114.835425940385
2024-09-19 17:00:08,117.031104669482
2024-09-19 18:00:08,116.62541129541
2024-09-19 19:00:08,116.01919344121
2024-09-19 20:00:08,115.166482627456
2024-09-19 21:00:08,116.291765678625
2024-09-19 22:00:08,116.47409560154
2024-09-19 23:00:08,115.411637083809
2024-09-20 00:00:01,114.99221737372
2024-09-20 01:00:08,113.244897376737
2024-09-20 02:00:08,115.635568084655
2024-09-20 03:00:08,114.941996518654
2024-09-20 04:00:08,113.987076998074
2024-09-20 05:00:08,113.698172816086
2024-09-20 06:00:08,114.581887769636
2024-09-20 18:00:08,114.793191217281
2024-09-20 19:00:08,115.608216547737
2024-09-20 20:00:08,115.747065231726
2024-09-20 21:00:08,114.043402622431
2024-09-20 22:00:08,114.022539174771
2024-09-20 23:00:08,114.861313450532
2024-09-21 00:00:01,115.429506143257
2024-09-21 01:00:08,114.404919767432
2024-09-21 02:00:08,113.489393082211
2024-09-21 03:00:08,113.579199010919
2024-09-21 04:00:08,114.008790662409
2024-09-21 05:00:08,113.419472830146
2024-09-21 06:00:08,115.072773293291
2024-09-21 08:00:08,113.349900630268
2024-09-21 09:00:08,115.105571410601
2024-09-21 10:00:08,113.989779780358
2024-09-21 11:00:08,114.997840352086
2024-09-21 12:00:08,113.547220094516
2024-09-21 13:00:08,113.619078689225
2024-09-21 14:00:08,113.726904099692
2024-09-21 15:00:08,114.418777852333
2024-09-21 16:00:08,114.661335408238
2024-09-21 17:00:08,113.235166463577
2024-09-21 18:00:08,114.1950150585
2024-09-21 19:00:08,113.602950708874
2024-09-21 20:00:08,113.66542245243
2024-09-21 21:00:08,114.734954495215
2024-09-21 22:00:08,112.324390361897
2024-09-21 23:00:08,116.042235850802
2024-09-22 00:00:01,113.36500373517
2024-09-22 01:00:08,112.680258846005
2024-09-22 02:00:08,113.854305663058
2024-09-22 03:00:08,112.046106227885
2024-09-22 04:00:08,112.029488874971
2024-09-22 05:00:08,114.580755920708
2024-09-22 06:00:08,113.528310070848
2024-09-22 07:00:08,112.380654506172
2024-09-22 08:00:08,111.69343441422
2024-09-22 09:00:08,112.833518195111
2024-09-22 10:00:08,112.635891217432
2024-09-22 11:00:08,113.357893557089
2024-09-22 12:00:08,114.797297760864
2024-09-22 13:00:08,115.288519786907
2024-09-22 14:00:08,
2024-09-22 15:00:08,
2024-09-22 16:00:08,
2024-09-22 17:00:08,
2024-09-22 18:00:08,
2024-09-22 19:00:08,112.437351490777
2024-09-22 20:00:08,113.199269310671
2024-09-22 21:00:08,114.451069128752
2024-09-22 22:00:08,113.498021408806
2024-09-22 23:00:08,112.723637650501
2024-09-23 00:00:01,110.605857617956
2024-09-23 01:00:08,111.999233392103
2024-09-23 02:00:08,111.223272113031
2024-09-23 03:00:08,110.253120172981
2024-09-23 04:00:08,111.685186427971
2024-09-23 05:00:08,110.850626589648
2024-09-23 06:00:08,111.418566359874
2024-09-23 07:00:08,111.087305218714
2024-09-23 08:00:08,
2024-09-23 09:00:08,
2024-09-23 10:00:08,
2024-09-23 11:00:08,111.506824608253
2024-09-23 12:00:08,112.717504292703
2024-09-23 13:00:08,110.378174182832
2024-09-23 14:00:08,110.633335662666
2024-09-23 15:00:08,111.305398725565
2024-09-23 16:00:08,111.354828863219
2024-09-23 17:00:08,112.707306213539
2024-09-23 18:00:08,111.454059758895
2024-09-23 19:00:08,111.251155671753
2024-09-23 20:00:08,111.783251592443
2024-09-23 21:00:08,111.729345391084
2024-09-23 22:00:08,111.666668121703
2024-09-23 23:00:08,111.252423811822
2024-09-24 00:00:00,110.832391189148
2024-09-24 01:00:08,110.185304812666
2024-09-24 02:00:08,109.976308742561
2024-09-24 03:00:08,111.484020677062
2024-09-24 04:00:08,112.321235668131
2024-09-24 05:00:08,111.285604049194
2024-09-24 06:00:08,111.223056893451
2024-09-24 07:00:08,111.871479326555
2024-09-24 08:00:08,111.400603424043
2024-09-24 09:00:08,110.555892560936
2024-09-24 10:00:08,111.866311067834
2024-09-24 11:00:08,112.075307295511
2024-09-24 13:00:08,110.225117951561
2024-09-24 23:00:08,110.909697304067
2024-09-25 01:00:08,111.774327005198
2024-09-25 02:00:08,110.383399512325
2024-09-25 03:00:08,111.363542435904
2024-09-25 04:00:08,111.893671041929
2024-09-25 05:00:08,111.953654694865
2024-09-25 06:00:08,111.272659223836
2024-09-25 07:00:08,111.740937328438
2024-09-25 09:00:08,110.220913402008
2024-09-25 10:00:08,111.187618595587
2024-09-25 11:00:08,113.030419882637
2024-09-25 12:00:08,110.883917774915
2024-09-25 13:00:08,110.416639662279
2024-09-25 14:00:08,109.597657127113
2024-09-25 15:00:08,111.52721814826
2024-09-25 16:00:08,111.146857106484
2024-09-25 17:00:08,111.53521029337
2024-09-25 18:00:08,111.074196540527
2024-09-25 19:00:08,110.524700770656
2024-09-25 20:00:08,110.673818220388
2024-09-25 21:00:08,108.832665039008
2024-09-25 22:00:08,110.680883772212
2024-09-25 23:00:08,111.833073007708
2024-09-26 00:00:01,111.382654994634
2024-09-26 01:00:08,110.156941767673
2024-09-26 02:00:08,111.123851443229
2024-09-26 03:00:08,110.300721162113
2024-09-26 04:00:08,110.801659925691
2024-09-26 05:00:08,110.395041437145
2024-09-26 06:00:08,109.335592620441
2024-09-26 07:00:08,109.748003280141
2024-09-26 08:00:08,108.845550347406
2024-09-26 09:00:08,111.310422547014
2024-09-26 10:00:08,110.815285318399
2024-09-26 11:00:08,110.518105780065
2024-09-26 12:00:08,108.996857224561
2024-09-26 13:00:08,108.515947184289
2024-09-26 14:00:08,103.74692734332
2024-09-26 15:00:08,110.350063113087
2024-09-26 16:00:08,110.511510674689
2024-09-26 17:00:08,109.581293632686
2024-09-26 18:00:08,110.583506796077
2024-09-26 19:00:08,110.77019031248
2024-09-26 20:00:08,110.129368026568
2024-09-26 21:00:08,109.823090383804
2024-09-26 22:00:08,109.854691943653
2024-09-26 23:00:08,110.865475048968
2024-09-27 00:00:00,107.995475672761
2024-09-27 01:00:08,110.04508016928
2024-09-27 02:00:08,108.790344088428
2024-09-27 03:00:08,110.994999045277
2024-09-27 04:00:08,108.758500448143
2024-09-27 05:00:08,107.606339039256
2024-09-27 06:00:08,109.660306367159
2024-09-27 07:00:08,108.826026365529
2024-09-27 09:00:08,107.886553781608
2024-09-27 10:00:08,109.514171045173
2024-09-27 11:00:08,108.5383819734
2024-09-27 12:00:08,110.502933607586
2024-09-27 13:00:08,111.245365810137
2024-09-27 14:00:08,110.912460211519
2024-09-27 15:00:08,83.5867818500424
2024-09-27 16:00:08,109.161920991189
2024-09-27 17:00:08,108.982513298331
2024-09-27 18:00:08,109.81899655723
2024-09-27 19:00:08,109.194468005652
2024-09-27 20:00:08,109.158665388202
2024-09-27 21:00:08,108.72243160627
2024-09-27 22:00:08,109.599142161109
2024-09-27 23:00:08,109.581142391071
2024-09-28 00:00:01,109.002366542921
2024-09-28 01:00:08,110.313341568334
2024-09-28 02:00:08,108.938323279912
2024-09-28 03:00:08,109.997413999217
2024-09-28 04:00:08,109.151979153752
2024-09-28 05:00:08,110.046532701576
2024-09-28 06:00:08,108.755870003065
2024-09-28 07:00:08,109.827425042567
2024-09-28 08:00:08,109.996840934912
2024-09-28 09:00:08,
2024-09-28 10:00:08,
2024-09-28 11:00:08,
2024-09-28 12:00:08,109.254662985897
2024-09-28 13:00:08,108.963919927296
2024-09-28 14:00:08,110.350605052595
2024-09-28 15:00:08,109.489533174531
2024-09-28 16:00:08,107.681966143523
2024-09-29 02:00:08,110.139744622509
2024-09-29 04:00:08,108.707407892427
2024-09-29 05:00:08,107.709066551304
2024-09-29 06:00:08,108.697758348499
2024-09-29 07:00:08,108.833951598443
2024-09-29 08:00:08,107.879057959407
2024-09-29 10:00:08,109.068170509719
2024-09-29 11:00:08,108.510709890113
2024-09-29 12:00:08,108.149042377407
2024-09-29 13:00:08,109.621759044472
2024-09-29 14:00:08,109.079259213712
2024-09-29 15:00:08,108.712855000548
2024-09-29 16:00:08,107.980143818783
2024-09-29 17:00:08,107.120866533106
2024-09-29 18:00:08,107.481080946818
2024-09-29 19:00:08,109.094302787753
2024-09-29 20:00:08,108.302230415289
2024-09-29 21:00:08,108.854068275146
2024-09-29 22:00:08,107.696713796782
2024-09-29 23:00:08,107.970252182006
2024-09-30 00:00:02,105.706726594225
2024-09-30 01:00:08,107.692876543118
2024-09-30 02:00:08,107.316775108411
2024-09-30 03:00:08,106.426622830746
2024-09-30 04:00:08,106.993904200516
2024-09-30 05:00:08,108.864214479817
2024-09-30 06:00:08,107.583322191188
2024-09-30 07:00:08,107.184587342274
2024-09-30 08:00:08,107.640840989012
2024-09-30 09:00:08,106.060853421521
2024-09-30 10:00:08,105.843981368349
2024-09-30 11:00:08,107.666613144815
2024-09-30 12:00:08,107.262494474669
2024-09-30 13:00:08,100.653651928839
2024-09-30 14:00:08,107.205191117933
2024-09-30 15:00:08,138.116328763165
2024-09-30 16:00:08,107.325540023949
2024-09-30 17:00:08,109.554357069374
2024-09-30 18:00:08,105.912144965469
2024-09-30 19:00:08,108.182875099938
2024-09-30 20:00:08,106.747307571856
2024-09-30 21:00:08,107.543497818207
2024-09-30 22:00:08,106.647100266507
2024-09-30 23:00:08,107.008529255853
2024-10-01 01:00:08,107.891786727708
2024-10-01 02:00:08,106.247989591262
2024-10-01 03:00:08,106.680324720768
2024-10-01 04:00:08,106.080514215125
2024-10-01 05:00:08,105.138765228847
2024-10-01 06:00:08,105.921609742536
2024-10-01 07:00:08,106.665096104043
2024-10-01 08:00:08,106.330283342492
2024-10-01 09:00:08,
2024-10-01 10:00:08,
2024-10-01 11:00:08,
2024-10-01 12:00:08,
2024-10-01 13:00:08,107.009847078077
2024-10-01 14:00:08,106.450967508906
2024-10-01 15:00:08,107.345570749255
2024-10-01 16:00:08,106.598212473149
2024-10-01 17:00:08,106.805621214852
2024-10-01 18:00:08,105.547514511154
2024-10-01 19:00:08,107.359065305158
2024-10-01 20:00:08,106.330355586173
2024-10-01 21:00:08,105.526331589539
2024-10-01 22:00:08,104.947221060182
2024-10-01 23:00:08,108.028731674257
2024-10-02 00:00:01,107.562728355627
2024-10-02 01:00:08,105.797701879386
2024-10-02 02:00:08,106.58187266623
2024-10-02 03:00:08,106.510633165475
2024-10-02 04:00:08,105.803024180529
2024-10-02 05:00:08,105.150721690974
2024-10-02 06:00:08,106.648397840605
2024-10-02 07:00:08,104.917832048918
2024-10-02 08:00:08,105.468743149124
2024-10-02 09:00:08,105.489207283065
2024-10-02 10:00:08,106.112536702211
2024-10-02 11:00:08,104.672359657667
2024-10-02 12:00:08,106.402672957719
2024-10-02 13:00:08,105.12771858526
2024-10-02 14:00:08,105.788553622506
2024-10-02 15:00:08,105.845723665355
2024-10-02 16:00:08,104.535743243929
2024-10-02 17:00:08,106.711402240698
2024-10-02 18:00:08,103.513966787212
2024-10-02 20:00:08,104.551681344508
2024-10-03 08:00:08,103.658938026561
2024-10-03 09:00:08,105.235045733173
2024-10-03 10:00:08,103.614609205307
2024-10-03 11:00:08,105.006985756758
2024-10-03 12:00:08,105.174406768866
2024-10-03 13:00:08,104.231302726396
2024-10-03 14:00:08,103.900897823595
2024-10-03 15:00:08,
2024-10-03 16:00:08,
2024-10-03 17:00:08,
2024-10-03 18:00:08,
2024-10-03 19:00:08,104.872569279768
2024-10-03 20:00:08,105.68379471988
2024-10-03 21:00:08,103.950136076788
2024-10-03 22:00:08,103.91314816705
2024-10-03 23:00:08,105.279869270509
2024-10-04 00:00:01,105.181529523653
2024-10-04 01:00:08,103.64670124547
2024-10-04 02:00:08,105.949203603545
2024-10-04 03:00:08,105.921260871426
2024-10-04 04:00:08,105.236446572354
2024-10-04 05:00:08,104.252806588536
2024-10-04 06:00:08,103.699504693507
2024-10-04 07:00:08,105.171110102557
2024-10-04 08:00:08,104.491158854618
2024-10-04 09:00:08,104.988461159781
2024-10-04 10:00:08,104.655109748985
2024-10-04 11:00:08,104.610726109602
2024-10-04 12:00:08,105.988102051633
2024-10-04 13:00:08,
2024-10-04 14:00:08,
2024-10-04 15:00:08,
2024-10-04 16:00:08,
2024-10-04 17:00:08,
2024-10-04 18:00:08,104.216875729532
2024-10-04 19:00:08,103.322624646881
2024-10-04 20:00:08,105.280916977537
2024-10-04 21:00:08,103.840921737213
2024-10-04 22:00:08,103.640379515432
2024-10-04 23:00:08,105.162118865564
2024-10-05 00:00:01,104.018081934157
2024-10-05 01:00:08,102.885792112018
2024-10-05 02:00:08,103.830980029686
2024-10-05 03:00:08,105.107903529506
2024-10-05 04:00:08,103.707384144396
2024-10-05 05:00:08,103.739619652557
2024-10-05 07:00:08,104.04449445975
2024-10-05 08:00:08,103.904026997715
2024-10-05 09:00:08,103.215716985571
2024-10-05 10:00:08,102.597225574142
2024-10-05 11:00:08,104.524715316585
2024-10-05 12:00:08,101.804297764544
2024-10-05 13:00:08,102.82801264416
2024-10-05 14:00:08,103.8515988626
2024-10-05 15:00:08,102.321710221278
2024-10-05 16:00:08,103.703427528955
2024-10-05 17:00:08,102.696649632324
2024-10-05 18:00:08,105.469451945977
2024-10-05 19:00:08,101.789350312715
2024-10-05 20:00:08,101.802948166086
2024-10-05 21:00:08,101.88551431594
2024-10-05 22:00:08,103.064434704139
2024-10-05 23:00:08,104.192105060218
2024-10-06 00:00:00,102.980667025956
2024-10-06 01:00:08,102.629260080709
2024-10-06 02:00:08,102.152571914344
2024-10-06 03:00:08,102.297373824364
2024-10-06 04:00:08,102.538749860272
2024-10-06 05:00:08,104.434194705408
2024-10-06 06:00:08,102.264075428911
2024-10-06 07:00:08,102.458615017856
2024-10-06 08:00:08,101.904016257124
2024-10-06 09:00:08,92.0545934911798
2024-10-06 10:00:08,101.868852019102
2024-10-06 11:00:08,103.10330790946
2024-10-06 12:00:08,103.210160641919
2024-10-06 13:00:08,103.268255307501
2024-10-06 14:00:08,102.17484603897
2024-10-06 15:00:08,106.200200962589
2024-10-06 16:00:08,102.800192902762
2024-10-06 17:00:08,102.799025947148
2024-10-06 18:00:08,102.867580625026
2024-10-06 19:00:08,101.162706064056
2024-10-06 20:00:08,102.182654836585
2024-10-06 21:00:08,103.681252560131
2024-10-06 22:00:08,103.604492159393
2024-10-06 23:00:08,103.535305677727
2024-10-07 00:00:00,103.906921654498
2024-10-07 11:00:08,100.743510536563
2024-10-07 12:00:08,101.431168879851
2024-10-07 13:00:08,102.561896169923
2024-10-07 14:00:08,100.633783695047
2024-10-07 15:00:08,103.033408918425
2024-10-07 16:00:08,100.325848373312
2024-10-07 17:00:08,100.552337457727
2024-10-07 18:00:08,
2024-10-07 19:00:08,
2024-10-07 20:00:08,
2024-10-07 21:00:08,
2024-10-07 22:00:08,101.736713860034
2024-10-07 23:00:08,104.106489268103
2024-10-08 00:00:00,99.2595746923379
2024-10-08 01:00:08,100.281426204092
2024-10-08 02:00:08,99.7368683140169
2024-10-08 03:00:08,100.076874333035
2024-10-08 04:00:08,100.166242620187
2024-10-08 05:00:08,99.2414938842001
2024-10-08 06:00:08,101.564193823763
2024-10-08 07:00:08,101.508944989058
2024-10-08 08:00:08,
2024-10-08 09:00:08,
2024-10-08 10:00:08,
2024-10-08 11:00:08,
2024-10-08 12:00:08,
2024-10-08 13:00:08,99.6410307695185
2024-10-08 14:00:08,99.517698802014
2024-10-08 15:00:08,101.04584157123
2024-10-08 16:00:08,100.835262147469
2024-10-08 17:00:08,100.098125910626
2024-10-08 18:00:08,100.134577541926
2024-10-08 19:00:08,100.274359644503
2024-10-08 20:00:08,99.4193410746144
2024-10-08 21:00:08,99.7556898780182
2024-10-08 22:00:08,101.376824707383
2024-10-08 23:00:08,101.674718936807
2024-10-09 00:00:00,100.980718452185
2024-10-09 01:00:08,101.499606881874
2024-10-09 02:00:08,98.7160321132112
2024-10-09 03:00:08,100.224396420686
2024-10-09 04:00:08,100.47942520799
2024-10-09 05:00:08,98.3531341039072
2024-10-09 06:00:08,100.659064939016
2024-10-09 07:00:08,98.6474481790274
2024-10-09 08:00:08,99.0619158926652
2024-10-09 09:00:08,100.726217058138
2024-10-09 10:00:08,97.3202185554679
2024-10-09 11:00:08,100.693053309286
2024-10-09 12:00:08,100.843716703386
2024-10-09 13:00:08,98.6837795675171
2024-10-09 14:00:08,99.038488531344
2024-10-09 15:00:08,100.935398378536
2024-10-09 16:00:08,96.6610293143857
2024-10-09 17:00:08,100.257439316279
2024-10-09 18:00:08,99.0486904934203
2024-10-09 19:00:08,98.5469100941414
2024-10-09 20:00:08,100.045938639066
2024-10-09 21:00:08,99.5673704156676
2024-10-09 22:00:08,99.5584135625212
2024-10-09 23:00:08,99.1113864479495
2024-10-10 00:00:00,99.3198684461546
2024-10-10 01:00:08,99.8340222922433
2024-10-10 02:00:08,98.5557132316187
2024-10-10 03:00:08,98.3154345478352
2024-10-10 04:00:08,98.0009656363044
2024-10-10 05:00:08,99.708764486169
2024-10-10 06:00:08,99.9349448176777
2024-10-10 07:00:08,101.634051543075
2024-10-10 08:00:08,121.997526924309
2024-10-10 10:00:08,98.2631650140713
2024-10-10 11:00:08,100.218884188533
2024-10-10 12:00:08,98.8011072443525
2024-10-10 13:00:08,101.909545369468
2024-10-10 14:00:08,99.0064899701827
2024-10-10 15:00:08,100.181229982574
2024-10-10 16:00:08,98.8529403464734
2024-10-10 17:00:08,99.3184175731534
2024-10-10 18:00:08,98.284304463949
2024-10-10 19:00:08,98.6837467733056
2024-10-10 20:00:08,100.595898523499
2024-10-10 21:00:08,99.7672575909329
2024-10-10 23:00:08,98.1051221429034
2024-10-11 00:00:01,98.2950911320167
2024-10-11 01:00:08,99.4320735755768
2024-10-11 02:00:08,97.0393423060735
2024-10-11 03:00:08,98.5506340639953
2024-10-11 04:00:08,99.9107563468995
2024-10-11 05:00:08,99.2129768253697
2024-10-11 15:00:08,97.7265693274436
2024-10-11 17:00:08,99.255589134703
2024-10-11 18:00:08,98.4132022206129
2024-10-11 19:00:08,97.334461190871
2024-10-11 20:00:08,99.4714084591233
2024-10-11 21:00:08,100.748214563565
2024-10-11 22:00:08,97.0340051125914
2024-10-11 23:00:08,97.8955308509094
2024-10-12 00:00:02,96.3402897921847
2024-10-12 01:00:08,97.3723316979658
2024-10-12 02:00:08,97.3059314276107
2024-10-12 03:00:08,96.9696169418903
2024-10-12 04:00:08,98.4052623997838
2024-10-12 05:00:08,96.1156422524592
2024-10-12 06:00:08,98.553679347124
2024-10-12 07:00:08,97.3526460440198
2024-10-12 08:00:08,98.664110605365
2024-10-12 09:00:08,97.1539445845489
2024-10-12 10:00:08,96.3573401598808
2024-10-12 11:00:08,98.0905695677388
2024-10-12 12:00:08,98.1087230848452
2024-10-12 13:00:08,97.1639398128531
2024-10-12 14:00:08,99.4817581035574
2024-10-12 15:00:08,89.0456252256336
2024-10-12 16:00:08,96.5933907043149
2024-10-12 17:00:08,98.6569570040146
2024-10-12 18:00:08,96.0608914377608
2024-10-12 19:00:08,96.2997052059756
2024-10-12 20:00:08,98.0074512074188
2024-10-12 21:00:08,97.8081666129711
2024-10-12 23:00:08,96.7705917719588
2024-10-13 00:00:01,95.5323079441187
2024-10-13 01:00:08,96.5318237423446
2024-10-13 02:00:08,96.1439424728178
2024-10-13 03:00:08,95.7732780749557
2024-10-13 04:00:08,95.9432030420432
2024-10-13 05:00:08,96.3038224937261
2024-10-13 06:00:08,95.1849078638525
2024-10-13 07:00:08,96.8661296821021
2024-10-13 08:00:08,96.053145717943
2024-10-13 09:00:08,97.6089458659138
2024-10-13 10:00:08,95.8307172886074
2024-10-13 11:00:08,96.0086648987389
2024-10-13 12:00:08,96.0432884587429
2024-10-13 13:00:08,97.3600388566442
2024-10-13 14:00:08,96.3371547486327
2024-10-13 15:00:08,97.8471284168914
2024-10-13 16:00:08,95.0061633087587
2024-10-13 17:00:08,95.0247817232468
2024-10-13 18:00:08,97.1333628361433
2024-10-13 19:00:08,95.7960392898436
2024-10-13 20:00:08,97.2398564774735
2024-10-13 21:00:08,96.7017422350076
2024-10-13 22:00:08,96.1699973710727
2024-10-13 23:00:08,96.1836740261698
2024-10-14 00:00:02,94.0660081359869
2024-10-14 01:00:08,95.3751832686414
2024-10-14 02:00:08,95.1753659974027
2024-10-14 03:00:08,96.2569337791285
2024-10-14 04:00:08,95.9416852431406
2024-10-14 05:00:08,94.8598247667682
2024-10-14 06:00:08,95.0327199571483
2024-10-14 07:00:08,94.1380643369748
2024-10-14 08:00:08,95.4434795989698
2024-10-14 09:00:08,96.0137808685219
2024-10-14 10:00:08,96.1716644286188
2024-10-14 11:00:08,96.1843320094961
2024-10-14 12:00:08,95.2307671905208
2024-10-14 13:00:08,94.3447796397652
2024-10-14 14:00:08,93.1595404377451
2024-10-14 15:00:08,94.7562467516346
2024-10-14 16:00:08,95.3934541191872
2024-10-14 17:00:08,94.8029314349379
2024-10-14 18:00:08,96.0000747714386
2024-10-14 19:00:08,95.5455697602953
2024-10-14 20:00:08,95.0089408566758
2024-10-14 21:00:08,94.6013517702048
2024-10-14 22:00:08,96.9897195676321
2024-10-14 23:00:08,94.5160661929595
2024-10-15 00:00:01,93.9730199329564
2024-10-15 01:00:08,95.3119239720186
2024-10-15 02:00:08,94.4293188376177
2024-10-15 03:00:08,99.4988749888823
2024-10-15 04:00:08,95.8902231336326
2024-10-15 05:00:08,94.600137704484
2024-10-15 06:00:08,95.5665452640121
2024-10-15 07:00:08,93.9652927233332
2024-10-15 08:00:08,94.0172809334959
2024-10-15 18:00:08,94.4651222719267
2024-10-15 20:00:08,96.039571008298
2024-10-15 21:00:08,93.5241585653334
2024-10-15 22:00:08,93.5309789734743
2024-10-15 23:00:08,93.272512583787
2024-10-16 00:00:02,92.5681546643466
2024-10-16 01:00:08,93.8817734674692
2024-10-16 02:00:08,93.6376364136379
2024-10-16 03:00:08,93.8147252420813
2024-10-16 04:00:08,94.965807012778
2024-10-16 05:00:08,94.4058027344313
2024-10-16 06:00:08,95.901787295416
2024-10-16 07:00:08,93.5494293942501
2024-10-16 08:00:08,95.6486802523678
2024-10-16 09:00:08,93.6093197812522
2024-10-16 10:00:08,94.0446878248997
2024-10-16 11:00:08,92.5969714267493
2024-10-16 12:00:08,93.3095558461102
2024-10-16 13:00:08,95.2747021047609
2024-10-16 14:00:08,93.7642887577639
2024-10-16 17:00:08,94.5735990481334
2024-10-16 18:00:08,95.0572057973998
2024-10-16 19:00:08,94.4205402812405
2024-10-16 20:00:08,93.5288509167909
2024-10-16 21:00:08,94.6200854134527
2024-10-16 23:00:08,93.8396193925373
2024-10-17 00:00:02,94.3341137521179
2024-10-17 01:00:08,95.197380301648
2024-10-17 02:00:08,94.9339924536631
2024-10-17 03:00:08,93.840356817215
2024-10-17 04:00:08,92.5731284933776
2024-10-17 05:00:08,93.4966915519685
2024-10-17 06:00:08,92.6844678303827
2024-10-17 07:00:08,92.48874938129
2024-10-17 08:00:08,95.0025438115219
2024-10-17 09:00:08,94.0707409469678
2024-10-17 10:00:08,93.8545212956615
2024-10-17 11:00:08,95.1409625006573
2024-10-17 12:00:08,95.4947396658834
2024-10-17 13:00:08,92.1402963278662
2024-10-17 14:00:08,94.0256121903131
2024-10-17 15:00:08,92.106935408128
2024-10-17 16:00:08,93.2636145611958
2024-10-17 17:00:08,93.7914024757493
2024-10-17 18:00:08,93.7464759384646
2024-10-17 19:00:08,92.2792244803486
2024-10-17 20:00:08,96.241323716555
2024-10-17 21:00:08,94.0124077386335
2024-10-17 22:00:08,93.7833385575777
2024-10-17 23:00:08,94.5517000629414
2024-10-18 00:00:01,91.3700330913202
2024-10-18 01:00:08,93.8739423325331
2024-10-18 02:00:08,93.7263873798662
2024-10-18 03:00:08,92.8810582712633
2024-10-18 04:00:08,94.0430628333517
2024-10-18 05:00:08,94.5363448012412
2024-10-18 06:00:08,92.7716911984302
2024-10-18 07:00:08,93.4383410255865
2024-10-18 08:00:08,92.5958581129246
2024-10-18 09:00:08,93.7956516620135
2024-10-18 10:00:08,91.5460906930327
2024-10-18 11:00:08,92.9014987656944
2024-10-18 12:00:08,92.7332199973674
2024-10-18 13:00:08,93.4333199830448
2024-10-18 14:00:08,93.7849609054006
2024-10-18 15:00:08,91.2793397788749
2024-10-18 16:00:08,94.7018557192407
2024-10-18 17:00:08,93.3035058491434
2024-10-18 18:00:08,72.0765707096195
2024-10-18 19:00:08,93.2393968314676
2024-10-18 20:00:08,91.7120467904621
2024-10-18 21:00:08,92.1037239332978
2024-10-18 23:00:08,94.2194994386155
2024-10-19 00:00:01,91.6214846732329
2024-10-19 01:00:08,92.0909849294412
2024-10-19 02:00:08,93.3711127299465
2024-10-19 03:00:08,94.0020411351056
2024-10-19 04:00:08,91.8435355304053
2024-10-19 05:00:08,91.5528910094717
2024-10-19 06:00:08,91.7101616417328
2024-10-19 07:00:08,94.1789994831753
2024-10-19 08:00:08,91.4544695356968
2024-10-19 09:00:08,94.2922254049628
2024-10-19 10:00:08,93.2710309866799
2024-10-19 11:00:08,91.7391696785503
2024-10-19 12:00:08,92.3125255616332
2024-10-20 00:00:02,92.5177608516863
2024-10-20 02:00:08,92.8783847070645
2024-10-20 03:00:08,91.698606866858
2024-10-20 04:00:08,91.8215008491694
2024-10-20 05:00:08,92.2626298413911
2024-10-20 06:00:08,89.4479244867429
2024-10-20 07:00:08,93.1857869598062
2024-10-20 08:00:08,90.2419632479041
2024-10-20 09:00:08,91.2649593122819
2024-10-20 10:00:08,92.1796737331216
2024-10-20 11:00:08,91.9906308982259
2024-10-20 12:00:08,91.5592921644214
2024-10-20 13:00:08,89.6916605396465
2024-10-20 14:00:08,91.9531386455231
2024-10-20 15:00:08,90.3365761430327
2024-10-20 16:00:08,91.5922890230352
2024-10-20 17:00:08,89.061926698971
2024-10-20 18:00:08,91.0050438068372
2024-10-20 19:00:08,90.7984676149435
2024-10-20 20:00:08,92.0115781661541
2024-10-20 21:00:08,90.9067882762947
2024-10-20 23:00:08,90.5789077616382
2024-10-21 00:00:02,90.7661773511081
2024-10-21 01:00:08,88.3034368799127
2024-10-21 02:00:08,89.7251660133581
2024-10-21 03:00:08,91.6405919233302
2024-10-21 04:00:08,90.0175650544483
2024-10-21 05:00:08,89.9734492909923
2024-10-21 06:00:08,90.6236421760178
2024-10-21 07:00:08,90.7000668102427
2024-10-21 08:00:08,90.2168366886962
2024-10-21 09:00:08,90.3922371573918
2024-10-21 10:00:08,91.5060461680998
2024-10-21 11:00:08,90.4827368227003
2024-10-21 12:00:08,89.1214359772317
2024-10-21 13:00:08,91.0196949802324
2024-10-21 14:00:08,91.2607410118646
2024-10-21 15:00:08,90.8679071072696
2024-10-21 16:00:08,90.8037143639824
2024-10-21 17:00:08,89.517833054223
2024-10-21 18:00:08,90.7400470108609
2024-10-21 19:00:08,91.8605566904064
2024-10-21 20:00:08,89.3217891468063
2024-10-21 21:00:08,91.2682125047006
2024-10-21 22:00:08,89.4869868942312
2024-10-21 23:00:08,89.3081513461017
2024-10-22 00:00:01,91.5226320188476
2024-10-22 01:00:08,89.2360686496135
2024-10-22 02:00:08,89.1665815255412
2024-10-22 03:00:08,89.7253570103655
2024-10-22 04:00:08,88.4484879469138
2024-10-22 05:00:08,89.5898144022722
2024-10-22 06:00:08,91.6308100707531
2024-10-22 07:00:08,90.1275872662185
2024-10-22 08:00:08,88.3764762978599
2024-10-22 09:00:08,87.3885706955925
2024-10-22 10:00:08,90.3339697573667
2024-10-22 11:00:08,88.9093540793776
2024-10-22 12:00:08,90.3875083034658
2024-10-22 13:00:08,89.6588249352646
2024-10-22 14:00:08,88.9596781627114
2024-10-22 15:00:08,88.0247964884658
2024-10-22 16:00:08,88.6831678995047
2024-10-22 17:00:08,87.4811022943065
2024-10-22 18:00:08,88.9721116565407
2024-10-22 19:00:08,90.838786524113
2024-10-22 20:00:08,89.6499755049477
2024-10-22 21:00:08,90.6443282834263
2024-10-22 23:00:08,90.196616591382
2024-10-23 00:00:00,91.7960723623647
2024-10-23 01:00:00,90.1223073589642
2024-10-23 02:00:00,89.5521516557109
2024-10-23 03:00:00,88.0612439827371
2024-10-23 04:00:00,89.4980697230906
2024-10-23 05:00:00,90.9019706955422
2024-10-23 06:00:00,89.9635866722509
2024-10-23 07:00:00,87.1477544433106
2024-10-23 08:00:00,90.8956720731592
2024-10-23 09:00:00,91.1474358777236
2024-10-23 10:00:00,88.6084433659123
2024-10-23 11:00:00,90.9082451752648
2024-10-23 12:00:00,90.3948777935015
2024-10-23 13:00:00,89.7172485811909
2024-10-23 14:00:00,89.4310548765183
2024-10-23 15:00:00,87.8084076764577
2024-10-23 16:00:00,89.2045451247032
2024-10-23 17:00:00,89.8885671022922
2024-10-23 18:00:00,89.0344022302999
2024-10-23 19:00:00,89.5293107777304
2024-10-23 20:00:00,89.6764319536273
2024-10-23 21:00:00,89.0696864559058
2024-10-23 22:00:00,88.9805951676531
2024-10-23 23:00:00,91.4840357243555
2024-10-24 00:00:00,89.6701869768172
2024-10-24 01:00:00,89.7288932743707
2024-10-24 02:00:00,88.4474086419927
2024-10-24 03:00:00,87.8260310388142
2024-10-24 04:00:00,86.8831032632129
2024-10-24 05:00:00,90.3333999893058
2024-10-24 06:00:00,89.0940820002721
2024-10-24 07:00:00,88.2332728954478
2024-10-24 08:00:00,90.1108080071213
2024-10-24 09:00:00,88.5813068331198
2024-10-24 10:00:00,89.9212894933096
2024-10-24 11:00:00,90.3689915441793
2024-10-24 12:00:00,86.9052124455348
2024-10-24 13:00:00,90.4466877168464
2024-10-24 14:00:00,88.1179950683773
2024-10-24 15:00:00,88.7926715185991
2024-10-24 16:00:00,88.4016372161978
2024-10-24 17:00:00,88.9283770400137
2024-10-24 18:00:00,105.879473103003
2024-10-24 19:00:00,90.1015880077645
2024-10-24 20:00:00,88.7154374226078
2024-10-24 21:00:00,89.1984325030892
2024-10-24 22:00:00,88.9295879943645
2024-10-24 23:00:00,89.2983740633859
2024-10-25 00:00:00,86.4929510326087
2024-10-25 01:00:00,88.8823210590384
2024-10-25 02:00:00,90.1029116062972
2024-10-25 03:00:00,89.266703774092
2024-10-25 04:00:00,98.7344167567381
2024-10-25 05:00:00,90.7135059424202
2024-10-25 06:00:00,89.4517730064281
2024-10-25 07:00:00,88.572550309838
2024-10-25 08:00:00,88.0495569991484
2024-10-25 09:00:00,90.5210204759236
2024-10-25 10:00:00,89.4368477942361
2024-10-25 11:00:00,88.8928409448006
2024-10-25 12:00:00,89.6326139589786
2024-10-25 13:00:00,90.3289178500744
2024-10-25 15:00:00,87.8582050706959
2024-10-25 16:00:00,89.5809354541465
2024-10-25 17:00:00,87.2216830390131
2024-10-25 18:00:00,89.085895788668
2024-10-25 19:00:00,89.0383267209917
2024-10-25 20:00:00,88.899025804067
2024-10-25 21:00:00,89.272359983807
2024-10-25 22:00:00,90.0339083491811
2024-10-25 23:00:00,86.40057857019
2024-10-26 00:00:00,89.8885093997874
2024-10-26 01:00:00,88.5013780749178
2024-10-26 02:00:00,91.4521034115825
2024-10-26 03:00:00,90.811171392203
2024-10-26 04:00:00,88.7503667927471
2024-10-26 05:00:00,89.3243241887845
2024-10-26 06:00:00,89.4379979667202
2024-10-26 07:00:00,88.9870304502551
2024-10-26 08:00:00,88.5109176289578
2024-10-26 09:00:00,88.6731114028888
2024-10-26 10:00:00,88.6657647839472
2024-10-26 11:00:00,88.2173229146526
2024-10-26 12:00:00,88.5786965888264
2024-10-26 13:00:00,89.4622025800607
2024-10-26 14:00:00,87.7984756698368
2024-10-26 15:00:00,89.2528761371889
2024-10-26 16:00:00,88.2721557632649
2024-10-26 17:00:00,88.2148494329927
2024-10-26 18:00:00,89.2619101770882
2024-10-26 22:00:00,88.1394378234343
2024-10-27 01:00:00,89.4101566482896
2024-10-27 03:00:00,87.6676170613917
2024-10-27 05:00:00,89.818289325137
2024-10-27 06:00:00,87.2309774151104
2024-10-27 07:00:00,87.0028568752329
2024-10-27 22:00:00,88.4161811137021
2024-10-27 23:00:00,
2024-10-28 00:00:00,
2024-10-28 01:00:00,
2024-10-28 12:00:00,
2024-10-28 17:00:00,
2024-10-28 19:00:00,86.0947105057695
2024-10-28 21:00:00,87.5391919520412
2024-10-28 22:00:00,88.9864689562788
2024-10-29 03:00:00,87.1572128521708
2024-10-29 04:00:00,88.2094327433155
2024-10-29 07:00:00,87.9375969640926
2024-10-29 08:00:00,86.8558105551397
2024-10-29 22:00:00,86.639661130238
2024-10-29 23:00:00,87.5157970428655
2024-10-30 01:00:00,86.3654835945394
2024-10-30 05:00:00,88.9413642032248
2024-10-30 06:00:00,86.8064780137489
2024-10-30 07:00:00,87.3174032509026
2024-10-30 09:00:00,86.9620863969964
2024-10-30 10:00:00,85.4055774317681
2024-10-30 13:00:00,86.7533789308043
2024-10-30 14:00:00,88.9312195804949
2024-10-30 18:00:00,85.5053961727947
2024-10-30 19:00:00,86.7753565353728
2024-10-30 20:00:00,87.0613789922046
2024-10-30 23:00:00,86.4246002255536
2024-10-31 01:00:00,
2024-10-31 02:00:00,
2024-10-31 03:00:00,
2024-10-31 04:00:00,
2024-10-31 05:00:00,
2024-10-31 06:00:00,
2024-10-31 07:00:00,
2024-10-31 08:00:00,
2024-10-31 09:00:00,
2024-10-31 18:00:00,
2024-10-31 22:00:00,
2024-10-31 23:00:00,
2024-11-01 00:00:00,116.144819671158
2024-11-01 01:00:00,115.117327294567
2024-11-01 02:00:00,115.359845742729
2024-11-01 03:00:00,115.105091848607
2024-11-01 04:00:00,115.668129269575
2024-11-01 05:00:00,114.958383620923
2024-11-01 06:00:00,114.940410464371
2024-11-01 07:00:00,114.700577479868
2024-11-01 08:00:00,114.23370702747
2024-11-01 09:00:00,115.087360753475
2024-11-01 10:00:00,115.144770996722
2024-11-01 11:00:00,114.481302715106
2024-11-01 12:00:00,115.44137167353
2024-11-01 13:00:00,114.775461590046
2024-11-01 14:00:00,115.258060903187
2024-11-01 15:00:00,113.754607538495
2024-11-01 16:00:00,114.730457088849
2024-11-01 17:00:00,114.94743974792
2024-11-01 18:00:00,114.872071094624
2024-11-01 19:00:00,115.379222924194
2024-11-01 20:00:00,114.416805266176
2024-11-01 21:00:00,114.805242143917
2024-11-01 22:00:00,115.021595845826
2024-11-01 23:00:00,115.043607798452
2024-11-02 00:00:00,113.579707780969
2024-11-02 01:00:00,113.542489489143
2024-11-02 02:00:00,114.482677401224
2024-11-02 03:00:00,113.688543122092
2024-11-02 04:00:00,
2024-11-02 05:00:00,
2024-11-02 06:00:00,113.856518387176
2024-11-02 07:00:00,114.501210568025
2024-11-02 08:00:00,113.461057025548
2024-11-02 09:00:00,114.909533192943
2024-11-02 10:00:00,114.185577259992
2024-11-02 11:00:00,113.899605525365
2024-11-02 12:00:00,114.319770218254
2024-11-02 13:00:00,114.315677939499
2024-11-02 14:00:00,113.898370751131
2024-11-02 15:00:00,113.87296216186
2024-11-02 16:00:00,114.071065561228
2024-11-02 17:00:00,114.018149680156
2024-11-02 18:00:00,114.363125213314
2024-11-02 19:00:00,114.329651244473
2024-11-02 20:00:00,114.969166242433
2024-11-02 21:00:00,114.108408500194
2024-11-02 22:00:00,114.328322836172
2024-11-02 23:00:00,113.959494059785
2024-11-03 00:00:00,114.157372574833
2024-11-03 01:00:00,91.0263908369502
2024-11-03 02:00:00,113.458417882505
2024-11-03 12:00:00,113.672077719498
2024-11-03 14:00:00,113.687125027564
2024-11-03 15:00:00,144.832885694798
2024-11-03 16:00:00,113.762161833451
2024-11-03 17:00:00,113.816428822159
2024-11-03 18:00:00,113.815232030004
2024-11-03 19:00:00,113.606490047079
2024-11-03 20:00:00,114.040503679672
2024-11-03 21:00:00,112.61872257543
2024-11-03 22:00:00,113.666372239178
2024-11-03 23:00:00,113.579049365204
2024-11-04 00:00:00,112.049717235661
2024-11-04 01:00:00,111.968871493204
2024-11-04 02:00:00,112.057668380977
2024-11-04 03:00:00,112.010529478835
2024-11-04 04:00:00,112.958271449447
2024-11-04 05:00:00,114.104185388663
2024-11-04 06:00:00,112.650398949928
2024-11-04 07:00:00,112.489348959469
2024-11-04 08:00:00,111.192536212176
2024-11-04 09:00:00,113.0111487707
2024-11-04 10:00:00,111.541889657467
2024-11-04 11:00:00,111.962874919026
2024-11-04 12:00:00,113.018960109202
2024-11-04 13:00:00,113.752516542404
2024-11-04 14:00:00,112.261023334278
2024-11-04 15:00:00,111.724020272673
2024-11-04 16:00:00,112.403631285735
2024-11-04 17:00:00,113.116968733998
2024-11-04 18:00:00,112.546282713122
2024-11-04 19:00:00,113.343902328685
2024-11-04 20:00:00,111.794812036406
2024-11-04 21:00:00,112.232839171053
2024-11-04 22:00:00,111.627181976368
2024-11-04 23:00:00,111.810602983814
2024-11-05 00:00:00,111.703693736155
2024-11-05 01:00:00,111.949214387346
2024-11-05 02:00:00,111.74553347851
2024-11-05 03:00:00,112.898570432513
2024-11-05 04:00:00,111.511343143462
2024-11-05 05:00:00,110.905332593449
2024-11-05 06:00:00,110.749263865777
2024-11-05 07:00:00,112.255118227804
2024-11-05 08:00:00,111.985813873243
2024-11-05 09:00:00,112.742953591194
2024-11-05 10:00:00,110.419257953339
2024-11-05 11:00:00,111.369405990155
2024-11-05 12:00:00,112.894463784976
2024-11-05 13:00:00,114.033284052667
2024-11-05 14:00:00,112.091060824575
2024-11-05 15:00:00,112.485363088533
2024-11-05 16:00:00,112.514648230622
2024-11-05 17:00:00,111.774548045754
2024-11-05 18:00:00,111.585119094342
2024-11-05 19:00:00,112.185341443242
2024-11-05 20:00:00,107.70358537129
2024-11-05 21:00:00,112.363549677443
2024-11-05 22:00:00,111.642593050616
2024-11-05 23:00:00,112.167202044674
2024-11-06 00:00:00,110.11625605358
2024-11-06 01:00:00,113.38277306233
2024-11-06 02:00:00,111.162774191038
2024-11-06 03:00:00,111.75934983215
2024-11-06 04:00:00,112.824530094647
2024-11-06 05:00:00,110.290369434484
2024-11-06 06:00:00,112.718260637575
2024-11-06 07:00:00,112.061531024913
2024-11-06 08:00:00,112.416002859153
2024-11-06 09:00:00,112.353070521075
2024-11-06 10:00:00,112.206254496853
2024-11-06 11:00:00,113.16360482186
2024-11-06 12:00:00,111.034070343075
2024-11-06 13:00:00,110.125446148611
2024-11-06 14:00:00,111.507522637035
2024-11-06 15:00:00,111.712723890479
2024-11-06 16:00:00,112.964472742745
2024-11-06 17:00:00,112.093491926615
2024-11-06 18:00:00,113.049458313112
2024-11-06 20:00:00,112.333103145901
2024-11-06 21:00:00,110.989015315913
2024-11-06 22:00:00,111.584777890174
2024-11-06 23:00:00,111.87781025875
2024-11-07 00:00:00,111.186269747146
2024-11-07 01:00:00,111.410561000991
2024-11-07 02:00:00,112.061400257639
2024-11-07 03:00:00,112.733638618711
2024-11-07 04:00:00,111.459665197236
2024-11-07 05:00:00,110.36812298829
2024-11-07 17:00:00,111.015611528424
2024-11-07 18:00:00,111.282387423357
2024-11-07 19:00:00,82.3991843780789
2024-11-07 20:00:00,110.843740484694
2024-11-07 21:00:00,110.689235641738
2024-11-07 22:00:00,112.555708571077
2024-11-07 23:00:00,111.878457848357
2024-11-08 00:00:00,110.837019846043
2024-11-08 01:00:00,110.963762557518
2024-11-08 02:00:00,112.044594949164
2024-11-08 03:00:00,111.957727654021
2024-11-08 04:00:00,110.436613219206
2024-11-08 05:00:00,112.218890290899
2024-11-08 06:00:00,111.69755865325
2024-11-08 07:00:00,111.083515734456
2024-11-08 08:00:00,112.632176360496
2024-11-08 09:00:00,112.437335848034
2024-11-08 10:00:00,110.308982019791
2024-11-08 11:00:00,111.411116958887
2024-11-08 12:00:00,112.755797540218
2024-11-08 13:00:00,112.711704555881
2024-11-08 14:00:00,109.896157351285
2024-11-08 15:00:00,109.799320781828
2024-11-08 16:00:00,111.247634050936
2024-11-08 17:00:00,109.520601121183
2024-11-08 18:00:00,111.132435081018
2024-11-08 19:00:00,112.648495236649
2024-11-08 20:00:00,111.74725961574
2024-11-08 21:00:00,111.640339900154
2024-11-08 22:00:00,112.513669328311
2024-11-08 23:00:00,111.820010001553
2024-11-09 00:00:00,109.260735682145
2024-11-09 01:00:00,110.897929651699
2024-11-09 02:00:00,110.090715164682
2024-11-09 03:00:00,110.024222466513
2024-11-09 04:00:00,110.953032355147
2024-11-09 05:00:00,111.729513139472
2024-11-09 06:00:00,111.744403697108
2024-11-09 07:00:00,111.610309388866
2024-11-09 08:00:00,110.636112233932
2024-11-09 09:00:00,110.839741060413
2024-11-09 10:00:00,111.0979523007
2024-11-09 11:00:00,110.247460048353
2024-11-09 12:00:00,109.236244264051
2024-11-09 13:00:00,110.157629165006
2024-11-09 14:00:00,110.397894092443
2024-11-09 15:00:00,110.032403167863
2024-11-09 16:00:00,111.245963112171
2024-11-09 17:00:00,111.017600356594
2024-11-09 18:00:00,111.380520863854
2024-11-09 19:00:00,111.258240447442
2024-11-09 20:00:00,110.646668514986
2024-11-09 21:00:00,110.655024207325
2024-11-09 22:00:00,109.988080509078
2024-11-09 23:00:00,110.349411264349
2024-11-10 00:00:00,110.016756839038
2024-11-10 01:00:00,110.738470613275
2024-11-10 02:00:00,118.220737520139
2024-11-10 03:00:00,109.388559376079
2024-11-10 04:00:00,111.178100682864
2024-11-10 05:00:00,108.35261299887
2024-11-10 06:00:00,110.566441558441
2024-11-10 07:00:00,109.466561341249
2024-11-10 08:00:00,109.519209957319
2024-11-10 09:00:00,109.231889254617
2024-11-10 10:00:00,110.294141291079
2024-11-10 11:00:00,110.619566060151
2024-11-10 12:00:00,109.27664635426
2024-11-10 13:00:00,110.274613708181
2024-11-10 14:00:00,109.403503794255
2024-11-10 15:00:00,109.391217705985
2024-11-10 16:00:00,110.538954485834
2024-11-10 17:00:00,110.291206038703
2024-11-10 18:00:00,109.678700902385
2024-11-10 19:00:00,108.705902524943
2024-11-10 20:00:00,110.159394435367
2024-11-10 21:00:00,109.470181717622
2024-11-10 22:00:00,109.59837661476
2024-11-10 23:00:00,108.841925438416
2024-11-11 00:00:00,107.987773001324
2024-11-11 01:00:00,109.418527977192
2024-11-11 02:00:00,108.341176531846
2024-11-11 03:00:00,110.570358778405
2024-11-11 04:00:00,108.709540579253
2024-11-11 05:00:00,110.517490061969
2024-11-11 06:00:00,108.485964094792
2024-11-11 07:00:00,110.172246156775
2024-11-11 19:00:00,110.363698441191
2024-11-11 20:00:00,110.66097190903
2024-11-11 21:00:00,109.607936786264
2024-11-11 22:00:00,109.676947481351
2024-11-11 23:00:00,109.629061212056
2024-11-12 00:00:00,108.637677872614
2024-11-12 01:00:00,108.111784683218
2024-11-12 02:00:00,81.8101468129235
2024-11-12 03:00:00,107.883654541702
2024-11-12 04:00:00,109.161073330781
2024-11-12 05:00:00,107.803219819413
2024-11-12 06:00:00,107.112080962361
2024-11-12 07:00:00,110.037209095444
2024-11-12 08:00:00,108.856481001196
2024-11-12 09:00:00,108.579537769339
2024-11-12 10:00:00,109.014474271316
2024-11-12 11:00:00,108.958210772246
2024-11-12 12:00:00,108.222933321929
2024-11-12 13:00:00,109.010604249734
2024-11-12 14:00:00,107.996755971565
2024-11-12 15:00:00,108.51101616072
2024-11-12 16:00:00,109.794372330697
2024-11-12 17:00:00,108.164118138503
2024-11-12 18:00:00,
2024-11-12 19:00:00,
2024-11-12 20:00:00,
2024-11-12 21:00:00,
2024-11-12 22:00:00,
2024-11-12 23:00:00,107.967917086653
2024-11-13 00:00:00,107.079982547731
2024-11-13 01:00:00,107.792143957074
2024-11-13 02:00:00,108.148666110087
2024-11-13 03:00:00,107.666949007578
2024-11-13 04:00:00,108.998486345478
2024-11-13 05:00:00,109.061233396293
2024-11-13 06:00:00,108.11505141136
2024-11-13 08:00:00,108.675019465933
2024-11-13 09:00:00,107.070085515801
2024-11-13 11:00:00,106.292245979784
2024-11-13 12:00:00,109.213019002959
2024-11-13 13:00:00,107.3624450133
2024-11-13 14:00:00,108.117936390792
2024-11-13 15:00:00,106.876711761018
2024-11-13 16:00:00,108.055900037418
2024-11-13 17:00:00,107.908938118113
2024-11-13 18:00:00,108.741582737443
2024-11-13 19:00:00,108.228653853771
2024-11-13 20:00:00,108.901506881067
2024-11-13 21:00:00,107.952406893761
2024-11-13 22:00:00,107.711187308876
2024-11-13 23:00:00,109.386200753816
2024-11-14 00:00:00,106.854538439322
2024-11-14 01:00:00,107.320277865207
2024-11-14 02:00:00,107.006768088201
2024-11-14 03:00:00,108.786418213177
2024-11-14 04:00:00,107.835019304771
2024-11-14 05:00:00,108.000602932413
2024-11-14 06:00:00,107.874359416799
2024-11-14 07:00:00,107.786153331909
2024-11-14 08:00:00,108.504435905052
2024-11-14 09:00:00,107.12703912422
2024-11-14 10:00:00,106.914401055798
2024-11-14 11:00:00,107.896139588984
2024-11-14 12:00:00,107.993672584793
2024-11-14 13:00:00,107.639540298719
2024-11-14 14:00:00,107.36841886059
2024-11-14 16:00:00,106.953626501335
2024-11-14 17:00:00,107.006543950768
2024-11-14 18:00:00,107.156302303131
2024-11-14 19:00:00,107.202062583607
2024-11-14 20:00:00,107.140561641673
2024-11-14 21:00:00,107.437994722833
2024-11-14 22:00:00,108.63376705162
2024-11-14 23:00:00,107.3177612789
2024-11-15 00:00:00,106.43032106926
2024-11-15 01:00:00,106.969924382732
2024-11-15 02:00:00,105.778428153503
2024-11-15 03:00:00,107.566398835334
2024-11-15 04:00:00,107.024582415802
2024-11-15 05:00:00,106.464657806916
2024-11-15 06:00:00,106.796211886398
2024-11-15 08:00:00,106.293515884129
2024-11-17 07:00:00,106.590161626692
2024-11-17 08:00:00,
2024-11-17 09:00:00,106.862221721617
2024-11-17 10:00:00,107.086998941914
2024-11-17 11:00:00,107.04474120158
2024-11-17 12:00:00,106.9425783869
2024-11-17 13:00:00,106.711249526683
2024-11-17 14:00:00,107.259199982419
2024-11-17 15:00:00,106.452530969664
2024-11-17 16:00:00,130.277082598917
2024-11-17 17:00:00,106.163788254006
2024-11-17 18:00:00,107.497396210082
2024-11-17 19:00:00,106.23900350891
2024-11-17 20:00:00,105.511482985441
2024-11-17 21:00:00,105.715497415537
2024-11-17 22:00:00,106.475078063972
2024-11-17 23:00:00,107.883507827559
2024-11-18 00:00:00,108.496002264584
2024-11-18 01:00:00,106.679166596123
2024-11-18 02:00:00,107.319312861005
2024-11-18 03:00:00,105.94673162322
2024-11-18 04:00:00,105.120819082136
2024-11-18 05:00:00,106.25710556854
2024-11-18 06:00:00,105.811761724621
2024-11-18 07:00:00,106.619378859063
2024-11-18 08:00:00,107.254986436693
2024-11-18 09:00:00,106.531802184173
2024-11-18 10:00:00,105.409063814145
2024-11-18 11:00:00,105.606450008281
2024-11-18 12:00:00,106.743869888647
2024-11-18 13:00:00,105.610258621768
2024-11-18 14:00:00,107.064758523547
2024-11-18 15:00:00,107.29055981662
2024-11-18 16:00:00,107.195609857451
2024-11-18 17:00:00,105.490572027053
2024-11-18 18:00:00,105.628253897407
2024-11-18 19:00:00,105.540940969213
2024-11-18 20:00:00,106.168387167262
2024-11-18 21:00:00,106.445452888908
2024-11-18 22:00:00,106.215084387127
2024-11-18 23:00:00,107.24455200006
2024-11-19 00:00:00,107.107409098775
2024-11-19 01:00:00,106.510409125595
2024-11-19 02:00:00,104.686911072745
2024-11-19 03:00:00,104.904653327277
2024-11-19 04:00:00,106.719455929154
2024-11-19 05:00:00,105.4830718234
2024-11-19 06:00:00,106.92129971231
2024-11-19 07:00:00,107.033402884635
2024-11-19 08:00:00,105.196831032172
2024-11-19 09:00:00,105.65151542844
2024-11-19 10:00:00,106.440404779138
2024-11-19 12:00:00,104.464319241259
2024-11-19 13:00:00,106.397296685466
2024-11-20 00:00:00,106.455881154583
2024-11-20 01:00:00,106.213681907029
2024-11-20 02:00:00,105.500946472374
2024-11-20 03:00:00,105.97496705791
2024-11-20 04:00:00,106.092300009811
2024-11-20 05:00:00,105.576625152026
2024-11-20 06:00:00,104.656744232762
2024-11-20 07:00:00,106.3800075721
2024-11-20 08:00:00,104.450449528103
2024-11-20 09:00:00,105.636025961617
2024-11-20 11:00:00,104.928406248123
2024-11-20 12:00:00,105.292865713437
2024-11-20 13:00:00,106.852598667603
2024-11-20 14:00:00,105.866963590674
2024-11-20 15:00:00,104.364454954794
2024-11-20 16:00:00,84.3085467216978
2024-11-20 17:00:00,105.544622536749
2024-11-20 18:00:00,105.024547472287
2024-11-20 19:00:00,105.42542828393
2024-11-20 20:00:00,105.381818891879
2024-11-20 21:00:00,107.326837402607
2024-11-20 22:00:00,105.568018605118
2024-11-20 23:00:00,106.344860112329
2024-11-21 00:00:00,106.761169581587
2024-11-21 01:00:00,106.348719082375
2024-11-21 02:00:00,105.18952862539
2024-11-21 03:00:00,104.80383694743
2024-11-21 04:00:00,104.624886623782
2024-11-21 05:00:00,105.147618876564
2024-11-21 06:00:00,105.286417379063
2024-11-21 07:00:00,105.610255124641
2024-11-21 08:00:00,105.086480568981
2024-11-21 09:00:00,105.003287136282
2024-11-21 10:00:00,106.143796041479
2024-11-21 11:00:00,104.375806408982
2024-11-21 12:00:00,105.385652394038
2024-11-21 13:00:00,104.808119704358
2024-11-21 14:00:00,104.882708058612
2024-11-21 15:00:00,
2024-11-21 16:00:00,105.00914819412
2024-11-21 17:00:00,104.989866814092
2024-11-21 18:00:00,106.766273737771
2024-11-21 19:00:00,105.171879149622
2024-11-21 20:00:00,105.002460897678
2024-11-21 21:00:00,105.234661631756
2024-11-21 22:00:00,104.902307390487
2024-11-21 23:00:00,106.002592819442
2024-11-22 00:00:00,103.839714394676
2024-11-22 01:00:00,105.35189350041
2024-11-22 02:00:00,106.024329649508
2024-11-22 03:00:00,104.775129390281
2024-11-22 04:00:00,104.028132813029
2024-11-22 05:00:00,104.432218071151
2024-11-22 06:00:00,105.283240539436
2024-11-22 07:00:00,
2024-11-22 08:00:00,
2024-11-22 09:00:00,
2024-11-22 10:00:00,
2024-11-22 11:00:00,105.292091935266
2024-11-22 12:00:00,104.253383079067
2024-11-22 13:00:00,104.900610674384
2024-11-22 14:00:00,103.625089594175
2024-11-22 15:00:00,103.928152007075
2024-11-22 16:00:00,104.860147353282
2024-11-22 17:00:00,105.583152159609
2024-11-22 18:00:00,105.508702852248
2024-11-22 19:00:00,105.574482149162
2024-11-22 20:00:00,104.969263730629
2024-11-22 21:00:00,104.438207919391
2024-11-22 22:00:00,105.561393384314
2024-11-22 23:00:00,103.951802290357
2024-11-23 00:00:00,102.585374905569
2024-11-23 01:00:00,106.171135079639
2024-11-23 02:00:00,103.248390531085
2024-11-23 03:00:00,106.345480642757
2024-11-23 04:00:00,105.753990950545
2024-11-23 05:00:00,104.431918975757
2024-11-23 06:00:00,103.48872612686
2024-11-23 07:00:00,104.221693995345
2024-11-23 09:00:00,87.3950916199617
2024-11-23 10:00:00,104.959760303463
2024-11-23 11:00:00,
2024-11-23 12:00:00,
2024-11-23 13:00:00,
2024-11-23 14:00:00,105.037914842562
2024-11-24 01:00:00,103.43709176783
2024-11-24 02:00:00,105.625897548384
2024-11-24 03:00:00,105.112455622654
2024-11-24 04:00:00,103.81881313658
2024-11-24 05:00:00,103.968682891715
2024-11-24 06:00:00,104.358576624893
2024-11-24 07:00:00,104.311686983272
2024-11-24 09:00:00,103.416317158539
2024-11-24 10:00:00,105.825464446829
2024-11-24 11:00:00,104.061455033992
2024-11-24 12:00:00,103.777764906112
2024-11-24 13:00:00,104.261222251727
2024-11-24 14:00:00,105.192561701807
2024-11-24 15:00:00,105.22178648996
2024-11-24 16:00:00,104.622972053924
2024-11-24 17:00:00,104.995237986371
2024-11-24 18:00:00,104.570257335423
2024-11-24 19:00:00,102.244143731002
2024-11-24 20:00:00,105.372291089791
2024-11-24 21:00:00,105.036190498526
2024-11-24 22:00:00,104.802942417051
2024-11-24 23:00:00,104.928102012672
2024-11-25 00:00:00,103.927436060085
2024-11-25 01:00:00,102.984149694597
2024-11-25 02:00:00,102.34971250766
2024-11-25 03:00:00,103.779687215647
2024-11-25 04:00:00,103.906541154214
2024-11-25 05:00:00,102.82105475944
2024-11-25 06:00:00,103.848611197006
2024-11-25 07:00:00,103.062126161362
2024-11-25 08:00:00,102.700900154671
2024-11-25 09:00:00,103.561684412574
2024-11-25 10:00:00,102.319778103934
2024-11-25 11:00:00,103.399892592358
2024-11-25 12:00:00,104.023563442763
2024-11-25 13:00:00,105.055323501337
2024-11-25 14:00:00,103.082469645666
2024-11-25 15:00:00,102.433060607809
2024-11-25 16:00:00,103.334188653485
2024-11-25 17:00:00,103.550620370945
2024-11-25 18:00:00,102.730598756325
2024-11-25 19:00:00,103.928752023404
2024-11-25 20:00:00,101.797149402798
2024-11-25 21:00:00,103.025427847788
2024-11-25 22:00:00,104.080077457822
2024-11-25 23:00:00,103.445207957645
2024-11-26 00:00:00,101.416587428278
2024-11-26 01:00:00,104.599503609409
2024-11-26 02:00:00,104.467687127326
2024-11-26 03:00:00,101.715904883139
2024-11-26 04:00:00,102.166178656178
2024-11-26 05:00:00,102.281615867428
2024-11-26 06:00:00,103.256384468147
2024-11-26 07:00:00,101.265804702513
2024-11-26 08:00:00,102.613470808767
2024-11-26 09:00:00,101.36803455537
2024-11-26 10:00:00,101.865246235748
2024-11-26 11:00:00,103.385234325313
2024-11-26 12:00:00,102.767519751322
2024-11-26 13:00:00,101.641074907035
2024-11-26 14:00:00,102.75511325863
2024-11-26 15:00:00,103.100637880999
2024-11-26 16:00:00,102.215661114074
2024-11-26 17:00:00,102.487264504507
2024-11-26 18:00:00,103.027747845844
2024-11-26 19:00:00,103.256834344048
2024-11-26 20:00:00,102.710633917249
2024-11-26 21:00:00,104.176627180003
2024-11-26 22:00:00,102.852967466313
2024-11-26 23:00:00,102.939871302769
2024-11-27 00:00:00,102.293430495151
2024-11-27 01:00:00,101.785389022912
2024-11-27 02:00:00,101.400855615501
2024-11-27 03:00:00,100.534681573341
2024-11-27 04:00:00,101.133771547627
2024-11-27 05:00:00,101.932388801125
2024-11-27 06:00:00,100.952765084316
2024-11-27 07:00:00,98.9444690627018
2024-11-27 08:00:00,102.205279056835
2024-11-27 09:00:00,102.042765103185
2024-11-27 10:00:00,101.041236722645
2024-11-27 11:00:00,101.328515009784
2024-11-27 12:00:00,102.536852883163
2024-11-27 13:00:00,101.10406837584
2024-11-27 14:00:00,101.362738563257
2024-11-27 16:00:00,100.415763564192
2024-11-27 17:00:00,101.397370608904
2024-11-27 18:00:00,101.894587242212
2024-11-27 19:00:00,101.051154450863
2024-11-27 20:00:00,100.946026667034
2024-11-27 21:00:00,101.633513719396
2024-11-27 22:00:00,100.943503049061
2024-11-27 23:00:00,101.709782591419
2024-11-28 00:00:00,101.744976259705
2024-11-28 01:00:00,101.365156342153
2024-11-28 02:00:00,101.608502771284
2024-11-28 03:00:00,102.025589043439
2024-11-28 04:00:00,102.226052664842
2024-11-28 05:00:00,102.764357135978
2024-11-28 06:00:00,101.502624517092
2024-11-28 07:00:00,100.942538922594
2024-11-28 10:00:00,101.825270824307
2024-11-28 11:00:00,85.94227078298
2024-11-28 12:00:00,102.635126760199
2024-11-28 13:00:00,100.573750702048
2024-11-28 14:00:00,101.289544422623
2024-11-28 15:00:00,99.9069218404299
2024-11-28 16:00:00,101.161554682105
2024-11-28 17:00:00,101.142621894291
2024-11-28 18:00:00,100.743196819289
2024-11-28 19:00:00,101.054540775856
2024-11-28 20:00:00,101.835988605792
2024-11-28 21:00:00,103.823846485241
2024-11-28 22:00:00,99.2418170498197
2024-11-28 23:00:00,103.168891375341
2024-11-29 00:00:00,101.734447196816
2024-11-29 01:00:00,101.477467790178
2024-11-29 02:00:00,84.1015338486809
2024-11-29 03:00:00,101.538870528776
2024-11-29 04:00:00,101.364043617963
2024-11-29 05:00:00,99.57561725166
2024-11-29 06:00:00,
2024-11-29 07:00:00,
2024-11-29 08:00:00,
2024-11-29 20:00:00,
2024-11-29 21:00:00,100.426179056713
2024-11-29 23:00:00,101.522894571327
2024-11-30 00:00:00,100.06204813795
2024-11-30 01:00:00,100.615389228953
2024-11-30 02:00:00,102.327383643532
2024-11-30 03:00:00,102.737565861629
2024-11-30 04:00:00,100.673088843513
2024-11-30 05:00:00,100.402148425535
2024-11-30 06:00:00,101.231086305887
2024-11-30 07:00:00,100.571457769809
2024-11-30 08:00:00,100.721869114093
2024-11-30 09:00:00,99.4874701976518
2024-11-30 10:00:00,100.411642239018
2024-11-30 11:00:00,100.884328474326
2024-11-30 12:00:00,101.571590223448
2024-11-30 13:00:00,99.9071138491903
2024-11-30 14:00:00,101.934872033117
2024-11-30 15:00:00,101.932529918365
2024-11-30 16:00:00,102.200691292811
2024-11-30 17:00:00,101.281448915934
2024-11-30 18:00:00,100.47070699627
2024-11-30 19:00:00,101.102871162381
2024-11-30 20:00:00,100.884308980554
2024-11-30 21:00:00,99.7821663831649
2024-11-30 22:00:00,100.893997898005
2024-11-30 23:00:00,102.047217920142
2024-12-01 00:00:00,100.784907124231
2024-12-01 01:00:00,100.505938740898
2024-12-01 02:00:00,100.961721241608
2024-12-01 03:00:00,100.526969590332
2024-12-01 04:00:00,100.769421330901
2024-12-01 05:00:00,100.269756048369
2024-12-01 06:00:00,100.57763265795
2024-12-01 07:00:00,100.383550428871
2024-12-01 08:00:00,100.319858112906
2024-12-01 09:00:00,100.720546592217
2024-12-01 10:00:00,100.478739497465
2024-12-01 11:00:00,100.415693293288
2024-12-01 12:00:00,100.645872759038
2024-12-01 13:00:00,100.595483767205
2024-12-01 14:00:00,100.492339317219
2024-12-01 15:00:00,100.308721649715
2024-12-01 16:00:00,100.692464193759
2024-12-01 17:00:00,100.755993667187
2024-12-01 18:00:00,100.461134934651
2024-12-01 19:00:00,101.111479152201
2024-12-01 20:00:00,100.6704252814
2024-12-01 21:00:00,100.820288347817
2024-12-01 22:00:00,100.660845315424
2024-12-01 23:00:00,100.048560460711
2024-12-02 00:00:00,100.329865071562
2024-12-02 01:00:00,104.298232490966
2024-12-02 02:00:00,100.479709931797
2024-12-02 03:00:00,100.265390891851
2024-12-02 04:00:00,100.586241574354
2024-12-02 05:00:00,100.773716904592
2024-12-02 06:00:00,100.424381392008
2024-12-02 07:00:00,100.684594471178
2024-12-02 08:00:00,100.545512640085
2024-12-02 09:00:00,80.6690067291187
2024-12-02 11:00:00,100.543532645173
2024-12-02 12:00:00,100.557276928817
2024-12-02 13:00:00,100.286875108658
2024-12-02 14:00:00,100.314241454649
2024-12-02 15:00:00,100.212825614935
2024-12-02 16:00:00,99.7740215831077
2024-12-02 17:00:00,100.240272158022
2024-12-02 18:00:00,100.284675938959
2024-12-02 19:00:00,100.473530856578
2024-12-02 20:00:00,100.714174541265
2024-12-02 21:00:00,100.608172039177
2024-12-02 22:00:00,100.284828135061
2024-12-02 23:00:00,100.525687972407
2024-12-03 00:00:00,99.4624336223614
2024-12-03 01:00:00,99.7465566615286
2024-12-03 02:00:00,99.7733838401027
2024-12-03 03:00:00,99.6118273539951
2024-12-03 04:00:00,99.8398594103128
2024-12-03 05:00:00,99.725826846145
2024-12-03 06:00:00,99.7040329978664
2024-12-03 07:00:00,100.327451945453
2024-12-03 08:00:00,99.9446699857143
2024-12-03 09:00:00,99.9395299613924
2024-12-03 10:00:00,99.8027112842638
2024-12-03 11:00:00,99.7268313991767
2024-12-03 12:00:00,100.118524408766
2024-12-03 13:00:00,99.8346207486107
2024-12-03 14:00:00,100.02141176169
2024-12-03 15:00:00,99.3102526030709
2024-12-03 16:00:00,99.8086261084838
2024-12-03 17:00:00,99.6432738018847
2024-12-03 18:00:00,99.6455368727902
2024-12-03 19:00:00,99.4825016346195
2024-12-03 20:00:00,100.044358423465
2024-12-03 21:00:00,99.6493252585251
2024-12-03 23:00:00,99.7897521418872
2024-12-04 00:00:00,99.0203319623765
2024-12-04 01:00:00,99.2883860824851
2024-12-04 02:00:00,
2024-12-04 03:00:00,
2024-12-04 04:00:00,
2024-12-04 05:00:00,
2024-12-04 06:00:00,98.893620333096
2024-12-04 07:00:00,99.2036892735143
2024-12-04 08:00:00,99.0774596667447
2024-12-04 09:00:00,99.2584237541985
2024-12-04 10:00:00,99.2506413204794
2024-12-04 11:00:00,99.1029193338212
2024-12-04 12:00:00,99.5470355841261
2024-12-04 13:00:00,98.698235227687
2024-12-04 14:00:00,99.2987470187768
2024-12-04 15:00:00,98.7456294938108
2024-12-04 16:00:00,98.8540508475958
2024-12-04 17:00:00,98.9388753799396
2024-12-04 18:00:00,99.331849446708
2024-12-05 06:00:00,98.8604610360348
2024-12-05 07:00:00,99.1699207851725
2024-12-05 08:00:00,99.4654749694684
2024-12-05 09:00:00,99.1058794705354
2024-12-05 10:00:00,99.3913602817919
2024-12-05 11:00:00,98.3666436805068
2024-12-05 12:00:00,98.9980467712165
2024-12-05 13:00:00,98.8893635575679
2024-12-05 14:00:00,99.0591431167361
2024-12-05 15:00:00,99.1638699420175
2024-12-05 16:00:00,98.6598504426271
2024-12-05 17:00:00,98.7154293385152
2024-12-05 18:00:00,98.9674455754995
2024-12-05 19:00:00,98.6039142031063
2024-12-05 20:00:00,98.8690114764564
2024-12-05 21:00:00,98.7446421312532
2024-12-05 22:00:00,98.8333696417739
2024-12-05 23:00:00,98.8329142240197
2024-12-06 00:00:00,97.9047389985867
2024-12-06 01:00:00,98.5036970541308
2024-12-06 02:00:00,98.6218583390096
2024-12-06 03:00:00,99.9406220396039
2024-12-06 04:00:00,98.4847659378839
2024-12-06 05:00:00,98.2661572932434
2024-12-06 06:00:00,98.136091190098
2024-12-06 07:00:00,97.8846816335697
2024-12-06 08:00:00,98.4870353570646
2024-12-06 09:00:00,98.0353840585285
2024-12-06 10:00:00,
2024-12-06 11:00:00,
2024-12-06 12:00:00,
2024-12-06 13:00:00,
2024-12-06 14:00:00,98.1960724683877
2024-12-06 15:00:00,98.4822175114817
2024-12-06 16:00:00,98.5246982704229
2024-12-06 17:00:00,98.6380607667175
2024-12-06 18:00:00,98.7743095089846
2024-12-06 19:00:00,98.9394947390517
2024-12-06 20:00:00,98.416981570716
2024-12-06 21:00:00,98.3865971791571
2024-12-06 22:00:00,98.1515554686912
2024-12-06 23:00:00,99.0035303238614
2024-12-07 00:00:00,97.3964906255832
2024-12-07 01:00:00,97.916702445467
2024-12-07 02:00:00,97.6159604023702
2024-12-07 03:00:00,98.2743018963993
2024-12-07 04:00:00,97.7119452051334
2024-12-07 05:00:00,97.1622009947563
2024-12-07 06:00:00,98.0849134918795
2024-12-07 07:00:00,97.7381608591362
2024-12-07 08:00:00,97.5709173413964
2024-12-07 09:00:00,97.996427029466
2024-12-07 10:00:00,98.2009243407452
2024-12-07 11:00:00,97.6936807717622
2024-12-07 12:00:00,97.6420209371032
2024-12-07 13:00:00,97.4251631862103
2024-12-07 14:00:00,
2024-12-07 15:00:00,
2024-12-07 16:00:00,
2024-12-07 17:00:00,
2024-12-07 18:00:00,97.4029039428563
2024-12-07 19:00:00,97.7120524076168
2024-12-07 20:00:00,98.3374008793514
2024-12-07 21:00:00,97.8778992974042
2024-12-07 23:00:00,97.5326676882551
2024-12-08 00:00:00,97.3481813464519
2024-12-08 01:00:00,109.367614773817
2024-12-08 02:00:00,97.2740727011075
2024-12-08 03:00:00,97.3932504394261
2024-12-08 04:00:00,97.6464743932164
2024-12-08 05:00:00,97.3007859206038
2024-12-08 06:00:00,97.2753434671504
2024-12-08 07:00:00,97.0873779905541
2024-12-08 08:00:00,98.0729612562786
2024-12-08 09:00:00,97.9393718611209
2024-12-08 13:00:00,97.3150914655854
2024-12-08 14:00:00,97.2197550242673
2024-12-08 15:00:00,97.3258182601299
2024-12-08 16:00:00,97.63330622864
2024-12-08 17:00:00,97.0220396896268
2024-12-08 18:00:00,96.9722279805403
2024-12-08 19:00:00,97.2085733289101
2024-12-08 20:00:00,96.8391367296498
2024-12-08 21:00:00,97.7391073633468
2024-12-08 22:00:00,97.5926604744279
2024-12-08 23:00:00,97.4556264101013
2024-12-09 00:00:00,97.0816132282434
2024-12-09 01:00:00,97.5009530524776
2024-12-09 02:00:00,97.4128192363207
2024-12-09 03:00:00,97.0716466825325
2024-12-09 04:00:00,97.2201848811429
2024-12-09 05:00:00,97.0570284828736
2024-12-09 06:00:00,97.6519285989969
2024-12-09 07:00:00,97.5436302695274
2024-12-09 08:00:00,97.5437549186527
2024-12-09 09:00:00,96.6525078322072
2024-12-09 10:00:00,96.7647179192128
2024-12-09 11:00:00,97.0548558108707
2024-12-09 12:00:00,96.8681902014062
2024-12-09 13:00:00,97.0078769817071
2024-12-09 14:00:00,97.0381070319323
2024-12-09 15:00:00,97.2282258546424
2024-12-09 16:00:00,97.3987166938783
2024-12-09 17:00:00,97.0796582376081
2024-12-09 18:00:00,96.8273309299407
2024-12-09 19:00:00,97.3544544286365
2024-12-09 20:00:00,97.2410565382749
2024-12-09 21:00:00,96.9575519046317
2024-12-09 22:00:00,97.5599331242866
2024-12-09 23:00:00,97.5087339038811
2024-12-10 00:00:00,97.3412290510462
2024-12-10 01:00:00,97.5390524378623
2024-12-10 02:00:00,113.840767482618
2024-12-10 03:00:00,97.7209269411653
2024-12-10 05:00:00,97.311355172195
2024-12-10 06:00:00,97.1496903375407
2024-12-10 07:00:00,97.1621236579444
2024-12-10 08:00:00,96.9826613598742
2024-12-10 09:00:00,97.0004881775052
2024-12-10 10:00:00,97.1930072058563
2024-12-10 11:00:00,97.1497609081587
2024-12-10 12:00:00,97.1299509214927
2024-12-10 13:00:00,97.2412927787631
2024-12-10 14:00:00,96.8831718271928
2024-12-10 15:00:00,97.2661791691473
2024-12-10 16:00:00,96.8414916112519
2024-12-10 17:00:00,98.0364413419497
2024-12-10 18:00:00,97.3389244202671
2024-12-10 19:00:00,97.7810670695667
2024-12-10 20:00:00,97.0993772620648
2024-12-10 21:00:00,97.0877750018502
2024-12-10 22:00:00,97.1981408239081
2024-12-10 23:00:00,96.9804105488926
2024-12-11 00:00:00,96.5656726172858
2024-12-11 01:00:00,96.3520187223685
2024-12-11 02:00:00,96.5387133450687
2024-12-11 03:00:00,96.4367731324525
2024-12-11 04:00:00,96.2155205706438
2024-12-11 05:00:00,96.7168197494762
2024-12-11 06:00:00,96.774052575716
2024-12-11 07:00:00,96.5256896032617
2024-12-11 08:00:00,96.2890011974735
2024-12-11 09:00:00,96.6588340615334
2024-12-11 10:00:00,96.7506689959434
2024-12-11 11:00:00,96.2203513337502
2024-12-11 12:00:00,96.9969357731482
2024-12-11 13:00:00,96.4986504301418
2024-12-11 14:00:00,96.9008507601702
2024-12-11 15:00:00,96.3616371699073
2024-12-11 16:00:00,96.8039471537853
2024-12-11 17:00:00,96.4083186312835
2024-12-11 18:00:00,96.5026359360756
2024-12-11 19:00:00,96.1376924444552
2024-12-11 20:00:00,96.5673331233652
2024-12-11 21:00:00,96.3850897184262
2024-12-11 23:00:00,96.4430154502771
2024-12-12 00:00:00,96.1855089982822
2024-12-12 01:00:00,96.0643950073708
2024-12-12 02:00:00,96.0768941400395
2024-12-12 03:00:00,96.7111783906074
2024-12-12 16:00:00,96.1075001843108
2024-12-12 17:00:00,96.3029623306122
2024-12-12 18:00:00,95.7875292605859
2024-12-12 19:00:00,95.843735224345
2024-12-12 20:00:00,96.0960592154628
2024-12-12 21:00:00,95.9411270245163
2024-12-12 22:00:00,95.9981788799501
2024-12-12 23:00:00,95.8878886144362
2024-12-13 00:00:00,95.9101436999937
2024-12-13 01:00:00,95.509235558232
2024-12-13 02:00:00,95.7401504070716
2024-12-13 03:00:00,95.6143953995305
2024-12-13 04:00:00,95.7516340359972
2024-12-13 05:00:00,96.03330323094
2024-12-13 06:00:00,95.5822167920281
2024-12-13 07:00:00,95.4920104192922
2024-12-13 11:00:00,95.1272973278917
2024-12-13 12:00:00,95.8296933408636
2024-12-13 13:00:00,95.8455412935338
2024-12-13 14:00:00,95.5344128949269
2024-12-13 15:00:00,96.0283570253614
2024-12-13 16:00:00,115.565307931714
2024-12-13 17:00:00,95.7474259784237
2024-12-13 18:00:00,95.7598667248074
2024-12-13 19:00:00,95.8678363444765
2024-12-13 20:00:00,95.4044405131377
2024-12-13 21:00:00,95.8762067185264
2024-12-13 22:00:00,
2024-12-13 23:00:00,
2024-12-14 00:00:00,94.5747575591785
2024-12-14 01:00:00,94.8943613452928
2024-12-14 02:00:00,94.274633725411
2024-12-14 03:00:00,94.5055763896011
2024-12-14 04:00:00,94.6501862749627
2024-12-14 05:00:00,94.6581354074556
2024-12-14 06:00:00,94.0223151274357
2024-12-14 07:00:00,94.2317125006045
2024-12-14 08:00:00,94.0656510064622
2024-12-14 09:00:00,94.4776197072853
2024-12-14 10:00:00,94.4396422150168
2024-12-14 11:00:00,94.8190374981761
2024-12-14 12:00:00,94.699942393455
2024-12-14 13:00:00,94.4885543184423
2024-12-14 14:00:00,95.0474911880938
2024-12-14 15:00:00,94.3212004829852
2024-12-14 16:00:00,94.9308537222819
2024-12-14 17:00:00,94.7580549000495
2024-12-14 18:00:00,94.7982772259239
2024-12-14 19:00:00,94.8287319844383
2024-12-14 20:00:00,95.1422817524865
2024-12-14 21:00:00,94.3036804343553
2024-12-14 22:00:00,94.7464719414493
2024-12-14 23:00:00,94.5689857068199
2024-12-15 00:00:00,94.1736054263571
2024-12-15 01:00:00,94.2895017751835
2024-12-15 02:00:00,94.2865924298951
2024-12-15 03:00:00,94.2116106344014
2024-12-15 04:00:00,94.9388964314401
2024-12-15 05:00:00,94.3690734254929
2024-12-15 06:00:00,94.3467570565813
2024-12-15 07:00:00,94.599513701846
2024-12-15 08:00:00,89.897087298169
2024-12-15 09:00:00,94.1943613079288
2024-12-15 10:00:00,93.7114568909927
2024-12-15 11:00:00,94.4022187842622
2024-12-15 12:00:00,93.9122965317132
2024-12-15 13:00:00,94.3781617698119
2024-12-15 14:00:00,94.110822072736
2024-12-15 15:00:00,93.893826647079
2024-12-15 16:00:00,94.4852233125568
2024-12-15 17:00:00,93.9664263271779
2024-12-15 18:00:00,94.2470212815015
2024-12-15 19:00:00,94.1324013691048
2024-12-15 20:00:00,94.2967107679439
2024-12-15 21:00:00,94.0367018570582
2024-12-15 22:00:00,94.1198429220147
2024-12-15 23:00:00,94.4249795598229
2024-12-16 00:00:00,93.6748842673342
2024-12-16 01:00:00,93.5211443945466
2024-12-16 02:00:00,93.7023235577122
2024-12-16 03:00:00,93.6295911584075
2024-12-16 04:00:00,94.1502091767107
2024-12-16 05:00:00,93.4914622882553
2024-12-16 16:00:00,93.599149237872
2024-12-16 17:00:00,93.7459188314996
2024-12-16 18:00:00,94.023222917948
2024-12-16 19:00:00,93.7614569316621
2024-12-16 20:00:00,93.5132931189539
2024-12-16 21:00:00,93.8365737175234
2024-12-16 22:00:00,93.3958902986951
2024-12-16 23:00:00,93.2958050245436
2024-12-17 00:00:00,93.5577881480688
2024-12-17 01:00:00,93.4631426286984
2024-12-17 02:00:00,93.2990839612973
2024-12-17 03:00:00,92.9992296013028
2024-12-17 04:00:00,93.5119401209396
2024-12-17 05:00:00,93.6069418557506
2024-12-17 06:00:00,93.5931810589789
2024-12-17 07:00:00,93.3299231796019
2024-12-17 08:00:00,93.3405798726117
2024-12-17 09:00:00,93.1363380238609
2024-12-17 10:00:00,93.5360068179065
2024-12-17 11:00:00,93.4065955754845
2024-12-17 12:00:00,92.8909209233492
2024-12-17 13:00:00,93.7257878997188
2024-12-17 14:00:00,93.421342614086
2024-12-17 15:00:00,93.1381382508895
2024-12-17 16:00:00,93.501846149622
2024-12-17 17:00:00,93.561383106053
2024-12-17 18:00:00,94.0971232901671
2024-12-17 19:00:00,93.1668970779058
2024-12-17 20:00:00,93.0344427073071
2024-12-17 21:00:00,93.7296654188155
2024-12-17 22:00:00,93.3610850931546
2024-12-17 23:00:00,93.3104310531619
2024-12-18 00:00:00,93.3583324009798
2024-12-18 01:00:00,92.7803517647805
2024-12-18 02:00:00,92.8652167613474
2024-12-18 03:00:00,92.7682021535277
2024-12-18 04:00:00,93.0991084113233
2024-12-18 05:00:00,93.0524300466343
2024-12-18 06:00:00,92.7998794688673
2024-12-18 07:00:00,92.6893639421657
2024-12-18 08:00:00,92.7699119049162
2024-12-18 10:00:00,92.6479286914391
2024-12-18 11:00:00,93.0673045379891
2024-12-18 12:00:00,92.8920423586436
2024-12-18 13:00:00,92.754549710712
2024-12-18 14:00:00,112.827008376634
2024-12-18 15:00:00,92.9003073012122
2024-12-18 16:00:00,92.6627661701324
2024-12-18 17:00:00,93.0193750576365
2024-12-18 18:00:00,92.4787248120762
2024-12-18 19:00:00,93.0332467012426
2024-12-18 20:00:00,92.9824324224497
2024-12-18 21:00:00,92.8840648398912
2024-12-18 22:00:00,92.6291620731109
2024-12-18 23:00:00,92.6881083187766
2024-12-19 00:00:00,92.5163346378644
2024-12-19 01:00:00,92.3152557149322
2024-12-19 02:00:00,92.6938045496014
2024-12-19 03:00:00,92.47789647966
2024-12-19 04:00:00,92.2794137917673
2024-12-19 05:00:00,92.6921589906425
2024-12-19 06:00:00,92.3693300449454
2024-12-19 07:00:00,92.7112900494211
2024-12-19 08:00:00,92.348513247538
2024-12-19 09:00:00,92.0180312162808
2024-12-19 10:00:00,92.6055715408966
2024-12-19 11:00:00,92.568197334802
2024-12-19 12:00:00,92.370192562071
2024-12-19 13:00:00,92.6075497317821
2024-12-19 14:00:00,92.8202776431134
2024-12-19 15:00:00,92.3610024901521
2024-12-19 16:00:00,92.5614654472382
2024-12-19 17:00:00,92.7027824824178
2024-12-19 18:00:00,92.4496848860074
2024-12-19 19:00:00,92.1202617424926
2024-12-19 20:00:00,92.1572076996111
2024-12-19 21:00:00,92.4464463668182
2024-12-19 22:00:00,92.1874133102356
2024-12-19 23:00:00,92.2890324755001
2024-12-20 00:00:00,92.0138088980933
2024-12-20 01:00:00,92.1498558865853
2024-12-20 02:00:00,92.2357774271608
2024-12-20 03:00:00,92.0466134098783
2024-12-20 04:00:00,91.8879932091291
2024-12-20 05:00:00,91.4172127300885
2024-12-20 07:00:00,91.9585808305124
2024-12-20 18:00:00,92.2517307313121
2024-12-20 19:00:00,92.0061051983683
2024-12-20 20:00:00,91.9689157080917
2024-12-20 21:00:00,92.2005077315618
2024-12-20 22:00:00,91.6114931518962
2024-12-20 23:00:00,92.2029287146241
2024-12-21 00:00:00,91.6943828984148
2024-12-21 01:00:00,91.4452800769095
2024-12-21 02:00:00,91.7526503849625
2024-12-21 03:00:00,91.4634069586944
2024-12-21 04:00:00,91.4936060263877
2024-12-21 05:00:00,91.8939940254251
2024-12-21 06:00:00,91.1851918097973
2024-12-21 08:00:00,91.358788851342
2024-12-21 09:00:00,91.2636216298297
2024-12-21 12:00:00,91.9239767546802
2024-12-21 14:00:00,91.2230305006555
2024-12-21 15:00:00,91.7659009064701
2024-12-21 16:00:00,91.5860380683067
2024-12-21 17:00:00,
2024-12-21 18:00:00,
2024-12-21 19:00:00,
2024-12-21 20:00:00,91.900841759996
2024-12-21 21:00:00,91.86524592325
2024-12-21 22:00:00,92.3090844130788
2024-12-21 23:00:00,91.5143572850953
2024-12-22 00:00:00,91.706562209214
2024-12-22 01:00:00,91.0894421163948
2024-12-22 02:00:00,91.4291372592431
2024-12-22 03:00:00,91.4857544915114
2024-12-22 04:00:00,91.1415101574768
2024-12-22 05:00:00,91.0633362659411
2024-12-22 06:00:00,91.153542164592
2024-12-22 07:00:00,91.0692938235613
2024-12-22 08:00:00,91.2960395135036
2024-12-22 09:00:00,91.0963985126615
2024-12-22 10:00:00,91.8124482595803
2024-12-22 11:00:00,90.9671949887075
2024-12-22 12:00:00,91.3191442121519
2024-12-22 13:00:00,90.8273658567623
2024-12-22 14:00:00,91.1739118411808
2024-12-22 15:00:00,91.505213635472
2024-12-22 16:00:00,91.4192350537967
2024-12-22 17:00:00,91.5071230852333
2024-12-22 18:00:00,91.5679373289266
2024-12-22 19:00:00,91.6176950909264
2024-12-22 20:00:00,91.2520787373158
2024-12-22 21:00:00,91.4322328449474
2024-12-22 22:00:00,91.2781473402469
2024-12-22 23:00:00,91.3872189381126
2024-12-23 00:00:00,90.9330586347041
2024-12-23 01:00:00,91.0083953126386
2024-12-23 02:00:00,91.1987218490711
2024-12-23 03:00:00,91.2116628454499
2024-12-23 04:00:00,65.6571209711819
2024-12-23 05:00:00,91.0025183764327
2024-12-23 06:00:00,91.0747828981614
2024-12-23 07:00:00,95.8259286104318
2024-12-23 08:00:00,90.9272347424108
2024-12-23 09:00:00,90.9654723050956
2024-12-23 10:00:00,105.815506585165
2024-12-23 11:00:00,111.382544844777
2024-12-23 12:00:00,90.7329958804459
2024-12-23 13:00:00,91.4402583655877
2024-12-23 14:00:00,91.0217343306729
2024-12-23 15:00:00,90.718456198765
2024-12-23 16:00:00,91.1927061402126
2024-12-23 17:00:00,91.3874396741113
2024-12-23 18:00:00,91.2557394016906
2024-12-23 19:00:00,91.0105038896633
2024-12-23 20:00:00,91.278332064955
2024-12-23 21:00:00,91.3386176434966
2024-12-23 22:00:00,91.3080850873037
2024-12-23 23:00:00,91.074638852881
2024-12-24 00:00:00,90.602929271049
2024-12-24 01:00:00,90.6396997122412
2024-12-24 02:00:00,90.4914503883539
2024-12-24 03:00:00,90.7483266649722
2024-12-24 04:00:00,90.2854396048452
2024-12-24 05:00:00,90.0535713406569
2024-12-24 06:00:00,90.2570551933219
2024-12-24 07:00:00,90.8245930393571
2024-12-24 08:00:00,90.7745672017147
2024-12-24 09:00:00,90.7354848552265
2024-12-24 12:00:00,91.0562396436451
2024-12-24 13:00:00,90.8095281875092
2024-12-24 14:00:00,90.8928901328434
2024-12-24 15:00:00,90.3935528196754
2024-12-24 16:00:00,90.9156724797172
2024-12-24 17:00:00,90.5293255460026
2024-12-24 18:00:00,90.2706693598726
2024-12-24 19:00:00,90.8542370613976
2024-12-24 20:00:00,90.6303100725907
2024-12-24 21:00:00,90.784491347912
2024-12-24 22:00:00,90.8242977442511
2024-12-24 23:00:00,90.3881610789858
2024-12-25 00:00:00,90.5811457905512
2024-12-25 01:00:00,90.8972220361667
2024-12-25 02:00:00,90.6172749665888
2024-12-25 03:00:00,90.4966966313338
2024-12-25 16:00:00,90.1468544528006
2024-12-25 17:00:00,89.980822722173
2024-12-25 18:00:00,89.8353769324497
2024-12-25 19:00:00,90.0916084082795
2024-12-25 20:00:00,90.2402681943381
2024-12-25 21:00:00,90.0753230625041
2024-12-25 22:00:00,90.5268813523968
2024-12-25 23:00:00,90.3542455943322
2024-12-26 00:00:00,89.8948022151439
2024-12-26 01:00:00,90.063191800025
2024-12-26 02:00:00,90.4189498216765
2024-12-26 03:00:00,90.0001988969772
2024-12-26 04:00:00,90.362356360605
2024-12-26 05:00:00,89.8868943878751
2024-12-26 06:00:00,90.4507937151994
2024-12-26 07:00:00,89.8944850395962
2024-12-26 08:00:00,89.896698205195
2024-12-26 09:00:00,90.3309433963396
2024-12-26 10:00:00,90.2331147883114
2024-12-26 11:00:00,90.1817800918303
2024-12-26 12:00:00,90.3066122336362
2024-12-26 13:00:00,90.4199535621248
2024-12-26 14:00:00,89.8174213030272
2024-12-26 15:00:00,90.2105913972378
2024-12-26 16:00:00,90.1190445866457
2024-12-26 17:00:00,90.0671913188402
2024-12-26 18:00:00,89.8328647847125
2024-12-26 19:00:00,90.4739824106905
2024-12-26 20:00:00,90.5687992538183
2024-12-26 21:00:00,90.3197502236617
2024-12-26 22:00:00,89.8780379100569
2024-12-26 23:00:00,89.8304496807716
2024-12-27 00:00:00,89.6872937906267
2024-12-27 01:00:00,90.3506646055759
2024-12-27 02:00:00,89.4321707928246
2024-12-27 03:00:00,89.9159308063578
2024-12-27 04:00:00,90.1758131421262
2024-12-27 05:00:00,90.0625737860258
2024-12-27 06:00:00,89.4517574180035
2024-12-27 07:00:00,89.779871571012
2024-12-27 08:00:00,90.2037977759681
2024-12-27 09:00:00,89.6004126583808
2024-12-27 10:00:00,89.3242994801699
2024-12-27 11:00:00,89.5348430301387
2024-12-27 12:00:00,90.431009879231
2024-12-27 13:00:00,89.9169324919798
2024-12-27 14:00:00,89.6630819545429
2024-12-27 15:00:00,89.6422531057386
2024-12-27 16:00:00,89.5568164628459
2024-12-27 17:00:00,89.3588623685457
2024-12-27 18:00:00,89.8684511250517
2024-12-27 19:00:00,89.7139913743455
2024-12-27 20:00:00,89.9376572382159
2024-12-27 21:00:00,90.0318259761438
2024-12-27 22:00:00,89.1713358914039
2024-12-27 23:00:00,89.8240195527774
2024-12-28 00:00:00,88.9761637904209
2024-12-28 01:00:00,89.0517249938811
2024-12-28 02:00:00,89.5462109177289
2024-12-28 03:00:00,89.2517844995176
2024-12-28 04:00:00,89.4222333454637
2024-12-28 05:00:00,89.0137256348662
2024-12-28 06:00:00,89.4475510305529
2024-12-28 07:00:00,89.2321081826648
2024-12-28 08:00:00,88.8958500545697
2024-12-28 09:00:00,101.896431318457
2024-12-28 10:00:00,88.9443490179117
2024-12-28 11:00:00,89.0049365369013
2024-12-28 12:00:00,103.260612003856
2024-12-28 13:00:00,89.0207264974635
2024-12-28 14:00:00,88.8916085289335
2024-12-28 15:00:00,89.0584096229763
2024-12-28 16:00:00,89.1817555070253
2024-12-28 17:00:00,89.2156208785936
2024-12-28 18:00:00,89.3808354906195
2024-12-28 19:00:00,88.8499710690175
2024-12-28 20:00:00,88.9369581667383
2024-12-28 21:00:00,88.8786187259948
2024-12-28 22:00:00,88.0890401165605
2024-12-28 23:00:00,89.3192882868898
2024-12-29 00:00:00,88.0355991286708
2024-12-29 01:00:00,87.7727848030078
2024-12-29 02:00:00,88.4979991986256
2024-12-29 03:00:00,88.2126618031047
2024-12-29 04:00:00,87.6295893357385
2024-12-29 05:00:00,87.5165918402158
2024-12-29 06:00:00,87.9721382693393
2024-12-29 18:00:00,75.1476277284113
2024-12-29 19:00:00,88.0139157480414
2024-12-29 20:00:00,87.5637855879309
2024-12-29 21:00:00,87.7827747564817
2024-12-29 22:00:00,87.6949870157091
2024-12-29 23:00:00,88.5018990970998
2024-12-30 00:00:00,87.4670462613481
2024-12-30 01:00:00,86.6917891198054
2024-12-30 02:00:00,87.734025297502
2024-12-30 03:00:00,87.2517572430419
2024-12-30 04:00:00,87.692804009606
2024-12-30 06:00:00,86.7523242346812
2024-12-30 07:00:00,87.1935614417067
2024-12-30 08:00:00,87.0846643604503
2024-12-30 09:00:00,87.9495582312792
2024-12-30 10:00:00,86.8088042092736
2024-12-30 11:00:00,87.2036479509269
2024-12-30 12:00:00,87.4384756207276
2024-12-30 13:00:00,86.4533000743541
2024-12-30 14:00:00,87.2286498194714
2024-12-30 15:00:00,86.9256259087638
2024-12-30 16:00:00,86.8316986786653
2024-12-30 17:00:00,86.9796413739085
2024-12-30 18:00:00,87.0709572242387
2024-12-30 19:00:00,86.9877650137739
2024-12-30 20:00:00,87.3682504729282
2024-12-30 21:00:00,87.1424795343013
2024-12-30 22:00:00,87.4591678083481
2024-12-30 23:00:00,87.2782696086106
2024-12-31 00:00:00,86.5650628228855
2024-12-31 01:00:00,85.8077160788992
2024-12-31 02:00:00,86.5894967868801
2024-12-31 03:00:00,86.3891480631421
2024-12-31 04:00:00,85.9997966931189
2024-12-31 05:00:00,86.1732460181977
2024-12-31 06:00:00,85.7800729170122
2024-12-31 07:00:00,85.9674342277801
2024-12-31 08:00:00,
2024-12-31 14:00:00,
2024-12-31 15:00:00,86.2600749917538
2024-12-31 16:00:00,85.977814407135
2024-12-31 17:00:00,86.3469705351609
2024-12-31 18:00:00,86.5177440179625
2024-12-31 19:00:00,86.3794440767249
2024-12-31 20:00:00,86.0741737120472
2024-12-31 21:00:00,86.2779209116442
2024-12-31 22:00:00,86.3208853794587
2024-12-31 23:00:00,85.7090222639359
2025-01-01 00:00:00,85.8288863675712
2025-01-01 01:00:00,86.0020921840553
2025-01-01 02:00:00,86.0793299305949
2025-01-01 03:00:00,84.8012692271013
2025-01-01 04:00:00,86.4646003517318
2025-01-01 05:00:00,85.5750534987165
2025-01-01 06:00:00,86.2118624747846
2025-01-01 07:00:00,85.7108442447685
2025-01-01 08:00:00,86.4141114744567
2025-01-01 09:00:00,86.2140162730781
2025-01-01 10:00:00,85.121553545034
2025-01-01 16:00:00,84.7192907984472
2025-01-02 18:00:00,85.7198085838896
2025-01-02 19:00:00,84.3654376408436
2025-01-02 20:00:00,84.8354627935565
2025-01-02 21:00:00,85.383252590395
2025-01-02 22:00:00,85.1288600725513
2025-01-02 23:00:00,85.518888678196
2025-01-03 00:00:00,
2025-01-03 01:00:00,
2025-01-03 02:00:00,
2025-01-03 03:00:00,
2025-01-03 04:00:00,
2025-01-03 05:00:00,
2025-01-03 06:00:00,
2025-01-03 07:00:00,
2025-01-03 08:00:00,
2025-01-03 09:00:00,
2025-01-03 10:00:00,
2025-01-03 11:00:00,
2025-01-03 12:00:00,
2025-01-03 13:00:00,
2025-01-03 14:00:00,
2025-01-03 15:00:00,
2025-01-03 16:00:00,
2025-01-03 17:00:00,
2025-01-03 18:00:00,
2025-01-03 19:00:00,
2025-01-03 20:00:00,
2025-01-03 21:00:00,
2025-01-03 22:00:00,
2025-01-03 23:00:00,
2025-01-04 00:00:00,88.9963113619533
2025-01-04 01:00:00,88.9049028141236
2025-01-04 02:00:00,88.5728960487644
2025-01-04 03:00:00,88.9315294532257
2025-01-04 04:00:00,88.8404665111528
2025-01-04 05:00:00,88.5611035073209
2025-01-04 06:00:00,88.4692395954747
2025-01-04 07:00:00,88.0046625615275
2025-01-04 08:00:00,89.1346869974125
2025-01-04 09:00:00,88.8746250051312
2025-01-04 10:00:00,79.7258449099942
2025-01-04 11:00:00,88.8358537539637
2025-01-04 12:00:00,88.4482766003656
2025-01-04 13:00:00,89.0073549509681
2025-01-04 14:00:00,88.9445221330108
2025-01-04 15:00:00,88.8340994006024
2025-01-04 16:00:00,88.6769048550868
2025-01-04 17:00:00,89.0052056966581
2025-01-06 17:00:00,88.8633087410186
2025-01-06 18:00:00,88.5460557038062
2025-01-06 19:00:00,88.2434473109515
2025-01-06 20:00:00,89.0742221545716
2025-01-06 21:00:00,88.6760666280727
2025-01-06 22:00:00,88.4050602390495
2025-01-06 23:00:00,88.3927155102179
2025-01-07 00:00:00,88.0274141752356
2025-01-07 01:00:00,87.1329176527487
2025-01-07 02:00:00,86.8946553185909
2025-01-07 03:00:00,87.5093967533735
2025-01-07 04:00:00,101.625051700557
2025-01-07 05:00:00,86.8705989905804
2025-01-07 06:00:00,87.146651865961
2025-01-07 07:00:00,87.276782354531
2025-01-07 08:00:00,83.8416642491131
2025-01-07 10:00:00,87.7124759986682
2025-01-07 11:00:00,87.6089080727729
2025-01-07 12:00:00,87.3695477138909
2025-01-07 14:00:00,87.4381497286176
2025-01-07 15:00:00,89.1781820458981
2025-01-07 16:00:00,87.1898686403592
2025-01-07 17:00:00,87.7270617556031
2025-01-07 18:00:00,87.1963353883869
2025-01-07 19:00:00,86.6910173861327
2025-01-07 20:00:00,86.3836262696815
2025-01-07 21:00:00,88.193969934949
2025-01-07 22:00:00,88.0867562604257
2025-01-07 23:00:00,87.3711190992858
2025-01-08 00:00:00,87.8866478257562
2025-01-08 01:00:00,87.2705783888726
2025-01-08 02:00:00,86.5868468179548
2025-01-08 03:00:00,87.01166353606
2025-01-08 04:00:00,87.1091795289573
2025-01-08 05:00:00,92.4178400830392
2025-01-08 06:00:00,87.6260498010951
2025-01-08 07:00:00,86.3416960926708
2025-01-08 09:00:00,86.9385036418966
2025-01-08 10:00:00,86.6570115067085
2025-01-08 11:00:00,87.3571271654462
2025-01-08 12:00:00,86.3226382190806
2025-01-08 13:00:00,86.6626553411458
2025-01-08 14:00:00,86.9695342004457
2025-01-08 15:00:00,87.3151951553051
2025-01-08 16:00:00,87.5018228018294
2025-01-08 17:00:00,87.0439110366091
2025-01-08 18:00:00,87.0021321933866
2025-01-08 19:00:00,87.8493984660888
2025-01-08 20:00:00,86.5867320888406
2025-01-08 21:00:00,86.4864297683936
2025-01-08 22:00:00,86.4523812709879
2025-01-08 23:00:00,87.4243430278606
2025-01-09 00:00:00,85.2548641554666
2025-01-09 01:00:00,86.3950663606784
2025-01-09 02:00:00,85.7487286287475
2025-01-09 03:00:00,86.2531517416537
2025-01-09 04:00:00,85.7943367394371
2025-01-09 05:00:00,86.4935442989133
2025-01-09 06:00:00,86.6002413438612
2025-01-09 07:00:00,85.8402131482064
2025-01-09 09:00:00,86.4921240916055
2025-01-09 10:00:00,85.8229508085072
2025-01-09 11:00:00,85.2649458848402
2025-01-09 12:00:00,86.0424275156226
2025-01-09 13:00:00,85.6622680372739
2025-01-09 14:00:00,86.3862959689457
2025-01-09 15:00:00,85.7678664301673
2025-01-09 16:00:00,85.6256897036303
2025-01-09 17:00:00,86.4270716169939
2025-01-09 18:00:00,86.1614537599945
2025-01-09 19:00:00,86.9930814426079
2025-01-09 20:00:00,85.9034508526456
2025-01-09 21:00:00,86.0606683322777
2025-01-09 22:00:00,85.3747722516237
2025-01-09 23:00:00,86.2647570211398
2025-01-10 00:00:00,85.9719751216495
2025-01-10 01:00:00,86.0714214755615
2025-01-10 02:00:00,85.9495382091029
2025-01-10 03:00:00,85.2840743244169
2025-01-10 04:00:00,85.2110213732646
2025-01-10 05:00:00,85.743129122788
2025-01-10 06:00:00,86.2114497107682
2025-01-10 07:00:00,85.8125190556852
2025-01-10 21:00:00,86.1140894229591
2025-01-10 22:00:00,85.9253215935854
2025-01-10 23:00:00,86.1815589083978
2025-01-11 00:00:00,85.3612387181345
2025-01-11 01:00:00,85.5397494006293
2025-01-11 02:00:00,84.2958395584404
2025-01-11 03:00:00,85.828864110663
2025-01-11 04:00:00,84.0494578212388
2025-01-11 05:00:00,85.8335911954006
2025-01-11 06:00:00,85.1020203159892
2025-01-11 07:00:00,84.8599421952403
2025-01-11 08:00:00,84.7000269712467
2025-01-11 10:00:00,61.8946055113504
2025-01-11 12:00:00,85.0169026746661
2025-01-11 13:00:00,85.832083840485
2025-01-11 14:00:00,85.3752050428184
2025-01-11 15:00:00,85.0708709010073
2025-01-11 16:00:00,85.1290497006226
2025-01-11 17:00:00,85.0241582753199
2025-01-11 18:00:00,84.4139050323431
2025-01-11 19:00:00,85.8181982527084
2025-01-11 20:00:00,85.9096555188056
2025-01-11 21:00:00,85.4652217447857
2025-01-11 22:00:00,84.4346568204065
2025-01-11 23:00:00,85.3583171576057
2025-01-12 00:00:00,85.6919974786224
2025-01-12 01:00:00,84.7420340284418
2025-01-12 02:00:00,84.6607658531177
2025-01-12 03:00:00,84.6330949179557
2025-01-12 04:00:00,84.935121024797
2025-01-12 05:00:00,84.0198232745953
2025-01-12 06:00:00,84.0944171359658
2025-01-12 07:00:00,84.2766904287805
2025-01-12 08:00:00,84.0196533377123
2025-01-12 09:00:00,84.9353957125937
2025-01-12 10:00:00,84.1409738506593
2025-01-12 11:00:00,83.5549077914027
2025-01-12 12:00:00,84.7225909904633
2025-01-12 13:00:00,83.9601656925068
2025-01-12 14:00:00,83.9591292814763
2025-01-12 15:00:00,84.7454984976513
2025-01-12 16:00:00,83.5092791563767
2025-01-12 17:00:00,83.7361479012227
2025-01-12 18:00:00,85.4479609486354
2025-01-12 19:00:00,84.8858317962507
2025-01-12 20:00:00,84.3958488249698
2025-01-12 21:00:00,84.6255384691319
2025-01-12 22:00:00,84.8939333719454
2025-01-12 23:00:00,85.2771184925834
2025-01-13 00:00:00,85.1047571902676
2025-01-13 01:00:00,84.0645925236951
2025-01-13 02:00:00,84.3537859555021
2025-01-13 03:00:00,82.7577385036602
2025-01-13 04:00:00,83.8054534361568
2025-01-13 05:00:00,83.8911012777202
2025-01-13 06:00:00,84.8504902104507
2025-01-13 07:00:00,85.0275270097987
2025-01-13 08:00:00,83.6905253824748
2025-01-13 09:00:00,84.1390888479248
2025-01-13 10:00:00,83.7707493580266
2025-01-13 11:00:00,83.4491644163921
2025-01-13 12:00:00,83.9203413032945
2025-01-13 13:00:00,83.8112801708857
2025-01-13 14:00:00,82.900616978137
2025-01-13 15:00:00,84.3272079279891
2025-01-13 16:00:00,84.4383340587423
2025-01-13 17:00:00,83.6755687215668
2025-01-13 18:00:00,84.293861192507
2025-01-13 19:00:00,83.8089378475107
2025-01-13 20:00:00,84.5971213560395
2025-01-13 21:00:00,84.7448031252201
2025-01-13 22:00:00,84.1573549881392
2025-01-13 23:00:00,84.5245302171747
2025-01-14 00:00:00,82.5592818014383
2025-01-14 01:00:00,83.5395580021819
2025-01-14 02:00:00,82.6152300604747
2025-01-14 03:00:00,83.190453794918
2025-01-14 04:00:00,82.4271802407658
2025-01-14 05:00:00,82.9603382286402
2025-01-14 06:00:00,82.6969248655796
2025-01-14 07:00:00,83.3140870540646
2025-01-14 08:00:00,83.268912979793
2025-01-14 09:00:00,83.3354884961028
2025-01-14 10:00:00,84.1576216031541
2025-01-14 11:00:00,82.3829418845234
2025-01-14 14:00:00,83.295536002087
2025-01-14 15:00:00,83.4027018758059
2025-01-14 16:00:00,83.1690997630464
2025-01-14 17:00:00,83.0121612549278
2025-01-14 18:00:00,83.0866806754769
2025-01-14 19:00:00,82.0785875189771
2025-01-14 20:00:00,82.6260363363403
2025-01-14 21:00:00,83.4342241860988
2025-01-14 22:00:00,82.5615220122147
2025-01-14 23:00:00,83.4153786776709
2025-01-15 00:00:00,82.5886494560952
2025-01-15 01:00:00,82.2640745676485
2025-01-15 02:00:00,82.8547279026324
2025-01-15 03:00:00,81.8883774587633
2025-01-15 04:00:00,82.4798582007098
2025-01-15 05:00:00,82.373391364648
2025-01-15 06:00:00,81.8687168131422
2025-01-15 07:00:00,81.5807300770777
2025-01-15 08:00:00,83.5845082616117
2025-01-15 10:00:00,80.5325279091519
2025-01-15 11:00:00,81.7453116663625
2025-01-15 12:00:00,82.190087462168
2025-01-15 13:00:00,82.9623605585052
2025-01-15 14:00:00,81.6008247705314
2025-01-15 15:00:00,81.6761698677879
2025-01-15 16:00:00,81.247417255273
2025-01-15 17:00:00,82.1914040787753
2025-01-15 18:00:00,81.9229437622055
2025-01-15 19:00:00,81.9639718054179
2025-01-15 20:00:00,82.0879997550842
2025-01-15 21:00:00,82.1887781310489
2025-01-15 22:00:00,81.744465711503
2025-01-15 23:00:00,82.3398755164999
2025-01-16 00:00:00,80.5564512785185
2025-01-16 01:00:00,81.0834218464665
2025-01-16 02:00:00,81.6351741010315
2025-01-16 03:00:00,82.5028729173738
2025-01-16 04:00:00,81.2061978015943
2025-01-16 05:00:00,81.7347861698164
2025-01-16 06:00:00,82.1909898503863
2025-01-16 07:00:00,82.2184310934762
2025-01-16 08:00:00,81.1832218888679
2025-01-16 09:00:00,81.2502789158573
2025-01-16 10:00:00,80.923186413475
2025-01-16 11:00:00,81.2833810147458
2025-01-16 12:00:00,81.8969443676184
2025-01-16 13:00:00,81.9833303374874
2025-01-16 14:00:00,80.4405687213236
2025-01-16 15:00:00,81.6894480983803
2025-01-16 16:00:00,81.2439244427405
2025-01-16 17:00:00,81.4157509984185
2025-01-16 18:00:00,80.3835275948632
2025-01-16 19:00:00,81.7665159080086
2025-01-16 20:00:00,81.2037514067705
2025-01-16 21:00:00,81.6116482391992
2025-01-16 22:00:00,81.1171645959488
2025-01-16 23:00:00,80.8220510632724
2025-01-17 00:00:00,81.537034397442
2025-01-17 01:00:00,81.6842305189052
2025-01-17 02:00:00,81.1819442713168
2025-01-17 03:00:00,80.9443684791962
2025-01-17 04:00:00,80.706533832433
2025-01-17 05:00:00,80.5140064167153
2025-01-17 06:00:00,81.8988104141801
2025-01-17 07:00:00,81.7007837802339
2025-01-17 08:00:00,81.54583839786
2025-01-17 10:00:00,80.7123261988678
2025-01-17 11:00:00,80.6971259424807
2025-01-17 12:00:00,80.5620542831544
2025-01-17 13:00:00,80.8574094320614
2025-01-17 14:00:00,81.7653759099736
2025-01-17 15:00:00,81.0126318724633
2025-01-18 05:00:00,80.3451908400691
2025-01-18 06:00:00,80.5822749115564
2025-01-18 07:00:00,104.490650263202
2025-01-18 08:00:00,80.5206461653809
2025-01-18 09:00:00,79.9381244948663
2025-01-18 10:00:00,81.3622067095493
2025-01-18 11:00:00,81.0342212242352
2025-01-18 12:00:00,81.0290166248611
2025-01-18 13:00:00,81.2366520402503
2025-01-18 14:00:00,80.8193056053551
2025-01-18 15:00:00,80.5975946350817
2025-01-18 16:00:00,80.1694851020065
2025-01-18 17:00:00,81.163113886102
2025-01-18 18:00:00,81.1107891614446
2025-01-18 19:00:00,80.4571265982658
2025-01-18 20:00:00,81.1741250002682
2025-01-18 21:00:00,79.4790156942345
2025-01-18 22:00:00,80.7661178211352
2025-01-18 23:00:00,80.3667288903331
2025-01-19 00:00:00,79.7994477957062
2025-01-19 01:00:00,79.371005757554
2025-01-19 02:00:00,79.9540063584168
2025-01-19 03:00:00,80.0404437575384
2025-01-19 04:00:00,79.4935027516423
2025-01-19 05:00:00,80.4337710838614
2025-01-19 07:00:00,79.6269055185983
2025-01-19 08:00:00,79.5957195701505
2025-01-19 09:00:00,80.1043295995464
2025-01-19 10:00:00,79.5975019710303
2025-01-19 11:00:00,80.5260350136865
2025-01-19 12:00:00,79.6133522370222
2025-01-19 13:00:00,79.8376561233765
2025-01-19 14:00:00,81.1498611128384
2025-01-19 15:00:00,80.4867782602941
2025-01-19 16:00:00,80.2052929010516
2025-01-19 17:00:00,79.8500372920219
2025-01-19 18:00:00,79.8789207059496
2025-01-19 19:00:00,80.5172404567152
2025-01-19 20:00:00,79.5929899735539
2025-01-19 21:00:00,78.6562181873972
2025-01-19 22:00:00,79.8471133743842
2025-01-19 23:00:00,79.3630647100295
2025-01-20 00:00:00,78.8869804854374
2025-01-20 01:00:00,78.8372897197218
2025-01-20 02:00:00,80.6784572009973
2025-01-20 03:00:00,79.4361873230311
2025-01-20 04:00:00,79.1863151101703
2025-01-20 05:00:00,55.099068231956
2025-01-20 11:00:00,79.7857392959487
2025-01-20 12:00:00,79.4391668298546
2025-01-20 13:00:00,79.088373074502
2025-01-20 14:00:00,79.4146488222975
2025-01-20 15:00:00,79.5735740109509
2025-01-20 16:00:00,76.3850661983592
2025-01-20 17:00:00,79.6379815236806
2025-01-20 18:00:00,79.7683392501589
2025-01-20 19:00:00,80.3994195007556
2025-01-20 20:00:00,78.1759967373228
2025-01-20 21:00:00,79.8575719321648
2025-01-20 22:00:00,78.8621172734681
2025-01-20 23:00:00,79.9134978120973
2025-01-21 00:00:00,78.1694756490639
2025-01-21 01:00:00,
2025-01-21 02:00:00,
2025-01-21 03:00:00,
2025-01-21 04:00:00,
2025-01-21 05:00:00,
2025-01-21 06:00:00,79.082559183942
2025-01-21 08:00:00,78.0865717188711
2025-01-21 09:00:00,79.0479621598618
2025-01-21 10:00:00,79.0013239434636
2025-01-21 11:00:00,79.0179863502875
2025-01-21 12:00:00,79.0729023126327
2025-01-21 13:00:00,78.7529943044659
2025-01-21 14:00:00,78.8322614858418
2025-01-21 15:00:00,78.3711347944083
2025-01-21 16:00:00,79.3918609921549
2025-01-21 17:00:00,79.4730050058796
2025-01-21 18:00:00,78.8609123334391
2025-01-22 07:00:00,78.8197862702449
2025-01-22 08:00:00,77.6137237092749
2025-01-22 09:00:00,79.1981464975172
2025-01-22 10:00:00,78.1190600957864
2025-01-22 11:00:00,78.0988283355248
2025-01-22 12:00:00,78.0741778656377
2025-01-22 13:00:00,78.1987231609247
2025-01-22 14:00:00,78.3486597355698
2025-01-22 15:00:00,77.684908870862
2025-01-22 16:00:00,77.6606651055324
2025-01-23 15:00:00,77.6660368142201
2025-01-23 16:00:00,77.4109544702987
2025-01-23 17:00:00,77.0885539918582
2025-01-23 18:00:00,77.6095663381655
2025-01-23 19:00:00,78.3072069279613
2025-01-23 20:00:00,77.9738682398
2025-01-23 21:00:00,77.9149626732494
2025-01-23 22:00:00,77.6893905756972
2025-01-23 23:00:00,77.2361192508524
2025-01-24 00:00:00,77.5778307156848
2025-01-24 01:00:00,77.0115250995357
2025-01-24 02:00:00,77.4454022531564
2025-01-24 03:00:00,77.3186832263046
2025-01-24 04:00:00,77.2444084956799
2025-01-24 05:00:00,76.7458116487917
2025-01-24 06:00:00,76.9026439854934
2025-01-25 08:00:00,77.6673665918948
2025-01-25 22:00:00,76.0201670809463
2025-01-25 23:00:00,77.3625291263229
2025-01-26 00:00:00,75.9576098663889
2025-01-26 01:00:00,76.6513839214692
2025-01-26 02:00:00,75.7563459454964
2025-01-26 03:00:00,76.4507118043169
2025-01-26 07:00:00,76.5177691738001
2025-01-26 08:00:00,76.1422428584988
2025-01-26 18:00:00,76.6134482852976
2025-01-26 19:00:00,76.0595005875443
2025-01-26 20:00:00,75.6978159855891
2025-01-26 21:00:00,76.3638435873126
2025-01-26 22:00:00,75.8127998274901
2025-01-26 23:00:00,76.1585600145702
2025-01-27 00:00:00,76.0236079209879
2025-01-27 01:00:00,75.3009105031347
2025-01-27 02:00:00,75.8125237844701
2025-01-27 04:00:00,74.9804624739918
2025-01-27 05:00:00,74.9307640683803
2025-01-27 06:00:00,75.4193892182505
2025-01-27 07:00:00,75.4902429985365
2025-01-27 11:00:00,75.5835997746109
2025-01-27 12:00:00,76.0961813012734
2025-01-27 13:00:00,75.0367939708222
2025-01-27 14:00:00,76.1466957573964
2025-01-27 15:00:00,75.9377507968443
2025-01-27 16:00:00,75.4612286981584
2025-01-27 17:00:00,75.4098380259183
2025-01-27 18:00:00,75.5381362952819
2025-01-27 19:00:00,75.1454800987571
2025-01-27 20:00:00,75.3096351851856
2025-01-27 21:00:00,75.838012310202
2025-01-27 22:00:00,74.965296061684
2025-01-27 23:00:00,75.2865937723192
2025-01-28 00:00:00,75.096126434035
2025-01-28 01:00:00,74.8517268252549
2025-01-28 02:00:00,75.0134494928027
2025-01-28 03:00:00,75.2019503741311
2025-01-28 04:00:00,74.2832602316772
2025-01-28 05:00:00,75.626625980421
2025-01-28 06:00:00,75.1384885432935
2025-01-28 07:00:00,75.7890346788087
2025-01-28 08:00:00,75.4865197897583
2025-01-28 09:00:00,75.8635329080966
2025-01-28 10:00:00,74.8406811560204
2025-01-28 11:00:00,75.027504773181
2025-01-28 12:00:00,75.0847255321226
2025-01-28 13:00:00,75.9022693506108
2025-01-28 14:00:00,75.0655349021865
2025-01-28 15:00:00,75.234497072556
2025-01-28 16:00:00,75.259782232839
2025-01-28 17:00:00,75.3924083691931
2025-01-28 18:00:00,75.2673579105545
2025-01-28 19:00:00,75.7500782787873
2025-01-28 20:00:00,76.0897452916284
2025-01-28 21:00:00,75.8811807371482
2025-01-28 22:00:00,75.7247882142592
2025-01-28 23:00:00,75.5291529993799
2025-01-29 00:00:00,75.3408020568187
2025-01-29 01:00:00,75.2553445096429
2025-01-29 02:00:00,76.0067167379765
2025-01-29 03:00:00,75.1758143682728
2025-01-29 04:00:00,75.9929628769632
2025-01-29 05:00:00,76.1122313265233
2025-01-29 06:00:00,75.1558975637076
2025-01-29 07:00:00,75.1526195620025
2025-01-29 08:00:00,75.7288267185804
2025-01-29 09:00:00,74.6623341961477
2025-01-29 10:00:00,75.5299246006974
2025-01-29 11:00:00,75.6371343556984
2025-01-29 12:00:00,75.0056787056348
2025-01-29 13:00:00,75.1520566200902
2025-01-29 14:00:00,74.9962440813434
2025-01-29 15:00:00,75.6862862765081
2025-01-29 16:00:00,75.3508463957196
2025-01-29 17:00:00,75.2448846226092
2025-01-29 18:00:00,75.3211906153624
2025-01-29 19:00:00,75.5011542371158
2025-01-29 20:00:00,75.399870026503
2025-01-29 21:00:00,75.1261920817443
2025-01-29 22:00:00,75.2583827906126
2025-01-29 23:00:00,75.3926273100802
2025-01-30 00:00:00,75.1550714239832
2025-01-30 01:00:00,75.1305481985331
2025-01-30 02:00:00,75.5682824897348
2025-01-30 03:00:00,74.6146807354964
2025-01-30 04:00:00,75.116051805513
2025-01-30 05:00:00,75.2026646307751
2025-01-30 06:00:00,75.9437504881386
2025-01-30 07:00:00,74.8291953600289
2025-01-30 08:00:00,74.8097668012131
2025-02-03 10:00:00,74.1672300876282
2025-02-03 11:00:00,74.4068949692207
2025-02-03 12:00:00,74.3175161761006
2025-02-03 13:00:00,74.693684653718
2025-02-03 15:00:00,74.2546106895231
2025-02-03 16:00:00,74.5040842778802
2025-02-03 17:00:00,73.7408583787769
2025-02-03 19:00:00,74.4290014965421
2025-02-03 20:00:00,74.5579842367215
2025-02-03 21:00:00,74.5471329731242
2025-02-03 22:00:00,53.8066615689039
2025-02-03 23:00:00,74.2410797545354
2025-02-04 00:00:00,73.1997127372287
2025-02-04 01:00:00,74.2025293821333
2025-02-04 02:00:00,74.1461222014402
2025-02-04 03:00:00,73.3425389492776
2025-02-04 04:00:00,73.4809479217957
2025-02-04 05:00:00,73.9642989263027
2025-02-04 06:00:00,73.5698375897187
2025-02-04 07:00:00,60.3461479702208
2025-02-04 08:00:00,73.6269917109402
2025-02-04 09:00:00,73.2818932895037
2025-02-04 11:00:00,73.5486580314174
2025-02-04 12:00:00,72.7264364613534
2025-02-04 13:00:00,73.9805850634205
2025-02-04 14:00:00,73.6670173115253
2025-02-04 15:00:00,73.6475446299011
2025-02-04 16:00:00,73.7079951208731
2025-02-04 17:00:00,73.7882364481613
2025-02-04 18:00:00,73.3676494551273
2025-02-04 19:00:00,74.0415327503141
2025-02-04 20:00:00,73.5347863595719
2025-02-04 21:00:00,72.8729120283891
2025-02-04 22:00:00,73.8252648221266
2025-02-04 23:00:00,73.9171937227674
2025-02-05 00:00:00,73.0661975504575
2025-02-05 01:00:00,72.8830642186613
2025-02-05 02:00:00,73.2580681854853
2025-02-05 03:00:00,72.4524119252594
2025-02-05 04:00:00,73.4343171982974
2025-02-05 05:00:00,73.5248120577162
2025-02-05 06:00:00,73.1127718587739
2025-02-05 07:00:00,72.5904357588875
2025-02-05 08:00:00,72.7268250624831
2025-02-05 09:00:00,72.7828608734793
2025-02-05 11:00:00,72.6828402456119
2025-02-05 12:00:00,72.7096535422602
2025-02-05 13:00:00,72.2754444174157
2025-02-05 14:00:00,72.5801535584412
2025-02-05 15:00:00,72.8770484258022
2025-02-05 16:00:00,72.9626232407773
2025-02-05 17:00:00,73.4064973688921
2025-02-05 18:00:00,72.9259215670325
2025-02-05 19:00:00,73.080146868482
2025-02-05 20:00:00,73.0772564146896
2025-02-05 21:00:00,72.1736979071177
2025-02-05 22:00:00,72.9878083546536
2025-02-05 23:00:00,73.0981107491837
2025-02-06 00:00:00,
2025-02-06 01:00:00,72.9168268948064
2025-02-06 02:00:00,72.2934830215233
2025-02-06 03:00:00,71.7711976739209
2025-02-06 04:00:00,72.8936415575019
2025-02-06 05:00:00,72.2163173743687
2025-02-06 07:00:00,72.7838407126032
2025-02-06 08:00:00,72.1036249960769
2025-02-06 09:00:00,72.3893650706932
2025-02-06 11:00:00,72.6240571461951
2025-02-06 12:00:00,72.41838158806
2025-02-06 13:00:00,72.8296121764364
2025-02-08 00:00:00,72.342819668488
2025-02-08 01:00:00,72.0335099225012
2025-02-08 02:00:00,72.4955777148485
2025-02-08 03:00:00,72.1108028571489
2025-02-08 04:00:00,72.2517870489525
2025-02-08 05:00:00,71.3117928282084
2025-02-08 07:00:00,72.8043310244861
2025-02-08 08:00:00,71.7849777754665
2025-02-08 09:00:00,72.2291176619505
2025-02-08 10:00:00,72.0346424518234
2025-02-08 11:00:00,71.876309023225
2025-02-08 12:00:00,72.0382377355063
2025-02-08 13:00:00,71.8410239566187
2025-02-08 14:00:00,72.6146704910261
2025-02-08 15:00:00,72.3306323281053
2025-02-08 16:00:00,71.8875709539558
2025-02-08 17:00:00,72.4569026313994
2025-02-08 18:00:00,71.6161854795025
2025-02-08 19:00:00,72.2227479410895
2025-02-08 20:00:00,71.6761622561578
2025-02-08 21:00:00,72.3930801890558
2025-02-08 22:00:00,72.5397384291526
2025-02-08 23:00:00,72.3860817448796
2025-02-09 00:00:00,71.5092998929595
2025-02-09 01:00:00,71.4649619405952
2025-02-09 02:00:00,71.26048303282
2025-02-09 03:00:00,71.8666883831087
2025-02-09 04:00:00,71.8435080768899
2025-02-09 05:00:00,71.1092944811999
2025-02-09 06:00:00,71.5340095686109
2025-02-09 07:00:00,71.5162216821684
2025-02-09 09:00:00,71.246301748339
2025-02-09 10:00:00,
2025-02-09 11:00:00,
2025-02-09 13:00:00,71.5244471549255
2025-02-09 14:00:00,71.7384866597596
2025-02-09 15:00:00,71.7562631591469
2025-02-09 16:00:00,71.6526913486331
2025-02-09 17:00:00,71.0848407288213
2025-02-09 18:00:00,71.8091700678957
2025-02-09 19:00:00,71.6355730203878
2025-02-09 20:00:00,71.7088648290925
2025-02-09 21:00:00,71.7141714816583
2025-02-09 22:00:00,71.7413858802178
2025-02-09 23:00:00,71.6711260048427
2025-02-10 00:00:00,70.8493078756638
2025-02-10 01:00:00,70.9427968884277
2025-02-10 13:00:00,70.7785652998893
2025-02-10 14:00:00,71.3492647103841
2025-02-10 15:00:00,70.7953648747424
2025-02-10 16:00:00,70.4184310781601
2025-02-10 17:00:00,71.102724773812
2025-02-10 18:00:00,70.5696417075184
2025-02-10 19:00:00,70.6665110566686
2025-02-10 20:00:00,70.9742207341706
2025-02-10 21:00:00,70.6725937274895
2025-02-10 22:00:00,70.7934046821242
2025-02-10 23:00:00,70.4462725438452
2025-02-11 00:00:00,69.9734679129284
2025-02-11 01:00:00,69.8500082442148
2025-02-11 02:00:00,70.2903128864673
2025-02-11 03:00:00,70.1797048841618
2025-02-11 04:00:00,70.0272617765561
2025-02-11 05:00:00,70.1223023769616
2025-02-11 06:00:00,70.1973722465517
2025-02-11 07:00:00,70.043844208948
2025-02-11 08:00:00,70.4006687378803
2025-02-11 09:00:00,70.615684672171
2025-02-11 10:00:00,70.2486300319542
2025-02-11 11:00:00,70.1253319229452
2025-02-11 12:00:00,70.6531885709221
2025-02-11 13:00:00,70.3742438181271
2025-02-11 14:00:00,69.8107349836474
2025-02-11 15:00:00,69.9516888874284
2025-02-11 16:00:00,
2025-02-11 17:00:00,70.0885528484663
2025-02-11 18:00:00,70.4470812649677
2025-02-11 19:00:00,70.2224315330411
2025-02-11 20:00:00,70.7441346545025
2025-02-11 21:00:00,70.8251207487826
2025-02-11 22:00:00,70.5020197270173
2025-02-11 23:00:00,70.6824078888216
2025-02-12 00:00:00,70.0613684766509
2025-02-12 01:00:00,69.5120291543944
2025-02-12 02:00:00,69.2391385828148
2025-02-12 03:00:00,69.4353172700751
2025-02-12 04:00:00,69.5800001466479
2025-02-12 05:00:00,69.4486379765173
2025-02-12 06:00:00,76.4020087392128
2025-02-12 10:00:00,69.3313719455464
2025-02-12 11:00:00,69.4009720278292
2025-02-12 12:00:00,69.3608338095696
2025-02-12 13:00:00,69.7369291566618
2025-02-12 14:00:00,69.3248752938385
2025-02-12 15:00:00,69.6160071463237
2025-02-12 16:00:00,69.1241016671555
2025-02-12 17:00:00,68.9941474649526
2025-02-12 18:00:00,69.1541984389048
2025-02-12 19:00:00,69.048547763989
2025-02-12 20:00:00,68.9810737652703
2025-02-12 21:00:00,69.1571439895011
2025-02-12 22:00:00,69.2353367627948
2025-02-12 23:00:00,69.6624851513431
2025-02-13 00:00:00,
2025-02-13 01:00:00,
2025-02-13 02:00:00,
2025-02-13 03:00:00,
2025-02-13 04:00:00,
2025-02-13 05:00:00,
2025-02-13 06:00:00,
2025-02-13 07:00:00,
2025-02-13 11:00:00,
2025-02-13 12:00:00,
2025-02-13 13:00:00,
2025-02-13 14:00:00,
2025-02-13 15:00:00,
2025-02-13 16:00:00,
2025-02-13 17:00:00,
2025-02-13 18:00:00,
2025-02-13 19:00:00,
2025-02-13 20:00:00,
2025-02-13 21:00:00,
2025-02-13 22:00:00,
2025-02-13 23:00:00,
2025-02-14 00:00:00,99.7951543533413
2025-02-14 01:00:00,99.7453642407875
2025-02-14 02:00:00,99.790375404827
2025-02-14 03:00:00,99.8630689413526
2025-02-14 04:00:00,99.6469850522263
2025-02-14 05:00:00,99.7627833899522
2025-02-14 06:00:00,99.5535913187264
2025-02-14 07:00:00,99.8745555713464
2025-02-14 08:00:00,99.5745035303847
2025-02-14 09:00:00,100.169575699587
2025-02-14 10:00:00,100.00121081146
2025-02-14 11:00:00,99.6121915265498
2025-02-14 12:00:00,99.5862780882198
2025-02-14 13:00:00,99.8074807258414
2025-02-14 14:00:00,99.6734647547278
2025-02-14 15:00:00,99.5953646669325
2025-02-14 16:00:00,99.7462332866754
2025-02-14 17:00:00,99.9351488055389
2025-02-14 18:00:00,99.8349737568851
2025-02-14 19:00:00,99.7899692026316
2025-02-14 20:00:00,99.5334287370299
2025-02-14 21:00:00,100.106122804637
2025-02-14 22:00:00,100.008707798606
2025-02-14 23:00:00,100.002484304917
2025-02-15 00:00:00,99.5772015563253
2025-02-15 01:00:00,99.362731044425
2025-02-15 02:00:00,99.3990025590305
2025-02-15 03:00:00,99.5005299634296
2025-02-15 05:00:00,99.395688730213
2025-02-15 06:00:00,99.3859234749925
2025-02-15 07:00:00,99.3883588902462
2025-02-15 08:00:00,99.5158550574245
2025-02-15 09:00:00,99.5370694995376
2025-02-15 10:00:00,99.3836253117908
2025-02-15 11:00:00,99.6841956062746
2025-02-15 12:00:00,99.1804752983748
2025-02-15 13:00:00,99.6152153010745
2025-02-15 14:00:00,99.3863008958891
2025-02-15 15:00:00,99.4540887996553
2025-02-15 16:00:00,99.2487076646744
2025-02-15 17:00:00,99.613874692935
2025-02-15 18:00:00,99.3904195246967
2025-02-16 07:00:00,98.5015065727124
2025-02-16 08:00:00,98.7555813271788
2025-02-16 09:00:00,98.939081398106
2025-02-16 10:00:00,98.9107031455045
2025-02-16 11:00:00,98.850699082539
2025-02-16 12:00:00,99.150111816931
2025-02-16 13:00:00,98.9115683748705
2025-02-17 12:00:00,97.5630022243663
2025-02-17 13:00:00,97.7169753152134
2025-02-17 14:00:00,98.1445732192112
2025-02-17 15:00:00,97.9234407734682
2025-02-17 16:00:00,97.8748804463698
2025-02-17 17:00:00,97.5023274995685
2025-02-17 18:00:00,98.2162056812976
2025-02-17 19:00:00,97.6792787383624
2025-02-17 20:00:00,98.5657252041425
2025-02-17 21:00:00,97.7171776428326
2025-02-17 22:00:00,97.6926523089235
2025-02-17 23:00:00,97.1528640914656
2025-02-18 00:00:00,98.1012104252757
2025-02-18 01:00:00,96.9946768133614
2025-02-18 02:00:00,96.8760322106215
2025-02-18 03:00:00,98.1948296401833
2025-02-18 04:00:00,97.2137167056995
2025-02-18 05:00:00,97.4222174746923
2025-02-18 06:00:00,97.670508482535
2025-02-18 08:00:00,97.3892840724078
2025-02-18 09:00:00,97.4618677724725
2025-02-18 10:00:00,97.302498474582
2025-02-18 11:00:00,97.6085004764196
2025-02-18 12:00:00,97.6027955188116
2025-02-18 13:00:00,96.9628029740186
2025-02-18 14:00:00,97.534395520111
2025-02-18 15:00:00,97.5632543591725
2025-02-18 16:00:00,97.9949019412369
2025-02-18 17:00:00,97.7490588227796
2025-02-18 18:00:00,97.5540124695497
2025-02-18 19:00:00,97.4202170849279
2025-02-18 20:00:00,97.8790238060492
2025-02-18 21:00:00,97.289642199913
2025-02-18 22:00:00,97.9083596534778
2025-02-18 23:00:00,97.4205573779376
2025-02-19 00:00:00,97.7272488314942
2025-02-19 01:00:00,97.2435759183828
2025-02-19 02:00:00,96.832339741485
2025-02-19 03:00:00,96.9028733088292
2025-02-19 08:00:00,94.4285593417726
2025-02-19 09:00:00,96.461005297635
2025-02-19 10:00:00,97.1572897743625
2025-02-19 12:00:00,97.1919663987693
2025-02-19 13:00:00,97.0886142423387
2025-02-19 14:00:00,
2025-02-19 15:00:00,
2025-02-19 16:00:00,
2025-02-19 17:00:00,96.7303672590048
2025-02-19 18:00:00,97.7851722953295
2025-02-19 19:00:00,97.0651799927474
2025-02-19 20:00:00,96.8559542369992
2025-02-19 21:00:00,97.3138713334517
2025-02-19 22:00:00,96.7570950234527
2025-02-19 23:00:00,96.3164954822958
2025-02-20 00:00:00,96.1767698841365
2025-02-20 01:00:00,96.4094189545317
2025-02-20 02:00:00,96.0966155532123
2025-02-20 03:00:00,96.2453521056192
2025-02-20 04:00:00,95.6007790124647
2025-02-20 05:00:00,96.5484913011925
2025-02-20 06:00:00,96.6476772403045
2025-02-20 07:00:00,96.0815507459099
2025-02-20 08:00:00,95.8789866850585
2025-02-20 09:00:00,96.0913048092556
2025-02-20 10:00:00,96.1633534399617
2025-02-20 11:00:00,95.972796917233
2025-02-20 12:00:00,96.1330150783483
2025-02-20 13:00:00,83.6088129323333
2025-02-20 14:00:00,96.7693281048884
2025-02-20 15:00:00,95.4390929590296
2025-02-20 16:00:00,96.0089984663604
2025-02-20 17:00:00,96.4871701415078
2025-02-20 18:00:00,95.9129596116223
2025-02-20 19:00:00,96.3077920888546
2025-02-20 20:00:00,96.4962229894485
2025-02-20 21:00:00,96.2163661314372
2025-02-20 22:00:00,96.8114571557289
2025-02-20 23:00:00,96.4692346240734
2025-02-21 00:00:00,95.4321783480685
2025-02-21 01:00:00,95.1889728981738
2025-02-21 02:00:00,95.7142859907775
2025-02-21 03:00:00,94.7558688400921
2025-02-21 04:00:00,95.5861419176758
2025-02-21 06:00:00,94.4991465287151
2025-02-21 08:00:00,95.2648396337168
2025-02-21 09:00:00,95.6328324595602
2025-02-21 10:00:00,95.3743180206792
2025-02-21 11:00:00,94.979077223892
2025-02-21 12:00:00,95.6070002170009
2025-02-21 13:00:00,95.0258831048301
2025-02-21 14:00:00,95.3901611876612
2025-02-21 15:00:00,95.1226216925675
2025-02-21 16:00:00,95.5566262605311
2025-02-21 17:00:00,95.6216302685359
2025-02-21 18:00:00,95.0250461430813
2025-02-21 19:00:00,95.4723904895293
2025-02-21 20:00:00,95.0168500318842
2025-02-21 21:00:00,94.825960209794
2025-02-21 22:00:00,94.7326635976093
2025-02-21 23:00:00,95.2467933109951
2025-02-22 00:00:00,94.4448883035913
2025-02-22 01:00:00,93.5799711393206
2025-02-22 02:00:00,94.6271525444267
2025-02-22 03:00:00,94.1011020730238
2025-02-22 04:00:00,94.6469750326157
2025-02-22 05:00:00,94.2243327944928
2025-02-22 07:00:00,94.0019787313247
2025-02-22 11:00:00,94.0944657337578
2025-02-22 12:00:00,94.1753666062673
2025-02-22 13:00:00,94.1743913760551
2025-02-22 14:00:00,93.7424143621649
2025-02-22 15:00:00,93.6899833643789
2025-02-23 05:00:00,93.5329185806187
2025-02-23 06:00:00,93.0036590726628
2025-02-23 07:00:00,93.5972438102685
2025-02-23 09:00:00,93.0936005548005
2025-02-23 10:00:00,93.3037822902825
2025-02-23 11:00:00,93.9280677584964
2025-02-23 12:00:00,92.9014606131531
2025-02-23 13:00:00,93.0857229818138
2025-02-23 14:00:00,93.4735220254143
2025-02-23 15:00:00,92.883849168566
2025-02-23 16:00:00,93.5872545967423
2025-02-23 17:00:00,93.7458540430209
2025-02-23 18:00:00,92.6817708222958
2025-02-23 19:00:00,93.5708216704587
2025-02-23 20:00:00,93.5374598614885
2025-02-23 21:00:00,93.2846614864835
2025-02-23 22:00:00,93.0288606251899
2025-02-23 23:00:00,93.1259589505784
2025-02-24 00:00:00,92.4639561974981
2025-02-24 01:00:00,93.2536033569513
2025-02-24 02:00:00,93.0743374779523
2025-02-24 03:00:00,92.8689941881082
2025-02-24 04:00:00,92.9431780943812
2025-02-24 05:00:00,92.4847428168126
2025-02-24 06:00:00,115.359909602697
2025-02-24 07:00:00,92.6736771567866
2025-02-24 09:00:00,92.2898566240709
2025-02-24 10:00:00,93.4673944455438
2025-02-24 11:00:00,93.1773085966297
2025-02-24 12:00:00,93.0297749329111
2025-02-24 13:00:00,92.9633740313645
2025-02-24 14:00:00,92.6932871070781
2025-02-24 15:00:00,92.6172881477664
2025-02-24 16:00:00,92.9636711785325
2025-02-24 17:00:00,93.0696170813216
2025-02-24 18:00:00,92.9169969876275
2025-02-24 19:00:00,92.5873357343963
2025-02-24 20:00:00,93.1971712898252
2025-02-24 21:00:00,92.8336998575445
2025-02-24 22:00:00,92.7432613262077
2025-02-24 23:00:00,92.718098964953
2025-02-25 00:00:00,92.3301352956649
2025-02-25 01:00:00,92.8690356062486
2025-02-25 02:00:00,92.7813473730634
2025-02-25 03:00:00,92.2045700153975
2025-02-25 04:00:00,93.0621605283203
2025-02-25 05:00:00,92.3896652849056
2025-02-25 09:00:00,92.2891921922887
2025-02-25 11:00:00,92.3544371130959
2025-02-25 12:00:00,92.9452080885433
2025-02-25 13:00:00,92.6109385910421
2025-02-25 14:00:00,92.8596209357809
2025-02-25 15:00:00,93.0510004789622
2025-02-25 16:00:00,92.6022291097926
2025-02-25 17:00:00,92.7464215419268
2025-02-25 18:00:00,93.0702361754046
2025-02-25 19:00:00,92.9280929797467
2025-02-25 20:00:00,92.5695095023464
2025-02-25 21:00:00,92.3349815707503
2025-02-25 22:00:00,92.4076223979929
2025-02-25 23:00:00,92.4032076871815
2025-02-26 00:00:00,92.3883421375789
2025-02-26 01:00:00,93.5436413743858
2025-02-26 02:00:00,92.7455052195614
2025-02-26 03:00:00,92.6048628312909
2025-02-26 04:00:00,92.272636170308
2025-02-26 05:00:00,92.6436885852058
2025-02-26 17:00:00,93.103719686485
2025-02-26 18:00:00,92.4594794206308
2025-02-26 19:00:00,93.0162131962014
2025-02-26 20:00:00,93.2006974674143
2025-02-26 21:00:00,92.9620803936008
2025-02-26 22:00:00,89.2174725623343
2025-02-26 23:00:00,92.4005518515366
2025-02-27 00:00:00,92.4925316806178
2025-02-27 01:00:00,91.9769372616031
2025-02-27 02:00:00,91.9157630676871
2025-02-27 03:00:00,92.4625995627728
2025-02-27 04:00:00,92.3100420467154
2025-02-27 05:00:00,92.253665020823
2025-02-27 11:00:00,92.6339805177589
2025-02-27 13:00:00,91.9404975158208
2025-02-27 14:00:00,92.0477226593164
2025-02-27 15:00:00,92.3788295604504
2025-02-27 16:00:00,91.9495523561111
2025-02-27 17:00:00,92.2484301411413
2025-02-27 18:00:00,92.5118408576828
2025-02-27 19:00:00,92.2434406532929
2025-02-27 20:00:00,92.5858124190227
2025-02-27 21:00:00,92.3299066912083
2025-02-27 22:00:00,92.2226771736187
2025-02-27 23:00:00,91.4133931996792
2025-02-28 00:00:00,92.0303767072055
2025-02-28 01:00:00,92.0740959237099
2025-02-28 02:00:00,91.693175290494
2025-02-28 03:00:00,91.8076675579469
2025-02-28 04:00:00,91.741126767438
2025-02-28 05:00:00,91.9895028910091
2025-02-28 06:00:00,91.8364261238288
2025-02-28 10:00:00,91.6637610284372
2025-02-28 18:00:00,92.4572600538117
2025-02-28 19:00:00,91.7545312674574
2025-02-28 20:00:00,91.7092317435928
2025-02-28 21:00:00,92.2054666090485
2025-02-28 22:00:00,100.628282285802
2025-02-28 23:00:00,91.715594474401
2025-03-01 00:00:00,91.0423667939358
2025-03-01 01:00:00,90.9158962834552
2025-03-01 02:00:00,90.9735592918216
2025-03-01 03:00:00,90.4145297063797
2025-03-01 04:00:00,91.7635236052573
2025-03-01 05:00:00,90.9683094905741
2025-03-01 06:00:00,91.1285516912418
2025-03-01 07:00:00,91.5184477462887
2025-03-01 08:00:00,92.9903531180007
2025-03-01 09:00:00,92.3607064666764
2025-03-01 11:00:00,90.8937300891365
2025-03-01 12:00:00,90.9405863440155
2025-03-01 13:00:00,90.6373704110541
2025-03-01 14:00:00,91.3486219773788
2025-03-01 15:00:00,90.7688471691028
2025-03-01 16:00:00,91.9741732745565
2025-03-01 17:00:00,91.0994313389499
2025-03-01 18:00:00,91.8380469762483
2025-03-01 19:00:00,92.7413245709551
2025-03-01 20:00:00,91.13661286057
2025-03-01 21:00:00,91.3640637383801
2025-03-01 22:00:00,90.4050450904243
2025-03-01 23:00:00,91.7413341635198
2025-03-02 00:00:00,92.9132602646637
2025-03-02 01:00:00,90.4477002722411
2025-03-02 02:00:00,90.4616150814231
2025-03-02 03:00:00,91.2710128799586
2025-03-02 04:00:00,90.6649542917068
2025-03-02 05:00:00,92.1368263809728
2025-03-02 06:00:00,91.2391398770269
2025-03-02 09:00:00,90.9972974647762
2025-03-02 10:00:00,91.4206265524063
2025-03-02 11:00:00,92.0753273296034
2025-03-02 12:00:00,89.4568247383991
2025-03-02 13:00:00,92.0038406120658
2025-03-02 14:00:00,90.9083354199203
2025-03-02 15:00:00,91.6844251016298
2025-03-02 16:00:00,90.7588752065988
2025-03-02 17:00:00,91.2032223452165
2025-03-02 18:00:00,91.1243193267563
2025-03-02 19:00:00,90.0968066444267
2025-03-02 20:00:00,90.9282373716941
2025-03-02 21:00:00,91.7174066880454
2025-03-02 22:00:00,90.1341879316689
2025-03-02 23:00:00,91.5112064679875
2025-03-03 00:00:00,90.4908239825356
2025-03-03 01:00:00,91.2821263767873
2025-03-03 02:00:00,91.9632956473375
2025-03-03 03:00:00,89.9453147516553
2025-03-03 04:00:00,91.434312863391
2025-03-03 05:00:00,89.9846232982516
2025-03-03 06:00:00,90.121604479751
2025-03-03 07:00:00,90.1106938091189
2025-03-03 08:00:00,91.4017494609794
2025-03-03 09:00:00,90.2185215905678
2025-03-03 10:00:00,91.2099794233102
2025-03-03 11:00:00,91.5118148663985
2025-03-03 12:00:00,90.5428123573939
2025-03-03 13:00:00,90.3029108660363
2025-03-03 14:00:00,89.9620024851596
2025-03-03 15:00:00,89.8942307772884
2025-03-03 16:00:00,90.382403987785
2025-03-03 17:00:00,90.5918056736385
2025-03-03 18:00:00,90.3492089298205
2025-03-03 19:00:00,89.7335659795476
2025-03-03 20:00:00,90.1679113036244
2025-03-03 21:00:00,90.6467616325759
2025-03-03 22:00:00,91.0949051538065
2025-03-03 23:00:00,91.0046536487207
2025-03-04 00:00:00,90.3943180567105
2025-03-04 01:00:00,89.9573036998856
2025-03-04 02:00:00,89.5520289954111
2025-03-04 03:00:00,90.7669702907538
2025-03-04 04:00:00,89.9244560421867
2025-03-04 05:00:00,90.8512836303636
2025-03-04 06:00:00,89.6077587771725
2025-03-04 07:00:00,89.9482923407214
2025-03-04 08:00:00,89.8898103828525
2025-03-04 10:00:00,89.767672895427
2025-03-04 11:00:00,90.4360950171006
2025-03-04 12:00:00,89.7957903361129
2025-03-04 13:00:00,90.4493731887449
2025-03-04 14:00:00,89.9773061750367
2025-03-04 15:00:00,90.740863496957
2025-03-04 16:00:00,89.5108566804367
2025-03-04 17:00:00,90.3405559703482
2025-03-04 18:00:00,90.0640334182614
2025-03-04 19:00:00,90.2594639808248
2025-03-04 20:00:00,89.5832195812744
2025-03-04 21:00:00,90.7576289331279
2025-03-05 10:00:00,89.415323348015
2025-03-05 11:00:00,89.6715462757038
2025-03-05 12:00:00,90.2623502878722
2025-03-05 13:00:00,88.9324576910772
2025-03-05 14:00:00,90.571771827737
2025-03-05 15:00:00,88.8110885189982
2025-03-05 16:00:00,88.7623298660281
2025-03-05 17:00:00,90.3480978866233
2025-03-05 18:00:00,89.0769521664997
2025-03-05 19:00:00,90.9668151301616
2025-03-05 20:00:00,89.6099840395166
2025-03-05 21:00:00,89.773744761453
2025-03-05 22:00:00,90.4710448838925
2025-03-05 23:00:00,90.6660544477201
2025-03-06 00:00:00,91.1070268272692
2025-03-06 01:00:00,89.9377235786996
2025-03-06 02:00:00,89.6892183472514
2025-03-06 03:00:00,90.1159046435647
2025-03-06 04:00:00,90.8555929812796
2025-03-06 05:00:00,90.6342931488854
2025-03-06 06:00:00,
2025-03-06 07:00:00,
2025-03-06 09:00:00,89.0225280270527
2025-03-06 10:00:00,89.3785729138671
2025-03-06 11:00:00,89.8221125821676
2025-03-06 12:00:00,89.7803600930737
2025-03-06 13:00:00,88.3593636391867
2025-03-06 14:00:00,89.8242846143781
2025-03-06 15:00:00,90.0675344225273
2025-03-06 16:00:00,89.0511560567037
2025-03-06 17:00:00,90.8574784014583
2025-03-06 18:00:00,88.5239225084708
2025-03-06 19:00:00,89.8332365508322
2025-03-06 20:00:00,89.7848127442645
2025-03-06 21:00:00,89.657736418227
2025-03-06 22:00:00,89.4459238515441
2025-03-06 23:00:00,89.8240774317575
2025-03-07 00:00:00,90.4496423478028
2025-03-07 01:00:00,88.5759175400163
2025-03-07 02:00:00,89.4122855574644
2025-03-07 03:00:00,88.6815478684647
2025-03-07 04:00:00,89.6790374500178
2025-03-07 10:00:00,88.7505092496191
2025-03-07 11:00:00,89.5842233781257
2025-03-07 12:00:00,89.7369363578342
2025-03-07 13:00:00,89.4252022105203
2025-03-07 14:00:00,89.3291137575647
2025-03-07 15:00:00,89.1003764073635
2025-03-07 16:00:00,88.2855846673029
2025-03-07 17:00:00,89.366906566742
2025-03-07 18:00:00,89.0370341905572
2025-03-07 19:00:00,89.8215083797893
2025-03-07 20:00:00,90.9128340167809
2025-03-07 21:00:00,89.0202117357447
2025-03-07 22:00:00,89.0921258674574
2025-03-07 23:00:00,90.0582797920763
2025-03-08 00:00:00,87.7542229811364
2025-03-08 01:00:00,88.7981488229302
2025-03-08 02:00:00,88.576931343497
2025-03-08 03:00:00,88.5640339398091
2025-03-08 04:00:00,88.685505360805
2025-03-08 05:00:00,89.0207175393961
2025-03-08 07:00:00,88.7675569836178
2025-03-08 09:00:00,89.3425756716913
2025-03-08 11:00:00,111.890796742424
2025-03-08 12:00:00,88.0511835077518
2025-03-08 13:00:00,88.6516423669759
2025-03-08 14:00:00,89.239559073942
2025-03-08 15:00:00,88.2498791694759
2025-03-08 16:00:00,87.5984354537395
2025-03-08 17:00:00,88.7310210286008
2025-03-08 18:00:00,88.9244637553714
2025-03-08 19:00:00,89.7510611989448
2025-03-08 20:00:00,89.1704964471018
2025-03-08 21:00:00,89.3569662327555
2025-03-08 22:00:00,89.32390884756
2025-03-08 23:00:00,88.8514429915682
2025-03-09 00:00:00,89.2368836306548
2025-03-09 01:00:00,87.4187867518354
2025-03-09 02:00:00,87.4780592806633
2025-03-09 03:00:00,89.3886867833389
2025-03-09 04:00:00,88.6546148221714
2025-03-09 05:00:00,87.7541735153555
2025-03-09 06:00:00,88.1159609300005
2025-03-09 07:00:00,88.5034766343406
2025-03-09 08:00:00,88.5213268770462
2025-03-09 09:00:00,88.4889841049852
2025-03-09 10:00:00,89.1063749600495
2025-03-10 15:00:00,88.0376727150606
2025-03-10 16:00:00,89.7603553137249
2025-03-10 17:00:00,87.6841552957435
2025-03-10 18:00:00,87.5593293152554
2025-03-10 19:00:00,88.0368874784866
2025-03-10 20:00:00,
2025-03-10 21:00:00,
2025-03-10 22:00:00,
2025-03-10 23:00:00,
2025-03-11 00:00:00,87.9115881578884
2025-03-11 01:00:00,87.6309783141369
2025-03-11 05:00:00,88.4337860920791
2025-03-11 07:00:00,87.98139012072
2025-03-11 08:00:00,88.2945248233753
2025-03-11 09:00:00,87.6281616045611
2025-03-11 10:00:00,86.7829479560369
2025-03-11 11:00:00,88.3467995831284
2025-03-11 12:00:00,88.3666605427917
2025-03-11 13:00:00,88.0404584968667
2025-03-11 14:00:00,87.7461717407324
2025-03-11 15:00:00,86.5206229777666
2025-03-11 16:00:00,87.1533563850189
2025-03-11 17:00:00,87.4201272488232
2025-03-11 18:00:00,87.7172142014088
2025-03-11 19:00:00,88.7990467114088
2025-03-11 20:00:00,86.7273316113601
2025-03-11 21:00:00,87.3628652796538
2025-03-11 22:00:00,88.5139965089354
2025-03-11 23:00:00,
2025-03-12 00:00:00,86.9180517797817
2025-03-12 01:00:00,87.8360721564795
2025-03-12 02:00:00,88.4427376356082
2025-03-12 09:00:00,87.4508239805099
2025-03-12 21:00:00,87.7257474014803
2025-03-12 22:00:00,87.2301680735139
2025-03-12 23:00:00,88.8281274317266
2025-03-13 00:00:00,86.030998113566
2025-03-13 01:00:00,87.8360528035681
2025-03-13 02:00:00,88.3676785731356
2025-03-13 03:00:00,86.977801587387
2025-03-13 04:00:00,87.5228470457239
2025-03-13 05:00:00,88.1606282459311
2025-03-13 07:00:00,86.6065754369663
2025-03-13 15:00:00,87.0329082208954
2025-03-13 16:00:00,86.0653792730404
2025-03-13 17:00:00,87.4151344456562
2025-03-13 18:00:00,87.8997441245915
2025-03-13 19:00:00,87.6540558923484
2025-03-13 20:00:00,86.3525198495227
2025-03-13 21:00:00,88.0749437970596
2025-03-13 23:00:00,87.3660211002064
2025-03-14 00:00:00,85.8546055631335
2025-03-14 02:00:00,88.2447645499915
2025-03-14 03:00:00,87.5189645319406
2025-03-14 04:00:00,87.4240967172312
2025-03-14 05:00:00,86.4970805327522
2025-03-14 08:00:00,88.0752069012953
2025-03-14 11:00:00,86.1943656795597
2025-03-14 13:00:00,86.6384422078826
2025-03-14 14:00:00,87.5224724749467
2025-03-14 15:00:00,86.0279906775474
2025-03-14 16:00:00,86.1120191654895
2025-03-14 17:00:00,86.3977715068512
2025-03-14 18:00:00,86.2369670254237
2025-03-14 19:00:00,85.9099435808512
2025-03-14 20:00:00,85.6462446214278
2025-03-14 21:00:00,87.8913327245904
2025-03-14 22:00:00,85.6774080973807
2025-03-14 23:00:00,86.9246171259954
2025-03-15 00:00:00,87.9485005703413
2025-03-15 01:00:00,86.7965560423991
2025-03-15 02:00:00,85.7352021910027
2025-03-15 03:00:00,87.2465089120727
2025-03-15 05:00:00,86.3816234348021
2025-03-15 10:00:00,87.3423770091228
2025-03-15 11:00:00,85.8130278764317
2025-03-15 12:00:00,85.610721235943
2025-03-15 13:00:00,86.3902023559102
2025-03-15 15:00:00,86.8945665976166
2025-03-16 03:00:00,86.9943271285
2025-03-16 04:00:00,85.9314320274094
2025-03-16 05:00:00,84.9326797708808
2025-03-16 12:00:00,86.101226173122
2025-03-16 23:00:00,86.3721926336218
2025-03-17 00:00:00,85.1852386359177
2025-03-17 01:00:00,85.435361786567
2025-03-17 02:00:00,85.7218210438323
2025-03-17 03:00:00,85.3388366924854
2025-03-17 04:00:00,86.1004818105249
2025-03-17 05:00:00,85.031743372622
2025-03-17 06:00:00,85.4260434475937
2025-03-17 07:00:00,85.400798576054
2025-03-17 08:00:00,85.7066550986235
2025-03-17 09:00:00,86.094769675795
2025-03-17 10:00:00,85.4100030140234
2025-03-17 11:00:00,86.0237300902291
2025-03-17 12:00:00,86.9068562651022
2025-03-17 13:00:00,86.2797162980751
2025-03-17 14:00:00,85.8231701457465
2025-03-17 15:00:00,86.4397633283617
2025-03-17 16:00:00,85.5912469667225
2025-03-17 17:00:00,85.1262147839503
2025-03-17 18:00:00,86.2132606653245
2025-03-17 19:00:00,86.514900276746
2025-03-17 20:00:00,86.4228672910985
2025-03-17 21:00:00,86.276665166273
2025-03-17 22:00:00,85.3524373034869
2025-03-17 23:00:00,84.8572709793361
2025-03-18 00:00:00,85.1402390418925
2025-03-18 01:00:00,85.8360491291534
2025-03-18 02:00:00,84.4476043135549
2025-03-18 03:00:00,85.8321190660336
2025-03-18 04:00:00,85.4440322082398
2025-03-18 05:00:00,84.4427048612577
2025-03-18 07:00:00,84.4676472804468
2025-03-18 09:00:00,85.0195657714528
2025-03-18 10:00:00,84.8110064126079
2025-03-18 11:00:00,85.7703695254213
2025-03-18 12:00:00,84.6360981447265
2025-03-18 13:00:00,85.0633547649869
2025-03-18 14:00:00,85.9819329068268
2025-03-18 15:00:00,85.0492691664367
2025-03-18 16:00:00,86.2017856979269
2025-03-18 17:00:00,83.7683169140667
2025-03-18 18:00:00,86.0476101558876
2025-03-18 19:00:00,85.2078346248619
2025-03-18 20:00:00,85.2816152103542
2025-03-18 21:00:00,85.4857573525643
2025-03-18 22:00:00,86.8596005070578
2025-03-18 23:00:00,83.3224294452515
2025-03-19 00:00:00,84.5124635431023
2025-03-19 01:00:00,85.4679001149716
2025-03-19 02:00:00,85.6256002054811
2025-03-19 03:00:00,84.3308617760679
2025-03-19 04:00:00,84.2955287847199
2025-03-19 05:00:00,85.4097109087289
2025-03-19 07:00:00,84.6811172613835
2025-03-19 08:00:00,85.1611313826146
2025-03-19 10:00:00,98.7920875571738
2025-03-19 11:00:00,84.5457929739568
2025-03-19 12:00:00,85.6355111368344
2025-03-19 13:00:00,85.1666713903277
2025-03-19 14:00:00,84.7010090523732
2025-03-19 15:00:00,85.1001818153931
2025-03-19 16:00:00,84.4705496043174
2025-03-19 17:00:00,85.4971860205323
2025-03-19 18:00:00,84.2007067778894
2025-03-19 19:00:00,85.8210842550022
2025-03-19 20:00:00,85.1731388552756
2025-03-19 21:00:00,84.8779437885664
2025-03-19 22:00:00,85.5028685313559
2025-03-20 00:00:00,84.6792006864406
2025-03-20 01:00:00,84.8248078842422
2025-03-20 02:00:00,83.9646055927337
2025-03-20 03:00:00,84.7762060182316
2025-03-20 04:00:00,83.6986723773187
2025-03-20 05:00:00,85.457287243365
2025-03-20 11:00:00,86.0462563773913
2025-03-20 12:00:00,84.8736309944977
2025-03-20 13:00:00,84.3622451352824
2025-03-20 14:00:00,83.4000194633747
2025-03-20 15:00:00,85.0867157333286
2025-03-20 16:00:00,84.3363179121428
2025-03-20 18:00:00,85.3502827371059
2025-03-21 04:00:00,84.7879281374001
2025-03-21 05:00:00,84.6651282929663
2025-03-21 06:00:00,84.1839828976417
2025-03-21 07:00:00,83.234309598981
2025-03-21 09:00:00,83.7465868237082
2025-03-21 10:00:00,85.011294745769
2025-03-21 11:00:00,84.4805717539376
2025-03-21 12:00:00,83.4225741975259
2025-03-21 13:00:00,84.2234500225596
2025-03-21 14:00:00,84.4622414394838
2025-03-21 15:00:00,83.5975600815526
2025-03-21 16:00:00,84.3374922340649
2025-03-21 17:00:00,84.0565097645815
2025-03-21 18:00:00,83.6159058600486
2025-03-21 19:00:00,83.3071901259902
2025-03-21 20:00:00,83.8935121092861
2025-03-21 21:00:00,84.4500629966042
2025-03-21 22:00:00,82.9569494517121
2025-03-21 23:00:00,84.6385317205764
2025-03-22 00:00:00,84.6483331185448
2025-03-22 01:00:00,82.7993814328012
2025-03-22 02:00:00,83.5351882424799
2025-03-22 03:00:00,84.0244747011355
2025-03-22 04:00:00,85.2790624114786
2025-03-22 05:00:00,83.1304911305821
2025-03-22 18:00:00,83.7669194315257
2025-03-22 19:00:00,82.7664604352649
2025-03-22 20:00:00,83.4621192516775
2025-03-22 21:00:00,82.4321725640325
2025-03-22 22:00:00,83.0301028533701
2025-03-22 23:00:00,84.1957370934361
2025-03-23 00:00:00,83.7192328656099
2025-03-23 01:00:00,83.8013678856283
2025-03-23 02:00:00,83.4257021419917
2025-03-23 03:00:00,82.6731385995138
2025-03-23 04:00:00,82.8251291492076
2025-03-23 14:00:00,82.8920890240086
2025-03-23 15:00:00,83.0099593684843
2025-03-23 16:00:00,84.7956431438153
2025-03-23 17:00:00,83.8935048690965
2025-03-23 18:00:00,83.852886955283
2025-03-23 19:00:00,82.6629168834866
2025-03-23 20:00:00,83.3007691191804
2025-03-23 21:00:00,83.5116963190016
2025-03-23 22:00:00,84.15017682792
2025-03-23 23:00:00,83.47505826342
2025-03-24 00:00:00,82.8916904357218
2025-03-24 01:00:00,84.1546208554535
2025-03-24 02:00:00,82.7783168133495
2025-03-24 03:00:00,83.5186328553768
2025-03-24 04:00:00,83.3902096499836
2025-03-24 05:00:00,84.5559967523777
2025-03-24 06:00:00,82.9200972484641
2025-03-24 09:00:00,82.7725126093492
2025-03-24 11:00:00,83.0872579320152
2025-03-24 12:00:00,83.2751239725436
2025-03-24 13:00:00,83.4750038478422
2025-03-24 14:00:00,83.053978215591
2025-03-24 15:00:00,82.9629691948139
2025-03-24 16:00:00,83.423777884833
2025-03-24 17:00:00,83.9905060892232
2025-03-24 18:00:00,83.1499765354826
2025-03-24 19:00:00,82.8433396847321
2025-03-24 20:00:00,83.3253186311234
2025-03-24 21:00:00,83.0142182534679
2025-03-24 22:00:00,82.0152405082906
2025-03-24 23:00:00,83.037093655645
2025-03-25 00:00:00,83.5478972656955
2025-03-25 01:00:00,82.5110988235512
2025-03-25 02:00:00,82.4594749286087
2025-03-25 03:00:00,82.2646051190325
2025-03-25 04:00:00,83.0833137072032
2025-03-25 07:00:00,83.2545874748366
2025-03-25 08:00:00,83.1999126641643
2025-03-25 11:00:00,82.7619127203809
2025-03-25 12:00:00,81.9056849479893
2025-03-25 13:00:00,83.7056366048334
2025-03-25 14:00:00,84.0756142344313
2025-03-25 15:00:00,83.2105612702565
2025-03-25 16:00:00,83.1165416226864
2025-03-25 17:00:00,81.9461298737218
2025-03-25 18:00:00,82.6526493828113
2025-03-25 19:00:00,82.9675323046324
2025-03-25 20:00:00,84.0447960905881
2025-03-25 21:00:00,83.8222654406463
2025-03-25 22:00:00,82.657059719279
2025-03-25 23:00:00,82.9249339903332
2025-03-26 00:00:00,81.658515397134
2025-03-26 01:00:00,82.4564807306616
2025-03-26 02:00:00,82.7639227771498
2025-03-26 03:00:00,83.048254559001
2025-03-26 04:00:00,83.0022080957837
2025-03-26 05:00:00,82.5102435139082
2025-03-26 06:00:00,82.2507201582783
2025-03-26 07:00:00,82.5101887976581
2025-03-26 09:00:00,81.4631509903637
2025-03-26 10:00:00,82.455855170521
2025-03-26 11:00:00,82.7277032433607
2025-03-26 12:00:00,82.0145712597496
2025-03-26 13:00:00,81.2188901409781
2025-03-26 14:00:00,81.8098777677951
2025-03-26 15:00:00,83.0724732053685
2025-03-26 16:00:00,82.4135423126884
2025-03-26 17:00:00,82.7729390549796
2025-03-26 19:00:00,81.5987820370323
2025-03-26 20:00:00,82.5973649073588
2025-03-26 21:00:00,82.9604394790807
2025-03-26 22:00:00,82.7339611188497
2025-03-26 23:00:00,81.6966944102698
2025-03-27 00:00:00,
2025-03-27 01:00:00,
2025-03-27 02:00:00,
2025-03-27 03:00:00,
2025-03-27 04:00:00,
2025-03-27 06:00:00,
2025-03-27 07:00:00,
2025-03-27 08:00:00,
2025-03-27 09:00:00,
2025-03-27 10:00:00,
2025-03-27 11:00:00,
2025-03-27 12:00:00,
2025-03-27 13:00:00,
2025-03-27 14:00:00,
2025-03-27 15:00:00,
2025-03-27 16:00:00,
2025-03-27 17:00:00,
2025-03-27 18:00:00,
2025-03-27 21:00:00,
2025-03-27 22:00:00,
2025-03-27 23:00:00,
2025-03-28 00:00:00,95.7922530454862
2025-03-28 01:00:00,95.6859605649734
2025-03-28 02:00:00,95.5847251876063
2025-03-28 03:00:00,95.5705044353721
2025-03-28 05:00:00,95.5959814117404
2025-03-28 11:00:00,95.1018388596276
2025-03-28 12:00:00,95.2238715651071
2025-03-28 13:00:00,95.0965144295171
2025-03-28 14:00:00,95.5239612196772
2025-03-28 15:00:00,95.1414328645219
2025-03-28 16:00:00,95.5888675242062
2025-03-28 17:00:00,95.5844215902184
2025-03-28 18:00:00,95.2757573067653
2025-03-28 19:00:00,95.2950240937365
2025-03-28 20:00:00,95.0480379309294
2025-03-28 21:00:00,95.0956348218114
2025-03-28 22:00:00,95.5182112629433
2025-03-28 23:00:00,94.910266338058
2025-03-29 00:00:00,95.1971584039744
2025-03-29 01:00:00,94.9719485828974
2025-03-29 02:00:00,95.1982838151067
2025-03-29 03:00:00,95.8842509329473
2025-03-29 04:00:00,95.6339799871447
2025-03-29 07:00:00,95.8581525322061
2025-03-29 10:00:00,95.5763682714245
2025-03-29 11:00:00,95.0786011678851
2025-03-29 12:00:00,95.7320497225032
2025-03-29 13:00:00,95.1177900966363
2025-03-29 14:00:00,95.396395002496
2025-03-29 15:00:00,95.4772550052577
2025-03-29 16:00:00,95.7372044397992
2025-03-29 17:00:00,95.2373416553077
2025-03-29 18:00:00,95.1601545079639
2025-03-29 19:00:00,94.3819852623392
2025-03-29 20:00:00,95.3642885957719
2025-03-29 21:00:00,94.8779077065079
2025-03-29 22:00:00,94.9117431040508
2025-03-29 23:00:00,95.2534847447351
2025-03-30 00:00:00,95.1455019610359
2025-03-30 01:00:00,95.0782878888946
2025-03-30 02:00:00,94.4737567037567
2025-03-30 03:00:00,95.4986746960694
2025-03-30 04:00:00,95.0149649868656
2025-03-30 05:00:00,95.3655115658811
2025-03-30 07:00:00,95.0995993840109
2025-03-30 08:00:00,95.7525897769174
2025-03-30 09:00:00,95.2906352967835
2025-03-30 12:00:00,94.8967186674147
2025-03-30 13:00:00,95.5544911351711
2025-03-30 15:00:00,95.1164307998417
2025-03-30 16:00:00,94.5273382858451
2025-03-31 07:00:00,93.3821857847786
2025-03-31 10:00:00,94.7608603426005
2025-03-31 11:00:00,96.0168636664963
2025-03-31 12:00:00,94.2752170875841
2025-03-31 13:00:00,102.430076950181
2025-03-31 14:00:00,95.1457778436105
2025-03-31 15:00:00,95.2730207945728
2025-03-31 16:00:00,94.7844632076659
2025-03-31 17:00:00,95.8079023904175
2025-03-31 18:00:00,96.3050792008599
2025-03-31 19:00:00,93.9558174598033
2025-03-31 20:00:00,94.6357559481521
2025-03-31 21:00:00,94.4397244750461
2025-03-31 22:00:00,93.791422903362
2025-03-31 23:00:00,93.671233648842
2025-04-01 00:00:00,94.20681551633
2025-04-01 01:00:00,95.1500620182571
2025-04-01 02:00:00,95.0143333913643
2025-04-01 03:00:00,94.1794685726799
2025-04-01 04:00:00,96.0446536354467
2025-04-01 05:00:00,94.520562458194
2025-04-01 23:00:00,95.1771900561654
2025-04-02 00:00:00,95.0265921244231
2025-04-02 01:00:00,94.5649383461387
2025-04-02 02:00:00,94.6494091039311
2025-04-02 03:00:00,93.5486108788911
2025-04-02 04:00:00,94.4847677696124
2025-04-02 13:00:00,94.6488502532651
2025-04-02 14:00:00,94.5264617556808
2025-04-02 15:00:00,94.0268691919727
2025-04-02 16:00:00,94.6126978428489
2025-04-02 17:00:00,92.0886455750584
2025-04-02 18:00:00,93.9646217458872
2025-04-02 19:00:00,93.5572794466232
2025-04-02 20:00:00,93.7407108086592
2025-04-02 21:00:00,94.246113866154
2025-04-02 22:00:00,94.5479183244993
2025-04-02 23:00:00,94.8833635713732
2025-04-03 00:00:00,93.3115018777826
2025-04-03 01:00:00,94.0463023377062
2025-04-03 02:00:00,93.7494701688305
2025-04-03 03:00:00,93.0255456711294
2025-04-03 04:00:00,93.1381002033582
2025-04-03 05:00:00,94.1393082523009
2025-04-03 08:00:00,93.6810158561199
2025-04-03 10:00:00,94.7036612873472
2025-04-03 11:00:00,94.3773577054246
2025-04-03 13:00:00,93.587776044804
2025-04-03 14:00:00,93.1806004475005
2025-04-03 15:00:00,94.979315363131
2025-04-03 16:00:00,94.1365460137882
2025-04-03 19:00:00,93.2552001872083
2025-04-03 22:00:00,94.673872122738
2025-04-03 23:00:00,94.5358062227907
2025-04-04 00:00:00,94.1370638373101
2025-04-04 01:00:00,91.8207457194956
2025-04-04 02:00:00,93.9360088215151
2025-04-04 03:00:00,93.8334959799899
2025-04-04 04:00:00,93.7393804484493
2025-04-04 11:00:00,93.0715534838701
2025-04-04 12:00:00,93.0701617958243
2025-04-04 13:00:00,93.6972664023856
2025-04-04 14:00:00,93.5028529376685
2025-04-04 15:00:00,93.2877290706789
2025-04-04 16:00:00,92.6616567465074
2025-04-04 17:00:00,94.0899842936199
2025-04-04 18:00:00,94.0244451856097
2025-04-04 19:00:00,92.6080795277998
2025-04-04 20:00:00,93.6960695250345
2025-04-04 21:00:00,94.0587369433949
2025-04-04 22:00:00,94.5221458430426
2025-04-04 23:00:00,93.1524353805953
2025-04-05 01:00:00,93.0050519684189
2025-04-05 02:00:00,94.4466899409022
2025-04-05 05:00:00,94.1233198137756
2025-04-05 06:00:00,93.2796172607647
2025-04-05 07:00:00,93.4166816088295
2025-04-05 08:00:00,93.5147130708964
2025-04-05 09:00:00,94.830280965711
2025-04-05 10:00:00,93.1493792718642
2025-04-05 11:00:00,93.6329931904132
2025-04-05 12:00:00,92.8719914534526
2025-04-05 13:00:00,93.4971516480236
2025-04-06 02:00:00,92.7551428928903
2025-04-06 03:00:00,93.1960237162531
2025-04-06 04:00:00,92.0083935757463
2025-04-06 08:00:00,93.0326046848867
2025-04-06 09:00:00,93.2810973729508
2025-04-06 10:00:00,92.5230163628792
2025-04-06 11:00:00,93.0986858170745
2025-04-06 12:00:00,94.8188422847896
2025-04-06 13:00:00,117.49305903499
2025-04-06 14:00:00,93.1981011098053
2025-04-06 15:00:00,93.5154676418511
2025-04-06 16:00:00,93.9222721406059
2025-04-06 17:00:00,93.5806778764425
2025-04-06 18:00:00,92.2686377075474
2025-04-06 19:00:00,92.6870250139687
2025-04-06 20:00:00,93.6490114950585
2025-04-06 21:00:00,92.1888699417403
2025-04-06 22:00:00,92.8120565691182
2025-04-06 23:00:00,92.7536942794025
2025-04-07 00:00:00,92.6698902122831
2025-04-07 01:00:00,91.2623222646889
2025-04-07 02:00:00,93.8622685894336
2025-04-07 03:00:00,92.8342354029386
2025-04-07 04:00:00,92.5951203777886
2025-04-07 05:00:00,93.1362301990617
2025-04-07 06:00:00,92.4663330944664
2025-04-07 07:00:00,94.051525909987
2025-04-07 10:00:00,92.194181264804
2025-04-07 11:00:00,93.2857081589655
2025-04-07 12:00:00,92.0460524009858
2025-04-07 13:00:00,92.4385597502646
2025-04-07 14:00:00,92.3408192515334
2025-04-07 15:00:00,92.0455696022825
2025-04-07 16:00:00,94.1034089483149
2025-04-07 17:00:00,106.604855812167
2025-04-07 18:00:00,91.1458203054808
2025-04-07 19:00:00,92.1790121425537
2025-04-07 20:00:00,78.6625056226953
2025-04-07 21:00:00,93.7509218745981
2025-04-07 22:00:00,92.7809189137063
2025-04-07 23:00:00,92.6229192111252
2025-04-08 00:00:00,92.7382996213366
2025-04-08 01:00:00,91.9397831476172
2025-04-08 02:00:00,92.5717403066974
2025-04-08 03:00:00,93.0585849386714
2025-04-08 04:00:00,92.1066083456749
2025-04-08 10:00:00,92.0631075189309
2025-04-08 12:00:00,92.8519221378447
2025-04-08 13:00:00,92.9071494786432
2025-04-08 14:00:00,93.0210186681814
2025-04-08 18:00:00,92.760182981982
2025-04-08 19:00:00,91.9316152923195
2025-04-08 20:00:00,93.3069091596882
2025-04-08 21:00:00,92.7271514677394
2025-04-08 22:00:00,92.6500809308224
2025-04-09 11:00:00,93.2363328798782
2025-04-09 12:00:00,92.801147223542
2025-04-09 13:00:00,92.7507172118667
2025-04-09 14:00:00,91.5791242810986
2025-04-09 15:00:00,92.5821031437446
2025-04-09 16:00:00,91.8923200774741
2025-04-09 17:00:00,93.8067626377285
2025-04-09 18:00:00,91.1236392710131
2025-04-09 19:00:00,91.6268085648122
2025-04-09 20:00:00,91.9002361509638
2025-04-09 21:00:00,92.038292095189
2025-04-09 22:00:00,91.9205352249397
2025-04-09 23:00:00,91.2054404872219
2025-04-10 00:00:00,92.7598436919742
2025-04-10 02:00:00,92.0755349381109
2025-04-10 03:00:00,91.9163875898965
2025-04-10 04:00:00,93.2556551699884
2025-04-10 05:00:00,92.5673029540207
2025-04-10 06:00:00,91.8629751963371
2025-04-10 08:00:00,92.9228668742791
2025-04-10 23:00:00,92.7481610431046
2025-04-11 00:00:00,92.5857725412062
2025-04-11 01:00:00,93.1006174014717
2025-04-11 02:00:00,91.3029060514082
2025-04-11 03:00:00,92.7496634920772
2025-04-11 04:00:00,92.2248535824157
2025-04-11 05:00:00,92.5207906983133
2025-04-11 06:00:00,93.037921509831
2025-04-11 11:00:00,91.0558502577909
2025-04-11 12:00:00,91.9212750348144
2025-04-11 13:00:00,92.7541521449225
2025-04-11 14:00:00,90.7236542349909
2025-04-11 15:00:00,92.0303421217749
2025-04-11 16:00:00,92.1745813422398
2025-04-11 17:00:00,91.965658630951
2025-04-11 18:00:00,91.2852232164109
2025-04-11 19:00:00,92.7770324449994
2025-04-11 20:00:00,92.8300415787739
2025-04-11 21:00:00,90.8183466964743
2025-04-11 22:00:00,90.0709115405251
2025-04-11 23:00:00,92.3191203749591
2025-04-12 00:00:00,93.1919427617941
2025-04-12 01:00:00,91.653331625393
2025-04-12 02:00:00,91.786764569021
2025-04-12 03:00:00,91.7663004289136
2025-04-12 04:00:00,91.8415590416577
2025-04-12 05:00:00,92.3704981288448
2025-04-12 12:00:00,90.5594215659279
2025-04-12 13:00:00,91.0869275072925
2025-04-12 14:00:00,90.6147448429391
2025-04-12 15:00:00,91.1131256181321
2025-04-12 16:00:00,91.4775244608119
2025-04-12 17:00:00,91.6959731426948
2025-04-12 18:00:00,91.3900036581234
2025-04-12 19:00:00,92.6126367905132
2025-04-12 20:00:00,92.3858390155902
2025-04-12 21:00:00,93.0712761362054
2025-04-12 22:00:00,91.0939584415596
2025-04-12 23:00:00,91.42397269329
2025-04-13 00:00:00,91.776767749128
2025-04-13 01:00:00,91.3327288536036
2025-04-13 02:00:00,91.0373107374515
2025-04-13 03:00:00,90.3977675324755
2025-04-13 05:00:00,92.0572891342921
2025-04-13 07:00:00,90.1432295408418
2025-04-13 08:00:00,91.870355483165
2025-04-13 10:00:00,92.025358528659
2025-04-13 11:00:00,92.1468296649054
2025-04-13 12:00:00,90.8808148420635
2025-04-13 13:00:00,91.7092441481721
2025-04-13 14:00:00,92.1744489803479
2025-04-13 15:00:00,91.6656243141705
2025-04-13 16:00:00,91.3827399258167
2025-04-13 17:00:00,91.6398976490485
2025-04-13 19:00:00,92.1117277061209
2025-04-13 20:00:00,91.6170356980731
2025-04-13 21:00:00,92.2589283646606
2025-04-13 22:00:00,91.8316103704336
2025-04-13 23:00:00,92.8702887750389
2025-04-14 00:00:00,90.8646262471532
2025-04-14 01:00:00,91.7560913788552
2025-04-14 02:00:00,91.7194030226879
2025-04-14 05:00:00,92.1210047035195
2025-04-14 07:00:00,91.7534385117938
2025-04-14 08:00:00,91.7631043539321
2025-04-14 09:00:00,92.3406377199909
2025-04-14 10:00:00,91.2160659760011
2025-04-14 11:00:00,91.1646848268997
2025-04-14 12:00:00,92.722034135041
2025-04-15 00:00:00,92.4575187491222
2025-04-15 01:00:00,92.153486551378
2025-04-15 02:00:00,90.9701241897911
2025-04-15 03:00:00,91.6492139856229
2025-04-15 04:00:00,90.4227420469198
2025-04-15 07:00:00,90.4842882162778
2025-04-15 09:00:00,91.2018708295321
2025-04-15 10:00:00,91.7786306124725
2025-04-15 11:00:00,90.1112140745728
2025-04-15 12:00:00,90.4194712685174
2025-04-15 13:00:00,91.9915990523375
2025-04-15 14:00:00,90.3256005694881
2025-04-15 15:00:00,91.319108214228
2025-04-15 16:00:00,91.2916486743711
2025-04-15 17:00:00,92.1103910880615
2025-04-15 22:00:00,90.4290227531169
2025-04-15 23:00:00,91.6694738260509
2025-04-16 00:00:00,91.3986735839737
2025-04-16 01:00:00,89.1184849199643
2025-04-16 02:00:00,90.7631684758533
2025-04-16 03:00:00,90.2848592123851
2025-04-16 04:00:00,92.335441243779
2025-04-16 05:00:00,92.1362288934665
2025-04-16 10:00:00,90.7559666938487
2025-04-16 11:00:00,90.8344760990563
2025-04-16 12:00:00,92.5312545312654
2025-04-16 13:00:00,91.0189223501476
2025-04-16 14:00:00,90.2484891296283
2025-04-16 15:00:00,90.8709000830636
2025-04-16 16:00:00,91.5978310474964
2025-04-16 17:00:00,91.259905326391
2025-04-16 18:00:00,91.8374138559948
2025-04-16 19:00:00,90.53382106151
2025-04-16 20:00:00,92.0566524765715
2025-04-16 21:00:00,89.4591831720542
2025-04-16 22:00:00,92.5095684002019
2025-04-16 23:00:00,91.953513148518
2025-04-17 00:00:00,90.4807272411911
2025-04-17 01:00:00,91.3138838987178
2025-04-17 02:00:00,91.4199223874054
2025-04-17 03:00:00,90.3194934667531
2025-04-17 04:00:00,89.5676208141566
2025-04-17 05:00:00,89.4490059779669
2025-04-17 06:00:00,90.6736766235793
2025-04-17 09:00:00,90.7825395024227
2025-04-17 10:00:00,90.4436456602541
2025-04-17 11:00:00,90.1691928916684
2025-04-17 12:00:00,92.1795202863383
2025-04-17 13:00:00,91.637227655652
2025-04-17 14:00:00,89.9025051106839
2025-04-17 15:00:00,90.6191973977871
2025-04-17 16:00:00,91.2931906763913
2025-04-17 17:00:00,91.4217009282112
2025-04-17 18:00:00,91.0720493243774
2025-04-17 19:00:00,91.9265282566074
2025-04-17 20:00:00,90.713713987328
2025-04-17 21:00:00,90.696371787229
2025-04-17 22:00:00,90.3087992557661
2025-04-17 23:00:00,91.3574067126938
2025-04-18 00:00:00,90.2312141967152
2025-04-18 01:00:00,91.3204855865046
2025-04-18 02:00:00,90.676211049648
2025-04-18 03:00:00,89.7896408712347
2025-04-18 04:00:00,90.5943454530129
2025-04-18 05:00:00,90.6879946727737
2025-04-18 07:00:00,92.1297659322584
2025-04-18 09:00:00,90.1315964427391
2025-04-18 10:00:00,90.4467954618101
2025-04-18 11:00:00,90.7540144165812
2025-04-18 12:00:00,90.9525010124321
2025-04-18 13:00:00,91.0751104424982
2025-04-18 14:00:00,90.0031991947569
2025-04-18 15:00:00,91.8589765029285
2025-04-18 16:00:00,89.8483711909028
2025-04-18 17:00:00,89.6769046734424
2025-04-18 18:00:00,89.5133911475736
2025-04-18 19:00:00,90.6404854576122
2025-04-18 20:00:00,91.3104791113067
2025-04-18 21:00:00,89.929020978887
2025-04-18 22:00:00,90.0925609204359
2025-04-18 23:00:00,90.0102090805196
2025-04-19 00:00:00,89.2240279667915
2025-04-19 01:00:00,90.8609088857895
2025-04-19 02:00:00,91.5202742675467
2025-04-19 03:00:00,89.9810598051279
2025-04-19 04:00:00,91.8520518026299
2025-04-19 05:00:00,90.9656274668281
2025-04-19 06:00:00,89.8557617239829
2025-04-19 09:00:00,89.3239639570664
2025-04-19 11:00:00,90.3307856675306
2025-04-19 12:00:00,90.0655055433915
2025-04-19 13:00:00,73.8674056301062
2025-04-19 14:00:00,91.2412876458654
2025-04-19 15:00:00,90.3838542903359
2025-04-19 16:00:00,89.6431361848645
2025-04-19 17:00:00,91.7258493197883
2025-04-19 18:00:00,90.6581210405759
2025-04-19 19:00:00,
2025-04-19 20:00:00,
2025-04-19 21:00:00,
2025-04-19 22:00:00,
2025-04-19 23:00:00,
2025-04-20 00:00:00,90.7285522235094
2025-04-20 01:00:00,91.1069832215794
2025-04-20 02:00:00,89.7081651776035
2025-04-20 03:00:00,89.438391679629
2025-04-20 04:00:00,91.4554822238555
2025-04-20 05:00:00,89.4309558980237
2025-04-20 12:00:00,88.737754464488
2025-04-20 13:00:00,91.8685507682542
2025-04-20 14:00:00,89.8149478839445
2025-04-20 15:00:00,89.510231198034
2025-04-20 16:00:00,91.3002024597253
2025-04-21 05:00:00,89.7702745298043
2025-04-21 06:00:00,89.4382302605651
2025-04-21 09:00:00,89.9139084100799
2025-04-21 11:00:00,89.4902845061884
2025-04-21 12:00:00,90.6470256902634
2025-04-21 13:00:00,89.513401213361
2025-04-21 14:00:00,90.4021966015574
2025-04-21 15:00:00,89.6599575209218
2025-04-21 16:00:00,89.1878061658813
2025-04-21 17:00:00,89.4684168677676
2025-04-21 18:00:00,90.4433998215527
2025-04-21 19:00:00,89.9670564599639
2025-04-21 20:00:00,89.987868827037
2025-04-21 21:00:00,89.5545714414394
2025-04-21 22:00:00,89.4195773294198
2025-04-21 23:00:00,89.4546524803478
2025-04-22 00:00:00,90.0106636170593
2025-04-22 01:00:00,88.9253526413373
2025-04-22 02:00:00,88.7595861009911
2025-04-22 03:00:00,90.9156890183712
2025-04-22 04:00:00,88.6569979003738
2025-04-22 05:00:00,90.2247845988909
2025-04-22 06:00:00,89.1904120461611
2025-04-22 07:00:00,89.4744122379932
2025-04-22 08:00:00,88.7178277020332
2025-04-22 09:00:00,90.0347657984793
2025-04-22 10:00:00,90.588552512102
2025-04-22 11:00:00,89.4170926866618
2025-04-22 12:00:00,89.2775411735117
2025-04-22 13:00:00,89.6221610117531
2025-04-22 14:00:00,90.1212279109847
2025-04-22 15:00:00,88.5534805540715
2025-04-22 17:00:00,89.8789768967178
2025-04-22 18:00:00,88.4819680694488
2025-04-22 19:00:00,88.8820362209493
2025-04-22 22:00:00,71.8877678556991
2025-04-22 23:00:00,90.1708112997807
2025-04-23 00:00:00,89.3832880772523
2025-04-23 01:00:00,89.7329751955952
2025-04-23 05:00:00,89.3763035907523
2025-04-23 06:00:00,89.3369566803938
2025-04-23 07:00:00,89.6427684926649
2025-04-23 09:00:00,88.8587427667659
2025-04-23 10:00:00,89.5340252330096
2025-04-23 11:00:00,91.072898397459
2025-04-23 12:00:00,88.8993815395365
2025-04-23 13:00:00,88.9723806953332
2025-04-23 14:00:00,
2025-04-23 15:00:00,
2025-04-23 16:00:00,
2025-04-23 17:00:00,
2025-04-23 18:00:00,
2025-04-23 19:00:00,89.789406196687
2025-04-23 20:00:00,87.6598659508768
2025-04-23 21:00:00,89.5034193564722
2025-04-23 22:00:00,89.5970086887583
2025-04-23 23:00:00,90.488559088593
2025-04-24 00:00:00,89.2637809835406
2025-04-24 01:00:00,89.3358718368222
2025-04-24 02:00:00,91.5827295569798
2025-04-24 03:00:00,88.6211611956563
2025-04-24 04:00:00,87.3879935774126
2025-04-24 05:00:00,89.2373328123378
2025-04-24 06:00:00,90.2676516439634
2025-04-24 11:00:00,89.1112517985911
2025-04-24 12:00:00,89.0758231982996
2025-04-24 13:00:00,89.387388088837
2025-04-24 14:00:00,88.8861916968669
2025-04-24 15:00:00,88.6623106311035
2025-04-24 16:00:00,89.7764984772033
2025-04-24 17:00:00,89.0494846887893
2025-04-24 18:00:00,89.0468694075507
2025-04-25 11:00:00,89.0584961961705
2025-04-25 12:00:00,88.3594585026484
2025-04-25 13:00:00,99.2518788416644
2025-04-25 14:00:00,89.5509028795202
2025-04-25 15:00:00,89.7111245910441
2025-04-25 16:00:00,89.468396941458
2025-04-25 17:00:00,89.5505578267337
2025-04-25 18:00:00,88.6580848163504
2025-04-25 19:00:00,87.620040230494
2025-04-25 20:00:00,88.3726615131396
2025-04-25 21:00:00,89.6555356385502
2025-04-25 22:00:00,89.0058638266227
2025-04-25 23:00:00,87.8310967711908
2025-04-26 00:00:00,88.5059185707265
2025-04-26 01:00:00,87.3615992223685
2025-04-26 02:00:00,89.7361215692751
2025-04-26 03:00:00,88.7663831831887
2025-04-27 01:00:00,88.2895982670315
2025-04-27 02:00:00,88.8395357779384
2025-04-27 03:00:00,89.7376807665712
2025-04-27 04:00:00,87.7143318774157
2025-04-27 05:00:00,87.1869400355092
2025-04-27 06:00:00,88.001577781519
2025-04-27 09:00:00,89.1144553109386
2025-04-27 10:00:00,87.459205780122
2025-04-27 11:00:00,88.7377941308662
2025-04-27 12:00:00,88.996800541839
2025-04-27 13:00:00,88.4881891315971
2025-04-27 14:00:00,88.60327997853
2025-04-27 15:00:00,86.9503822696116
2025-04-27 16:00:00,87.8762690958005
2025-04-27 17:00:00,88.9120067052845
2025-04-27 18:00:00,88.0646831218497
2025-04-27 19:00:00,87.4686828302008
2025-04-27 20:00:00,87.1694126388926
2025-04-27 21:00:00,88.9354844092018
2025-04-27 22:00:00,88.0013069858674
2025-04-27 23:00:00,88.9930586795048
2025-04-28 00:00:00,88.9667232481404
2025-04-28 01:00:00,86.7743796808473
2025-04-28 02:00:00,88.2983384935799
2025-04-28 03:00:00,87.0516532960296
2025-04-28 04:00:00,88.006267064983
2025-04-28 05:00:00,87.7955207212801
2025-04-28 10:00:00,87.6255701912392
2025-04-28 11:00:00,88.7351537906145
2025-04-28 12:00:00,87.8171800697351
2025-04-28 13:00:00,87.3976609412805
2025-04-28 14:00:00,88.4516303516139
2025-04-28 15:00:00,88.9846055761507
2025-04-28 16:00:00,88.0717433728323
2025-04-28 17:00:00,87.3325962995194
2025-04-28 18:00:00,89.6146448214209
2025-04-28 19:00:00,87.9877596042207
2025-04-28 20:00:00,87.9319966339078
2025-04-28 21:00:00,87.4220977077049
2025-04-28 22:00:00,87.4824230903332
2025-04-28 23:00:00,88.7037719348332
2025-04-29 00:00:00,87.6143263672414
2025-04-29 01:00:00,87.9561981573411
2025-04-29 02:00:00,87.8461272191458
2025-04-29 03:00:00,87.9233746340396
2025-04-29 04:00:00,87.5869082566125
2025-04-29 05:00:00,87.5014574198262
2025-04-29 06:00:00,87.3587257778072
2025-04-29 07:00:00,87.4327735265163
2025-04-29 11:00:00,87.5147111436321
2025-04-29 12:00:00,88.4602984987051
2025-04-29 13:00:00,88.3161603119807
2025-04-29 15:00:00,88.3091865282126
2025-04-29 16:00:00,88.1600080781355
2025-04-29 17:00:00,88.5724016725174
2025-04-29 18:00:00,88.1227701086509
2025-04-29 19:00:00,87.0581941434008
2025-04-29 20:00:00,86.5366693968552
2025-04-29 21:00:00,87.7797278598373
2025-04-29 22:00:00,87.4954548407596
2025-04-29 23:00:00,88.4226372328807
2025-04-30 00:00:00,87.4403868158565
2025-04-30 01:00:00,87.2823478857023
2025-04-30 13:00:00,87.6585820528177
2025-04-30 14:00:00,88.1495209002082
2025-04-30 15:00:00,88.4624290554964
2025-04-30 16:00:00,87.0885944775522
2025-04-30 17:00:00,88.4314159621649
2025-04-30 18:00:00,87.4398630031365
2025-04-30 19:00:00,88.1078027426387
2025-04-30 20:00:00,87.5594092630889
2025-04-30 21:00:00,88.3195825480971
2025-04-30 22:00:00,89.3507018496429
2025-04-30 23:00:00,87.716802181796
2025-05-01 01:00:00,88.4436478107605
2025-05-01 07:00:00,86.4837119661648
2025-05-01 11:00:00,86.7697825651996
2025-05-01 12:00:00,86.5118205007146
2025-05-01 13:00:00,86.9450046972044
2025-05-01 14:00:00,87.3590406728502
2025-05-01 15:00:00,86.7861218223471
2025-05-01 16:00:00,85.7010825195961
2025-05-01 17:00:00,87.2093123501424
2025-05-01 18:00:00,86.2551603041214
2025-05-03 22:00:00,87.0871921956566
2025-05-03 23:00:00,85.6844683997077
2025-05-04 00:00:00,85.7075716555454
2025-05-04 01:00:00,87.2656734341096
2025-05-04 02:00:00,85.9747041644169
2025-05-04 03:00:00,87.3814177221801
2025-05-04 04:00:00,86.4824429306044
2025-05-04 05:00:00,86.3913997301896
2025-05-04 06:00:00,87.3722398969517
2025-05-04 07:00:00,85.663386544821
2025-05-04 08:00:00,86.9607761168942
2025-05-04 11:00:00,86.1633715732393
2025-05-04 12:00:00,87.8494552181964
2025-05-04 13:00:00,87.1519602983692
2025-05-04 14:00:00,85.9679480987154
2025-05-04 15:00:00,86.9913403893046
2025-05-04 16:00:00,86.88969227173
2025-05-04 17:00:00,86.7794562816946
2025-05-04 18:00:00,87.7673541441792
2025-05-04 19:00:00,86.9491150645009
2025-05-04 20:00:00,88.2649817878363
2025-05-04 21:00:00,87.3070084898524
2025-05-04 22:00:00,87.2332977592614
2025-05-05 00:00:00,86.8532246599627
2025-05-05 01:00:00,86.03926831597
2025-05-05 02:00:00,86.5155858366615
2025-05-05 03:00:00,86.2462164825795
2025-05-05 04:00:00,86.132614544857
2025-05-05 05:00:00,86.2402302783051
2025-05-05 06:00:00,84.8077453389479
2025-05-05 08:00:00,86.1362680888732
2025-05-05 11:00:00,85.3947190656969
2025-05-05 12:00:00,87.2788031486721
2025-05-05 13:00:00,87.4008160533754
2025-05-05 14:00:00,
2025-05-05 16:00:00,87.2535798261172
2025-05-05 17:00:00,85.9099698358526
2025-05-05 22:00:00,85.9739132881974
2025-05-05 23:00:00,85.4831221419221
2025-05-06 00:00:00,85.7926044818675
2025-05-06 01:00:00,87.6129759588102
2025-05-06 02:00:00,87.0684264320493
2025-05-06 03:00:00,86.2023099337813
2025-05-06 04:00:00,85.9005544320282
2025-05-06 05:00:00,85.912552770629
2025-05-06 10:00:00,85.3902557780325
2025-05-06 11:00:00,
2025-05-06 12:00:00,
2025-05-06 13:00:00,
2025-05-06 14:00:00,86.7182961042715
2025-05-06 15:00:00,85.5606175192037
2025-05-06 16:00:00,86.2865233757558
2025-05-06 17:00:00,85.7725353467282
2025-05-06 18:00:00,86.3439929505804
2025-05-06 19:00:00,86.2851879327118
2025-05-06 20:00:00,85.9005250986036
2025-05-06 21:00:00,85.1955043809371
2025-05-06 22:00:00,86.9883266416815
2025-05-06 23:00:00,85.9779110621615
2025-05-07 13:00:00,86.951300588093
2025-05-07 14:00:00,86.5998160732264
2025-05-07 15:00:00,86.5343096256209
2025-05-07 16:00:00,85.4015610737261
2025-05-07 17:00:00,86.2672631806395
2025-05-07 18:00:00,85.6504774663531
2025-05-07 19:00:00,85.7517042569455
2025-05-07 20:00:00,84.7221206754431
2025-05-07 21:00:00,85.1655858143767
2025-05-07 22:00:00,84.4853500814232
2025-05-07 23:00:00,85.1611955962173
2025-05-08 00:00:00,86.4778088790504
2025-05-08 01:00:00,85.4735920027649
2025-05-08 02:00:00,86.5514866626954
2025-05-08 03:00:00,87.6865148877156
2025-05-08 04:00:00,86.2057356669472
2025-05-08 05:00:00,85.9906260310721
2025-05-08 06:00:00,86.4284119491404
2025-05-08 10:00:00,85.3379517381016
2025-05-08 11:00:00,85.0386653053022
2025-05-08 12:00:00,86.0183705316267
2025-05-08 13:00:00,84.6950182757418
2025-05-08 14:00:00,86.2872631905559
2025-05-08 15:00:00,85.5140022242463
2025-05-08 16:00:00,85.9619501464711
2025-05-08 17:00:00,85.269386622052
2025-05-08 18:00:00,85.3296044613106
2025-05-08 19:00:00,86.0039313191518
2025-05-08 20:00:00,86.0292855644277
2025-05-08 21:00:00,84.9540600772831
2025-05-08 22:00:00,86.2733269426159
2025-05-08 23:00:00,85.0266675016766
2025-05-09 00:00:00,85.477243419639
2025-05-09 01:00:00,86.2191730895231
2025-05-09 02:00:00,86.6023323450944
2025-05-09 04:00:00,85.9641304185102
2025-05-09 05:00:00,85.0518115881836
2025-05-09 06:00:00,85.8684713368585
2025-05-09 07:00:00,85.5747450570932
2025-05-09 08:00:00,85.4110889489661
2025-05-09 09:00:00,85.7155067598951
2025-05-09 10:00:00,86.7942526597167
2025-05-09 23:00:00,86.7268147502107
2025-05-10 01:00:00,85.9638967824525
2025-05-10 02:00:00,86.3286270339093
2025-05-10 03:00:00,85.2504728306599
2025-05-10 04:00:00,47.2646882639015
2025-05-10 05:00:00,85.7513123446534
2025-05-10 06:00:00,84.5402684852854
2025-05-10 08:00:00,85.4877272302689
2025-05-10 09:00:00,85.9052885629496
2025-05-10 10:00:00,85.4865571456062
2025-05-10 11:00:00,84.7791851621309
2025-05-10 12:00:00,86.4499388350098
2025-05-10 13:00:00,84.8798266271266
2025-05-10 14:00:00,85.6700886567961
2025-05-10 15:00:00,86.1068190636371
2025-05-10 16:00:00,85.1443330260626
2025-05-10 17:00:00,85.8732672239459
2025-05-10 18:00:00,85.8367771302426
2025-05-10 19:00:00,85.6164462974422
2025-05-10 20:00:00,85.9913448923647
2025-05-10 21:00:00,85.0451736069608
2025-05-10 22:00:00,86.760180606475
2025-05-10 23:00:00,86.1524668075648
2025-05-11 00:00:00,85.0549064631046
2025-05-11 01:00:00,85.0067034385982
2025-05-11 02:00:00,85.3480158375443
2025-05-11 04:00:00,83.7700014106302
2025-05-11 05:00:00,85.7102893403622
2025-05-11 08:00:00,86.6432958823543
2025-05-11 11:00:00,85.5609000984605
2025-05-11 12:00:00,85.7295916546259
2025-05-11 13:00:00,84.2012217314993
2025-05-11 14:00:00,86.197024197333
2025-05-11 15:00:00,83.8605055673613
2025-05-11 16:00:00,85.2544676374733
2025-05-11 17:00:00,84.3324805558778
2025-05-11 18:00:00,85.470440176217
2025-05-11 19:00:00,84.002748349425
2025-05-11 20:00:00,85.5553145026663
2025-05-11 21:00:00,84.4071901787066
2025-05-11 22:00:00,85.3976966755828
2025-05-11 23:00:00,84.6458953179253
2025-05-12 00:00:00,86.6409280743621
2025-05-12 01:00:00,85.5364216903558
2025-05-12 02:00:00,85.6810326163896
2025-05-12 03:00:00,84.3208979884113
2025-05-12 04:00:00,84.1811566364544
2025-05-12 05:00:00,85.7002609967287
2025-05-12 06:00:00,84.1776950474519
2025-05-12 07:00:00,86.4079655757311
2025-05-12 08:00:00,85.1730248097819
2025-05-12 09:00:00,85.3310123152009
2025-05-12 22:00:00,84.4863666159183
2025-05-12 23:00:00,84.9721642733457
2025-05-13 00:00:00,
2025-05-13 01:00:00,
2025-05-13 02:00:00,
2025-05-13 03:00:00,
2025-05-13 04:00:00,
2025-05-13 05:00:00,
2025-05-13 06:00:00,
2025-05-13 17:00:00,
2025-05-13 18:00:00,
2025-05-13 19:00:00,
2025-05-13 20:00:00,
2025-05-13 21:00:00,
2025-05-13 22:00:00,
2025-05-13 23:00:00,
2025-05-14 00:00:00,107.808096668027
2025-05-14 01:00:00,107.870911405811
2025-05-14 02:00:00,107.777708609861
2025-05-14 03:00:00,107.578116801376
2025-05-14 04:00:00,107.933794047239
2025-05-14 05:00:00,107.645037616506
2025-05-14 06:00:00,107.538915468398
2025-05-14 07:00:00,107.950839975488
2025-05-14 08:00:00,107.967923712115
2025-05-14 09:00:00,108.140286580815
2025-05-14 10:00:00,108.006451236158
2025-05-14 11:00:00,108.541703151933
2025-05-14 12:00:00,107.310147682128
2025-05-14 13:00:00,107.935026577119
2025-05-14 14:00:00,108.45822558845
2025-05-14 15:00:00,108.444200288884
2025-05-14 16:00:00,108.036472786809
2025-05-14 17:00:00,107.361557376152
2025-05-14 18:00:00,106.566838680238
2025-05-14 19:00:00,108.014821232497
2025-05-14 20:00:00,107.75044710401
2025-05-14 21:00:00,107.916459012241
2025-05-14 22:00:00,108.492550101981
2025-05-14 23:00:00,107.932273488042
2025-05-15 00:00:00,107.271018388665
2025-05-15 01:00:00,106.977889980239
2025-05-15 02:00:00,107.769756886573
2025-05-15 03:00:00,107.821086047883
2025-05-15 04:00:00,107.243556298873
2025-05-15 05:00:00,107.309287927813
2025-05-15 06:00:00,107.626324529914
2025-05-15 09:00:00,107.574725348281
2025-05-15 11:00:00,108.211346486342
2025-05-15 12:00:00,107.975086442779
2025-05-15 13:00:00,107.472169041705
2025-05-15 14:00:00,107.265593256453
2025-05-15 15:00:00,108.219860431665
2025-05-15 16:00:00,106.827263192525
2025-05-15 17:00:00,107.108993502896
2025-05-15 18:00:00,107.863726390931
2025-05-15 19:00:00,107.209639956164
2025-05-15 20:00:00,107.500805733157
2025-05-15 21:00:00,107.778342341225
2025-05-15 22:00:00,107.960065942414
2025-05-15 23:00:00,106.752189541061
2025-05-16 00:00:00,107.007865100634
2025-05-16 01:00:00,107.275676563008
2025-05-16 02:00:00,107.262356366111
2025-05-16 03:00:00,107.083066873341
2025-05-16 04:00:00,114.54298696948
2025-05-16 05:00:00,107.628741820522
2025-05-16 06:00:00,106.552137070786
2025-05-16 07:00:00,107.049733639523
2025-05-16 08:00:00,107.251711978712
2025-05-16 09:00:00,106.979762577113
2025-05-16 10:00:00,107.767198832295
2025-05-16 11:00:00,108.106921135259
2025-05-16 12:00:00,107.07989887233
2025-05-16 13:00:00,107.476499820173
2025-05-16 14:00:00,107.274568172826
2025-05-16 15:00:00,107.212400667781
2025-05-16 16:00:00,107.573992786964
2025-05-16 17:00:00,107.008666414997
2025-05-16 18:00:00,106.71812322857
2025-05-16 19:00:00,106.972691449697
2025-05-16 20:00:00,106.986110253663
2025-05-16 21:00:00,107.598199497612
2025-05-16 22:00:00,107.58266865757
2025-05-16 23:00:00,107.164430374803
2025-05-17 00:00:00,106.166397928609
2025-05-17 01:00:00,106.953351133172
2025-05-17 02:00:00,106.586273374437
2025-05-17 03:00:00,106.63466487276
2025-05-17 04:00:00,106.873213132164
2025-05-17 06:00:00,106.599639690906
2025-05-17 08:00:00,108.63678818437
2025-05-17 12:00:00,106.768142612466
2025-05-17 13:00:00,106.239030785917
2025-05-17 14:00:00,108.298168281311
2025-05-17 15:00:00,105.303390494544
2025-05-17 16:00:00,107.487746410967
2025-05-17 17:00:00,108.598915257469
2025-05-17 18:00:00,108.265006512399
2025-05-17 19:00:00,107.317118637384
2025-05-17 20:00:00,106.898638050689
2025-05-17 21:00:00,107.169760822272
2025-05-18 11:00:00,105.426268645167
2025-05-18 12:00:00,106.295861279236
2025-05-18 13:00:00,106.217941771387
2025-05-18 14:00:00,107.170549694975
2025-05-18 15:00:00,106.5120926133
2025-05-18 16:00:00,106.697613258281
2025-05-18 17:00:00,109.13130578408
2025-05-18 18:00:00,108.265530530608
2025-05-18 19:00:00,107.133799909942
2025-05-18 20:00:00,107.886305541846
2025-05-18 21:00:00,108.488184914829
2025-05-18 22:00:00,107.083901973129
2025-05-18 23:00:00,106.869826097462
2025-05-19 00:00:00,107.00819834397
2025-05-19 01:00:00,107.495102338981
2025-05-19 02:00:00,107.574870871248
2025-05-19 03:00:00,106.496155712939
2025-05-19 04:00:00,106.995151186643
2025-05-19 05:00:00,107.290452796477
2025-05-19 06:00:00,106.436584120031
2025-05-19 07:00:00,106.789269437843
2025-05-19 08:00:00,107.293102479335
2025-05-19 10:00:00,107.399913683294
2025-05-19 11:00:00,106.520900894378
2025-05-19 12:00:00,106.176349090766
2025-05-19 13:00:00,107.006281036883
2025-05-19 14:00:00,107.541494291095
2025-05-19 15:00:00,107.470213866701
2025-05-19 16:00:00,106.192196400765
2025-05-19 17:00:00,104.769787927477
2025-05-19 18:00:00,105.135246940574
2025-05-19 19:00:00,106.915069736138
2025-05-19 20:00:00,106.197007637157
2025-05-19 21:00:00,105.769255035308
2025-05-19 22:00:00,107.387827361892
2025-05-19 23:00:00,107.158390035823
2025-05-20 00:00:00,106.490131560799
2025-05-20 01:00:00,107.415749169514
2025-05-20 02:00:00,105.537725323401
2025-05-20 03:00:00,105.890451537035
2025-05-20 04:00:00,107.23222368005
2025-05-20 05:00:00,105.318269079407
2025-05-20 06:00:00,106.117970888369
2025-05-20 07:00:00,106.375880218175
2025-05-20 08:00:00,106.19110070532
2025-05-20 09:00:00,106.349490076936
2025-05-20 10:00:00,107.456040542154
2025-05-20 11:00:00,106.489348469097
2025-05-20 12:00:00,107.277816919628
2025-05-20 13:00:00,106.727535311404
2025-05-20 14:00:00,107.799261608576
2025-05-20 15:00:00,106.507755658909
2025-05-20 16:00:00,105.247014244034
2025-05-20 17:00:00,105.514236718259
2025-05-20 18:00:00,106.951277397079
2025-05-20 19:00:00,107.914692681452
2025-05-20 20:00:00,105.712820592379
2025-05-20 21:00:00,105.477952369856
2025-05-20 22:00:00,106.922020528266
2025-05-20 23:00:00,107.220637858673
2025-05-21 00:00:00,106.300744286424
2025-05-21 01:00:00,106.628596214805
2025-05-21 02:00:00,105.618262411804
2025-05-21 03:00:00,106.500874737797
2025-05-21 04:00:00,107.121632797459
2025-05-21 05:00:00,106.525122609848
2025-05-21 06:00:00,105.587935524595
2025-05-21 07:00:00,106.027440845789
2025-05-21 09:00:00,106.49313548715
2025-05-21 10:00:00,105.096443259612
2025-05-21 11:00:00,105.940932550375
2025-05-21 12:00:00,106.751840481215
2025-05-21 13:00:00,105.739532313576
2025-05-21 14:00:00,105.454172547973
2025-05-21 15:00:00,105.977397754011
2025-05-21 16:00:00,106.328667754105
2025-05-21 17:00:00,106.680458519146
2025-05-21 18:00:00,106.343482886568
2025-05-21 19:00:00,107.039188178159
2025-05-21 20:00:00,106.721550912543
2025-05-21 21:00:00,107.005493414056
2025-05-21 22:00:00,106.792201823093
2025-05-21 23:00:00,106.658337382586
2025-05-22 00:00:00,107.841417843966
2025-05-22 12:00:00,105.296478952392
2025-05-22 13:00:00,106.37412518909
2025-05-22 15:00:00,106.247091372896
2025-05-22 16:00:00,105.659953083805
2025-05-22 17:00:00,106.991972668246
2025-05-22 18:00:00,106.637918604887
2025-05-22 19:00:00,105.084689815079
2025-05-22 20:00:00,107.328354967319
2025-05-22 21:00:00,105.774357752962
2025-05-22 22:00:00,104.758266097486
2025-05-22 23:00:00,106.619161860847
2025-05-23 00:00:00,98.2972689554528
2025-05-23 01:00:00,104.235190887025
2025-05-23 02:00:00,106.0805720979
2025-05-23 03:00:00,106.241611543324
2025-05-23 04:00:00,104.867004631477
2025-05-23 05:00:00,105.950247825611
2025-05-23 07:00:00,105.906085724658
2025-05-23 10:00:00,107.030736532434
2025-05-23 11:00:00,105.991304023332
2025-05-23 12:00:00,104.077424305996
2025-05-23 13:00:00,104.612747152133
2025-05-23 14:00:00,104.200717451242
2025-05-23 15:00:00,105.033059159204
2025-05-23 16:00:00,105.636039269944
2025-05-23 17:00:00,105.567305966192
2025-05-23 18:00:00,104.437107660733
2025-05-23 19:00:00,104.827334241234
2025-05-23 20:00:00,104.681742146746
2025-05-23 21:00:00,105.405818107166
2025-05-23 22:00:00,104.518515456573
2025-05-23 23:00:00,105.08770783219
2025-05-24 00:00:00,106.506052204019
2025-05-24 01:00:00,105.144975704239
2025-05-24 02:00:00,105.493828336605
2025-05-24 03:00:00,104.310883622345
2025-05-24 04:00:00,105.596461199802
2025-05-24 05:00:00,105.294849953621
2025-05-24 06:00:00,105.341142199945
2025-05-24 10:00:00,105.319300653218
2025-05-24 11:00:00,104.93606689097
2025-05-24 12:00:00,104.127194238383
2025-05-24 13:00:00,105.383699543342
2025-05-24 14:00:00,106.034888833507
2025-05-24 15:00:00,104.758158383237
2025-05-24 16:00:00,104.34221743652
2025-05-24 17:00:00,104.432115160976
2025-05-24 18:00:00,106.535399164998
2025-05-24 19:00:00,104.876675180619
2025-05-24 20:00:00,105.363482827902
2025-05-24 21:00:00,104.07145060948
2025-05-24 22:00:00,107.951397960065
2025-05-24 23:00:00,104.693020993111
2025-05-25 00:00:00,104.753827115668
2025-05-25 01:00:00,105.623597740734
2025-05-25 02:00:00,103.79124809466
2025-05-25 03:00:00,105.849897873553
2025-05-25 04:00:00,104.858942857579
2025-05-25 07:00:00,104.955070713734
2025-05-25 10:00:00,104.733220980792
2025-05-25 11:00:00,104.35217854135
2025-05-25 12:00:00,103.642909419353
2025-05-25 13:00:00,104.811179023715
2025-05-25 14:00:00,105.189001161783
2025-05-25 15:00:00,106.497707475709
2025-05-25 16:00:00,106.761327603856
2025-05-25 17:00:00,104.956147132051
2025-05-25 18:00:00,105.258745980243
2025-05-25 19:00:00,105.247554618747
2025-05-25 20:00:00,106.522056022101
2025-05-25 21:00:00,105.620190903574
2025-05-25 22:00:00,104.489734651248
2025-05-25 23:00:00,103.327969442821
2025-05-26 00:00:00,105.256388073092
2025-05-26 01:00:00,105.193891272197
2025-05-26 11:00:00,104.174690411903
2025-05-26 12:00:00,105.447384448007
2025-05-26 13:00:00,103.977510743517
2025-05-26 14:00:00,104.850436169654
2025-05-26 15:00:00,103.310412194328
2025-05-26 16:00:00,104.406140572842
2025-05-26 17:00:00,104.34482939001
2025-05-26 18:00:00,107.172470895632
2025-05-26 19:00:00,104.824796160313
2025-05-26 20:00:00,105.748235562643
2025-05-26 21:00:00,104.473926610709
2025-05-26 22:00:00,103.982407785953
2025-05-26 23:00:00,104.107920949307
2025-05-27 00:00:00,104.154555142357
2025-05-27 01:00:00,104.822669360875
2025-05-27 02:00:00,103.882302602581
2025-05-27 03:00:00,102.541970622978
2025-05-27 04:00:00,102.637456767059
2025-05-27 06:00:00,104.276757402188
2025-05-27 08:00:00,103.486114284048
2025-05-27 10:00:00,103.710544864988
2025-05-27 11:00:00,104.433950548605
2025-05-27 12:00:00,104.41166956379
2025-05-27 13:00:00,103.950876161442
2025-05-27 14:00:00,103.809193443328
2025-05-27 15:00:00,104.505153858488
2025-05-27 16:00:00,103.920032815016
2025-05-27 17:00:00,103.638159655514
2025-05-27 18:00:00,104.501687413498
2025-05-27 19:00:00,103.672347872648
2025-05-27 20:00:00,102.158035443661
2025-05-27 21:00:00,102.824431830552
2025-05-27 22:00:00,105.308455357415
2025-05-27 23:00:00,104.749854703513
2025-05-28 00:00:00,104.726673293988
2025-05-28 01:00:00,103.771889669856
2025-05-28 02:00:00,103.442159885516
2025-05-28 03:00:00,103.705293536326
2025-05-28 04:00:00,103.619369827567
2025-05-28 05:00:00,103.709463488416
2025-05-28 06:00:00,103.366089366967
2025-05-28 07:00:00,103.435290681476
2025-05-28 09:00:00,103.141200590442
2025-05-28 10:00:00,103.607150912412
2025-05-28 11:00:00,104.316019972486
2025-05-28 12:00:00,103.581207029416
2025-05-28 13:00:00,104.1789580442
2025-05-28 14:00:00,103.67569577463
2025-05-28 15:00:00,103.331405675451
2025-05-28 16:00:00,104.663755228061
2025-05-28 17:00:00,102.473420430372
2025-05-28 18:00:00,102.794240013206
2025-05-28 19:00:00,103.1528717366
2025-05-28 20:00:00,105.07998832654
2025-05-28 21:00:00,103.294109730396
2025-05-28 22:00:00,102.942836765859
2025-05-28 23:00:00,103.770385471413
2025-05-29 00:00:00,103.593467421214
2025-05-29 01:00:00,104.449928588634
2025-05-29 02:00:00,102.189884713576
2025-05-29 03:00:00,103.760351761221
2025-05-29 04:00:00,104.176390908971
2025-05-29 05:00:00,105.093525841465
2025-05-29 06:00:00,103.682563411079
2025-05-29 07:00:00,104.644391233554
2025-05-29 08:00:00,103.707658358629
2025-05-29 10:00:00,104.259412951211
2025-05-29 11:00:00,102.733010184177
2025-05-29 12:00:00,103.99553553279
2025-05-29 13:00:00,104.717987822795
2025-05-29 14:00:00,103.203912879673
2025-05-29 15:00:00,103.646521180017
2025-05-29 16:00:00,103.033200473036
2025-05-29 17:00:00,102.292725192481
2025-05-29 18:00:00,104.358923082391
2025-05-29 19:00:00,105.268890573863
2025-05-29 20:00:00,105.351951703891
2025-05-29 21:00:00,103.550793820422
2025-05-30 10:00:00,104.215974721126
2025-05-30 11:00:00,103.35927110022
2025-05-30 12:00:00,104.003661930225
2025-05-30 13:00:00,103.218492973393
2025-05-30 14:00:00,104.230154830854
2025-05-30 15:00:00,102.541171519172
2025-05-30 16:00:00,103.456123186142
2025-05-30 17:00:00,103.173319684303
2025-05-30 18:00:00,104.206916090711
2025-05-30 19:00:00,104.0032967573
2025-05-30 20:00:00,103.352107159043
2025-05-30 21:00:00,103.539166818202
2025-05-30 22:00:00,104.643612573002
2025-05-30 23:00:00,102.6348466322
2025-05-31 00:00:00,102.832244066926
2025-05-31 01:00:00,102.498244991284
2025-05-31 02:00:00,103.875209815587
2025-05-31 03:00:00,102.948897200948
2025-05-31 04:00:00,103.411801627618
2025-05-31 05:00:00,103.276133944972
2025-05-31 10:00:00,102.349014954672
2025-05-31 11:00:00,102.278228650609
2025-05-31 12:00:00,103.454584585676
2025-05-31 13:00:00,102.746975425955
2025-05-31 14:00:00,104.593261285632
2025-05-31 16:00:00,103.435220488073
2025-05-31 17:00:00,103.959752011041
2025-05-31 18:00:00,100.773776306032
2025-05-31 19:00:00,102.591720248812
2025-05-31 20:00:00,103.939577674049
2025-05-31 21:00:00,103.834102543573
2025-05-31 22:00:00,102.402706957255
2025-05-31 23:00:00,102.30886091949
2025-06-01 00:00:00,105.193037525194
2025-06-01 01:00:00,101.769438780817
2025-06-01 02:00:00,105.836807298576
2025-06-01 03:00:00,97.1526006179024
2025-06-01 04:00:00,105.295119501007
2025-06-01 09:00:00,99.7231147613764
2025-06-01 11:00:00,98.8986457061534
2025-06-01 12:00:00,106.437791436396
2025-06-01 13:00:00,106.748187994939
2025-06-01 14:00:00,105.421585985973
2025-06-01 15:00:00,107.896761570361
2025-06-01 16:00:00,105.813009194383
2025-06-01 17:00:00,100.761798855146
2025-06-01 18:00:00,97.7382160367978
2025-06-01 19:00:00,105.333194532075
2025-06-01 20:00:00,106.858759679465
2025-06-01 21:00:00,103.463225943125
2025-06-01 22:00:00,102.532603653889
2025-06-01 23:00:00,102.279948720408
2025-06-02 00:00:00,102.39381228255
2025-06-02 01:00:00,111.696632128341
2025-06-02 02:00:00,98.7536692233678
2025-06-02 03:00:00,107.99540858518
2025-06-02 04:00:00,99.6460068929047
2025-06-02 05:00:00,101.561166017053
2025-06-02 06:00:00,104.608128346527
2025-06-02 10:00:00,99.2945523738718
2025-06-02 11:00:00,102.947004602492
2025-06-02 12:00:00,101.809233230366
2025-06-02 13:00:00,104.283725040318
2025-06-02 14:00:00,102.764044464128
2025-06-02 15:00:00,104.877062931872
2025-06-02 16:00:00,104.448601863161
2025-06-02 17:00:00,102.323138224211
2025-06-02 18:00:00,100.792531241831
2025-06-02 19:00:00,100.511584309905
2025-06-02 20:00:00,101.973688450205
2025-06-02 21:00:00,105.087190664189
2025-06-02 22:00:00,101.1809703024
2025-06-02 23:00:00,110.51461152952
2025-06-03 00:00:00,106.566020167269
2025-06-03 01:00:00,102.816899006497
2025-06-03 02:00:00,98.0425290653001
2025-06-03 17:00:00,102.679995213796
2025-06-03 18:00:00,101.916532720146
2025-06-03 19:00:00,105.876720951793
2025-06-03 21:00:00,99.1372724348798
2025-06-03 22:00:00,104.662488847229
2025-06-03 23:00:00,99.4853160395715
2025-06-04 00:00:00,98.8439834566828
2025-06-04 01:00:00,102.052632715503
2025-06-04 02:00:00,98.6524090971479
2025-06-04 03:00:00,97.1481493136866
2025-06-04 04:00:00,104.821842400449
2025-06-04 05:00:00,104.972882349843
2025-06-04 06:00:00,125.05041202636
2025-06-04 07:00:00,103.500150051343
2025-06-04 08:00:00,105.656183747586
2025-06-04 09:00:00,97.4701333929609
2025-06-04 12:00:00,100.834159338893
2025-06-04 13:00:00,96.3349885375606
2025-06-04 14:00:00,102.168861217834
2025-06-04 15:00:00,101.6956541895
2025-06-04 16:00:00,95.6352106599276
2025-06-04 17:00:00,100.679526599412
2025-06-04 18:00:00,105.784115296325
2025-06-04 19:00:00,96.751026135662
2025-06-04 20:00:00,85.8376350058702
2025-06-04 21:00:00,107.805025353815
2025-06-04 22:00:00,98.206957248635
2025-06-04 23:00:00,108.243795011707
2025-06-05 00:00:00,97.9900563794404
2025-06-05 01:00:00,95.2500706047502
2025-06-05 02:00:00,102.049175793405
2025-06-05 03:00:00,106.319176779955
2025-06-05 04:00:00,100.148289515575
2025-06-05 05:00:00,101.106448567995
2025-06-05 06:00:00,101.456916983734
2025-06-05 10:00:00,103.512566797964
2025-06-05 11:00:00,98.0021147838363
2025-06-05 12:00:00,102.920823757689
2025-06-05 13:00:00,105.120615616526
2025-06-05 14:00:00,101.313522997677
2025-06-05 15:00:00,98.9077803869081
2025-06-05 16:00:00,102.417693804742
2025-06-05 17:00:00,102.752136871718
2025-06-05 18:00:00,105.392192890374
2025-06-05 19:00:00,116.287440023133
2025-06-05 20:00:00,103.282221010134
2025-06-05 21:00:00,97.6767463585984
2025-06-05 22:00:00,98.9908433172483
2025-06-05 23:00:00,107.008597700028
2025-06-06 00:00:00,103.805267716502
2025-06-06 01:00:00,99.9088172017655
2025-06-06 02:00:00,105.607651784506
2025-06-06 03:00:00,104.1433676964
2025-06-06 04:00:00,97.728309357223
2025-06-06 05:00:00,105.640914554184
2025-06-06 06:00:00,97.3744330096504
2025-06-06 08:00:00,93.546731280281
2025-06-06 09:00:00,100.687404238506
2025-06-06 10:00:00,99.5265741282424
2025-06-06 11:00:00,102.032538850728
2025-06-06 12:00:00,100.831476365037
2025-06-06 13:00:00,103.162126473304
2025-06-06 14:00:00,104.215754856166
2025-06-06 15:00:00,103.612827515443
2025-06-06 16:00:00,115.88243888462
2025-06-06 17:00:00,100.973689519728
2025-06-06 18:00:00,104.503768456918
2025-06-06 19:00:00,98.2674444664221
2025-06-06 20:00:00,97.4728139169789
2025-06-06 21:00:00,105.630570673605
2025-06-07 01:00:00,109.070088344478
2025-06-07 02:00:00,109.059576624528
2025-06-07 03:00:00,101.59583943649
2025-06-07 04:00:00,106.60747152864
2025-06-07 05:00:00,103.189899608051
2025-06-07 06:00:00,105.218640659861
2025-06-07 11:00:00,102.073535010647
2025-06-07 12:00:00,104.174502005599
2025-06-07 13:00:00,103.045467965555
2025-06-07 14:00:00,108.251214061024
2025-06-07 15:00:00,106.416048911112
2025-06-07 16:00:00,104.57250906607
2025-06-07 17:00:00,99.2784436200725
2025-06-07 18:00:00,103.027947970959
2025-06-07 19:00:00,104.409743430035
2025-06-07 20:00:00,99.1107743980895
2025-06-07 21:00:00,102.264276362679
2025-06-07 22:00:00,89.9141730449272
2025-06-07 23:00:00,99.4194215744778
2025-06-08 00:00:00,103.065233468787
2025-06-08 01:00:00,102.196545338146
2025-06-08 02:00:00,106.671497994805
2025-06-08 03:00:00,100.514748183199
2025-06-08 05:00:00,96.1119476633434
2025-06-08 07:00:00,91.6153217443455
2025-06-08 11:00:00,106.677135472139
2025-06-08 12:00:00,113.028485969956
2025-06-08 13:00:00,101.809785912223
2025-06-08 14:00:00,98.6517439579499
2025-06-08 15:00:00,99.0385206152183
2025-06-08 16:00:00,99.3084814624865
2025-06-08 17:00:00,99.5799490672336
2025-06-08 18:00:00,106.657456420351
2025-06-08 19:00:00,96.2639976705707
2025-06-08 20:00:00,105.221043205626
2025-06-08 21:00:00,102.464057770358
2025-06-08 22:00:00,105.474990230963
2025-06-08 23:00:00,94.109032364922
2025-06-09 00:00:00,99.3004726416476
2025-06-09 02:00:00,100.529636126761
2025-06-09 15:00:00,99.0031307922882
2025-06-09 16:00:00,101.284099852588
2025-06-09 17:00:00,101.480764985233
2025-06-09 18:00:00,97.3020431142228
2025-06-09 19:00:00,100.781449685824
2025-06-09 20:00:00,100.772849962098
2025-06-09 21:00:00,101.779648158694
2025-06-09 22:00:00,101.364688913645
2025-06-09 23:00:00,103.66518024961
2025-06-10 00:00:00,130.005315771785
2025-06-10 01:00:00,102.322928530795
2025-06-10 02:00:00,106.877984276635
2025-06-10 03:00:00,102.423028113204
2025-06-10 04:00:00,95.4999839647379
2025-06-10 05:00:00,100.963246201115
2025-06-10 06:00:00,107.386055545666
2025-06-10 07:00:00,106.442657274676
2025-06-10 09:00:00,115.394727759668
2025-06-10 10:00:00,97.1174211598753
2025-06-10 11:00:00,107.600447629899
2025-06-10 12:00:00,98.4901808146596
2025-06-10 13:00:00,105.242096093694
2025-06-10 14:00:00,103.189573243452
2025-06-10 15:00:00,100.203072541169
2025-06-10 16:00:00,107.32917368151
2025-06-10 17:00:00,104.052822430087
2025-06-10 18:00:00,107.996429414791
2025-06-10 19:00:00,106.932326363685
2025-06-10 20:00:00,103.276865836314
2025-06-10 21:00:00,99.1460828039001
2025-06-10 22:00:00,106.401603711871
2025-06-10 23:00:00,109.2862722901
2025-06-11 00:00:00,104.07281722408
2025-06-11 01:00:00,100.578806238253
2025-06-11 02:00:00,100.764774499035
2025-06-11 03:00:00,99.6547185086363
2025-06-11 04:00:00,107.84192589534
2025-06-11 05:00:00,93.9158573476278
2025-06-11 09:00:00,95.3038521418422
2025-06-11 10:00:00,102.89296665758
2025-06-11 11:00:00,108.506797746122
2025-06-11 12:00:00,102.990292144276
2025-06-11 13:00:00,100.971183029187
2025-06-11 14:00:00,94.3022920679263
2025-06-11 15:00:00,100.772785140222
2025-06-11 16:00:00,96.9865822310845
2025-06-11 17:00:00,111.592631355154
2025-06-11 18:00:00,102.314528310235
2025-06-11 19:00:00,95.1047783968425
2025-06-11 20:00:00,101.939051092848
2025-06-11 21:00:00,113.661848695758
2025-06-11 22:00:00,116.250153820626
2025-06-11 23:00:00,106.776469648223
2025-06-12 00:00:00,102.89402435681
2025-06-12 01:00:00,97.1031038275497
2025-06-12 02:00:00,103.362092195542
2025-06-12 03:00:00,102.015968882421
2025-06-12 05:00:00,100.502903817004
2025-06-12 06:00:00,102.922228203046
2025-06-12 07:00:00,102.531184367776
2025-06-12 09:00:00,110.166814925032
2025-06-12 10:00:00,104.879571170098
2025-06-12 11:00:00,103.90455510632
2025-06-12 12:00:00,103.817916589162
2025-06-13 01:00:00,98.1784418686429
2025-06-13 03:00:00,106.186362428448
2025-06-13 04:00:00,101.545069282233
2025-06-13 06:00:00,102.300408485176
2025-06-13 09:00:00,101.694514990507
2025-06-13 10:00:00,101.519207311218
2025-06-13 13:00:00,103.367951566872
2025-06-13 14:00:00,101.34155577482
2025-06-13 15:00:00,100.338818552872
2025-06-13 17:00:00,102.406388760488
2025-06-13 18:00:00,98.8533069540987
2025-06-13 19:00:00,105.657793351143
2025-06-13 20:00:00,100.038809068254
2025-06-13 21:00:00,103.311311663746
2025-06-13 22:00:00,95.6746264951997
2025-06-13 23:00:00,102.774956679854
2025-06-14 00:00:00,98.9650781076585
2025-06-14 01:00:00,100.018781283197
2025-06-14 02:00:00,99.512996591253
2025-06-14 03:00:00,97.2746000630474
2025-06-14 04:00:00,105.568545450547
2025-06-14 05:00:00,107.974738285978
2025-06-14 07:00:00,97.9853521222886
2025-06-14 09:00:00,107.028476066482
2025-06-14 10:00:00,95.0743921897207
2025-06-14 11:00:00,108.398230950257
2025-06-14 12:00:00,99.1143468074703
2025-06-14 13:00:00,104.779080477653
2025-06-14 14:00:00,100.640900178209
2025-06-14 15:00:00,100.547979423598
2025-06-14 16:00:00,106.754117333318
2025-06-14 17:00:00,98.0406268221169
2025-06-14 18:00:00,108.819652652408
2025-06-14 19:00:00,92.1152078910237
2025-06-14 20:00:00,99.2957648199482
2025-06-14 21:00:00,103.320369319106
2025-06-14 22:00:00,100.310177319996
2025-06-14 23:00:00,104.920085664738
2025-06-15 00:00:00,101.397156930723
2025-06-15 01:00:00,107.986915191171
2025-06-15 02:00:00,88.4108116372588
2025-06-15 03:00:00,103.587179386045
2025-06-15 04:00:00,99.0588238915892
2025-06-15 05:00:00,97.8287925950474
2025-06-15 06:00:00,102.158319628152
2025-06-15 07:00:00,101.865304069967
2025-06-15 08:00:00,98.4218591575104
2025-06-15 10:00:00,95.994498339771
2025-06-15 11:00:00,102.709323856213
2025-06-15 12:00:00,103.342124403065
2025-06-15 13:00:00,98.0524271728641
2025-06-15 14:00:00,106.259615482771
2025-06-15 15:00:00,101.320168269234
2025-06-15 16:00:00,107.601056665442
2025-06-15 17:00:00,99.9505765781723
2025-06-15 18:00:00,106.292269791827
2025-06-15 19:00:00,102.677266963927
2025-06-15 20:00:00,104.809090475238
2025-06-15 21:00:00,104.708222470697
2025-06-15 22:00:00,102.32485555176
2025-06-15 23:00:00,103.89607897919
2025-06-16 00:00:00,106.100506824404
2025-06-16 01:00:00,95.8702793275716
2025-06-16 02:00:00,106.209398798571
2025-06-16 03:00:00,105.792448452723
2025-06-16 04:00:00,106.381524143052
2025-06-16 05:00:00,95.3487503203265
2025-06-16 06:00:00,103.795788830167
2025-06-16 07:00:00,104.196733373717
2025-06-16 09:00:00,101.204305452645
2025-06-16 10:00:00,95.0974016427753
2025-06-16 11:00:00,98.9682995586902
2025-06-16 12:00:00,104.612920301209
2025-06-16 13:00:00,103.228427236398
2025-06-16 14:00:00,100.151538279812
2025-06-16 15:00:00,100.291284617855
2025-06-16 19:00:00,105.385599700967
2025-06-16 20:00:00,102.505466317058
2025-06-16 21:00:00,102.448555460563
2025-06-16 22:00:00,104.445744382317
2025-06-16 23:00:00,105.32076214087
2025-06-17 00:00:00,99.2953927758761
2025-06-17 01:00:00,96.0511406876211
2025-06-17 02:00:00,95.2401136103971
2025-06-17 03:00:00,100.903572630078
2025-06-17 04:00:00,97.8808568639735
2025-06-17 12:00:00,102.902893067979
2025-06-17 13:00:00,96.8313427774021
2025-06-17 14:00:00,104.613885280014
2025-06-17 15:00:00,95.5068084701685
2025-06-17 16:00:00,96.5663748681005
2025-06-18 05:00:00,105.024915781845
2025-06-18 06:00:00,107.749420395806
2025-06-18 10:00:00,100.14204405284
2025-06-18 11:00:00,97.9933191728054
2025-06-18 12:00:00,103.454153803898
2025-06-18 13:00:00,108.85048698053
2025-06-18 14:00:00,101.212699889053
2025-06-18 15:00:00,97.9617415780463
2025-06-18 16:00:00,97.5138063088627
2025-06-18 17:00:00,98.0165430520659
2025-06-18 18:00:00,99.6710648261187
2025-06-18 19:00:00,102.849929729292
2025-06-18 20:00:00,96.1359176353534
2025-06-18 21:00:00,99.6766594369107
2025-06-18 22:00:00,102.57314825219
2025-06-18 23:00:00,99.900419211661
2025-06-19 00:00:00,106.902836108875
2025-06-19 01:00:00,98.7041123082533
2025-06-19 02:00:00,102.442173074558
2025-06-19 03:00:00,96.4725164401223
2025-06-19 04:00:00,100.118919459233
2025-06-19 05:00:00,102.087358048087
2025-06-19 06:00:00,103.004813977521
2025-06-19 07:00:00,105.462376761264
2025-06-19 08:00:00,102.700264398394
2025-06-19 09:00:00,103.132913412129
2025-06-19 10:00:00,98.9045172148928
2025-06-19 11:00:00,107.204816437541
2025-06-19 12:00:00,94.326569489292
2025-06-19 13:00:00,102.524425411875
2025-06-19 14:00:00,99.3321432456756
2025-06-19 15:00:00,96.7241139087598
2025-06-19 16:00:00,96.6779511014502
2025-06-19 17:00:00,104.782033359224
2025-06-19 18:00:00,101.838647153997
2025-06-19 19:00:00,100.199887828069
2025-06-19 20:00:00,106.297420632402
2025-06-19 21:00:00,97.931309193329
2025-06-19 22:00:00,102.457472063961
2025-06-19 23:00:00,98.8885257086535
2025-06-20 00:00:00,105.020597370523
2025-06-20 01:00:00,106.157470247762
2025-06-20 02:00:00,102.870699967187
2025-06-20 03:00:00,
2025-06-20 04:00:00,
2025-06-20 05:00:00,
2025-06-20 06:00:00,
2025-06-20 08:00:00,99.0141351604892
2025-06-20 10:00:00,111.324699395979
2025-06-20 11:00:00,95.5233643537625
2025-06-20 12:00:00,100.011203601122
2025-06-20 13:00:00,92.3524321426807
2025-06-20 14:00:00,92.7004732863184
2025-06-20 15:00:00,97.9338807266573
2025-06-20 16:00:00,98.1046488932894
2025-06-20 17:00:00,109.64491574145
2025-06-20 18:00:00,104.51893638075
2025-06-20 19:00:00,98.3732845318826
2025-06-20 20:00:00,105.917096994953
2025-06-20 21:00:00,98.8736036535551
2025-06-20 22:00:00,106.415037619477
2025-06-20 23:00:00,102.738567852716
2025-06-21 00:00:00,106.970855530026
2025-06-21 01:00:00,103.501966852331
2025-06-21 02:00:00,109.513212347863
2025-06-21 17:00:00,114.455028821616
2025-06-21 18:00:00,96.9843742220685
2025-06-21 19:00:00,98.9943366658286
2025-06-21 20:00:00,98.1476549082052
2025-06-21 21:00:00,100.076566119787
2025-06-21 22:00:00,97.2264521052135
2025-06-21 23:00:00,105.465080469606
2025-06-22 00:00:00,94.4208643186639
2025-06-22 01:00:00,93.385523335588
2025-06-22 02:00:00,71.6695956823024
2025-06-22 03:00:00,103.663265076507
2025-06-22 04:00:00,96.2769503369355
2025-06-22 12:00:00,99.1056979044539
2025-06-22 13:00:00,97.9948607948815
2025-06-22 14:00:00,104.762811930455
2025-06-22 15:00:00,100.406072317181
2025-06-22 16:00:00,92.6949835160654
2025-06-22 17:00:00,94.3410816491484
2025-06-22 18:00:00,98.5651663642106
2025-06-22 19:00:00,94.2271313779581
2025-06-22 20:00:00,106.691033423169
2025-06-22 21:00:00,102.075396294817
2025-06-22 22:00:00,100.229818485751
2025-06-22 23:00:00,94.0599937890779
2025-06-23 00:00:00,99.4999355302877
2025-06-23 01:00:00,99.9815186966945
2025-06-23 02:00:00,94.1763213109326
2025-06-23 03:00:00,97.4847165523551
2025-06-23 04:00:00,98.1553221741732
2025-06-23 05:00:00,105.669490749121
2025-06-23 06:00:00,99.5630856908053
2025-06-23 07:00:00,74.9488224142435
2025-06-23 10:00:00,100.144766926463
2025-06-23 11:00:00,103.845399560861
2025-06-23 12:00:00,96.0564056438843
2025-06-23 13:00:00,103.212627942485
2025-06-23 14:00:00,95.512859524132
2025-06-23 15:00:00,99.2859768778052
2025-06-23 16:00:00,105.474671503403
2025-06-23 17:00:00,105.814589274411
2025-06-23 18:00:00,98.2943022780265
2025-06-23 19:00:00,101.383155802553
2025-06-23 20:00:00,104.797628132338
2025-06-23 21:00:00,100.725320287743
2025-06-23 22:00:00,103.822092465582
2025-06-23 23:00:00,102.430947724318
2025-06-24 00:00:00,104.819723374532
2025-06-24 01:00:00,103.029911907317
2025-06-24 02:00:00,100.135929533819
2025-06-24 03:00:00,103.510286881777
2025-06-24 04:00:00,94.2257513559112
2025-06-24 06:00:00,97.7668104237711
2025-06-24 07:00:00,99.5007555359511
2025-06-24 11:00:00,99.4098523275543
2025-06-24 12:00:00,105.24172852759
2025-06-24 14:00:00,100.743708173039
2025-06-24 15:00:00,105.211458142559
2025-06-24 16:00:00,97.1350035799767
2025-06-24 17:00:00,98.5212822802245
2025-06-24 19:00:00,103.506038105465
2025-06-24 20:00:00,98.6125791697938
2025-06-24 21:00:00,102.075581920978
2025-06-24 22:00:00,104.144369377993
2025-06-24 23:00:00,97.0703857994499
2025-06-25 00:00:00,94.8432518318741
2025-06-25 01:00:00,100.238934546921
2025-06-25 02:00:00,95.0209606900697
2025-06-25 03:00:00,102.699497491192
2025-06-25 04:00:00,107.994202019707
2025-06-25 10:00:00,105.663738550771
2025-06-25 11:00:00,97.4087330119384
2025-06-25 12:00:00,98.5356778617385
2025-06-25 13:00:00,101.899396698298
2025-06-25 14:00:00,99.6498896088633
2025-06-25 15:00:00,106.575006106176
2025-06-25 16:00:00,99.3678796150185
2025-06-25 17:00:00,104.2953330855
2025-06-25 18:00:00,105.649849089475
2025-06-25 19:00:00,104.303936233378
2025-06-25 20:00:00,98.0340606743807
2025-06-25 21:00:00,99.4325689454224
2025-06-25 22:00:00,105.426705880708
2025-06-25 23:00:00,98.21016914941
2025-06-26 00:00:00,100.437695836308
2025-06-26 01:00:00,100.472913455425
2025-06-26 02:00:00,99.8626750879452
2025-06-26 03:00:00,99.1709877094765
2025-06-26 04:00:00,108.654815795396
2025-06-26 05:00:00,98.5208269166154
2025-06-26 06:00:00,101.477565271107
2025-06-26 10:00:00,98.6650276776867
2025-06-26 12:00:00,98.8976386596004
2025-06-26 13:00:00,102.309235030454
2025-06-26 14:00:00,100.515843319659
2025-06-26 15:00:00,100.83388396561
2025-06-26 16:00:00,106.958910846494
2025-06-26 17:00:00,96.1106265863765
2025-06-26 18:00:00,103.709708278372
2025-06-26 19:00:00,97.4544105485917
2025-06-26 20:00:00,99.6744860727013
2025-06-26 21:00:00,96.5866737500301
2025-06-26 22:00:00,95.7387849909567
2025-06-26 23:00:00,103.45667740012
2025-06-27 00:00:00,96.26024614513
2025-06-27 01:00:00,101.392114038773
2025-06-27 02:00:00,103.422636250942
2025-06-27 03:00:00,98.0633792180879
2025-06-27 04:00:00,97.8041225289222
2025-06-27 05:00:00,100.753933451898
2025-06-27 10:00:00,96.4307760276128
2025-06-27 12:00:00,104.880537510342
2025-06-27 13:00:00,99.7030535035375
2025-06-27 14:00:00,96.9916200108419
2025-06-27 15:00:00,95.8795332084081
2025-06-27 16:00:00,107.533903055141
2025-06-27 17:00:00,93.4237148458422
2025-06-27 18:00:00,102.787191405721
2025-06-27 19:00:00,99.2210797105441
2025-06-27 20:00:00,93.805418685281
2025-06-27 21:00:00,100.193114723199
2025-06-27 22:00:00,103.706349516218
2025-06-27 23:00:00,98.750663257237
2025-06-28 00:00:00,105.511124594442
2025-06-28 01:00:00,96.2440620046946
2025-06-28 02:00:00,96.1133560746595
2025-06-28 03:00:00,98.0947387822741
2025-06-28 04:00:00,96.8675286053068
2025-06-28 05:00:00,98.2497404968425
2025-06-28 07:00:00,94.5342621421901
2025-06-28 08:00:00,100.443793919358
2025-06-28 11:00:00,107.850617812617
2025-06-28 12:00:00,98.8349381107011
2025-06-28 13:00:00,96.7492173930843
2025-06-28 14:00:00,101.440570771987
2025-06-28 15:00:00,101.539872233935
2025-06-28 16:00:00,101.620585311587
2025-06-28 17:00:00,101.725705359746
2025-06-28 18:00:00,100.283688200612
2025-06-28 20:00:00,101.289868600992
2025-06-28 21:00:00,98.5376003131368
2025-06-28 22:00:00,99.6363197620734
2025-06-28 23:00:00,102.146289778198
2025-06-29 00:00:00,101.642778288825
2025-06-29 01:00:00,104.23427595785
2025-06-29 02:00:00,100.959136495698
2025-06-29 03:00:00,103.279115365521
2025-06-29 04:00:00,96.8561114525134
2025-06-29 07:00:00,110.046209679866
2025-06-29 10:00:00,98.4157295712106
2025-06-29 11:00:00,97.2352142377296
2025-06-29 12:00:00,100.056225582731
2025-06-29 13:00:00,98.182241487214
2025-06-29 14:00:00,99.1679198819173
2025-06-29 15:00:00,102.546179189152
2025-06-29 16:00:00,100.613965194727
2025-06-29 17:00:00,99.9244643532138
2025-06-29 18:00:00,99.7313695532242
2025-06-29 19:00:00,101.067174628599
2025-06-29 20:00:00,100.987092840835
2025-06-29 21:00:00,99.7855551113796
2025-06-29 22:00:00,99.9419699469225
2025-06-29 23:00:00,98.7479114398162
2025-06-30 00:00:00,102.133782936444
2025-06-30 01:00:00,95.5082262741443
2025-06-30 02:00:00,96.1672537300264
2025-06-30 03:00:00,102.317966672158
2025-06-30 04:00:00,102.24044875022
2025-06-30 05:00:00,101.514460876374
2025-06-30 06:00:00,99.4534349878019
2025-06-30 07:00:00,102.848216051531
2025-06-30 10:00:00,97.6573033803852
2025-06-30 11:00:00,101.445201105478
2025-06-30 12:00:00,100.676310371717
2025-06-30 13:00:00,104.960817066846
2025-06-30 14:00:00,89.1936102487961
2025-06-30 15:00:00,109.942527509652
2025-06-30 16:00:00,103.456812450952
2025-06-30 17:00:00,95.5962730032175
2025-06-30 18:00:00,101.075428146814
2025-06-30 19:00:00,103.771368930626
2025-06-30 20:00:00,75.6916191092475
2025-06-30 21:00:00,79.5771152929159
2025-06-30 22:00:00,108.995392747183
2025-06-30 23:00:00,104.483707138764
2025-07-01 00:00:00,97.6942770863991
2025-07-01 01:00:00,105.764468049012
2025-07-01 02:00:00,96.0922614662767
2025-07-01 03:00:00,104.405548852238
2025-07-01 04:00:00,103.603607715185
2025-07-01 05:00:00,105.713046034507
2025-07-01 06:00:00,92.9767528884487
2025-07-01 07:00:00,101.135748585261
2025-07-01 12:00:00,97.87960050325
2025-07-01 13:00:00,102.161466416307
2025-07-01 14:00:00,96.3898031891231
2025-07-02 05:00:00,100.211585953492
2025-07-02 06:00:00,99.1030899426712
2025-07-02 10:00:00,102.488772712818
2025-07-02 11:00:00,101.065055298035
2025-07-02 12:00:00,98.6489998231218
2025-07-02 13:00:00,99.1417682852036
2025-07-02 14:00:00,100.436489245864
2025-07-02 15:00:00,98.6509252331846
2025-07-02 16:00:00,97.6068592876376
2025-07-02 17:00:00,98.9436200284737
2025-07-02 18:00:00,101.858669872929
2025-07-02 19:00:00,99.6547586637672
2025-07-02 20:00:00,102.830681808105
2025-07-02 21:00:00,104.261886990942
2025-07-02 22:00:00,97.6693128551473
2025-07-02 23:00:00,99.8480930783716
2025-07-03 00:00:00,95.9714900476289
2025-07-03 01:00:00,96.2321045491967
2025-07-03 02:00:00,100.75549834221
2025-07-03 03:00:00,103.451516865849
2025-07-03 04:00:00,98.907921150368
2025-07-03 05:00:00,97.6401408768901
2025-07-03 07:00:00,100.649511702333
2025-07-03 09:00:00,101.098359329258
2025-07-03 10:00:00,99.3636447704886
2025-07-03 11:00:00,105.654552885145
2025-07-03 12:00:00,100.013341926168
2025-07-03 13:00:00,98.986337784896
2025-07-03 14:00:00,100.582945315361
2025-07-03 15:00:00,101.138370284075
2025-07-03 16:00:00,105.18843540801
2025-07-03 17:00:00,100.085580281343
2025-07-03 18:00:00,101.406134417298
2025-07-03 19:00:00,93.7787568676471
2025-07-03 20:00:00,98.6909330957308
2025-07-03 21:00:00,96.3824430856151
2025-07-03 22:00:00,99.1147901146564
2025-07-03 23:00:00,100.707693233793
2025-07-04 00:00:00,101.622196928762
2025-07-04 01:00:00,
2025-07-04 02:00:00,99.9893235033178
2025-07-04 03:00:00,100.429932708861
2025-07-04 04:00:00,99.817240031635
2025-07-04 05:00:00,97.2699038960223
2025-07-04 06:00:00,99.6134008796833
2025-07-04 09:00:00,103.741188586609
2025-07-04 10:00:00,103.965894300395
2025-07-04 11:00:00,107.608300134485
2025-07-04 12:00:00,97.3857174829942
2025-07-04 13:00:00,85.7419479470757
2025-07-04 14:00:00,98.6996971601391
2025-07-04 15:00:00,100.396139794799
2025-07-04 16:00:00,96.8046117144488
2025-07-04 17:00:00,100.429432801109
2025-07-04 18:00:00,98.5745145170839
2025-07-04 19:00:00,103.724205520461
2025-07-04 20:00:00,97.7438706140208
2025-07-04 21:00:00,101.044898577836
2025-07-04 22:00:00,97.6236211202845
2025-07-04 23:00:00,102.659266882393
2025-07-05 00:00:00,101.378933974572
2025-07-05 01:00:00,96.2191673476368
2025-07-05 02:00:00,98.6150601680155
2025-07-05 03:00:00,99.0101875108904
2025-07-05 04:00:00,104.362566082156
2025-07-05 05:00:00,104.712388389684
2025-07-05 06:00:00,99.9229044299337
2025-07-05 07:00:00,100.920916726443
2025-07-05 08:00:00,97.1159147042284
2025-07-05 09:00:00,95.3186589415354
2025-07-05 10:00:00,99.7111985756638
2025-07-05 11:00:00,99.6942258882541
2025-07-05 12:00:00,98.9238198247223
2025-07-05 13:00:00,101.813430894164
2025-07-05 14:00:00,96.5366101822757
2025-07-05 15:00:00,101.327573590097
2025-07-05 17:00:00,106.982715892746
2025-07-05 21:00:00,98.6182332180547
2025-07-05 22:00:00,100.758651345696
2025-07-05 23:00:00,101.384581418664
2025-07-06 00:00:00,
2025-07-06 01:00:00,
2025-07-06 02:00:00,
2025-07-06 03:00:00,
2025-07-06 04:00:00,
2025-07-06 05:00:00,
2025-07-06 06:00:00,
2025-07-06 07:00:00,
2025-07-06 09:00:00,
2025-07-06 10:00:00,
2025-07-06 11:00:00,
2025-07-06 12:00:00,
2025-07-06 13:00:00,
2025-07-06 14:00:00,
2025-07-06 15:00:00,
2025-07-06 16:00:00,
2025-07-06 17:00:00,
2025-07-06 18:00:00,
2025-07-06 19:00:00,
2025-07-06 20:00:00,
2025-07-06 21:00:00,
2025-07-06 22:00:00,
2025-07-06 23:00:00,
2025-07-07 00:00:00,104.196780015591
2025-07-07 01:00:00,105.688837607249
2025-07-07 02:00:00,103.605279337322
2025-07-07 03:00:00,105.410641406944
2025-07-07 04:00:00,103.568341092725
2025-07-07 05:00:00,104.561708233399
2025-07-07 07:00:00,103.092646917304
2025-07-07 08:00:00,105.421951293264
2025-07-07 09:00:00,105.202788013408
2025-07-07 10:00:00,106.413723188459
2025-07-07 11:00:00,103.759573605904
2025-07-07 12:00:00,104.286253161467
2025-07-07 13:00:00,103.851685212242
2025-07-07 14:00:00,100.5155339057
2025-07-07 15:00:00,105.595014936513
2025-07-07 16:00:00,102.706127179894
2025-07-07 17:00:00,103.37197234584
2025-07-07 18:00:00,104.391270917508
2025-07-07 19:00:00,105.771477764744
2025-07-07 20:00:00,107.109716883596
2025-07-07 21:00:00,106.309621535745
2025-07-07 22:00:00,106.589769976545
2025-07-07 23:00:00,105.12707467335
2025-07-08 00:00:00,103.45042904213
2025-07-08 01:00:00,105.575955977026
2025-07-08 02:00:00,103.383356857006
2025-07-08 03:00:00,105.328146644181
2025-07-08 04:00:00,103.95188384868
2025-07-08 05:00:00,104.057218096881
2025-07-08 06:00:00,106.774883616375
2025-07-08 12:00:00,104.444890708288
2025-07-08 13:00:00,102.73384507685
2025-07-08 14:00:00,105.567007053474
2025-07-08 15:00:00,103.956295204217
2025-07-08 16:00:00,104.900795867797
2025-07-08 17:00:00,104.165481518097
2025-07-09 10:00:00,104.74297293558
2025-07-09 11:00:00,104.23298131041
2025-07-09 12:00:00,
2025-07-09 13:00:00,
2025-07-09 14:00:00,105.162793557117
2025-07-09 15:00:00,105.817892145624
2025-07-09 16:00:00,105.104467101347
2025-07-09 17:00:00,104.57971006482
2025-07-09 18:00:00,103.677424889832
2025-07-09 19:00:00,106.797326956522
2025-07-09 20:00:00,105.916660289018
2025-07-09 21:00:00,103.708313749588
2025-07-09 22:00:00,104.701794140857
2025-07-09 23:00:00,107.98300985787
2025-07-10 00:00:00,105.018126960667
2025-07-10 01:00:00,102.124665114203
2025-07-10 02:00:00,101.75867774585
2025-07-10 03:00:00,106.959382459538
2025-07-10 04:00:00,106.931151721946
2025-07-10 05:00:00,99.0607846273857
2025-07-10 06:00:00,101.746373849831
2025-07-10 07:00:00,102.375971453633
2025-07-10 08:00:00,105.249155946186
2025-07-10 09:00:00,106.435755595251
2025-07-10 10:00:00,108.38161083382
2025-07-10 11:00:00,101.834030896963
2025-07-10 12:00:00,104.644391907295
2025-07-10 13:00:00,100.413930486842
2025-07-10 14:00:00,106.846559982256
2025-07-10 15:00:00,102.984342341988
2025-07-10 16:00:00,104.823985095051
2025-07-10 17:00:00,99.5090827106832
2025-07-10 18:00:00,98.3555586533666
2025-07-10 19:00:00,106.425016112949
2025-07-10 20:00:00,98.3778719820453
2025-07-10 21:00:00,109.241078801214
2025-07-10 22:00:00,101.353942629403
2025-07-10 23:00:00,103.167864222136
2025-07-11 00:00:00,105.12602529815
2025-07-11 01:00:00,99.9174692554898
2025-07-11 02:00:00,108.999264756896
2025-07-11 03:00:00,99.3353390377169
2025-07-11 04:00:00,108.694375506455
2025-07-11 05:00:00,104.429335357906
2025-07-11 06:00:00,106.931352520261
2025-07-11 07:00:00,100.207549126435
2025-07-11 11:00:00,102.629800719621
2025-07-11 12:00:00,101.740276962355
2025-07-11 13:00:00,103.094699180792
2025-07-11 14:00:00,105.413553608372
2025-07-11 15:00:00,108.940271448483
2025-07-11 16:00:00,104.218113429585
2025-07-11 17:00:00,107.097202056407
2025-07-11 18:00:00,108.78942805525
2025-07-11 19:00:00,109.931163976186
2025-07-11 20:00:00,101.90490039298
2025-07-11 21:00:00,109.641179887271
2025-07-11 22:00:00,104.010138895588
2025-07-11 23:00:00,108.100749261682
2025-07-12 00:00:00,105.221017039104
2025-07-12 01:00:00,104.465570520924
2025-07-12 02:00:00,109.547744351577
2025-07-12 03:00:00,102.687433004389
2025-07-12 04:00:00,104.469282812271
2025-07-12 05:00:00,105.451226481586
2025-07-12 06:00:00,107.043495154418
2025-07-12 08:00:00,109.536755988889
2025-07-12 11:00:00,108.045541286132
2025-07-12 12:00:00,108.72142713314
2025-07-12 13:00:00,107.483850136531
2025-07-12 14:00:00,102.900390585933
2025-07-12 15:00:00,104.847998510412
2025-07-12 16:00:00,104.216516795455
2025-07-12 17:00:00,103.564258749929
2025-07-12 18:00:00,106.903065238693
2025-07-12 19:00:00,103.381460384207
2025-07-12 20:00:00,108.66582974523
2025-07-13 09:00:00,99.5268000705334
2025-07-13 11:00:00,104.422889507918
2025-07-13 12:00:00,101.942703320489
2025-07-13 13:00:00,105.560773889646
2025-07-13 14:00:00,105.647132028163
2025-07-13 15:00:00,103.007857940982
2025-07-13 16:00:00,103.396034853854
2025-07-13 17:00:00,105.493308067712
2025-07-13 18:00:00,102.627028995459
2025-07-13 19:00:00,106.600377326271
2025-07-13 20:00:00,103.469201205143
2025-07-14 11:00:00,103.207727734578
2025-07-14 14:00:00,101.412058432631
2025-07-14 15:00:00,107.63361996762
2025-07-14 16:00:00,101.645334733822
2025-07-14 17:00:00,100.62633527866
2025-07-14 18:00:00,100.999882311641
2025-07-14 19:00:00,102.751927823163
2025-07-14 20:00:00,106.187265933852
2025-07-14 21:00:00,106.929545558078
2025-07-14 22:00:00,102.63129000206
2025-07-14 23:00:00,104.820346738374
2025-07-15 00:00:00,107.690714920379
2025-07-15 01:00:00,104.286888900974
2025-07-15 02:00:00,105.087745395187
2025-07-15 03:00:00,99.1849740577394
2025-07-15 04:00:00,102.517911522542
2025-07-15 05:00:00,106.959165432639
2025-07-15 10:00:00,101.982052257367
2025-07-15 11:00:00,104.542305399174
2025-07-15 12:00:00,103.280727389185
2025-07-15 13:00:00,100.393999151845
2025-07-15 14:00:00,107.299936452424
2025-07-15 15:00:00,103.054004490632
2025-07-15 16:00:00,102.360982621316
2025-07-15 17:00:00,102.28537451658
2025-07-15 18:00:00,103.409442814166
2025-07-15 19:00:00,102.672486776518
2025-07-15 20:00:00,102.157881704646
2025-07-15 21:00:00,106.410811713206
2025-07-15 22:00:00,106.345494948262
2025-07-15 23:00:00,109.276897287936
2025-07-16 00:00:00,103.968045974353
2025-07-16 01:00:00,103.564962131452
2025-07-16 02:00:00,98.9353673776185
2025-07-16 03:00:00,104.649052583418
2025-07-16 04:00:00,102.99965009022
2025-07-16 05:00:00,102.912859732945
2025-07-16 06:00:00,104.641490496235
2025-07-16 09:00:00,104.153566779435
2025-07-16 10:00:00,104.378455828258
2025-07-16 11:00:00,110.36278650056
2025-07-16 12:00:00,104.402419762516
2025-07-16 13:00:00,100.796384295182
2025-07-16 14:00:00,108.09394288151
2025-07-16 15:00:00,101.474999078704
2025-07-16 16:00:00,104.629537568004
2025-07-16 17:00:00,105.314667263536
2025-07-16 18:00:00,103.787320635936
2025-07-16 19:00:00,107.260375097358
2025-07-16 20:00:00,102.45377484896
2025-07-16 21:00:00,106.027761499601
2025-07-16 22:00:00,109.885319191608
2025-07-16 23:00:00,102.867773019182
2025-07-17 00:00:00,103.811377053233
2025-07-17 01:00:00,103.418005707864
2025-07-17 02:00:00,105.367961278296
2025-07-17 03:00:00,104.106939053603
2025-07-17 04:00:00,104.298800385612
2025-07-17 05:00:00,103.613545748372
2025-07-17 06:00:00,103.199529107438
2025-07-17 07:00:00,106.802187545997
2025-07-17 10:00:00,
2025-07-17 11:00:00,
2025-07-17 12:00:00,
2025-07-17 13:00:00,
2025-07-17 14:00:00,
2025-07-17 15:00:00,102.998279570751
2025-07-17 16:00:00,102.885555140576
2025-07-17 17:00:00,108.218101912662
2025-07-17 18:00:00,103.145449573666
2025-07-17 19:00:00,103.358151315876
2025-07-17 20:00:00,104.602231791666
2025-07-17 21:00:00,106.792399791664
2025-07-17 22:00:00,107.973369059794
2025-07-17 23:00:00,102.950926952388
2025-07-18 00:00:00,107.486757365136
2025-07-18 01:00:00,96.8316042151849
2025-07-18 02:00:00,101.163607681772
2025-07-18 03:00:00,104.361011692461
2025-07-18 04:00:00,104.101058992821
2025-07-18 05:00:00,104.192902751089
2025-07-18 07:00:00,101.147986927196
2025-07-18 10:00:00,102.856979554384
2025-07-18 11:00:00,102.852911343628
2025-07-18 12:00:00,105.958874921841
2025-07-18 13:00:00,99.5557204694768
2025-07-18 14:00:00,104.580433056549
2025-07-18 15:00:00,88.2116954290446
2025-07-18 16:00:00,104.194177232083
2025-07-18 17:00:00,105.565764893516
2025-07-18 18:00:00,107.710171731087
2025-07-18 19:00:00,107.538764321468
2025-07-18 20:00:00,104.800960471499
2025-07-18 21:00:00,106.029712549822
2025-07-18 22:00:00,102.130961408781
2025-07-18 23:00:00,103.897851186537
2025-07-19 00:00:00,107.514334846948
2025-07-19 01:00:00,105.012060919003
2025-07-19 02:00:00,103.118893176145
2025-07-19 03:00:00,106.522720108829
2025-07-19 04:00:00,101.25751745193
2025-07-19 17:00:00,103.482082092313
2025-07-19 18:00:00,104.431746617656
2025-07-19 19:00:00,104.682068781992
2025-07-19 20:00:00,102.538221970683
2025-07-19 21:00:00,
2025-07-19 22:00:00,
2025-07-19 23:00:00,105.5661315316
2025-07-20 00:00:00,102.749678365627
2025-07-20 01:00:00,103.736645437617
2025-07-20 03:00:00,99.4636779295799
2025-07-20 05:00:00,99.4543634994374
2025-07-20 06:00:00,102.049749821855
2025-07-20 07:00:00,106.760563161705
2025-07-20 08:00:00,104.942137555187
2025-07-20 09:00:00,101.619540302473
2025-07-20 10:00:00,100.725907908838
2025-07-20 11:00:00,100.813591572681
2025-07-20 12:00:00,106.419091348042
2025-07-20 13:00:00,103.483434583698
2025-07-20 14:00:00,101.228490934435
2025-07-20 15:00:00,100.453285913863
2025-07-20 16:00:00,100.725749164066
2025-07-20 17:00:00,99.7550502865716
2025-07-20 18:00:00,103.624042680776
2025-07-20 19:00:00,101.450126625693
2025-07-20 20:00:00,106.617413946546
2025-07-20 21:00:00,103.915241560603
2025-07-20 22:00:00,100.761295209471
2025-07-20 23:00:00,103.843806293351
2025-07-21 00:00:00,99.4921482849017
2025-07-21 01:00:00,107.711243993688
2025-07-21 02:00:00,102.877926798156
2025-07-21 03:00:00,102.878083471758
2025-07-21 04:00:00,102.329326116361
2025-07-21 05:00:00,108.000591834678
2025-07-21 06:00:00,100.793867988914
2025-07-21 07:00:00,106.714483678874
2025-07-21 08:00:00,101.340627053075
2025-07-21 11:00:00,102.852161224181
2025-07-21 12:00:00,101.897967384787
2025-07-21 13:00:00,107.944527809273
2025-07-21 14:00:00,102.130044170463
2025-07-21 15:00:00,98.551944843594
2025-07-21 16:00:00,102.627216902619
2025-07-21 17:00:00,103.746271446544
2025-07-21 18:00:00,104.069204264063
2025-07-21 19:00:00,101.693699334747
2025-07-21 20:00:00,103.443348286719
2025-07-21 21:00:00,106.003027936478
2025-07-21 22:00:00,100.068983514469
2025-07-21 23:00:00,102.712020100922
2025-07-22 00:00:00,102.09708368938
2025-07-22 01:00:00,101.61209114322
2025-07-22 02:00:00,105.972922905252
2025-07-22 03:00:00,103.939514450883
2025-07-22 04:00:00,89.0589439228236
2025-07-22 05:00:00,110.867594991465
2025-07-22 06:00:00,105.472805949717
2025-07-22 07:00:00,103.321991005737
2025-07-22 08:00:00,100.63441174643
2025-07-22 09:00:00,105.149975209841
2025-07-22 11:00:00,108.078067969741
2025-07-22 13:00:00,102.07954344902
2025-07-22 14:00:00,103.570853070984
2025-07-22 15:00:00,102.266452199699
2025-07-22 16:00:00,104.51354604821
2025-07-22 17:00:00,103.349590699095
2025-07-22 18:00:00,99.9852092184196
2025-07-22 19:00:00,99.5235650986891
2025-07-22 20:00:00,102.461198440751
2025-07-22 21:00:00,99.4347004118312
2025-07-22 22:00:00,103.587817779506
2025-07-22 23:00:00,102.582781969025
2025-07-23 00:00:00,102.539353966219
2025-07-23 01:00:00,99.2513384735056
2025-07-23 02:00:00,104.099988789187
2025-07-23 03:00:00,103.714235052125
2025-07-23 04:00:00,104.096736570351
2025-07-23 05:00:00,98.9848748813751
2025-07-23 07:00:00,120.328239523678
2025-07-23 20:00:00,99.6829331557853
2025-07-23 21:00:00,78.3750877625418
2025-07-23 23:00:00,101.614248112898
2025-07-24 00:00:00,109.099903810973
2025-07-24 01:00:00,98.6820562666968
2025-07-24 02:00:00,102.068037157525
2025-07-24 03:00:00,101.522653167795
2025-07-24 04:00:00,105.664396711461
2025-07-24 05:00:00,100.1326272544
2025-07-24 07:00:00,96.9772400444539
2025-07-24 09:00:00,105.233459325346
2025-07-24 11:00:00,105.239657596397
2025-07-24 12:00:00,104.774064603652
2025-07-24 13:00:00,104.253349202645
2025-07-24 14:00:00,96.3276983130579
2025-07-24 15:00:00,103.717823822133
2025-07-24 16:00:00,101.321848206161
2025-07-24 17:00:00,104.856873374791
2025-07-24 18:00:00,99.4375690933088
2025-07-24 19:00:00,99.4638599430563
2025-07-24 20:00:00,106.255245737093
2025-07-24 21:00:00,101.357881009559
2025-07-24 22:00:00,106.671524845119
2025-07-24 23:00:00,102.80804932921
2025-07-25 00:00:00,104.886138192428
2025-07-25 01:00:00,107.327453545053
2025-07-25 02:00:00,101.872822494517
2025-07-25 03:00:00,100.747135998011
2025-07-25 04:00:00,103.442320165513
2025-07-25 05:00:00,105.291492460352
2025-07-25 06:00:00,100.239018815243
2025-07-25 07:00:00,
2025-07-25 08:00:00,
2025-07-25 09:00:00,106.365900463644
2025-07-25 10:00:00,99.2925994379562
2025-07-25 11:00:00,104.856707300806
2025-07-25 12:00:00,101.945534676814
2025-07-25 13:00:00,108.1021065239
2025-07-25 14:00:00,100.490659436309
2025-07-25 15:00:00,103.575888664193
2025-07-25 16:00:00,
2025-07-25 17:00:00,
2025-07-25 18:00:00,
2025-07-25 19:00:00,103.813427261074
2025-07-25 20:00:00,105.171915884632
2025-07-25 21:00:00,100.922399004674
2025-07-25 22:00:00,108.646808891102
2025-07-25 23:00:00,98.2494355755922
2025-07-26 00:00:00,109.741562840781
2025-07-26 01:00:00,104.436736940162
2025-07-26 02:00:00,101.129638704993
2025-07-26 03:00:00,103.556102278359
2025-07-26 04:00:00,103.063814082173
2025-07-26 05:00:00,105.819568271033
2025-07-26 06:00:00,100.145702286459
2025-07-26 07:00:00,102.526451886083
2025-07-26 08:00:00,99.8385793996589
2025-07-26 09:00:00,105.797603026429
2025-07-26 10:00:00,107.50768397988
2025-07-26 11:00:00,98.8686189452723
2025-07-26 12:00:00,106.977679301179
2025-07-26 13:00:00,102.192717214649
2025-07-26 14:00:00,100.862698991157
2025-07-26 15:00:00,101.721363084682
2025-07-26 16:00:00,100.235291000806
2025-07-26 17:00:00,103.434443631756
2025-07-26 18:00:00,99.2196543646426
2025-07-26 19:00:00,102.093002903307
2025-07-26 20:00:00,103.847780470772
2025-07-26 21:00:00,101.886950045533
2025-07-26 22:00:00,98.7271911653041
2025-07-26 23:00:00,101.433728103602
2025-07-27 00:00:00,99.3876709623541
2025-07-27 01:00:00,103.480518525929
2025-07-27 02:00:00,102.356848096426
2025-07-27 03:00:00,103.670131190469
2025-07-27 04:00:00,102.521969473875
2025-07-27 05:00:00,103.808331912092
2025-07-27 06:00:00,98.5576151393046
2025-07-27 07:00:00,103.872661551003
2025-07-27 08:00:00,101.727635416393
2025-07-27 09:00:00,104.539042778036
2025-07-27 10:00:00,98.4649386290846
2025-07-27 11:00:00,99.8836164789774
2025-07-27 12:00:00,105.171126533415
2025-07-27 13:00:00,97.633268678379
2025-07-27 14:00:00,
2025-07-27 15:00:00,97.2506927498141
2025-07-27 16:00:00,106.436882534789
2025-07-27 17:00:00,104.981865373719
2025-07-27 18:00:00,97.1288071540695
2025-07-27 19:00:00,99.2495665470634
2025-07-27 20:00:00,101.908507663037
2025-07-27 21:00:00,104.619184359115
2025-07-28 10:00:00,102.036049767735
2025-07-28 11:00:00,98.0167934039019
2025-07-28 12:00:00,102.244988744854
2025-07-28 13:00:00,99.2287868867877
2025-07-28 14:00:00,99.6002450283318
2025-07-28 15:00:00,99.3544851654627
2025-07-28 16:00:00,102.104443237274
2025-07-28 17:00:00,95.1497140246586
2025-07-28 18:00:00,99.0747401093297
2025-07-28 19:00:00,100.882080479855
2025-07-28 20:00:00,92.2058782308942
2025-07-28 21:00:00,100.941587096662
2025-07-28 22:00:00,98.9938817626214
2025-07-28 23:00:00,99.3303210501527
2025-07-29 00:00:00,98.0906999936211
2025-07-29 01:00:00,103.921968749046
2025-07-29 02:00:00,102.512476762563
2025-07-29 03:00:00,102.10027012228
2025-07-29 04:00:00,96.1192248610858
2025-07-29 05:00:00,102.521076434894
2025-07-29 06:00:00,98.8538769165171
2025-07-29 07:00:00,100.600994058094
2025-07-29 08:00:00,96.7201819093648
2025-07-29 09:00:00,105.473581466151
2025-07-29 10:00:00,105.259562278703
2025-07-29 11:00:00,101.035091252399
2025-07-29 12:00:00,102.559615714661
2025-07-29 13:00:00,99.1015924837115
2025-07-29 14:00:00,101.234649612273
2025-07-29 15:00:00,96.2803125830539
2025-07-29 16:00:00,99.4615483470644
2025-07-29 17:00:00,103.752020668132
2025-07-29 18:00:00,104.563795476742
2025-07-29 19:00:00,101.940150529384
2025-07-29 20:00:00,95.8623656578482
2025-07-29 21:00:00,98.2765367405732
2025-07-29 22:00:00,102.440154221193
2025-07-29 23:00:00,101.164234372411
2025-07-30 00:00:00,99.6628402762697
2025-07-30 01:00:00,100.968256821204
2025-07-30 02:00:00,97.1523452247875
2025-07-30 03:00:00,99.299746415725
2025-07-30 04:00:00,101.371206707301
2025-07-30 05:00:00,98.3557752399319
2025-07-30 06:00:00,95.699088244231
2025-07-30 07:00:00,101.255370026066
2025-07-30 08:00:00,96.1952699939761
2025-07-30 09:00:00,101.433710486718
2025-07-30 11:00:00,95.0564930257306
2025-07-30 12:00:00,99.9273947741404
2025-07-30 13:00:00,100.448430648798
2025-07-30 14:00:00,102.90134304197
2025-07-30 15:00:00,107.407020028441
2025-07-30 16:00:00,103.161967081374
2025-07-30 17:00:00,105.338085036009
2025-07-30 18:00:00,100.028138591427
2025-07-30 19:00:00,104.397922292559
2025-07-30 20:00:00,101.876609707182
2025-07-30 21:00:00,100.781844240861
2025-07-30 22:00:00,102.777612293487
2025-07-30 23:00:00,103.870538202668
2025-07-31 00:00:00,98.1416784355062
2025-07-31 01:00:00,97.8514675284458
2025-07-31 02:00:00,103.780521336902
2025-07-31 03:00:00,97.113155180787
2025-07-31 04:00:00,108.366969701635
2025-07-31 05:00:00,100.138226202352
2025-07-31 06:00:00,101.69532294725
2025-07-31 07:00:00,105.95098112888
2025-07-31 08:00:00,99.9959433842039
2025-07-31 09:00:00,97.8756401729657
2025-07-31 10:00:00,105.579699033134
2025-07-31 11:00:00,99.1378554202393
2025-07-31 12:00:00,99.008536407415
2025-07-31 13:00:00,102.398871718501
2025-07-31 14:00:00,105.487057660434
2025-07-31 15:00:00,99.6360021572905
2025-07-31 16:00:00,101.656468464874
2025-07-31 17:00:00,102.154057797533
2025-07-31 18:00:00,97.5046878808418
2025-08-01 18:00:00,81.193151583999
2025-08-01 19:00:00,99.6793719164441
2025-08-01 20:00:00,102.138069148672
2025-08-01 21:00:00,101.741851705072
2025-08-01 22:00:00,98.344176524193
2025-08-01 23:00:00,101.19175127975
2025-08-02 00:00:00,99.5817015677105
2025-08-02 01:00:00,101.667003027655
2025-08-02 02:00:00,100.560346732951
2025-08-02 03:00:00,101.561186667119
2025-08-02 04:00:00,101.598589009701
2025-08-02 05:00:00,99.9357406335755
2025-08-02 10:00:00,100.580970380263
2025-08-02 11:00:00,98.5621124997333
2025-08-02 12:00:00,101.018596262194
2025-08-02 13:00:00,101.753076223956
2025-08-02 14:00:00,100.570078115263
2025-08-02 15:00:00,99.7390557986917
2025-08-02 16:00:00,101.56852866391
2025-08-02 17:00:00,101.45326819672
2025-08-02 18:00:00,98.8739643995198
2025-08-02 19:00:00,99.2002237378064
2025-08-02 20:00:00,102.109556752743
2025-08-02 21:00:00,100.741202900763
2025-08-02 22:00:00,100.669271728292
2025-08-02 23:00:00,101.319443571759
2025-08-03 00:00:00,99.2778216507361
2025-08-03 01:00:00,103.422876207664
2025-08-03 02:00:00,102.113715007194
2025-08-03 03:00:00,100.596823070755
2025-08-03 04:00:00,99.1261616231843
2025-08-03 05:00:00,100.402088799829
2025-08-03 06:00:00,103.065000186485
2025-08-03 07:00:00,101.447929595727
2025-08-03 20:00:00,100.623556621327
2025-08-03 22:00:00,99.4682748764305
2025-08-03 23:00:00,103.136141598749
2025-08-04 00:00:00,99.4609169569172
2025-08-04 01:00:00,98.1786616601021
2025-08-04 02:00:00,100.925898780707
2025-08-04 03:00:00,101.920528149234
2025-08-04 04:00:00,100.168130936988
2025-08-04 05:00:00,97.9109581879528
2025-08-04 20:00:00,100.79506483968
2025-08-04 22:00:00,101.712354852075
2025-08-04 23:00:00,102.139793901915
2025-08-05 00:00:00,99.5662271095271
2025-08-05 01:00:00,96.8841980208681
2025-08-05 02:00:00,99.4806327041401
2025-08-05 03:00:00,101.199170705621
2025-08-05 04:00:00,97.9419700351027
2025-08-05 05:00:00,99.018268139711
2025-08-05 06:00:00,97.8737157375367
2025-08-05 07:00:00,100.255550793049
2025-08-05 08:00:00,101.21007004391
2025-08-05 09:00:00,100.073812329243
2025-08-05 10:00:00,97.5087343640191
2025-08-05 12:00:00,99.8780295886906
2025-08-05 13:00:00,98.5209932268667
2025-08-05 14:00:00,99.0008910358383
2025-08-05 15:00:00,101.902865185997
2025-08-05 16:00:00,98.3199808389445
2025-08-05 17:00:00,102.090492601157
2025-08-05 18:00:00,101.717902608661
2025-08-05 19:00:00,100.173864621273
2025-08-05 20:00:00,99.9551553592851
2025-08-05 21:00:00,100.773156450695
2025-08-05 22:00:00,102.104959680379
2025-08-05 23:00:00,99.1935771525144
2025-08-06 00:00:00,102.435147681844
2025-08-06 01:00:00,100.349696783439
2025-08-06 02:00:00,101.458825434571
2025-08-06 04:00:00,100.513059539886
2025-08-06 05:00:00,99.4804136381135
2025-08-06 06:00:00,100.93830895523
2025-08-06 07:00:00,100.595415290068
2025-08-06 09:00:00,105.165886000827
2025-08-06 11:00:00,99.53376363095
2025-08-06 12:00:00,100.595611416255
2025-08-06 13:00:00,99.9593553221779
2025-08-06 14:00:00,100.030804838307
2025-08-06 15:00:00,101.701112185105
2025-08-06 16:00:00,100.47571277894
2025-08-06 17:00:00,97.362483047787
2025-08-06 18:00:00,98.7779349218128
2025-08-06 19:00:00,100.127214645918
2025-08-06 20:00:00,102.696355702852
2025-08-06 21:00:00,98.954877066109
2025-08-06 22:00:00,98.8346833603375
2025-08-06 23:00:00,100.195948559194
2025-08-07 00:00:00,102.152029213736
2025-08-07 01:00:00,99.0999901171264
2025-08-07 02:00:00,99.2795227990375
2025-08-07 03:00:00,98.9996530980053
2025-08-07 04:00:00,99.7354502607197
2025-08-07 05:00:00,99.4973689386879
2025-08-07 06:00:00,100.71266803681
2025-08-07 09:00:00,99.5383434124743
2025-08-07 10:00:00,97.9671991092479
2025-08-07 11:00:00,100.894346833297
2025-08-07 12:00:00,100.333135811088
2025-08-08 01:00:00,100.329579682229
2025-08-08 03:00:00,99.1663713809965
2025-08-08 04:00:00,99.9390237761215
2025-08-08 05:00:00,96.4581248206378
2025-08-08 07:00:00,100.315607152249
2025-08-08 09:00:00,100.595511681797
2025-08-08 13:00:00,96.890594088295
2025-08-08 14:00:00,98.5128389868922
2025-08-08 15:00:00,99.8364259572045
2025-08-08 16:00:00,100.040502793062
2025-08-08 17:00:00,101.085449941775
2025-08-08 18:00:00,101.068870919731
2025-08-08 19:00:00,99.2774954930474
2025-08-08 20:00:00,97.6576029901855
2025-08-08 21:00:00,99.0941304853376
2025-08-08 22:00:00,99.013723208747
2025-08-08 23:00:00,100.965852403236
2025-08-09 00:00:00,100.051323029365
2025-08-09 01:00:00,97.5183404972873
2025-08-09 02:00:00,99.1995192869308
2025-08-09 03:00:00,101.679285030553
2025-08-09 04:00:00,100.110153406647
2025-08-09 05:00:00,100.607625080143
2025-08-09 06:00:00,99.8854094828059
2025-08-09 07:00:00,99.4643604271792
2025-08-09 08:00:00,99.776181002868
2025-08-09 09:00:00,101.248077610072
2025-08-09 10:00:00,101.507987055383
2025-08-09 12:00:00,97.8674486090397
2025-08-09 13:00:00,100.0547216602
2025-08-09 14:00:00,100.717868995712
2025-08-09 15:00:00,98.4759658169468
2025-08-09 16:00:00,98.8751548302392
2025-08-09 17:00:00,100.770206586086
2025-08-09 18:00:00,98.9256802857729
2025-08-09 19:00:00,98.255202802158
2025-08-09 20:00:00,100.125739679429
2025-08-09 21:00:00,100.692137499603
2025-08-09 22:00:00,102.486468569229
2025-08-09 23:00:00,98.0759888587067
2025-08-10 00:00:00,102.197482557495
2025-08-10 01:00:00,97.9665417442368
2025-08-10 02:00:00,99.6136295464127
2025-08-10 03:00:00,98.5528013013541
2025-08-10 04:00:00,99.4966283118585
2025-08-10 05:00:00,99.6185265455583
2025-08-10 06:00:00,100.783262539744
2025-08-10 07:00:00,99.8735440244373
2025-08-10 08:00:00,98.3651036870892
2025-08-10 09:00:00,98.7057446393474
2025-08-10 10:00:00,97.7289434267544
2025-08-10 11:00:00,99.8609492035002
2025-08-10 12:00:00,100.528629950624
2025-08-10 13:00:00,99.063562705403
2025-08-10 14:00:00,101.432879201298
2025-08-10 15:00:00,98.9898729633118
2025-08-10 16:00:00,98.4343098162683
2025-08-10 17:00:00,98.054706018358
2025-08-10 18:00:00,98.6563587455691
2025-08-10 19:00:00,99.4507700228282
2025-08-10 20:00:00,101.640114589666
2025-08-10 21:00:00,100.587028647706
2025-08-10 22:00:00,101.510472004259
2025-08-10 23:00:00,98.3612993621222
2025-08-11 00:00:00,100.693530153062
2025-08-11 01:00:00,98.088619997064
2025-08-11 02:00:00,97.1708779476501
2025-08-11 03:00:00,99.6332087292288
2025-08-11 04:00:00,99.5004470144169
2025-08-11 05:00:00,97.5877517701805
2025-08-11 06:00:00,101.348084288727
2025-08-11 07:00:00,95.8974793179482
2025-08-11 08:00:00,98.3973987712734
2025-08-11 09:00:00,99.257970913072
2025-08-11 10:00:00,98.6429451666588
2025-08-11 11:00:00,100.949711053277
2025-08-11 12:00:00,97.95580763931
2025-08-11 13:00:00,100.467959638388
2025-08-11 14:00:00,99.5580844998807
2025-08-11 15:00:00,99.4662111498661
2025-08-12 04:00:00,100.660950521383
2025-08-12 06:00:00,99.8045287415997
2025-08-12 07:00:00,99.629018534072
2025-08-12 10:00:00,101.230043631787
2025-08-12 11:00:00,98.58177242311
2025-08-12 12:00:00,99.3659377651618
2025-08-12 13:00:00,98.804788056785
2025-08-12 14:00:00,98.9036256468084
2025-08-12 15:00:00,99.1812853587617
2025-08-12 16:00:00,98.7251250809342
2025-08-12 17:00:00,99.8257411679917
2025-08-12 18:00:00,96.1893556732282
2025-08-12 19:00:00,98.8352641785811
2025-08-12 20:00:00,98.2947714111649
2025-08-12 21:00:00,98.7030699677107
2025-08-12 22:00:00,98.2652850660244
2025-08-12 23:00:00,99.8420896220859
2025-08-13 00:00:00,98.772283033564
2025-08-13 01:00:00,97.8540783815356
2025-08-13 02:00:00,98.1538483275585
2025-08-13 03:00:00,
2025-08-13 04:00:00,
2025-08-13 05:00:00,
2025-08-13 06:00:00,125.14762162347
2025-08-13 07:00:00,99.002335101393
2025-08-13 08:00:00,99.1433484855876
2025-08-13 09:00:00,97.236882721835
2025-08-13 10:00:00,98.3259996248234
2025-08-13 11:00:00,102.084741954973
2025-08-13 12:00:00,97.229159404539
2025-08-13 13:00:00,97.1274489999715
2025-08-13 14:00:00,100.1249534443
2025-08-13 15:00:00,101.216777985118
2025-08-13 16:00:00,98.8412629137595
2025-08-13 17:00:00,100.522985304493
2025-08-13 18:00:00,97.7598942258487
2025-08-13 19:00:00,97.0479229101128
2025-08-13 20:00:00,100.554553603741
2025-08-13 21:00:00,99.5139516470965
2025-08-13 22:00:00,98.1019060482092
2025-08-13 23:00:00,101.626325041135
2025-08-14 00:00:00,96.6104192346222
2025-08-14 01:00:00,101.148174515619
2025-08-14 02:00:00,97.0520504129346
2025-08-14 03:00:00,99.5320580364416
2025-08-14 04:00:00,99.5281683660988
2025-08-14 05:00:00,99.529881084344
2025-08-14 06:00:00,97.9032154910077
2025-08-14 09:00:00,101.668763104574
2025-08-14 12:00:00,97.6489843833539
2025-08-14 13:00:00,98.1369576114841
2025-08-14 15:00:00,101.16013595457
2025-08-15 04:00:00,97.6731943211557
2025-08-15 05:00:00,101.071335858592
2025-08-15 07:00:00,98.0101252380595
2025-08-15 11:00:00,99.7633287264389
2025-08-15 12:00:00,95.3255218984852
2025-08-15 13:00:00,101.104043153317
2025-08-15 14:00:00,97.6581767872465
2025-08-15 15:00:00,96.4412235252782
2025-08-15 16:00:00,99.0693454610643
2025-08-15 17:00:00,98.8786420055944
2025-08-15 18:00:00,95.4759934107622
2025-08-15 19:00:00,99.5881110705943
2025-08-15 20:00:00,97.8945293429128
2025-08-15 21:00:00,98.432462009271
2025-08-15 22:00:00,97.2369604901542
2025-08-15 23:00:00,97.2813009610448
2025-08-16 00:00:00,97.7972381008983
2025-08-16 01:00:00,96.4772475175302
2025-08-16 02:00:00,99.7068392809386
2025-08-16 03:00:00,98.8732826878639
2025-08-16 04:00:00,93.9947889972551
2025-08-16 05:00:00,100.049211260657
2025-08-16 06:00:00,98.4213804395034
2025-08-16 07:00:00,97.6188151299261
2025-08-16 08:00:00,96.0521126465373
2025-08-16 09:00:00,100.353874412848
2025-08-16 10:00:00,96.7725653187492
2025-08-16 11:00:00,96.1959515089535
2025-08-16 12:00:00,98.7280051032527
2025-08-16 13:00:00,97.983041439739
2025-08-16 14:00:00,97.31079669575
2025-08-16 15:00:00,96.399733177593
2025-08-16 16:00:00,97.8072946555858
2025-08-16 17:00:00,96.2528042667186
2025-08-16 18:00:00,96.697624919895
2025-08-16 19:00:00,97.5337690362463
2025-08-16 20:00:00,99.6277014157609
2025-08-16 21:00:00,95.4234696996059
2025-08-16 22:00:00,98.8509594976834
2025-08-16 23:00:00,97.2334961380632
2025-08-17 00:00:00,100.876852049825
2025-08-17 01:00:00,97.2658650382
2025-08-17 02:00:00,100.880472954026
2025-08-17 03:00:00,96.0812093466107
2025-08-17 04:00:00,98.567739695323
2025-08-17 05:00:00,96.9020308803145
2025-08-17 06:00:00,99.0128179033693
2025-08-17 09:00:00,98.0051629813877
2025-08-17 10:00:00,99.8097585475375
2025-08-17 11:00:00,94.9268210632074
2025-08-17 12:00:00,98.530629571183
2025-08-17 13:00:00,97.9773585585413
2025-08-17 14:00:00,99.6991145977724
2025-08-17 15:00:00,98.178641998268
2025-08-17 16:00:00,96.9092231293095
2025-08-17 17:00:00,98.7497875504558
2025-08-17 18:00:00,104.583798926167
2025-08-17 19:00:00,97.4585368258881
2025-08-17 20:00:00,98.6093444625165
2025-08-17 21:00:00,97.096675127076
2025-08-17 22:00:00,97.5491289616324
2025-08-17 23:00:00,96.5647046859505
2025-08-18 00:00:00,76.5042568590225
2025-08-18 01:00:00,114.628923122796
2025-08-18 02:00:00,97.0499156501368
2025-08-18 03:00:00,97.6938894027239
2025-08-18 04:00:00,97.8175479451354
2025-08-18 05:00:00,98.0120024998586
2025-08-18 06:00:00,99.0314257226549
2025-08-18 07:00:00,95.2667480279866
2025-08-18 09:00:00,95.0057000456059
2025-08-18 11:00:00,96.1652153930249
2025-08-18 12:00:00,95.843824791293
2025-08-18 13:00:00,99.0443005466045
2025-08-18 14:00:00,97.3870231038546
2025-08-18 15:00:00,99.6198291802468
2025-08-18 17:00:00,99.256136298164
2025-08-19 07:00:00,99.2344573338631
2025-08-19 09:00:00,99.162732480318
2025-08-19 10:00:00,97.1219513900301
2025-08-19 11:00:00,99.3982840937175
2025-08-19 12:00:00,97.5287797613236
2025-08-19 13:00:00,97.8746242745188
2025-08-19 14:00:00,96.4730651514703
2025-08-19 15:00:00,97.7379174629001
2025-08-19 16:00:00,93.8335031653505
2025-08-19 17:00:00,97.0940025458971
2025-08-19 18:00:00,95.3540331912107
2025-08-19 19:00:00,95.0249472194308
2025-08-19 20:00:00,96.2621112403883
2025-08-19 21:00:00,96.4718446472622
2025-08-19 22:00:00,99.2573767292619
2025-08-19 23:00:00,98.9394042125841
2025-08-20 00:00:00,99.2715464952969
2025-08-20 01:00:00,99.4784066914668
2025-08-20 02:00:00,96.1239961393694
2025-08-20 03:00:00,96.2462749691688
2025-08-20 04:00:00,95.3769560685332
2025-08-20 05:00:00,98.5584035965595
2025-08-20 06:00:00,97.58996129698
2025-08-20 07:00:00,99.1216951167704
2025-08-20 08:00:00,96.7825074505553
2025-08-20 09:00:00,97.4296864084241
2025-08-20 10:00:00,95.384308889345
2025-08-20 11:00:00,97.4440833345006
2025-08-20 13:00:00,99.4316234483092
2025-08-20 14:00:00,96.1773887822088
2025-08-20 15:00:00,98.3168748114648
2025-08-20 17:00:00,97.210431576677
2025-08-20 18:00:00,97.9393334216798
2025-08-20 19:00:00,96.7425614001049
2025-08-20 20:00:00,95.277501510449
2025-08-20 21:00:00,97.1583498856217
2025-08-20 22:00:00,97.540967023724
2025-08-20 23:00:00,95.8973682174074
2025-08-21 00:00:00,97.7926105895338
2025-08-21 01:00:00,96.1444215111082
2025-08-21 02:00:00,94.8783636630056
2025-08-21 03:00:00,97.4844332357507
2025-08-21 04:00:00,
2025-08-21 05:00:00,95.1454287183968
2025-08-21 06:00:00,96.6435871568743
2025-08-21 07:00:00,97.9485751689486
2025-08-21 08:00:00,98.6692753015086
2025-08-21 09:00:00,73.9029083716607
2025-08-21 10:00:00,95.9576397979083
2025-08-21 11:00:00,98.1016996507696
2025-08-21 12:00:00,94.765677304966
2025-08-21 13:00:00,97.7937498814111
2025-08-21 14:00:00,98.6671360846385
2025-08-21 15:00:00,98.2812869936318
2025-08-21 16:00:00,104.708488328135
2025-08-21 17:00:00,97.9025626380486
2025-08-21 18:00:00,97.591946245626
2025-08-21 19:00:00,96.7768942193706
2025-08-21 20:00:00,96.5521182384019
2025-08-21 21:00:00,98.4734506955808
2025-08-21 22:00:00,97.496917305393
2025-08-21 23:00:00,95.6311743268118
2025-08-22 00:00:00,98.6970204446449
2025-08-22 01:00:00,97.5013970530274
2025-08-22 02:00:00,98.1360491203054
2025-08-22 03:00:00,99.1044597088549
2025-08-22 04:00:00,97.6805445326801
2025-08-22 05:00:00,97.3625735322326
2025-08-22 06:00:00,95.6782629420441
2025-08-22 07:00:00,97.0165156311096
2025-08-22 08:00:00,71.0531792684804
2025-08-22 09:00:00,96.1222758852591
2025-08-22 10:00:00,98.4155128462893
2025-08-22 11:00:00,96.4757793661018
2025-08-22 12:00:00,96.9694676065815
2025-08-22 13:00:00,98.4576404364845
2025-08-22 14:00:00,95.224017374682
2025-08-22 15:00:00,97.517783419535
2025-08-22 16:00:00,97.1792175637444
2025-08-22 17:00:00,96.344173741695
2025-08-22 18:00:00,96.9466210332937
2025-08-22 19:00:00,95.1915228831173
2025-08-23 11:00:00,95.3244647821118
2025-08-23 16:00:00,99.2567549231957
2025-08-23 17:00:00,96.6210934369662
2025-08-23 18:00:00,97.2354737512475
2025-08-23 19:00:00,94.2220360612412
2025-08-23 20:00:00,94.0804133645176
2025-08-23 21:00:00,99.4887357726581
2025-08-23 22:00:00,93.9570666025641
2025-08-23 23:00:00,94.342915046884
2025-08-24 00:00:00,96.3172250036696
2025-08-24 01:00:00,93.2621231017861
2025-08-24 02:00:00,93.4404668847072
2025-08-24 03:00:00,95.3180720425684
2025-08-24 09:00:00,97.0531728146763
2025-08-24 10:00:00,96.2064168634017
2025-08-24 11:00:00,96.3010764024327
2025-08-24 12:00:00,95.4997669041613
2025-08-24 13:00:00,95.3407125175801
2025-08-24 14:00:00,93.4788228459047
2025-08-24 15:00:00,93.1401413675907
2025-08-24 16:00:00,94.3447968309553
2025-08-24 17:00:00,96.7267819768433
2025-08-24 18:00:00,93.8373857012031
2025-08-24 19:00:00,93.6978724377424
2025-08-24 20:00:00,96.2848689557016
2025-08-24 21:00:00,96.2710147878527
2025-08-24 22:00:00,99.4130985143306
2025-08-24 23:00:00,98.7354902559519
2025-08-25 00:00:00,96.824608328135
2025-08-25 01:00:00,96.8813231484493
2025-08-25 02:00:00,99.0148626400481
2025-08-25 03:00:00,72.6108094897761
2025-08-25 04:00:00,96.1582411737238
2025-08-25 05:00:00,94.9259436936421
2025-08-25 06:00:00,98.0849199551167
2025-08-25 10:00:00,96.875067751411
2025-08-25 11:00:00,95.988023806147
2025-08-25 12:00:00,100.008746541687
2025-08-25 13:00:00,95.913485713867
2025-08-25 14:00:00,94.223014101457
2025-08-25 15:00:00,96.0271226300441
2025-08-25 16:00:00,96.5632194654964
2025-08-25 17:00:00,94.8846771202733
2025-08-25 18:00:00,94.5175613441611
2025-08-25 20:00:00,94.5435603526621
2025-08-25 21:00:00,95.0020695014319
2025-08-25 22:00:00,96.8188479235092
2025-08-25 23:00:00,95.9362021526763
2025-08-26 00:00:00,94.6305659989454
2025-08-26 01:00:00,96.0966683181982
2025-08-26 02:00:00,96.3513713307168
2025-08-26 03:00:00,95.8408263340379
2025-08-26 04:00:00,96.902076964663
2025-08-26 05:00:00,98.4799452928452
2025-08-26 06:00:00,97.0061357983739
2025-08-26 10:00:00,98.2508197767594
2025-08-26 11:00:00,97.04652048726
2025-08-26 12:00:00,94.3569777056125
2025-08-26 13:00:00,98.3084195503292
2025-08-26 14:00:00,98.0855580895343
2025-08-26 15:00:00,95.4958852252562
2025-08-26 16:00:00,95.3669227692238
2025-08-26 17:00:00,95.8306426122301
2025-08-26 18:00:00,95.1479158719021
2025-08-26 19:00:00,95.5841169001163
2025-08-26 20:00:00,98.2656595402143
2025-08-26 21:00:00,97.535788688126
2025-08-26 22:00:00,96.7951251759771
2025-08-26 23:00:00,96.4457641666168
2025-08-27 00:00:00,96.0308087338396
2025-08-27 01:00:00,95.5794776118074
2025-08-27 02:00:00,95.4556481434783
2025-08-27 03:00:00,96.7849820996185
2025-08-27 04:00:00,97.1911498483046
2025-08-27 05:00:00,95.2304434839818
2025-08-27 06:00:00,96.8760975636119
2025-08-27 07:00:00,97.3438196291994
2025-08-27 08:00:00,95.0061649840866
2025-08-27 09:00:00,95.2008125020679
2025-08-27 10:00:00,94.8245392446878
2025-08-27 11:00:00,97.0961805925487
2025-08-27 12:00:00,93.2417774617096
2025-08-27 13:00:00,97.524371877407
2025-08-27 14:00:00,96.1903639641692
2025-08-27 15:00:00,91.0888864046731
2025-08-27 16:00:00,91.4805320782467
2025-08-27 17:00:00,94.6269865144341
2025-08-27 18:00:00,95.9329501737317
2025-08-27 19:00:00,99.5643811244255
2025-08-27 20:00:00,96.7664795870505
2025-08-27 21:00:00,96.5724863209524
2025-08-27 22:00:00,98.1476241755741
2025-08-27 23:00:00,94.5550325221423
2025-08-28 00:00:00,98.0442394052965
2025-08-28 01:00:00,94.5810134146575
2025-08-28 02:00:00,96.3130242004254
2025-08-28 03:00:00,95.9099678080222
2025-08-28 04:00:00,98.670206389891
2025-08-28 05:00:00,96.4391532393244
2025-08-28 06:00:00,94.7002753903299
2025-08-28 07:00:00,98.291067470778
2025-08-28 09:00:00,96.2380034729731
2025-08-28 10:00:00,96.5369877651833
2025-08-28 11:00:00,96.5921509734768
2025-08-28 12:00:00,96.9574810118714
2025-08-28 13:00:00,94.4973764770532
2025-08-28 14:00:00,96.6240653647028
2025-08-28 15:00:00,97.1906748505321
2025-08-28 16:00:00,97.3949242366752
2025-08-28 17:00:00,94.4026612161637
2025-08-28 18:00:00,95.4982069798484
2025-08-28 19:00:00,96.1756194895219
2025-08-28 20:00:00,98.3576862838826
2025-08-28 21:00:00,96.3016693946414
2025-08-28 22:00:00,98.3907172715956
2025-08-28 23:00:00,97.2062047884852
2025-08-29 00:00:00,96.1666176593879
2025-08-29 01:00:00,95.8305903108619
2025-08-29 02:00:00,95.1793316356131
2025-08-29 03:00:00,93.9249070665982
2025-08-29 04:00:00,97.4037477261814
2025-08-29 05:00:00,96.631136385169
2025-08-29 06:00:00,97.7155351080216
2025-08-29 07:00:00,97.0321638161647
2025-08-29 22:00:00,94.4471906560298
2025-08-29 23:00:00,93.5017069965515
2025-08-30 00:00:00,93.9132898389957
2025-08-30 01:00:00,94.5330706584321
2025-08-30 02:00:00,96.0200258925109
2025-08-30 03:00:00,96.45287219946
2025-08-30 05:00:00,96.9892413407842
2025-08-30 06:00:00,94.843823865492
2025-08-30 11:00:00,96.0234433057423
2025-08-30 13:00:00,95.009570546941
2025-08-30 14:00:00,93.4726239287037
2025-08-30 15:00:00,95.4513278501869
2025-08-30 16:00:00,99.6047971575529
2025-08-30 17:00:00,97.0513696956392
2025-08-30 18:00:00,94.6307680249302
2025-08-30 19:00:00,95.2716958302822
2025-08-30 20:00:00,95.1182724383664
2025-08-30 21:00:00,93.2203736466875
2025-08-30 22:00:00,94.9141886821146
2025-08-30 23:00:00,96.2115293194736
2025-08-31 00:00:00,97.180542582523
2025-08-31 01:00:00,94.4940054591905
2025-08-31 02:00:00,95.3992204171863
2025-08-31 03:00:00,96.5267359534837
2025-08-31 06:00:00,94.4526277212336
2025-08-31 07:00:00,96.2624619686438
2025-08-31 09:00:00,96.3807626516967
2025-08-31 10:00:00,93.2284164786925
2025-08-31 11:00:00,96.6882900279671
2025-08-31 12:00:00,96.160232446872
2025-08-31 13:00:00,93.1454768436873
2025-08-31 14:00:00,94.5899088554573
2025-08-31 15:00:00,96.5217814306662
2025-08-31 16:00:00,96.2498667623779
2025-08-31 17:00:00,96.849656897256
2025-08-31 18:00:00,96.9926905221664
2025-08-31 19:00:00,94.823773201519
2025-08-31 23:00:00,95.0948550971432
2025-09-01 00:00:00,93.891434482476
2025-09-01 01:00:00,95.7409616418863
2025-09-01 02:00:00,93.8806879459357
2025-09-01 03:00:00,95.1177615497597
2025-09-01 04:00:00,94.8106013658179
2025-09-01 05:00:00,94.0678871104104
2025-09-01 06:00:00,94.9309445911138
2025-09-01 07:00:00,95.394833698716
2025-09-01 10:00:00,93.1496145961539
2025-09-01 11:00:00,96.0394106735154
2025-09-01 12:00:00,95.0688894111988
2025-09-01 13:00:00,93.4207311589607
2025-09-01 15:00:00,94.6907631755996
2025-09-01 17:00:00,95.320234751705
2025-09-01 18:00:00,93.7468905521294
2025-09-01 19:00:00,95.4352904678155
2025-09-01 20:00:00,93.3793810528519
2025-09-01 22:00:00,94.4341552648614
2025-09-01 23:00:00,96.3399426507979
2025-09-02 00:00:00,94.2513615449457
2025-09-02 01:00:00,95.1672199610217
2025-09-02 02:00:00,93.9887224431852
2025-09-02 03:00:00,94.7678106941265
2025-09-02 04:00:00,93.0410730548998
2025-09-02 05:00:00,94.8220375801781
2025-09-02 06:00:00,95.1264550292705
2025-09-02 08:00:00,93.3409278891445
2025-09-02 10:00:00,96.2366344483291
2025-09-02 11:00:00,93.0536364979005
2025-09-02 13:00:00,92.6903730112586
2025-09-02 14:00:00,94.7585009812249
2025-09-02 15:00:00,94.4400058762717
2025-09-02 16:00:00,94.9677368738913
2025-09-02 17:00:00,93.9985170072282
2025-09-02 18:00:00,92.2551719303074
2025-09-02 19:00:00,92.8924456514089
2025-09-02 20:00:00,93.0027553326811
2025-09-02 21:00:00,95.0939527828848
2025-09-02 22:00:00,94.1215852697681
2025-09-02 23:00:00,93.3577421153212
2025-09-03 00:00:00,92.3877093490742
2025-09-03 01:00:00,94.1947367274118
2025-09-03 02:00:00,94.4821724512042
2025-09-03 03:00:00,93.5224711099029
2025-09-03 04:00:00,94.4260473366016
2025-09-03 05:00:00,93.6801112246215
2025-09-03 06:00:00,92.6026944676554
2025-09-03 07:00:00,93.1461582543504
2025-09-03 09:00:00,91.9198415885032
2025-09-03 10:00:00,93.2940157771805
2025-09-03 11:00:00,94.3421779311895
2025-09-03 12:00:00,92.9857953600393
2025-09-03 13:00:00,93.4565049471809
2025-09-03 14:00:00,92.9468744265104
2025-09-03 15:00:00,93.2410700193742
2025-09-03 16:00:00,94.4282443025058
2025-09-03 17:00:00,93.3018308527379
2025-09-03 18:00:00,95.5708762583628
2025-09-03 19:00:00,92.6378959174905
2025-09-03 20:00:00,93.3530549063286
2025-09-03 21:00:00,93.4624052114262
2025-09-03 22:00:00,94.0100217327945
2025-09-03 23:00:00,92.9673595446652
2025-09-04 00:00:00,91.471224186389
2025-09-04 01:00:00,93.4410539936902
2025-09-04 02:00:00,92.2859394503406
2025-09-04 03:00:00,92.3545435690157
2025-09-04 04:00:00,92.2266312476588
2025-09-04 05:00:00,92.4747186257683
2025-09-04 06:00:00,92.076539291878
2025-09-04 07:00:00,93.6897370654777
2025-09-04 09:00:00,91.7866695019322
2025-09-04 11:00:00,91.5674918613085
2025-09-04 12:00:00,91.8524079147443
2025-09-04 13:00:00,93.2142568968611
2025-09-04 14:00:00,93.1309631566429
2025-09-04 15:00:00,93.3558794807152
2025-09-04 16:00:00,93.6138083814546
2025-09-04 17:00:00,93.3005431534476
2025-09-04 18:00:00,93.2171600133374
2025-09-04 19:00:00,93.7502336264824
2025-09-04 20:00:00,92.302447632762
2025-09-04 21:00:00,92.0847838152183
2025-09-04 22:00:00,92.5323989430587
2025-09-04 23:00:00,93.8712574205351
2025-09-05 00:00:00,92.7618188858646
2025-09-05 01:00:00,95.7172118231555
2025-09-05 02:00:00,92.3000815192216
2025-09-05 03:00:00,92.5063193806814
2025-09-05 04:00:00,91.4092113354354
2025-09-05 05:00:00,91.0653302704508
2025-09-05 10:00:00,91.922220296515
2025-09-05 11:00:00,91.7804057951257
2025-09-05 12:00:00,92.821986355629
2025-09-05 13:00:00,91.6170671311069
2025-09-05 14:00:00,93.0278410169652
2025-09-05 15:00:00,92.2571594487854
2025-09-05 16:00:00,92.0078619647068
2025-09-05 17:00:00,91.5846886399331
2025-09-05 18:00:00,91.5153971901402
2025-09-05 19:00:00,92.7043097612462
2025-09-05 20:00:00,92.4502253484142
2025-09-05 21:00:00,90.8976608638674
2025-09-05 22:00:00,92.6148442529917
2025-09-05 23:00:00,92.5829063810435
2025-09-06 00:00:00,91.2500843617232
2025-09-06 01:00:00,90.7668576908428
2025-09-06 02:00:00,92.4914652771827
2025-09-06 03:00:00,92.0471517190504
2025-09-06 04:00:00,91.3277755629707
2025-09-06 05:00:00,91.4919208020855
2025-09-06 18:00:00,92.103995392818
2025-09-06 19:00:00,92.9126552046552
2025-09-06 20:00:00,112.54018723797
2025-09-06 21:00:00,90.9780850767514
2025-09-06 22:00:00,92.1555692646061
2025-09-06 23:00:00,91.7576422515039
2025-09-07 00:00:00,90.5893223846814
2025-09-07 01:00:00,90.9259133211125
2025-09-07 02:00:00,90.5728090258097
2025-09-07 03:00:00,89.4502094814543
2025-09-07 04:00:00,90.4070085172459
2025-09-07 05:00:00,91.1246985354842
2025-09-07 06:00:00,91.4267009381715
2025-09-07 07:00:00,90.4731283637887
2025-09-07 08:00:00,91.3440088478004
2025-09-07 10:00:00,91.3044412024505
2025-09-07 11:00:00,91.6700749785674
2025-09-07 12:00:00,91.1810986068037
2025-09-07 13:00:00,91.1648268863286
2025-09-07 14:00:00,90.312255546128
2025-09-07 15:00:00,91.3525425739383
2025-09-07 16:00:00,90.5968683484889
2025-09-07 17:00:00,92.0817355005813
2025-09-07 18:00:00,91.9049145099378
2025-09-07 19:00:00,91.3254133182203
2025-09-07 20:00:00,91.8565261479671
2025-09-07 21:00:00,91.415245339758
2025-09-07 22:00:00,89.8540378691466
2025-09-07 23:00:00,91.6749576120466
2025-09-08 00:00:00,
2025-09-08 01:00:00,
2025-09-08 02:00:00,
2025-09-08 03:00:00,
2025-09-08 04:00:00,
2025-09-08 05:00:00,
2025-09-08 11:00:00,
2025-09-08 12:00:00,
2025-09-08 13:00:00,
2025-09-08 14:00:00,
2025-09-08 15:00:00,
2025-09-08 16:00:00,
2025-09-08 17:00:00,
2025-09-08 18:00:00,
2025-09-08 19:00:00,
2025-09-08 20:00:00,
2025-09-08 21:00:00,
2025-09-08 22:00:00,
2025-09-08 23:00:00,
2025-09-09 00:00:00,94.1069408705022
2025-09-09 01:00:00,93.4008036871739
2025-09-09 02:00:00,94.3815357368718
2025-09-09 03:00:00,95.0816770320722
2025-09-09 04:00:00,93.8889798574626
2025-09-09 05:00:00,94.5860032547274
2025-09-09 06:00:00,94.1897432722938
2025-09-09 07:00:00,94.3738957720624
2025-09-09 08:00:00,93.8752934973844
2025-09-09 09:00:00,93.5743106817671
2025-09-09 10:00:00,94.288008822471
2025-09-09 12:00:00,93.9003163013674
2025-09-09 13:00:00,94.1619926750717
2025-09-09 14:00:00,94.285321593045
2025-09-09 15:00:00,95.1210696810701
2025-09-09 16:00:00,93.6913169267956
2025-09-09 17:00:00,93.821210465892
2025-09-09 18:00:00,94.465497488151
2025-09-09 19:00:00,94.3827503930872
2025-09-09 20:00:00,94.3172799041273
2025-09-09 21:00:00,93.670093857695
2025-09-09 22:00:00,94.9348575641152
2025-09-09 23:00:00,93.6306717365477
2025-09-10 00:00:00,95.1382828193794
2025-09-10 01:00:00,94.7050417524394
2025-09-10 02:00:00,94.9168865395829
2025-09-10 03:00:00,93.7043186907873
2025-09-10 04:00:00,93.9928573071998
2025-09-10 05:00:00,94.3720823757408
2025-09-10 06:00:00,94.3002847682769
2025-09-10 07:00:00,93.7223829593892
2025-09-10 08:00:00,94.5762613651168
2025-09-10 09:00:00,93.2876218839164
2025-09-10 10:00:00,94.2348331297337
2025-09-10 11:00:00,94.6046410246317
2025-09-10 12:00:00,93.6997430706946
2025-09-10 13:00:00,93.8198547498258
2025-09-10 14:00:00,94.1871692383769
2025-09-10 15:00:00,93.9155046656443
2025-09-10 16:00:00,93.8476484931347
2025-09-10 17:00:00,94.8614205543975
2025-09-10 18:00:00,94.9332143916361
2025-09-10 19:00:00,94.6775819253923
2025-09-10 20:00:00,94.156748189652
2025-09-10 21:00:00,95.0780838951119
2025-09-10 22:00:00,94.4844399765319
2025-09-10 23:00:00,93.6882560063442
2025-09-11 00:00:00,94.0048830472742
2025-09-11 01:00:00,94.3851815017831
2025-09-11 02:00:00,94.4165358976919
2025-09-11 14:00:00,93.7810183273981
2025-09-11 15:00:00,93.8428879918444
2025-09-11 16:00:00,94.2073246366516
2025-09-11 17:00:00,93.4782291887852
2025-09-11 18:00:00,94.4756537935288
2025-09-11 19:00:00,93.6602147054106
2025-09-11 20:00:00,94.4431412785965
2025-09-11 21:00:00,94.3615149111979
2025-09-11 22:00:00,94.1366970501544
2025-09-11 23:00:00,
2025-09-12 00:00:00,
2025-09-12 01:00:00,
2025-09-12 02:00:00,
2025-09-12 03:00:00,91.2225169761895
2025-09-12 04:00:00,93.1130262592073
2025-09-12 05:00:00,93.3415721913453
2025-09-12 06:00:00,92.5869093571564
2025-09-12 07:00:00,92.7602854869347
2025-09-12 08:00:00,91.3861007154993
2025-09-12 10:00:00,92.9181189704371
2025-09-12 11:00:00,92.8613381405444
2025-09-12 12:00:00,93.1542458519021
2025-09-12 13:00:00,93.1599273061591
2025-09-12 14:00:00,93.4432502154401
2025-09-12 15:00:00,92.1065941861209
2025-09-12 16:00:00,94.7175521210187
2025-09-12 17:00:00,91.2816499625587
2025-09-12 18:00:00,93.0463449492951
2025-09-12 19:00:00,92.7990436388413
2025-09-12 20:00:00,94.1610985771157
2025-09-12 21:00:00,93.178949899153
2025-09-12 22:00:00,93.6244205757992
2025-09-12 23:00:00,93.4125542206235
2025-09-13 00:00:00,91.9724045800431
2025-09-13 01:00:00,93.1386043882651
2025-09-13 02:00:00,92.8098094003968
2025-09-13 03:00:00,93.0887247940637
2025-09-13 04:00:00,92.5314576990853
2025-09-13 05:00:00,92.3569062016001
2025-09-13 06:00:00,91.1684588850486
2025-09-13 07:00:00,92.5233193690224
2025-09-13 09:00:00,91.5042298923181
2025-09-13 11:00:00,91.8195986506272
2025-09-13 12:00:00,92.9934734433372
2025-09-13 13:00:00,100.979021189577
2025-09-13 14:00:00,94.1426595915226
2025-09-13 15:00:00,93.4608150517453
2025-09-13 16:00:00,92.2866362316485
2025-09-13 17:00:00,92.4213274206955
2025-09-13 18:00:00,92.3404296089194
2025-09-13 19:00:00,93.0264804044891
2025-09-13 20:00:00,94.1537849966188
2025-09-13 21:00:00,92.83740578557
2025-09-13 22:00:00,93.6877799088218
2025-09-13 23:00:00,92.0709206263906
2025-09-14 00:00:00,92.3602480908973
2025-09-14 01:00:00,92.4805732944336
2025-09-14 02:00:00,93.0022078644606
2025-09-14 03:00:00,92.9906877744574
2025-09-14 04:00:00,92.5757377909704
2025-09-14 05:00:00,92.1003638909207
2025-09-14 06:00:00,91.4781907625069
2025-09-14 07:00:00,91.3258321336573
2025-09-14 08:00:00,92.7964599394599
2025-09-14 09:00:00,92.3193291962078
2025-09-14 10:00:00,93.541786203935
2025-09-14 12:00:00,92.9401577575588
2025-09-14 13:00:00,92.0490488665654
2025-09-14 14:00:00,93.8431245215902
2025-09-14 15:00:00,91.7221118728706
2025-09-14 16:00:00,93.9515846115334
2025-09-14 17:00:00,93.0722709513172
2025-09-14 18:00:00,92.6904954535771
2025-09-14 19:00:00,92.8873093316964
2025-09-14 20:00:00,91.7569992105677
2025-09-14 21:00:00,92.3238030466922
2025-09-14 22:00:00,91.4483840695925
2025-09-14 23:00:00,93.0620967219459
2025-09-15 01:00:00,92.7327773390212
2025-09-15 02:00:00,92.0377637587535
2025-09-15 03:00:00,90.2414730368642
2025-09-15 04:00:00,93.6594178979951
2025-09-15 18:00:00,91.6270830747556
2025-09-15 19:00:00,93.0191318233
2025-09-15 20:00:00,91.392422645538
2025-09-15 21:00:00,92.5044305264848
2025-09-15 22:00:00,91.8204365730519
2025-09-15 23:00:00,92.0694282350471
2025-09-16 00:00:00,92.9385963006688
2025-09-16 01:00:00,92.0744745506092
2025-09-16 02:00:00,91.895301347156
2025-09-16 03:00:00,92.2122887721551
2025-09-16 04:00:00,91.1967298869015
2025-09-16 05:00:00,90.9859964913809
2025-09-16 06:00:00,92.3546116718927
2025-09-16 07:00:00,92.345069875877
2025-09-16 08:00:00,91.4749284512438
2025-09-16 10:00:00,92.5787757444918
2025-09-16 11:00:00,92.7994281778145
2025-09-16 12:00:00,93.064518457111
2025-09-16 13:00:00,93.444245091468
2025-09-16 14:00:00,92.0166392954305
2025-09-16 15:00:00,91.6167949048523
2025-09-16 16:00:00,92.8247571514856
2025-09-16 17:00:00,93.3996217217386
2025-09-16 18:00:00,92.3804691230388
2025-09-16 19:00:00,91.864886107203
2025-09-16 20:00:00,91.0415105761526
2025-09-16 21:00:00,91.0894797616956
2025-09-16 22:00:00,92.421802523289
2025-09-16 23:00:00,92.6092846322302
2025-09-17 00:00:00,92.967976554331
2025-09-17 01:00:00,91.3665750018402
2025-09-17 02:00:00,91.4392769958658
2025-09-17 03:00:00,92.9461762048177
2025-09-17 04:00:00,90.4597067049789
2025-09-17 05:00:00,93.3715714007871
2025-09-17 06:00:00,91.6703625423167
2025-09-17 07:00:00,89.9401370496643
2025-09-17 08:00:00,91.5427465301156
2025-09-17 10:00:00,89.6929789257077
2025-09-17 11:00:00,91.2265325535409
2025-09-17 12:00:00,91.15577156899
2025-09-17 13:00:00,90.8222784288244
2025-09-17 14:00:00,92.9695738241042
2025-09-17 15:00:00,90.3586320987691
2025-09-17 16:00:00,91.4042698288396
2025-09-17 17:00:00,92.4382579280609
2025-09-17 18:00:00,92.1227627320989
2025-09-17 19:00:00,91.9962108983555
2025-09-17 20:00:00,91.4619245186466
2025-09-17 21:00:00,93.2060097837206
2025-09-17 22:00:00,91.0877883984464
2025-09-17 23:00:00,103.14888260676
2025-09-18 00:00:00,91.0870692658075
2025-09-18 01:00:00,92.268263074056
2025-09-18 02:00:00,92.091633914353
2025-09-18 03:00:00,91.8875850995421
2025-09-18 04:00:00,91.373916247722
2025-09-18 05:00:00,91.3220031900149
2025-09-18 06:00:00,92.5980237423091
2025-09-18 07:00:00,90.1898210613951
2025-09-18 09:00:00,91.9119058983658
2025-09-18 10:00:00,91.0796786810429
2025-09-18 11:00:00,89.9272038899253
2025-09-18 12:00:00,92.8308935776551
2025-09-18 13:00:00,92.5727010808195
2025-09-18 14:00:00,92.3726629008579
2025-09-18 15:00:00,89.7230592899803
2025-09-18 16:00:00,91.8173481941418
2025-09-18 17:00:00,92.5650357131852
2025-09-18 18:00:00,89.7699960657586
2025-09-18 19:00:00,89.8745514133603
2025-09-18 20:00:00,91.7527077370312
2025-09-18 21:00:00,91.5838960722527
2025-09-18 22:00:00,90.4586364058989
2025-09-18 23:00:00,91.9141410929949
2025-09-19 00:00:00,89.9499207222301
2025-09-19 01:00:00,90.5546460039338
2025-09-19 02:00:00,90.8608776305363
2025-09-19 03:00:00,92.1666907631012
2025-09-19 04:00:00,90.1207757945797
2025-09-19 05:00:00,92.1593909111907
2025-09-19 06:00:00,90.7350070309634
2025-09-19 20:00:00,91.1451709496117
2025-09-19 21:00:00,90.6973726230788
2025-09-19 22:00:00,89.8515988377665
2025-09-19 23:00:00,90.7547728043686
2025-09-20 00:00:00,89.6649638214683
2025-09-20 01:00:00,89.6187560276269
2025-09-20 02:00:00,91.4431783171664
2025-09-20 03:00:00,89.9864910663273
2025-09-20 04:00:00,90.5287916421291
2025-09-20 05:00:00,90.6697189324192
2025-09-20 06:00:00,89.492332852712
2025-09-20 10:00:00,89.56896621876
2025-09-20 11:00:00,91.3731349918693
2025-09-20 12:00:00,90.8910472681649
2025-09-20 13:00:00,90.2072123577686
2025-09-20 14:00:00,90.99368919641
2025-09-20 15:00:00,89.2532118498307
2025-09-20 16:00:00,92.1669948353904
2025-09-20 17:00:00,90.2380243758525
2025-09-20 18:00:00,89.666237132765
2025-09-20 19:00:00,88.9414148267644
2025-09-20 20:00:00,90.1395358000572
2025-09-20 21:00:00,89.7867344689301
2025-09-20 22:00:00,90.0667405199877
2025-09-20 23:00:00,91.2029271753765
2025-09-21 00:00:00,89.5045164421517
2025-09-21 01:00:00,89.6614716633448
2025-09-21 02:00:00,88.8901669432878
2025-09-21 03:00:00,90.848158801675
2025-09-21 04:00:00,89.9492514761299
2025-09-21 05:00:00,90.8226617965464
2025-09-21 06:00:00,89.5431507078889
2025-09-21 07:00:00,91.0277917025694
2025-09-21 08:00:00,90.7855502259257
2025-09-21 09:00:00,88.967961295824
2025-09-21 10:00:00,90.3403535438763
2025-09-21 11:00:00,90.4313407093013
2025-09-21 12:00:00,89.2908878997354
2025-09-21 13:00:00,90.0739316224935
2025-09-21 14:00:00,89.3898432726223
2025-09-21 15:00:00,90.8694836948211
2025-09-21 16:00:00,90.0306505377573
2025-09-21 17:00:00,90.0567928885829
2025-09-21 18:00:00,89.7871276805238
2025-09-21 19:00:00,91.7064269797316
2025-09-21 20:00:00,89.7899860562601
2025-09-21 21:00:00,89.0263565773559
2025-09-21 22:00:00,90.3544496766671
2025-09-21 23:00:00,90.974659452384
2025-09-22 00:00:00,89.4930271444107
2025-09-22 01:00:00,89.7429245666473
2025-09-22 02:00:00,91.136071195202
2025-09-22 03:00:00,88.8004229834302
2025-09-22 04:00:00,89.6893550832855
2025-09-22 05:00:00,88.8450880759168
2025-09-22 06:00:00,89.0509659531116
2025-09-22 07:00:00,90.3462418028293
2025-09-22 08:00:00,89.8145575178139
2025-09-22 10:00:00,90.1586684425515
2025-09-22 11:00:00,105.780710549951
2025-09-22 12:00:00,88.8458549744898
2025-09-22 13:00:00,88.4039137931041
2025-09-22 14:00:00,89.0908540072488
2025-09-22 15:00:00,89.2496118053093
2025-09-22 16:00:00,90.3592439135372
2025-09-22 17:00:00,88.9643026605839
2025-09-22 18:00:00,83.9453362287804
2025-09-22 19:00:00,89.3316929971108
2025-09-22 20:00:00,90.9509956401176
2025-09-22 21:00:00,90.3534134280575
2025-09-22 22:00:00,89.735080562354
2025-09-22 23:00:00,89.214656333827
2025-09-23 00:00:00,89.3132319815242
2025-09-23 01:00:00,87.8600876731852
2025-09-23 02:00:00,87.9667447158172
2025-09-23 03:00:00,88.1418628866271
2025-09-23 04:00:00,86.761661983472
2025-09-23 05:00:00,86.545004610963
2025-09-23 06:00:00,89.1305039991005
2025-09-23 07:00:00,88.5092187554757
2025-09-23 08:00:00,89.2040427984358
2025-09-23 09:00:00,89.2995247438333
2025-09-23 10:00:00,90.360572273945
2025-09-23 11:00:00,87.7220210132769
2025-09-23 12:00:00,90.104429168706
2025-09-23 13:00:00,90.164983866059
2025-09-23 14:00:00,89.2491814888299
2025-09-23 15:00:00,89.6879193099175
2025-09-23 16:00:00,88.257049367121
2025-09-23 17:00:00,89.1580058515222
2025-09-23 18:00:00,88.863533844362
2025-09-23 19:00:00,88.1302262825914
2025-09-23 20:00:00,89.3023182201664
2025-09-23 21:00:00,87.167957531383
2025-09-23 22:00:00,87.0372044876926
2025-09-23 23:00:00,88.6910858082047
2025-09-24 00:00:00,87.6610857537464
2025-09-24 01:00:00,86.6480812220403
2025-09-24 02:00:00,88.2531566535239
2025-09-24 03:00:00,87.8909490540046
2025-09-24 04:00:00,87.1505283240787
2025-09-24 05:00:00,89.5254424878371
2025-09-24 06:00:00,87.3307708606216
2025-09-24 07:00:00,87.2515305460993
2025-09-24 08:00:00,86.9107753239444
2025-09-24 10:00:00,87.5537392519526
2025-09-24 11:00:00,86.2178273415458
2025-09-24 12:00:00,86.7471397081492
2025-09-24 13:00:00,87.0902356082816
2025-09-24 14:00:00,87.0907735369211
2025-09-24 15:00:00,85.8128267707472
2025-09-24 16:00:00,87.3109943874489
2025-09-24 17:00:00,89.2994049525836
2025-09-24 18:00:00,89.2017309610059
2025-09-24 19:00:00,88.3780863764407
2025-09-24 20:00:00,89.0504094137401
2025-09-24 21:00:00,88.1177057404585
2025-09-24 22:00:00,111.210809479873
2025-09-24 23:00:00,
2025-09-25 00:00:00,
2025-09-25 01:00:00,
2025-09-25 02:00:00,
2025-09-25 03:00:00,
2025-09-25 04:00:00,87.928004666772
2025-09-25 05:00:00,88.8633882646945
2025-09-25 06:00:00,88.3693110166981
2025-09-25 07:00:00,86.7749390807825
2025-09-25 08:00:00,88.563265107273
2025-09-25 09:00:00,87.0801537677014
2025-09-25 21:00:00,87.4436590899066
2025-09-25 22:00:00,87.1465518192304
2025-09-25 23:00:00,87.3673872454308
2025-09-26 00:00:00,86.6506094727811
2025-09-26 01:00:00,87.4986617768386
2025-09-26 02:00:00,87.232433827314
2025-09-26 03:00:00,85.5762956120013
2025-09-26 04:00:00,85.98455381034
2025-09-26 05:00:00,87.1338652124809
2025-09-26 06:00:00,88.1480372995007
2025-09-26 07:00:00,87.8650594946257
2025-09-26 08:00:00,87.5923107830221
2025-09-26 09:00:00,88.0124858330559
2025-09-26 10:00:00,87.5264203696247
2025-09-26 11:00:00,87.0573929288566
2025-09-26 12:00:00,86.6726098103245
2025-09-26 13:00:00,86.0738023500188
2025-09-26 14:00:00,86.9544161261097
2025-09-26 15:00:00,88.2157893473131
2025-09-26 16:00:00,87.0740673237276
2025-09-26 17:00:00,85.664019461627
2025-09-26 18:00:00,86.3939682608341
2025-09-26 19:00:00,85.8544513509356
2025-09-26 20:00:00,85.9425038779316
2025-09-26 21:00:00,85.8328771082143
2025-09-26 22:00:00,86.4917681910742
2025-09-26 23:00:00,86.9775299321222
2025-09-27 00:00:00,85.8529019259373
2025-09-27 01:00:00,73.9116840681021
2025-09-27 02:00:00,86.1533749133811
2025-09-27 03:00:00,86.9601441331734
2025-09-27 04:00:00,85.8401421757891
2025-09-27 05:00:00,85.8887642030108
2025-09-27 06:00:00,85.5237500989499
2025-09-27 07:00:00,84.9150254317928
2025-09-27 08:00:00,87.1895923473315
2025-09-27 09:00:00,86.3074609609992
2025-09-27 10:00:00,87.2267291077552
2025-09-27 11:00:00,86.3536811273539
2025-09-27 12:00:00,85.4221889606157
2025-09-27 13:00:00,87.4616916967126
2025-09-27 14:00:00,86.1808674716064
2025-09-27 15:00:00,86.1188459515906
2025-09-27 16:00:00,84.8891152793141
2025-09-27 17:00:00,86.9701895253306
2025-09-27 18:00:00,87.4080767880924
2025-09-27 19:00:00,87.2359059087995
2025-09-27 20:00:00,86.3549562969801
2025-09-27 21:00:00,84.1932194120974
2025-09-27 22:00:00,87.2906436304468
2025-09-27 23:00:00,86.8285257289705
2025-09-28 00:00:00,86.2868113539172
2025-09-28 01:00:00,85.90736848864
2025-09-28 02:00:00,84.980092317741
2025-09-28 03:00:00,86.5960604591073
2025-09-28 04:00:00,86.1540976327867
2025-09-28 05:00:00,85.9057154389695
2025-09-28 06:00:00,85.3976410651736
2025-09-28 08:00:00,85.6865255676602
2025-09-28 09:00:00,86.2909483137199
2025-09-28 10:00:00,84.6871645512504
2025-09-28 11:00:00,86.3738260744566
2025-09-28 12:00:00,85.9384013918332
2025-09-28 13:00:00,84.8984012782319
2025-09-28 14:00:00,84.846899473548
2025-09-28 15:00:00,84.0873889223587
2025-09-28 16:00:00,84.5000066508141
2025-09-28 17:00:00,85.3787124848631
2025-09-28 18:00:00,86.4527508111372
2025-09-28 19:00:00,87.0163666443003
2025-09-28 20:00:00,85.8993665831313
2025-09-28 21:00:00,85.5008535243553
2025-09-28 22:00:00,85.5256078360218
2025-09-28 23:00:00,85.8920322832128
2025-09-29 00:00:00,84.4821924105205
2025-09-29 01:00:00,85.4088928690312
2025-09-29 02:00:00,85.2579930431286
2025-09-29 03:00:00,85.1236426801748
2025-09-29 04:00:00,86.3456992660927
2025-09-29 05:00:00,86.1146403864093
2025-09-29 06:00:00,85.0998627195482
2025-09-29 07:00:00,84.6568594780324
2025-09-29 08:00:00,85.1046529697361
2025-09-29 09:00:00,84.2446724528226
2025-09-29 10:00:00,84.8755928726812
2025-09-29 11:00:00,84.2206144263402
2025-09-29 23:00:00,83.3272466393217
2025-09-30 01:00:00,83.7528683027798
2025-09-30 02:00:00,83.2002138975852
2025-09-30 03:00:00,84.5130595766389
2025-09-30 04:00:00,86.3638624114731
2025-09-30 05:00:00,83.9860397668253
2025-09-30 06:00:00,83.7312316789891
2025-09-30 07:00:00,83.4177159850547
2025-09-30 08:00:00,84.7010586479992
2025-09-30 09:00:00,82.7629546259538
2025-09-30 10:00:00,85.1449958541086
2025-09-30 11:00:00,84.3443086816976
2025-09-30 12:00:00,85.652900111806
2025-09-30 13:00:00,85.2930454869773
2025-09-30 14:00:00,84.3805985723217
2025-09-30 15:00:00,82.7597809260843
2025-09-30 16:00:00,84.8293161646559
2025-09-30 17:00:00,83.9843875484322
2025-09-30 18:00:00,85.6008792578527
2025-09-30 19:00:00,
2025-09-30 20:00:00,
2025-09-30 21:00:00,
2025-09-30 22:00:00,86.3066862150505
2025-09-30 23:00:00,84.9368984055664
2025-10-01 00:00:00,83.7501148870894
2025-10-01 01:00:00,82.8131952270422
2025-10-01 02:00:00,83.3040906524102
2025-10-01 03:00:00,82.1931765186272
2025-10-01 04:00:00,83.6344751574985
2025-10-01 05:00:00,82.5335478717502
2025-10-01 06:00:00,82.815578567231
2025-10-01 07:00:00,82.8490918964098
2025-10-01 08:00:00,81.4258256029799
2025-10-01 10:00:00,84.054309858328
2025-10-01 11:00:00,83.817068930468
2025-10-01 12:00:00,83.7483610252156
2025-10-01 13:00:00,84.4733000443656
2025-10-01 14:00:00,82.6651983605661
2025-10-01 15:00:00,84.3952156563374
2025-10-01 16:00:00,83.151006707351
2025-10-01 17:00:00,83.6367886318239
2025-10-01 18:00:00,85.2204213512905
2025-10-01 19:00:00,83.9406499408226
2025-10-01 20:00:00,82.5822792783863
2025-10-01 21:00:00,84.8137363494541
2025-10-01 22:00:00,85.767138954132
2025-10-01 23:00:00,84.2465134812023
2025-10-02 00:00:00,82.0093573180573
2025-10-02 01:00:00,81.4160114223381
2025-10-02 02:00:00,82.7953877760536
2025-10-02 03:00:00,83.9312735024361
2025-10-02 04:00:00,82.717940602804
2025-10-02 05:00:00,83.452070809881
2025-10-02 07:00:00,83.4252044107675
2025-10-02 08:00:00,84.1336631828829
2025-10-02 09:00:00,81.6416274618498
2025-10-02 10:00:00,81.5557248809177
2025-10-02 11:00:00,83.2060808381278
2025-10-02 12:00:00,80.7257143142069
2025-10-02 13:00:00,80.2335907585421
2025-10-02 14:00:00,84.7081194492374
2025-10-02 15:00:00,82.391626929337
2025-10-02 16:00:00,81.8248377077022
2025-10-02 17:00:00,82.0677440490345
2025-10-02 18:00:00,82.6732300204622
2025-10-02 19:00:00,82.2446871108968
2025-10-02 20:00:00,82.7789364967894
2025-10-02 21:00:00,81.8200806047485
2025-10-02 22:00:00,81.2391052555941
2025-10-02 23:00:00,84.3504498373587
2025-10-03 00:00:00,83.2467016281242
2025-10-03 01:00:00,82.1988557111106
2025-10-03 02:00:00,82.2791044328635
2025-10-03 03:00:00,81.7836284024333
2025-10-03 15:00:00,83.2755963884472
2025-10-03 16:00:00,82.6918107553824
2025-10-03 17:00:00,81.890338182053
2025-10-03 18:00:00,80.4915164896589
2025-10-03 19:00:00,81.7211535344554
2025-10-03 20:00:00,81.9503996224467
2025-10-03 21:00:00,82.1244771615045
2025-10-03 22:00:00,82.8394447165484
2025-10-03 23:00:00,83.4541595339309
2025-10-04 00:00:00,80.7439023405554
2025-10-04 01:00:00,80.7772277982694
2025-10-04 02:00:00,82.2046535919807
2025-10-04 04:00:00,79.5519854790186
2025-10-04 05:00:00,80.2824005500105
2025-10-04 06:00:00,79.2712622187222
2025-10-04 08:00:00,80.3054265591701
2025-10-04 09:00:00,80.201706664461
2025-10-04 10:00:00,80.9264207438157
2025-10-04 11:00:00,82.0030703840899
2025-10-04 12:00:00,81.3083486350413
2025-10-04 13:00:00,81.9072491140386
2025-10-04 14:00:00,80.1420761166884
2025-10-04 15:00:00,81.488922906568
2025-10-04 16:00:00,78.0326775752464
2025-10-04 17:00:00,80.4974825930491
2025-10-04 18:00:00,78.7943025177039
2025-10-04 19:00:00,79.8092464272616
2025-10-04 20:00:00,80.0272178283932
2025-10-04 21:00:00,79.8296046858048
2025-10-04 22:00:00,80.5976245025232
2025-10-04 23:00:00,80.4559975300494
2025-10-05 00:00:00,78.557410099119
2025-10-05 01:00:00,79.9872912077826
2025-10-05 02:00:00,79.2523130944396
2025-10-05 03:00:00,79.6020709664541
2025-10-05 04:00:00,81.0257105413828
2025-10-05 05:00:00,80.2309138576169
2025-10-05 12:00:00,80.0505310325979
2025-10-05 13:00:00,80.5309353311701
2025-10-05 14:00:00,80.7046400662783
2025-10-05 15:00:00,79.7762277311734
2025-10-05 16:00:00,80.9269433804196
2025-10-05 17:00:00,80.13181113411
2025-10-05 18:00:00,78.6242214893038
2025-10-05 19:00:00,78.2976149951373
2025-10-05 20:00:00,78.9056286433424
2025-10-05 21:00:00,79.0713047605736
2025-10-05 22:00:00,80.3930247235424
2025-10-05 23:00:00,80.5333941661919
2025-10-06 00:00:00,78.5970866467978
2025-10-06 01:00:00,80.6366151691697
2025-10-06 02:00:00,78.1646572194326
2025-10-06 03:00:00,79.8139135497885
2025-10-06 04:00:00,81.5830606394685
2025-10-06 05:00:00,80.1157772755101
2025-10-06 06:00:00,81.6888705317098
2025-10-06 07:00:00,78.5904252882428
2025-10-06 08:00:00,78.1646541407976
2025-10-06 09:00:00,81.128497474841
2025-10-06 10:00:00,78.5996567677356
2025-10-06 11:00:00,79.9369895981357
2025-10-06 12:00:00,78.9437717654243
2025-10-06 13:00:00,80.1929374947311
2025-10-06 14:00:00,80.4012447324409
2025-10-06 15:00:00,79.7226853616562
2025-10-06 16:00:00,79.2534062083253
2025-10-06 17:00:00,79.1573827557713
2025-10-06 18:00:00,78.092580791562
2025-10-06 19:00:00,79.5978573803209
2025-10-06 20:00:00,80.9545458828996
2025-10-06 21:00:00,79.6067852085713
2025-10-06 22:00:00,80.6692114760966
2025-10-07 00:00:00,79.9867843945349
2025-10-07 01:00:00,78.9980999463678
2025-10-07 02:00:00,79.2503226676264
2025-10-07 03:00:00,80.2299346854594
2025-10-07 04:00:00,78.0679054421955
2025-10-07 05:00:00,79.4503603303121
2025-10-07 06:00:00,81.2915672097802
2025-10-07 07:00:00,79.483056008107
2025-10-07 08:00:00,80.7776965294469
2025-10-07 09:00:00,79.572413303064
2025-10-07 10:00:00,79.0189847594352
2025-10-07 11:00:00,79.6466760097878
2025-10-07 12:00:00,76.8491902986849
2025-10-07 13:00:00,80.2844958960985
2025-10-07 14:00:00,78.4651413747614
2025-10-08 02:00:00,77.8464665718863
2025-10-08 03:00:00,79.3275606742856
2025-10-08 04:00:00,79.462111279681
2025-10-08 05:00:00,79.7036214873422
2025-10-08 06:00:00,79.1566192249418
2025-10-08 07:00:00,78.6574910164517
2025-10-08 08:00:00,77.6003023995124
2025-10-08 09:00:00,77.3317146305262
2025-10-08 10:00:00,78.1566229256527
2025-10-08 11:00:00,78.6733341683599
2025-10-08 12:00:00,
2025-10-08 13:00:00,79.6851333940207
2025-10-08 14:00:00,77.1930702580325
2025-10-08 15:00:00,78.7504679547961
2025-10-08 16:00:00,78.1024624297559
2025-10-08 17:00:00,79.1542806885382
2025-10-08 18:00:00,80.0778770125009
2025-10-08 19:00:00,78.2932734742956
2025-10-08 20:00:00,78.4386314033649
2025-10-08 21:00:00,78.6789175936191
2025-10-08 22:00:00,77.9888670591436
2025-10-08 23:00:00,78.0196563359779
2025-10-09 00:00:00,77.8895805996916
2025-10-09 01:00:00,78.2092185799066
2025-10-09 02:00:00,77.9396843712251
2025-10-09 03:00:00,79.0742879984905
2025-10-09 04:00:00,78.4263936408262
2025-10-09 05:00:00,79.522193060866
2025-10-09 06:00:00,78.2820202089176
2025-10-09 07:00:00,77.9961332058007
2025-10-09 08:00:00,79.1275268770072
2025-10-09 09:00:00,77.2171643046323
2025-10-09 10:00:00,78.9876709701509
2025-10-09 11:00:00,77.7855972599221
2025-10-09 12:00:00,76.9076746057154
2025-10-09 13:00:00,77.3850499149032
2025-10-09 14:00:00,78.1782861164427
2025-10-09 15:00:00,78.250475709544
2025-10-09 16:00:00,78.8332841693794
2025-10-09 17:00:00,80.0973945418925
2025-10-09 18:00:00,77.7083079644323
2025-10-09 19:00:00,78.4531545275836
2025-10-09 20:00:00,79.5464446039975
2025-10-09 21:00:00,79.0857709182756
2025-10-09 22:00:00,77.4659832242157
2025-10-09 23:00:00,79.6550852618585
2025-10-10 00:00:00,78.5026655263953
2025-10-10 01:00:00,76.5865867344977
2025-10-10 02:00:00,77.9830337005928
2025-10-10 03:00:00,78.0512097207974
2025-10-10 04:00:00,75.7561759886325
2025-10-10 05:00:00,77.2576452153742
2025-10-10 06:00:00,76.2970111078593
2025-10-10 07:00:00,77.0255746439678
2025-10-10 08:00:00,77.1131545798635
2025-10-10 09:00:00,76.8794356907383
2025-10-10 10:00:00,78.2095419399832
2025-10-10 11:00:00,77.1814705814407
2025-10-10 12:00:00,78.0856046767708
2025-10-10 13:00:00,76.5864736156515
2025-10-10 14:00:00,78.2305815397618
2025-10-10 15:00:00,77.2418295048803
2025-10-10 16:00:00,77.4005209574384
2025-10-10 17:00:00,77.2174828128478
2025-10-10 18:00:00,76.8405247092844
2025-10-10 19:00:00,77.8521739049919
2025-10-10 20:00:00,77.2104325656369
2025-10-10 21:00:00,77.8512051051008
2025-10-10 22:00:00,78.3473633495333
2025-10-10 23:00:00,79.0509774298597
2025-10-11 00:00:00,76.7281650642866
2025-10-11 01:00:00,76.9598179648983
2025-10-11 02:00:00,76.9744601943989
2025-10-11 03:00:00,77.7237650243686
2025-10-11 04:00:00,75.6679415007108
2025-10-11 05:00:00,75.4142106220275
2025-10-11 06:00:00,76.1899219752512
2025-10-11 07:00:00,77.6694950611604
2025-10-11 08:00:00,75.8344084107468
2025-10-11 09:00:00,76.9403718043701
2025-10-11 10:00:00,76.1718288679548
2025-10-11 11:00:00,75.6243074427222
2025-10-11 12:00:00,76.1788271015343
2025-10-11 13:00:00,77.0294287803097
2025-10-11 14:00:00,76.3440505780672
2025-10-11 15:00:00,76.5520114300004
2025-10-11 16:00:00,76.842639702671
2025-10-11 17:00:00,75.6702284884864
2025-10-12 05:00:00,75.4323111699404
2025-10-12 06:00:00,76.444990971588
2025-10-12 07:00:00,77.1012284028188
2025-10-12 08:00:00,78.1159615666992
2025-10-12 09:00:00,75.9668984274846
2025-10-12 10:00:00,74.7439649387257
2025-10-12 11:00:00,76.3422449918471
2025-10-12 12:00:00,75.2268266217435
2025-10-12 13:00:00,74.7901276543225
2025-10-12 14:00:00,75.3365532797766
2025-10-12 15:00:00,74.8183764767899
2025-10-12 16:00:00,75.4569866522239
2025-10-12 17:00:00,77.3728525217095
2025-10-12 18:00:00,76.4395670689198
2025-10-12 19:00:00,76.1928401873164
2025-10-12 20:00:00,75.9698322280131
2025-10-12 21:00:00,78.3337294811312
2025-10-12 22:00:00,74.3936086510405
2025-10-12 23:00:00,74.1075258533895
2025-10-13 00:00:00,76.9769414423847
2025-10-13 01:00:00,77.4156927364414
2025-10-13 02:00:00,52.2335575044921
2025-10-13 03:00:00,74.6134677737787
2025-10-13 04:00:00,75.9825008266968
2025-10-13 05:00:00,75.6114363362457
2025-10-13 06:00:00,75.5113124189382
2025-10-13 07:00:00,75.4631013691702
2025-10-13 08:00:00,76.7406439562435
2025-10-13 09:00:00,76.4806136718607
2025-10-13 10:00:00,76.1501358798162
2025-10-13 11:00:00,76.9917880452905
2025-10-13 12:00:00,76.0469833014231
2025-10-13 13:00:00,75.0766558716944
2025-10-13 14:00:00,74.746267727161
2025-10-13 15:00:00,74.3458589624636
2025-10-13 16:00:00,76.1811971722714
2025-10-13 17:00:00,75.5087258586687
2025-10-13 18:00:00,75.4732837987324
2025-10-13 19:00:00,74.6682968322734
2025-10-13 20:00:00,75.0952154957718
2025-10-13 21:00:00,75.115958602518
2025-10-13 22:00:00,76.5787918814762
2025-10-13 23:00:00,65.4346942331785
2025-10-14 00:00:00,76.394187779022
2025-10-14 01:00:00,74.5466805485943
2025-10-14 02:00:00,75.6149215358364
2025-10-14 03:00:00,74.3832322018856
2025-10-14 04:00:00,74.3145800952255
2025-10-14 05:00:00,73.3092405221019
2025-10-14 06:00:00,73.8577666268706
2025-10-14 07:00:00,74.3721657997526
2025-10-14 08:00:00,73.3545737357168
2025-10-14 09:00:00,73.809678157799
2025-10-14 10:00:00,73.896922052124
2025-10-14 11:00:00,73.6652003874651
2025-10-14 12:00:00,75.1121934753684
2025-10-14 13:00:00,75.1564496570453
2025-10-14 14:00:00,74.4100450685187
2025-10-14 15:00:00,75.3369393132438
2025-10-14 16:00:00,74.4044706931744
2025-10-14 17:00:00,74.8415550692268
2025-10-14 18:00:00,74.3004017491189
2025-10-14 19:00:00,73.3988732200489
2025-10-14 20:00:00,76.1519796145357
2025-10-14 21:00:00,74.204874053918
2025-10-14 22:00:00,73.6927092764306
2025-10-14 23:00:00,75.0514427550136
2025-10-15 00:00:00,74.0505266664886
2025-10-15 01:00:00,75.2861531092384
2025-10-15 02:00:00,73.9704445159936
2025-10-15 03:00:00,75.2946711569689
2025-10-15 04:00:00,76.0001708971287
2025-10-15 05:00:00,74.5427528768675
2025-10-15 06:00:00,74.0304621757985
2025-10-15 07:00:00,74.013140771892
2025-10-15 08:00:00,76.0482134972874
2025-10-15 09:00:00,76.5586165143603
2025-10-15 10:00:00,74.087690659326
2025-10-15 11:00:00,73.8664210114335
2025-10-15 12:00:00,75.4036010787176
2025-10-15 13:00:00,74.3426865659737
2025-10-15 14:00:00,74.5434088560086
2025-10-15 15:00:00,76.8191782064428
2025-10-15 16:00:00,75.3543205806059
2025-10-15 17:00:00,74.5394615684169
2025-10-15 18:00:00,75.3202204618648
2025-10-15 19:00:00,74.9027264902053
2025-10-15 20:00:00,74.1212017979644
2025-10-15 21:00:00,74.9591916930232
2025-10-15 22:00:00,73.7859138107339
2025-10-15 23:00:00,76.3434488380168
2025-10-16 00:00:00,72.6916001490576
2025-10-16 01:00:00,73.3123612511888
2025-10-16 02:00:00,72.5410386907712
2025-10-16 03:00:00,73.9198088861171
2025-10-16 04:00:00,73.6774196558047
2025-10-16 05:00:00,76.2698029629047
2025-10-16 06:00:00,71.6097757278146
2025-10-16 07:00:00,74.319021108318
2025-10-16 08:00:00,75.9716689605862
2025-10-16 10:00:00,74.3041335913347
2025-10-16 11:00:00,
2025-10-16 12:00:00,
2025-10-16 13:00:00,74.1910288744404
2025-10-16 14:00:00,73.2926737019122
2025-10-16 15:00:00,73.7582534401617
2025-10-16 16:00:00,87.983286222187
2025-10-16 17:00:00,73.4261634562244
2025-10-16 18:00:00,73.6558067075381
2025-10-16 19:00:00,74.2971646320016
2025-10-16 20:00:00,75.2093321911721
2025-10-16 21:00:00,73.2222031203377
2025-10-16 22:00:00,76.0382098404028
2025-10-16 23:00:00,71.9993518622615
2025-10-17 00:00:00,73.5427362565761
2025-10-17 01:00:00,73.7689900672373
2025-10-17 02:00:00,72.9027798956402
2025-10-17 03:00:00,73.4284466149031
2025-10-17 04:00:00,72.3454340770751
2025-10-17 05:00:00,72.7854906912052
2025-10-17 06:00:00,72.3896349528934
2025-10-17 07:00:00,72.7884245658053
2025-10-17 08:00:00,74.3808457974206
2025-10-17 09:00:00,73.6250045841233
2025-10-17 10:00:00,72.4314499378021
2025-10-17 11:00:00,72.311171668664
2025-10-17 12:00:00,72.1807974217479
2025-10-17 13:00:00,73.239271799822
2025-10-17 14:00:00,72.6519029276455
2025-10-17 15:00:00,73.2750797986403
2025-10-17 16:00:00,75.9277862731611
2025-10-17 17:00:00,73.589140304119
2025-10-17 18:00:00,73.4560713848876
2025-10-17 19:00:00,71.419388214192
2025-10-17 20:00:00,72.5901963583176
2025-10-17 21:00:00,73.5591729792989
2025-10-17 22:00:00,72.9895832077529
2025-10-17 23:00:00,70.6911896965334
2025-10-18 00:00:00,71.5453321925794
2025-10-18 01:00:00,73.7078603021732
2025-10-18 02:00:00,73.9805469606118
2025-10-18 03:00:00,72.1018874507659
2025-10-18 04:00:00,74.2744882724112
2025-10-18 05:00:00,70.2958748427628
2025-10-18 06:00:00,71.1280823944523
2025-10-18 08:00:00,72.0252348775888
2025-10-18 12:00:00,71.2134533290661
2025-10-18 13:00:00,74.0602139176791
2025-10-18 14:00:00,72.3923411664729
2025-10-18 15:00:00,72.1422322002307
2025-10-18 16:00:00,70.4327363490302
2025-10-18 17:00:00,70.3872599433966
2025-10-18 18:00:00,73.1382774350156
2025-10-18 19:00:00,72.8496183739552
2025-10-18 20:00:00,74.6381395965711
2025-10-18 21:00:00,74.2443022284486
2025-10-18 22:00:00,72.9614400298088
2025-10-18 23:00:00,73.2410589016803
2025-10-19 00:00:00,71.2508876857819
2025-10-19 01:00:00,72.7363248348072
2025-10-19 02:00:00,70.8908815823569
2025-10-19 03:00:00,72.5261286337454
2025-10-19 04:00:00,71.1862709066454
2025-10-19 05:00:00,71.1691271238668
2025-10-19 06:00:00,71.8944903207177
2025-10-19 08:00:00,71.0792176757746
2025-10-19 10:00:00,72.5393132681177
2025-10-19 11:00:00,72.9175473780477
2025-10-19 12:00:00,72.0160494749991
2025-10-19 13:00:00,72.2357224503432
2025-10-19 14:00:00,72.1787894557638
2025-10-19 15:00:00,71.4552267306092
2025-10-19 16:00:00,70.1924201156161
2025-10-19 17:00:00,70.6921174163958
2025-10-19 18:00:00,71.8692938819184
2025-10-19 19:00:00,70.7519700520962
2025-10-19 20:00:00,72.1601316761333
2025-10-19 21:00:00,71.4272177448731
2025-10-19 22:00:00,
2025-10-19 23:00:00,
2025-10-20 00:00:00,70.3902295065499
2025-10-20 01:00:00,69.3278143124873
2025-10-20 02:00:00,73.0799656127415
2025-10-20 03:00:00,69.4797497729379
2025-10-20 04:00:00,71.6419240504174
2025-10-20 05:00:00,71.5192286396337
2025-10-20 06:00:00,71.7445998871864
2025-10-20 07:00:00,72.4883987750496
2025-10-20 08:00:00,72.3049830872825
2025-10-20 10:00:00,70.5461517391704
2025-10-20 11:00:00,70.4926849701225
2025-10-20 12:00:00,71.6320942035212
2025-10-20 13:00:00,70.8827782512579
2025-10-20 14:00:00,72.0436725832174
2025-10-20 15:00:00,72.0443097605995
2025-10-20 16:00:00,71.3369195660094
2025-10-20 17:00:00,70.9836575003076
2025-10-20 18:00:00,72.2317154805579
2025-10-20 19:00:00,71.6081844734754
2025-10-20 20:00:00,70.7024061208683
2025-10-20 21:00:00,70.0310811473208
2025-10-20 22:00:00,71.0772832616048
2025-10-20 23:00:00,73.160635344307
2025-10-21 00:00:00,71.3633195439894
2025-10-21 01:00:00,71.4344750122763
2025-10-21 02:00:00,70.5771644286977
2025-10-21 03:00:00,71.8399424375011
2025-10-21 04:00:00,70.559789283433
2025-10-21 05:00:00,70.3850957947543
2025-10-21 06:00:00,71.0721439918327
2025-10-21 07:00:00,70.5446715139444
2025-10-21 18:00:00,68.9022266064065
2025-10-21 19:00:00,72.0626222614319
2025-10-21 20:00:00,71.4487082221953
2025-10-21 21:00:00,71.784046526789
2025-10-21 22:00:00,71.7270336950368
2025-10-21 23:00:00,70.7978763654308
2025-10-22 00:00:00,
2025-10-22 01:00:00,
2025-10-22 02:00:00,
2025-10-22 03:00:00,
2025-10-22 04:00:00,69.8243222112055
2025-10-22 05:00:00,68.8536634510379
2025-10-22 06:00:00,68.5700777038221
2025-10-22 07:00:00,69.9371018402726
2025-10-22 08:00:00,70.3343162477433
2025-10-22 09:00:00,70.2795885073596
2025-10-22 10:00:00,69.1896622791202
2025-10-22 11:00:00,69.5938120951608
2025-10-22 12:00:00,69.0784628765649
2025-10-22 13:00:00,69.8819036092654
2025-10-22 14:00:00,70.8159081800432
2025-10-22 15:00:00,70.0323247295904
2025-10-22 16:00:00,71.6019658675028
2025-10-22 17:00:00,70.0302532210637
2025-10-22 18:00:00,70.6079700791871
2025-10-22 19:00:00,69.6930026867332
2025-10-22 20:00:00,69.2081652665749
2025-10-22 21:00:00,68.860791537445
2025-10-22 22:00:00,68.7356197155626
2025-10-22 23:00:00,71.3098236060264
2025-10-23 00:00:00,68.0148723307301
2025-10-23 01:00:00,69.191345256362
2025-10-23 02:00:00,70.5779094347774
2025-10-23 03:00:00,68.4704936000455
2025-10-23 04:00:00,67.8973134337158
2025-10-23 05:00:00,68.8773577077906
2025-10-23 06:00:00,68.8264610426147
2025-10-23 07:00:00,67.4563222522493
2025-10-23 09:00:00,70.8427778385024
2025-10-23 11:00:00,68.1012389943228
2025-10-23 12:00:00,69.9790934286413
2025-10-23 13:00:00,67.6006587560626
2025-10-23 14:00:00,69.4663492986411
2025-10-23 15:00:00,69.2302552987516
2025-10-23 16:00:00,70.3114210649521
2025-10-23 17:00:00,69.9873925719183
2025-10-23 18:00:00,70.3346375295206
2025-10-23 19:00:00,70.0705667391655
2025-10-23 20:00:00,69.4035222142595
2025-10-23 21:00:00,68.2263150930467
2025-10-23 22:00:00,67.0787508514016
2025-10-23 23:00:00,68.8126921659642
2025-10-24 00:00:00,67.643888069186
2025-10-24 01:00:00,69.2128322283314
2025-10-24 02:00:00,67.7699312244326
2025-10-24 03:00:00,66.0140985353577
2025-10-24 04:00:00,67.9877070358153
2025-10-24 05:00:00,67.6218671829575
2025-10-24 06:00:00,68.6554613860008
2025-10-24 07:00:00,68.1478932477964
2025-10-24 09:00:00,67.7007163004293
2025-10-24 11:00:00,68.8418071553924
2025-10-24 12:00:00,68.6793786908467
2025-10-24 13:00:00,68.3341994108905
2025-10-24 14:00:00,69.6655122464411
2025-10-24 15:00:00,70.1409020589173
2025-10-24 16:00:00,66.93426145051
2025-10-24 17:00:00,68.8753088025797
2025-10-24 18:00:00,67.5056134596679
2025-10-24 19:00:00,68.9423940774922
2025-10-24 20:00:00,68.0794022953418
2025-10-24 21:00:00,69.2652331334335
2025-10-24 22:00:00,65.7544990301096
2025-10-24 23:00:00,67.712021431417
2025-10-25 00:00:00,65.0504886251413
2025-10-25 01:00:00,66.9821110053298
2025-10-25 02:00:00,66.7678541026985
2025-10-25 03:00:00,65.440901815402
2025-10-25 04:00:00,67.3777424959675
2025-10-25 05:00:00,66.5632575564478
2025-10-25 06:00:00,67.1276026046149
2025-10-25 07:00:00,66.6167663244137
2025-10-25 19:00:00,68.047360390826
2025-10-25 20:00:00,67.8977053476305
2025-10-25 21:00:00,66.4201667045796
2025-10-25 22:00:00,66.8191048015221
2025-10-25 23:00:00,66.0463578778559
2025-10-26 00:00:00,64.9204484086887
2025-10-26 01:00:00,66.651972083452
2025-10-26 02:00:00,65.6591808780727
2025-10-26 03:00:00,66.2798892008173
2025-10-26 04:00:00,63.8774425327805
2025-10-26 05:00:00,65.2324662200127
2025-10-26 06:00:00,66.4945005876859
2025-10-26 07:00:00,66.2382575075311
2025-10-26 09:00:00,64.6143782713931
2025-10-26 10:00:00,67.3271737309934
2025-10-26 11:00:00,66.4790621583461
2025-10-26 12:00:00,66.8630836095588
2025-10-26 13:00:00,65.1643356270767
2025-10-26 14:00:00,65.8558126727445
2025-10-26 15:00:00,
2025-10-26 16:00:00,
2025-10-26 17:00:00,
2025-10-26 18:00:00,
2025-10-26 19:00:00,
2025-10-26 20:00:00,65.596126451992
2025-10-26 21:00:00,64.4153500559132
2025-10-26 22:00:00,64.7461409150108
2025-10-26 23:00:00,65.4107366982992
2025-10-27 00:00:00,65.2880190403126
2025-10-27 01:00:00,66.4492177110268
2025-10-27 02:00:00,64.6437531309201
2025-10-27 03:00:00,66.4855252909196
2025-10-27 04:00:00,65.9619308527115
2025-10-27 05:00:00,67.3598470047667
2025-10-27 06:00:00,65.9270964714334
2025-10-27 07:00:00,66.9508984398105
2025-10-27 08:00:00,65.8872236797919
2025-10-27 09:00:00,65.5506923871148
2025-10-27 10:00:00,66.0024775966624
2025-10-27 11:00:00,64.9868918388298
2025-10-27 12:00:00,64.619693112235
2025-10-27 13:00:00,67.4811104161668
2025-10-27 14:00:00,66.4783403658243
2025-10-27 15:00:00,66.6749648850628
2025-10-27 16:00:00,65.3290277290945
2025-10-27 17:00:00,65.7911284877607
2025-10-27 18:00:00,66.7676792977434
2025-10-27 19:00:00,65.5636417999174
2025-10-27 20:00:00,63.7056468893813
2025-10-27 21:00:00,63.6836181883001
2025-10-27 22:00:00,68.18551989139
2025-10-27 23:00:00,67.4649860503662
2025-10-28 00:00:00,65.7849263835195
2025-10-28 01:00:00,66.6979812088039
2025-10-28 02:00:00,66.1077200157705
2025-10-28 03:00:00,66.0104362343227
2025-10-28 04:00:00,65.7355847957219
2025-10-28 05:00:00,65.04150065085
2025-10-28 06:00:00,66.496081895899
2025-10-28 07:00:00,65.0343753983937
2025-10-28 09:00:00,65.0424452631528
2025-10-28 10:00:00,65.1789763182934
2025-10-28 11:00:00,65.9200237381688
2025-10-28 12:00:00,65.2067677086371
2025-10-28 13:00:00,63.0461449892038
2025-10-28 14:00:00,63.1265633635642
2025-10-28 15:00:00,65.8380520404362
2025-10-28 16:00:00,64.0861533782599
2025-10-28 17:00:00,64.4760100060362
2025-10-28 18:00:00,64.9756633883785
2025-10-28 19:00:00,65.3190846661812
2025-10-28 20:00:00,63.9886151022404
2025-10-28 21:00:00,65.522195743948
2025-10-28 22:00:00,64.2345479135618
2025-10-28 23:00:00,66.1513266525504
2025-10-29 00:00:00,65.7601725694383
2025-10-29 01:00:00,64.0838988812426
2025-10-29 02:00:00,64.2162186852041
2025-10-29 03:00:00,63.7006840881348
2025-10-29 04:00:00,64.5419611018254
2025-10-29 05:00:00,64.8334783195371
2025-10-29 06:00:00,66.5555524731504
2025-10-29 07:00:00,64.7503457177737
2025-10-29 08:00:00,65.060077781504
2025-10-29 09:00:00,64.8486775586627
2025-10-29 10:00:00,65.0440004615814
2025-10-29 23:00:00,64.751480277077
2025-10-30 00:00:00,64.6195489471108
2025-10-30 01:00:00,63.9604454270886
2025-10-30 02:00:00,64.7876154105538
2025-10-30 03:00:00,65.4430154621793
2025-10-30 04:00:00,64.8225590132597
2025-10-30 05:00:00,64.1670186176435
2025-10-30 06:00:00,68.1914789677976
2025-10-30 07:00:00,65.5481861528871
2025-10-30 09:00:00,65.7090866541661
2025-10-30 10:00:00,65.3753064426573
2025-10-30 11:00:00,63.9168960974914
2025-10-30 12:00:00,65.2378772442584
2025-10-30 13:00:00,64.0295490054151
2025-10-30 14:00:00,65.38431930613
2025-10-30 15:00:00,63.9131509860672
2025-10-30 16:00:00,64.2924321731796
2025-10-30 17:00:00,64.003684936953
2025-10-30 18:00:00,63.966975380436
2025-10-30 19:00:00,64.1258808430549
2025-10-30 20:00:00,67.1209920081576
2025-10-30 21:00:00,64.0692608419547
2025-10-30 22:00:00,63.4927023962039
2025-10-30 23:00:00,65.6878200035828
2025-10-31 00:00:00,63.6373349191077
2025-10-31 01:00:00,63.0540965855304
2025-10-31 02:00:00,64.6103010375775
2025-10-31 03:00:00,65.3685522795357
2025-10-31 04:00:00,66.1354507659399
2025-10-31 05:00:00,64.1296684717782
2025-10-31 06:00:00,62.8661449667621
2025-10-31 07:00:00,64.5411868589189
2025-10-31 08:00:00,64.3069550668787
2025-10-31 09:00:00,64.533350714635
2025-10-31 10:00:00,64.2119270453591
2025-10-31 11:00:00,65.5844178806751
2025-10-31 12:00:00,64.1560682120252
2025-10-31 13:00:00,63.7122550470044
2025-10-31 14:00:00,64.5298344984202
2025-10-31 15:00:00,
2025-10-31 16:00:00,64.8426251112865
2025-10-31 17:00:00,62.3486278232969
2025-10-31 18:00:00,63.3202838729637
2025-10-31 19:00:00,64.5393787130568
2025-10-31 20:00:00,64.1860468244382
2025-10-31 21:00:00,63.1726173764204
2025-10-31 22:00:00,65.2124288263098
2025-10-31 23:00:00,63.3060308135643
2025-11-01 00:00:00,63.900647073506
2025-11-01 01:00:00,62.8924910090781
2025-11-01 02:00:00,62.8109656627533
2025-11-01 03:00:00,64.8955258966265
2025-11-01 04:00:00,63.7997164758145
2025-11-01 05:00:00,65.0831334959023
2025-11-01 06:00:00,63.6190746852725
2025-11-01 07:00:00,65.0220663890862
2025-11-01 08:00:00,63.7837723257161
2025-11-01 10:00:00,64.2136659250144
2025-11-01 11:00:00,64.2554067000883
2025-11-01 12:00:00,64.2331297238622
2025-11-01 13:00:00,64.9044096762091
2025-11-01 14:00:00,62.8853330509917
2025-11-01 15:00:00,64.5212728625354
2025-11-01 16:00:00,64.3890995486263
2025-11-01 17:00:00,76.4301294138922
2025-11-01 18:00:00,64.0705377094017
2025-11-01 19:00:00,62.7676266293332
2025-11-01 20:00:00,64.5860302144985
2025-11-01 21:00:00,63.8711554041513
2025-11-01 22:00:00,63.2969318788431
2025-11-01 23:00:00,64.7665426321969
2025-11-02 00:00:00,63.6040033151089
2025-11-02 01:00:00,63.1486120874025
2025-11-02 02:00:00,64.448625612269
2025-11-02 03:00:00,62.7787940633256
2025-11-02 04:00:00,63.5183370762403
2025-11-02 05:00:00,62.8007556042175
2025-11-02 06:00:00,63.4786513388506
2025-11-02 07:00:00,63.4539462535341
2025-11-02 08:00:00,62.2120498196186
2025-11-02 09:00:00,63.8607814103172
2025-11-02 10:00:00,64.0985855495445
2025-11-02 12:00:00,62.9565918191958
2025-11-02 13:00:00,64.5154044266727
2025-11-03 02:00:00,
2025-11-03 03:00:00,
2025-11-03 04:00:00,
2025-11-03 05:00:00,
2025-11-03 06:00:00,
2025-11-03 07:00:00,
2025-11-03 08:00:00,
2025-11-03 10:00:00,
2025-11-03 11:00:00,
2025-11-03 12:00:00,
2025-11-03 13:00:00,
2025-11-03 14:00:00,
2025-11-03 15:00:00,
2025-11-03 16:00:00,
2025-11-03 17:00:00,
2025-11-03 18:00:00,
2025-11-03 19:00:00,
2025-11-03 20:00:00,
2025-11-03 21:00:00,
2025-11-03 22:00:00,
2025-11-03 23:00:00,
2025-11-04 00:00:00,
2025-11-04 01:00:00,
2025-11-04 02:00:00,
2025-11-04 03:00:00,89.0248829865257
2025-11-04 04:00:00,89.7733526196643
2025-11-04 05:00:00,89.2709077160329
2025-11-04 06:00:00,89.87592927688
2025-11-04 07:00:00,89.1591931671949
2025-11-04 08:00:00,89.2440550630878
2025-11-04 09:00:00,88.6310030244347
2025-11-04 10:00:00,88.1580331548456
2025-11-04 11:00:00,89.4308260931087
2025-11-04 12:00:00,88.8849613004816
2025-11-04 13:00:00,89.8833582768905
2025-11-04 14:00:00,89.7831633167725
2025-11-04 15:00:00,90.2778799147585
2025-11-04 16:00:00,89.694074958068
2025-11-04 17:00:00,89.3967558811994
2025-11-04 18:00:00,89.039831026181
2025-11-04 19:00:00,89.3742984606717
2025-11-04 20:00:00,89.6993632261175
2025-11-04 21:00:00,88.9795457513432
2025-11-04 22:00:00,89.1538539457351
2025-11-04 23:00:00,88.8866622164184
2025-11-05 00:00:00,88.3860881048834
2025-11-05 01:00:00,88.7514389704581
2025-11-05 02:00:00,89.1250900066563
2025-11-05 03:00:00,89.3536446542681
2025-11-05 04:00:00,88.2845317351871
2025-11-05 05:00:00,88.3960663594764
2025-11-05 06:00:00,88.7810955681615
2025-11-05 07:00:00,87.9725453393066
2025-11-05 08:00:00,87.8297574248527
2025-11-05 09:00:00,88.1286556845998
2025-11-05 10:00:00,88.5537160697202
2025-11-05 11:00:00,88.2954024300506
2025-11-05 12:00:00,89.3721097354388
2025-11-05 13:00:00,88.1787226177934
2025-11-05 14:00:00,87.9801820720355
2025-11-05 15:00:00,88.1917430277213
2025-11-05 16:00:00,88.9750600231189
2025-11-05 17:00:00,88.6091609750563
2025-11-05 18:00:00,88.5850186366195
2025-11-05 19:00:00,88.8678074713067
2025-11-05 20:00:00,88.4301076547102
2025-11-05 21:00:00,88.5330316250456
2025-11-05 22:00:00,88.7117036408089
2025-11-05 23:00:00,88.6458190823961
2025-11-06 00:00:00,87.9409455618011
2025-11-06 12:00:00,88.0996832126
2025-11-06 13:00:00,87.777132214658
2025-11-06 14:00:00,88.3312518341868
2025-11-06 15:00:00,88.7247869968567
2025-11-06 16:00:00,86.8606046816576
2025-11-06 17:00:00,88.4128297693969
2025-11-06 18:00:00,88.4795772909459
2025-11-06 19:00:00,88.1021650936581
2025-11-06 20:00:00,88.2460273449191
2025-11-06 21:00:00,86.7659649472614
2025-11-06 22:00:00,88.3425379277556
2025-11-06 23:00:00,86.9741751113261
2025-11-07 00:00:00,87.0258779132483
2025-11-07 01:00:00,88.2436884233836
2025-11-07 02:00:00,86.4486581655499
2025-11-07 03:00:00,86.8254123930275
2025-11-07 04:00:00,87.7285700188333
2025-11-07 05:00:00,89.6497748897997
2025-11-07 06:00:00,88.1406895587103
2025-11-07 07:00:00,88.8753763342417
2025-11-07 08:00:00,87.8949410261591
2025-11-07 10:00:00,88.3054296859701
2025-11-07 11:00:00,87.9927104112229
2025-11-07 12:00:00,90.0880708487139
2025-11-07 13:00:00,89.5623863104311
2025-11-07 14:00:00,88.0897990983945
2025-11-07 15:00:00,88.1733660392903
2025-11-07 16:00:00,87.3492823000861
2025-11-07 17:00:00,88.5594402622118
2025-11-07 18:00:00,65.5068290960875
2025-11-07 19:00:00,88.3123130790697
2025-11-07 20:00:00,87.4781922217155
2025-11-07 21:00:00,88.2632329793942
2025-11-07 22:00:00,87.7968214624796
2025-11-07 23:00:00,86.8630430745144
2025-11-08 00:00:00,87.4757659437564
2025-11-08 01:00:00,88.8354812413169
2025-11-08 02:00:00,88.3844834184822
2025-11-08 03:00:00,85.6270610885365
2025-11-08 04:00:00,88.2595591520625
2025-11-08 05:00:00,87.1018429609809
2025-11-08 06:00:00,89.1790922366127
2025-11-08 07:00:00,87.4533576159625
2025-11-08 08:00:00,87.2260208373399
2025-11-08 09:00:00,86.9302417636705
2025-11-08 10:00:00,87.8869534819841
2025-11-08 11:00:00,87.9342614454281
2025-11-08 12:00:00,89.0247862815522
2025-11-08 13:00:00,86.9972012394896
2025-11-08 14:00:00,88.1864094137822
2025-11-08 15:00:00,86.8761355803195
2025-11-08 16:00:00,88.8540440467307
2025-11-08 17:00:00,87.5249153163959
2025-11-08 18:00:00,89.3174209858348
2025-11-08 19:00:00,87.5534261235837
2025-11-08 20:00:00,88.7339817670313
2025-11-08 21:00:00,88.1006217731897
2025-11-08 22:00:00,88.4278196697265
2025-11-08 23:00:00,87.2530628538047
2025-11-09 00:00:00,87.0801983412615
2025-11-09 01:00:00,86.8454125628054
2025-11-09 02:00:00,87.1157729054062
2025-11-09 03:00:00,88.3869669769554
2025-11-09 04:00:00,86.7733719999857
2025-11-09 05:00:00,87.8971422516604
2025-11-09 06:00:00,88.7059070336888
2025-11-09 07:00:00,88.2952511419004
2025-11-09 09:00:00,87.6795919341565
2025-11-09 10:00:00,87.6207974947417
2025-11-09 11:00:00,87.0656722375991
2025-11-09 12:00:00,87.8255883594323
2025-11-09 13:00:00,87.1564396751095
2025-11-09 14:00:00,87.812503668508
2025-11-09 15:00:00,85.3642787625149
2025-11-09 16:00:00,86.6171851527208
2025-11-09 17:00:00,86.5399586564783
2025-11-09 18:00:00,87.3824838792256
2025-11-09 19:00:00,86.6300331134266
2025-11-09 20:00:00,87.450346654915
2025-11-09 21:00:00,87.6409951875338
2025-11-09 22:00:00,87.2792925245919
2025-11-09 23:00:00,86.6781953433147
2025-11-10 00:00:00,86.4530371810997
2025-11-10 01:00:00,86.2129762878889
2025-11-10 02:00:00,86.1661868363672
2025-11-10 03:00:00,86.1465497068637
2025-11-10 04:00:00,85.9130985293669
2025-11-10 05:00:00,85.3263858867081
2025-11-10 06:00:00,86.7289304421987
2025-11-10 07:00:00,85.1825525430668
2025-11-10 08:00:00,86.4538552890216
2025-11-10 09:00:00,87.0721780956174
2025-11-10 10:00:00,87.0892120296527
2025-11-10 11:00:00,85.5013154767676
2025-11-10 12:00:00,86.374504680501
2025-11-10 13:00:00,86.3674073215944
2025-11-10 14:00:00,84.6011726595753
2025-11-10 15:00:00,86.1476347754859
2025-11-10 16:00:00,86.556777475468
2025-11-10 17:00:00,86.8845208280979
2025-11-10 18:00:00,87.5784318268548
2025-11-10 19:00:00,85.2796026061411
2025-11-10 20:00:00,87.7103737099678
2025-11-10 21:00:00,85.6357717439237
2025-11-10 22:00:00,85.5439988625794
2025-11-10 23:00:00,85.2747682922416
2025-11-11 00:00:00,86.5748063578515
2025-11-11 01:00:00,83.4903656238687
2025-11-11 02:00:00,86.7284545332815
2025-11-11 03:00:00,85.4691404174615
2025-11-11 04:00:00,86.1252890323513
2025-11-11 05:00:00,84.9122433670408
2025-11-11 06:00:00,85.4807067232371
2025-11-11 07:00:00,74.1650682964326
2025-11-11 08:00:00,85.4655364993043
2025-11-11 09:00:00,87.3258797197837
2025-11-11 10:00:00,86.699928427196
2025-11-11 11:00:00,85.8720235414562
2025-11-11 12:00:00,84.9011276130684
2025-11-11 13:00:00,85.6750701667612
2025-11-11 14:00:00,84.915670690804
2025-11-11 15:00:00,85.5146350500117
2025-11-11 16:00:00,86.5133914936801
2025-11-11 17:00:00,85.7388241998327
2025-11-11 18:00:00,85.3847135574521
2025-11-11 19:00:00,85.4744851696044
2025-11-11 20:00:00,86.1364500252158
2025-11-12 08:00:00,85.2372245705664
2025-11-12 09:00:00,85.5307202676923
2025-11-12 10:00:00,84.2758308066172
2025-11-12 11:00:00,84.2037000967642
2025-11-12 12:00:00,85.8956862922032
2025-11-12 13:00:00,84.798314899042
2025-11-12 14:00:00,83.3415369128168
2025-11-12 15:00:00,86.1970124776234
2025-11-12 16:00:00,85.4064285404852
2025-11-12 17:00:00,85.7772046088932
2025-11-12 18:00:00,84.2210266605481
2025-11-12 19:00:00,84.3328036483597
2025-11-12 20:00:00,86.1050962053841
2025-11-12 21:00:00,85.1505993218319
2025-11-12 22:00:00,83.4217555436103
2025-11-12 23:00:00,83.9020990904109
2025-11-13 00:00:00,84.1754643380285
2025-11-13 01:00:00,83.2815878876711
2025-11-13 02:00:00,84.0230126505978
2025-11-13 03:00:00,84.7048021857308
2025-11-13 04:00:00,83.8407373179376
2025-11-13 05:00:00,84.2111666649953
2025-11-13 06:00:00,84.312183878509
2025-11-13 07:00:00,85.7146704155342
2025-11-13 08:00:00,84.3580246107716
2025-11-13 09:00:00,82.7221597927389
2025-11-13 12:00:00,84.4035558412335
2025-11-13 13:00:00,84.6612454107428
2025-11-13 14:00:00,84.0334380053816
2025-11-13 15:00:00,84.8376799381474
2025-11-13 16:00:00,86.4341880285707
2025-11-13 17:00:00,85.4256995026011
2025-11-13 18:00:00,84.8997611006745
2025-11-13 19:00:00,84.5236011399938
2025-11-13 20:00:00,84.1269771529393
2025-11-13 21:00:00,84.6900446798141
2025-11-13 22:00:00,85.4178605033027
2025-11-13 23:00:00,84.2537117328249
2025-11-14 00:00:00,83.678373919664
2025-11-14 01:00:00,85.3794437273352
2025-11-14 02:00:00,84.5365104694667
2025-11-14 03:00:00,84.4152584105269
2025-11-14 04:00:00,83.0678443323204
2025-11-14 05:00:00,83.1833023634884
2025-11-14 06:00:00,82.0535903975062
2025-11-14 07:00:00,84.0099848699747
2025-11-14 08:00:00,83.1864727972187
2025-11-14 09:00:00,84.5291368320689
2025-11-14 13:00:00,84.1210916479457
2025-11-14 14:00:00,84.3215212939795
2025-11-14 15:00:00,83.9433843563767
2025-11-14 16:00:00,82.9506799653849
2025-11-14 17:00:00,84.1653601680871
2025-11-14 18:00:00,84.3857199363858
2025-11-14 19:00:00,82.5424343890381
2025-11-14 20:00:00,84.5783691238999
2025-11-14 21:00:00,84.808222433893
2025-11-14 22:00:00,82.8503580989644
2025-11-14 23:00:00,84.0306733879691
2025-11-15 00:00:00,81.5266404103275
2025-11-15 01:00:00,83.8983616066732
2025-11-15 02:00:00,83.3690561357731
2025-11-15 03:00:00,82.028779965347
2025-11-15 04:00:00,82.5852088996884
2025-11-15 05:00:00,82.6728450505797
2025-11-15 06:00:00,83.2354166510597
2025-11-15 07:00:00,82.6692736544938
2025-11-15 08:00:00,83.9394158789191
2025-11-15 09:00:00,84.7832041726137
2025-11-15 12:00:00,83.1360432786194
2025-11-15 13:00:00,83.0774226895268
2025-11-15 14:00:00,82.1369177379079
2025-11-15 15:00:00,81.8283223734178
2025-11-15 16:00:00,83.8578290735066
2025-11-15 17:00:00,82.224621551098
2025-11-15 18:00:00,83.5282355071539
2025-11-15 19:00:00,81.9163532105154
2025-11-15 20:00:00,81.3513005759924
2025-11-15 21:00:00,82.6505537180754
2025-11-15 22:00:00,80.8118291122334
2025-11-15 23:00:00,82.1558247504344
2025-11-16 00:00:00,82.3346864411833
2025-11-16 01:00:00,82.0080382845188
2025-11-16 02:00:00,81.3259418837158
2025-11-16 03:00:00,82.7728278122658
2025-11-16 04:00:00,83.0861897097677
2025-11-16 05:00:00,81.3857981753012
2025-11-16 06:00:00,82.7116785620655
2025-11-16 07:00:00,82.0155820187074
2025-11-16 08:00:00,81.8595118074372
2025-11-16 09:00:00,80.7492141573266
2025-11-16 10:00:00,82.7696295012971
2025-11-16 11:00:00,83.2079465167435
2025-11-16 12:00:00,80.8482692864048
2025-11-16 13:00:00,80.1565958223226
2025-11-17 02:00:00,82.1141352077961
2025-11-17 03:00:00,81.1022364849328
2025-11-17 04:00:00,81.7977465776755
2025-11-17 05:00:00,81.3057938184504
2025-11-17 06:00:00,80.9377940572581
2025-11-17 07:00:00,80.9580227310412
2025-11-17 08:00:00,81.3124680743449
2025-11-17 10:00:00,81.4010118028178
2025-11-17 11:00:00,81.7917062724403
2025-11-17 12:00:00,81.9034856670643
2025-11-17 13:00:00,81.9661473492607
2025-11-17 14:00:00,
2025-11-17 15:00:00,
2025-11-17 16:00:00,
2025-11-17 17:00:00,
2025-11-17 18:00:00,
2025-11-17 19:00:00,80.7440215101255
2025-11-17 20:00:00,80.3969808082545
2025-11-17 21:00:00,82.0057417587945
2025-11-17 22:00:00,80.1736696078819
2025-11-17 23:00:00,82.169420195423
2025-11-18 00:00:00,81.3653893396278
2025-11-18 01:00:00,80.4550686999081
2025-11-18 02:00:00,80.8395039095732
2025-11-18 03:00:00,81.6828473392271
2025-11-18 04:00:00,80.9156489804398
2025-11-18 05:00:00,81.5789989596068
2025-11-18 06:00:00,80.6764270621528
2025-11-18 07:00:00,81.8961570397339
2025-11-18 08:00:00,71.5041261816239
2025-11-18 09:00:00,82.1354703966013
2025-11-18 10:00:00,80.2022644964748
2025-11-18 11:00:00,82.062546712918
2025-11-18 12:00:00,81.9867145388537
2025-11-18 13:00:00,81.4863194414622
2025-11-18 14:00:00,80.7546400150263
2025-11-18 15:00:00,80.6864930355479
2025-11-18 16:00:00,82.5474619457255
2025-11-18 17:00:00,81.3727885428279
2025-11-18 18:00:00,81.2188958538578
2025-11-18 19:00:00,82.1686814377522
2025-11-18 20:00:00,82.1134102998093
2025-11-18 21:00:00,79.9213270016827
2025-11-18 22:00:00,80.6340553008863
2025-11-18 23:00:00,80.7096461757065
2025-11-19 00:00:00,81.3134420535076
2025-11-19 01:00:00,79.1572925270811
2025-11-19 02:00:00,80.936273999221
2025-11-19 03:00:00,81.317951904236
2025-11-19 04:00:00,80.022436857639
2025-11-19 05:00:00,81.3767582762708
2025-11-19 06:00:00,81.6278490299009
2025-11-19 07:00:00,80.9126830857545
2025-11-19 08:00:00,81.1004056595261
2025-11-19 09:00:00,82.2002817494284
2025-11-19 10:00:00,81.9107271731886
2025-11-19 12:00:00,81.1874255719617
2025-11-19 13:00:00,80.5124800124703
2025-11-19 14:00:00,80.5015035519408
2025-11-19 15:00:00,80.9958326536085
2025-11-19 16:00:00,81.1281965746077
2025-11-19 17:00:00,83.2903634283422
2025-11-19 18:00:00,80.367744237223
2025-11-19 19:00:00,82.5176175680002
2025-11-19 20:00:00,81.0832088244255
2025-11-19 21:00:00,83.4417020959448
2025-11-19 22:00:00,81.856363620529
2025-11-19 23:00:00,81.2416132304239
2025-11-20 00:00:00,80.1212549842061
2025-11-20 01:00:00,80.0624513770045
2025-11-20 02:00:00,80.8462275664552
2025-11-20 03:00:00,79.6361646095398
2025-11-20 04:00:00,80.6920800345839
2025-11-20 05:00:00,81.1344816266727
2025-11-20 06:00:00,81.0838392432462
2025-11-20 07:00:00,79.5157703589083
2025-11-20 08:00:00,80.3507289444487
2025-11-20 09:00:00,79.1974863737804
2025-11-20 10:00:00,80.1902236681396
2025-11-20 11:00:00,80.3524253308613
2025-11-20 12:00:00,79.5281505281143
2025-11-20 13:00:00,80.8073437713133
2025-11-20 14:00:00,80.2603362015983
2025-11-20 15:00:00,78.7225304307343
2025-11-20 16:00:00,104.239432534066
2025-11-20 17:00:00,81.690650443312
2025-11-20 18:00:00,80.6495033546231
2025-11-20 19:00:00,80.4033764347142
2025-11-20 20:00:00,78.9640458532404
2025-11-20 21:00:00,80.6731285272364
2025-11-20 22:00:00,79.820447845636
2025-11-20 23:00:00,80.4695032572218
2025-11-21 00:00:00,78.6245726587259
2025-11-21 01:00:00,80.3480260074508
2025-11-21 02:00:00,78.8477791598935
2025-11-21 03:00:00,79.8023176803393
2025-11-21 04:00:00,80.2438632802005
2025-11-21 05:00:00,79.400861057751
2025-11-21 06:00:00,79.6262852705623
2025-11-21 08:00:00,80.1152699030846
2025-11-21 09:00:00,78.2567726250991
2025-11-21 10:00:00,79.8594600438288
2025-11-21 11:00:00,79.2504127388224
2025-11-21 12:00:00,80.1434538541225
2025-11-21 13:00:00,80.5634313557833
2025-11-21 14:00:00,78.6375185350024
2025-11-21 15:00:00,79.5836994473647
2025-11-21 16:00:00,80.254425668979
2025-11-21 17:00:00,79.4743485393049
2025-11-21 18:00:00,78.3592949837094
2025-11-21 19:00:00,79.9109358425216
2025-11-21 20:00:00,80.1002037625383
2025-11-21 21:00:00,79.0798382467883
2025-11-21 22:00:00,
2025-11-21 23:00:00,
2025-11-22 00:00:00,80.4903963842831
2025-11-22 11:00:00,79.2996020433088
2025-11-22 12:00:00,80.5788864626965
2025-11-22 13:00:00,79.6244135313028
2025-11-22 14:00:00,79.5421954192261
2025-11-22 15:00:00,80.0757239346532
2025-11-22 16:00:00,78.705872884628
2025-11-22 17:00:00,79.5685157470614
2025-11-22 18:00:00,80.2537315816988
2025-11-22 19:00:00,82.852780738112
2025-11-22 20:00:00,77.6999072315784
2025-11-22 21:00:00,77.0680105623691
2025-11-22 22:00:00,77.7031964053405
2025-11-22 23:00:00,79.1011158525462
2025-11-23 00:00:00,77.8500921832145
2025-11-23 01:00:00,78.7298797626566
2025-11-23 02:00:00,78.6211265314824
2025-11-23 03:00:00,78.865714129132
2025-11-23 04:00:00,79.2961866265243
2025-11-23 05:00:00,78.7800776970524
2025-11-23 06:00:00,79.4849217786939
2025-11-23 07:00:00,78.3400031473052
2025-11-23 08:00:00,78.6171579037022
2025-11-23 09:00:00,78.4663771427773
2025-11-23 10:00:00,78.2850458133419
2025-11-23 11:00:00,77.6428568077156
2025-11-23 13:00:00,80.9903738856635
2025-11-23 14:00:00,79.105585354774
2025-11-23 15:00:00,79.6209271518778
2025-11-23 16:00:00,77.4278911281885
2025-11-23 17:00:00,79.500917402194
2025-11-23 18:00:00,77.7509829257565
2025-11-23 19:00:00,78.5405500335616
2025-11-23 20:00:00,78.0981400638806
2025-11-23 21:00:00,77.9193073347051
2025-11-23 22:00:00,79.3648913691255
2025-11-23 23:00:00,79.3195520573531
2025-11-24 00:00:00,78.2774425443423
2025-11-24 01:00:00,78.3124975778316
2025-11-24 02:00:00,78.9159524957059
2025-11-24 03:00:00,76.3748947056363
2025-11-24 04:00:00,78.880130706621
2025-11-24 05:00:00,79.0582034842227
2025-11-24 06:00:00,78.9858614644528
2025-11-24 07:00:00,79.1597949847991
2025-11-24 08:00:00,76.894479001633
2025-11-24 09:00:00,78.4812034960008
2025-11-24 10:00:00,78.2362297263223
2025-11-24 11:00:00,78.5566290127407
2025-11-24 12:00:00,78.9377214060514
2025-11-24 13:00:00,79.218564930924
2025-11-24 14:00:00,77.8397369627592
2025-11-24 15:00:00,78.0235742112314
2025-11-24 16:00:00,78.8876980328671
2025-11-24 17:00:00,77.6613824623858
2025-11-24 18:00:00,79.0578971273528
2025-11-24 19:00:00,77.243399910843
2025-11-24 20:00:00,79.5766012755656
2025-11-24 21:00:00,78.6217546279457
2025-11-24 22:00:00,78.8499550494106
2025-11-24 23:00:00,78.5296280265505
2025-11-25 00:00:00,76.9408146551967
2025-11-25 01:00:00,76.9143668635833
2025-11-25 02:00:00,78.9118168511087
2025-11-25 03:00:00,76.9901704500578
2025-11-25 04:00:00,77.940554887936
2025-11-25 05:00:00,77.6382300251255
2025-11-25 06:00:00,78.3189921400823
2025-11-25 07:00:00,77.9639449814467
2025-11-25 08:00:00,77.1751982276442
2025-11-25 10:00:00,76.3432980919082
2025-11-25 11:00:00,77.0448899619321
2025-11-25 12:00:00,77.750415943952
2025-11-25 13:00:00,77.1084307877423
2025-11-25 14:00:00,78.5985945006215
2025-11-25 15:00:00,79.0887701467225
2025-11-25 16:00:00,78.1603057049345
2025-11-25 17:00:00,77.9794403118905
2025-11-25 18:00:00,78.1077394221584
2025-11-25 19:00:00,77.3621773334526
2025-11-25 20:00:00,77.4075926813373
2025-11-25 21:00:00,76.8992888127279
2025-11-25 22:00:00,75.8375564364693
2025-11-25 23:00:00,82.1738048544617
2025-11-26 00:00:00,76.0791867561142
2025-11-26 01:00:00,76.2019883739695
2025-11-26 02:00:00,75.2135466975889
2025-11-26 15:00:00,77.1925650307342
2025-11-26 16:00:00,76.5068186612874
2025-11-26 17:00:00,76.8883878624015
2025-11-26 18:00:00,77.3341353052002
2025-11-26 19:00:00,79.428035905157
2025-11-26 20:00:00,77.8911576420678
2025-11-26 21:00:00,76.2770635850706
2025-11-26 22:00:00,78.207768935651
2025-11-26 23:00:00,75.4664032648376
2025-11-27 00:00:00,76.7257594163244
2025-11-27 01:00:00,76.786387846969
2025-11-27 02:00:00,76.8611220475717
2025-11-27 03:00:00,75.8235453807482
2025-11-27 04:00:00,77.2166491773543
2025-11-27 05:00:00,76.5058373229146
2025-11-27 06:00:00,76.3085800931935
2025-11-27 07:00:00,77.5825055863056
2025-11-27 08:00:00,77.2668694539841
2025-11-27 10:00:00,76.3306977841195
2025-11-27 11:00:00,75.7842180619124
2025-11-27 12:00:00,77.8529155467
2025-11-27 13:00:00,76.2379979450347
2025-11-27 14:00:00,77.371416224259
2025-11-27 15:00:00,75.9153135631179
2025-11-27 16:00:00,77.0846002592897
2025-11-27 17:00:00,77.0494415629004
2025-11-27 18:00:00,75.4368070709199
2025-11-27 19:00:00,75.7575122918971
2025-11-27 20:00:00,76.6298511933941
2025-11-27 21:00:00,75.8197679538568
2025-11-27 22:00:00,76.8291445015099
2025-11-27 23:00:00,77.985830664625
2025-11-28 00:00:00,77.051792703617
2025-11-28 01:00:00,75.5450698815564
2025-11-28 02:00:00,76.0328606311209
2025-11-28 03:00:00,75.8614393930873
2025-11-28 04:00:00,76.5479662266575
2025-11-28 05:00:00,75.7595348787638
2025-11-28 06:00:00,77.5945943214
2025-11-28 07:00:00,75.4935088381537
2025-11-28 08:00:00,77.9186328528109
2025-11-28 09:00:00,76.4140558186924
2025-11-28 10:00:00,77.1739404816225
2025-11-28 11:00:00,76.5155016231596
2025-11-28 12:00:00,75.1467774274541
2025-11-28 13:00:00,76.2607234354078
2025-11-28 14:00:00,78.3761893990826
2025-11-28 15:00:00,77.2513231665582
2025-11-28 16:00:00,75.3013728799833
2025-11-28 17:00:00,76.6514409947235
2025-11-28 18:00:00,75.7199624079424
2025-11-28 19:00:00,77.5953353482641
2025-11-28 20:00:00,76.7994375431704
2025-11-28 21:00:00,76.6187830161628
2025-11-28 22:00:00,76.3882049230511
2025-11-28 23:00:00,75.5008582871979
2025-11-29 07:00:00,76.8203193530286
2025-11-29 08:00:00,77.1824383228447
2025-11-29 09:00:00,77.5451952205268
2025-11-29 10:00:00,76.9472270598476
2025-11-29 11:00:00,76.6981266674106
2025-11-29 12:00:00,76.4028953947859
2025-11-29 13:00:00,76.4859231215587
2025-11-29 14:00:00,78.1535852987524
2025-11-29 15:00:00,77.7465590601371
2025-11-29 16:00:00,76.5890149311255
2025-11-29 17:00:00,75.0468353728003
2025-11-29 18:00:00,76.0674097857619
2025-11-29 19:00:00,76.9104244666112
2025-11-29 20:00:00,76.538745362325
2025-11-30 07:00:00,88.6284573169416
2025-11-30 08:00:00,75.993769809963
2025-11-30 09:00:00,74.877132959615
2025-11-30 10:00:00,75.5176440232784
2025-11-30 11:00:00,75.380299236233
2025-11-30 12:00:00,75.1376895551211
2025-11-30 13:00:00,75.8349354327428
2025-11-30 14:00:00,74.7876431665591
2025-11-30 15:00:00,75.5768537439763
2025-11-30 16:00:00,75.9038504092461
2025-11-30 17:00:00,74.1810693002106
2025-11-30 18:00:00,76.5527086212621
2025-12-05 11:00:00,75.736378955502
2025-12-05 12:00:00,75.6809719816091
2025-12-05 13:00:00,61.6869730028566
2025-12-05 14:00:00,75.3989899563237
2025-12-05 15:00:00,74.5465625857973
2025-12-05 16:00:00,75.2724152295968
2025-12-05 17:00:00,75.1070714647649
2025-12-05 18:00:00,75.3619408556023
2025-12-05 19:00:00,75.0168355816108
2025-12-05 20:00:00,75.5202877547862
2025-12-05 21:00:00,75.250963504332
2025-12-05 22:00:00,74.9241993792852
2025-12-05 23:00:00,75.2352177692502
2025-12-06 00:00:00,75.1620969880735
2025-12-06 01:00:00,75.1264996825622
2025-12-06 02:00:00,74.9217707154667
2025-12-06 03:00:00,74.7610445879197
2025-12-06 04:00:00,74.9182850100286
2025-12-06 05:00:00,75.3328013190076
2025-12-06 06:00:00,75.7119232958312
2025-12-06 07:00:00,75.3096637048919
2025-12-06 08:00:00,74.9882954507468
2025-12-06 09:00:00,74.8186804894254
2025-12-06 23:00:00,75.3047781252351
2025-12-07 00:00:00,74.4380006807135
2025-12-07 01:00:00,73.8791959298423
2025-12-07 02:00:00,74.6392605862073
2025-12-07 03:00:00,74.2855471555269
2025-12-07 04:00:00,74.6912416466914
2025-12-07 05:00:00,73.7272889379839
2025-12-07 06:00:00,74.3201587859249
2025-12-07 07:00:00,74.8649500352618
2025-12-07 11:00:00,74.2885154562407
2025-12-07 12:00:00,74.8960433244413
2025-12-07 13:00:00,74.3274746866526
2025-12-07 14:00:00,74.041323736981
2025-12-07 15:00:00,74.2899588162313
2025-12-07 16:00:00,74.2730213333006
2025-12-07 17:00:00,74.0379303085152
2025-12-07 18:00:00,74.276976122733
2025-12-07 19:00:00,74.5170987337358
2025-12-07 20:00:00,74.3403940764406
2025-12-07 21:00:00,74.3233669233457
2025-12-07 22:00:00,74.1929383687132
2025-12-07 23:00:00,74.1618032743563
2025-12-08 00:00:00,73.8554629450646
2025-12-08 01:00:00,73.8224154622761
2025-12-08 02:00:00,73.9301914005882
2025-12-08 03:00:00,73.5554228169887
2025-12-08 04:00:00,73.7996040355406
2025-12-08 05:00:00,73.6729313555123
2025-12-08 06:00:00,74.1049728669578
2025-12-08 08:00:00,73.8355856118102
2025-12-08 10:00:00,73.934515283942
2025-12-08 11:00:00,74.0402732130112
2025-12-08 12:00:00,74.1681714120613
2025-12-08 13:00:00,74.4877951643605
2025-12-08 14:00:00,74.2154095023493
2025-12-08 15:00:00,74.1989349720893
2025-12-08 16:00:00,74.1339515290878
2025-12-08 17:00:00,73.8541804079396
2025-12-08 18:00:00,73.7202420352208
2025-12-08 19:00:00,73.6997199791587
2025-12-08 20:00:00,73.9265559670197
2025-12-08 21:00:00,73.7116862790554
2025-12-08 22:00:00,74.1966915162388
2025-12-08 23:00:00,73.7691644658481
2025-12-09 00:00:00,72.9386808402904
2025-12-09 01:00:00,69.5838916996998
2025-12-09 02:00:00,73.6258825064005
2025-12-09 03:00:00,73.5091944165246
2025-12-09 04:00:00,73.6662102084953
2025-12-09 05:00:00,73.3159176527788
2025-12-09 06:00:00,73.4996557792862
2025-12-09 07:00:00,72.9950668429875
2025-12-09 08:00:00,73.4797468306252
2025-12-09 09:00:00,73.0517447835553
2025-12-09 10:00:00,72.9634756453029
2025-12-09 11:00:00,73.4208200705323
2025-12-09 23:00:00,73.3637454137505
2025-12-10 00:00:00,72.2337796292437
2025-12-10 01:00:00,72.9347691261076
2025-12-10 02:00:00,72.4738419624201
2025-12-10 03:00:00,72.4334294842252
2025-12-10 04:00:00,72.1982640705463
2025-12-10 05:00:00,72.6584983189161
2025-12-10 06:00:00,72.129964938349
2025-12-10 07:00:00,72.2550737164633
2025-12-10 08:00:00,72.2547202429898
2025-12-10 09:00:00,72.618921106447
2025-12-10 10:00:00,72.3122922205047
2025-12-10 11:00:00,72.3456535716867
2025-12-10 12:00:00,65.4642597595433
2025-12-10 13:00:00,72.3926545759607
2025-12-10 14:00:00,72.4805265297915
2025-12-10 15:00:00,72.5071449082576
2025-12-10 16:00:00,72.3687884644555
2025-12-10 17:00:00,72.6062322629364
2025-12-10 18:00:00,72.6136216250597
2025-12-10 19:00:00,72.6005222272831
2025-12-10 20:00:00,72.6578921090993
2025-12-10 21:00:00,72.3897843395857
2025-12-10 22:00:00,72.0998645234331
2025-12-10 23:00:00,72.3682032110007
2025-12-11 00:00:00,71.5744244262618
2025-12-11 01:00:00,71.4334341246889
2025-12-11 02:00:00,71.6057189781654
2025-12-11 03:00:00,71.9146615109654
2025-12-11 04:00:00,
2025-12-11 05:00:00,
2025-12-11 06:00:00,
2025-12-11 08:00:00,
2025-12-11 11:00:00,
2025-12-11 12:00:00,71.4216306590258
2025-12-11 13:00:00,71.7197137314563
2025-12-11 14:00:00,72.0441863681788
2025-12-11 15:00:00,71.5119621753716
2025-12-11 16:00:00,71.6470500597325
2025-12-11 17:00:00,71.4833048208013
2025-12-11 18:00:00,71.6727570739019
2025-12-11 19:00:00,71.1775485870001
2025-12-11 20:00:00,71.2558394687411
2025-12-11 21:00:00,71.5792477572853
2025-12-11 22:00:00,71.8140803814735
2025-12-11 23:00:00,71.4426021739605
2025-12-12 00:00:00,71.3203126034285
2025-12-12 01:00:00,70.7008849146578
2025-12-12 02:00:00,70.3646163248282
2025-12-12 03:00:00,70.6370581158832
2025-12-12 04:00:00,70.5592290508875
2025-12-12 05:00:00,70.732772545187
2025-12-12 06:00:00,70.4537543110596
2025-12-12 07:00:00,70.7527929956109
2025-12-12 08:00:00,70.2667162533476
2025-12-12 09:00:00,70.6125878527591
2025-12-12 10:00:00,70.5152665857308
2025-12-12 11:00:00,71.0152041890254
2025-12-12 12:00:00,70.427742117022
2025-12-12 13:00:00,71.0984274068803
2025-12-12 14:00:00,70.8750114866435
2025-12-12 15:00:00,71.2791086141333
2025-12-12 16:00:00,70.6260118472456
2025-12-12 17:00:00,70.5820680795036
2025-12-12 18:00:00,70.6020948903569
2025-12-12 19:00:00,70.9329694795956
2025-12-12 20:00:00,70.5424493285412
2025-12-12 21:00:00,71.1685897527263
2025-12-12 22:00:00,70.8162698015034
2025-12-12 23:00:00,70.6720984563808
2025-12-13 00:00:00,70.2420493153457
2025-12-13 01:00:00,70.0714832072875
2025-12-13 02:00:00,70.351541013577
2025-12-13 03:00:00,70.2913981204041
2025-12-13 04:00:00,70.2995585460001
2025-12-13 05:00:00,70.3466982913486
2025-12-13 06:00:00,70.5143345587707
2025-12-13 07:00:00,
2025-12-13 08:00:00,
2025-12-13 09:00:00,69.7839772664415
2025-12-13 11:00:00,70.4051016725475
2025-12-13 13:00:00,70.6111553881334
2025-12-14 01:00:00,70.1938313120155
2025-12-14 02:00:00,70.1688109398835
2025-12-14 03:00:00,70.3377765349088
2025-12-14 04:00:00,69.8367397802458
2025-12-14 07:00:00,69.4238494057446
2025-12-14 11:00:00,70.0991135124234
2025-12-14 12:00:00,69.8471492125201
2025-12-14 13:00:00,69.785472015714
2025-12-14 14:00:00,69.8887607636152
2025-12-14 15:00:00,69.8620811581518
2025-12-14 16:00:00,70.0490527580725
2025-12-14 17:00:00,69.8897656397176
2025-12-14 18:00:00,70.0440028539471
2025-12-14 19:00:00,69.5383701622645
2025-12-14 20:00:00,69.2987374568086
2025-12-14 21:00:00,70.3737878137739
2025-12-14 22:00:00,69.70211535565
2025-12-14 23:00:00,69.6645137402363
2025-12-15 00:00:00,69.0268400331286
2025-12-15 01:00:00,69.2701684750223
2025-12-15 02:00:00,69.3624866385623
2025-12-15 03:00:00,69.9472963639664
2025-12-15 04:00:00,69.5862562667593
2025-12-15 05:00:00,69.9193879048107
2025-12-15 07:00:00,69.089714619517
2025-12-15 08:00:00,69.4055534003976
2025-12-15 09:00:00,69.4615021239134
2025-12-15 11:00:00,69.6207181866537
2025-12-15 12:00:00,69.4673832473521
2025-12-15 13:00:00,69.5334668909789
2025-12-15 14:00:00,69.1739445457875
2025-12-15 15:00:00,69.4719184431901
2025-12-15 16:00:00,69.1403855743279
2025-12-15 17:00:00,69.4487265334328
2025-12-15 18:00:00,69.4681872599219
2025-12-15 19:00:00,69.3796979268686
2025-12-15 20:00:00,69.6673694411586
2025-12-15 21:00:00,69.5295362592043
2025-12-15 22:00:00,69.2449660135295
2025-12-15 23:00:00,69.5029067541592
2025-12-16 00:00:00,69.2796559827209
2025-12-16 01:00:00,68.6329521404844
2025-12-16 02:00:00,68.9491998204169
2025-12-16 03:00:00,68.8341086426717
2025-12-16 04:00:00,69.4365753416995
2025-12-16 05:00:00,69.2221814894884
2025-12-16 06:00:00,68.9030763072983
2025-12-16 07:00:00,69.4047811948693
2025-12-16 08:00:00,68.7130509316136
2025-12-16 09:00:00,69.1872118635775
2025-12-16 10:00:00,69.1068814107658
2025-12-16 11:00:00,69.4536186105203
2025-12-16 12:00:00,69.2259440789145
2025-12-16 13:00:00,68.968854571659
2025-12-16 14:00:00,69.0162601514788
2025-12-16 15:00:00,69.2192475225164
2025-12-16 16:00:00,68.7843030775865
2025-12-16 17:00:00,69.3549367522211
2025-12-16 18:00:00,69.616978510127
2025-12-16 19:00:00,69.1581644600754
2025-12-16 20:00:00,69.1120538109417
2025-12-16 21:00:00,68.8155130447119
2025-12-16 22:00:00,68.8285006210135
2025-12-16 23:00:00,68.8500162645715
2025-12-17 00:00:00,68.4708853207737
2025-12-17 01:00:00,53.4339300097292
2025-12-17 02:00:00,68.457155553095
2025-12-17 03:00:00,68.568375479298
2025-12-17 04:00:00,69.1816125803741
2025-12-17 05:00:00,68.0015488852852
2025-12-17 06:00:00,68.2547101134214
2025-12-17 08:00:00,68.4623007309488
2025-12-17 09:00:00,68.6153782279707
2025-12-17 10:00:00,68.0814071451891
2025-12-17 11:00:00,68.4002793148209
2025-12-17 12:00:00,68.5742787097941
2025-12-17 13:00:00,68.4131698221907
2025-12-17 14:00:00,68.2117396351736
2025-12-17 15:00:00,68.6864647073393
2025-12-17 16:00:00,68.8739846793356
2025-12-17 17:00:00,68.240230558678
2025-12-17 18:00:00,68.1260054367203
2025-12-17 19:00:00,68.5074068427356
2025-12-17 20:00:00,68.54061794696
2025-12-17 21:00:00,68.5118874965913
2025-12-17 22:00:00,68.1312761403198
2025-12-17 23:00:00,68.2855849746036
2025-12-18 00:00:00,67.7858904181939
2025-12-18 01:00:00,67.9309330217321
2025-12-18 02:00:00,68.0270364782915
2025-12-18 03:00:00,67.6473041756867
2025-12-18 04:00:00,67.8737050328799
2025-12-18 05:00:00,68.1427270724725
2025-12-18 06:00:00,67.3267611734467
2025-12-18 07:00:00,67.8678272161931
2025-12-18 09:00:00,67.7898141134908
2025-12-18 11:00:00,67.9891182368915
2025-12-18 12:00:00,67.7912443697643
2025-12-18 13:00:00,68.0807015014568
2025-12-18 14:00:00,67.6378775675531
2025-12-18 15:00:00,67.8864300256078
2025-12-18 16:00:00,67.8208386573377
2025-12-18 17:00:00,68.0987595763082
2025-12-18 18:00:00,67.8545906222094
2025-12-18 19:00:00,67.7443416578328
2025-12-19 09:00:00,66.8265821239564
2025-12-19 10:00:00,67.3250704201566
2025-12-19 11:00:00,67.2241537853269
2025-12-19 12:00:00,67.2118240854866
2025-12-19 13:00:00,67.9394169497669
2025-12-19 14:00:00,67.0689513090775
2025-12-19 15:00:00,67.1493560206409
2025-12-19 16:00:00,67.4153387921301
2025-12-19 17:00:00,67.5324324847449
2025-12-19 18:00:00,66.8299477501727
2025-12-19 19:00:00,67.2477364558742
2025-12-19 20:00:00,67.6096087192665
2025-12-19 21:00:00,66.7908856465425
2025-12-19 22:00:00,67.454440982026
2025-12-19 23:00:00,67.3095954572217
2025-12-20 00:00:00,66.7675581493732
2025-12-20 01:00:00,67.5518450442797
2025-12-20 02:00:00,66.8415361291417
2025-12-20 03:00:00,67.0030051648218
2025-12-20 04:00:00,67.1460127020332
2025-12-20 05:00:00,66.7356928525948
2025-12-20 06:00:00,66.7573827830167
2025-12-20 07:00:00,66.8465012743039
2025-12-20 08:00:00,67.0241376593665
2025-12-20 10:00:00,66.7197032772445
2025-12-20 11:00:00,67.1942833135437
2025-12-20 12:00:00,66.7616202195919
2025-12-20 13:00:00,66.7666095568331
2025-12-20 14:00:00,67.1486988772722
2025-12-20 15:00:00,66.2195030425278
2025-12-20 16:00:00,67.0065794820112
2025-12-20 17:00:00,66.7989093791275
2025-12-20 18:00:00,67.1379441540408
2025-12-20 19:00:00,67.0244019738292
2025-12-20 20:00:00,67.2561343538759
2025-12-20 21:00:00,66.6830189323935
2025-12-20 22:00:00,66.8359422331873
2025-12-20 23:00:00,66.6206979009715
2025-12-21 00:00:00,66.8164261389846
2025-12-21 01:00:00,66.6039816148969
2025-12-21 02:00:00,66.6042716115049
2025-12-21 03:00:00,66.462915929671
2025-12-21 04:00:00,66.6519466776703
2025-12-21 05:00:00,67.0048196841565
2025-12-21 06:00:00,66.5901080151479
2025-12-21 07:00:00,67.4010503944149
2025-12-21 08:00:00,66.6089886697528
2025-12-21 09:00:00,66.7096926848641
2025-12-21 10:00:00,66.9081941313564
2025-12-21 11:00:00,66.8852390568969
2025-12-21 12:00:00,67.1487176229863
2025-12-21 13:00:00,67.062030207203
2025-12-21 14:00:00,67.3256930358622
2025-12-21 15:00:00,66.6788486391449
2025-12-21 16:00:00,67.1723681667495
2025-12-21 17:00:00,67.0171162973419
2025-12-21 18:00:00,66.8481603147682
2025-12-21 19:00:00,67.0945145710795
2025-12-21 20:00:00,66.943051804193
2025-12-21 21:00:00,66.7523490142246
2025-12-21 22:00:00,66.9729644567948
2025-12-21 23:00:00,66.8958867533919
2025-12-22 00:00:00,65.9933887102933
2025-12-22 01:00:00,66.3868851466271
2025-12-22 02:00:00,66.7949274609471
2025-12-22 03:00:00,66.5352892556154
2025-12-22 04:00:00,66.5469915291863
2025-12-22 05:00:00,66.1967748413271
2025-12-22 06:00:00,66.2109023744202
2025-12-22 07:00:00,66.6533884831217
2025-12-22 08:00:00,66.1367762476944
2025-12-22 09:00:00,66.0153149666835
2025-12-22 10:00:00,66.6032094269523
2025-12-22 11:00:00,66.4626288124769
2025-12-22 12:00:00,66.5114095731482
2025-12-22 13:00:00,66.877988318459
2025-12-22 14:00:00,66.3211410661173
2025-12-23 02:00:00,65.5408028192532
2025-12-23 03:00:00,65.9155269365107
2025-12-23 04:00:00,65.6653464786654
2025-12-23 05:00:00,66.0228557574221
2025-12-23 06:00:00,65.9618143196116
2025-12-23 08:00:00,65.906416960241
2025-12-23 09:00:00,65.4737388067994
2025-12-23 10:00:00,65.2265625089601
2025-12-23 11:00:00,65.7974229049689
2025-12-23 12:00:00,65.3641352313361
2025-12-23 13:00:00,65.2860755988845
2025-12-23 14:00:00,65.1695962774161
2025-12-23 15:00:00,65.7542504010341
2025-12-23 16:00:00,65.6747302757916
2025-12-23 17:00:00,66.1484884897017
2025-12-23 18:00:00,65.1570220450297
2025-12-23 19:00:00,65.4910754572312
2025-12-23 20:00:00,65.7366050661269
2025-12-23 21:00:00,65.9914449078047
2025-12-23 22:00:00,65.8417634484519
2025-12-23 23:00:00,65.6477081033277
2025-12-24 00:00:00,65.417335919366
2025-12-24 01:00:00,65.0565514051808
2025-12-24 02:00:00,65.3894037597193
2025-12-24 03:00:00,65.2822131285522
2025-12-24 04:00:00,65.433454546935
2025-12-24 05:00:00,65.589986358556
2025-12-24 07:00:00,65.4499653515765
2025-12-24 10:00:00,65.1485641856606
2025-12-24 11:00:00,64.8153282351927
2025-12-24 12:00:00,65.372978645482
2025-12-24 13:00:00,65.1606048894834
2025-12-24 14:00:00,65.1586728508366
2025-12-24 15:00:00,65.2330157319852
2025-12-24 16:00:00,65.1396082437271
2025-12-24 17:00:00,65.1106055885527
2025-12-24 18:00:00,65.1465146038336
2025-12-24 19:00:00,65.5708642522778
2025-12-24 20:00:00,65.3093965925338
2025-12-24 21:00:00,64.8765994378146
2025-12-24 22:00:00,65.2534739100555
2025-12-24 23:00:00,65.1251799335852
2025-12-25 00:00:00,64.8010822137806
2025-12-25 01:00:00,64.9818795857459
2025-12-25 02:00:00,64.8028124648932
2025-12-25 03:00:00,65.1219531013773
2025-12-25 04:00:00,65.1742409716029
2025-12-25 05:00:00,64.8315579190238
2025-12-25 06:00:00,65.0447278302102
2025-12-25 07:00:00,64.3852948161659
2025-12-25 08:00:00,64.5899000684988
2025-12-25 09:00:00,64.9756689651807
2025-12-25 10:00:00,65.2513346155064
2025-12-25 11:00:00,65.1278011456936
2025-12-25 12:00:00,64.9695250627077
2025-12-25 13:00:00,65.1659312674047
2025-12-25 14:00:00,65.2021231643312
2025-12-25 15:00:00,64.7816088215746
2025-12-25 16:00:00,65.0292102057607
2025-12-25 17:00:00,64.880500327755
2025-12-25 18:00:00,64.9809692481171
2025-12-25 19:00:00,64.828680648613
2025-12-25 20:00:00,65.4720809582156
2025-12-25 21:00:00,64.8119250316002
2025-12-25 22:00:00,64.844254857416
2025-12-25 23:00:00,65.1299682684487
2025-12-26 00:00:00,64.2418239633134
2025-12-26 01:00:00,64.3693557035782
2025-12-26 02:00:00,64.6021313666782
2025-12-26 03:00:00,64.1861613938263
2025-12-26 04:00:00,64.1112886499175
2025-12-26 05:00:00,64.3249278686733
2025-12-26 07:00:00,64.1689675745341
2025-12-26 09:00:00,63.8915639772286
2025-12-26 10:00:00,64.1911070281948
2025-12-26 23:00:00,64.0352968004234
2025-12-27 00:00:00,64.3669509515952
2025-12-27 01:00:00,63.8903296518813
2025-12-27 02:00:00,64.2465689688155
2025-12-27 03:00:00,63.6873641135022
2025-12-27 04:00:00,63.7141755819881
2025-12-27 05:00:00,63.9951192600844
2025-12-27 06:00:00,63.739513996728
2025-12-27 07:00:00,63.8904867259008
2025-12-27 09:00:00,63.3913309606115
2025-12-27 10:00:00,63.6441194696819
2025-12-27 11:00:00,63.7346648946324
2025-12-27 12:00:00,64.3437752919586
2025-12-27 13:00:00,63.5334941460055
2025-12-27 14:00:00,64.4494204437984
2025-12-27 15:00:00,63.7715372143368
2025-12-27 16:00:00,63.8557609657477
2025-12-27 17:00:00,64.3479031362957
2025-12-27 18:00:00,63.8825233010657
2025-12-27 19:00:00,64.3105744690194
2025-12-27 20:00:00,63.8488177405029
2025-12-27 21:00:00,63.8824642486331
2025-12-27 22:00:00,64.2117798551286
2025-12-27 23:00:00,63.8663233933975
2025-12-28 00:00:00,
2025-12-28 01:00:00,
2025-12-28 02:00:00,
2025-12-28 03:00:00,
2025-12-28 04:00:00,
2025-12-28 05:00:00,
2025-12-28 06:00:00,
2025-12-28 07:00:00,
2025-12-28 08:00:00,
2025-12-28 09:00:00,
2025-12-28 11:00:00,
2025-12-28 12:00:00,
2025-12-28 13:00:00,
2025-12-28 14:00:00,
2025-12-28 15:00:00,
2025-12-28 16:00:00,
2025-12-28 17:00:00,
2025-12-28 18:00:00,
2025-12-28 19:00:00,
2025-12-28 20:00:00,
2025-12-28 21:00:00,
2025-12-28 22:00:00,
2025-12-28 23:00:00,
2025-12-29 00:00:00,74.1450490227866
2025-12-29 11:00:00,74.2082060673949
2025-12-29 13:00:00,73.9044223017897
2025-12-29 14:00:00,74.2001741657403
2025-12-29 15:00:00,74.2787110711638
2025-12-29 16:00:00,74.1624334331988
2025-12-29 17:00:00,74.0585195188683
2025-12-29 18:00:00,74.2324475984106
2025-12-29 19:00:00,73.7897931560404
2025-12-29 20:00:00,73.9338228622749
2025-12-29 21:00:00,74.1889797537193
2025-12-29 22:00:00,74.2521056655003
2025-12-29 23:00:00,74.2527349931455
2025-12-30 00:00:00,73.5627229223643
2025-12-30 01:00:00,73.8174082135714
2025-12-30 02:00:00,73.8613537043733
2025-12-30 03:00:00,73.8342300230571
2025-12-30 04:00:00,73.8573050538265
2025-12-30 05:00:00,73.9295670354579
2025-12-30 06:00:00,73.6817058575126
2025-12-30 07:00:00,73.6551516746137
2025-12-30 09:00:00,73.5724675752934
2025-12-30 10:00:00,73.7294955762397
2025-12-30 11:00:00,73.608451818464
2025-12-30 12:00:00,73.5411476304899
2025-12-30 13:00:00,73.6773204845521
2025-12-30 14:00:00,73.7239077029412
2025-12-30 15:00:00,73.5947066031655
2025-12-30 16:00:00,73.8586619712975
2025-12-30 17:00:00,73.3420177241294
2025-12-30 18:00:00,73.6931766809831
2025-12-30 19:00:00,73.5162424860245
2025-12-30 20:00:00,73.6087463285629
2025-12-30 21:00:00,73.8002955953812
2025-12-30 22:00:00,73.6347021448791
2025-12-30 23:00:00,73.6167135809668
2025-12-31 00:00:00,72.9838794986915
2025-12-31 01:00:00,73.0379694618769
2025-12-31 02:00:00,73.2415692613224
2025-12-31 03:00:00,73.0578702287268
2025-12-31 04:00:00,72.9301756176272
2025-12-31 05:00:00,72.9855464684529
2025-12-31 06:00:00,73.2549146319923
2025-12-31 07:00:00,73.220019800334
2025-12-31 08:00:00,73.1873616256716
2025-12-31 10:00:00,72.9353901918945
2025-12-31 11:00:00,73.0539970685101
2025-12-31 12:00:00,73.169234833582
2025-12-31 13:00:00,73.2526042819937
2025-12-31 14:00:00,73.150675677158
2025-12-31 15:00:00,73.1293360949628
2025-12-31 16:00:00,73.1720361912879
2025-12-31 17:00:00,73.2018864366991
2025-12-31 18:00:00,73.2260099699166
2025-12-31 19:00:00,73.2170445118161
2025-12-31 20:00:00,72.7326023520668
2025-12-31 21:00:00,72.9523082070973
2025-12-31 22:00:00,72.9095259497212
2025-12-31 23:00:00,72.9780422165778
2026-01-01 00:00:00,72.4659697814769
2026-01-01 01:00:00,72.6514740567084
2026-01-01 02:00:00,72.9048799140977
2026-01-01 03:00:00,72.0942560081075
2026-01-01 04:00:00,72.8893814168129
2026-01-01 05:00:00,72.6357025348551
2026-01-01 06:00:00,72.0188801055602
2026-01-01 07:00:00,72.7068635153393
2026-01-01 10:00:00,73.1830457411575
2026-01-01 11:00:00,72.2378125182066
2026-01-01 12:00:00,71.940573494141
2026-01-01 13:00:00,72.6264468746348
2026-01-01 14:00:00,71.7689298269517
2026-01-01 15:00:00,73.1304183710774
2026-01-01 16:00:00,72.0360942707907
2026-01-01 17:00:00,71.4743412433146
2026-01-01 18:00:00,72.5742601783812
2026-01-01 19:00:00,72.2515536158951
2026-01-01 20:00:00,72.8555154680446
2026-01-01 21:00:00,71.9746652491177
2026-01-01 22:00:00,73.3947420430207
2026-01-01 23:00:00,72.7089514814035
2026-01-02 00:00:00,70.708576050987
2026-01-02 01:00:00,71.6080848620513
2026-01-02 14:00:00,72.0692331551769
2026-01-02 16:00:00,71.4642860679663
2026-01-02 17:00:00,72.3374050949779
2026-01-02 18:00:00,71.881580902403
2026-01-02 19:00:00,71.9844627966693
2026-01-02 20:00:00,72.7825343828439
2026-01-02 21:00:00,71.7828832034874
2026-01-02 22:00:00,72.9177779606084
2026-01-02 23:00:00,71.7599441108788
2026-01-03 00:00:00,71.0844009485887
2026-01-03 01:00:00,71.2743572906709
2026-01-03 02:00:00,72.0291896024723
2026-01-03 03:00:00,71.6101428960669
2026-01-03 04:00:00,72.4991251726702
2026-01-03 05:00:00,71.0594978018676
2026-01-03 06:00:00,71.8191566929626
2026-01-03 07:00:00,70.4600884628783
2026-01-03 08:00:00,71.6538339813128
2026-01-03 09:00:00,73.9297758670521
2026-01-03 10:00:00,72.3433117085752
2026-01-03 11:00:00,71.3536852668103
2026-01-03 12:00:00,71.3129799328994
2026-01-03 13:00:00,70.4920550530073
2026-01-03 14:00:00,71.3285597778361
2026-01-03 15:00:00,72.1036400238434
2026-01-03 16:00:00,72.1344329104066
2026-01-03 17:00:00,70.9364756826043
2026-01-03 18:00:00,71.0287757736436
2026-01-03 19:00:00,71.6433618357907
2026-01-03 20:00:00,70.8441693141832
2026-01-03 21:00:00,71.2406827697609
2026-01-03 22:00:00,70.7484328934549
2026-01-03 23:00:00,71.2909886804743
2026-01-04 00:00:00,70.8962546739764
2026-01-04 01:00:00,71.2802685892872
2026-01-04 02:00:00,71.4183141128801
2026-01-04 03:00:00,70.3951861334982
2026-01-04 04:00:00,71.5559547505659
2026-01-04 05:00:00,70.8948532033605
2026-01-04 06:00:00,70.578811230158
2026-01-04 09:00:00,70.9640799551731
2026-01-04 10:00:00,71.1671036513209
2026-01-04 11:00:00,71.6968800079464
2026-01-04 12:00:00,70.7663883574615
2026-01-04 13:00:00,71.1393770770439
2026-01-04 14:00:00,70.9079637132746
2026-01-04 15:00:00,71.060667508154
2026-01-04 16:00:00,70.778945095027
2026-01-04 17:00:00,71.2431759596138
2026-01-04 18:00:00,71.0994807513756
2026-01-04 19:00:00,69.9704290160918
2026-01-04 20:00:00,70.1351666582985
2026-01-04 21:00:00,71.2543202696383
2026-01-04 22:00:00,70.4846706941492
2026-01-04 23:00:00,71.2819142392532
2026-01-05 00:00:00,70.2710795038708
2026-01-05 01:00:00,69.8420947255892
2026-01-05 02:00:00,70.0936387218512
2026-01-05 03:00:00,69.8254267178637
2026-01-05 04:00:00,70.6269033844439
2026-01-05 05:00:00,69.5147214855118
2026-01-05 06:00:00,70.5913913006452
2026-01-05 07:00:00,69.9623386051671
2026-01-05 08:00:00,70.4596557198288
2026-01-05 10:00:00,70.0053076311937
2026-01-05 11:00:00,70.150950586826
2026-01-05 12:00:00,69.809497381697
2026-01-05 13:00:00,69.652958901436
2026-01-05 14:00:00,69.555102216907
2026-01-05 15:00:00,70.7672006662568
2026-01-05 16:00:00,70.3136328056399
2026-01-05 17:00:00,69.6752586274986
2026-01-05 18:00:00,70.5693028483959
2026-01-05 19:00:00,70.4483308454473
2026-01-05 20:00:00,70.8623539228348
2026-01-05 21:00:00,69.6916462280349
2026-01-05 22:00:00,70.8231444950077
2026-01-05 23:00:00,70.8515364012903
2026-01-06 00:00:00,70.1171325321591
2026-01-06 01:00:00,70.0147097207284
2026-01-06 02:00:00,70.1217585744691
2026-01-06 03:00:00,69.2547555098181
2026-01-06 04:00:00,70.6163931396488
2026-01-06 05:00:00,69.3334973511459
2026-01-06 06:00:00,70.8869245560004
2026-01-06 08:00:00,70.5057921936948
2026-01-06 09:00:00,70.0180739147663
2026-01-06 12:00:00,70.7884948674728
2026-01-06 13:00:00,69.0405807817719
2026-01-06 14:00:00,70.6528801199518
2026-01-06 15:00:00,70.1176040555193
2026-01-06 16:00:00,69.1100547335438
2026-01-06 17:00:00,69.2217473631265
2026-01-07 06:00:00,69.5030685064799
2026-01-07 09:00:00,69.8255641477501
2026-01-07 10:00:00,68.9163185754227
2026-01-07 11:00:00,68.8736201976037
2026-01-07 12:00:00,69.9160878682444
2026-01-07 13:00:00,69.3720967635261
2026-01-07 14:00:00,69.1656335567126
2026-01-07 15:00:00,69.7743127403201
2026-01-07 16:00:00,68.6081862187839
2026-01-07 17:00:00,69.5853232211886
2026-01-07 18:00:00,68.8317038350787
2026-01-07 19:00:00,69.3002767187188
2026-01-07 20:00:00,68.4581412871225
2026-01-07 21:00:00,68.8512814173503
2026-01-07 22:00:00,69.0771588922948
2026-01-07 23:00:00,68.9933363950364
2026-01-08 00:00:00,68.2050365236181
2026-01-08 01:00:00,68.3740334687557
2026-01-08 02:00:00,68.5342624624228
2026-01-08 03:00:00,68.637383964407
2026-01-08 04:00:00,53.358126081013
2026-01-08 05:00:00,69.277860950111
2026-01-08 06:00:00,67.8775287807036
2026-01-08 07:00:00,68.3398413424733
2026-01-08 09:00:00,68.8548354132627
2026-01-08 10:00:00,68.1504045188529
2026-01-08 11:00:00,67.3365723598009
2026-01-08 12:00:00,67.3200183304582
2026-01-08 13:00:00,68.0480710317478
2026-01-08 14:00:00,68.6837714393486
2026-01-08 15:00:00,69.3585075659903
2026-01-08 16:00:00,68.9793918515764
2026-01-08 17:00:00,69.7131985324454
2026-01-08 18:00:00,68.9651924206415
2026-01-08 19:00:00,68.3842112995883
2026-01-08 20:00:00,68.3009785524559
2026-01-08 21:00:00,69.5579115340006
2026-01-08 22:00:00,69.2873252854047
2026-01-08 23:00:00,68.7812328042854
2026-01-09 00:00:00,66.7425357205779
2026-01-09 01:00:00,67.9215980400729
2026-01-09 02:00:00,67.0956075281751
2026-01-09 03:00:00,67.877664053557
2026-01-09 04:00:00,67.7315845978509
2026-01-09 05:00:00,67.9788487133437
2026-01-09 06:00:00,67.8831182030755
2026-01-09 07:00:00,67.0028348319486
2026-01-09 09:00:00,67.8959272066257
2026-01-09 11:00:00,67.273434796278
2026-01-09 12:00:00,66.6327516513419
2026-01-09 13:00:00,67.5438805385802
2026-01-09 14:00:00,67.2320375432566
2026-01-09 15:00:00,67.8197046333547
2026-01-09 16:00:00,66.5048872706141
2026-01-09 17:00:00,67.097654695934
2026-01-09 18:00:00,67.7594882448532
2026-01-09 19:00:00,66.8646175168234
2026-01-09 20:00:00,67.0753667645811
2026-01-09 21:00:00,67.7862220756386
2026-01-09 22:00:00,67.1162990600527
2026-01-09 23:00:00,67.1631112763286
2026-01-10 00:00:00,66.4793958664337
2026-01-10 01:00:00,65.7462247012355
2026-01-10 02:00:00,66.252728136384
2026-01-10 03:00:00,66.6180211679838
2026-01-10 04:00:00,66.8288705827843
2026-01-10 05:00:00,66.4305374769979
2026-01-10 06:00:00,67.1190742384844
2026-01-10 07:00:00,66.7685191580257
2026-01-10 08:00:00,65.457594785114
2026-01-10 13:00:00,66.2474952705411
2026-01-10 14:00:00,65.6049413409401
2026-01-10 15:00:00,66.8133159182944
2026-01-10 16:00:00,65.6901167314075
2026-01-10 17:00:00,66.1590814097897
2026-01-10 18:00:00,66.6255521754966
2026-01-10 19:00:00,66.620291340659
2026-01-10 20:00:00,66.4276911407968
2026-01-10 21:00:00,66.8635764947373
2026-01-10 22:00:00,56.5316046261851
2026-01-10 23:00:00,65.9816147230811
2026-01-11 00:00:00,66.9242646432242
2026-01-11 01:00:00,66.7156480708514
2026-01-11 02:00:00,66.659967531701
2026-01-11 03:00:00,66.0791016819862
2026-01-11 07:00:00,65.6347252500421
2026-01-11 13:00:00,65.9620207357274
2026-01-11 14:00:00,66.333459976852
2026-01-11 16:00:00,65.6924872548438
2026-01-11 17:00:00,66.5992756929566
2026-01-11 18:00:00,65.6876939708547
2026-01-11 19:00:00,66.1290210700608
2026-01-11 20:00:00,64.6787945573806
2026-01-11 21:00:00,65.7312516520846
2026-01-11 22:00:00,66.32327673919
2026-01-11 23:00:00,66.2448111871525
2026-01-12 00:00:00,65.2414970666698
2026-01-12 01:00:00,65.2694272396493
2026-01-12 02:00:00,64.4703058868219
2026-01-12 03:00:00,64.2296821757681
2026-01-12 04:00:00,64.7905318252076
2026-01-12 05:00:00,52.4485404522263
2026-01-12 06:00:00,64.2146419285546
2026-01-12 07:00:00,65.4363474857102
2026-01-12 10:00:00,64.9646477970211
2026-01-12 11:00:00,65.3223413075734
2026-01-12 12:00:00,64.3186546161697
2026-01-12 13:00:00,64.0205614437044
2026-01-12 14:00:00,64.3699620786487
2026-01-12 15:00:00,64.6645588742531
2026-01-12 16:00:00,64.2904935454145
2026-01-12 17:00:00,65.1852096335149
2026-01-12 18:00:00,64.254855359238
2026-01-12 19:00:00,64.2205248316632
2026-01-12 20:00:00,64.5127215125975
2026-01-12 21:00:00,65.1949349311888
2026-01-12 22:00:00,64.499228216643
2026-01-12 23:00:00,64.9843974735232
2026-01-13 10:00:00,64.0613962225634
2026-01-13 11:00:00,64.5346873304559
2026-01-13 12:00:00,63.0070714883692
2026-01-13 13:00:00,63.8844587635525
2026-01-13 14:00:00,64.2512386154667
2026-01-13 15:00:00,63.5664624805949
2026-01-13 16:00:00,62.9488057812268
2026-01-13 17:00:00,63.0409969094352
2026-01-13 18:00:00,63.8348657104688
2026-01-13 19:00:00,63.4496530069535
2026-01-13 20:00:00,63.6597758259602
2026-01-13 21:00:00,63.1199181022112
2026-01-13 22:00:00,63.0669519953847
2026-01-13 23:00:00,64.3880746912903
2026-01-14 00:00:00,63.5511937935386
2026-01-14 01:00:00,63.4307601269836
2026-01-14 02:00:00,63.2516766272045
2026-01-14 03:00:00,62.7416670907752
2026-01-14 04:00:00,63.5440387244886
2026-01-14 05:00:00,62.2744060087256
2026-01-14 06:00:00,63.263265332961
2026-01-14 07:00:00,63.5827015636774
2026-01-14 08:00:00,63.4866125748468
2026-01-14 10:00:00,64.0541669661585
2026-01-14 11:00:00,63.2903762766029
2026-01-14 12:00:00,63.1351418133281
2026-01-14 13:00:00,63.1782490049936
2026-01-14 14:00:00,62.1192656902457
2026-01-14 15:00:00,63.3432399554283
2026-01-14 16:00:00,63.6206593217688
2026-01-14 17:00:00,63.2291729823142
2026-01-14 18:00:00,63.6915188108748
2026-01-14 19:00:00,63.3215474912588
2026-01-14 20:00:00,62.59569191817
2026-01-14 21:00:00,62.7694484523973
2026-01-14 22:00:00,63.948648486313
2026-01-14 23:00:00,63.578175483219
2026-01-15 00:00:00,62.2048266845668
2026-01-15 01:00:00,62.7072780722999
2026-01-15 02:00:00,62.2931257686858
2026-01-15 03:00:00,63.0259818915923
2026-01-15 04:00:00,61.6075266941034
2026-01-15 05:00:00,62.4426984712236
2026-01-15 06:00:00,62.1426819709775
2026-01-15 07:00:00,61.9968942686642
2026-01-15 10:00:00,61.4316644769345
2026-01-15 11:00:00,62.3973091203319
2026-01-15 12:00:00,54.8288823432876
2026-01-15 13:00:00,62.5406388124163
2026-01-15 14:00:00,61.2482146845536
2026-01-15 15:00:00,61.9389883277969
2026-01-15 16:00:00,57.8616445254467
2026-01-15 17:00:00,62.3071262116918
2026-01-15 18:00:00,61.8443385258216
2026-01-15 19:00:00,61.4820358681092
2026-01-15 20:00:00,61.8471955400413
2026-01-15 21:00:00,62.2146015986973
2026-01-15 22:00:00,63.1629017086274
2026-01-15 23:00:00,62.3299702106206
2026-01-16 00:00:00,62.3689132161814
2026-01-16 01:00:00,62.7293908838027
2026-01-16 02:00:00,61.4032875896086
2026-01-16 03:00:00,62.5438973954677
2026-01-16 04:00:00,62.2127701464827
2026-01-16 05:00:00,62.3387379820596
2026-01-16 06:00:00,61.9662604227473
2026-01-16 07:00:00,62.293246568863
2026-01-16 10:00:00,63.1806100517514
2026-01-16 11:00:00,62.2873281940808
2026-01-16 12:00:00,61.8745224743223
2026-01-16 13:00:00,61.6190604973452
2026-01-16 14:00:00,61.5315335791491
2026-01-16 15:00:00,62.6072961156725
2026-01-16 16:00:00,63.0281727602418
2026-01-16 17:00:00,61.3963716030848
2026-01-16 18:00:00,61.2387572499658
2026-01-16 19:00:00,62.9114547755485
2026-01-16 20:00:00,60.9310263140953
2026-01-16 21:00:00,62.1148392060215
2026-01-16 22:00:00,62.5760422781942
2026-01-16 23:00:00,61.4680230262406
2026-01-17 00:00:00,61.9107161945398
2026-01-17 01:00:00,61.0716733121123
2026-01-17 12:00:00,61.3040448042306
2026-01-17 13:00:00,61.7515580108325
2026-01-17 14:00:00,61.1705121345024
2026-01-17 15:00:00,61.838403996097
2026-01-17 16:00:00,60.9424187402133
2026-01-17 17:00:00,62.4707580132049
2026-01-17 18:00:00,61.7686136505103
2026-01-17 19:00:00,61.4836589671425
2026-01-17 20:00:00,61.6752355157848
2026-01-17 21:00:00,61.0896065560539
2026-01-17 22:00:00,61.2106042984467
2026-01-17 23:00:00,61.916346931595
2026-01-18 00:00:00,61.0726953318538
2026-01-18 01:00:00,60.6782844643641
2026-01-18 02:00:00,60.4399058002414
2026-01-18 03:00:00,60.5122713989907
2026-01-18 04:00:00,59.9745748350078
2026-01-18 05:00:00,60.9890723484862
2026-01-18 06:00:00,60.2335165964864
2026-01-18 07:00:00,60.4817876169315
2026-01-18 12:00:00,59.9110010382989
2026-01-18 13:00:00,60.7581458597397
2026-01-18 14:00:00,60.4843928617437
2026-01-18 15:00:00,60.4610509371002
2026-01-18 16:00:00,61.496873446995
2026-01-18 17:00:00,60.4286723056908
2026-01-18 18:00:00,60.5716525086057
2026-01-18 19:00:00,60.99529172275
2026-01-18 20:00:00,60.6061923652998
2026-01-19 08:00:00,61.0337288566184
2026-01-19 09:00:00,59.9056632548539
2026-01-19 10:00:00,59.2647727192827
2026-01-19 11:00:00,59.8319226486722
2026-01-19 12:00:00,59.5444702809061
2026-01-19 13:00:00,59.8726808045909
2026-01-19 14:00:00,58.8566171950838
2026-01-19 15:00:00,59.6668746154505
2026-01-19 16:00:00,59.1846731343333
2026-01-19 17:00:00,60.0424946604152
2026-01-19 18:00:00,60.26941046108
2026-01-19 19:00:00,59.44578075549
2026-01-19 20:00:00,59.2301335956658
2026-01-19 21:00:00,59.8378271605908
2026-01-19 22:00:00,59.8960382388799
2026-01-19 23:00:00,59.8488092208096
2026-01-20 00:00:00,59.1500802722388
2026-01-20 06:00:00,58.6527997741134
2026-01-20 12:00:00,58.1040822467578
2026-01-20 18:00:00,58.5333778009435
2026-01-21 00:00:00,58.4386999660983
2026-01-21 06:00:00,58.2490744182113
2026-01-21 12:00:00,57.8772570184126
2026-01-21 18:00:00,58.5909929184689
2026-01-22 00:00:00,56.997173598423
2026-01-22 06:00:00,58.3377315309804
2026-01-22 12:00:00,57.864358720642
2026-01-22 18:00:00,57.3375735052132
2026-01-23 00:00:00,56.6137362954986
2026-01-23 06:00:00,57.0837823273594
2026-01-23 12:00:00,57.4084241770896
2026-01-23 18:00:00,56.9766854803946
2026-01-24 00:00:00,56.2298649003377
2026-01-24 06:00:00,56.2383500737497
2026-01-24 12:00:00,55.3668517529197
2026-01-24 18:00:00,56.1976649979644
2026-01-25 00:00:00,56.2008831904077
2026-01-25 06:00:00,55.6761030296542
2026-01-25 12:00:00,55.5613627098591
2026-01-25 18:00:00,55.3869829677241
2026-01-26 00:00:00,54.6995736254729
2026-01-26 06:00:00,54.0242753019572
2026-01-26 12:00:00,54.9855536223564
2026-01-26 18:00:00,54.9995107519392
2026-01-27 00:00:00,54.4934632258496
2026-01-27 06:00:00,54.5963461369224
2026-01-27 12:00:00,55.2490675045307
2026-01-27 18:00:00,53.4853249595129
2026-01-28 00:00:00,53.2955738978641
2026-01-28 06:00:00,53.3805749431715
2026-01-28 12:00:00,54.1668449035933
2026-01-28 18:00:00,54.132192237929
2026-01-29 00:00:00,54.0806789601049
2026-01-29 06:00:00,54.7007475446277
2026-01-29 12:00:00,53.9194392922091
2026-01-29 18:00:00,55.0372527108888
2026-01-30 00:00:00,52.990020080677
2026-01-30 06:00:00,53.1606410619809
2026-01-30 12:00:00,52.7923768481925
2026-01-30 18:00:00,53.4658650073161
2026-01-31 00:00:00,53.9303985519192
2026-01-31 06:00:00,53.8641465265956
2026-01-31 12:00:00,53.5587664091726
2026-01-31 18:00:00,52.6084476018825
2026-02-01 00:00:00,
2026-02-01 06:00:00,
2026-02-01 12:00:00,
2026-02-01 18:00:00,
2026-02-02 00:00:00,51.8233226373424
2026-02-02 06:00:00,54.3026079519349
2026-02-02 12:00:00,51.9006552203895
2026-02-02 18:00:00,51.8627695978353
2026-02-03 00:00:00,51.4720644132179
2026-02-03 06:00:00,51.5158224842358
2026-02-03 12:00:00,51.6798140580002
2026-02-03 18:00:00,51.6650396563529
2026-02-04 00:00:00,51.685256898637
2026-02-04 06:00:00,51.2027225462276
2026-02-04 12:00:00,51.3486445576283
2026-02-04 18:00:00,51.8685834442077
2026-02-05 00:00:00,50.4586453423105
2026-02-05 06:00:00,50.7593812404407
2026-02-05 12:00:00,51.0895411898931
2026-02-05 18:00:00,51.2533755169736
2026-02-06 00:00:00,50.0118062178606
2026-02-06 06:00:00,50.9223237763342
2026-02-06 12:00:00,49.8119178626898
2026-02-06 18:00:00,50.0527991294625
2026-02-07 00:00:00,49.4308738159454
2026-02-07 06:00:00,49.4860821488957
2026-02-07 12:00:00,50.3219600025279
2026-02-07 18:00:00,49.9678069079664
2026-02-08 00:00:00,49.2308389387761
2026-02-08 06:00:00,49.2257373381155
2026-02-08 12:00:00,37.6306352761806
2026-02-08 18:00:00,48.6985777962089
2026-02-09 00:00:00,
2026-02-09 06:00:00,
2026-02-09 12:00:00,
2026-02-09 18:00:00,
2026-02-10 00:00:00,67.0295854294458
2026-02-10 06:00:00,66.6306492297318
2026-02-10 12:00:00,67.1022772551739
2026-02-10 18:00:00,67.1943435717375
2026-02-11 00:00:00,65.7347080473859
2026-02-11 06:00:00,65.5262129720056
2026-02-11 12:00:00,65.5697712261675
2026-02-11 18:00:00,65.7150507101907
2026-02-12 00:00:00,65.6419392867742
2026-02-12 06:00:00,65.8039457075954
2026-02-12 12:00:00,65.2759149974694
2026-02-12 18:00:00,65.2830545684215
2026-02-13 00:00:00,64.1336006074514
2026-02-13 06:00:00,64.6367479620283
2026-02-13 12:00:00,64.4219533413438
2026-02-13 18:00:00,64.5010778391469
2026-02-14 00:00:00,63.5923029283671
2026-02-14 06:00:00,64.2130094336837
2026-02-14 12:00:00,64.1235118319633
2026-02-14 18:00:00,63.5800753263146
2026-02-15 00:00:00,63.007410874753
2026-02-15 06:00:00,63.036793438317
2026-02-15 12:00:00,63.2907013392379
2026-02-15 18:00:00,63.530157261809
2026-02-16 00:00:00,62.1093682839723
2026-02-16 06:00:00,62.0631329988271
2026-02-16 12:00:00,62.1187168436353
2026-02-16 18:00:00,62.5873589327055
2026-02-17 00:00:00,51.5502754356738
2026-02-17 06:00:00,61.5396409010889
2026-02-17 12:00:00,61.2420658623054
2026-02-17 18:00:00,61.7431544680752
2026-02-18 00:00:00,60.886698130951
2026-02-18 06:00:00,61.0731633370672
2026-02-18 12:00:00,62.1226978604053
2026-02-18 18:00:00,61.2684722731066
2026-02-19 00:00:00,60.0737232116637
2026-02-19 06:00:00,61.3088549496658
2026-02-19 12:00:00,60.402003810036
2026-02-19 18:00:00,61.2742725504761
2026-02-20 00:00:00,60.0512704881221
2026-02-20 06:00:00,60.5624234596727
2026-02-20 12:00:00,60.2430333544142
2026-02-20 18:00:00,60.1008222652917
2026-02-21 00:00:00,59.5947399836845
2026-02-21 06:00:00,59.0700484689991
2026-02-21 12:00:00,59.6336582349794
2026-02-21 18:00:00,60.0271203320892
2026-02-22 00:00:00,58.5468824621909
2026-02-22 06:00:00,58.5523883566529
2026-02-22 12:00:00,58.3598305110236
2026-02-22 18:00:00,
2026-02-23 00:00:00,
2026-02-23 06:00:00,
2026-02-23 12:00:00,
2026-02-23 18:00:00,57.8646504432048
2026-02-24 00:00:00,56.5477273956324
2026-02-24 06:00:00,57.0728894002248
2026-02-24 12:00:00,57.275074355527
2026-02-24 18:00:00,56.7395190301152
2026-02-25 00:00:00,56.202767000667
2026-02-25 06:00:00,56.8040876593541
2026-02-25 12:00:00,57.1156844756227
2026-02-25 18:00:00,56.5307150114062
2026-02-26 00:00:00,55.4457652565236
2026-02-26 06:00:00,55.6398969668391
2026-02-26 12:00:00,55.1353064023129
2026-02-26 18:00:00,54.8886726985801
2026-02-27 00:00:00,53.9395737792476
2026-02-27 06:00:00,53.7026063364504
2026-02-27 12:00:00,53.883390667644
2026-02-27 18:00:00,53.1505985952058
2026-02-28 00:00:00,52.8447370995526
2026-02-28 06:00:00,53.2478757311899
2026-02-28 12:00:00,53.4913231048712
2026-02-28 18:00:00,53.2758986827374
2026-03-01 00:00:00,54.235892437389
2026-03-01 06:00:00,53.5880748599275
2026-03-01 12:00:00,52.8250494934263
2026-03-01 18:00:00,52.3341348679509
2026-03-02 00:00:00,51.8584538067245
2026-03-02 06:00:00,53.1162804336074
2026-03-02 12:00:00,54.3616804146685
2026-03-02 18:00:00,51.6337458370967
2026-03-03 00:00:00,51.9249126243998
2026-03-03 06:00:00,52.8966080213957
2026-03-03 12:00:00,51.4208250635843
2026-03-03 18:00:00,52.6674914470469
2026-03-04 00:00:00,51.7851508235472
2026-03-04 06:00:00,51.3847702313647
2026-03-04 12:00:00,52.0096577078581
2026-03-04 18:00:00,52.5280066496496
2026-03-05 00:00:00,52.1497198262354
2026-03-05 06:00:00,52.5039558517609
2026-03-05 12:00:00,51.7185904421595
2026-03-05 18:00:00,51.6703077485915
2026-03-06 00:00:00,51.5979586462829
2026-03-06 06:00:00,50.8461161666891
2026-03-06 12:00:00,53.1185094556086
2026-03-06 18:00:00,52.045969635092
2026-03-07 00:00:00,50.6000610083641
2026-03-07 06:00:00,50.8030377106403
2026-03-07 12:00:00,50.8222562113843
2026-03-07 18:00:00,51.1717479673228
2026-03-08 00:00:00,50.9697293403377
2026-03-08 06:00:00,50.3853761158118
2026-03-08 12:00:00,50.5028656399361
2026-03-08 18:00:00,50.8280397774678
2026-03-09 00:00:00,50.3567883752536
2026-03-09 06:00:00,50.2026002978621
2026-03-09 12:00:00,49.7668456587365
2026-03-09 18:00:00,51.1067400625041
2026-03-10 00:00:00,50.8323273694439
2026-03-10 06:00:00,49.482983734392
2026-03-10 12:00:00,50.6549842733266
2026-03-10 18:00:00,50.607513250705
2026-03-11 00:00:00,51.0557906417689
2026-03-11 06:00:00,49.7873863134352
2026-03-11 12:00:00,50.4097065912804
2026-03-11 18:00:00,50.1383264526962
2026-03-12 00:00:00,49.6466981402101
2026-03-12 06:00:00,49.9864063644185
2026-03-12 12:00:00,49.9791550126154
2026-03-12 18:00:00,49.8114255708581
2026-03-13 00:00:00,49.1984323841903
2026-03-13 06:00:00,49.7423943975076
2026-03-13 12:00:00,49.719991009033
2026-03-13 18:00:00,50.165835444474
2026-03-14 00:00:00,48.973479433924
2026-03-14 06:00:00,49.0738872142663
2026-03-14 12:00:00,49.251046353431
2026-03-14 18:00:00,49.7757335152002
2026-03-15 00:00:00,48.8278203466396
2026-03-15 06:00:00,49.2207604158158
2026-03-15 12:00:00,50.2894175509915
2026-03-15 18:00:00,49.2472275963567
2026-03-16 00:00:00,48.46630549641
2026-03-16 06:00:00,49.1371663447756
2026-03-16 12:00:00,48.2511875388412
2026-03-16 18:00:00,49.2664752280064
2026-03-17 00:00:00,47.6005401395794
2026-03-17 06:00:00,49.4322945414464
2026-03-17 12:00:00,47.7746944457463
2026-03-17 18:00:00,49.3474959219815
2026-03-18 00:00:00,49.0490217769852
2026-03-18 06:00:00,49.0519590312011
2026-03-18 12:00:00,49.1568117787829
2026-03-18 18:00:00,48.3014161258162
2026-03-19 00:00:00,47.7295243580124
2026-03-19 06:00:00,49.5172675244505
2026-03-19 12:00:00,60.4331495338105
2026-03-19 18:00:00,47.1208223467366
2026-03-20 00:00:00,48.0757010497928
2026-03-20 06:00:00,47.3447592588408
2026-03-20 12:00:00,47.388530867704
2026-03-20 18:00:00,47.4220570083752
2026-03-21 00:00:00,48.381186023352
2026-03-21 06:00:00,47.5725880008992
2026-03-21 12:00:00,47.3153959320364
2026-03-21 18:00:00,48.5851158900504
2026-03-22 00:00:00,47.9410574966274
2026-03-22 06:00:00,47.5155755459085
2026-03-22 12:00:00,46.7849542265786
2026-03-22 18:00:00,47.1817072177707
2026-03-23 00:00:00,47.311764608633
2026-03-23 06:00:00,47.8459688823233
2026-03-23 12:00:00,47.0306168880088
2026-03-23 18:00:00,47.6815951208807
2026-03-24 00:00:00,46.7703837059274
2026-03-24 06:00:00,47.1787286183428
2026-03-24 12:00:00,45.8236826810935
2026-03-24 18:00:00,46.8585146712213
2026-03-25 00:00:00,45.353566802722
2026-03-25 06:00:00,46.259712262266
2026-03-25 12:00:00,46.3068249780009
2026-03-25 18:00:00,57.0462829071579
2026-03-26 00:00:00,44.9414989560133
2026-03-26 06:00:00,45.5930055177162
2026-03-26 12:00:00,45.0330300924655
2026-03-26 18:00:00,44.9658749943116
2026-03-27 00:00:00,46.3011084890066
2026-03-27 06:00:00,45.4260354091248
2026-03-27 12:00:00,45.8412224582096
2026-03-27 18:00:00,45.0900373194649
2026-03-28 00:00:00,46.0895235563017
2026-03-28 06:00:00,45.8150587232008
2026-03-28 12:00:00,46.3361761141559
2026-03-28 18:00:00,45.9741874255571
2026-03-29 00:00:00,45.3292989552426
2026-03-29 06:00:00,44.9709636977301
2026-03-29 12:00:00,45.9622245392514
2026-03-29 18:00:00,45.1758148769742
2026-03-30 00:00:00,44.2080770417975
2026-03-30 06:00:00,45.116844344754
2026-03-30 12:00:00,45.6453808224657
2026-03-30 18:00:00,44.8551482461618
2026-03-31 00:00:00,
2026-03-31 06:00:00,
2026-03-31 12:00:00,
2026-03-31 18:00:00,
2026-04-01 00:00:00,64.4428038775941
2026-04-01 06:00:00,65.4219728424855
2026-04-01 12:00:00,64.8527797091985
2026-04-01 18:00:00,64.4891480423564
2026-04-02 00:00:00,64.5091658060992
2026-04-02 06:00:00,64.9073667443989
2026-04-02 12:00:00,64.8501289586411
2026-04-02 18:00:00,64.5723662285515
2026-04-03 00:00:00,57.0892250537134
2026-04-03 06:00:00,64.3040680598704
2026-04-03 12:00:00,64.1850022112298
2026-04-03 18:00:00,63.64503350645
2026-04-04 00:00:00,62.8537121793104
2026-04-04 06:00:00,63.843475030094
2026-04-04 12:00:00,63.2716222590401
2026-04-04 18:00:00,63.0756943426811
2026-04-05 00:00:00,63.1648749482401
2026-04-05 06:00:00,64.2548495116947
2026-04-05 12:00:00,63.1940785710963
2026-04-05 18:00:00,63.0484590136513
2026-04-06 00:00:00,63.2852800222604
2026-04-06 06:00:00,64.2458056173971
2026-04-06 12:00:00,62.3848862946844
2026-04-06 18:00:00,63.2340721206255
2026-04-07 00:00:00,62.096686124849
2026-04-07 06:00:00,62.9556803465841
2026-04-07 12:00:00,63.3600753821658
2026-04-07 18:00:00,62.1758664632692
2026-04-08 00:00:00,62.5785570592433
2026-04-08 06:00:00,63.1383958625181
2026-04-08 12:00:00,63.8264641486925
2026-04-08 18:00:00,62.6055439322058
2026-04-09 00:00:00,62.4923503422579
2026-04-09 06:00:00,63.0932180041666
2026-04-09 12:00:00,61.8593129986004
2026-04-09 18:00:00,61.3131779958684
2026-04-10 00:00:00,61.5796257451833
2026-04-10 06:00:00,61.0802070238091
2026-04-10 12:00:00,61.3295836944286
2026-04-10 18:00:00,60.6648548672115
