time,per
2024-04-03 02:00:05,75.6932783363305
2024-04-03 03:00:05,74.8884407418572
2024-04-03 04:00:05,75.5483865443417
2024-04-03 05:00:05,74.8262132290986
2024-04-03 06:00:05,75.0887493033832
2024-04-03 07:00:05,72.7721073813521
2024-04-03 11:00:05,74.3306649263458
2024-04-03 12:00:05,74.7477757497347
2024-04-03 13:00:05,74.1106705185903
2024-04-03 14:00:05,75.1393752710873
2024-04-03 15:00:05,74.1267385204523
2024-04-03 16:00:05,74.4112230021259
2024-04-03 17:00:05,73.8471845169112
2024-04-03 18:00:05,73.147924926978
2024-04-04 06:00:05,75.3224836374277
2024-04-04 22:00:05,74.5295110330505
2024-04-05 04:00:05,73.7990643525261
2024-04-05 05:00:05,75.3528114301131
2024-04-05 06:00:05,73.9592751902076
2024-04-05 15:00:05,72.9454636640354
2024-04-05 19:00:05,74.5799749786071
2024-04-05 20:00:05,74.4973719106101
2024-04-05 21:00:05,74.0783356692651
2024-04-05 22:00:05,74.4850601656742
2024-04-05 23:00:05,74.3933232098042
2024-04-06 00:00:02,73.4099583427533
2024-04-06 01:00:05,74.3722257864562
2024-04-06 02:00:05,74.8914564007963
2024-04-06 04:00:05,73.6225837522895
2024-04-06 07:00:05,73.7279870817746
2024-04-06 08:00:05,72.3463232896815
2024-04-06 09:00:05,73.0353489743377
2024-04-06 10:00:05,74.3667449912439
2024-04-06 11:00:05,72.5319513505859
2024-04-06 12:00:05,74.2868490644083
2024-04-06 13:00:05,74.9447772225077
2024-04-06 14:00:05,73.4539786768883
2024-04-06 15:00:05,74.0313220449791
2024-04-06 16:00:05,
2024-04-07 10:00:05,
2024-04-07 11:00:05,
2024-04-07 15:00:05,
2024-04-07 19:00:05,74.0068260469738
2024-04-08 17:00:05,73.3923355812884
2024-04-08 18:00:05,
2024-04-08 19:00:05,71.9214034172702
2024-04-08 20:00:05,72.160156140486
2024-04-08 21:00:05,73.0212963749443
2024-04-08 22:00:05,73.0660901903452
2024-04-08 23:00:05,71.2252253702657
2024-04-09 00:00:02,72.7437942532863
2024-04-09 01:00:05,72.6897470169352
2024-04-09 02:00:05,73.2759117732622
2024-04-09 03:00:05,73.0022690279649
2024-04-09 04:00:05,72.0923832060848
2024-04-09 05:00:05,72.5220743495035
2024-04-09 06:00:05,72.1803550444055
2024-04-09 07:00:05,71.9401015659702
2024-04-09 12:00:05,72.0469613575295
2024-04-09 13:00:05,71.3746924476841
2024-04-09 15:00:05,
2024-04-09 16:00:05,
2024-04-09 17:00:05,73.5870812806585
2024-04-09 18:00:05,73.1020534079241
2024-04-09 19:00:05,73.3305181198257
2024-04-09 20:00:05,71.3425617188733
2024-04-09 21:00:05,72.6407157297431
2024-04-09 22:00:05,70.6934399356965
2024-04-09 23:00:05,72.7765450192274
2024-04-10 00:00:01,71.1638627598332
2024-04-10 01:00:05,72.0286893695873
2024-04-10 02:00:05,72.5711898878985
2024-04-10 03:00:05,72.2954854727253
2024-04-10 04:00:05,88.4287411689249
2024-04-10 06:00:05,70.4046241703901
2024-04-10 08:00:05,71.844340033496
2024-04-10 10:00:05,72.4984544305541
2024-04-10 11:00:05,73.0906282914953
2024-04-10 12:00:05,71.747233877894
2024-04-10 13:00:05,73.1137794708515
2024-04-10 14:00:05,72.0656144820904
2024-04-10 15:00:05,71.872257450518
2024-04-10 16:00:05,71.4479274130265
2024-04-10 17:00:05,72.2299286552372
2024-04-10 18:00:05,73.0671089818255
2024-04-10 19:00:05,72.8203767959298
2024-04-10 20:00:05,72.003180161462
2024-04-10 21:00:05,71.2707898798996
2024-04-10 22:00:05,70.9894253429021
2024-04-10 23:00:05,73.0347144189959
2024-04-11 00:00:00,71.9707643147325
2024-04-11 01:00:05,72.0557525236897
2024-04-11 02:00:05,73.372310412492
2024-04-11 03:00:05,73.2506969443703
2024-04-11 04:00:05,72.376875302243
2024-04-11 06:00:05,70.9860470609616
2024-04-11 07:00:05,71.8941155432172
2024-04-11 10:00:05,72.6032180207511
2024-04-11 12:00:05,79.4817232388901
2024-04-11 13:00:05,72.113853715538
2024-04-11 14:00:05,73.0886751696437
2024-04-11 15:00:05,72.8725453239595
2024-04-11 16:00:05,73.0802431837
2024-04-11 17:00:05,71.3098343898498
2024-04-11 18:00:05,71.0203226140173
2024-04-11 19:00:05,72.3649411829122
2024-04-11 20:00:05,72.2748910188174
2024-04-11 21:00:05,71.9155310645384
2024-04-11 22:00:05,78.8335751518264
2024-04-11 23:00:05,71.0097555444448
2024-04-12 12:00:09,71.2760048798713
2024-04-12 13:00:09,69.751536039048
2024-04-12 14:00:09,72.5600078274054
2024-04-12 15:00:09,70.8519674332778
2024-04-12 16:00:09,70.9010843074079
2024-04-12 17:00:09,70.1767802384506
2024-04-12 18:00:09,72.1263171651362
2024-04-12 19:00:09,71.1810538419285
2024-04-12 20:00:09,71.6559664779981
2024-04-12 21:00:09,71.3643520789163
2024-04-12 22:00:09,69.7321607483245
2024-04-12 23:00:09,70.2866172445949
2024-04-13 00:00:01,71.9232384803933
2024-04-13 01:00:09,72.4433230840149
2024-04-13 02:00:09,70.513640562218
2024-04-13 03:00:09,72.2714804885022
2024-04-13 04:00:09,71.6746254162034
2024-04-13 06:00:09,70.0988052251962
2024-04-13 07:00:09,71.3578299207756
2024-04-13 08:00:09,71.2457050087654
2024-04-13 09:00:09,71.8864386396234
2024-04-13 11:00:09,70.3504640879077
2024-04-13 12:00:09,71.282252814218
2024-04-13 13:00:09,70.7128413930677
2024-04-13 14:00:09,71.4505139167195
2024-04-13 15:00:09,70.013947970564
2024-04-13 16:00:09,71.1370426955492
2024-04-13 17:00:09,70.4127576867466
2024-04-13 18:00:09,70.4434328951591
2024-04-13 20:00:09,70.933581696752
2024-04-13 21:00:09,71.5702391928729
2024-04-13 22:00:09,70.9475066717312
2024-04-13 23:00:09,71.2953391132505
2024-04-14 00:00:00,70.7432136212599
2024-04-14 01:00:09,71.5712252234273
2024-04-14 02:00:09,71.4047561487866
2024-04-14 03:00:09,70.7040301059967
2024-04-14 04:00:09,70.5163893443511
2024-04-14 05:00:09,71.5141941848634
2024-04-14 06:00:09,70.4046681953797
2024-04-14 09:00:09,70.9206482358836
2024-04-14 10:00:09,70.2406051387213
2024-04-14 11:00:09,71.7115896624186
2024-04-14 12:00:09,71.9773999696722
2024-04-14 13:00:09,69.4669678583478
2024-04-14 14:00:09,70.6973033557581
2024-04-14 15:00:09,70.4999227523911
2024-04-14 16:00:09,71.6830656112215
2024-04-14 17:00:09,71.5551116194533
2024-04-14 18:00:09,71.4788625777377
2024-04-14 19:00:09,71.7292794920987
2024-04-14 20:00:09,71.4807082257848
2024-04-14 21:00:09,69.7255634902238
2024-04-14 22:00:09,71.2028873599171
2024-04-14 23:00:09,70.7187839016511
2024-04-15 00:00:00,71.6947891123797
2024-04-15 01:00:09,70.80344923434
2024-04-15 02:00:09,70.2094337652665
2024-04-15 03:00:09,70.7594681971489
2024-04-15 04:00:09,71.0411881915031
2024-04-15 05:00:09,69.929722269218
2024-04-15 11:00:09,70.9042218003769
2024-04-15 12:00:09,71.1525004391634
2024-04-15 13:00:09,69.9442786602085
2024-04-15 14:00:09,71.024639283667
2024-04-15 15:00:09,71.2637683807573
2024-04-15 16:00:09,71.1601468479747
2024-04-15 17:00:09,70.3953140436772
2024-04-15 18:00:09,69.6449003165655
2024-04-15 19:00:09,71.0993096914997
2024-04-15 20:00:09,71.0183556025582
2024-04-15 22:00:09,69.9158864750499
2024-04-16 10:00:09,70.494442731066
2024-04-16 12:00:01,69.4998913537722
2024-04-16 13:00:01,69.1180191444495
2024-04-16 14:00:01,70.9508954441922
2024-04-16 15:00:01,70.063958075611
2024-04-16 16:00:01,71.8668410664681
2024-04-16 17:00:01,70.7272897073009
2024-04-16 18:00:01,70.3735073030469
2024-04-16 19:00:01,53.8212484338897
2024-04-16 20:00:01,70.1150182202867
2024-04-16 21:00:01,71.3778080007474
2024-04-16 22:00:01,70.4335812821826
2024-04-16 23:00:01,69.6142786490229
2024-04-17 00:00:00,69.3506777821291
2024-04-17 01:00:01,70.3125539553668
2024-04-17 02:00:01,69.5936756381708
2024-04-17 03:00:01,70.7323753939368
2024-04-17 04:00:01,70.6439229033216
2024-04-17 05:00:01,70.0300247467296
2024-04-17 06:00:01,70.8865362619758
2024-04-17 11:00:01,68.9357996599304
2024-04-17 12:00:01,70.2661247312782
2024-04-17 13:00:01,71.2634939825499
2024-04-17 14:00:01,69.8170754900116
2024-04-17 19:00:00,70.1401469786829
2024-04-17 20:00:00,69.6855633318284
2024-04-17 21:00:00,70.2074060848877
2024-04-17 22:00:00,71.1244399433042
2024-04-17 23:00:00,70.2517528168836
2024-04-18 00:00:00,70.1115951990501
2024-04-18 01:00:00,69.627886001876
2024-04-18 02:00:00,69.7996064607873
2024-04-18 04:00:00,71.0677657009953
2024-04-18 05:00:00,70.4211981574713
2024-04-18 06:00:00,70.2326345757329
2024-04-18 07:00:00,70.1570049933066
2024-04-18 08:00:00,69.73601327618
2024-04-18 09:00:00,71.2495606248322
2024-04-18 10:00:00,69.4712880373437
2024-04-18 11:00:00,69.4184249038615
2024-04-18 12:00:00,69.325141817919
2024-04-18 13:00:00,69.3727291652298
2024-04-18 14:00:00,69.8691162108576
2024-04-18 15:00:00,69.1953169369317
2024-04-18 16:00:00,70.9746784057636
2024-04-18 17:00:00,69.2414764707125
2024-04-18 18:00:00,70.6208411642997
2024-04-18 19:00:00,70.3159759990276
2024-04-18 20:00:00,69.5062644122872
2024-04-18 21:00:00,69.1667206655582
2024-04-18 22:00:00,69.2619873589632
2024-04-18 23:00:00,69.3938111616132
2024-04-19 00:00:00,69.6084623013272
2024-04-19 01:00:00,69.2960828650677
2024-04-19 02:00:00,69.8242455231843
2024-04-19 03:00:00,69.3909283895843
2024-04-19 04:00:00,69.764080425212
2024-04-19 05:00:00,69.1133544573479
2024-04-19 06:00:00,69.4116540121388
2024-04-19 07:00:00,69.625683131596
2024-04-19 10:00:00,70.5166274707342
2024-04-19 11:00:00,71.5180701080601
2024-04-19 12:00:00,69.4769472609748
2024-04-19 13:00:00,69.1624801576511
2024-04-19 14:00:00,62.3240794605735
2024-04-19 15:00:00,69.793733124217
2024-04-19 16:00:00,68.5085583405411
2024-04-19 17:00:00,68.9637008340208
2024-04-19 18:00:00,69.3157610836207
2024-04-19 19:00:00,71.3609592135567
2024-04-19 20:00:00,69.4635346989836
2024-04-19 21:00:00,70.0556505373241
2024-04-19 22:00:00,70.0427376670044
2024-04-19 23:00:00,69.7606008658525
2024-04-20 00:00:00,68.3689547995676
2024-04-20 01:00:00,70.515107240825
2024-04-20 02:00:00,68.683617024335
2024-04-20 03:00:00,70.0723043556323
2024-04-20 04:00:00,69.3165851312829
2024-04-20 05:00:00,69.7576415453005
2024-04-20 07:00:00,69.8109661859064
2024-04-20 08:00:00,69.7217955629844
2024-04-20 09:00:00,69.3345545056582
2024-04-20 10:00:00,70.1818186686785
2024-04-20 11:00:00,69.1435762008324
2024-04-20 12:00:00,70.0060457627406
2024-04-20 13:00:00,69.2011442128093
2024-04-20 14:00:00,69.0234338750077
2024-04-20 15:00:00,69.6121987603458
2024-04-20 16:00:00,69.6602537239264
2024-04-20 17:00:00,69.1739961423228
2024-04-20 18:00:00,69.2653410195357
2024-04-20 19:00:00,69.7069205881742
2024-04-20 20:00:00,70.064950439765
2024-04-20 21:00:00,68.8794327948499
2024-04-20 22:00:00,69.6326008503095
2024-04-20 23:00:00,69.1160398398769
2024-04-21 00:00:00,68.3296710475398
2024-04-21 01:00:00,68.5319936758253
2024-04-21 02:00:00,69.6126660633047
2024-04-21 03:00:00,69.1972253281098
2024-04-21 04:00:00,69.3968929013442
2024-04-21 05:00:00,68.2039611359626
2024-04-21 06:00:00,68.9130498333977
2024-04-21 07:00:00,69.1377639369364
2024-04-21 08:00:00,69.6580498557913
2024-04-21 09:00:00,70.3673230500061
2024-04-21 10:00:00,69.2703673604285
2024-04-21 11:00:00,70.6629560257621
2024-04-21 12:00:00,69.1389248044726
2024-04-21 13:00:00,69.7392115696291
2024-04-21 14:00:00,70.0285990794906
2024-04-21 15:00:00,68.9515046614913
2024-04-21 16:00:00,69.1190462266678
2024-04-21 17:00:00,69.9397560932379
2024-04-22 04:00:00,69.0545766084527
2024-04-22 06:00:00,67.8714426999172
2024-04-22 07:00:00,68.5310136594513
2024-04-22 08:00:00,67.2350123212509
2024-04-22 12:00:07,69.3802378283662
2024-04-22 13:00:07,69.7774610319296
2024-04-22 14:00:07,69.095299693432
2024-04-22 15:00:07,68.8515839723029
2024-04-22 16:00:07,69.9190220446591
2024-04-22 17:00:07,69.6543951425216
2024-04-22 18:00:07,70.4152149116412
2024-04-22 19:00:07,69.2918929036134
2024-04-22 20:00:07,68.4640523613278
2024-04-22 21:00:07,69.1607592159029
2024-04-22 22:00:07,70.1396467035396
2024-04-22 23:00:07,68.1854632603994
2024-04-23 00:00:00,68.6419399963695
2024-04-23 01:00:07,68.8847530122437
2024-04-23 02:00:07,68.9917512847913
2024-04-23 03:00:07,69.1256066043395
2024-04-23 04:00:07,68.9282442551669
2024-04-23 05:00:07,67.9037447269886
2024-04-23 06:00:07,68.9137996147392
2024-04-24 11:00:06,68.8002788530645
2024-04-24 13:00:08,69.047413413101
2024-04-24 14:00:08,69.1667825487852
2024-04-24 15:00:08,67.9850626968636
2024-04-24 16:00:08,67.8295332729001
2024-04-24 17:00:08,69.564117162541
2024-04-24 18:00:08,69.1411876017407
2024-04-24 19:00:08,69.6925302853567
2024-04-24 20:00:08,68.2790140147987
2024-04-24 21:00:08,68.6798711347774
2024-04-24 22:00:08,68.1420824176324
2024-04-24 23:00:08,69.1771244965582
2024-04-25 00:00:00,68.0544200774938
2024-04-25 01:00:08,67.1462173128785
2024-04-25 02:00:08,69.2588623068333
2024-04-25 03:00:08,67.2634036932384
2024-04-25 04:00:08,67.1794754180939
2024-04-25 05:00:08,68.5351745126885
2024-04-25 06:00:08,68.7379792456605
2024-04-25 07:00:08,67.6509690585793
2024-04-25 08:00:08,67.8972759685486
2024-04-25 11:00:08,69.4458335197843
2024-04-25 12:00:08,69.9098629376588
2024-04-25 13:00:08,67.6211638982699
2024-04-25 14:00:08,67.0897520758162
2024-04-25 15:00:08,68.9740759384088
2024-04-25 16:00:08,67.6093414049025
2024-04-25 17:00:08,75.3629194687466
2024-04-25 18:00:08,67.871493068611
2024-04-25 19:00:08,68.1522582169393
2024-04-25 20:00:08,68.2348783172633
2024-04-25 21:00:08,68.4623629878445
2024-04-25 22:00:08,68.3974357396137
2024-04-25 23:00:08,69.0329516661294
2024-04-26 00:00:01,68.718062687092
2024-04-26 01:00:08,69.0169160098536
2024-04-26 02:00:08,67.8441416812884
2024-04-26 03:00:08,68.0834450810383
2024-04-26 04:00:08,69.6902541250584
2024-04-26 05:00:08,66.6991108818733
2024-04-26 06:00:08,68.4965600542479
2024-04-26 07:00:08,68.4880418016888
2024-04-26 09:00:08,68.159241769911
2024-04-26 16:00:08,68.9488457155889
2024-04-26 17:00:04,68.2120222032283
2024-04-26 18:00:04,67.4395694871379
2024-04-26 19:00:04,67.1480742368954
2024-04-26 20:00:04,68.9624127930486
2024-04-26 21:00:04,69.2985197103706
2024-04-26 22:00:04,68.1869425803046
2024-04-26 23:00:04,68.3482011855551
2024-04-27 00:00:00,68.0250920168317
2024-04-27 01:00:04,67.5203709078545
2024-04-27 02:00:04,68.9481132804325
2024-04-27 03:00:04,67.4680912493079
2024-04-27 04:00:04,68.7997511405307
2024-04-27 05:00:04,68.7197564954597
2024-04-27 06:00:04,68.2610141080838
2024-04-27 07:00:04,67.9345870330558
2024-04-27 08:00:04,69.3685587681917
2024-04-27 09:00:04,68.0473081555239
2024-04-27 10:00:04,67.1052626905044
2024-04-27 11:00:04,69.2031411083851
2024-04-27 12:00:04,67.3445402656183
2024-04-27 13:00:04,69.5093951075658
2024-04-27 14:00:04,67.6071754938675
2024-04-27 15:00:04,68.2669405724147
2024-04-27 16:00:04,67.1216427995046
2024-04-27 17:00:04,67.8265588080185
2024-04-27 18:00:04,69.0995545392533
2024-04-27 19:00:04,68.5784408715307
2024-04-27 20:00:04,67.5374680997686
2024-04-27 21:00:04,68.6287873202734
2024-04-27 22:00:04,66.7409213490049
2024-04-27 23:00:04,68.3578509716835
2024-04-28 00:00:01,67.3570078417813
2024-04-28 01:00:04,68.01520151807
2024-04-28 02:00:04,67.5273326072875
2024-04-28 03:00:04,67.581267265068
2024-04-28 04:00:04,68.1060787179984
2024-04-28 05:00:04,68.2755323057102
2024-04-28 06:00:04,67.503890792631
2024-04-28 07:00:04,66.9817803616363
2024-04-28 08:00:04,67.228896786942
2024-04-28 09:00:04,68.2733953876223
2024-04-28 10:00:04,67.6788400439057
2024-04-28 11:00:04,67.3325494502986
2024-04-28 12:00:04,68.3053644884389
2024-04-28 13:00:04,68.5583979329784
2024-04-28 14:00:04,68.3549655235768
2024-04-28 15:00:04,68.3785046390184
2024-04-28 16:00:04,65.9023741150245
2024-04-28 17:00:04,67.8291850488885
2024-04-28 18:00:04,67.9797001232161
2024-04-28 19:00:04,66.5679356413155
2024-04-28 20:00:04,67.8123271418291
2024-04-28 21:00:04,68.2456931017732
2024-04-28 22:00:04,67.5150917569849
2024-04-28 23:00:04,66.914029872967
2024-04-29 00:00:00,66.4200483106765
2024-04-29 01:00:04,67.1693569890483
2024-04-29 02:00:04,67.4452201525548
2024-04-29 03:00:04,67.163277875652
2024-04-29 04:00:04,67.8250796167235
2024-04-29 05:00:04,68.3508130536744
2024-04-29 06:00:04,67.2462791208212
2024-04-29 07:00:04,67.2241717781258
2024-04-29 08:00:04,
2024-04-29 09:00:04,
2024-04-29 10:00:04,
2024-04-29 11:00:04,
2024-04-29 12:00:04,68.2299435332149
2024-04-29 13:00:04,67.520043015427
2024-04-29 14:00:04,66.6684330325269
2024-04-29 15:00:04,67.6456762509892
2024-05-14 14:00:08,66.440796432936
2024-05-14 15:00:08,68.8549943505108
2024-05-14 16:00:08,68.4009507700042
2024-05-14 17:00:08,67.7944190371829
2024-05-14 18:00:08,66.4814263196645
2024-05-14 19:00:08,66.1317638943667
2024-05-14 21:00:08,68.4280974706025
2024-05-14 22:00:08,64.9914121891824
2024-05-14 23:00:08,66.7595636010094
2024-05-15 00:00:00,65.356101261663
2024-05-15 01:00:08,66.7851766932371
2024-05-15 02:00:08,65.0858825715827
2024-05-15 03:00:08,75.0235654920445
2024-05-15 04:00:08,65.9268699295818
2024-05-15 05:00:08,67.6493635118373
2024-05-15 06:00:08,66.5048266424307
2024-05-15 07:00:08,69.3842325140426
2024-05-15 21:00:08,66.095643871882
2024-05-15 22:00:08,65.732194747736
2024-05-15 23:00:08,66.2846069272932
2024-05-16 00:00:00,68.0119267162401
2024-05-16 01:00:08,66.4799200261956
2024-05-16 02:00:08,66.5305313690773
2024-05-16 03:00:08,67.988515147615
2024-05-16 04:00:08,67.992380184969
2024-05-16 05:00:08,67.493922969356
2024-05-16 06:00:08,68.1288752671138
2024-05-16 07:00:08,67.9206160264369
2024-05-16 09:00:08,68.8032299782566
2024-05-16 12:00:08,67.6066295169481
2024-05-16 13:00:08,68.2259994782667
2024-05-16 14:00:08,69.0330922303124
2024-05-16 15:00:08,66.1540559582137
2024-05-16 16:00:08,65.0859253783355
2024-05-16 17:00:08,66.2578925335328
2024-05-16 18:00:08,66.7006093386375
2024-05-16 19:00:08,65.26496001633
2024-05-16 20:00:08,66.1263311433456
2024-05-16 21:00:08,66.6810244049816
2024-05-16 22:00:08,64.8178093748078
2024-05-16 23:00:08,68.0774406291991
2024-05-17 00:00:00,65.2345390897414
2024-05-17 01:00:08,67.9035988122807
2024-05-17 02:00:08,66.5262384362632
2024-05-17 03:00:08,66.567739395587
2024-05-17 04:00:08,65.6326884148634
2024-05-17 05:00:08,68.2364812943704
2024-05-17 06:00:08,65.2661137610075
2024-05-17 07:00:08,65.986305458928
2024-05-17 08:00:08,68.1612603746761
2024-05-17 09:00:08,64.9392701970859
2024-05-17 10:00:08,69.9497254377815
2024-05-17 11:00:08,65.7361803506012
2024-05-17 12:00:08,65.9914961623141
2024-05-17 13:00:08,65.9774230446769
2024-05-17 14:00:08,68.2718309463913
2024-05-17 15:00:08,66.9422873497435
2024-05-17 16:00:08,66.3582813954717
2024-05-17 17:00:08,67.3063781731367
2024-05-17 18:00:08,66.7038442797914
2024-05-17 19:00:08,67.2428632367878
2024-05-17 20:00:08,70.0642298131566
2024-05-17 21:00:08,68.215053256304
2024-05-17 22:00:08,67.2926324329907
2024-05-17 23:00:08,65.5631336083064
2024-05-18 00:00:00,66.5723490404177
2024-05-18 01:00:08,66.7007747204143
2024-05-18 02:00:08,65.9523742795929
2024-05-18 03:00:08,67.1138593591995
2024-05-18 04:00:08,67.0837559886788
2024-05-18 05:00:08,67.2139800612339
2024-05-18 06:00:08,65.9590530537832
2024-05-18 08:00:08,67.2186543231921
2024-05-18 10:00:08,64.5660293506323
2024-05-18 11:00:08,66.4914655387111
2024-05-18 12:00:08,67.1075036349868
2024-05-18 13:00:08,66.9335190271889
2024-05-18 14:00:08,68.2916109974608
2024-05-18 15:00:08,66.1374201390301
2024-05-18 16:00:08,67.1288742402079
2024-05-18 17:00:08,66.4087262167949
2024-05-18 18:00:08,65.1238610421177
2024-05-18 19:00:08,65.3827536222197
2024-05-18 20:00:08,66.43866637172
2024-05-18 21:00:08,64.4314631596917
2024-05-18 22:00:08,67.7967694077661
2024-05-18 23:00:08,67.4876946105928
2024-05-19 00:00:01,64.4798432248843
2024-05-19 01:00:08,66.7822512572209
2024-05-19 02:00:08,66.3959579997556
2024-05-19 03:00:08,65.2049379846789
2024-05-19 04:00:08,68.3455734511775
2024-05-19 05:00:08,67.2656974933893
2024-05-19 06:00:08,66.9504643593213
2024-05-19 08:00:08,66.9434083034022
2024-05-19 09:00:08,66.7779295336014
2024-05-19 10:00:08,65.7475746683488
2024-05-19 11:00:08,67.5574192191592
2024-05-19 12:00:08,65.1795430677305
2024-05-20 01:00:08,66.886347531576
2024-05-20 02:00:08,67.1068303247136
2024-05-20 03:00:08,68.7596710807066
2024-05-20 04:00:08,66.3375004100114
2024-05-20 05:00:08,65.3635897052297
2024-05-20 06:00:08,64.620026222761
2024-05-20 10:00:08,65.9625939558511
2024-05-20 11:00:08,65.4509655162842
2024-05-20 12:00:08,65.1275261652497
2024-05-20 13:00:08,66.2624316843309
2024-05-20 14:00:08,67.9681280986149
2024-05-20 15:00:08,68.5989241995116
2024-05-20 16:00:08,67.183186364439
2024-05-20 18:00:08,65.9277820891146
2024-05-20 19:00:08,65.9779045889571
2024-05-20 21:00:08,64.5707491610133
2024-05-20 22:00:08,66.752258909453
2024-05-20 23:00:08,67.2045290495019
2024-05-21 00:00:01,65.954728695081
2024-05-21 01:00:08,66.0324213278525
2024-05-21 02:00:08,64.3616474820168
2024-05-21 03:00:08,64.4425324586526
2024-05-21 05:00:08,66.1953837571311
2024-05-21 06:00:08,64.8885711128543
2024-05-21 07:00:08,67.1508912419787
2024-05-21 08:00:08,66.9497747781886
2024-05-21 10:00:08,67.5373328052261
2024-05-21 11:00:08,66.5022596184131
2024-05-21 12:00:08,67.0031333720881
2024-05-21 13:00:08,66.8605104653319
2024-05-21 14:00:08,
2024-05-21 15:00:08,66.9599667220383
2024-05-21 16:00:08,65.9820887837567
2024-05-21 17:00:08,66.240412381575
2024-05-21 18:00:08,64.5322268539246
2024-05-21 19:00:08,65.7016070628034
2024-05-21 20:00:08,65.6230146127532
2024-05-21 21:00:08,66.967208515399
2024-05-21 22:00:08,65.8446756325377
2024-05-21 23:00:08,68.6926309146889
2024-05-22 00:00:02,67.0582333617759
2024-05-22 01:00:08,66.1974008294039
2024-05-22 02:00:08,66.970914042725
2024-05-22 03:00:08,66.5137240955435
2024-05-22 04:00:08,64.3006234894115
2024-05-22 05:00:08,66.3683977295656
2024-05-22 07:00:08,64.2327244833404
2024-05-22 08:00:08,65.7013168503592
2024-05-22 10:00:08,66.0852272138228
2024-05-22 11:00:08,67.6084551860191
2024-05-22 12:00:08,66.8875687066488
2024-05-22 13:00:08,64.1768486913219
2024-05-22 14:00:08,65.5801428672948
2024-05-22 15:00:08,66.6255711836833
2024-05-22 16:00:08,66.0557461045219
2024-05-22 17:00:08,65.4130453671564
2024-05-22 18:00:08,64.4867167178447
2024-05-22 19:00:08,66.4568103101261
2024-05-22 20:00:08,65.0104442312082
2024-05-22 21:00:08,67.2606425285406
2024-05-22 22:00:08,68.0409678819818
2024-05-22 23:00:08,66.9027216122021
2024-05-23 00:00:01,66.9079867993526
2024-05-23 01:00:08,66.307031721542
2024-05-23 02:00:08,63.5532851536448
2024-05-23 03:00:08,66.4772369400347
2024-05-23 04:00:08,65.2654124274385
2024-05-23 05:00:08,65.0658148744364
2024-05-23 06:00:08,83.2120754056432
2024-05-23 07:00:08,67.1677168176249
2024-05-23 08:00:08,66.1800621440773
2024-05-23 09:00:08,68.3003299569589
2024-05-23 10:00:08,65.0819908644396
2024-05-23 11:00:08,65.1413388501512
2024-05-23 12:00:08,67.3864124750962
2024-05-23 13:00:08,66.9513664373846
2024-05-23 14:00:08,63.682109583175
2024-05-24 03:00:08,
2024-05-24 04:00:08,
2024-05-24 05:00:08,
2024-05-24 06:00:08,
2024-05-24 12:00:08,
2024-05-24 13:00:08,63.5442446413702
2024-05-24 14:00:08,65.505005773244
2024-05-24 15:00:08,65.3311910982034
2024-05-24 16:00:08,63.6300390848592
2024-05-24 17:00:08,65.0077763599786
2024-05-24 18:00:08,66.0854225815058
2024-05-24 19:00:08,62.2931293571253
2024-05-24 20:00:08,67.2884994377776
2024-05-24 21:00:08,65.008420136063
2024-05-24 22:00:08,64.9978053396369
2024-05-24 23:00:08,67.9910710730295
2024-05-25 00:00:01,65.325102814743
2024-05-25 01:00:08,65.6147009475
2024-05-25 02:00:08,64.9221360591698
2024-05-25 03:00:08,66.9855484352829
2024-05-25 04:00:08,66.9781782714543
2024-05-25 05:00:08,65.0666414151536
2024-05-25 06:00:08,65.039457357288
2024-05-25 09:00:08,63.9077040310915
2024-05-25 10:00:08,59.3283640042733
2024-05-25 11:00:08,65.6122200644976
2024-05-25 12:00:08,64.9745412971563
2024-05-25 13:00:08,63.4192278377991
2024-05-25 14:00:08,66.8114805664769
2024-05-25 15:00:08,66.6006858955352
2024-05-25 16:00:08,79.1659804496468
2024-05-25 17:00:08,64.6438961298073
2024-05-25 18:00:08,65.4752686577111
2024-05-25 19:00:08,63.7175262225576
2024-05-25 20:00:08,65.8639965705551
2024-05-25 21:00:08,65.7670087376845
2024-05-25 22:00:08,64.5899159579814
2024-05-25 23:00:08,64.9736651570825
2024-05-26 00:00:00,
2024-05-26 00:00:01,
2024-05-26 01:00:08,
2024-05-26 02:00:08,
2024-05-26 03:00:08,63.5699411755515
2024-05-26 04:00:08,65.1922994884773
2024-05-26 05:00:08,63.8047817295659
2024-05-26 08:00:08,64.6549439146635
2024-05-26 09:00:08,65.6060284297953
2024-05-26 10:00:08,64.9620106374688
2024-05-26 11:00:08,65.2271034204037
2024-05-26 12:00:08,66.7339556993376
2024-05-26 13:00:08,64.9672578784825
2024-05-26 14:00:08,65.6113149729682
2024-05-26 15:00:08,65.930958995267
2024-05-26 16:00:08,64.4011977044515
2024-05-26 17:00:08,65.6538771200707
2024-05-26 18:00:08,65.2584062478481
2024-05-26 19:00:08,63.9515991201098
2024-05-26 20:00:08,64.9781316505198
2024-05-26 21:00:08,62.6538951363575
2024-05-26 22:00:08,64.1046927560862
2024-05-26 23:00:08,65.218006175608
2024-05-27 00:00:02,62.9788806859402
2024-05-27 01:00:08,64.1978529706481
2024-05-27 02:00:08,64.6522773446152
2024-05-27 03:00:08,64.7637545481049
2024-05-27 04:00:08,65.1131753770122
2024-05-27 05:00:08,65.2671623029024
2024-05-27 06:00:08,63.6303938892448
2024-05-27 09:00:08,63.6372605801822
2024-05-27 10:00:08,65.454086062867
2024-05-27 11:00:08,62.7948434107543
2024-05-27 12:00:08,65.6908747416432
2024-05-27 13:00:08,64.2017012564569
2024-05-27 14:00:07,65.4170092713198
2024-05-27 15:00:07,63.8695685849572
2024-05-27 16:00:07,64.6088490898578
2024-05-28 07:00:07,63.9501384509658
2024-05-28 10:00:07,65.3754048914975
2024-05-28 11:00:07,78.2012609074546
2024-05-28 12:00:07,63.7080528046747
2024-05-28 13:00:07,63.7923869341468
2024-05-28 14:00:07,64.3390180135549
2024-05-28 15:00:07,66.8286840695548
2024-05-28 16:00:07,54.0535786265194
2024-05-28 17:00:07,65.4527971899704
2024-05-28 18:00:07,63.3975974091689
2024-05-28 19:00:07,65.4084128268525
2024-05-28 20:00:07,66.5826829236591
2024-05-28 21:00:07,65.6355913682265
2024-05-28 22:00:07,64.9463875724753
2024-05-28 23:00:07,66.1626428373738
2024-05-29 00:00:01,64.4237195708091
2024-05-29 01:00:07,64.0188301064519
2024-05-29 02:00:07,65.0941298386536
2024-05-29 03:00:07,62.902938671648
2024-05-29 04:00:07,64.507924313636
2024-05-29 05:00:07,64.5709008209395
2024-05-29 06:00:07,65.0327823669493
2024-05-29 07:00:07,65.1731655499408
2024-05-29 08:00:07,64.2075170648001
2024-05-29 10:00:07,64.2879821361824
2024-05-29 11:00:05,61.5972258044256
2024-05-29 12:00:05,64.4246126726639
2024-05-29 13:00:05,64.4439032316042
2024-05-29 14:00:05,62.0137030485496
2024-05-29 15:00:05,64.1773286329434
2024-05-29 16:00:05,63.3795308853504
2024-05-29 17:00:05,65.0633399648545
2024-05-29 18:00:05,65.3289435233032
2024-05-29 19:00:05,65.5661962622256
2024-05-29 20:00:05,63.6229015301423
2024-05-29 21:00:05,63.439808900166
2024-05-29 22:00:05,64.0391154049584
2024-05-29 23:00:05,65.7866345087457
2024-05-30 00:00:01,66.4650886178208
2024-05-30 01:00:05,63.6952078698469
2024-05-30 02:00:05,62.4878728689708
2024-05-30 03:00:05,65.1273086248301
2024-05-30 04:00:05,64.675865008339
2024-05-30 05:00:05,62.5886553144352
2024-05-30 07:00:05,61.9073874453143
2024-05-30 08:00:05,62.9896485516057
2024-05-30 09:00:05,62.6344135550301
2024-05-30 10:00:05,63.660811274335
2024-05-30 11:00:08,63.4119274178303
2024-05-30 12:00:08,64.8500700166995
2024-05-30 13:00:08,63.1901766093092
2024-05-30 14:00:08,64.6562394423419
2024-05-30 15:00:05,61.8348361534568
2024-05-30 16:00:05,64.4769709833638
2024-05-30 17:00:05,65.6663038672758
2024-05-30 18:00:05,65.9660985103025
2024-05-30 19:00:05,63.8238687081788
2024-05-30 20:00:05,73.7892838481787
2024-05-30 21:00:05,64.4912053338581
2024-05-30 22:00:05,65.6742806203609
2024-05-30 23:00:05,66.9977627548388
2024-05-31 01:00:05,63.1032706519617
2024-05-31 02:00:05,63.2856528192631
2024-05-31 03:00:05,61.7630827899594
2024-05-31 05:00:05,64.5463745525596
2024-05-31 07:00:05,62.2980061326958
2024-05-31 09:00:05,63.9502966454595
2024-05-31 10:00:05,62.1817756981962
2024-05-31 11:00:08,65.9603825515646
2024-05-31 12:00:08,61.4122438507451
2024-05-31 13:00:08,63.8354442767744
2024-05-31 14:00:08,62.626845204147
2024-05-31 15:00:08,63.5819344701148
2024-05-31 16:00:08,62.4544756128232
2024-05-31 17:00:08,64.2856787824184
2024-05-31 18:00:08,64.5277234607376
2024-05-31 19:00:08,63.7605989164225
2024-05-31 20:00:08,64.4576712209107
2024-05-31 21:00:08,64.690510018083
2024-05-31 22:00:08,60.9599469477628
2024-06-03 10:00:07,65.2952681658725
2024-06-03 11:00:07,64.1809089824157
2024-06-03 12:00:07,62.2046022586504
2024-06-03 13:00:07,60.4567657820261
2024-06-03 14:00:07,63.2886254515951
2024-06-03 15:00:07,65.2465851376093
2024-06-03 16:00:07,64.0224562134653
2024-06-03 17:00:07,65.6478085751428
2024-06-03 18:00:07,66.5580721541378
2024-06-03 19:00:07,64.3403470151272
2024-06-03 20:00:07,60.2602014307955
2024-06-03 21:00:07,64.7928346506779
2024-06-03 22:00:07,63.5452316664522
2024-06-03 23:00:07,67.7119183117749
2024-06-04 00:00:00,
2024-06-04 01:00:07,
2024-06-04 02:00:07,
2024-06-04 03:00:07,
2024-06-04 04:00:07,
2024-06-04 05:00:07,
2024-06-04 06:00:07,
2024-06-04 07:00:07,
2024-06-04 10:00:05,
2024-06-04 11:00:05,
2024-06-04 12:00:05,
2024-06-04 13:00:05,
2024-06-04 14:00:05,
2024-06-04 15:00:05,
2024-06-04 16:00:05,
2024-06-04 17:00:05,
2024-06-04 18:00:05,
2024-06-04 19:00:05,
2024-06-04 20:00:05,
2024-06-04 21:00:05,
2024-06-04 22:00:05,
2024-06-04 23:00:05,
2024-06-05 00:00:00,85.8390418929755
2024-06-05 01:00:05,86.9279141872461
2024-06-05 13:00:05,84.4804108668763
2024-06-05 14:00:05,85.302366962665
2024-06-05 16:00:05,86.2101049971194
2024-06-05 17:00:05,85.2582296129218
2024-06-05 18:00:05,86.3191729389928
2024-06-05 19:00:05,86.281389331915
2024-06-05 20:00:05,86.8266207081637
2024-06-05 21:00:05,87.391454160517
2024-06-05 22:00:05,88.6776605948183
2024-06-05 23:00:05,87.5910059489538
2024-06-06 00:00:00,86.0737276744592
2024-06-06 01:00:05,86.61175072658
2024-06-06 02:00:05,87.4571198385813
2024-06-06 03:00:05,86.1706568814496
2024-06-06 04:00:05,86.8255071137532
2024-06-06 05:00:05,87.677630459543
2024-06-06 06:00:05,85.3915835329338
2024-06-06 09:00:05,86.3975363743608
2024-06-06 10:00:05,87.2485924178326
2024-06-06 11:00:05,86.7679378074561
2024-06-06 12:00:05,87.4242958862352
2024-06-06 13:00:05,87.7675659678281
2024-06-06 14:00:05,86.9294324563936
2024-06-06 15:00:05,86.3084339619255
2024-06-06 16:00:05,86.3978759074507
2024-06-06 17:00:05,85.9122514660135
2024-06-06 18:00:05,87.3806015373612
2024-06-06 19:00:05,85.4707657683674
2024-06-06 20:00:05,87.7412140462162
2024-06-06 21:00:05,85.535490216699
2024-06-06 22:00:05,86.396345301984
2024-06-06 23:00:05,88.017945574894
2024-06-07 00:00:00,84.8911299084067
2024-06-07 01:00:05,87.3393948376546
2024-06-07 02:00:05,87.3235344251609
2024-06-07 03:00:05,86.2808167910794
2024-06-07 04:00:05,86.3115087923368
2024-06-07 05:00:05,87.9042696147147
2024-06-07 06:00:05,88.1639529803714
2024-06-07 08:00:05,87.0924012652386
2024-06-07 09:00:05,85.6654264812763
2024-06-07 10:00:05,86.2784739800049
2024-06-07 11:00:05,87.1293009516661
2024-06-07 12:00:05,86.0774489514194
2024-06-07 13:00:05,85.6730552126734
2024-06-07 14:00:05,87.5695794983331
2024-06-07 15:00:05,85.5614223743264
2024-06-07 16:00:05,86.5552878745284
2024-06-07 17:00:05,88.7053165458093
2024-06-07 18:00:05,84.5556596099385
2024-06-07 19:00:05,87.2223384078481
2024-06-07 20:00:05,84.0080453946066
2024-06-07 21:00:05,86.1219267290885
2024-06-07 22:00:05,88.3855255006875
2024-06-07 23:00:05,87.9021307414635
2024-06-08 00:00:01,85.802391112118
2024-06-08 01:00:05,87.7381359240008
2024-06-08 02:00:05,83.8243737070445
2024-06-08 03:00:05,85.634228888051
2024-06-08 04:00:05,88.1740318705027
2024-06-08 05:00:05,88.0716417321837
2024-06-08 06:00:05,84.062165042964
2024-06-08 07:00:05,89.7549707310966
2024-06-08 08:00:05,83.7726658755525
2024-06-08 09:00:05,86.7760280224473
2024-06-08 10:00:05,87.3467518600185
2024-06-08 11:00:05,87.919878584427
2024-06-08 12:00:05,86.9030870274638
2024-06-08 13:00:05,88.5494756553916
2024-06-08 14:00:05,87.1564425645711
2024-06-08 15:00:05,85.4373182619771
2024-06-08 16:00:05,92.7802574480091
2024-06-08 17:00:05,84.4881833134834
2024-06-08 18:00:05,88.1151537497973
2024-06-08 19:00:05,84.6451436582897
2024-06-08 20:00:05,79.2720236951708
2024-06-08 21:00:05,84.7168893332022
2024-06-08 22:00:05,85.0046832214507
2024-06-08 23:00:05,81.8832630927386
2024-06-09 00:00:01,84.9882786274847
2024-06-09 01:00:05,67.5198901003507
2024-06-09 02:00:05,83.3587585403591
2024-06-09 03:00:05,81.7148329804081
2024-06-09 04:00:05,82.4092497262411
2024-06-09 05:00:05,86.7513356310632
2024-06-09 19:00:05,85.004942699321
2024-06-09 20:00:05,90.7138799114794
2024-06-09 21:00:05,86.9431734077136
2024-06-09 22:00:05,83.2992592185111
2024-06-09 23:00:05,87.3706792257398
2024-06-10 00:00:02,81.8784250805631
2024-06-10 01:00:05,81.2003246943639
2024-06-10 02:00:05,82.3714824247241
2024-06-10 03:00:05,84.4984584836945
2024-06-10 04:00:05,84.6960350342245
2024-06-10 05:00:05,87.9613463988776
2024-06-10 06:00:05,86.3372320675611
2024-06-10 07:00:05,87.4594214562093
2024-06-10 12:00:05,85.5604636090811
2024-06-10 13:00:05,86.4280056261305
2024-06-10 14:00:05,85.4146664096967
2024-06-10 15:00:05,84.9411801322989
2024-06-10 16:00:05,81.7559481421215
2024-06-10 17:00:05,90.4801742284214
2024-06-10 18:00:05,85.9166898129243
2024-06-10 19:00:05,90.239729962528
2024-06-10 20:00:05,82.4783759159766
2024-06-10 21:00:05,82.8870056673754
2024-06-10 22:00:05,85.9448855539821
2024-06-10 23:00:05,82.781686593663
2024-06-11 00:00:02,86.3932891294315
2024-06-11 01:00:05,86.7273714260906
2024-06-11 02:00:05,85.3968272857723
2024-06-11 03:00:05,87.2730510898581
2024-06-11 04:00:05,84.9456265948144
2024-06-11 05:00:05,87.4453394348466
2024-06-11 06:00:05,83.1162563103236
2024-06-11 11:00:05,90.2315965278509
2024-06-11 12:00:05,85.6784020455222
2024-06-11 13:00:05,88.4132021586851
2024-06-11 14:00:05,83.213840671915
2024-06-11 15:00:05,86.6208989492067
2024-06-11 16:00:05,84.4306883749932
2024-06-11 17:00:05,87.5865185417224
2024-06-11 18:00:05,84.4856650535335
2024-06-11 19:00:05,86.1305800525783
2024-06-11 20:00:05,79.4971639069652
2024-06-11 21:00:05,86.7012377571592
2024-06-11 22:00:05,85.6550311414656
2024-06-11 23:00:05,83.2410326300972
2024-06-12 00:00:01,88.6643683613079
2024-06-12 01:00:05,87.1996780233983
2024-06-12 02:00:05,85.4790617547475
2024-06-12 03:00:05,85.4876898939045
2024-06-12 04:00:05,84.0485311180257
2024-06-12 05:00:05,86.1236897276098
2024-06-12 06:00:05,86.2410106336649
2024-06-12 07:00:05,85.683853428838
2024-06-12 08:00:05,85.6186122341703
2024-06-12 09:00:05,83.9660304229977
2024-06-12 10:00:05,85.3889176221715
2024-06-12 11:00:05,84.183140534767
2024-06-12 12:00:05,87.3032914722347
2024-06-12 13:00:05,87.3408204024768
2024-06-12 14:00:05,87.6463606780915
2024-06-12 15:00:05,88.0826967803659
2024-06-12 16:00:05,85.621431417971
2024-06-12 17:00:05,84.4981725999734
2024-06-12 18:00:05,84.2921281450643
2024-06-12 19:00:05,87.4624523175568
2024-06-12 20:00:05,82.4727760032654
2024-06-12 21:00:05,83.3991093500281
2024-06-12 22:00:05,83.9808286701574
2024-06-12 23:00:05,87.3371432982239
2024-06-13 00:00:01,83.3295478181432
2024-06-13 01:00:05,84.195159127496
2024-06-13 02:00:05,83.9013963401142
2024-06-13 03:00:05,91.3081283721428
2024-06-13 04:00:05,83.9339518105152
2024-06-13 05:00:05,84.1113982969923
2024-06-13 06:00:05,85.5122302988861
2024-06-13 22:00:05,81.715861484043
2024-06-13 23:00:05,84.0728046089739
2024-06-14 00:00:02,86.6226973910116
2024-06-14 01:00:05,87.3160083414852
2024-06-14 02:00:05,83.4852346412701
2024-06-14 03:00:05,85.8576607179569
2024-06-14 04:00:05,86.1274056910813
2024-06-14 05:00:05,81.9327597801004
2024-06-14 06:00:05,88.2478024068594
2024-06-14 07:00:05,86.8729568433574
2024-06-14 09:00:05,83.411367623084
2024-06-14 10:00:05,82.6063000354064
2024-06-14 11:00:05,87.2166402712063
2024-06-14 12:00:05,82.9569967429957
2024-06-14 13:00:05,87.1997483447209
2024-06-14 14:00:05,70.081200035187
2024-06-14 15:00:05,83.0342799302355
2024-06-14 16:00:05,81.0377130759701
2024-06-14 17:00:05,86.7546705153462
2024-06-14 18:00:05,85.4856620437419
2024-06-14 19:00:05,86.3295305381384
2024-06-14 20:00:05,89.2504128628679
2024-06-14 21:00:05,90.2296546655585
2024-06-14 22:00:05,85.0181565548255
2024-06-14 23:00:05,88.4297867375991
2024-06-15 00:00:02,82.6070573002198
2024-06-15 01:00:05,85.6724430293891
2024-06-15 02:00:05,86.0236060230378
2024-06-15 03:00:05,87.9135604634312
2024-06-15 04:00:05,81.9150725476623
2024-06-15 05:00:05,84.7391230848524
2024-06-15 06:00:05,84.9937306606646
2024-06-15 12:00:05,87.4673992014284
2024-06-15 13:00:05,85.4976363779935
2024-06-15 14:00:05,89.1102469597937
2024-06-15 15:00:05,84.8386689863199
2024-06-15 16:00:05,84.8891858144517
2024-06-15 17:00:05,83.1466977993769
2024-06-15 18:00:05,84.9118570122991
2024-06-15 19:00:05,88.9358703026319
2024-06-15 20:00:05,88.1886879529792
2024-06-15 21:00:05,85.2629605205203
2024-06-15 22:00:05,84.5476846039839
2024-06-15 23:00:05,88.5125612183759
2024-06-16 00:00:02,85.1382197156356
2024-06-16 01:00:05,86.0921747018934
2024-06-16 02:00:05,86.1765769975923
2024-06-16 03:00:05,84.8063492421313
2024-06-16 04:00:05,84.9911600272388
2024-06-16 05:00:05,85.1129940108508
2024-06-16 06:00:05,88.4504028249005
2024-06-16 07:00:05,89.6720125848608
2024-06-16 10:00:05,81.5968288093335
2024-06-16 11:00:05,85.4457373796861
2024-06-16 12:00:05,87.6215107512531
2024-06-16 13:00:05,84.4543025175435
2024-06-16 14:00:05,85.7701745657757
2024-06-16 15:00:05,87.0291917402973
2024-06-16 16:00:05,84.9363320291653
2024-06-16 17:00:05,83.3634890138349
2024-06-16 18:00:05,82.1955558961523
2024-06-16 19:00:05,85.7646510352564
2024-06-16 20:00:05,86.3026078205391
2024-06-16 21:00:05,85.585959734224
2024-06-16 22:00:05,89.7838802535217
2024-06-16 23:00:05,86.457610584619
2024-06-17 01:00:05,83.0894147370857
2024-06-17 02:00:05,85.4634067295446
2024-06-17 03:00:05,88.5219001860806
2024-06-17 04:00:05,87.4000136210292
2024-06-17 05:00:05,88.0205739117522
2024-06-17 06:00:05,81.8567345612704
2024-06-17 07:00:05,85.1225382409023
2024-06-17 09:00:05,87.5465628714219
2024-06-17 10:00:05,88.9083959074604
2024-06-17 11:00:05,85.7246887632046
2024-06-17 12:00:05,88.7528229856429
2024-06-17 13:00:05,86.5832385321676
2024-06-18 04:00:05,83.8324192545828
2024-06-18 05:00:05,82.3672100718418
2024-06-18 06:00:05,79.427807939425
2024-06-18 09:00:05,85.3097838078799
2024-06-18 10:00:05,82.68287380685
2024-06-18 11:00:05,87.1676926774771
2024-06-18 12:00:05,81.5613339952
2024-06-18 13:00:05,85.0338177476307
2024-06-18 14:00:05,83.0644719104107
2024-06-18 15:00:05,83.8093972400179
2024-06-18 16:00:05,80.3062732414716
2024-06-18 17:00:05,81.492076202596
2024-06-18 18:00:05,86.0875120677554
2024-06-18 19:00:05,84.4179835245721
2024-06-18 20:00:05,82.4341241997133
2024-06-18 21:00:05,90.0784202131194
2024-06-18 23:00:05,88.609053337011
2024-06-19 00:00:01,78.8434542818836
2024-06-19 01:00:05,85.5836642746693
2024-06-19 02:00:05,86.8836998198987
2024-06-19 03:00:05,84.9689790228111
2024-06-19 04:00:05,88.1039740950665
2024-06-19 05:00:05,84.7121994107423
2024-06-19 06:00:05,79.0097164757309
2024-06-19 07:00:05,84.5126461720267
2024-06-19 08:00:05,80.8061195542033
2024-06-19 09:00:05,81.696498061827
2024-06-19 10:00:05,88.0600613126262
2024-06-19 11:00:05,80.2364132003318
2024-06-19 12:00:05,89.4839642424126
2024-06-19 13:00:05,85.5978463105414
2024-06-19 14:00:05,84.5951775544299
2024-06-19 15:00:05,89.9610702431031
2024-06-19 16:00:05,83.1096975276148
2024-06-19 17:00:05,85.2426358137825
2024-06-19 18:00:05,88.3449238560442
2024-06-19 19:00:05,84.2787403170662
2024-06-19 20:00:05,87.568846086025
2024-06-19 21:00:05,81.5338457393857
2024-06-19 22:00:05,91.6121158908165
2024-06-19 23:00:05,84.3316681301604
2024-06-20 00:00:02,87.6635892503606
2024-06-20 01:00:05,87.5680197494836
2024-06-20 02:00:05,88.2191337709165
2024-06-20 03:00:05,83.9647631362678
2024-06-20 04:00:05,80.7613566449974
2024-06-20 05:00:05,86.7455321571897
2024-06-20 06:00:05,86.2642012495169
2024-06-20 08:00:05,80.6431679955281
2024-06-20 09:00:05,85.7931296597579
2024-06-20 10:00:05,83.940836877146
2024-06-20 11:00:05,85.4029288064966
2024-06-20 12:00:05,85.6203257873096
2024-06-20 13:00:05,83.2749609620897
2024-06-20 14:00:05,88.3204260892416
2024-06-20 15:00:05,84.916898445325
2024-06-20 16:00:05,83.0709726208854
2024-06-20 17:00:05,87.2792245486567
2024-06-20 18:00:05,86.4470726525267
2024-06-20 19:00:05,86.0369911142408
2024-06-20 20:00:05,86.2677253780211
2024-06-20 21:00:05,82.729601767534
2024-06-20 22:00:05,80.0589649865686
2024-06-20 23:00:05,81.7499347599166
2024-06-21 00:00:00,85.6714753933891
2024-06-21 01:00:05,85.9302347334016
2024-06-21 02:00:05,82.8349330271611
2024-06-21 03:00:05,85.2416349323472
2024-06-21 04:00:05,90.558112849885
2024-06-21 05:00:05,87.5588135547243
2024-06-21 06:00:05,82.9237199980647
2024-06-21 08:00:05,82.0853295262105
2024-06-21 10:00:05,87.2122999167345
2024-06-21 11:00:05,84.8194151356134
2024-06-21 12:00:05,84.7443579068269
2024-06-21 13:00:05,88.5738568936558
2024-06-21 14:00:05,88.5723051782124
2024-06-21 15:00:05,85.1125612552176
2024-06-21 16:00:05,86.1152628322574
2024-06-22 05:00:05,82.2641008975589
2024-06-22 07:00:05,88.6111625926125
2024-06-22 11:00:05,82.6496687126862
2024-06-22 12:00:05,83.1720090339874
2024-06-22 13:00:05,85.5475202832019
2024-06-22 15:00:05,83.9634726203794
2024-06-22 16:00:05,82.8400356442534
2024-06-22 17:00:05,84.8083960768003
2024-06-22 18:00:05,81.8997633640224
2024-06-22 19:00:05,81.4874078198783
2024-06-22 20:00:05,85.3499185293064
2024-06-22 21:00:05,85.1323129686499
2024-06-22 22:00:05,84.4876442586784
2024-06-22 23:00:05,83.6689483956381
2024-06-23 00:00:00,83.5330403847054
2024-06-23 01:00:05,87.6555182029097
2024-06-23 02:00:05,85.0711193259458
2024-06-23 03:00:05,86.0819589720748
2024-06-23 04:00:05,82.4077488677007
2024-06-23 06:00:05,87.2028569255081
2024-06-23 07:00:05,82.7084020950319
2024-06-23 10:00:05,79.9374195936115
2024-06-23 11:00:05,82.3446893331385
2024-06-23 12:00:05,86.3652316859673
2024-06-23 13:00:05,80.489185983306
2024-06-23 14:00:05,83.4300497275584
2024-06-23 15:00:05,82.1918340734044
2024-06-23 16:00:05,86.7269308729314
2024-06-23 17:00:05,84.7796477191663
2024-06-23 18:00:05,86.7662994070719
2024-06-23 19:00:05,84.809398367933
2024-06-23 20:00:05,85.2151589135965
2024-06-23 21:00:05,83.8545842146886
2024-06-23 22:00:05,83.144462169771
2024-06-23 23:00:05,84.3367453171901
2024-06-24 00:00:01,84.8162802879501
2024-06-24 01:00:05,85.6766088133651
2024-06-24 02:00:05,78.2587549003017
2024-06-24 03:00:05,81.0793158722287
2024-06-24 04:00:05,79.6900140242588
2024-06-24 05:00:05,88.2386509423935
2024-06-24 06:00:05,84.0473690734199
2024-06-24 07:00:05,85.6875361095722
2024-06-24 08:00:05,82.0585072527916
2024-06-24 09:00:05,84.9500448465475
2024-06-24 10:00:05,87.494776155158
2024-06-24 11:00:05,84.5221510297122
2024-06-24 12:00:05,84.2161023959865
2024-06-24 13:00:05,84.3441930563825
2024-06-24 14:00:05,84.282874038849
2024-06-24 15:00:05,83.5432206868664
2024-06-24 16:00:05,85.4701496680871
2024-06-24 17:00:05,84.7716863930574
2024-06-24 18:00:05,82.2201256982916
2024-06-24 19:00:05,82.685730307238
2024-06-24 20:00:05,86.7790673447108
2024-06-24 21:00:05,82.5060173028916
2024-06-24 22:00:05,85.2592526046928
2024-06-24 23:00:05,83.2479900126527
2024-06-25 00:00:00,84.808298657462
2024-06-25 01:00:05,83.8772124240162
2024-06-25 02:00:05,82.0308373663912
2024-06-25 03:00:05,81.7716939697245
2024-06-25 05:00:05,96.3957131774806
2024-06-25 06:00:05,81.8140020042094
2024-06-25 07:00:05,84.0937725274523
2024-06-25 08:00:05,88.1810692336153
2024-06-25 10:00:05,80.8392098405907
2024-06-25 11:00:05,86.7866096244757
2024-06-25 12:00:05,88.4549120453322
2024-06-25 13:00:05,87.3895258670968
2024-06-25 14:00:05,82.2653344835856
2024-06-25 15:00:05,82.3528146138059
2024-06-25 16:00:05,87.2574727282411
2024-06-25 17:00:05,83.8195874193959
2024-06-25 18:00:05,85.0122708494528
2024-06-25 19:00:05,84.242562067977
2024-06-25 20:00:05,83.0466639446594
2024-06-26 08:00:05,82.6793804439674
2024-06-26 10:00:05,84.6892732049166
2024-06-26 11:00:05,84.8422598926017
2024-06-26 12:00:05,83.0861109552898
2024-06-26 13:00:05,85.5609037516165
2024-06-26 14:00:05,80.6639539856476
2024-06-26 15:00:05,84.9437293577187
2024-06-26 16:00:05,85.1953674657535
2024-06-26 17:00:05,84.2925576538965
2024-06-26 18:00:05,85.5685377852971
2024-06-26 19:00:05,87.3381107176757
2024-06-26 20:00:05,83.6427934228868
2024-06-26 21:00:05,83.2110238135541
2024-06-26 22:00:05,84.615033111521
2024-06-26 23:00:05,84.7858382126121
2024-06-27 00:00:01,82.5715461848372
2024-06-27 01:00:05,88.3997038863934
2024-06-27 02:00:05,85.1778364827593
2024-06-27 03:00:05,82.1941604771985
2024-06-27 04:00:05,83.6036317250955
2024-06-27 05:00:05,84.8271764847164
2024-06-27 06:00:05,83.7589870304772
2024-06-27 07:00:05,85.4336378472219
2024-06-27 09:00:05,84.9691193500023
2024-06-27 11:00:05,80.7686589736107
2024-06-27 15:00:05,86.6592661152153
2024-06-27 16:00:05,79.8143771976469
2024-06-27 17:00:05,81.9379674716712
2024-06-27 18:00:05,84.3432357352094
2024-06-27 19:00:05,64.2346103917395
2024-06-27 20:00:05,84.4419355370323
2024-06-27 21:00:05,88.0363606518172
2024-06-27 22:00:05,80.7915464155342
2024-06-27 23:00:05,82.3433922024091
2024-06-28 00:00:01,86.3483513687068
2024-06-28 01:00:05,82.4309359295282
2024-06-28 02:00:05,86.9218296324164
2024-06-28 03:00:05,84.7010824803882
2024-06-28 04:00:05,84.2690785187135
2024-06-28 05:00:05,85.1297916654315
2024-06-28 06:00:05,82.7448644736793
2024-06-28 07:00:05,84.8557295222119
2024-06-28 08:00:05,83.2412496894447
2024-06-28 09:00:05,86.8688889113105
2024-06-28 10:00:05,81.7120320768679
2024-06-28 11:00:05,85.9666798515104
2024-06-28 12:00:05,86.9836696138164
2024-06-28 13:00:05,85.5744468524418
2024-06-28 14:00:05,78.7060339084117
2024-06-28 15:00:05,84.3594409689031
2024-06-28 16:00:05,88.5742913731921
2024-06-28 17:00:05,85.9385819650676
2024-06-28 18:00:05,84.3643961903528
2024-06-28 19:00:05,85.728853279348
2024-06-28 20:00:05,82.7036234141197
2024-06-28 21:00:05,83.2239248342999
2024-06-28 22:00:05,83.4532833054114
2024-06-28 23:00:05,84.7598977344271
2024-06-29 00:00:01,85.9066879291321
2024-06-29 01:00:05,83.5395979478355
2024-06-29 03:00:05,86.855571630359
2024-06-29 04:00:05,87.2097985094628
2024-06-29 05:00:05,88.0618627391652
2024-06-29 06:00:05,85.2390179955992
2024-06-29 07:00:05,87.6974193287518
2024-06-29 08:00:05,80.762917648699
2024-06-29 09:00:05,81.6424431104676
2024-06-29 10:00:05,82.3957027639823
2024-06-29 11:00:05,83.6816708373909
2024-06-29 12:00:05,84.7925761764405
2024-06-29 13:00:05,83.7743922719816
2024-06-29 14:00:05,78.3258376660771
2024-06-29 15:00:05,83.7171185072736
2024-06-29 16:00:05,103.064146239423
2024-06-29 17:00:05,82.8207692880154
2024-06-29 18:00:05,83.3887369113358
2024-06-29 19:00:05,83.8406781788388
2024-06-29 20:00:05,86.6975928941369
2024-06-29 21:00:05,84.9172724222543
2024-06-29 22:00:05,82.6925318510478
2024-06-29 23:00:05,81.934738829153
2024-06-30 00:00:01,84.0203472544577
2024-06-30 13:00:05,83.0482978787485
2024-06-30 15:00:05,83.0005022059139
2024-06-30 16:00:05,81.0261540431355
2024-06-30 17:00:05,87.0368642070795
2024-06-30 18:00:05,84.2523890818884
2024-06-30 19:00:05,84.9866113729972
2024-06-30 20:00:05,83.6535297131722
2024-06-30 21:00:05,84.5953581270135
2024-06-30 22:00:05,83.5534023128349
2024-06-30 23:00:05,83.8808733957114
2024-07-01 00:00:00,79.6654444601662
2024-07-01 01:00:05,79.652849714143
2024-07-01 02:00:05,84.1119594423345
2024-07-01 03:00:05,87.0417928119112
2024-07-01 04:00:05,81.6847881271865
2024-07-01 05:00:05,85.6777027681498
2024-07-01 06:00:05,78.8871029289858
2024-07-01 07:00:05,81.8923883883868
2024-07-01 08:00:05,87.3333237259893
2024-07-01 09:00:05,79.6903422263825
2024-07-01 11:00:03,87.7135878692109
2024-07-01 12:00:03,88.6955778370488
2024-07-01 13:00:03,86.3287114361565
2024-07-01 14:00:03,82.8016256590794
2024-07-01 15:00:03,74.8665809064251
2024-07-01 16:00:03,87.3288585333648
2024-07-01 17:00:03,80.049759400219
2024-07-01 18:00:03,92.6775562705434
2024-07-01 19:00:03,78.1257922495885
2024-07-01 20:00:03,81.0808438280683
2024-07-01 21:00:03,80.9526125310404
2024-07-01 22:00:03,80.9014393823984
2024-07-01 23:00:03,84.678478214496
2024-07-02 00:00:00,81.6666996420105
2024-07-02 01:00:03,85.7799262121643
2024-07-02 02:00:03,82.3256477377971
2024-07-02 03:00:03,83.100829015101
2024-07-02 04:00:03,79.8087413874306
2024-07-02 05:00:03,84.1605976131662
2024-07-02 06:00:03,84.4663344432027
2024-07-02 09:00:03,80.5848413782526
2024-07-02 10:00:03,83.6601072075671
2024-07-02 11:00:03,85.4399700164114
2024-07-02 12:00:03,84.9848954607501
2024-07-02 13:00:03,84.0319724015541
2024-07-02 14:00:03,84.44563747347
2024-07-02 15:00:03,79.9210753198919
2024-07-02 16:00:03,80.1410099761382
2024-07-02 17:00:03,83.9155230749671
2024-07-02 18:00:03,76.8429655533269
2024-07-02 19:00:03,80.1853878096193
2024-07-02 20:00:03,77.1707009636081
2024-07-02 21:00:03,83.0583272711659
2024-07-02 22:00:03,81.1064401117038
2024-07-02 23:00:03,88.843759909595
2024-07-03 00:00:01,82.4173764115242
2024-07-03 01:00:03,85.0779735511008
2024-07-03 02:00:03,83.3231347965667
2024-07-03 03:00:03,87.3511776483443
2024-07-03 04:00:03,86.7385100297629
2024-07-03 05:00:03,86.0607781680055
2024-07-03 06:00:03,89.6108300810244
2024-07-03 10:00:03,86.8070969643219
2024-07-03 12:00:03,78.3441916572753
2024-07-03 13:00:03,81.7066845786063
2024-07-03 14:00:03,81.4382263015517
2024-07-03 15:00:03,86.2690731175438
2024-07-03 16:00:03,80.7000786600994
2024-07-03 17:00:03,94.1006026993352
2024-07-03 18:00:03,82.3191284985048
2024-07-03 19:00:03,85.8987102246113
2024-07-03 20:00:03,79.4004524592926
2024-07-03 21:00:03,81.7437034778648
2024-07-03 22:00:03,91.5957998150108
2024-07-03 23:00:03,88.8227755870563
2024-07-04 00:00:00,83.5240804459218
2024-07-04 01:00:03,85.4331968504866
2024-07-04 02:00:03,80.5486305236988
2024-07-04 03:00:03,81.5615005105519
2024-07-04 04:00:03,88.4190949288415
2024-07-04 05:00:03,80.415892536941
2024-07-04 06:00:03,83.4024998766124
2024-07-04 18:00:03,74.2034295901808
2024-07-05 00:00:03,76.132807861795
2024-07-05 06:00:03,80.3609950461646
2024-07-05 12:00:03,87.7817351406494
2024-07-05 18:00:03,82.7918977471907
2024-07-06 00:00:03,86.9772229868837
2024-07-06 06:00:03,80.9076686098813
2024-07-06 12:00:03,87.4174076242124
2024-07-06 18:00:03,85.3176526967632
2024-07-07 00:00:03,82.5095714618857
2024-07-07 06:00:03,83.9605634466746
2024-07-07 12:00:03,87.7899556991584
2024-07-07 18:00:03,79.2498290783748
2024-07-08 00:00:03,86.4586136975007
2024-07-08 06:00:03,81.2834687140288
2024-07-08 12:00:03,74.4086804656682
2024-07-08 18:00:03,88.5530668683711
2024-07-09 00:00:03,79.1972598795414
2024-07-09 06:00:03,82.3039487572336
2024-07-09 12:00:03,84.5222621932131
2024-07-09 18:00:03,82.1668606105121
2024-07-10 00:00:03,84.5214111760718
2024-07-10 06:00:03,79.8157900422698
2024-07-10 12:00:03,84.4668252323877
2024-07-10 18:00:03,82.1496158035226
2024-07-11 00:00:03,84.6910268607303
2024-07-11 06:00:03,86.4088370210927
2024-07-11 12:00:03,87.0231170067116
2024-07-11 18:00:03,80.4519593426762
2024-07-12 00:00:03,84.526060100675
2024-07-12 06:00:03,78.3444826168313
2024-07-12 12:00:03,77.674818790381
2024-07-12 18:00:03,86.2031753019294
2024-07-13 00:00:03,81.460038340955
2024-07-13 06:00:03,85.8377064377153
2024-07-13 12:00:03,79.8470461074756
2024-07-13 18:00:03,78.4691301653063
2024-07-14 00:00:03,81.4169762234446
2024-07-14 06:00:03,86.5553421889052
2024-07-14 12:00:03,82.3239315602253
2024-07-14 18:00:03,77.199684977131
2024-07-15 00:00:03,85.1688812400378
2024-07-15 06:00:03,92.9025608073617
2024-07-15 12:00:03,80.6985726431173
2024-07-15 18:00:03,83.114126449833
2024-07-16 00:00:03,82.6044910735987
2024-07-16 06:00:03,78.6893780544473
2024-07-16 12:00:03,79.281402883984
2024-07-16 18:00:03,78.3866697197453
2024-07-17 00:00:03,79.8824845896822
2024-07-17 06:00:03,81.4097742604661
2024-07-17 12:00:03,87.0681540123308
2024-07-17 18:00:03,78.9987610774662
2024-07-18 00:00:03,80.5021690686229
2024-07-18 06:00:03,77.5682422949354
2024-07-18 12:00:03,77.5182562157514
2024-07-18 18:00:03,87.0533641367849
2024-07-19 00:00:03,81.4278478474317
2024-07-19 06:00:03,84.727495050235
2024-07-19 12:00:03,85.2644298576322
2024-07-19 18:00:03,84.9447704514546
2024-07-20 00:00:03,83.2796047221858
2024-07-20 06:00:03,80.108108435342
2024-07-20 12:00:03,84.3734716589432
2024-07-20 18:00:03,78.8748515469585
2024-07-21 00:00:03,85.9266449468059
2024-07-21 06:00:03,85.9985750886335
2024-07-21 12:00:03,85.8779293880209
2024-07-21 18:00:03,79.8805269641597
2024-07-22 00:00:03,83.0808455571162
2024-07-22 06:00:03,88.1831153877559
2024-07-22 12:00:03,91.1564379786624
2024-07-22 18:00:03,80.6947186085903
2024-07-23 00:00:03,83.2428511712084
2024-07-23 06:00:03,86.7933135929735
2024-07-23 12:00:03,85.8148542995052
2024-07-23 18:00:03,84.4363717835919
2024-07-24 00:00:03,86.0464116510798
2024-07-24 06:00:03,79.3163124096052
2024-07-24 12:00:03,83.6548124132121
2024-07-24 18:00:03,82.9192671639936
2024-07-25 00:00:03,81.0381708454918
2024-07-25 06:00:03,79.7583740233121
2024-07-25 12:00:03,85.4953596484503
2024-07-25 18:00:03,84.8103861426484
2024-07-26 00:00:03,82.2561860810161
2024-07-26 06:00:03,82.3040994260847
2024-07-26 12:00:03,86.5149703021758
2024-07-26 18:00:03,87.1795876165535
2024-07-27 00:00:03,76.7333825077323
2024-07-27 06:00:03,86.7221697127579
2024-07-27 12:00:03,85.677784220809
2024-07-27 18:00:03,79.9648343773799
2024-07-28 00:00:03,77.945909932633
2024-07-28 06:00:03,85.2991861188506
2024-07-28 12:00:03,80.9449150657283
2024-07-28 18:00:03,78.2321484311523
2024-07-29 00:00:03,87.7231059979401
2024-07-29 06:00:03,80.0460122409317
2024-07-29 12:00:03,75.5219548972344
2024-07-29 18:00:03,79.1166783259973
2024-07-30 00:00:03,94.0535498856648
2024-07-30 06:00:03,89.820455017387
2024-07-30 12:00:03,85.2721899761009
2024-07-30 18:00:03,89.4410772910104
2024-07-31 00:00:03,85.2109401957313
2024-07-31 06:00:03,76.1835697312902
2024-07-31 12:00:03,82.3509717007443
2024-07-31 18:00:03,85.7790935717068
2024-08-01 00:00:03,81.4362209742384
2024-08-01 06:00:03,82.2592165041412
2024-08-01 12:00:03,79.0432471499669
2024-08-01 18:00:03,78.1657492130275
2024-08-02 00:00:03,80.634725173228
2024-08-02 06:00:03,80.3277110849677
2024-08-02 12:00:03,79.7421593028447
2024-08-02 18:00:03,74.2647830169921
2024-08-03 00:00:03,80.0632874148698
2024-08-03 06:00:03,76.7438838554263
2024-08-03 12:00:03,78.7865443697485
2024-08-03 18:00:03,82.4770711560063
2024-08-04 00:00:03,81.9821255473209
2024-08-04 06:00:03,82.6120557461359
2024-08-04 12:00:03,81.1590914128675
2024-08-04 18:00:03,81.1463080612935
2024-08-05 00:00:03,84.0607868450333
2024-08-05 06:00:03,79.2224179123043
2024-08-05 12:00:03,77.759844696776
2024-08-05 18:00:03,82.0813328092035
2024-08-06 00:00:03,75.549070642684
2024-08-06 06:00:03,78.305863741766
2024-08-06 12:00:03,88.0688745843573
2024-08-06 18:00:03,77.567333472377
2024-08-07 00:00:03,79.8809537892255
2024-08-07 06:00:03,79.4904326886441
2024-08-07 12:00:03,88.9855772291878
2024-08-07 18:00:03,75.3036874952893
2024-08-08 00:00:03,82.9421671740537
2024-08-08 06:00:03,78.822410343973
2024-08-08 12:00:03,81.6020116699463
2024-08-08 18:00:03,80.6393054507
2024-08-09 00:00:03,78.5774040545045
2024-08-09 06:00:03,79.0003887986275
2024-08-09 12:00:03,81.5686337177332
2024-08-09 18:00:03,78.6399463658575
2024-08-10 00:00:03,77.8499023028411
2024-08-10 06:00:03,82.949411947245
2024-08-10 12:00:03,81.3979348329412
2024-08-10 18:00:03,83.2713997338644
2024-08-11 00:00:03,81.8865095065686
2024-08-11 06:00:03,83.4458906351151
2024-08-11 12:00:03,81.9276640436457
2024-08-11 18:00:03,81.9594323695687
2024-08-12 00:00:03,85.4371330142259
2024-08-12 06:00:03,84.4493414907851
2024-08-12 12:00:03,77.1934918219881
2024-08-12 18:00:03,82.6123671297073
2024-08-13 00:00:03,83.3457561381779
2024-08-13 06:00:03,82.6118966817493
2024-08-13 12:00:03,83.4768441292472
2024-08-13 18:00:03,84.8734775886154
2024-08-14 00:00:03,84.9784207835159
2024-08-14 06:00:03,80.4635539915569
2024-08-14 12:00:03,84.5105731913954
2024-08-14 18:00:03,84.0277118064483
2024-08-15 00:00:03,82.5845020216511
2024-08-15 06:00:03,79.9604006207833
2024-08-15 12:00:03,78.4378149702462
2024-08-15 18:00:03,79.1563724911696
2024-08-16 00:00:03,
2024-08-16 06:00:03,
2024-08-16 12:00:03,
2024-08-16 18:00:03,
2024-08-17 00:00:03,99.5611645944937
2024-08-17 06:00:03,99.021093864103
2024-08-17 12:00:03,99.5508942010054
2024-08-17 18:00:03,99.6950300149575
2024-08-18 00:00:03,100.03340238628
2024-08-18 06:00:03,99.3683354194692
2024-08-18 12:00:03,101.089409623832
2024-08-18 18:00:03,99.348500695036
2024-08-19 00:00:03,
2024-08-19 06:00:03,
2024-08-19 12:00:03,
2024-08-19 18:00:03,101.674320330326
2024-08-20 00:00:03,98.3571661018407
2024-08-20 06:00:03,102.096007296992
2024-08-20 12:00:03,101.909535866953
2024-08-20 18:00:03,99.5019923914537
2024-08-21 00:00:03,98.4356193246212
2024-08-21 06:00:03,103.187457481824
2024-08-21 12:00:03,98.945924720437
2024-08-21 18:00:03,102.394582137849
2024-08-22 00:00:03,102.315093204763
2024-08-22 06:00:03,94.3976388312582
2024-08-22 12:00:03,102.50550903054
2024-08-22 18:00:03,100.452591766217
2024-08-23 00:00:03,97.476721289323
2024-08-23 06:00:03,101.971799858452
2024-08-23 12:00:03,102.037011900646
2024-08-23 18:00:03,93.7129605142112
2024-08-24 00:00:03,100.514337535203
2024-08-24 06:00:03,94.0193385178043
2024-08-24 12:00:03,99.6062350356089
2024-08-24 18:00:03,101.600422960571
2024-08-25 00:00:03,103.457451921009
2024-08-25 06:00:03,100.124004795367
2024-08-25 12:00:03,98.1523220779951
2024-08-25 18:00:03,96.1926983539642
2024-08-26 00:00:03,97.1750578540303
2024-08-26 06:00:03,100.34283735877
2024-08-26 15:00:01,103.697879255435
2024-08-26 16:00:01,102.06349149567
2024-08-26 17:00:01,101.449607994878
2024-08-26 18:00:01,100.570938450791
2024-08-26 19:00:01,98.4338649906718
2024-08-26 20:00:01,95.491066680965
2024-08-26 21:00:01,103.730379136582
2024-08-26 22:00:01,95.4217622499141
2024-08-26 23:00:01,100.483568361117
2024-08-27 00:00:00,99.0678406396272
2024-08-27 01:00:01,96.64243000853
2024-08-27 02:00:01,100.052146139374
2024-08-27 03:00:01,97.5288242046936
2024-08-27 04:00:01,96.7236667033972
2024-08-27 05:00:01,103.474507898761
2024-08-27 06:00:01,95.0579117315771
2024-08-27 07:00:01,97.630896944809
2024-08-27 08:00:01,99.0647478790967
2024-08-27 09:00:01,101.427813515105
2024-08-27 10:00:01,103.953632883805
2024-08-27 11:00:01,96.4246088217528
2024-08-27 12:00:01,94.8325352755298
2024-08-27 13:00:01,98.9323127587445
2024-08-27 14:00:01,102.821766937662
2024-08-27 15:00:01,99.745090975393
2024-08-28 07:00:01,121.718689733117
2024-08-28 08:00:01,100.699432952208
2024-08-28 09:00:01,102.757326565983
2024-08-28 12:00:01,100.580752948224
2024-08-28 15:00:01,95.2498123121297
2024-08-28 16:00:01,99.9360914179453
2024-08-28 17:00:01,99.8829966486612
2024-08-28 18:00:01,104.711902488129
2024-08-28 19:00:01,101.118287142265
2024-08-28 20:00:01,98.627220896781
2024-08-28 21:00:01,97.5907191171834
2024-08-28 22:00:01,102.236909068975
2024-08-28 23:00:01,103.804552736622
2024-08-29 00:00:00,99.1688428227315
2024-08-29 01:00:01,103.644735488057
2024-08-29 02:00:01,99.1580256370114
2024-08-29 03:00:01,94.7042590301246
2024-08-29 04:00:01,97.817439033536
2024-08-29 05:00:01,95.5233239544498
2024-08-29 06:00:01,99.8119283547152
2024-08-29 07:00:01,97.4390422486385
2024-08-29 08:00:01,102.599538639292
2024-08-29 09:00:01,100.574508172311
2024-08-29 10:00:01,102.747956321199
2024-08-29 11:00:01,97.7643935094204
2024-08-29 12:00:01,94.5865202602452
2024-08-29 13:00:01,97.180539396846
2024-08-29 14:00:01,105.888756706596
2024-08-29 15:00:01,98.4764125238944
2024-08-29 16:00:01,94.9887977619659
2024-08-29 17:00:01,99.0706681406445
2024-08-29 18:00:01,102.310968433463
2024-08-29 19:00:01,98.1878447236322
2024-08-29 20:00:01,97.7210685411614
2024-08-29 21:00:01,99.7533928252359
2024-08-29 22:00:01,104.538353354072
2024-08-29 23:00:01,98.2964841805294
2024-08-30 00:00:00,101.85054820481
2024-08-30 01:00:01,97.857369533407
2024-08-30 02:00:01,104.119622879491
2024-08-30 03:00:01,101.926363605164
2024-08-30 04:00:01,99.7494950750744
2024-08-30 05:00:01,96.4898562862229
2024-08-30 06:00:01,96.6898657729606
2024-08-30 07:00:01,103.307158251277
2024-08-30 08:00:01,103.380363080827
2024-08-30 10:00:01,101.114581657897
2024-08-30 11:00:01,96.2785536326158
2024-08-30 12:00:01,99.4785622886704
2024-08-30 13:00:01,92.5821855074937
2024-08-30 14:00:01,102.867435908479
2024-08-30 15:00:01,98.109625621122
2024-08-30 16:00:01,100.204763242838
2024-08-30 17:00:01,101.297536653335
2024-08-30 18:00:01,96.5663943367993
2024-08-30 19:00:01,92.6793888556163
2024-08-30 20:00:01,102.384882019653
2024-08-30 21:00:01,98.2027443524897
2024-08-30 22:00:01,99.715214710992
2024-08-30 23:00:01,100.054545144016
2024-08-31 00:00:00,102.883467135951
2024-08-31 01:00:01,102.616072828168
2024-08-31 02:00:01,95.9859977670673
2024-08-31 03:00:01,98.6550275004857
2024-08-31 04:00:01,98.5933994614933
2024-08-31 05:00:01,95.1166331913653
2024-08-31 06:00:01,96.8111292203893
2024-08-31 07:00:01,101.535078964
2024-08-31 08:00:01,100.07533849391
2024-08-31 09:00:01,
2024-08-31 10:00:01,
2024-08-31 11:00:01,102.671756027156
2024-08-31 12:00:01,96.8534622326085
2024-08-31 13:00:01,97.9818346024599
2024-08-31 14:00:01,99.7339306773383
2024-08-31 15:00:01,98.7294415812608
2024-08-31 16:00:01,95.3317043183998
2024-08-31 17:00:01,104.239835286328
2024-08-31 18:00:01,98.9192492979455
2024-08-31 19:00:01,97.2287724063231
2024-08-31 20:00:01,93.6957591466891
2024-08-31 21:00:01,102.05223239904
2024-09-01 07:00:01,98.5351867270085
2024-09-01 09:00:01,98.3739886386838
2024-09-01 10:00:01,98.0734947930471
2024-09-01 11:00:01,97.4714784405803
2024-09-01 12:00:01,98.7293058523538
2024-09-01 13:00:01,98.5119888133344
2024-09-01 14:00:01,99.1980563513889
2024-09-01 15:00:01,97.8923297970058
2024-09-01 16:00:01,99.1991930827589
2024-09-02 12:00:01,97.6625691760527
2024-09-02 13:00:01,98.3343409637918
2024-09-02 14:00:01,96.9463850875536
2024-09-02 15:00:01,99.3394513209916
2024-09-02 16:00:01,98.0648444440054
2024-09-02 17:00:01,99.2261608444284
2024-09-02 18:00:01,96.9226129275715
2024-09-02 19:00:01,98.8609145169881
2024-09-02 20:00:01,98.8863133645722
2024-09-02 21:00:01,93.8877063161422
2024-09-02 22:00:01,98.8822911713185
2024-09-02 23:00:01,98.9804742651188
2024-09-03 00:00:00,97.4886223318561
2024-09-03 01:00:01,97.6526686603068
2024-09-03 02:00:01,98.4532006191177
2024-09-03 03:00:01,97.6464031075516
2024-09-03 04:00:01,98.3593101768524
2024-09-03 05:00:01,97.0258463509742
2024-09-03 06:00:01,97.5093311300331
2024-09-03 07:00:01,98.7918738702634
2024-09-03 08:00:01,97.9599596379787
2024-09-03 09:00:01,98.3266600899738
2024-09-03 10:00:01,98.1781967002003
2024-09-03 11:00:01,68.7302813041463
2024-09-03 12:00:01,98.6061220600467
2024-09-03 13:00:01,97.6373786835643
2024-09-03 14:00:01,98.2750764951881
2024-09-03 15:00:01,100.270485564371
2024-09-03 16:00:01,97.1797418004137
2024-09-03 17:00:01,98.5461513796379
2024-09-03 18:00:01,99.3824820240653
2024-09-03 19:00:01,99.9850626540178
2024-09-03 20:00:01,97.1206069852655
2024-09-03 21:00:01,97.3703301336806
2024-09-03 22:00:01,100.107675026808
2024-09-03 23:00:01,96.3141117191587
2024-09-04 00:00:00,97.3564876202091
2024-09-04 01:00:01,98.733368526623
2024-09-04 02:00:01,97.3393039965687
2024-09-04 03:00:01,98.3308344637362
2024-09-04 04:00:01,98.2043219182196
2024-09-04 05:00:01,96.5044860983008
2024-09-04 06:00:01,97.2075518437252
2024-09-04 07:00:01,97.623654336142
2024-09-04 08:00:01,98.1286530479409
2024-09-04 09:00:01,96.8403344996567
2024-09-04 10:00:01,95.9164426835685
2024-09-04 11:00:01,97.1560857416709
2024-09-04 12:00:01,98.8592787159065
2024-09-04 13:00:01,96.7241433384105
2024-09-04 14:00:01,98.6497064686044
2024-09-04 15:00:01,99.4090787799558
2024-09-04 16:00:01,96.2267583459223
2024-09-04 17:00:01,95.9137802573154
2024-09-04 18:00:01,98.2351099824058
2024-09-04 19:00:01,97.3973306381607
2024-09-04 20:00:01,97.9713327926668
2024-09-04 21:00:01,97.6204273753845
2024-09-04 22:00:01,98.2455428689969
2024-09-04 23:00:01,96.8982134828503
2024-09-05 00:00:00,98.0743907772441
2024-09-05 01:00:01,96.4913712570148
2024-09-05 02:00:01,95.3845634367405
2024-09-05 12:00:01,98.2127837496646
2024-09-05 13:00:01,96.9479361410729
2024-09-05 14:00:01,97.0967457133096
2024-09-05 15:00:01,97.4124497526502
2024-09-05 16:00:01,97.3923518209517
2024-09-05 17:00:01,98.8663082242789
2024-09-05 18:00:01,97.57705912073
2024-09-05 19:00:01,97.9427709611936
2024-09-05 20:00:01,97.0874331360307
2024-09-05 21:00:01,95.9750820526546
2024-09-05 22:00:01,96.768600892416
2024-09-05 23:00:01,98.2279376503534
2024-09-06 00:00:00,96.5589177338421
2024-09-06 01:00:01,97.0776038040471
2024-09-06 02:00:01,96.9533305430408
2024-09-06 03:00:01,94.6838601093766
2024-09-06 04:00:01,96.9158082377838
2024-09-06 05:00:01,97.170704741674
2024-09-06 06:00:01,96.2824500988714
2024-09-06 08:00:01,95.3955332713671
2024-09-06 09:00:01,96.6229958774642
2024-09-06 10:00:01,96.4570760409845
2024-09-06 11:00:01,97.3398101681491
2024-09-06 12:00:01,97.0223342004555
2024-09-06 13:00:01,98.2775995972468
2024-09-06 14:00:01,97.0406775856531
2024-09-06 15:00:01,97.5513693278191
2024-09-06 16:00:01,97.5907141719752
2024-09-06 17:00:01,96.1457795033513
2024-09-06 18:00:01,98.1884333692565
2024-09-06 19:00:01,98.1317688227035
2024-09-06 20:00:01,98.1415349572219
2024-09-06 21:00:01,96.0264798013126
2024-09-06 22:00:01,102.389281375497
2024-09-06 23:00:01,96.8004076497091
2024-09-07 00:00:00,97.0239494964041
2024-09-07 01:00:01,97.5728958492145
2024-09-07 02:00:01,96.8355870112648
2024-09-07 03:00:01,96.5497311651758
2024-09-07 04:00:01,95.1663170173993
2024-09-07 05:00:01,95.1641661231687
2024-09-07 06:00:01,97.1672477884202
2024-09-07 07:00:01,95.6682403534368
2024-09-07 08:00:01,96.2231027658206
2024-09-07 09:00:01,97.1923612875188
2024-09-07 10:00:01,97.2660611883166
2024-09-07 11:00:01,98.6728579026086
2024-09-07 12:00:01,96.8582329958557
2024-09-07 13:00:01,95.8049220621153
2024-09-07 14:00:01,96.8236330018941
2024-09-07 15:00:01,97.0022708325431
2024-09-07 16:00:01,96.7768017911626
2024-09-07 17:00:01,95.585483211844
2024-09-07 18:00:01,97.7290711246882
2024-09-07 19:00:01,98.6486683378562
2024-09-07 20:00:01,96.5415028519829
2024-09-07 21:00:01,97.6121131734397
2024-09-07 22:00:01,94.7344005477016
2024-09-07 23:00:01,96.0424413921569
2024-09-08 00:00:01,95.9205472424973
2024-09-08 01:00:01,96.5092040712529
2024-09-08 02:00:01,95.0939737159156
2024-09-08 03:00:01,96.6647794133877
2024-09-08 04:00:01,96.0493716164552
2024-09-08 05:00:01,96.6760386593029
2024-09-08 06:00:01,97.2295653927593
2024-09-08 07:00:01,97.1329325253576
2024-09-08 08:00:01,97.021039014375
2024-09-08 09:00:01,
2024-09-08 10:00:01,
2024-09-08 11:00:01,
2024-09-08 12:00:01,
2024-09-08 13:00:01,97.7616453228761
2024-09-08 14:00:01,97.8657991334856
2024-09-08 15:00:01,97.5142926270477
2024-09-08 16:00:01,95.6623678156408
2024-09-08 17:00:01,96.9938914201422
2024-09-08 18:00:01,99.0943794153451
2024-09-08 19:00:01,95.7437090653888
2024-09-08 20:00:01,94.4741423277658
2024-09-08 21:00:01,96.5026153859379
2024-09-08 22:00:01,96.2388817697573
2024-09-08 23:00:01,95.7231042877227
2024-09-09 00:00:00,99.1501250080333
2024-09-09 01:00:01,95.5869546868176
2024-09-09 02:00:01,97.4147366556556
2024-09-09 03:00:01,96.2143639137672
2024-09-09 04:00:01,96.7666946788801
2024-09-09 15:00:01,97.0974181217
2024-09-09 18:00:01,96.2924997936028
2024-09-09 19:00:01,94.6299490086019
2024-09-09 20:00:01,96.8846817852741
2024-09-09 21:00:01,96.059009341856
2024-09-09 22:00:01,96.4205106075164
2024-09-09 23:00:01,95.8154453907682
2024-09-10 00:00:01,96.334954511907
2024-09-10 01:00:01,95.0715720728271
2024-09-10 02:00:01,95.2290992634524
2024-09-10 03:00:01,94.8059455575873
2024-09-10 04:00:01,96.164967198226
2024-09-10 05:00:01,95.3519101491903
2024-09-10 06:00:01,98.3401029921683
2024-09-10 07:00:01,95.8787363896504
2024-09-10 09:00:01,95.581089298137
2024-09-10 10:00:01,96.3788306701487
2024-09-10 11:00:01,95.6693531624446
2024-09-10 12:00:01,96.8032067967031
2024-09-10 13:00:01,95.4121020538888
2024-09-10 14:00:01,95.6360323666105
2024-09-10 15:00:01,96.2242077711287
2024-09-10 16:00:01,96.884795013421
2024-09-10 17:00:01,94.8318041237336
2024-09-10 18:00:01,96.585110654693
2024-09-10 19:00:01,121.19717490238
2024-09-10 20:00:01,95.8771254942686
2024-09-10 21:00:01,96.1685453909392
2024-09-10 22:00:01,97.6246343544339
2024-09-10 23:00:01,95.0433558593773
2024-09-11 00:00:02,95.2945398218284
2024-09-11 01:00:01,93.8701733914941
2024-09-11 02:00:01,94.2110511488858
2024-09-11 03:00:01,95.759146229159
2024-09-11 04:00:01,94.708666489636
2024-09-11 05:00:01,68.8852817344733
2024-09-11 06:00:01,96.0261142891658
2024-09-11 07:00:01,95.2351655500569
2024-09-11 08:00:08,95.7181414358117
2024-09-11 09:00:08,95.3560131127274
2024-09-11 10:00:08,95.9890912314323
2024-09-11 11:00:08,94.0630661861176
2024-09-11 12:00:08,94.1216071441111
2024-09-11 13:00:08,95.1388217894925
2024-09-11 14:00:08,96.282960989055
2024-09-11 15:00:08,95.638296102698
2024-09-11 16:00:08,95.9263852883755
2024-09-11 17:00:08,95.1815061518717
2024-09-11 18:00:08,96.6707356191915
2024-09-11 19:00:08,93.4812936886646
2024-09-11 20:00:08,94.7978707012625
2024-09-11 21:00:08,95.3200589892916
2024-09-11 22:00:08,95.4289459405789
2024-09-11 23:00:08,95.6532761812594
2024-09-12 00:00:00,95.2474853580353
2024-09-12 01:00:08,96.6475700945209
2024-09-12 02:00:08,94.5459114938341
2024-09-12 03:00:08,95.2009698586393
2024-09-12 04:00:08,95.1095135752037
2024-09-12 05:00:08,94.0820193226185
2024-09-12 06:00:08,94.425975796344
2024-09-12 07:00:08,95.3079483044161
2024-09-12 09:00:08,94.9705272969588
2024-09-12 10:00:08,93.9454364633207
2024-09-12 11:00:08,95.2668608628259
2024-09-12 12:00:08,96.5541288551753
2024-09-12 13:00:08,93.7426849948566
2024-09-12 14:00:08,93.6126547121833
2024-09-12 15:00:08,96.9632596845683
2024-09-12 16:00:08,94.5444593777917
2024-09-12 17:00:08,94.0431147847465
2024-09-12 18:00:08,94.9327701122484
2024-09-12 19:00:08,94.2932535572478
2024-09-12 20:00:08,94.2427980000269
2024-09-12 21:00:08,95.5208583283053
2024-09-12 22:00:08,96.5877240058598
2024-09-12 23:00:08,93.4958389291243
2024-09-13 00:00:00,93.0268268238147
2024-09-13 01:00:08,94.0838530484457
2024-09-13 02:00:08,94.3271050641913
2024-09-13 03:00:08,94.0403705365403
2024-09-13 04:00:08,94.9592764489772
2024-09-13 17:00:08,94.6433371693026
2024-09-13 18:00:08,94.5224468091855
2024-09-13 19:00:08,95.9458562945777
2024-09-13 20:00:08,95.5418039513776
2024-09-13 21:00:08,95.1373313812072
2024-09-13 22:00:08,94.2822157992884
2024-09-13 23:00:08,95.709653944508
2024-09-14 00:00:00,93.9846631812527
2024-09-14 01:00:08,94.0413570020175
2024-09-14 02:00:08,94.0915714500075
2024-09-14 03:00:08,95.7070081451594
2024-09-14 04:00:08,94.5588547278506
2024-09-14 05:00:08,96.4633628100003
2024-09-14 06:00:08,92.9241129602032
2024-09-14 07:00:08,93.8659698202438
2024-09-14 08:00:08,94.7298934862258
2024-09-14 09:00:08,95.0516656238857
2024-09-14 10:00:08,93.6551350545484
2024-09-14 11:00:08,94.9724618026847
2024-09-14 12:00:08,92.9096154060784
2024-09-14 13:00:08,94.4912838886679
2024-09-14 14:00:08,93.8049551383967
2024-09-14 15:00:08,95.3703185879027
2024-09-14 16:00:08,94.1599395653072
2024-09-14 17:00:08,92.9749283791899
2024-09-14 18:00:08,94.873552016346
2024-09-14 19:00:08,93.6373653082919
2024-09-14 20:00:08,94.8519358853662
2024-09-14 21:00:08,94.0937255606695
2024-09-14 22:00:08,92.6285091533958
2024-09-14 23:00:08,94.4982625579649
2024-09-15 01:00:08,94.2434712767006
2024-09-15 02:00:08,93.7401798136522
2024-09-15 03:00:08,95.3953862929503
2024-09-15 04:00:08,94.205516358403
2024-09-15 05:00:08,95.0653036475015
2024-09-15 06:00:08,93.4331785976618
2024-09-15 07:00:08,94.6835981184864
2024-09-15 08:00:08,94.635638650011
2024-09-15 09:00:08,95.1731796274759
2024-09-15 10:00:08,93.9520674091145
2024-09-15 11:00:08,94.3705129223377
2024-09-15 12:00:08,93.2204868139904
2024-09-15 13:00:08,93.781404028157
2024-09-15 14:00:08,95.9025779604564
2024-09-15 15:00:08,95.9360346032946
2024-09-15 16:00:08,94.0307697414504
2024-09-15 17:00:08,93.6435620086687
2024-09-15 18:00:08,93.5699932648541
2024-09-15 19:00:08,93.3543243538387
2024-09-15 20:00:08,93.6127335065982
2024-09-15 21:00:08,92.9665025482897
2024-09-15 22:00:08,94.4132458423911
2024-09-15 23:00:08,95.0201039474662
2024-09-16 00:00:00,93.2918017685866
2024-09-16 01:00:08,94.3084351940736
2024-09-16 02:00:08,92.3511260423096
2024-09-16 03:00:08,94.3911902220427
2024-09-16 04:00:08,94.8537057063895
2024-09-16 05:00:08,93.3384698354652
2024-09-16 06:00:08,92.1255580235458
2024-09-16 08:00:08,93.3345279217754
2024-09-16 09:00:08,94.5588959593227
2024-09-16 10:00:08,93.0897141948481
2024-09-16 11:00:08,91.7203504459606
2024-09-16 12:00:08,93.7936175368124
2024-09-16 13:00:08,93.5056078030634
2024-09-16 14:00:08,94.7005669569668
2024-09-16 15:00:08,92.9869469508312
2024-09-16 16:00:08,92.3757393980468
2024-09-16 17:00:08,96.6925164926369
2024-09-16 18:00:08,93.3001933206167
2024-09-16 19:00:08,92.4347007288526
2024-09-16 20:00:08,91.8691138439081
2024-09-16 21:00:08,95.1677204946755
2024-09-16 22:00:08,91.580277157165
2024-09-16 23:00:08,93.95431695969
2024-09-17 00:00:01,92.4430085492136
2024-09-17 01:00:08,93.4826126937071
2024-09-17 02:00:08,91.6250365803259
2024-09-17 03:00:08,92.6623551186626
2024-09-17 04:00:08,94.4707662847414
2024-09-17 05:00:08,92.4875309545699
2024-09-17 06:00:08,92.1835468254577
2024-09-17 20:00:08,93.5450034793741
2024-09-17 22:00:08,92.8155068681484
2024-09-17 23:00:08,93.1757324712546
2024-09-18 00:00:01,92.2277162842881
2024-09-18 01:00:08,91.4640617243836
2024-09-18 02:00:08,92.9292209773011
2024-09-18 03:00:08,93.594758864465
2024-09-18 04:00:08,92.3988463699557
2024-09-18 05:00:08,92.3637395335264
2024-09-18 06:00:08,93.7022776037333
2024-09-18 08:00:08,92.7146503201574
2024-09-18 09:00:08,92.9762356308838
2024-09-18 10:00:08,92.0594867367927
2024-09-18 11:00:08,93.3777241904918
2024-09-18 12:00:08,92.4201210517874
2024-09-18 13:00:08,92.1103580624787
2024-09-18 14:00:08,93.3318688900783
2024-09-18 15:00:08,91.1062431190824
2024-09-18 16:00:08,93.1775703022141
2024-09-18 17:00:08,93.7253221028675
2024-09-18 18:00:08,93.3861288380009
2024-09-18 19:00:08,92.6210887784676
2024-09-18 20:00:08,92.760680482072
2024-09-18 21:00:08,93.5052707266038
2024-09-18 22:00:08,93.1068728497533
2024-09-18 23:00:08,93.2512386796
2024-09-19 00:00:01,92.0987509506252
2024-09-19 01:00:08,92.9011313571414
2024-09-19 02:00:08,93.380414673484
2024-09-19 03:00:08,91.4079879419481
2024-09-19 04:00:08,91.7986001954898
2024-09-19 05:00:08,93.5131826888576
2024-09-19 06:00:08,92.617864129004
2024-09-19 07:00:08,92.4068477426513
2024-09-19 08:00:08,92.479435064983
2024-09-19 09:00:08,92.8677140875362
2024-09-19 10:00:08,
2024-09-19 11:00:08,
2024-09-19 12:00:08,
2024-09-19 13:00:08,92.6035960020942
2024-09-19 14:00:08,94.147647170135
2024-09-19 15:00:08,91.6470220849095
2024-09-19 16:00:08,92.8283420607419
2024-09-19 17:00:08,91.8834046276873
2024-09-19 18:00:08,90.8836673461702
2024-09-19 19:00:08,92.3725686349612
2024-09-19 20:00:08,91.3246063889436
2024-09-19 21:00:08,92.6175066827303
2024-09-19 22:00:08,94.9459710557323
2024-09-19 23:00:08,92.3918985590677
2024-09-20 00:00:01,92.1364761463227
2024-09-20 01:00:08,91.8327027085884
2024-09-20 02:00:08,92.4182542623175
2024-09-20 03:00:08,90.7512929259837
2024-09-20 04:00:08,92.8468162993163
2024-09-20 05:00:08,92.1017980478638
2024-09-20 06:00:08,92.3581832561368
2024-09-20 07:00:08,91.0306593459615
2024-09-20 08:00:08,92.6105616834196
2024-09-20 09:00:08,94.0668851988367
2024-09-20 10:00:08,91.8797555325114
2024-09-20 11:00:08,93.3717368581904
2024-09-20 12:00:08,91.0783896633349
2024-09-20 13:00:08,92.5443308592847
2024-09-20 14:00:08,92.8214335140664
2024-09-20 15:00:08,92.5382994057855
2024-09-20 16:00:08,92.4547732478102
2024-09-20 17:00:08,92.4155590658439
2024-09-20 18:00:08,93.5050920819674
2024-09-20 19:00:08,91.7649652525801
2024-09-20 20:00:08,90.9584091944948
2024-09-20 21:00:08,93.4726316998737
2024-09-20 22:00:08,91.8424329918908
2024-09-20 23:00:08,91.2696761600491
2024-09-21 00:00:01,90.5270197138651
2024-09-21 01:00:08,93.0547330376641
2024-09-21 02:00:08,91.2573348233282
2024-09-21 03:00:08,92.8101070346744
2024-09-21 04:00:08,91.9001714997056
2024-09-21 05:00:08,91.9989390006079
2024-09-21 06:00:08,91.4333116282844
2024-09-21 07:00:08,92.282854683126
2024-09-21 08:00:08,93.5408378171604
2024-09-21 10:00:08,92.1475087830685
2024-09-21 11:00:08,91.9007870551296
2024-09-21 12:00:08,93.6134120413318
2024-09-21 23:00:08,94.1312817924055
2024-09-22 01:00:08,91.3198558372682
2024-09-22 02:00:08,90.0655345811492
2024-09-22 03:00:08,92.3515226694844
2024-09-22 04:00:08,90.5292478189063
2024-09-22 05:00:08,90.9611085466758
2024-09-22 06:00:08,90.5621801480221
2024-09-22 08:00:08,91.1741907785343
2024-09-22 09:00:08,90.4362151829803
2024-09-22 10:00:08,92.014170778161
2024-09-22 11:00:08,91.2337826384261
2024-09-22 12:00:08,91.1939751896159
2024-09-22 13:00:08,93.2995572833689
2024-09-22 14:00:08,90.7917582404388
2024-09-22 15:00:08,90.8738246717366
2024-09-22 16:00:08,90.0864562372264
2024-09-22 17:00:08,91.497400529893
2024-09-22 18:00:08,91.4276293455125
2024-09-22 19:00:08,91.8840971781743
2024-09-22 20:00:08,92.6481519234724
2024-09-22 21:00:08,90.6390978401353
2024-09-22 22:00:08,90.264724879078
2024-09-22 23:00:08,90.8336155729489
2024-09-23 00:00:01,90.3579502167265
2024-09-23 01:00:08,90.767980796201
2024-09-23 02:00:08,91.007699814257
2024-09-23 03:00:08,91.3443828711848
2024-09-23 04:00:08,91.8351100995701
2024-09-23 05:00:08,89.4468747191776
2024-09-23 06:00:08,92.9073335375344
2024-09-23 07:00:08,91.160789547647
2024-09-23 08:00:08,91.909775948066
2024-09-23 09:00:08,90.8371431107921
2024-09-23 10:00:08,90.2913294167218
2024-09-23 11:00:08,92.8151098161068
2024-09-23 12:00:08,91.4950608683403
2024-09-23 13:00:08,91.2084083680303
2024-09-23 14:00:08,90.7059853050952
2024-09-23 15:00:08,89.4399420018185
2024-09-23 16:00:08,90.9153500007297
2024-09-23 17:00:08,91.4407386456431
2024-09-23 18:00:08,90.5949562814385
2024-09-23 19:00:08,90.9272495144343
2024-09-23 20:00:08,91.6555946188923
2024-09-23 21:00:08,91.5682346409882
2024-09-23 22:00:08,90.3249681225359
2024-09-23 23:00:08,91.2148224151782
2024-09-24 00:00:00,90.5675722156538
2024-09-24 01:00:08,
2024-09-24 02:00:08,89.841064090713
2024-09-24 03:00:08,74.8159938066851
2024-09-24 04:00:08,91.0652213924591
2024-09-24 05:00:08,90.0400365313916
2024-09-24 07:00:08,90.0039848021567
2024-09-24 08:00:08,89.9793946969227
2024-09-24 09:00:08,89.6525118967421
2024-09-24 10:00:08,89.7544056876248
2024-09-24 11:00:08,89.5138175017152
2024-09-24 12:00:08,90.342811071228
2024-09-24 13:00:08,89.2223017765023
2024-09-24 14:00:08,89.0885012313453
2024-09-24 15:00:08,90.2544547427216
2024-09-24 16:00:08,88.4433800287759
2024-09-24 17:00:08,90.2683667300626
2024-09-24 18:00:08,91.5278210902075
2024-09-24 19:00:08,89.285889818792
2024-09-24 20:00:08,90.1664176747124
2024-09-24 21:00:08,89.9356241373599
2024-09-24 22:00:08,89.8272151121936
2024-09-24 23:00:08,90.3994278675236
2024-09-25 00:00:02,89.6921063707708
2024-09-25 01:00:08,91.2135031537146
2024-09-25 02:00:08,90.2746043540052
2024-09-25 03:00:08,90.5196274656468
2024-09-25 04:00:08,91.0726864537146
2024-09-25 05:00:08,88.1339098010589
2024-09-25 06:00:08,91.3170131264928
2024-09-25 07:00:08,90.3548579075447
2024-09-25 08:00:08,90.2059835502647
2024-09-25 09:00:08,88.6855389054336
2024-09-25 10:00:08,88.6998968187487
2024-09-25 11:00:08,89.5099393019836
2024-09-25 12:00:08,88.9801634329753
2024-09-25 13:00:08,90.1887201664557
2024-09-25 14:00:08,89.4505654937224
2024-09-25 15:00:08,89.8002047055967
2024-09-25 18:00:08,91.3416430264751
2024-09-26 05:00:08,88.7493181650718
2024-09-26 06:00:08,89.3680275979531
2024-09-26 08:00:08,88.4869008440777
2024-09-26 09:00:08,88.6642966203488
2024-09-26 10:00:08,89.7995789044786
2024-09-26 11:00:08,90.666917285098
2024-09-26 12:00:08,88.4768855385381
2024-09-26 13:00:08,88.2708365602376
2024-09-26 14:00:08,89.7348738379114
2024-09-26 15:00:08,89.5185317159172
2024-09-26 16:00:08,89.1675953338007
2024-09-26 17:00:08,89.4293368008996
2024-09-26 18:00:08,87.6146897147445
2024-09-26 19:00:08,89.6616986550297
2024-09-26 20:00:08,89.7116190652924
2024-09-26 21:00:08,89.5547535804667
2024-09-26 22:00:08,88.2371738174518
2024-09-26 23:00:08,88.7762975914492
2024-09-27 00:00:00,89.0602907333729
2024-09-27 01:00:08,86.6730232953684
2024-09-27 02:00:08,89.5857802183609
2024-09-27 03:00:08,87.5686743822585
2024-09-27 04:00:08,89.4075251028122
2024-09-27 05:00:08,89.9373698440302
2024-09-27 06:00:08,89.3295218665431
2024-09-27 07:00:08,88.828004926303
2024-09-27 08:00:08,88.1024976374782
2024-09-27 09:00:08,88.1913354679583
2024-09-27 10:00:08,89.546986407987
2024-09-27 11:00:08,87.6515200598215
2024-09-27 12:00:08,88.5502610043185
2024-09-27 13:00:08,90.8015979956832
2024-09-27 14:00:08,89.1359550495918
2024-09-27 15:00:08,88.6154315891631
2024-09-27 16:00:08,87.3080346178203
2024-09-27 17:00:08,89.1440888644862
2024-09-27 18:00:08,87.9461384476555
2024-09-27 19:00:08,88.6956506118235
2024-09-27 20:00:08,87.9150998038889
2024-09-27 21:00:08,88.712234724576
2024-09-27 22:00:08,87.5188948974323
2024-09-27 23:00:08,88.967165562713
2024-09-28 00:00:01,89.1835515728298
2024-09-28 01:00:08,89.4025914475515
2024-09-28 02:00:08,88.5623970891006
2024-09-28 03:00:08,
2024-09-28 04:00:08,90.3848915990072
2024-09-28 05:00:08,88.0869119048225
2024-09-28 06:00:08,88.8544826850017
2024-09-28 07:00:08,87.5833435674564
2024-09-28 08:00:08,90.895082034474
2024-09-28 09:00:08,87.411399667698
2024-09-28 10:00:08,88.716938836179
2024-09-28 11:00:08,87.616464525745
2024-09-28 12:00:08,87.7235103319508
2024-09-28 13:00:08,89.0657245012393
2024-09-28 14:00:08,88.9824991071128
2024-09-28 15:00:08,89.1665923806524
2024-09-28 16:00:08,88.9752629910724
2024-09-28 17:00:08,86.8505506283422
2024-09-28 18:00:08,88.4424302232088
2024-09-28 19:00:08,87.8867156944434
2024-09-28 20:00:08,87.4236660810384
2024-09-28 21:00:08,87.5231693872584
2024-09-28 22:00:08,89.1158730482137
2024-09-28 23:00:08,89.6152913103623
2024-09-29 00:00:01,86.3372493131726
2024-09-29 01:00:08,87.6356130905166
2024-09-29 02:00:08,89.6728216956587
2024-09-29 03:00:08,86.8745019156557
2024-09-29 04:00:08,87.9838684226097
2024-09-29 05:00:08,87.0665170779928
2024-09-29 06:00:08,86.3589019528094
2024-09-29 07:00:08,86.5296368898131
2024-09-29 08:00:08,88.5702338595688
2024-09-29 09:00:08,87.6163371062584
2024-09-29 10:00:08,87.4044055121729
2024-09-29 11:00:08,88.7306571701939
2024-09-29 12:00:08,88.710713060477
2024-09-29 13:00:08,89.7561574157054
2024-09-29 14:00:08,86.0438569788261
2024-09-29 15:00:08,85.847682677905
2024-09-29 16:00:08,86.0554664717284
2024-09-29 17:00:08,87.1650788369081
2024-09-29 18:00:08,87.6729178355094
2024-09-29 19:00:08,87.7023225808881
2024-09-29 20:00:08,87.5504353515087
2024-09-29 21:00:08,86.1960059909896
2024-09-30 08:00:08,86.7118229779941
2024-09-30 09:00:08,86.4290375122498
2024-09-30 10:00:08,85.3080504662876
2024-09-30 11:00:08,87.0613779802244
2024-09-30 12:00:08,87.0790162748749
2024-09-30 13:00:08,86.2299991465966
2024-09-30 14:00:08,85.7657032748525
2024-09-30 15:00:08,86.0608878101829
2024-09-30 16:00:08,86.4646421140321
2024-09-30 17:00:08,86.4448015263324
2024-09-30 18:00:08,87.4553832052355
2024-09-30 19:00:08,85.597220896005
2024-09-30 20:00:08,86.4498560136583
2024-09-30 21:00:08,86.1694293312312
2024-09-30 22:00:08,86.2248554508748
2024-09-30 23:00:08,85.1586768755775
2024-10-01 01:00:08,84.9213664987914
2024-10-01 02:00:08,86.3700859893025
2024-10-01 03:00:08,84.2707317410248
2024-10-01 04:00:08,84.6096462579978
2024-10-01 05:00:08,84.5641596106928
2024-10-01 06:00:08,85.5051415192716
2024-10-01 07:00:08,86.4811026924489
2024-10-03 11:00:08,85.0773359712311
2024-10-03 12:00:08,85.4854447312653
2024-10-03 17:00:08,84.8851204223272
2024-10-03 18:00:08,86.8920070381997
2024-10-03 19:00:08,
2024-10-03 20:00:08,
2024-10-03 21:00:08,
2024-10-04 00:00:01,
2024-10-04 03:00:08,
2024-10-04 14:00:08,85.7079176685614
2024-10-04 15:00:08,85.0347214725437
2024-10-04 16:00:08,85.1851110180679
2024-10-04 17:00:08,85.4070049570768
2024-10-04 19:00:08,85.5855723497535
2024-10-04 20:00:08,83.776530637669
2024-10-04 21:00:08,86.0536470765285
2024-10-04 22:00:08,85.9286219121203
2024-10-04 23:00:08,88.0341371561779
2024-10-05 00:00:01,86.0893922460027
2024-10-05 01:00:08,86.6507340607438
2024-10-05 02:00:08,83.7610733784968
2024-10-05 03:00:08,78.7810899848978
2024-10-05 04:00:08,84.7752438395551
2024-10-05 05:00:08,83.7369635987643
2024-10-05 06:00:08,86.0357063580669
2024-10-05 07:00:08,84.842748506965
2024-10-05 08:00:08,86.5270829619345
2024-10-05 09:00:08,84.4270050766038
2024-10-05 10:00:08,84.6737776697306
2024-10-05 11:00:08,84.1391565880377
2024-10-05 12:00:08,86.3050269601809
2024-10-05 13:00:08,83.9786708678368
2024-10-05 14:00:08,84.2387608006449
2024-10-05 15:00:08,94.1305636976091
2024-10-05 16:00:08,83.5640084458281
2024-10-05 17:00:08,85.1773933456701
2024-10-05 18:00:08,86.0036759771949
2024-10-05 19:00:08,83.2242863382969
2024-10-05 20:00:08,85.4792423692321
2024-10-05 21:00:08,84.5050830412267
2024-10-05 22:00:08,86.0512898874683
2024-10-05 23:00:08,85.0997711715084
2024-10-06 00:00:00,85.2994692403745
2024-10-06 01:00:08,83.8153482595063
2024-10-06 02:00:08,84.6869824187379
2024-10-06 03:00:08,84.2030541658142
2024-10-06 04:00:08,86.2571231968675
2024-10-06 05:00:08,85.3473966394418
2024-10-06 06:00:08,82.006466167546
2024-10-06 07:00:08,85.7809478919519
2024-10-06 08:00:08,82.8009280749849
2024-10-06 09:00:08,84.9825781178966
2024-10-06 10:00:08,85.1562869081132
2024-10-06 11:00:08,
2024-10-06 12:00:08,
2024-10-06 13:00:08,83.7671727544647
2024-10-06 14:00:08,86.7292073742303
2024-10-06 15:00:08,84.1121191509367
2024-10-06 16:00:08,82.8875617723763
2024-10-06 17:00:08,84.5232406811627
2024-10-06 18:00:08,81.9034115770246
2024-10-06 19:00:08,84.3830350177014
2024-10-06 20:00:08,85.1880589978563
2024-10-06 21:00:08,85.4294765394788
2024-10-06 22:00:08,84.2913490385887
2024-10-06 23:00:08,84.5603355273926
2024-10-07 00:00:00,84.6156323318824
2024-10-07 01:00:08,83.5136551481778
2024-10-07 02:00:08,82.2610328318757
2024-10-07 03:00:08,84.0888936478628
2024-10-07 04:00:08,84.3749014953531
2024-10-07 05:00:08,86.3985673591963
2024-10-07 06:00:08,84.4771681373811
2024-10-07 07:00:08,83.1638971435136
2024-10-07 08:00:08,85.196206242113
2024-10-07 09:00:08,83.322279016915
2024-10-07 10:00:08,82.6518235758233
2024-10-07 11:00:08,85.0385345489649
2024-10-07 12:00:08,83.6107311156848
2024-10-07 13:00:08,85.6945249105085
2024-10-07 14:00:08,85.0327583157939
2024-10-07 15:00:08,83.878564733925
2024-10-07 16:00:08,83.7822061230693
2024-10-07 17:00:08,83.4601163389836
2024-10-07 18:00:08,83.7381332449393
2024-10-07 19:00:08,84.8561631950958
2024-10-07 20:00:08,84.9648014897944
2024-10-07 21:00:08,83.39817747689
2024-10-07 22:00:08,83.6410002313946
2024-10-07 23:00:08,82.2357705920194
2024-10-08 00:00:00,82.1745042469752
2024-10-08 01:00:08,
2024-10-08 02:00:08,
2024-10-08 03:00:08,82.7621797118919
2024-10-08 04:00:08,82.1667264832202
2024-10-08 05:00:08,82.8055521883635
2024-10-08 17:00:08,82.8638721620684
2024-10-08 18:00:08,84.2994878363307
2024-10-08 19:00:08,83.2411024100798
2024-10-08 20:00:08,84.1720790092818
2024-10-08 21:00:08,83.5587038691438
2024-10-08 22:00:08,82.2337435610998
2024-10-08 23:00:08,84.7445044147168
2024-10-09 00:00:00,86.0109377663956
2024-10-09 01:00:08,84.1037374918372
2024-10-09 02:00:08,82.1983892728158
2024-10-09 03:00:08,83.2532383615048
2024-10-09 04:00:08,81.7818233515093
2024-10-09 05:00:08,82.2894558700072
2024-10-09 06:00:08,82.8918380718899
2024-10-09 07:00:08,83.4119278124263
2024-10-09 08:00:08,83.5691053446856
2024-10-09 09:00:08,83.9459295343322
2024-10-09 10:00:08,81.9727302797259
2024-10-09 11:00:08,83.0759438280739
2024-10-09 12:00:08,84.2604568660877
2024-10-09 13:00:08,83.7244172493545
2024-10-09 14:00:08,83.7400946490329
2024-10-09 15:00:08,79.8774603313944
2024-10-09 16:00:08,82.6213155619207
2024-10-09 17:00:08,81.9146258392032
2024-10-09 18:00:08,84.206405010579
2024-10-09 19:00:08,80.2692449430351
2024-10-09 20:00:08,83.2167001128868
2024-10-09 21:00:08,83.374499667752
2024-10-09 22:00:08,83.2583439253183
2024-10-09 23:00:08,81.048162160364
2024-10-10 00:00:00,82.1601930088907
2024-10-10 01:00:08,81.6822594662946
2024-10-10 02:00:08,83.9323243324376
2024-10-10 03:00:08,83.1947019866494
2024-10-10 04:00:08,83.4010856413419
2024-10-10 05:00:08,80.7738301434841
2024-10-10 06:00:08,81.7200150565415
2024-10-10 07:00:08,82.8613774284058
2024-10-10 08:00:08,83.3001015698935
2024-10-10 09:00:08,84.1171796732284
2024-10-10 10:00:08,82.342720499784
2024-10-10 11:00:08,82.1810048431921
2024-10-10 12:00:08,83.9663438119773
2024-10-10 13:00:08,82.5862824306688
2024-10-10 14:00:08,81.9924766993798
2024-10-10 15:00:08,83.6044575223236
2024-10-10 16:00:08,83.8375272266447
2024-10-10 17:00:08,84.4112881843602
2024-10-10 18:00:08,
2024-10-10 19:00:08,
2024-10-10 20:00:08,83.2209011619996
2024-10-10 21:00:08,82.614601869446
2024-10-10 22:00:08,84.5752901773207
2024-10-10 23:00:08,81.2993405802273
2024-10-11 00:00:01,84.0847075636155
2024-10-11 01:00:08,83.2309261215737
2024-10-11 02:00:08,84.7077400733558
2024-10-11 03:00:08,82.5080329251534
2024-10-11 04:00:08,81.5114635926504
2024-10-11 05:00:08,83.4924113922518
2024-10-11 06:00:08,83.8273511226521
2024-10-11 07:00:08,82.6193976964954
2024-10-11 08:00:08,84.4980208834259
2024-10-11 09:00:08,82.0649060311282
2024-10-11 10:00:08,82.9817520435091
2024-10-11 11:00:08,81.5903065051437
2024-10-11 12:00:08,80.6840637241405
2024-10-11 13:00:08,83.1741040830039
2024-10-11 14:00:08,83.9675328999644
2024-10-11 15:00:08,82.9070087982684
2024-10-11 16:00:08,81.369568387834
2024-10-11 17:00:08,81.5063492660411
2024-10-11 18:00:08,83.3310283256187
2024-10-11 19:00:08,82.0058999962541
2024-10-11 20:00:08,83.1903049816505
2024-10-11 21:00:08,83.648284331327
2024-10-11 22:00:08,83.0222020981099
2024-10-11 23:00:08,82.2273735040674
2024-10-12 00:00:02,82.5738907220704
2024-10-12 01:00:08,81.5387958403694
2024-10-12 02:00:08,83.5220873193076
2024-10-12 03:00:08,80.8137964848767
2024-10-12 04:00:08,79.6984165200913
2024-10-12 05:00:08,83.0223706009715
2024-10-12 06:00:08,83.3209010849389
2024-10-12 07:00:08,82.7646524560945
2024-10-12 08:00:08,82.9956909945836
2024-10-12 09:00:08,81.2785909137519
2024-10-12 21:00:08,82.3767399999923
2024-10-12 23:00:08,82.3775356055969
2024-10-13 00:00:01,81.4154861795781
2024-10-13 01:00:08,81.1521810943679
2024-10-13 02:00:08,81.4555875702169
2024-10-13 03:00:08,82.4393144750349
2024-10-13 04:00:08,82.6530428407236
2024-10-13 05:00:08,80.1559636926533
2024-10-13 06:00:08,82.0593025081585
2024-10-13 07:00:08,79.7449830260492
2024-10-13 08:00:08,81.898684621278
2024-10-13 09:00:08,83.4727112140908
2024-10-13 10:00:08,81.5305749045811
2024-10-13 11:00:08,81.2353417407019
2024-10-13 12:00:08,82.1860489333204
2024-10-13 13:00:08,81.3936407094718
2024-10-13 14:00:08,81.053859137614
2024-10-13 15:00:08,80.9912507453295
2024-10-13 16:00:08,82.32352331034
2024-10-13 17:00:08,81.2508871695014
2024-10-13 18:00:08,82.3381462424557
2024-10-13 19:00:08,83.4821062476459
2024-10-13 20:00:08,81.730641156582
2024-10-13 21:00:08,83.7102520168369
2024-10-13 22:00:08,83.3259513119942
2024-10-13 23:00:08,81.9358513122377
2024-10-14 00:00:02,83.0721861218038
2024-10-14 01:00:08,81.5691909792845
2024-10-14 02:00:08,80.4331646116819
2024-10-14 03:00:08,82.0918868006906
2024-10-14 04:00:08,81.7476311532144
2024-10-14 05:00:08,80.4068035827722
2024-10-14 06:00:08,82.8067310929476
2024-10-14 07:00:08,81.9293732668864
2024-10-14 09:00:08,81.0642068226919
2024-10-14 10:00:08,80.7307146679514
2024-10-14 11:00:08,81.6273365582436
2024-10-14 12:00:08,81.4350282562746
2024-10-14 13:00:08,82.0481742832448
2024-10-14 14:00:08,81.8798663440406
2024-10-14 15:00:08,81.5347748101548
2024-10-14 17:00:08,80.1192687664998
2024-10-14 18:00:08,80.3542772431437
2024-10-14 19:00:08,82.2647829954319
2024-10-14 20:00:08,80.7323840884816
2024-10-14 21:00:08,80.5895577323161
2024-10-14 22:00:08,80.5328308090311
2024-10-14 23:00:08,82.4029318439963
2024-10-15 00:00:01,81.9737516378898
2024-10-15 01:00:08,80.6654740917025
2024-10-15 02:00:08,81.2516414354164
2024-10-15 03:00:08,81.2738842068261
2024-10-15 04:00:08,82.2440349452619
2024-10-15 05:00:08,79.3848250598949
2024-10-15 06:00:08,83.0873675252325
2024-10-15 07:00:08,81.0746961995772
2024-10-15 08:00:08,80.377232109646
2024-10-15 09:00:08,82.6107018815244
2024-10-15 10:00:08,81.2627854537649
2024-10-15 11:00:08,79.9166640786828
2024-10-15 12:00:08,81.5693494734867
2024-10-15 13:00:08,78.9823057715467
2024-10-15 14:00:08,73.0962079939155
2024-10-15 15:00:08,81.4646426238838
2024-10-15 16:00:08,80.4229964881473
2024-10-15 17:00:08,80.0178272668209
2024-10-15 18:00:08,82.6710852079259
2024-10-15 19:00:08,82.0063116208058
2024-10-15 20:00:08,81.1826098841605
2024-10-15 21:00:08,80.8178323225011
2024-10-15 22:00:08,81.5130793564424
2024-10-15 23:00:08,79.9500152317793
2024-10-16 00:00:02,80.0497741451041
2024-10-16 01:00:08,79.8301663345154
2024-10-16 02:00:08,82.8669550742444
2024-10-16 03:00:08,80.6186906170363
2024-10-16 04:00:08,81.1332098755596
2024-10-16 05:00:08,81.2177492245175
2024-10-16 06:00:08,79.5732604692562
2024-10-16 07:00:08,73.9186419655524
2024-10-16 08:00:08,81.5348323003794
2024-10-16 09:00:08,80.2252414842464
2024-10-16 10:00:08,81.5930155710671
2024-10-16 11:00:08,80.8953156615985
2024-10-16 12:00:08,81.3493184801524
2024-10-16 13:00:08,82.4616702431857
2024-10-17 02:00:08,82.0370622968807
2024-10-17 03:00:08,79.8607627489855
2024-10-17 04:00:08,78.7228185572951
2024-10-17 05:00:08,80.3853297959235
2024-10-17 06:00:08,79.2102661687248
2024-10-17 07:00:08,79.5375846508315
2024-10-17 08:00:08,79.1427446325617
2024-10-17 09:00:08,78.8860120087181
2024-10-17 10:00:08,79.6836930882849
2024-10-17 11:00:08,81.7816619508221
2024-10-17 12:00:08,80.7407929425399
2024-10-17 13:00:08,55.2805387596024
2024-10-17 14:00:08,79.7372401860951
2024-10-17 15:00:08,79.3673141912785
2024-10-17 16:00:08,79.2879443288678
2024-10-17 17:00:08,80.309658706711
2024-10-17 18:00:08,79.2361579510812
2024-10-17 19:00:08,79.9296034317262
2024-10-17 20:00:08,81.2701500076014
2024-10-17 21:00:08,79.3916687299823
2024-10-17 22:00:08,81.1968396578797
2024-10-17 23:00:08,80.3912532301412
2024-10-18 00:00:01,78.3574352416272
2024-10-18 01:00:08,79.0997342140954
2024-10-18 02:00:08,77.8074799439965
2024-10-18 03:00:08,79.4047920157877
2024-10-18 04:00:08,78.6275754195823
2024-10-18 05:00:08,80.0642709348706
2024-10-18 06:00:08,81.3826448796733
2024-10-18 08:00:08,78.9609073826461
2024-10-18 09:00:08,78.4225980132444
2024-10-18 10:00:08,77.6260717114858
2024-10-18 11:00:08,78.7955445035927
2024-10-18 12:00:08,79.8728662975345
2024-10-18 13:00:08,80.2506449473031
2024-10-18 14:00:08,79.9841196358163
2024-10-18 15:00:08,79.0861345648341
2024-10-18 16:00:08,78.9125851070863
2024-10-18 17:00:08,79.0039954193011
2024-10-18 18:00:08,64.9193097415949
2024-10-18 20:00:08,77.9012158853702
2024-10-18 21:00:08,78.5126843849764
2024-10-18 22:00:08,77.9539599857374
2024-10-18 23:00:08,79.134094753577
2024-10-19 00:00:01,79.8664676258534
2024-10-19 01:00:08,78.626550792093
2024-10-19 02:00:08,76.8923098816117
2024-10-19 03:00:08,80.9048674072903
2024-10-19 04:00:08,80.2301503992457
2024-10-19 05:00:08,78.2440864652393
2024-10-19 06:00:08,78.6565418284825
2024-10-19 07:00:08,79.0308814914337
2024-10-19 08:00:08,78.4700958931108
2024-10-19 09:00:08,77.0144122684879
2024-10-19 10:00:08,79.1977597232134
2024-10-19 11:00:08,77.7138016883167
2024-10-19 12:00:08,79.5110611120314
2024-10-19 13:00:08,80.0718315213338
2024-10-19 14:00:08,80.8099100251647
2024-10-19 15:00:08,78.2794329693973
2024-10-19 16:00:08,79.1468407154425
2024-10-19 17:00:08,78.1409255936666
2024-10-19 18:00:08,79.9157015569979
2024-10-19 19:00:08,79.4242818523407
2024-10-19 20:00:08,79.8858016854935
2024-10-19 21:00:08,78.0354450112392
2024-10-19 22:00:08,80.6129171424533
2024-10-19 23:00:08,78.4667486632314
2024-10-20 00:00:02,79.8284099109582
2024-10-20 01:00:08,77.5594724287563
2024-10-20 02:00:08,78.4320938602737
2024-10-20 03:00:08,78.7404917991924
2024-10-20 04:00:08,80.0036757128452
2024-10-20 05:00:08,78.7944490218598
2024-10-20 06:00:08,76.2793301425092
2024-10-20 07:00:08,77.5587372031073
2024-10-20 08:00:08,78.376402458461
2024-10-20 09:00:08,79.6990277496152
2024-10-20 10:00:08,78.6030741851735
2024-10-20 11:00:08,78.8367037453582
2024-10-20 12:00:08,78.3191341210919
2024-10-20 13:00:08,76.9235093588008
2024-10-20 14:00:08,78.0661318962705
2024-10-20 15:00:08,
2024-10-20 16:00:08,100.340068533055
2024-10-20 17:00:08,79.5491428222788
2024-10-21 05:00:08,78.1550618510762
2024-10-21 06:00:08,78.4155725974039
2024-10-21 08:00:08,76.3717068138994
2024-10-21 09:00:08,77.1562635526635
2024-10-21 10:00:08,77.3848011922111
2024-10-21 11:00:08,76.4765973480858
2024-10-21 12:00:08,77.5760631552146
2024-10-21 13:00:08,78.7020369426706
2024-10-21 14:00:08,79.0665111912271
2024-10-21 15:00:08,78.7292412051199
2024-10-21 16:00:08,79.289207937659
2024-10-21 17:00:08,77.9903917959887
2024-10-21 18:00:08,77.577257238299
2024-10-21 19:00:08,78.7746358645052
2024-10-21 20:00:08,80.4242261342952
2024-10-21 21:00:08,79.7108168111874
2024-10-21 22:00:08,85.0460089716728
2024-10-21 23:00:08,77.1819483587066
2024-10-22 00:00:01,79.1365984230348
2024-10-22 01:00:08,77.0899910218221
2024-10-22 02:00:08,75.4964426009069
2024-10-22 03:00:08,79.5993085629357
2024-10-22 04:00:08,78.653237717545
2024-10-22 05:00:08,76.1552157686493
2024-10-22 06:00:08,79.0604999038132
2024-10-22 07:00:08,78.16674820938
2024-10-22 08:00:08,75.8580271816027
2024-10-22 09:00:08,76.4787673775746
2024-10-22 10:00:08,79.0637820880359
2024-10-22 11:00:08,77.8065199276964
2024-10-22 12:00:08,77.1881764271628
2024-10-22 13:00:08,76.819860597073
2024-10-22 14:00:08,79.6576519162992
2024-10-22 15:00:08,78.1395161873681
2024-10-22 16:00:08,63.2873275748815
2024-10-22 17:00:08,55.6425732361275
2024-10-22 18:00:08,79.5210232197839
2024-10-22 20:00:08,79.0931039615128
2024-10-22 21:00:08,78.3721710593068
2024-10-22 22:00:08,77.6353630497645
2024-10-22 23:00:08,78.5176455776247
2024-10-23 00:00:00,78.9980239348352
2024-10-23 01:00:00,75.8547715928516
2024-10-23 02:00:00,
2024-10-23 03:00:00,
2024-10-23 04:00:00,
2024-10-23 05:00:00,
2024-10-23 06:00:00,
2024-10-23 07:00:00,76.5210317629509
2024-10-23 08:00:00,77.1337414738785
2024-10-23 09:00:00,77.4033302355526
2024-10-23 10:00:00,79.5139265984899
2024-10-23 11:00:00,76.3909371898207
2024-10-23 12:00:00,78.3465901999808
2024-10-23 13:00:00,78.3307396217004
2024-10-24 01:00:00,75.8746321831717
2024-10-24 02:00:00,75.477837269447
2024-10-24 04:00:00,78.9337046959664
2024-10-24 05:00:00,76.5319499378102
2024-10-24 06:00:00,75.5785064995604
2024-10-24 07:00:00,76.5333882523214
2024-10-24 08:00:00,76.3957062121289
2024-10-24 09:00:00,76.4333335047746
2024-10-24 10:00:00,77.2298968791111
2024-10-24 11:00:00,78.0861222569977
2024-10-24 12:00:00,76.5866097597725
2024-10-24 13:00:00,74.1220497120588
2024-10-24 14:00:00,76.8176630043475
2024-10-24 15:00:00,76.5258527922688
2024-10-24 16:00:00,77.3838388106581
2024-10-24 17:00:00,76.6535553179745
2024-10-24 18:00:00,78.6953516635999
2024-10-24 19:00:00,74.4448717417896
2024-10-24 20:00:00,76.9270479372808
2024-10-24 21:00:00,77.6594770092351
2024-10-24 22:00:00,61.3275044293653
2024-10-24 23:00:00,
2024-10-25 00:00:00,
2024-10-25 01:00:00,
2024-10-25 02:00:00,
2024-10-25 03:00:00,
2024-10-25 04:00:00,
2024-10-25 05:00:00,
2024-10-25 06:00:00,
2024-10-25 07:00:00,
2024-10-25 08:00:00,77.4769665484606
2024-10-25 09:00:00,76.0811913413543
2024-10-25 10:00:00,76.4731722532734
2024-10-25 11:00:00,79.3851427207141
2024-10-25 12:00:00,76.2311947114795
2024-10-25 13:00:00,76.299566214282
2024-10-25 14:00:00,77.26510081663
2024-10-25 15:00:00,74.2350246466048
2024-10-25 16:00:00,75.0780334864648
2024-10-25 17:00:00,75.4960220745894
2024-10-25 18:00:00,76.2741515541422
2024-10-25 19:00:00,76.6823895774294
2024-10-25 20:00:00,75.6788406534491
2024-10-25 21:00:00,75.6192608621371
2024-10-25 22:00:00,75.9147310193774
2024-10-25 23:00:00,76.7573595545834
2024-10-26 00:00:00,76.4257037590659
2024-10-26 01:00:00,77.8577456469696
2024-10-26 02:00:00,77.20472831268
2024-10-26 03:00:00,74.9438146580348
2024-10-26 04:00:00,76.8415133050563
2024-10-26 05:00:00,75.0262842589852
2024-10-26 06:00:00,77.6934493288307
2024-10-26 07:00:00,73.8435110353875
2024-10-27 18:00:00,75.209898375913
2024-10-27 20:00:00,75.263222307896
2024-10-27 21:00:00,76.6845125780275
2024-10-27 22:00:00,73.5470964774748
2024-10-27 23:00:00,75.3028249457291
2024-10-28 00:00:00,75.2607860297255
2024-10-28 01:00:00,74.7065098660811
2024-10-28 02:00:00,75.7045012933794
2024-10-28 03:00:00,77.1628734524707
2024-10-28 04:00:00,76.1148439167917
2024-10-28 05:00:00,74.8512170361822
2024-10-28 06:00:00,74.029688610334
2024-10-28 07:00:00,76.7415580948944
2024-10-28 08:00:00,75.5875144189733
2024-10-28 09:00:00,73.8184800627023
2024-10-28 10:00:00,75.6726659842648
2024-10-28 11:00:00,77.380917623577
2024-10-28 12:00:00,75.3048996989016
2024-10-28 13:00:00,76.5526451726031
2024-10-28 14:00:00,75.4796324796626
2024-10-28 15:00:00,75.9562747554581
2024-10-28 16:00:00,74.8447538591763
2024-10-29 04:00:00,74.5494003723986
2024-10-29 05:00:00,76.7898284665862
2024-10-29 07:00:00,75.7344413633755
2024-10-29 08:00:00,76.2774430000067
2024-10-29 09:00:00,73.7714143996799
2024-10-29 10:00:00,75.2614850677567
2024-10-29 14:00:00,75.4078845312357
2024-10-29 15:00:00,75.0892082268718
2024-10-29 16:00:00,74.5990804258095
2024-10-29 17:00:00,76.7844660839512
2024-10-29 18:00:00,74.1837993948069
2024-10-29 19:00:00,74.996306916002
2024-10-29 20:00:00,76.3124709028042
2024-10-29 21:00:00,69.2853355482542
2024-10-29 22:00:00,73.5818414143396
2024-10-29 23:00:00,75.8768292325289
2024-10-30 00:00:00,73.7268274050649
2024-10-30 01:00:00,75.8667748435159
2024-10-30 02:00:00,73.9028432341362
2024-10-30 03:00:00,74.9865664166312
2024-10-30 04:00:00,76.3967290932457
2024-10-30 05:00:00,75.8529020873132
2024-10-30 06:00:00,73.301517333182
2024-10-30 07:00:00,75.109406634398
2024-10-30 08:00:00,72.7532184574409
2024-10-30 09:00:00,75.9345580702978
2024-10-30 10:00:00,74.1258440207589
2024-10-30 11:00:00,74.5825038876581
2024-10-30 12:00:00,75.7527068139457
2024-10-30 13:00:00,74.9406289631523
2024-10-30 14:00:00,74.0290827855956
2024-10-30 15:00:00,74.2210110055835
2024-10-30 16:00:00,75.5591739469157
2024-10-30 17:00:00,75.8570608009631
2024-10-30 18:00:00,74.3673888721698
2024-10-30 19:00:00,74.6201788983323
2024-10-30 20:00:00,74.0618862505871
2024-10-30 21:00:00,76.4298287684619
2024-10-30 22:00:00,72.8153850315395
2024-10-30 23:00:00,74.0028944791686
2024-10-31 00:00:00,73.9894202489869
2024-10-31 01:00:00,76.6218365029055
2024-10-31 02:00:00,74.3623573779477
2024-10-31 03:00:00,74.8941846935367
2024-10-31 04:00:00,76.2150613794689
2024-10-31 05:00:00,74.1957161978055
2024-10-31 06:00:00,75.4901276767568
2024-10-31 07:00:00,73.794521369937
2024-10-31 09:00:00,74.9386799482802
2024-10-31 10:00:00,73.7891707269801
2024-10-31 11:00:00,75.1349725212688
2024-10-31 12:00:00,75.1451730610232
2024-10-31 13:00:00,73.6540722193576
2024-10-31 14:00:00,74.0813434973066
2024-10-31 15:00:00,75.1962832848863
2024-11-01 02:00:00,73.3651363973624
2024-11-01 03:00:00,75.248037823138
2024-11-01 04:00:00,75.0023352879209
2024-11-01 05:00:00,74.0310273415334
2024-11-01 06:00:00,74.394798195722
2024-11-01 07:00:00,72.7704002212569
2024-11-01 08:00:00,74.0005430148065
2024-11-01 09:00:00,72.0077125254994
2024-11-01 10:00:00,73.9429421461314
2024-11-01 11:00:00,73.0183756364489
2024-11-01 12:00:00,73.5076008763983
2024-11-01 13:00:00,73.7984828699364
2024-11-01 14:00:00,72.4451460123308
2024-11-01 15:00:00,
2024-11-01 16:00:00,
2024-11-01 17:00:00,
2024-11-01 18:00:00,
2024-11-01 19:00:00,
2024-11-01 20:00:00,73.8385011604706
2024-11-01 21:00:00,73.99310593397
2024-11-01 22:00:00,74.5326881317884
2024-11-01 23:00:00,73.2400820467602
2024-11-02 00:00:00,73.1847230570273
2024-11-02 02:00:00,72.3026527298281
2024-11-02 03:00:00,73.4800797575267
2024-11-02 04:00:00,73.625259301773
2024-11-02 05:00:00,73.7551815580465
2024-11-02 06:00:00,73.4010584310018
2024-11-02 07:00:00,74.2628588247317
2024-11-02 08:00:00,72.6506560857398
2024-11-02 09:00:00,73.8018996156704
2024-11-02 10:00:00,71.7608062017022
2024-11-02 11:00:00,72.2909071431468
2024-11-02 12:00:00,69.991797815816
2024-11-02 13:00:00,71.2521389123531
2024-11-02 14:00:00,73.4174459255963
2024-11-02 15:00:00,73.3959018246608
2024-11-02 16:00:00,72.1421095716032
2024-11-02 17:00:00,71.7128806159672
2024-11-02 18:00:00,71.7217393990795
2024-11-02 19:00:00,72.1490561622116
2024-11-02 20:00:00,72.6606677092789
2024-11-02 21:00:00,72.1000427089418
2024-11-02 22:00:00,74.0673054538167
2024-11-02 23:00:00,72.6677307447688
2024-11-03 00:00:00,
2024-11-03 01:00:00,
2024-11-03 02:00:00,
2024-11-03 03:00:00,
2024-11-03 04:00:00,
2024-11-03 05:00:00,
2024-11-03 06:00:00,
2024-11-03 07:00:00,
2024-11-03 08:00:00,
2024-11-03 09:00:00,
2024-11-03 10:00:00,
2024-11-03 11:00:00,
2024-11-03 12:00:00,
2024-11-03 13:00:00,
2024-11-03 14:00:00,
2024-11-03 15:00:00,
2024-11-03 16:00:00,
2024-11-03 17:00:00,
2024-11-03 18:00:00,
2024-11-03 19:00:00,
2024-11-03 20:00:00,
2024-11-03 21:00:00,
2024-11-03 22:00:00,
2024-11-03 23:00:00,
2024-11-04 00:00:00,90.9578734076354
2024-11-04 01:00:00,89.6491636925046
2024-11-04 02:00:00,89.3227190001946
2024-11-04 03:00:00,90.0059731531263
2024-11-04 04:00:00,90.3506585405514
2024-11-04 06:00:00,90.6730457073288
2024-11-04 07:00:00,89.2650679012619
2024-11-04 18:00:00,94.8082375661421
2024-11-04 20:00:00,90.0907577099933
2024-11-04 21:00:00,89.9155613408676
2024-11-04 22:00:00,89.218201065635
2024-11-04 23:00:00,90.6124841943655
2024-11-05 00:00:00,90.575754776473
2024-11-05 01:00:00,90.3079777101446
2024-11-05 02:00:00,89.7661695749998
2024-11-05 03:00:00,90.4203541012038
2024-11-05 04:00:00,89.0822345087592
2024-11-05 05:00:00,89.6216624104278
2024-11-05 06:00:00,90.1600709468397
2024-11-05 07:00:00,90.5624449828697
2024-11-05 08:00:00,90.2533277733123
2024-11-05 09:00:00,90.1816207804678
2024-11-05 10:00:00,90.6347822888957
2024-11-05 11:00:00,88.3950049352009
2024-11-05 12:00:00,89.8119569953846
2024-11-05 13:00:00,89.8064518318801
2024-11-05 14:00:00,89.5379973669839
2024-11-05 15:00:00,90.1308540331392
2024-11-05 16:00:00,90.072856286691
2024-11-05 17:00:00,90.2196037788969
2024-11-05 18:00:00,89.2544640848569
2024-11-05 19:00:00,90.0757011414298
2024-11-05 20:00:00,89.165237332127
2024-11-05 21:00:00,89.9050889621809
2024-11-05 22:00:00,90.202011993805
2024-11-05 23:00:00,89.8772537047621
2024-11-06 00:00:00,90.072898428285
2024-11-06 01:00:00,90.0969554055741
2024-11-06 02:00:00,90.118204107842
2024-11-06 03:00:00,
2024-11-06 04:00:00,
2024-11-06 05:00:00,89.5759055390538
2024-11-06 06:00:00,89.4941044700823
2024-11-06 07:00:00,90.824435689392
2024-11-06 08:00:00,89.9688330781682
2024-11-06 09:00:00,89.3702391836431
2024-11-06 10:00:00,90.5610508101596
2024-11-06 11:00:00,89.8602637485101
2024-11-06 12:00:00,90.0152200431463
2024-11-06 13:00:00,90.2442740007806
2024-11-06 14:00:00,90.3550867181833
2024-11-06 15:00:00,89.3641844913971
2024-11-06 17:00:00,89.5650901777581
2024-11-06 18:00:00,90.326116725618
2024-11-06 19:00:00,89.986744050182
2024-11-06 20:00:00,90.8323520071333
2024-11-06 21:00:00,90.8582747305156
2024-11-06 22:00:00,90.1472044678062
2024-11-06 23:00:00,90.1207413101464
2024-11-07 00:00:00,88.2432781575449
2024-11-07 01:00:00,88.6981355780963
2024-11-07 02:00:00,90.1794485167006
2024-11-07 03:00:00,112.3690047896
2024-11-07 04:00:00,90.25517338192
2024-11-07 05:00:00,88.9755169619703
2024-11-07 06:00:00,88.7663799299467
2024-11-07 07:00:00,89.953951307085
2024-11-07 08:00:00,90.049382839538
2024-11-07 09:00:00,89.3090527892904
2024-11-07 10:00:00,90.3527703560747
2024-11-07 11:00:00,89.7772368853604
2024-11-07 12:00:00,88.6397153040651
2024-11-07 13:00:00,90.358458572966
2024-11-07 14:00:00,88.59855817823
2024-11-07 15:00:00,89.2130971891336
2024-11-07 16:00:00,89.1845590750058
2024-11-07 17:00:00,91.9293274013538
2024-11-07 18:00:00,89.8776696079885
2024-11-07 19:00:00,89.4635392426539
2024-11-07 20:00:00,89.6532730928015
2024-11-07 21:00:00,88.3507151320669
2024-11-07 22:00:00,88.3846570436664
2024-11-07 23:00:00,90.6553204548295
2024-11-08 00:00:00,88.3243339028101
2024-11-08 01:00:00,90.569487734734
2024-11-08 02:00:00,90.9578074394989
2024-11-08 03:00:00,89.5637318718116
2024-11-08 04:00:00,87.9789368632411
2024-11-08 05:00:00,87.7111231634657
2024-11-08 06:00:00,88.3206943291588
2024-11-08 07:00:00,89.3100063138386
2024-11-08 08:00:00,90.5192881731438
2024-11-08 09:00:00,91.1303061373549
2024-11-08 10:00:00,88.8587105511581
2024-11-08 22:00:00,89.4049866919951
2024-11-08 23:00:00,88.7250808809894
2024-11-09 00:00:00,90.0458335625105
2024-11-09 01:00:00,89.7007011484081
2024-11-09 02:00:00,89.4092980660347
2024-11-09 03:00:00,89.447114939334
2024-11-09 04:00:00,89.1980856134242
2024-11-09 05:00:00,88.4645767643377
2024-11-09 06:00:00,88.1417339308202
2024-11-09 07:00:00,89.9340158058327
2024-11-09 08:00:00,90.0264367165375
2024-11-09 09:00:00,89.036247440892
2024-11-09 10:00:00,89.5427140983149
2024-11-09 11:00:00,89.5692869626021
2024-11-09 12:00:00,87.3428165633149
2024-11-09 13:00:00,
2024-11-09 14:00:00,
2024-11-09 15:00:00,
2024-11-09 16:00:00,87.6665921920057
2024-11-09 17:00:00,88.994854921399
2024-11-09 18:00:00,91.7592416371299
2024-11-09 19:00:00,89.9358538632018
2024-11-09 20:00:00,88.0632294876671
2024-11-09 21:00:00,88.8400687880985
2024-11-09 22:00:00,89.3641741300583
2024-11-09 23:00:00,88.8093682373515
2024-11-10 00:00:00,88.6039895153218
2024-11-10 01:00:00,86.6117543803464
2024-11-10 02:00:00,87.7466020827429
2024-11-10 04:00:00,90.0613994964059
2024-11-10 05:00:00,87.554850829948
2024-11-10 06:00:00,89.0098091632993
2024-11-10 07:00:00,89.9064984853575
2024-11-10 08:00:00,65.3623269652067
2024-11-10 09:00:00,87.9565983645168
2024-11-10 10:00:00,89.0839509589273
2024-11-10 11:00:00,89.6926948376729
2024-11-10 12:00:00,88.5623574283092
2024-11-10 13:00:00,89.7300926197956
2024-11-10 14:00:00,
2024-11-10 15:00:00,
2024-11-10 16:00:00,
2024-11-10 17:00:00,89.3937664227354
2024-11-10 18:00:00,90.0118276563595
2024-11-10 19:00:00,88.2304015349758
2024-11-10 20:00:00,87.0006517195966
2024-11-10 21:00:00,90.1462280154504
2024-11-10 22:00:00,90.8752127681471
2024-11-10 23:00:00,90.6644610184895
2024-11-11 00:00:00,88.3794718140549
2024-11-11 01:00:00,88.2331038100313
2024-11-11 02:00:00,87.4883815167409
2024-11-11 03:00:00,88.3758868178108
2024-11-11 04:00:00,86.1005276876997
2024-11-11 05:00:00,88.4519223674925
2024-11-11 06:00:00,88.357743662575
2024-11-11 07:00:00,88.9073032257205
2024-11-11 08:00:00,87.1809829877805
2024-11-11 09:00:00,87.5766608554843
2024-11-11 10:00:00,87.9337405322063
2024-11-11 11:00:00,85.9619604211294
2024-11-11 12:00:00,86.1936581005382
2024-11-11 13:00:00,87.0145352658643
2024-11-11 14:00:00,88.1207601453548
2024-11-11 15:00:00,88.3105468497821
2024-11-11 16:00:00,87.4874930162464
2024-11-11 17:00:00,88.112914871715
2024-11-11 18:00:00,88.6569245270678
2024-11-11 19:00:00,89.8665932596105
2024-11-11 20:00:00,87.5471274922066
2024-11-11 21:00:00,87.8801620765135
2024-11-11 22:00:00,88.4084022576081
2024-11-11 23:00:00,86.4844247122901
2024-11-12 00:00:00,89.3212237080724
2024-11-12 01:00:00,87.3105405560993
2024-11-12 02:00:00,86.6035308456115
2024-11-12 03:00:00,87.5789661823496
2024-11-12 04:00:00,87.7315402713859
2024-11-12 05:00:00,87.2988545331482
2024-11-12 06:00:00,88.3250003668101
2024-11-12 07:00:00,87.8724177711759
2024-11-12 08:00:00,88.0639587735011
2024-11-12 09:00:00,89.2317704225361
2024-11-12 10:00:00,86.3812776716132
2024-11-12 11:00:00,88.0158440429206
2024-11-12 12:00:00,88.7997175892073
2024-11-12 13:00:00,87.1830513400099
2024-11-13 01:00:00,86.6811768211525
2024-11-13 02:00:00,87.8537455719274
2024-11-13 03:00:00,86.2951743011335
2024-11-13 04:00:00,84.9573144754521
2024-11-13 05:00:00,86.8104919507141
2024-11-13 06:00:00,87.1877051479705
2024-11-13 07:00:00,86.5324954107797
2024-11-13 08:00:00,87.2227785589154
2024-11-13 09:00:00,87.178778327127
2024-11-13 12:00:00,85.5549248364122
2024-11-13 13:00:00,88.3001918474336
2024-11-13 14:00:00,87.5811512559488
2024-11-13 15:00:00,87.6840894155992
2024-11-13 16:00:00,88.1127069230941
2024-11-13 17:00:00,88.2003317371175
2024-11-13 18:00:00,87.3894697722101
2024-11-13 19:00:00,87.3707700043919
2024-11-13 20:00:00,86.183952583291
2024-11-13 21:00:00,87.2649302582056
2024-11-13 22:00:00,87.2866305997825
2024-11-13 23:00:00,86.6623602790459
2024-11-14 00:00:00,85.9241260265477
2024-11-14 01:00:00,87.6848544079524
2024-11-14 02:00:00,87.1156696402502
2024-11-14 03:00:00,85.4497493771013
2024-11-14 04:00:00,86.6186392197903
2024-11-14 05:00:00,87.7019219464595
2024-11-14 06:00:00,87.0226073224987
2024-11-14 07:00:00,84.8950621362509
2024-11-14 08:00:00,85.4988008930077
2024-11-14 09:00:00,86.378993730479
2024-11-14 10:00:00,86.119142935875
2024-11-14 11:00:00,85.9226918982538
2024-11-14 12:00:00,87.8094743995033
2024-11-14 13:00:00,87.6546531937133
2024-11-14 14:00:00,86.6941356109479
2024-11-14 15:00:00,86.5253541743502
2024-11-14 16:00:00,87.6672611651919
2024-11-14 17:00:00,85.1757532529043
2024-11-14 18:00:00,88.134776648773
2024-11-14 19:00:00,87.209965618766
2024-11-14 20:00:00,87.2734392100296
2024-11-14 21:00:00,88.0516521966473
2024-11-14 22:00:00,85.7740247095747
2024-11-14 23:00:00,85.3981799680554
2024-11-15 00:00:00,86.3929023463297
2024-11-15 01:00:00,86.3127829418507
2024-11-15 02:00:00,86.9482613247376
2024-11-15 03:00:00,86.7403697143707
2024-11-15 04:00:00,86.5824399384868
2024-11-15 05:00:00,85.893053713048
2024-11-15 06:00:00,84.4335690285164
2024-11-15 07:00:00,86.7691011066326
2024-11-15 08:00:00,85.1144376616426
2024-11-15 09:00:00,84.713668797157
2024-11-15 10:00:00,86.0724823699409
2024-11-15 11:00:00,85.0714859099338
2024-11-15 12:00:00,84.6390478747685
2024-11-15 13:00:00,85.8924608322102
2024-11-15 14:00:00,86.5717412623178
2024-11-15 15:00:00,87.2410201190357
2024-11-15 16:00:00,86.9140501498414
2024-11-15 17:00:00,85.8459635905825
2024-11-15 18:00:00,85.4237175885796
2024-11-15 19:00:00,84.8865301584479
2024-11-15 20:00:00,85.7340749483243
2024-11-15 21:00:00,85.1153552883887
2024-11-15 22:00:00,83.8785765634563
2024-11-15 23:00:00,84.7174880189115
2024-11-16 00:00:00,86.5223024802786
2024-11-16 01:00:00,87.1709188255998
2024-11-16 02:00:00,84.9335379593188
2024-11-16 03:00:00,85.7979212935347
2024-11-16 04:00:00,85.985233305551
2024-11-16 05:00:00,85.2937214787262
2024-11-16 07:00:00,84.6679416884233
2024-11-16 08:00:00,85.8842440778597
2024-11-16 09:00:00,88.8992820021788
2024-11-16 10:00:00,84.7531412971577
2024-11-16 11:00:00,87.250105609839
2024-11-16 12:00:00,85.0199889932784
2024-11-16 13:00:00,86.4239308343863
2024-11-16 14:00:00,86.8849354201375
2024-11-16 15:00:00,85.0084186535766
2024-11-17 03:00:00,86.3311208920001
2024-11-17 04:00:00,86.5148821386628
2024-11-17 05:00:00,85.7115711787448
2024-11-17 06:00:00,85.0873244457713
2024-11-17 07:00:00,87.004949496471
2024-11-17 08:00:00,85.344535150263
2024-11-17 09:00:00,85.1029808088599
2024-11-17 10:00:00,86.1412072180806
2024-11-17 11:00:00,85.3185510165736
2024-11-17 12:00:00,83.1488695491904
2024-11-17 13:00:00,87.0709052151941
2024-11-17 14:00:00,86.296302932705
2024-11-17 15:00:00,85.3633049335373
2024-11-17 16:00:00,83.9368343726871
2024-11-17 17:00:00,85.9602833897537
2024-11-17 18:00:00,85.4132460486633
2024-11-17 19:00:00,84.8323212755829
2024-11-17 20:00:00,85.0610624626303
2024-11-17 21:00:00,85.5030458358742
2024-11-17 22:00:00,85.323066030853
2024-11-17 23:00:00,87.1821205978594
2024-11-18 00:00:00,85.005939942576
2024-11-18 01:00:00,84.4153969327967
2024-11-18 02:00:00,85.736010846584
2024-11-18 03:00:00,84.7987480754647
2024-11-18 04:00:00,84.9607119463151
2024-11-18 05:00:00,84.8288550736487
2024-11-18 06:00:00,85.0933014461116
2024-11-18 07:00:00,85.9763565381865
2024-11-18 08:00:00,84.7339781500214
2024-11-18 09:00:00,84.4410485104983
2024-11-18 10:00:00,84.6484156135982
2024-11-18 11:00:00,85.8417889814162
2024-11-18 12:00:00,87.7489320770679
2024-11-18 13:00:00,83.7688359722362
2024-11-18 14:00:00,84.9008448771125
2024-11-18 15:00:00,86.9528085732924
2024-11-18 16:00:00,85.4545918500344
2024-11-18 17:00:00,84.6713744362497
2024-11-18 18:00:00,85.2240110903592
2024-11-18 19:00:00,85.4224561757494
2024-11-18 20:00:00,84.9221461484898
2024-11-18 21:00:00,83.7900058932936
2024-11-18 22:00:00,85.5548156370207
2024-11-18 23:00:00,85.7490674940602
2024-11-19 00:00:00,83.1729571652725
2024-11-19 01:00:00,85.3220221997128
2024-11-19 02:00:00,83.8543620927166
2024-11-19 03:00:00,86.6786415552545
2024-11-19 04:00:00,83.2331253678178
2024-11-19 05:00:00,84.087062557211
2024-11-19 06:00:00,84.0611747400428
2024-11-19 07:00:00,84.0336768843666
2024-11-19 08:00:00,85.1482202595864
2024-11-19 09:00:00,82.7196929035918
2024-11-19 10:00:00,84.4160231216321
2024-11-19 11:00:00,85.0230558968012
2024-11-19 12:00:00,84.6144335049145
2024-11-19 13:00:00,84.1056364139383
2024-11-19 14:00:00,83.9888019944688
2024-11-19 15:00:00,82.1538465292881
2024-11-19 16:00:00,84.3678381155307
2024-11-19 17:00:00,84.5226726338657
2024-11-19 18:00:00,85.3898071719647
2024-11-19 19:00:00,83.3465734669573
2024-11-19 20:00:00,84.3016685475114
2024-11-19 21:00:00,85.4972115965232
2024-11-19 22:00:00,84.962588333064
2024-11-19 23:00:00,85.0908484319688
2024-11-20 00:00:00,82.5939913201141
2024-11-20 01:00:00,83.0312489964836
2024-11-20 02:00:00,83.5936187198404
2024-11-20 03:00:00,81.6470704990418
2024-11-20 04:00:00,84.997467412258
2024-11-20 05:00:00,82.7161211747152
2024-11-20 06:00:00,83.0425988947591
2024-11-20 07:00:00,82.5491851189712
2024-11-20 08:00:00,84.4582963910868
2024-11-20 09:00:00,83.5873801196473
2024-11-20 10:00:00,82.4537368806319
2024-11-20 11:00:00,83.1880962187179
2024-11-20 12:00:00,83.9259987665707
2024-11-20 13:00:00,83.4193577131241
2024-11-20 14:00:00,84.876252599039
2024-11-20 15:00:00,83.3392638740199
2024-11-20 16:00:00,81.88402209759
2024-11-20 17:00:00,83.4000277705383
2024-11-20 18:00:00,82.6999973112462
2024-11-21 05:00:00,62.1744028369461
2024-11-21 06:00:00,82.5178721491791
2024-11-21 07:00:00,82.7163927626918
2024-11-21 08:00:00,82.8580331729261
2024-11-21 09:00:00,83.2565479776294
2024-11-21 10:00:00,83.6156428165952
2024-11-21 11:00:00,84.0944059134103
2024-11-21 12:00:00,82.4111257189459
2024-11-21 13:00:00,80.9281091876709
2024-11-21 14:00:00,81.0233888698058
2024-11-21 15:00:00,83.0585681280587
2024-11-21 16:00:00,83.0869669357775
2024-11-21 17:00:00,82.0228360326365
2024-11-21 18:00:00,82.6185993224878
2024-11-21 19:00:00,82.7399949760989
2024-11-21 20:00:00,82.226779361759
2024-11-21 21:00:00,82.6529947837862
2024-11-21 22:00:00,82.6206724354558
2024-11-21 23:00:00,83.1030486488719
2024-11-22 00:00:00,81.1736662832066
2024-11-22 01:00:00,82.1192133202117
2024-11-22 02:00:00,81.0974071184291
2024-11-22 03:00:00,83.2511110668978
2024-11-22 04:00:00,83.2498204823599
2024-11-22 05:00:00,83.339835573839
2024-11-22 06:00:00,82.3880259262203
2024-11-22 08:00:00,82.6201305135043
2024-11-22 09:00:00,80.8394295489136
2024-11-22 10:00:00,82.754000554559
2024-11-22 11:00:00,80.3058935398489
2024-11-22 12:00:00,81.6653419969766
2024-11-22 13:00:00,84.2801482484369
2024-11-22 14:00:00,82.5141180456951
2024-11-22 15:00:00,79.799108799314
2024-11-22 16:00:00,82.6309887357287
2024-11-22 17:00:00,82.2836590671495
2024-11-22 18:00:00,81.8991569269553
2024-11-22 19:00:00,83.0084714894222
2024-11-22 20:00:00,82.2831156542719
2024-11-22 21:00:00,78.7141918210236
2024-11-22 22:00:00,82.5092624741722
2024-11-22 23:00:00,83.6103275913202
2024-11-23 00:00:00,81.9605076200468
2024-11-23 01:00:00,81.2511983173286
2024-11-23 02:00:00,80.513748379881
2024-11-23 03:00:00,82.3730636300442
2024-11-23 04:00:00,81.1392461998051
2024-11-23 05:00:00,81.9174126208696
2024-11-23 06:00:00,80.32627968533
2024-11-23 07:00:00,82.5270099724198
2024-11-23 08:00:00,80.5710409877331
2024-11-23 09:00:00,82.2696632150944
2024-11-23 10:00:00,83.0950344395686
2024-11-23 11:00:00,81.4726622531849
2024-11-23 12:00:00,80.0150133217532
2024-11-23 13:00:00,80.5123624281253
2024-11-23 14:00:00,81.3588790123547
2024-11-23 15:00:00,81.3776609159427
2024-11-23 16:00:00,79.3959482133907
2024-11-23 17:00:00,80.9082167375541
2024-11-23 18:00:00,82.7322133502181
2024-11-23 19:00:00,80.0958087015083
2024-11-23 20:00:00,80.5279006022397
2024-11-23 21:00:00,81.9730609035645
2024-11-23 22:00:00,81.3249382162953
2024-11-23 23:00:00,82.0890461439793
2024-11-24 00:00:00,82.4845151573284
2024-11-24 01:00:00,81.6289008195047
2024-11-24 02:00:00,79.6187612594832
2024-11-24 03:00:00,79.1684057163336
2024-11-24 04:00:00,81.8409945276775
2024-11-24 05:00:00,78.4961874890362
2024-11-24 06:00:00,80.6131697126261
2024-11-24 07:00:00,82.070610290919
2024-11-24 08:00:00,80.7626999222781
2024-11-24 09:00:00,79.809291475033
2024-11-24 10:00:00,80.0615823085726
2024-11-24 11:00:00,79.7177097951948
2024-11-24 12:00:00,79.5980977658932
2024-11-24 13:00:00,80.0277669196959
2024-11-24 14:00:00,80.0677988723416
2024-11-24 15:00:00,82.8667200910445
2024-11-24 16:00:00,81.4053670347725
2024-11-24 17:00:00,80.5457627502415
2024-11-24 18:00:00,79.9527438914052
2024-11-24 19:00:00,81.0455515745702
2024-11-24 20:00:00,80.13280061878
2024-11-25 07:00:00,80.212449004562
2024-11-25 08:00:00,82.1140376802002
2024-11-25 09:00:00,82.1142197472087
2024-11-25 10:00:00,79.8131030102456
2024-11-25 11:00:00,79.0174915279696
2024-11-25 12:00:00,78.9360367283537
2024-11-25 13:00:00,79.0894846257074
2024-11-25 14:00:00,79.8089112702479
2024-11-26 01:00:00,79.5392271313776
2024-11-26 02:00:00,78.7925234678826
2024-11-26 03:00:00,78.4194475399339
2024-11-26 04:00:00,78.8078472862658
2024-11-26 05:00:00,80.0157551658237
2024-11-26 06:00:00,78.3343720939112
2024-11-26 07:00:00,77.5316184194861
2024-11-26 08:00:00,79.2247571121722
2024-11-26 09:00:00,79.4249119581439
2024-11-26 10:00:00,77.6782114719773
2024-11-26 11:00:00,79.2721357679768
2024-11-26 12:00:00,77.5097657137678
2024-11-26 13:00:00,78.7586904161736
2024-11-26 14:00:00,78.8069815197708
2024-11-26 15:00:00,79.6393640583276
2024-11-26 16:00:00,80.1889015747258
2024-11-26 17:00:00,78.4311213395975
2024-11-26 18:00:00,79.310547310878
2024-11-26 19:00:00,78.4210688193269
2024-11-26 20:00:00,80.5291678565634
2024-11-26 21:00:00,79.7353655944793
2024-11-26 22:00:00,79.7570937979261
2024-11-26 23:00:00,79.8066318994562
2024-11-27 00:00:00,79.7049354632485
2024-11-27 01:00:00,78.1969844317335
2024-11-27 02:00:00,77.7431023094329
2024-11-27 03:00:00,78.852003562516
2024-11-27 04:00:00,78.8565214015538
2024-11-27 05:00:00,80.7075333883194
2024-11-27 06:00:00,79.6386118786384
2024-11-27 07:00:00,78.6336424279311
2024-11-27 08:00:00,78.6644515476946
2024-11-27 09:00:00,79.5110053786461
2024-11-27 10:00:00,77.396402293526
2024-11-27 11:00:00,78.2153252241447
2024-11-27 12:00:00,79.5334276928703
2024-11-27 13:00:00,79.8417859974434
2024-11-27 14:00:00,77.0714504438347
2024-11-27 16:00:00,78.3850989830504
2024-11-27 17:00:00,78.321973963822
2024-11-27 18:00:00,78.3530155183574
2024-11-27 19:00:00,78.2589255591196
2024-11-27 20:00:00,78.1401031435988
2024-11-27 21:00:00,79.7129126158412
2024-11-27 22:00:00,79.7175616377683
2024-11-27 23:00:00,78.4599388924494
2024-11-28 00:00:00,77.8779076452119
2024-11-28 01:00:00,78.3392247934504
2024-11-28 02:00:00,77.4785583143554
2024-11-28 03:00:00,78.7123353152379
2024-11-28 04:00:00,74.8237615780396
2024-11-28 05:00:00,77.2735437923919
2024-11-28 06:00:00,77.4945420355555
2024-11-28 07:00:00,78.0676829344427
2024-11-28 08:00:00,79.2945984209926
2024-11-28 09:00:00,77.35509264019
2024-11-28 10:00:00,78.1167848187375
2024-11-28 11:00:00,76.3108968871081
2024-11-28 12:00:00,78.676838322423
2024-11-28 13:00:00,80.9563222276336
2024-11-28 14:00:00,77.8206282182807
2024-11-28 15:00:00,77.7020159880548
2024-11-28 16:00:00,77.3943192614905
2024-11-28 17:00:00,78.6304933974692
2024-11-28 18:00:00,76.6268573079471
2024-11-28 19:00:00,77.708713004471
2024-11-28 20:00:00,78.5466000173168
2024-11-28 21:00:00,76.6956651303346
2024-11-28 22:00:00,78.1205091414253
2024-11-28 23:00:00,81.5736318544639
2024-11-29 00:00:00,77.2150948676928
2024-11-29 01:00:00,78.6500247401976
2024-11-29 02:00:00,60.9498929669434
2024-11-29 03:00:00,77.9546745316364
2024-11-29 04:00:00,78.5050387712865
2024-11-29 05:00:00,78.2227773481487
2024-11-29 06:00:00,78.0586337365213
2024-11-29 07:00:00,78.2971398338752
2024-11-29 08:00:00,76.3478963550882
2024-11-29 09:00:00,74.9490136767212
2024-11-29 10:00:00,77.1417696603006
2024-11-29 11:00:00,76.9585289606119
2024-11-29 12:00:00,76.9726142553241
2024-11-29 15:00:00,77.382756405615
2024-11-29 16:00:00,76.3264831815262
2024-11-29 17:00:00,76.5426412842363
2024-11-29 18:00:00,76.516012191385
2024-11-29 19:00:00,79.2722701435998
2024-11-29 20:00:00,76.5595190792416
2024-11-29 21:00:00,78.2955338192901
2024-11-29 22:00:00,79.0796524559459
2024-11-29 23:00:00,76.8443651570267
2024-11-30 00:00:00,74.6292290709017
2024-11-30 01:00:00,74.9537602774854
2024-11-30 02:00:00,77.5390693004724
2024-11-30 03:00:00,76.4029475122705
2024-11-30 04:00:00,78.2677803086777
2024-11-30 05:00:00,75.7533164545769
2024-11-30 06:00:00,75.198964871189
2024-11-30 07:00:00,77.0851272254906
2024-11-30 08:00:00,75.5650870742649
2024-11-30 09:00:00,77.2364608960399
2024-11-30 10:00:00,77.2667952574304
2024-11-30 11:00:00,75.6163321863182
2024-11-30 12:00:00,75.5490672337828
2024-11-30 13:00:00,75.6617828517479
2024-11-30 14:00:00,76.1994907308777
2024-11-30 15:00:00,78.0718248546278
2024-12-01 02:00:00,76.179818365332
2024-12-01 03:00:00,76.703170370659
2024-12-01 04:00:00,76.5182359779538
2024-12-01 05:00:00,77.1194146822578
2024-12-01 06:00:00,76.6214661759688
2024-12-01 07:00:00,76.1315581012136
2024-12-01 08:00:00,76.3500165334779
2024-12-01 09:00:00,76.6368653925555
2024-12-01 10:00:00,75.346161810443
2024-12-01 11:00:00,76.4607352584655
2024-12-01 12:00:00,76.19174139316
2024-12-01 13:00:00,76.290565262397
2024-12-01 14:00:00,76.1805274336056
2024-12-01 15:00:00,75.8380666804115
2024-12-01 16:00:00,76.557550867868
2024-12-01 17:00:00,76.6268814306173
2024-12-01 18:00:00,76.6356098505624
2024-12-01 20:00:00,76.2993711800975
2024-12-01 21:00:00,76.1184235158683
2024-12-01 22:00:00,76.0774337389151
2024-12-01 23:00:00,76.6035208950168
2024-12-02 00:00:00,75.9502503746632
2024-12-02 01:00:00,75.6531787283914
2024-12-02 02:00:00,76.4143297153619
2024-12-02 03:00:00,75.8336134422062
2024-12-02 04:00:00,75.5636227685315
2024-12-02 05:00:00,76.0243718417791
2024-12-02 06:00:00,75.9941151957951
2024-12-02 07:00:00,75.6843143209506
2024-12-02 08:00:00,75.5680664341217
2024-12-02 09:00:00,76.3354639178007
2024-12-02 10:00:00,75.9614323354268
2024-12-02 11:00:00,76.0810653877987
2024-12-02 12:00:00,76.1279039289594
2024-12-02 13:00:00,75.5577130732071
2024-12-02 14:00:00,75.7815967080861
2024-12-02 15:00:00,75.772831448121
2024-12-02 16:00:00,75.5550413790958
2024-12-02 17:00:00,75.5060524064953
2024-12-02 18:00:00,76.146409623677
2024-12-02 19:00:00,75.3891666642466
2024-12-02 20:00:00,87.1857786471577
2024-12-02 21:00:00,75.9333154972913
2024-12-02 22:00:00,75.6176259300664
2024-12-02 23:00:00,76.1861109308724
2024-12-03 00:00:00,75.0817772054015
2024-12-03 01:00:00,75.9422709532868
2024-12-03 02:00:00,74.9033998660539
2024-12-03 03:00:00,74.6219937620272
2024-12-03 04:00:00,75.3444311878008
2024-12-03 05:00:00,75.2792517669933
2024-12-03 06:00:00,76.0686653711842
2024-12-03 07:00:00,74.8430210094568
2024-12-03 08:00:00,75.4972905787181
2024-12-03 09:00:00,75.3209299183012
2024-12-03 10:00:00,75.726384211491
2024-12-03 11:00:00,74.6107676947295
2024-12-03 12:00:00,75.3090759304139
2024-12-03 13:00:00,79.808198679213
2024-12-03 14:00:00,75.7648061568437
2024-12-03 15:00:00,75.2574801014404
2024-12-03 16:00:00,75.8159012401986
2024-12-03 17:00:00,75.0526744486468
2024-12-03 18:00:00,74.9312075342648
2024-12-03 19:00:00,75.2361546694862
2024-12-03 21:00:00,74.6569837257938
2024-12-03 22:00:00,75.7751184469731
2024-12-03 23:00:00,74.9592128371294
2024-12-04 00:00:00,75.3374819899297
2024-12-04 01:00:00,74.2562280434762
2024-12-04 02:00:00,74.9161189697473
2024-12-04 03:00:00,74.5849269323951
2024-12-04 04:00:00,74.4985454598502
2024-12-04 05:00:00,74.8666135467808
2024-12-04 06:00:00,75.3726848756281
2024-12-04 07:00:00,75.0199508930118
2024-12-04 08:00:00,75.4948531528805
2024-12-04 09:00:00,74.9294969008525
2024-12-04 10:00:00,74.9458478445354
2024-12-04 11:00:00,75.3971376825729
2024-12-04 12:00:00,74.9625600319152
2024-12-04 13:00:00,74.816598198938
2024-12-04 14:00:00,74.8659023421777
2024-12-04 15:00:00,75.0573238759259
2024-12-04 16:00:00,74.5162639707014
2024-12-04 17:00:00,96.8916331788675
2024-12-04 18:00:00,74.9955674709362
2024-12-04 19:00:00,74.8955729661894
2024-12-04 20:00:00,75.0220962092678
2024-12-04 21:00:00,75.4707612739909
2024-12-04 22:00:00,75.2454292981923
2024-12-04 23:00:00,75.1240089289366
2024-12-05 00:00:00,74.3122507227451
2024-12-05 01:00:00,74.6364403938259
2024-12-05 02:00:00,74.6662336324058
2024-12-05 03:00:00,74.6809629395767
2024-12-05 04:00:00,74.7960658152528
2024-12-05 05:00:00,74.2551669581582
2024-12-05 06:00:00,74.4598027557478
2024-12-05 07:00:00,73.9848529055207
2024-12-05 08:00:00,75.0733257687489
2024-12-05 09:00:00,74.3934244967039
2024-12-05 11:00:00,70.1972330605828
2024-12-05 12:00:00,74.2590708661294
2024-12-05 13:00:00,74.4848997867256
2024-12-05 14:00:00,74.6419875202823
2024-12-05 15:00:00,74.4775053703717
2024-12-05 16:00:00,74.5909712205189
2024-12-05 17:00:00,74.4998233216637
2024-12-05 18:00:00,74.5225998904032
2024-12-05 19:00:00,74.1156144774529
2024-12-05 20:00:00,74.1612289645126
2024-12-05 21:00:00,74.2563613046758
2024-12-05 22:00:00,74.4198491941337
2024-12-05 23:00:00,74.6925259786614
2024-12-06 00:00:00,74.3717159111865
2024-12-06 11:00:00,73.8573008129742
2024-12-06 12:00:00,74.240495355205
2024-12-06 13:00:00,73.9628679937196
2024-12-06 14:00:00,73.5426111557601
2024-12-06 15:00:00,74.1985867544332
2024-12-06 16:00:00,74.3047367344453
2024-12-06 17:00:00,74.2069618243254
2024-12-06 18:00:00,73.9618771615217
2024-12-06 19:00:00,74.1118681251542
2024-12-06 20:00:00,74.0650177491146
2024-12-06 21:00:00,74.3589464741789
2024-12-06 22:00:00,74.3579954610835
2024-12-06 23:00:00,73.6298007312002
2024-12-07 00:00:00,73.2089034429462
2024-12-07 01:00:00,73.2998716952139
2024-12-07 02:00:00,72.604620573279
2024-12-07 03:00:00,72.8675197794749
2024-12-07 04:00:00,73.4699711060405
2024-12-07 05:00:00,72.8514993040173
2024-12-07 06:00:00,72.8608616731192
2024-12-07 07:00:00,72.7869283741995
2024-12-07 08:00:00,73.1807763723849
2024-12-07 09:00:00,72.9759590430688
2024-12-07 10:00:00,72.566774914604
2024-12-07 11:00:00,72.9605638228298
2024-12-07 12:00:00,73.056117534727
2024-12-07 13:00:00,72.902488361593
2024-12-07 14:00:00,72.721891377487
2024-12-07 15:00:00,72.7268151939223
2024-12-07 16:00:00,73.1946095800438
2024-12-07 17:00:00,73.892202516963
2024-12-07 18:00:00,72.9041141653779
2024-12-07 19:00:00,72.8917334029305
2024-12-07 20:00:00,73.292647623396
2024-12-07 21:00:00,73.1570944128892
2024-12-07 22:00:00,73.1619874681107
2024-12-07 23:00:00,72.9301568292841
2024-12-08 00:00:00,73.5315137818965
2024-12-08 01:00:00,72.866758128525
2024-12-08 02:00:00,72.9765595075475
2024-12-08 03:00:00,73.3343151924435
2024-12-08 04:00:00,72.5112002464383
2024-12-08 05:00:00,73.5361899670979
2024-12-08 06:00:00,73.3925218258877
2024-12-08 07:00:00,73.0913616297736
2024-12-08 08:00:00,72.7802043197288
2024-12-08 09:00:00,73.3004739391541
2024-12-08 10:00:00,73.6245025920227
2024-12-08 11:00:00,73.5612211007443
2024-12-08 12:00:00,73.6342808185903
2024-12-08 13:00:00,73.9969994257001
2024-12-08 14:00:00,72.6722246632085
2024-12-08 15:00:00,73.7382293854909
2024-12-08 16:00:00,73.2104397340093
2024-12-08 17:00:00,73.2171548577004
2024-12-08 18:00:00,73.2521192032943
2024-12-08 19:00:00,73.414884470796
2024-12-08 20:00:00,73.0866959303905
2024-12-08 21:00:00,73.5818168060046
2024-12-08 22:00:00,73.38439415568
2024-12-08 23:00:00,73.0224320613375
2024-12-09 00:00:00,72.9889569034524
2024-12-09 01:00:00,73.5780300240159
2024-12-09 02:00:00,72.8927761679794
2024-12-09 03:00:00,73.0867421561261
2024-12-09 04:00:00,73.1854196307263
2024-12-09 05:00:00,72.7437102829884
2024-12-09 07:00:00,72.7439803823991
2024-12-09 18:00:00,72.9165650986136
2024-12-09 19:00:00,72.155936696624
2024-12-09 20:00:00,73.1101992458169
2024-12-09 21:00:00,72.5211694763337
2024-12-09 22:00:00,72.9882603094871
2024-12-09 23:00:00,73.2152756521576
2024-12-10 00:00:00,72.684684948993
2024-12-10 01:00:00,72.3290024288707
2024-12-10 02:00:00,71.9803195665124
2024-12-10 03:00:00,72.3481456828393
2024-12-10 04:00:00,72.6386583895539
2024-12-10 05:00:00,72.2172973597459
2024-12-10 06:00:00,71.946037102577
2024-12-10 07:00:00,72.4319457462115
2024-12-10 08:00:00,71.8591643312961
2024-12-10 09:00:00,71.4884974903539
2024-12-10 10:00:00,71.9751456013397
2024-12-10 11:00:00,72.4862487457471
2024-12-10 12:00:00,72.3970271463378
2024-12-10 13:00:00,72.2192562527081
2024-12-10 14:00:00,71.3951929783956
2024-12-10 15:00:00,71.7983056556016
2024-12-10 16:00:00,71.8282839842066
2024-12-10 17:00:00,72.0689497512911
2024-12-10 18:00:00,72.2207214143514
2024-12-10 19:00:00,71.9188558361716
2024-12-10 20:00:00,72.3845468786039
2024-12-10 21:00:00,72.4632347061308
2024-12-10 22:00:00,72.2683448848454
2024-12-10 23:00:00,72.4079074397005
2024-12-11 00:00:00,71.4354693783041
2024-12-11 01:00:00,72.1177443460445
2024-12-11 02:00:00,71.8435584216238
2024-12-11 03:00:00,71.568471272585
2024-12-11 04:00:00,71.5385071505953
2024-12-11 05:00:00,71.0254848025438
2024-12-11 06:00:00,71.6576829531207
2024-12-11 07:00:00,72.0812316405218
2024-12-11 08:00:00,
2024-12-11 09:00:00,
2024-12-11 10:00:00,
2024-12-11 11:00:00,71.4836974168185
2024-12-11 12:00:00,71.6194469918754
2024-12-11 13:00:00,71.5910176156365
2024-12-11 14:00:00,72.0642782962272
2024-12-11 15:00:00,72.0006202061498
2024-12-11 16:00:00,71.6605584286274
2024-12-11 17:00:00,71.5630312890714
2024-12-11 18:00:00,71.9916962289562
2024-12-11 19:00:00,71.66135525793
2024-12-11 20:00:00,71.3706835174803
2024-12-11 21:00:00,71.7059807934884
2024-12-11 22:00:00,71.7707365751652
2024-12-11 23:00:00,71.5245629557796
2024-12-12 00:00:00,70.8363595672448
2024-12-12 01:00:00,70.3283839162006
2024-12-12 02:00:00,70.9936021707991
2024-12-12 03:00:00,70.9691644188902
2024-12-12 04:00:00,71.0564430629002
2024-12-12 05:00:00,71.0225891633551
2024-12-12 06:00:00,70.849399907998
2024-12-12 07:00:00,71.2456554666609
2024-12-12 08:00:00,70.6660789753337
2024-12-12 09:00:00,70.771856197415
2024-12-12 10:00:00,71.1202559109725
2024-12-12 11:00:00,70.9303126795073
2024-12-12 12:00:00,70.5969041087438
2024-12-12 13:00:00,70.6439756882011
2024-12-12 14:00:00,70.6750902455702
2024-12-12 15:00:00,70.4394314420546
2024-12-12 16:00:00,71.3053379957719
2024-12-12 17:00:00,71.3299843408063
2024-12-12 18:00:00,70.9147110617179
2024-12-12 19:00:00,70.6662647136531
2024-12-12 20:00:00,70.9435193175297
2024-12-12 21:00:00,70.6943783251532
2024-12-12 22:00:00,70.1553654206537
2024-12-12 23:00:00,71.323061739356
2024-12-13 00:00:00,70.1862826172628
2024-12-13 01:00:00,69.8586595912617
2024-12-13 02:00:00,69.905842605364
2024-12-13 03:00:00,70.5583844314158
2024-12-13 04:00:00,
2024-12-13 05:00:00,
2024-12-13 06:00:00,
2024-12-13 07:00:00,
2024-12-13 08:00:00,70.0752900882089
2024-12-15 16:00:00,69.9105277731467
2024-12-15 17:00:00,69.6436444330327
2024-12-15 18:00:00,69.7729084743286
2024-12-15 19:00:00,69.8693783364483
2024-12-15 20:00:00,69.6100155857762
2024-12-15 21:00:00,69.5199051583988
2024-12-15 22:00:00,69.8449629488922
2024-12-15 23:00:00,69.7015357687792
2024-12-16 00:00:00,69.003650693395
2024-12-16 01:00:00,69.2750209082745
2024-12-16 02:00:00,69.1948184410886
2024-12-16 03:00:00,68.7242747145334
2024-12-16 04:00:00,69.1972100037923
2024-12-16 05:00:00,69.2125178651926
2024-12-16 06:00:00,69.1508261613355
2024-12-16 07:00:00,69.3212268273337
2024-12-16 08:00:00,69.4595219289811
2024-12-16 09:00:00,69.2295289191109
2024-12-16 10:00:00,69.4197485261607
2024-12-16 11:00:00,68.9869451136929
2024-12-16 12:00:00,69.0446378864287
2024-12-16 13:00:00,69.0498488746464
2024-12-16 14:00:00,69.1642992275326
2024-12-16 15:00:00,69.1144695158874
2024-12-16 16:00:00,68.9154200488518
2024-12-16 17:00:00,68.8564098142928
2024-12-16 18:00:00,69.5384602290863
2024-12-16 19:00:00,69.5292326763498
2024-12-16 20:00:00,68.8470448211166
2024-12-16 21:00:00,69.0554592411071
2024-12-16 22:00:00,68.9735001579146
2024-12-16 23:00:00,68.9797478900812
2024-12-17 00:00:00,68.4830712417922
2024-12-17 01:00:00,68.6716849055608
2024-12-17 02:00:00,68.6340916214528
2024-12-17 03:00:00,68.6642268797923
2024-12-17 04:00:00,68.316939164749
2024-12-17 05:00:00,68.2920278682229
2024-12-17 06:00:00,68.4372226088682
2024-12-17 07:00:00,68.6215141122016
2024-12-17 08:00:00,68.543320257702
2024-12-17 09:00:00,68.6573961112231
2024-12-17 22:00:00,68.8869626764931
2024-12-17 23:00:00,69.3291126256937
2024-12-18 00:00:00,67.8564898820955
2024-12-18 01:00:00,68.3483598292501
2024-12-18 02:00:00,68.3061408054805
2024-12-18 03:00:00,68.4693575751722
2024-12-18 04:00:00,68.4706138667263
2024-12-18 05:00:00,67.9179190346514
2024-12-18 06:00:00,68.240796273535
2024-12-18 07:00:00,68.324820247921
2024-12-18 08:00:00,68.2080742181056
2024-12-18 09:00:00,68.0216630889054
2024-12-18 10:00:00,68.3356178733199
2024-12-18 11:00:00,68.4322118682504
2024-12-18 12:00:00,68.3252056165028
2024-12-18 13:00:00,68.3709907080721
2024-12-18 14:00:00,67.9276538010053
2024-12-18 15:00:00,67.7148001196679
2024-12-18 16:00:00,68.6903618350036
2024-12-18 17:00:00,68.1252153071415
2024-12-18 18:00:00,68.1850046856246
2024-12-18 19:00:00,68.0099274496306
2024-12-18 20:00:00,71.6851736532513
2024-12-18 21:00:00,68.4901930525419
2024-12-18 22:00:00,68.4661097707152
2024-12-18 23:00:00,68.7503055278796
2024-12-19 00:00:00,68.0028796736336
2024-12-19 01:00:00,68.0444970472092
2024-12-19 02:00:00,68.6988339902778
2024-12-19 03:00:00,68.3431163417831
2024-12-19 04:00:00,68.1759727860481
2024-12-19 05:00:00,68.0976613693216
2024-12-19 06:00:00,67.8308028307043
2024-12-19 07:00:00,67.9920724382201
2024-12-19 08:00:00,67.3561934082451
2024-12-19 09:00:00,67.3773324452326
2024-12-19 10:00:00,79.4373267716555
2024-12-19 11:00:00,68.0760777448969
2024-12-19 12:00:00,68.6611161501931
2024-12-19 13:00:00,67.9114189284129
2024-12-19 14:00:00,67.9156853315057
2024-12-19 15:00:00,68.1023740449833
2024-12-19 16:00:00,67.5415945830955
2024-12-19 17:00:00,67.7549843972799
2024-12-19 18:00:00,66.9117569058324
2024-12-19 19:00:00,67.8411493648562
2024-12-19 20:00:00,68.3759308900057
2024-12-19 21:00:00,67.6527792482047
2024-12-19 22:00:00,68.1167180823438
2024-12-19 23:00:00,67.6819016846984
2024-12-20 00:00:00,67.7800468049648
2024-12-20 01:00:00,67.5299104304608
2024-12-20 02:00:00,67.793428534846
2024-12-20 03:00:00,68.113749285986
2024-12-20 04:00:00,67.294854052369
2024-12-20 05:00:00,67.8840165619352
2024-12-20 06:00:00,66.9755023717265
2024-12-20 07:00:00,67.2904751414393
2024-12-20 09:00:00,67.5407506841677
2024-12-20 10:00:00,67.4954658615763
2024-12-20 11:00:00,67.7782615609347
2024-12-20 12:00:00,67.5271710336788
2024-12-20 13:00:00,67.481689803333
2024-12-20 14:00:00,67.2232475568706
2024-12-20 15:00:00,67.2957340491575
2024-12-20 16:00:00,67.7604475634267
2024-12-20 17:00:00,67.2146016245127
2024-12-20 18:00:00,67.6490846598655
2024-12-20 19:00:00,70.8523138250889
2024-12-20 20:00:00,67.7343024830743
2024-12-20 21:00:00,67.8856546194594
2024-12-20 22:00:00,67.5890484758062
2024-12-20 23:00:00,67.2764737953005
2024-12-21 00:00:00,67.1326845405399
2024-12-21 01:00:00,66.8768162297062
2024-12-21 02:00:00,67.0757814855661
2024-12-21 03:00:00,67.0985546761648
2024-12-21 04:00:00,66.7189606359115
2024-12-21 05:00:00,66.8489433037909
2024-12-21 06:00:00,67.7998869603558
2024-12-21 07:00:00,66.9394539056895
2024-12-21 08:00:00,67.9314033737194
2024-12-21 10:00:00,67.2201760524917
2024-12-21 11:00:00,67.0520472847799
2024-12-21 12:00:00,66.8665386552757
2024-12-21 13:00:00,66.8119134287391
2024-12-21 14:00:00,67.315548180508
2024-12-21 15:00:00,67.4564624209058
2024-12-21 16:00:00,67.1420567253018
2024-12-21 17:00:00,67.3074861010116
2024-12-21 18:00:00,67.4481302193855
2024-12-21 19:00:00,67.1644646681641
2024-12-21 20:00:00,67.3143971274501
2024-12-21 21:00:00,67.1142106672585
2024-12-21 22:00:00,66.8680962398058
2024-12-21 23:00:00,67.7260496010468
2024-12-22 00:00:00,66.7493441149703
2024-12-22 01:00:00,66.4384052543538
2024-12-22 02:00:00,66.728492859916
2024-12-22 03:00:00,66.1704330456791
2024-12-22 04:00:00,66.7847096888475
2024-12-22 05:00:00,66.1630036864499
2024-12-22 06:00:00,66.5924311649302
2024-12-22 18:00:00,66.9567867599051
2024-12-22 19:00:00,66.6408237159849
2024-12-22 20:00:00,66.8384203301204
2024-12-22 21:00:00,66.4266796219866
2024-12-22 22:00:00,67.1530569334942
2024-12-22 23:00:00,66.8672405670503
2024-12-23 00:00:00,65.9335908626783
2024-12-23 01:00:00,65.7475943233908
2024-12-23 02:00:00,65.9964283469299
2024-12-23 03:00:00,65.7108691678452
2024-12-23 04:00:00,66.1242733192784
2024-12-23 05:00:00,65.9313867178365
2024-12-23 06:00:00,65.6434253918112
2024-12-23 07:00:00,66.1872059060037
2024-12-23 08:00:00,65.9927392039395
2024-12-23 09:00:00,65.4875535043229
2024-12-23 10:00:00,65.8700125631255
2024-12-23 11:00:00,66.2826544295808
2024-12-23 12:00:00,65.731916243556
2024-12-23 13:00:00,65.8373066074811
2024-12-23 14:00:00,65.9740476480157
2024-12-23 15:00:00,65.9154473227728
2024-12-23 16:00:00,65.8176826323234
2024-12-23 17:00:00,65.9949779337063
2024-12-23 18:00:00,66.2343929079603
2024-12-23 19:00:00,66.1443573992448
2024-12-23 20:00:00,65.7517837358537
2024-12-23 21:00:00,65.8367979863496
2024-12-23 22:00:00,66.209202004022
2024-12-23 23:00:00,65.7271163017558
2024-12-24 00:00:00,64.8175303758428
2024-12-24 01:00:00,65.4748356355451
2024-12-24 02:00:00,65.5537654082112
2024-12-24 03:00:00,65.4236958327588
2024-12-24 04:00:00,65.5940437287381
2024-12-24 05:00:00,64.6501822345233
2024-12-24 06:00:00,65.1364727192861
2024-12-24 08:00:00,64.9663264519243
2024-12-24 09:00:00,65.2414322590099
2024-12-24 10:00:00,65.4606004616835
2024-12-24 11:00:00,65.4297620817773
2024-12-24 12:00:00,65.8715185292691
2024-12-24 13:00:00,64.6740892697192
2024-12-24 14:00:00,65.5832783903333
2024-12-24 15:00:00,65.5313055797134
2024-12-24 16:00:00,65.2418581880677
2024-12-24 17:00:00,65.4807637104574
2024-12-24 18:00:00,65.2848736251105
2024-12-24 19:00:00,65.3136159252563
2024-12-24 20:00:00,65.0499588943372
2024-12-24 21:00:00,65.8931521429731
2024-12-24 22:00:00,65.5075645038432
2024-12-24 23:00:00,65.8883886897848
2024-12-25 00:00:00,64.81240236836
2024-12-25 01:00:00,64.6344890470069
2024-12-25 02:00:00,64.8852849805137
2024-12-25 03:00:00,65.690333887095
2024-12-25 04:00:00,64.7677055700401
2024-12-25 05:00:00,64.7399487711898
2024-12-25 06:00:00,64.6229978454406
2024-12-25 07:00:00,64.0266121419489
2024-12-25 08:00:00,65.0240229470092
2024-12-25 09:00:00,65.071650908111
2024-12-25 10:00:00,64.7331189785881
2024-12-25 11:00:00,64.4990003426414
2024-12-25 12:00:00,64.6531558407807
2024-12-25 13:00:00,64.2247356499439
2024-12-25 14:00:00,65.4479431032353
2024-12-25 15:00:00,64.524862888984
2024-12-25 16:00:00,64.2777195136227
2024-12-25 17:00:00,64.8008637236219
2024-12-25 18:00:00,64.9279768774635
2024-12-25 19:00:00,64.3504692532495
2024-12-25 20:00:00,64.1439035624844
2024-12-25 21:00:00,64.8201215290288
2024-12-25 22:00:00,63.9342443334593
2024-12-25 23:00:00,64.7738459876572
2024-12-26 00:00:00,63.7848679851381
2024-12-26 01:00:00,63.7477659150446
2024-12-26 02:00:00,63.5592144243439
2024-12-26 03:00:00,63.9261451941396
2024-12-26 04:00:00,64.0454785332003
2024-12-26 05:00:00,63.9196312867796
2024-12-26 06:00:00,63.7315280686314
2024-12-26 08:00:00,63.6566518985095
2024-12-26 09:00:00,64.7211043747877
2024-12-26 21:00:00,64.2487540460857
2024-12-26 23:00:00,64.3103344573203
2024-12-27 00:00:00,63.5945459391161
2024-12-27 01:00:00,64.1126957458313
2024-12-27 02:00:00,63.7455080453157
2024-12-27 03:00:00,64.3786505472066
2024-12-27 04:00:00,63.8066702995128
2024-12-27 05:00:00,64.063243766563
2024-12-27 06:00:00,64.384639166264
2024-12-27 07:00:00,63.9928660970837
2024-12-27 08:00:00,63.9517432214663
2024-12-27 09:00:00,63.8348986092386
2024-12-27 10:00:00,63.7764668975313
2024-12-27 11:00:00,63.8340558547873
2024-12-27 12:00:00,63.6634067078767
2024-12-27 13:00:00,63.834316464942
2024-12-27 14:00:00,63.9901427453629
2024-12-27 15:00:00,
2024-12-27 16:00:00,
2024-12-27 17:00:00,
2024-12-27 18:00:00,
2024-12-27 19:00:00,64.4632221970301
2024-12-27 20:00:00,64.1091158040185
2024-12-27 21:00:00,63.3652307191483
2024-12-27 22:00:00,63.9794613872675
2024-12-27 23:00:00,63.9420205820226
2024-12-28 00:00:00,64.0044733238194
2024-12-28 02:00:00,64.0257969006992
2024-12-28 03:00:00,63.2067663418714
2024-12-28 04:00:00,64.0280272659223
2024-12-28 05:00:00,64.1536485658577
2024-12-28 06:00:00,64.0841790351886
2024-12-28 07:00:00,64.0844359679
2024-12-28 08:00:00,63.7422610203039
2024-12-28 09:00:00,63.7595673708413
2024-12-28 10:00:00,
2024-12-28 11:00:00,
2024-12-28 12:00:00,
2024-12-28 13:00:00,
2024-12-28 14:00:00,
2024-12-30 10:00:00,63.160026877237
2024-12-30 11:00:00,63.0472339958786
2024-12-30 22:00:00,63.6446953910394
2024-12-30 23:00:00,63.7138239026373
2024-12-31 00:00:00,63.4747982475549
2024-12-31 01:00:00,63.5171299915066
2024-12-31 02:00:00,63.305705095699
2024-12-31 03:00:00,62.7869220310472
2024-12-31 04:00:00,63.36654351392
2024-12-31 05:00:00,63.3791403631888
2024-12-31 06:00:00,63.5545780366522
2024-12-31 07:00:00,63.2853893153258
2024-12-31 08:00:00,62.8322440442747
2024-12-31 09:00:00,63.0269874872941
2024-12-31 10:00:00,63.3700138492821
2024-12-31 11:00:00,63.1367717340231
2024-12-31 12:00:00,62.9695017675735
2024-12-31 13:00:00,63.5034155737533
2024-12-31 14:00:00,62.9597015138878
2024-12-31 15:00:00,75.3393945354154
2024-12-31 16:00:00,63.4451110514165
2024-12-31 17:00:00,63.0423062019958
2024-12-31 18:00:00,63.2765003984663
2024-12-31 19:00:00,63.4341643726125
2024-12-31 20:00:00,63.0715269374907
2024-12-31 21:00:00,63.4369572694306
2024-12-31 22:00:00,63.0926886232765
2024-12-31 23:00:00,63.062315042296
2025-01-01 00:00:00,
2025-01-01 01:00:00,
2025-01-01 02:00:00,
2025-01-01 03:00:00,
2025-01-01 04:00:00,
2025-01-01 05:00:00,
2025-01-01 06:00:00,
2025-01-01 07:00:00,
2025-01-01 09:00:00,
2025-01-01 20:00:00,
2025-01-01 21:00:00,
2025-01-01 22:00:00,
2025-01-01 23:00:00,
2025-01-02 00:00:00,74.7163745182445
2025-01-02 01:00:00,74.9725135697766
2025-01-02 02:00:00,74.5804819155298
2025-01-02 03:00:00,74.69434474571
2025-01-02 04:00:00,74.9247310386466
2025-01-02 05:00:00,74.7640816681007
2025-01-02 06:00:00,74.822889058411
2025-01-02 07:00:00,74.722424631517
2025-01-02 08:00:00,75.1392270383247
2025-01-02 09:00:00,75.1192345726249
2025-01-02 12:00:00,74.7673573092492
2025-01-02 13:00:00,75.0463776788901
2025-01-02 14:00:00,74.9828227526243
2025-01-02 15:00:00,74.6277421729788
2025-01-02 16:00:00,74.4605355093712
2025-01-02 17:00:00,75.0297744393328
2025-01-02 18:00:00,74.8475173353051
2025-01-02 19:00:00,74.7637088707515
2025-01-02 20:00:00,75.0031912274277
2025-01-02 21:00:00,75.0498999099596
2025-01-02 22:00:00,74.8540272397972
2025-01-02 23:00:00,74.5412465462374
2025-01-03 00:00:00,74.0017011158505
2025-01-03 01:00:00,74.1164122550334
2025-01-03 11:00:00,74.1616986294741
2025-01-03 13:00:00,74.2181281133879
2025-01-03 14:00:00,74.3935791996835
2025-01-03 15:00:00,74.3024856033944
2025-01-03 16:00:00,73.9689520960938
2025-01-03 17:00:00,74.215675379772
2025-01-03 18:00:00,73.8235830305135
2025-01-03 19:00:00,74.239748883537
2025-01-03 20:00:00,74.2838139443908
2025-01-03 21:00:00,73.9812196639072
2025-01-03 22:00:00,73.8892364057541
2025-01-03 23:00:00,73.9863952678515
2025-01-04 00:00:00,74.2909472067689
2025-01-04 01:00:00,73.692510848042
2025-01-04 02:00:00,73.933738648951
2025-01-04 03:00:00,73.5608551988795
2025-01-04 04:00:00,73.6992436827579
2025-01-04 05:00:00,73.418221481674
2025-01-04 06:00:00,73.9322877858019
2025-01-04 07:00:00,73.688900285764
2025-01-04 08:00:00,73.653920459334
2025-01-04 09:00:00,74.3491238774742
2025-01-04 10:00:00,73.6507400525907
2025-01-04 11:00:00,73.830202622662
2025-01-04 12:00:00,73.8429192815371
2025-01-04 13:00:00,73.6912160297676
2025-01-04 14:00:00,74.1474970432018
2025-01-04 15:00:00,73.7326162339689
2025-01-04 16:00:00,73.2297617433822
2025-01-04 17:00:00,74.2742255192153
2025-01-04 18:00:00,73.69610048559
2025-01-04 19:00:00,73.5937116367862
2025-01-04 20:00:00,73.6917409014335
2025-01-04 21:00:00,73.5888065939696
2025-01-04 22:00:00,74.2047716038786
2025-01-04 23:00:00,73.7461892519909
2025-01-05 00:00:00,72.7572404867579
2025-01-05 01:00:00,72.7929181313951
2025-01-05 02:00:00,74.0571781522022
2025-01-05 03:00:00,72.4729880854707
2025-01-05 04:00:00,73.6536923949054
2025-01-05 05:00:00,61.9283049425445
2025-01-05 06:00:00,72.781133922701
2025-01-05 07:00:00,72.7030623179792
2025-01-05 08:00:00,72.9006217783819
2025-01-05 09:00:00,73.7739028147544
2025-01-05 10:00:00,72.6309844774729
2025-01-05 11:00:00,73.6064401542071
2025-01-05 12:00:00,73.3391411119245
2025-01-05 13:00:00,73.9411796112961
2025-01-05 14:00:00,73.1779041772308
2025-01-05 15:00:00,73.1175815402919
2025-01-05 16:00:00,72.8913439766794
2025-01-05 17:00:00,71.9759870379602
2025-01-05 18:00:00,72.5981300588335
2025-01-05 19:00:00,72.9020227871598
2025-01-05 20:00:00,73.4949878004588
2025-01-05 21:00:00,61.3244393842436
2025-01-05 22:00:00,73.34324648122
2025-01-05 23:00:00,72.7462840429856
2025-01-06 00:00:00,72.5677148303787
2025-01-06 01:00:00,72.162279835274
2025-01-06 02:00:00,73.1250411959992
2025-01-06 03:00:00,72.0402980543803
2025-01-06 04:00:00,72.9312905909631
2025-01-06 05:00:00,73.3636028438003
2025-01-06 06:00:00,72.9062627742124
2025-01-06 07:00:00,72.8233196405716
2025-01-06 08:00:00,71.8583810612873
2025-01-06 09:00:00,73.5475035509495
2025-01-06 10:00:00,72.4296411654711
2025-01-06 11:00:00,72.0265867634814
2025-01-06 12:00:00,71.9914275877439
2025-01-06 13:00:00,72.8924990939577
2025-01-06 14:00:00,73.4472585965906
2025-01-06 15:00:00,72.9798261250644
2025-01-06 16:00:00,72.9061499775583
2025-01-06 17:00:00,72.1902878262513
2025-01-06 18:00:00,73.2090660179682
2025-01-06 19:00:00,73.076347729122
2025-01-06 20:00:00,72.9454085215474
2025-01-06 21:00:00,72.5598412575175
2025-01-06 22:00:00,72.8385124823564
2025-01-06 23:00:00,72.5949311820267
2025-01-07 00:00:00,73.0453109050497
2025-01-07 01:00:00,73.1845797549607
2025-01-07 02:00:00,73.2273441525894
2025-01-07 03:00:00,72.6179183071534
2025-01-07 04:00:00,72.3427859724234
2025-01-07 05:00:00,72.4837827397129
2025-01-07 06:00:00,73.0186906826667
2025-01-07 07:00:00,72.211670658607
2025-01-07 08:00:00,72.0218796419901
2025-01-07 09:00:00,72.9634903099796
2025-01-07 10:00:00,72.7285275735088
2025-01-07 23:00:00,72.1919790534772
2025-01-08 00:00:00,72.0115554258287
2025-01-08 01:00:00,72.4295608763766
2025-01-08 02:00:00,72.8977695188025
2025-01-08 03:00:00,79.6071055422054
2025-01-08 04:00:00,72.2727003655448
2025-01-08 05:00:00,72.6491998528278
2025-01-08 06:00:00,70.8806200416147
2025-01-08 07:00:00,72.3240295315181
2025-01-08 10:00:00,71.6937618681725
2025-01-08 11:00:00,71.9306397200209
2025-01-08 12:00:00,71.6204428319729
2025-01-08 13:00:00,71.3694518869371
2025-01-08 14:00:00,71.5067696755376
2025-01-08 15:00:00,72.0358231987507
2025-01-08 16:00:00,71.4446962186821
2025-01-08 17:00:00,71.3811023086409
2025-01-08 18:00:00,72.4390267476978
2025-01-08 19:00:00,72.1634119220715
2025-01-08 20:00:00,71.6342531544252
2025-01-08 21:00:00,71.875765808241
2025-01-08 22:00:00,71.4783827689213
2025-01-08 23:00:00,73.0046943166944
2025-01-09 00:00:00,71.2465126044191
2025-01-09 01:00:00,71.7441809644079
2025-01-09 02:00:00,71.3858025635742
2025-01-09 03:00:00,71.6744699425583
2025-01-09 04:00:00,71.7552830643408
2025-01-09 05:00:00,71.746647023948
2025-01-09 06:00:00,69.1941710908492
2025-01-09 07:00:00,71.8055158640198
2025-01-09 08:00:00,71.0421038050191
2025-01-09 09:00:00,72.2836910164516
2025-01-09 10:00:00,71.0291565145693
2025-01-09 11:00:00,71.3870957585323
2025-01-09 12:00:00,72.0029756404209
2025-01-09 13:00:00,71.823577889598
2025-01-09 14:00:00,
2025-01-09 15:00:00,
2025-01-09 16:00:00,
2025-01-09 17:00:00,
2025-01-09 18:00:00,
2025-01-09 19:00:00,71.6164446046291
2025-01-09 20:00:00,71.6501282569722
2025-01-09 21:00:00,71.7375523886327
2025-01-09 22:00:00,70.2745141187527
2025-01-09 23:00:00,71.3529679945814
2025-01-10 00:00:00,70.3907340693503
2025-01-10 01:00:00,71.2486667269999
2025-01-10 02:00:00,70.5128019455927
2025-01-10 03:00:00,71.2416939435242
2025-01-10 04:00:00,71.233822500525
2025-01-10 05:00:00,70.8749534423215
2025-01-10 06:00:00,70.7340092964067
2025-01-10 07:00:00,70.8805189817853
2025-01-10 08:00:00,70.3242525950664
2025-01-10 09:00:00,70.018381988918
2025-01-10 10:00:00,70.8271973214598
2025-01-10 11:00:00,70.1298289008825
2025-01-10 12:00:00,70.218825589686
2025-01-10 13:00:00,70.1412427230907
2025-01-10 14:00:00,70.1478983236266
2025-01-10 15:00:00,70.8415099159179
2025-01-10 16:00:00,70.6395363416416
2025-01-10 17:00:00,69.9223144159461
2025-01-10 18:00:00,70.257768605203
2025-01-10 19:00:00,70.5627349843567
2025-01-10 20:00:00,70.4001578020737
2025-01-10 21:00:00,70.6356727646474
2025-01-10 22:00:00,71.3845549245552
2025-01-10 23:00:00,70.73653374956
2025-01-11 00:00:00,69.8245163973912
2025-01-11 01:00:00,70.075874462873
2025-01-11 02:00:00,70.3488568387502
2025-01-11 03:00:00,69.6256527228153
2025-01-11 04:00:00,70.0607310796664
2025-01-11 05:00:00,69.6298876009867
2025-01-11 07:00:00,69.7206310578059
2025-01-11 08:00:00,70.9762973202256
2025-01-11 09:00:00,70.5646046072365
2025-01-11 10:00:00,69.7697667235956
2025-01-11 11:00:00,69.2544852602333
2025-01-11 12:00:00,69.6103307136627
2025-01-11 13:00:00,70.7530120366031
2025-01-12 01:00:00,69.6192689129485
2025-01-12 03:00:00,69.161374889832
2025-01-12 04:00:00,68.5990184228882
2025-01-12 05:00:00,69.286601625301
2025-01-12 06:00:00,68.4905000612191
2025-01-12 07:00:00,69.8981992014838
2025-01-12 08:00:00,70.0492590838225
2025-01-12 09:00:00,70.6192974487602
2025-01-12 10:00:00,69.8195479549704
2025-01-12 11:00:00,70.0176040336192
2025-01-12 12:00:00,68.7271712277394
2025-01-12 13:00:00,68.6884692909007
2025-01-12 14:00:00,69.1978558522855
2025-01-12 15:00:00,69.3755304825062
2025-01-12 16:00:00,70.02140109336
2025-01-12 17:00:00,69.8250412442541
2025-01-12 18:00:00,69.4471312901389
2025-01-12 19:00:00,69.7058603001622
2025-01-12 20:00:00,69.7778076658046
2025-01-12 21:00:00,70.9399192953815
2025-01-12 22:00:00,70.5777771702386
2025-01-12 23:00:00,69.2366299771939
2025-01-13 00:00:00,69.8876072324537
2025-01-13 01:00:00,70.2421018513203
2025-01-13 02:00:00,69.2356810870229
2025-01-13 03:00:00,69.5196518908309
2025-01-13 04:00:00,68.7600181657781
2025-01-13 05:00:00,69.5555854023317
2025-01-13 06:00:00,69.8219544539588
2025-01-13 08:00:00,68.8323961230119
2025-01-13 09:00:00,69.8583157590487
2025-01-13 10:00:00,69.7330224664518
2025-01-13 11:00:00,69.1002616758492
2025-01-13 12:00:00,69.3213158286091
2025-01-13 13:00:00,68.5709817368398
2025-01-13 14:00:00,68.5195005120308
2025-01-13 15:00:00,69.8069144474852
2025-01-13 16:00:00,68.5825507400177
2025-01-13 17:00:00,69.5464865386594
2025-01-13 18:00:00,69.373164706252
2025-01-13 19:00:00,69.5384678833004
2025-01-13 20:00:00,68.7355349356187
2025-01-13 21:00:00,69.8662733874372
2025-01-13 22:00:00,67.7308317076805
2025-01-13 23:00:00,68.7858344543941
2025-01-14 00:00:00,
2025-01-14 01:00:00,
2025-01-14 02:00:00,
2025-01-14 03:00:00,
2025-01-14 04:00:00,
2025-01-14 05:00:00,68.2308951913673
2025-01-14 06:00:00,68.1744251703781
2025-01-14 07:00:00,69.6176351305824
2025-01-14 08:00:00,68.9307550064314
2025-01-14 09:00:00,68.3405854750992
2025-01-14 10:00:00,67.6146080368883
2025-01-14 11:00:00,68.1496337399963
2025-01-14 12:00:00,68.5871044282861
2025-01-14 13:00:00,68.3689991027696
2025-01-14 14:00:00,68.9779321965491
2025-01-14 15:00:00,69.1487540998242
2025-01-14 16:00:00,68.8293158818212
2025-01-14 17:00:00,69.0287280800546
2025-01-14 18:00:00,67.8929492564963
2025-01-15 07:00:00,67.7839873401904
2025-01-15 08:00:00,67.8344038378924
2025-01-15 09:00:00,68.3233743370739
2025-01-15 10:00:00,68.0452717285514
2025-01-15 11:00:00,68.6738302733089
2025-01-15 12:00:00,68.9743894558023
2025-01-15 13:00:00,68.0652671740789
2025-01-15 14:00:00,67.8375722066524
2025-01-15 15:00:00,68.7290210201534
2025-01-15 16:00:00,67.749648564857
2025-01-15 17:00:00,67.7637035922371
2025-01-15 18:00:00,68.3936599775842
2025-01-15 19:00:00,67.9152367711693
2025-01-15 20:00:00,67.9225855318868
2025-01-15 21:00:00,68.2081122388324
2025-01-15 22:00:00,68.3926640286094
2025-01-15 23:00:00,68.1495229017682
2025-01-16 00:00:00,68.352740001861
2025-01-16 01:00:00,68.2132828721132
2025-01-16 02:00:00,67.5527768862275
2025-01-16 03:00:00,68.4578959153948
2025-01-16 04:00:00,67.6395246137014
2025-01-16 05:00:00,67.7184353441712
2025-01-16 06:00:00,67.3220275061838
2025-01-16 07:00:00,68.1759999992005
2025-01-16 08:00:00,69.2736770605367
2025-01-16 09:00:00,68.1530096999312
2025-01-17 14:00:00,67.8055055088232
2025-01-17 15:00:00,67.8398780592473
2025-01-17 16:00:00,68.0883521001755
2025-01-17 17:00:00,67.6146517269484
2025-01-17 18:00:00,68.0140530531135
2025-01-17 19:00:00,68.0652005692084
2025-01-17 20:00:00,67.8275064632175
2025-01-17 21:00:00,67.6689620380079
2025-01-17 22:00:00,67.9957101140825
2025-01-17 23:00:00,67.0121488074024
2025-01-18 00:00:00,67.7157505128569
2025-01-18 01:00:00,67.7054143470312
2025-01-18 02:00:00,50.6108280361705
2025-01-18 03:00:00,66.5679333207843
2025-01-18 04:00:00,67.8723074291467
2025-01-18 05:00:00,67.8597388855719
2025-01-18 06:00:00,67.1053250954947
2025-01-18 07:00:00,66.9169024484549
2025-01-18 08:00:00,67.4760994284224
2025-01-18 09:00:00,67.7068894119099
2025-01-18 10:00:00,68.3061382348055
2025-01-18 11:00:00,67.7678967323472
2025-01-18 12:00:00,67.614403392696
2025-01-18 13:00:00,66.9284191456033
2025-01-18 14:00:00,67.2372310924348
2025-01-18 15:00:00,68.2281424124303
2025-01-18 16:00:00,66.9524702478648
2025-01-18 17:00:00,67.257066110964
2025-01-18 18:00:00,67.4054860184708
2025-01-18 19:00:00,67.0818119830626
2025-01-18 20:00:00,67.6039646890559
2025-01-19 09:00:00,67.1396568866201
2025-01-19 10:00:00,66.634162021599
2025-01-19 11:00:00,67.4510912949387
2025-01-19 12:00:00,66.6406882757216
2025-01-19 13:00:00,66.6929503442402
2025-01-19 14:00:00,66.6666259991844
2025-01-19 15:00:00,67.0922133637658
2025-01-19 16:00:00,68.0105096290218
2025-01-19 17:00:00,66.49658863066
2025-01-19 18:00:00,67.6266631921496
2025-01-19 19:00:00,66.8409388134836
2025-01-19 20:00:00,67.3500906481673
2025-01-19 21:00:00,66.1195012085912
2025-01-19 22:00:00,66.3045698749371
2025-01-19 23:00:00,66.0151929999071
2025-01-20 00:00:00,66.0108798287071
2025-01-20 01:00:00,66.104012026266
2025-01-20 02:00:00,66.4389541857238
2025-01-20 03:00:00,66.3958140203252
2025-01-20 04:00:00,64.962157291403
2025-01-20 05:00:00,67.1683459989777
2025-01-20 06:00:00,65.2901268271226
2025-01-20 07:00:00,66.5502338508131
2025-01-20 08:00:00,66.0006307465634
2025-01-20 09:00:00,67.1015003593956
2025-01-20 10:00:00,66.9453383185543
2025-01-20 11:00:00,66.5543687615467
2025-01-20 12:00:00,66.6554493545018
2025-01-20 13:00:00,66.2497099248563
2025-01-20 14:00:00,65.6712273750107
2025-01-20 15:00:00,63.3984256519397
2025-01-20 16:00:00,66.4641914168867
2025-01-20 17:00:00,66.4815648154053
2025-01-20 18:00:00,66.6428968165824
2025-01-20 19:00:00,66.4776080539635
2025-01-20 20:00:00,65.233468024777
2025-01-20 21:00:00,65.8835014797275
2025-01-20 22:00:00,66.7153833332212
2025-01-20 23:00:00,66.2265033610005
2025-01-21 00:00:00,64.7918304835229
2025-01-21 01:00:00,65.7393847373453
2025-01-21 02:00:00,66.0554769632665
2025-01-21 03:00:00,65.7653814379023
2025-01-21 04:00:00,66.5783595957942
2025-01-21 05:00:00,65.1953810595824
2025-01-21 06:00:00,65.0964811674783
2025-01-21 07:00:00,65.8364257500209
2025-01-21 08:00:00,64.7424894888832
2025-01-21 09:00:00,65.9853679769211
2025-01-21 10:00:00,65.1375573151023
2025-01-21 11:00:00,66.2478365808224
2025-01-21 12:00:00,
2025-01-21 13:00:00,
2025-01-21 14:00:00,65.6429779930075
2025-01-21 15:00:00,66.6573840548625
2025-01-21 16:00:00,66.3522500055689
2025-01-21 17:00:00,65.8348946461338
2025-01-21 18:00:00,66.1258313976301
2025-01-21 19:00:00,66.463038945653
2025-01-21 20:00:00,66.1273864605701
2025-01-21 21:00:00,65.4770941163421
2025-01-21 22:00:00,64.8277560927871
2025-01-21 23:00:00,65.8115439043443
2025-01-22 00:00:00,63.7437100719465
2025-01-22 01:00:00,65.1395209258285
2025-01-22 02:00:00,65.4532656862886
2025-01-22 03:00:00,65.7396424610857
2025-01-22 04:00:00,65.1902414434505
2025-01-22 05:00:00,64.2727112490477
2025-01-22 06:00:00,64.1240517673131
2025-01-22 07:00:00,66.0892337699796
2025-01-22 08:00:00,64.7733917862117
2025-01-22 09:00:00,65.1951314967367
2025-01-22 10:00:00,65.047246581046
2025-01-22 11:00:00,65.7346593993176
2025-01-22 12:00:00,64.6047966175482
2025-01-22 13:00:00,64.2079056979166
2025-01-22 14:00:00,64.4804492991331
2025-01-22 15:00:00,64.9122539938295
2025-01-22 16:00:00,64.6179012643568
2025-01-22 17:00:00,64.5884830446058
2025-01-22 18:00:00,66.1905028190383
2025-01-22 19:00:00,65.8200439782516
2025-01-22 20:00:00,65.2940907024535
2025-01-22 21:00:00,64.8644270083624
2025-01-22 22:00:00,65.3227675990376
2025-01-22 23:00:00,64.8826401203475
2025-01-23 11:00:00,65.3779660061189
2025-01-23 12:00:00,65.0163397702032
2025-01-23 13:00:00,64.5929978720632
2025-01-23 14:00:00,65.1780408056989
2025-01-23 15:00:00,64.9027472239654
2025-01-23 16:00:00,63.944284418499
2025-01-23 17:00:00,65.6319350307456
2025-01-23 18:00:00,64.6343268674139
2025-01-23 19:00:00,64.6740401232852
2025-01-23 20:00:00,64.6678202690863
2025-01-23 21:00:00,65.0399938774148
2025-01-23 22:00:00,63.9152792824869
2025-01-23 23:00:00,65.3154614809024
2025-01-24 00:00:00,64.6221095019454
2025-01-24 01:00:00,64.2981698559218
2025-01-24 02:00:00,65.1133422318604
2025-01-24 03:00:00,64.5406994525126
2025-01-24 04:00:00,65.1694410227098
2025-01-24 05:00:00,64.1398220709883
2025-01-24 06:00:00,64.7193527934145
2025-01-24 07:00:00,64.4021758182585
2025-01-24 08:00:00,63.7260482564463
2025-01-24 17:00:00,64.9529466870836
2025-01-24 18:00:00,65.0138064196186
2025-01-24 19:00:00,64.5614167639007
2025-01-24 20:00:00,64.4241051645986
2025-01-24 21:00:00,64.5919284411925
2025-01-24 22:00:00,64.7305914238805
2025-01-24 23:00:00,64.1474947393565
2025-01-25 00:00:00,63.7970722323573
2025-01-25 01:00:00,64.2930465045515
2025-01-25 02:00:00,63.6186015413561
2025-01-25 03:00:00,64.1779508342129
2025-01-25 04:00:00,64.6245582949701
2025-01-25 06:00:00,63.3212861569119
2025-01-25 07:00:00,63.7489778702622
2025-01-25 08:00:00,63.9425498834144
2025-01-25 09:00:00,63.5748399862271
2025-01-25 12:00:00,72.412375530921
2025-01-25 13:00:00,63.6768046938804
2025-01-25 14:00:00,63.6571472810915
2025-01-25 15:00:00,63.841681804475
2025-01-25 16:00:00,
2025-01-25 17:00:00,
2025-01-25 18:00:00,
2025-01-25 19:00:00,
2025-01-25 20:00:00,57.8308739068982
2025-01-25 21:00:00,63.437074689171
2025-01-25 22:00:00,64.3824614324987
2025-01-25 23:00:00,63.6747530802254
2025-01-26 00:00:00,62.9563320511589
2025-01-26 01:00:00,63.4119489798867
2025-01-26 02:00:00,63.3322183225086
2025-01-26 03:00:00,63.6716914769113
2025-01-26 04:00:00,63.5783608301589
2025-01-26 05:00:00,63.5869369305922
2025-01-26 06:00:00,63.4086749204212
2025-01-26 07:00:00,63.3806182091099
2025-01-26 08:00:00,62.8903313483703
2025-01-26 09:00:00,63.6331001495034
2025-01-26 10:00:00,63.4635606505467
2025-01-26 11:00:00,63.7137924012548
2025-01-26 12:00:00,63.5267959462857
2025-01-26 13:00:00,62.958446118636
2025-01-26 14:00:00,62.9704964176737
2025-01-26 15:00:00,63.7832010687724
2025-01-26 16:00:00,63.3831731702918
2025-01-26 17:00:00,63.3439928292278
2025-01-26 18:00:00,62.5111785900603
2025-01-26 19:00:00,63.432295094537
2025-01-26 20:00:00,64.5151696535074
2025-01-26 21:00:00,63.5589706093347
2025-01-26 22:00:00,63.0128852085707
2025-01-26 23:00:00,63.7513412425342
2025-01-27 00:00:00,63.2915686526635
2025-01-27 01:00:00,63.5062221780159
2025-01-27 02:00:00,62.9611521877088
2025-01-27 03:00:00,62.5034028332206
2025-01-27 04:00:00,62.7435618889566
2025-01-27 05:00:00,62.322284558065
2025-01-27 06:00:00,61.8466564599061
2025-01-27 07:00:00,63.8375930992468
2025-01-27 08:00:00,62.3083914063001
2025-01-27 09:00:00,62.9129042721237
2025-01-27 10:00:00,63.1045758710522
2025-01-27 11:00:00,62.1611779658518
2025-01-28 00:00:00,62.0855688866407
2025-01-28 01:00:00,61.8072997941466
2025-01-28 02:00:00,61.6737877424865
2025-01-28 03:00:00,61.9596871619194
2025-01-28 04:00:00,61.668227363991
2025-01-28 05:00:00,61.8615194413612
2025-01-28 06:00:00,62.3441344904098
2025-01-28 07:00:00,62.6449892733865
2025-01-28 08:00:00,61.407861202762
2025-01-28 09:00:00,61.2180881662832
2025-01-28 12:00:00,61.8246398207149
2025-01-28 13:00:00,62.4039501596549
2025-01-28 14:00:00,61.3827698188718
2025-01-28 15:00:00,62.3522572868193
2025-01-28 16:00:00,62.2059334710108
2025-01-28 17:00:00,60.892917480075
2025-01-28 18:00:00,61.8039703860745
2025-01-28 19:00:00,62.0102143403491
2025-01-28 20:00:00,61.5390797025162
2025-01-28 21:00:00,62.4736552340469
2025-01-28 22:00:00,61.9455617060465
2025-01-28 23:00:00,62.3447526335592
2025-01-29 00:00:00,60.9762763061645
2025-01-29 01:00:00,60.4067441620722
2025-01-29 02:00:00,61.8720182123453
2025-01-29 03:00:00,62.1825157264093
2025-01-29 04:00:00,61.0323182041672
2025-01-29 05:00:00,61.4444150112629
2025-01-29 07:00:00,61.3179266479028
2025-01-29 08:00:00,61.3381331920108
2025-01-29 09:00:00,61.1481325706797
2025-01-29 10:00:00,61.363162727139
2025-01-29 11:00:00,61.3831027389976
2025-01-29 12:00:00,61.7430360370156
2025-01-29 13:00:00,61.8522911745226
2025-01-29 14:00:00,61.9763966654534
2025-01-29 15:00:00,61.3119866689635
2025-01-29 16:00:00,60.9710504556589
2025-01-29 17:00:00,60.8244809662672
2025-01-29 18:00:00,61.1514189638984
2025-01-29 19:00:00,62.0004477843719
2025-01-29 20:00:00,61.8111079389415
2025-01-29 21:00:00,60.9981625584482
2025-01-29 22:00:00,60.9475983682536
2025-01-29 23:00:00,61.6709175145891
2025-01-30 00:00:00,61.1107150294301
2025-01-30 01:00:00,60.3421718657822
2025-01-30 02:00:00,61.0448095295596
2025-01-30 03:00:00,60.9382940507671
2025-01-30 04:00:00,60.991015318179
2025-01-30 05:00:00,60.9352682983793
2025-01-30 06:00:00,61.4617128348997
2025-01-30 07:00:00,60.9278040911124
2025-01-30 08:00:00,60.932589525898
2025-01-30 09:00:00,61.5283933947359
2025-01-30 10:00:00,60.8609447684346
2025-01-30 11:00:00,60.4927759626437
2025-01-30 12:00:00,60.2300470823597
2025-01-30 13:00:00,61.159957958369
2025-01-30 14:00:00,61.3234541886698
2025-02-03 10:00:00,75.1253242432868
2025-02-03 11:00:00,60.9396513132045
2025-02-03 12:00:00,
2025-02-03 13:00:00,
2025-02-03 14:00:00,
2025-02-03 15:00:00,
2025-02-03 16:00:00,
2025-02-03 17:00:00,
2025-02-03 18:00:00,56.8047094865081
2025-02-03 19:00:00,61.3894342637722
2025-02-03 20:00:00,61.0493595104136
2025-02-03 22:00:00,60.7427232736385
2025-02-04 00:00:00,60.2767868271089
2025-02-04 01:00:00,60.2997864961903
2025-02-04 02:00:00,60.1251089059689
2025-02-04 03:00:00,60.3108397301401
2025-02-04 04:00:00,60.3567017915874
2025-02-04 05:00:00,60.2528397374297
2025-02-04 06:00:00,60.5847499011987
2025-02-04 07:00:00,60.5859856601125
2025-02-04 08:00:00,60.3401428973256
2025-02-04 09:00:00,59.9156774991437
2025-02-04 10:00:00,60.1759324405454
2025-02-04 11:00:00,60.665600620632
2025-02-04 12:00:00,60.2005606912882
2025-02-04 13:00:00,59.9143764277332
2025-02-04 14:00:00,60.3120078101106
2025-02-04 15:00:00,60.0060570740745
2025-02-04 16:00:00,60.1888438297985
2025-02-04 17:00:00,60.4607127958105
2025-02-04 18:00:00,60.559603865933
2025-02-04 19:00:00,67.4313439388304
2025-02-04 20:00:00,60.2775439329216
2025-02-04 21:00:00,59.9192258473007
2025-02-04 22:00:00,60.7010641123267
2025-02-04 23:00:00,60.026168794654
2025-02-05 00:00:00,59.6064720459468
2025-02-05 01:00:00,59.7688939665247
2025-02-05 02:00:00,59.7089639914934
2025-02-05 03:00:00,59.780546288014
2025-02-05 04:00:00,59.67926517411
2025-02-05 05:00:00,59.6314437240834
2025-02-05 06:00:00,59.5627527005079
2025-02-05 07:00:00,59.4622219705883
2025-02-05 08:00:00,59.8109774933698
2025-02-05 09:00:00,59.8569848970955
2025-02-05 10:00:00,59.424393655068
2025-02-05 11:00:00,59.9164193914226
2025-02-05 12:00:00,59.390900113905
2025-02-05 13:00:00,59.2799665181959
2025-02-05 14:00:00,59.9237867672293
2025-02-05 15:00:00,59.59232512912
2025-02-05 16:00:00,59.1122477620043
2025-02-05 17:00:00,59.5787318991547
2025-02-05 18:00:00,59.6264216430068
2025-02-05 19:00:00,59.2845846625342
2025-02-05 20:00:00,59.2559441099902
2025-02-05 21:00:00,59.4185403322777
2025-02-05 22:00:00,59.7114157462355
2025-02-05 23:00:00,59.8892183564019
2025-02-06 01:00:00,58.763615807142
2025-02-06 02:00:00,58.8497158635466
2025-02-06 03:00:00,58.6305242450798
2025-02-06 05:00:00,58.5867213405142
2025-02-06 06:00:00,59.0107624678463
2025-02-06 07:00:00,58.6239236442519
2025-02-06 11:00:00,58.8422225634814
2025-02-06 12:00:00,58.5406221891712
2025-02-06 13:00:00,58.7664690832436
2025-02-06 14:00:00,58.421553059113
2025-02-06 15:00:00,58.6254898327186
2025-02-06 16:00:00,58.6637206654021
2025-02-06 17:00:00,58.9139384233308
2025-02-06 18:00:00,58.8136984305299
2025-02-06 19:00:00,59.1113954222692
2025-02-06 20:00:00,58.7534738457533
2025-02-06 21:00:00,58.8024564362514
2025-02-06 22:00:00,58.7073780215479
2025-02-06 23:00:00,58.4472784635895
2025-02-07 00:00:00,58.3946765072046
2025-02-07 01:00:00,58.5889834185907
2025-02-07 02:00:00,58.3614905578789
2025-02-07 03:00:00,58.1700908560826
2025-02-07 04:00:00,58.5897465157131
2025-02-07 05:00:00,58.7191338776081
2025-02-07 06:00:00,58.2250404340731
2025-02-07 07:00:00,58.7024256140501
2025-02-07 09:00:00,58.7743005266648
2025-02-07 10:00:00,58.7868261434108
2025-02-07 11:00:00,58.0510770964994
2025-02-07 12:00:00,58.3717352787976
2025-02-07 13:00:00,58.6037650598582
2025-02-07 14:00:00,58.4813626481842
2025-02-07 15:00:00,58.3979753443088
2025-02-07 16:00:00,58.3705927542661
2025-02-07 17:00:00,58.7164155276129
2025-02-07 18:00:00,58.4139798069466
2025-02-07 19:00:00,58.7638912528002
2025-02-07 20:00:00,58.8264286370185
2025-02-07 21:00:00,58.8525466699874
2025-02-07 22:00:00,58.8318929150992
2025-02-07 23:00:00,58.1313479050615
2025-02-08 00:00:00,58.096941392267
2025-02-08 01:00:00,58.1984509576304
2025-02-08 02:00:00,57.8194411466638
2025-02-08 04:00:00,57.9024338412805
2025-02-08 05:00:00,57.6839873366685
2025-02-08 06:00:00,55.8057984549852
2025-02-08 07:00:00,58.0977844689814
2025-02-08 08:00:00,57.9550717159031
2025-02-08 09:00:00,57.7343441438186
2025-02-08 10:00:00,58.1346187281359
2025-02-08 12:00:00,58.2895892778722
2025-02-08 13:00:00,58.1933059189461
2025-02-08 14:00:00,58.0372003005052
2025-02-08 15:00:00,58.3371984589581
2025-02-08 16:00:00,57.8566580778781
2025-02-08 17:00:00,58.3470485685022
2025-02-08 18:00:00,57.9845075822665
2025-02-08 19:00:00,58.292083928934
2025-02-08 20:00:00,57.9938494077552
2025-02-08 21:00:00,58.315636409128
2025-02-08 22:00:00,58.0171837954871
2025-02-08 23:00:00,58.3586498294621
2025-02-09 00:00:00,57.0890818989385
2025-02-09 01:00:00,57.4337963638387
2025-02-09 02:00:00,57.555963879305
2025-02-09 03:00:00,
2025-02-09 04:00:00,
2025-02-09 05:00:00,
2025-02-09 06:00:00,57.4305452234487
2025-02-09 07:00:00,57.4882255072059
2025-02-09 08:00:00,57.5419041019198
2025-02-09 09:00:00,57.3318372565287
2025-02-09 10:00:00,57.4857207253394
2025-02-09 11:00:00,57.6353214486949
2025-02-09 12:00:00,57.9281097324914
2025-02-09 13:00:00,57.7331627995841
2025-02-09 14:00:00,57.7544709456623
2025-02-09 15:00:00,57.3431488328826
2025-02-09 16:00:00,57.2711889057217
2025-02-09 17:00:00,57.7156118126169
2025-02-09 18:00:00,57.6661573086648
2025-02-09 19:00:00,57.4285908812683
2025-02-09 20:00:00,57.2875448379019
2025-02-09 21:00:00,57.5958137359814
2025-02-09 22:00:00,57.2758991957384
2025-02-09 23:00:00,57.2918469647135
2025-02-10 00:00:00,56.6756375419918
2025-02-10 01:00:00,56.571558824884
2025-02-10 02:00:00,56.6362754258288
2025-02-10 03:00:00,56.8325907861992
2025-02-10 04:00:00,56.8780832474138
2025-02-10 05:00:00,56.7298560044382
2025-02-10 06:00:00,56.7568087658748
2025-02-10 07:00:00,56.4742919243191
2025-02-10 08:00:00,56.8664468969431
2025-02-10 09:00:00,56.8856676164722
2025-02-10 10:00:00,56.7332656087004
2025-02-10 11:00:00,56.4680807750512
2025-02-10 12:00:00,56.4803014389377
2025-02-10 13:00:00,57.1999461238925
2025-02-10 14:00:00,56.8625195538884
2025-02-11 18:00:00,56.3909328449648
2025-02-11 20:00:00,56.0125640665865
2025-02-11 21:00:00,56.011596759546
2025-02-11 22:00:00,47.2220873319258
2025-02-12 00:00:00,56.1450713457725
2025-02-12 01:00:00,55.973745234567
2025-02-12 02:00:00,55.7093772421136
2025-02-12 03:00:00,56.0131227559628
2025-02-12 04:00:00,55.8654356812433
2025-02-12 05:00:00,55.7724931312693
2025-02-12 06:00:00,55.9467996015722
2025-02-12 07:00:00,55.9531157387221
2025-02-12 08:00:00,55.9675731669068
2025-02-12 09:00:00,55.8876254680511
2025-02-12 10:00:00,56.2480621892393
2025-02-12 11:00:00,56.1306267697896
2025-02-12 12:00:00,56.0406621566491
2025-02-12 13:00:00,56.0683178088534
2025-02-12 14:00:00,56.0637108013113
2025-02-12 15:00:00,56.049135892723
2025-02-12 16:00:00,55.5188679617342
2025-02-12 17:00:00,56.0096580976866
2025-02-12 18:00:00,56.1462644788757
2025-02-12 19:00:00,55.9217258573061
2025-02-12 20:00:00,56.3485311462493
2025-02-12 21:00:00,56.0940965177875
2025-02-12 22:00:00,55.8095397234992
2025-02-12 23:00:00,55.9774023890864
2025-02-13 00:00:00,55.6353258661099
2025-02-13 01:00:00,55.6115026802182
2025-02-13 02:00:00,55.7537354802555
2025-02-13 03:00:00,55.7231332572406
2025-02-13 04:00:00,55.179436874645
2025-02-13 05:00:00,55.5326302486172
2025-02-13 06:00:00,55.5455882669889
2025-02-13 07:00:00,55.3507099328138
2025-02-13 08:00:00,55.6124165165289
2025-02-13 09:00:00,55.1973219689318
2025-02-13 10:00:00,55.4082198392136
2025-02-13 11:00:00,55.6202479270244
2025-02-13 12:00:00,55.1470166046903
2025-02-13 13:00:00,55.6548682913419
2025-02-13 14:00:00,55.747510786256
2025-02-13 15:00:00,55.4529010965131
2025-02-13 16:00:00,56.0199924150126
2025-02-13 17:00:00,55.432733683344
2025-02-13 18:00:00,55.8339331116132
2025-02-13 19:00:00,55.4536722163632
2025-02-13 20:00:00,55.5736603914809
2025-02-13 21:00:00,55.4334222262138
2025-02-13 22:00:00,55.3677503831394
2025-02-13 23:00:00,55.5362398324949
2025-02-14 00:00:00,55.2545447355266
2025-02-14 01:00:00,55.1612244200567
2025-02-14 02:00:00,55.0698410573381
2025-02-14 03:00:00,54.8234616710443
2025-02-14 04:00:00,55.137590244026
2025-02-14 05:00:00,55.0933587938694
2025-02-14 11:00:00,54.6877997412653
2025-02-14 12:00:00,54.8088957183028
2025-02-14 13:00:00,55.054214921924
2025-02-14 14:00:00,54.5573813357634
2025-02-14 15:00:00,55.0025295325475
2025-02-14 16:00:00,54.6958081089816
2025-02-14 17:00:00,55.2656479632924
2025-02-14 18:00:00,54.7788365836793
2025-02-14 19:00:00,54.8531526475254
2025-02-14 20:00:00,54.9984355758239
2025-02-14 21:00:00,55.1725910431974
2025-02-14 22:00:00,55.0218696823033
2025-02-14 23:00:00,54.801589762005
2025-02-15 00:00:00,55.0772442421537
2025-02-15 01:00:00,54.9844418614967
2025-02-15 02:00:00,54.8840853180737
2025-02-15 03:00:00,54.9203360717502
2025-02-15 04:00:00,54.9863700499808
2025-02-15 05:00:00,55.0672093801303
2025-02-15 06:00:00,54.6774726290128
2025-02-15 12:00:00,55.0444713115161
2025-02-15 13:00:00,55.1749415376311
2025-02-15 14:00:00,54.9109448814094
2025-02-15 15:00:00,54.6887692343535
2025-02-15 16:00:00,54.8537040685812
2025-02-15 17:00:00,54.8740422623788
2025-02-15 18:00:00,54.9337920023682
2025-02-15 19:00:00,54.8369157660853
2025-02-15 20:00:00,55.0227853692492
2025-02-15 21:00:00,55.0093711330219
2025-02-15 22:00:00,54.6028473815209
2025-02-15 23:00:00,54.612933510406
2025-02-16 00:00:00,54.1159015734413
2025-02-16 01:00:00,54.0375509366473
2025-02-16 02:00:00,54.3549438326304
2025-02-16 03:00:00,54.4971111149228
2025-02-16 04:00:00,54.3693420382379
2025-02-16 05:00:00,54.041767904064
2025-02-16 06:00:00,54.2033531403349
2025-02-16 07:00:00,54.4206604359107
2025-02-16 08:00:00,54.1509076353745
2025-02-16 09:00:00,54.2749499714468
2025-02-16 10:00:00,54.3320373787605
2025-02-16 11:00:00,54.3798245860671
2025-02-16 12:00:00,54.2296087201722
2025-02-16 13:00:00,54.2379539500651
2025-02-16 14:00:00,54.1139101971203
2025-02-16 15:00:00,54.3303981782139
2025-02-16 16:00:00,54.3543127123315
2025-02-16 17:00:00,54.2341163448348
2025-02-16 18:00:00,54.1623909860405
2025-02-16 19:00:00,54.4764524023934
2025-02-16 20:00:00,54.1614485387339
2025-02-16 21:00:00,54.3301828109605
2025-02-16 22:00:00,54.1208830835529
2025-02-16 23:00:00,54.6173524830951
2025-02-17 12:00:00,53.692847838133
2025-02-19 16:00:00,52.6077336922981
2025-02-19 17:00:00,52.8570663125736
2025-02-19 19:00:00,52.3813114836235
2025-02-19 21:00:00,52.736176064614
2025-02-19 22:00:00,52.8889620857347
2025-02-19 23:00:00,52.6152343202964
2025-02-20 00:00:00,
2025-02-20 02:00:00,
2025-02-20 12:00:00,
2025-02-20 13:00:00,
2025-02-20 14:00:00,
2025-02-20 15:00:00,
2025-02-20 16:00:00,
2025-02-20 17:00:00,
2025-02-20 18:00:00,
2025-02-20 19:00:00,
2025-02-20 20:00:00,
2025-02-20 21:00:00,
2025-02-20 22:00:00,
2025-02-20 23:00:00,
2025-02-21 00:00:00,74.8930656510454
2025-02-21 01:00:00,75.0261263555934
2025-02-21 02:00:00,74.7480485327213
2025-02-21 03:00:00,74.7569306929252
2025-02-21 06:00:00,74.9083805623649
2025-02-21 09:00:00,74.8634865434261
2025-02-21 10:00:00,74.9242256989594
2025-02-21 11:00:00,74.6669864608137
2025-02-21 12:00:00,74.9939593052926
2025-02-21 13:00:00,74.8224392564347
2025-02-21 14:00:00,74.7821039547537
2025-02-21 15:00:00,74.9266631772199
2025-02-21 16:00:00,74.7094717333016
2025-02-21 17:00:00,75.0084951729911
2025-02-21 18:00:00,74.8330167214418
2025-02-22 06:00:00,74.1422769231809
2025-02-22 07:00:00,91.1043967789263
2025-02-22 08:00:00,74.0512582650793
2025-02-22 09:00:00,74.1599278668789
2025-02-22 10:00:00,74.1517557690262
2025-02-22 11:00:00,74.1576695657307
2025-02-22 12:00:00,74.1621666912629
2025-02-22 13:00:00,74.1368133012104
2025-02-22 14:00:00,74.1219010640973
2025-02-22 15:00:00,74.1414197288688
2025-02-22 16:00:00,74.3061851166794
2025-02-22 17:00:00,74.427357114117
2025-02-22 18:00:00,59.2954250425703
2025-02-22 19:00:00,74.2629753630886
2025-02-22 20:00:00,74.1970206704337
2025-02-22 21:00:00,74.325617519446
2025-02-22 22:00:00,74.332432340932
2025-02-22 23:00:00,74.4892214019809
2025-02-23 00:00:00,73.702886184592
2025-02-23 01:00:00,73.6779241699008
2025-02-23 02:00:00,73.3983612389248
2025-02-23 03:00:00,73.7122048204325
2025-02-23 04:00:00,73.465329847368
2025-02-23 05:00:00,73.5509458267179
2025-02-23 06:00:00,73.7119718487064
2025-02-23 07:00:00,73.6562094339982
2025-02-23 08:00:00,73.7293960480563
2025-02-23 09:00:00,73.5808094317988
2025-02-23 10:00:00,73.6844621567124
2025-02-23 11:00:00,73.5460058287193
2025-02-23 12:00:00,73.6155169499451
2025-02-23 13:00:00,73.7649807738839
2025-02-23 14:00:00,73.6234957325272
2025-02-24 13:00:00,72.4683061706515
2025-02-24 14:00:00,73.0318069427891
2025-02-24 15:00:00,72.492824385106
2025-02-24 16:00:00,72.9615693167348
2025-02-24 17:00:00,72.734896341623
2025-02-24 18:00:00,72.7950514259908
2025-02-24 19:00:00,72.3902948178753
2025-02-24 20:00:00,73.1987836208269
2025-02-24 21:00:00,72.7396648543602
2025-02-24 22:00:00,72.8399867664642
2025-02-24 23:00:00,72.7267738082706
2025-02-25 00:00:00,72.4577430258287
2025-02-25 01:00:00,72.4840960416087
2025-02-25 02:00:00,72.3103484289633
2025-02-25 03:00:00,72.2691679240592
2025-02-25 04:00:00,72.4842648162544
2025-02-25 05:00:00,72.0591035993881
2025-02-25 06:00:00,72.2293798255094
2025-02-25 07:00:00,72.3376836305108
2025-02-25 08:00:00,72.421170043733
2025-02-25 09:00:00,72.2348366031648
2025-02-25 10:00:00,72.2986493949096
2025-02-25 11:00:00,72.143951389195
2025-02-25 12:00:00,72.3592628457314
2025-02-25 13:00:00,72.5481677127955
2025-02-25 14:00:00,72.6270119553401
2025-02-25 15:00:00,71.8988199655146
2025-02-25 16:00:00,72.519780284428
2025-02-25 17:00:00,72.3743723628403
2025-02-25 18:00:00,72.2429163563459
2025-02-25 19:00:00,72.1575046476011
2025-02-25 20:00:00,71.9801470286544
2025-02-25 21:00:00,72.0384428098761
2025-02-25 22:00:00,72.4230483571616
2025-02-25 23:00:00,72.5043852261549
2025-02-26 00:00:00,72.1896161482529
2025-02-26 01:00:00,71.9179136059087
2025-02-26 02:00:00,72.3597542921797
2025-02-26 03:00:00,71.8784058133886
2025-02-26 05:00:00,72.3312132020455
2025-02-26 06:00:00,72.041152360538
2025-02-26 07:00:00,72.1034344342862
2025-02-26 08:00:00,71.9939045211262
2025-02-26 09:00:00,72.2530698071845
2025-02-26 10:00:00,72.0640334016926
2025-02-26 11:00:00,71.8355739812428
2025-02-26 12:00:00,72.3690654959874
2025-02-26 13:00:00,
2025-02-26 14:00:00,
2025-02-26 15:00:00,
2025-02-26 16:00:00,72.0804598877081
2025-02-26 17:00:00,72.2517912185085
2025-02-26 18:00:00,72.4351796545444
2025-02-26 19:00:00,71.7976030426685
2025-02-26 20:00:00,72.0194841057455
2025-02-26 21:00:00,72.3763214850803
2025-02-26 22:00:00,71.9674017523653
2025-02-26 23:00:00,72.0663576852072
2025-02-27 00:00:00,71.2283120605935
2025-02-27 01:00:00,70.8470395303889
2025-02-27 02:00:00,71.2793215991225
2025-02-27 03:00:00,71.1578296999297
2025-02-27 04:00:00,71.5244877373081
2025-02-27 05:00:00,71.5054594806633
2025-02-27 09:00:00,70.9001499372557
2025-02-27 10:00:00,71.2922666209274
2025-02-27 11:00:00,70.8531976645732
2025-02-27 12:00:00,71.0988417395648
2025-02-27 13:00:00,71.4283394400862
2025-02-27 14:00:00,70.9465487135226
2025-02-27 15:00:00,71.045085290844
2025-02-27 16:00:00,71.0501301602299
2025-02-27 17:00:00,71.1072995069512
2025-02-27 18:00:00,71.3831129069609
2025-02-27 19:00:00,71.366883151636
2025-02-27 20:00:00,71.2337113043426
2025-02-27 21:00:00,71.1876447961636
2025-02-27 22:00:00,71.2656808337695
2025-02-27 23:00:00,71.160226140985
2025-02-28 00:00:00,71.2356766224857
2025-02-28 01:00:00,71.2389060955356
2025-02-28 03:00:00,71.2122646215241
2025-02-28 04:00:00,71.1040596381278
2025-02-28 05:00:00,71.147203872094
2025-02-28 10:00:00,71.0232602798891
2025-02-28 11:00:00,71.2440818268418
2025-02-28 12:00:00,71.1300811460695
2025-02-28 13:00:00,70.7999104677528
2025-02-28 14:00:00,71.1999664869518
2025-02-28 15:00:00,70.8569491131075
2025-02-28 16:00:00,70.8726446372248
2025-02-28 17:00:00,71.2338051511678
2025-02-28 18:00:00,71.3362980973464
2025-02-28 19:00:00,70.8809295649837
2025-02-28 20:00:00,71.1793364716034
2025-02-28 21:00:00,71.3693270142537
2025-02-28 22:00:00,71.2960564146574
2025-02-28 23:00:00,71.3290330252221
2025-03-01 00:00:00,69.8833569782386
2025-03-01 01:00:00,70.2974384631048
2025-03-01 02:00:00,70.0823646766771
2025-03-01 03:00:00,70.6883074199025
2025-03-01 04:00:00,70.4457962038485
2025-03-01 05:00:00,70.7284558183954
2025-03-01 06:00:00,71.4063354596247
2025-03-01 07:00:00,70.263108955607
2025-03-01 08:00:00,70.4995862405007
2025-03-01 09:00:00,71.6366531293211
2025-03-01 11:00:00,68.5219037721871
2025-03-01 12:00:00,70.917611285925
2025-03-01 13:00:00,70.6461343244558
2025-03-01 14:00:00,68.9612535037973
2025-03-01 15:00:00,72.0949886786765
2025-03-01 16:00:00,71.6801505851424
2025-03-01 17:00:00,71.3749953402843
2025-03-01 18:00:00,71.3736800729215
2025-03-01 19:00:00,71.0624895823259
2025-03-01 20:00:00,71.0567074701892
2025-03-01 21:00:00,70.5944567383603
2025-03-01 22:00:00,70.8362545707575
2025-03-01 23:00:00,71.1978873637969
2025-03-02 00:00:00,71.9852340660384
2025-03-02 01:00:00,70.8532764797569
2025-03-02 02:00:00,71.0271718689588
2025-03-02 03:00:00,71.9991842967247
2025-03-02 04:00:00,69.7647444955413
2025-03-02 06:00:00,70.6993251191452
2025-03-02 07:00:00,70.5996254025849
2025-03-02 08:00:00,71.8490686290312
2025-03-02 09:00:00,71.8112605518597
2025-03-02 10:00:00,69.9577009533172
2025-03-02 11:00:00,70.4025384706108
2025-03-02 12:00:00,71.908384481332
2025-03-02 13:00:00,71.9179476845059
2025-03-02 14:00:00,71.4751537234677
2025-03-02 15:00:00,72.4639010938458
2025-03-02 16:00:00,70.8010734242887
2025-03-02 17:00:00,69.1144559670646
2025-03-02 18:00:00,70.8266863056204
2025-03-02 19:00:00,72.0972071430498
2025-03-02 20:00:00,70.8963572626898
2025-03-02 21:00:00,71.0658623629501
2025-03-02 22:00:00,71.3605925766515
2025-03-02 23:00:00,70.2794216908
2025-03-03 00:00:00,69.9668493396009
2025-03-03 01:00:00,69.7572670991274
2025-03-03 02:00:00,68.0265331729221
2025-03-03 03:00:00,69.5577365950527
2025-03-03 04:00:00,71.214560329708
2025-03-03 05:00:00,70.2925950102141
2025-03-03 06:00:00,70.9403265436805
2025-03-03 07:00:00,70.4432189779486
2025-03-03 08:00:00,68.941827319891
2025-03-03 09:00:00,70.745224748806
2025-03-03 10:00:00,70.4405789370409
2025-03-03 12:00:00,70.7003204437002
2025-03-03 13:00:00,69.7805502982059
2025-03-03 14:00:00,70.2252495649177
2025-03-03 15:00:00,69.9941852878185
2025-03-03 16:00:00,69.2990244745193
2025-03-03 17:00:00,69.5442206090123
2025-03-03 18:00:00,70.405398860203
2025-03-03 19:00:00,70.7946739802516
2025-03-03 20:00:00,68.9085885055024
2025-03-03 21:00:00,69.8283777082691
2025-03-03 22:00:00,68.5449697004545
2025-03-03 23:00:00,69.3460660857161
2025-03-04 00:00:00,68.926449745444
2025-03-04 01:00:00,69.9695695857364
2025-03-04 02:00:00,68.6417983153486
2025-03-04 03:00:00,69.6927166835414
2025-03-04 04:00:00,69.4119503516918
2025-03-04 05:00:00,69.4656199703439
2025-03-04 06:00:00,70.8151699446702
2025-03-04 07:00:00,69.4541377866199
2025-03-04 08:00:00,71.1148897301093
2025-03-04 09:00:00,70.1880892080698
2025-03-04 10:00:00,69.6681215444421
2025-03-04 11:00:00,70.5513661106053
2025-03-04 12:00:00,71.2145756857144
2025-03-04 13:00:00,69.4725543022127
2025-03-04 14:00:00,69.7315914548571
2025-03-04 15:00:00,69.8442673519847
2025-03-04 16:00:00,70.3140469541457
2025-03-04 17:00:00,69.4866206560075
2025-03-04 18:00:00,71.2370672985992
2025-03-04 19:00:00,69.5235609895237
2025-03-04 20:00:00,70.4905175803892
2025-03-04 21:00:00,70.6050272595569
2025-03-04 22:00:00,72.0299412129978
2025-03-04 23:00:00,69.2700983528607
2025-03-05 00:00:00,67.5527908267017
2025-03-05 01:00:00,69.8473984864515
2025-03-05 02:00:00,70.963443167282
2025-03-05 03:00:00,69.8612371613884
2025-03-05 04:00:00,69.9353821443185
2025-03-05 05:00:00,68.8901704361284
2025-03-05 06:00:00,59.0186231849623
2025-03-05 07:00:00,71.0659792185923
2025-03-05 08:00:00,69.7969601038347
2025-03-05 09:00:00,69.1127899986922
2025-03-05 11:00:00,69.0137958435327
2025-03-05 12:00:00,70.5753380722086
2025-03-05 13:00:00,68.8204742186586
2025-03-05 14:00:00,69.3591117039484
2025-03-05 15:00:00,68.4851365448611
2025-03-05 16:00:00,67.3440135037119
2025-03-05 17:00:00,69.9340815515422
2025-03-05 18:00:00,69.4057877780084
2025-03-05 19:00:00,69.2776048490305
2025-03-05 20:00:00,69.1882841751541
2025-03-05 21:00:00,69.9778426012362
2025-03-05 22:00:00,69.4329392540765
2025-03-05 23:00:00,68.0152296110558
2025-03-06 00:00:00,68.2835481540424
2025-03-06 01:00:00,69.7374004049735
2025-03-06 03:00:00,69.0266783620666
2025-03-06 15:00:00,68.0726844644173
2025-03-06 16:00:00,71.2893639471232
2025-03-06 17:00:00,69.9261615178796
2025-03-06 18:00:00,69.1993375977647
2025-03-06 19:00:00,69.7287548507326
2025-03-06 20:00:00,69.5833601539239
2025-03-06 21:00:00,69.4403869600893
2025-03-06 22:00:00,70.5248382703412
2025-03-06 23:00:00,70.9207013033293
2025-03-07 00:00:00,69.1059768813349
2025-03-07 01:00:00,68.6951835180395
2025-03-07 02:00:00,68.0649855864087
2025-03-07 03:00:00,68.0708515262434
2025-03-07 04:00:00,69.6135424177316
2025-03-07 05:00:00,68.0206643094371
2025-03-07 06:00:00,68.3845973305967
2025-03-07 07:00:00,69.7795680535607
2025-03-07 09:00:00,67.8782434853753
2025-03-07 10:00:00,67.6058472367222
2025-03-07 11:00:00,68.1584961026677
2025-03-07 13:00:00,70.1601823112516
2025-03-07 21:00:00,68.2814489742533
2025-03-07 22:00:00,67.9738603656319
2025-03-07 23:00:00,68.8255993622778
2025-03-08 00:00:00,68.4555013648382
2025-03-08 01:00:00,67.8928095034916
2025-03-08 02:00:00,68.5307490363448
2025-03-08 03:00:00,68.6993455212609
2025-03-08 04:00:00,68.3949723661378
2025-03-08 05:00:00,68.9241264608009
2025-03-08 19:00:00,66.4590520791466
2025-03-08 20:00:00,69.3287965185862
2025-03-08 21:00:00,78.4372943587119
2025-03-08 22:00:00,70.0694656837471
2025-03-08 23:00:00,68.6136911047902
2025-03-09 00:00:00,68.5883442484662
2025-03-09 01:00:00,69.0906247016173
2025-03-09 02:00:00,67.2033605025523
2025-03-09 03:00:00,69.0345920234163
2025-03-09 04:00:00,67.2477731778924
2025-03-09 05:00:00,68.0299780942699
2025-03-09 06:00:00,68.4168189222879
2025-03-09 09:00:00,67.939614508017
2025-03-09 10:00:00,67.7930237266274
2025-03-09 11:00:00,68.0200282992662
2025-03-09 12:00:00,78.6903883982821
2025-03-09 13:00:00,68.3813868617535
2025-03-09 14:00:00,67.8857476521967
2025-03-09 15:00:00,68.210624923744
2025-03-09 16:00:00,69.3847141785437
2025-03-09 17:00:00,66.9309676835195
2025-03-09 18:00:00,68.0123752342367
2025-03-09 19:00:00,69.0957081600836
2025-03-09 20:00:00,67.9351021085281
2025-03-09 21:00:00,68.9230890135494
2025-03-09 22:00:00,67.8117471176477
2025-03-09 23:00:00,67.6213406291098
2025-03-10 00:00:00,69.7764493243407
2025-03-10 01:00:00,68.8247735747574
2025-03-10 02:00:00,68.1491660207154
2025-03-10 03:00:00,68.4600892750442
2025-03-10 04:00:00,68.3846477136812
2025-03-10 06:00:00,67.511610050331
2025-03-10 07:00:00,68.9683392381418
2025-03-10 08:00:00,69.5370275361023
2025-03-10 09:00:00,69.0178364524915
2025-03-10 10:00:00,67.5529563354418
2025-03-10 11:00:00,69.6403318438833
2025-03-10 12:00:00,67.4254974300533
2025-03-10 13:00:00,67.8240118856048
2025-03-10 14:00:00,69.0654233580549
2025-03-10 15:00:00,68.5342418476367
2025-03-10 16:00:00,67.5187272781206
2025-03-10 17:00:00,66.7989150747996
2025-03-10 18:00:00,68.1736876225402
2025-03-10 19:00:00,72.1575924450599
2025-03-10 20:00:00,67.1194170922473
2025-03-10 21:00:00,68.8550614604819
2025-03-10 22:00:00,67.6949938485804
2025-03-10 23:00:00,68.2310858994036
2025-03-11 00:00:00,66.6777609020755
2025-03-11 01:00:00,68.027802896166
2025-03-11 02:00:00,67.04042663785
2025-03-11 03:00:00,68.0234003402035
2025-03-11 04:00:00,68.5323875659986
2025-03-11 06:00:00,67.7032466720202
2025-03-11 08:00:00,68.4193553008059
2025-03-11 10:00:00,67.4944550927971
2025-03-11 11:00:00,68.6615550437353
2025-03-11 12:00:00,68.1162176505852
2025-03-11 13:00:00,67.644204690449
2025-03-11 14:00:00,68.2157159043339
2025-03-11 15:00:00,68.1501985851166
2025-03-11 16:00:00,68.1630544513696
2025-03-11 17:00:00,67.9921686459767
2025-03-11 18:00:00,67.0569934976867
2025-03-11 19:00:00,67.379370361779
2025-03-11 21:00:00,67.0634595619517
2025-03-11 22:00:00,67.3649026751728
2025-03-11 23:00:00,67.6985567388628
2025-03-12 00:00:00,67.8752920585316
2025-03-12 01:00:00,67.2769672952381
2025-03-12 02:00:00,67.1272453813106
2025-03-12 03:00:00,66.1023352893535
2025-03-12 04:00:00,65.917926565248
2025-03-12 08:00:00,66.951521913325
2025-03-12 09:00:00,68.0605619484155
2025-03-12 11:00:00,67.7756577448239
2025-03-12 12:00:00,68.1581538975075
2025-03-12 13:00:00,67.0693711728995
2025-03-12 14:00:00,67.3080713648673
2025-03-12 15:00:00,67.418734789131
2025-03-12 16:00:00,66.7981912932524
2025-03-12 17:00:00,67.5177329991608
2025-03-12 18:00:00,67.605372725182
2025-03-12 19:00:00,68.0307884951005
2025-03-12 20:00:00,67.2983101699863
2025-03-12 21:00:00,67.7732634791114
2025-03-12 22:00:00,65.2265609821092
2025-03-12 23:00:00,67.8790589644972
2025-03-13 00:00:00,67.0976133703289
2025-03-13 01:00:00,65.4765095573787
2025-03-13 02:00:00,67.3665789200715
2025-03-13 03:00:00,66.6898276208449
2025-03-13 04:00:00,67.4699508521803
2025-03-13 05:00:00,67.8423764210614
2025-03-13 06:00:00,65.8491990047922
2025-03-13 10:00:00,67.9684536281923
2025-03-13 11:00:00,66.5696028271202
2025-03-13 12:00:00,67.3677076027586
2025-03-13 13:00:00,66.7055649549278
2025-03-13 14:00:00,67.4214376946407
2025-03-13 15:00:00,67.5690727663736
2025-03-13 16:00:00,66.462176761653
2025-03-13 17:00:00,67.7876595917966
2025-03-13 18:00:00,67.9366623509944
2025-03-13 19:00:00,66.4245208344461
2025-03-13 20:00:00,67.4925473965612
2025-03-13 21:00:00,66.7794203888593
2025-03-13 22:00:00,67.0705353077176
2025-03-13 23:00:00,65.7331862687021
2025-03-14 01:00:00,67.507444370734
2025-03-14 02:00:00,67.4699689117612
2025-03-14 03:00:00,66.542059808582
2025-03-14 04:00:00,67.4155652095871
2025-03-14 05:00:00,67.6189765545403
2025-03-14 06:00:00,66.8448835183582
2025-03-14 07:00:00,66.4871942645259
2025-03-14 08:00:00,66.3528987990851
2025-03-14 09:00:00,84.6562004740802
2025-03-14 10:00:00,67.0169110955114
2025-03-14 11:00:00,67.1339530422634
2025-03-14 12:00:00,67.2629495115639
2025-03-14 13:00:00,66.6115600142573
2025-03-14 14:00:00,65.9094398198954
2025-03-14 15:00:00,66.5718089887734
2025-03-14 16:00:00,66.6636525217455
2025-03-14 17:00:00,66.8948659673367
2025-03-14 18:00:00,67.3210772663706
2025-03-14 19:00:00,54.1839515486482
2025-03-14 20:00:00,67.5709686265908
2025-03-14 21:00:00,67.409411240289
2025-03-14 22:00:00,66.2668360555501
2025-03-14 23:00:00,67.8337464618453
2025-03-15 00:00:00,65.983966574331
2025-03-15 01:00:00,66.9879424701726
2025-03-15 02:00:00,67.6937489513141
2025-03-15 03:00:00,67.6836076453795
2025-03-15 04:00:00,66.7226333721635
2025-03-15 05:00:00,66.9556508885249
2025-03-15 06:00:00,67.0206623221129
2025-03-15 07:00:00,65.94222709417
2025-03-15 11:00:00,66.1117107536853
2025-03-15 12:00:00,66.4589531717208
2025-03-15 13:00:00,66.3356544488434
2025-03-15 14:00:00,66.9279495522685
2025-03-15 15:00:00,66.7093524245329
2025-03-15 16:00:00,66.8648862493291
2025-03-15 17:00:00,66.9081568988524
2025-03-15 18:00:00,67.6162959554279
2025-03-15 19:00:00,65.509709638844
2025-03-15 20:00:00,66.1152833103955
2025-03-15 21:00:00,65.806624783514
2025-03-15 22:00:00,68.0768073313611
2025-03-15 23:00:00,66.7036726919433
2025-03-16 00:00:00,65.2348764120093
2025-03-16 01:00:00,66.513920967139
2025-03-16 02:00:00,65.7612604480363
2025-03-16 03:00:00,66.0861446712305
2025-03-16 04:00:00,65.9493995854466
2025-03-16 05:00:00,65.8124327260591
2025-03-16 06:00:00,65.6979446865712
2025-03-16 07:00:00,66.1647273820761
2025-03-16 08:00:00,66.5122617960733
2025-03-16 09:00:00,66.7736501345798
2025-03-16 10:00:00,66.0616821722863
2025-03-16 11:00:00,66.5850349728676
2025-03-16 12:00:00,66.8752040817551
2025-03-16 13:00:00,65.5032577977924
2025-03-16 14:00:00,64.5327481608327
2025-03-16 15:00:00,66.2243261008093
2025-03-16 16:00:00,65.2454285511762
2025-03-16 17:00:00,65.3958424138278
2025-03-16 18:00:00,65.6756573824279
2025-03-16 19:00:00,66.6033327057515
2025-03-16 20:00:00,65.6270864628335
2025-03-16 21:00:00,66.933814604167
2025-03-16 22:00:00,66.3456700781035
2025-03-16 23:00:00,66.1118738059539
2025-03-17 00:00:00,64.3055532638291
2025-03-17 01:00:00,65.8118769760163
2025-03-17 02:00:00,65.9591461417462
2025-03-17 03:00:00,64.8283083905021
2025-03-17 04:00:00,66.5905127908996
2025-03-17 05:00:00,66.7241118675723
2025-03-17 06:00:00,66.6277905382586
2025-03-17 07:00:00,64.0931102796166
2025-03-17 08:00:00,66.6208137337628
2025-03-17 09:00:00,66.0244120434836
2025-03-17 10:00:00,65.0811709531252
2025-03-18 15:00:00,63.6747866597579
2025-03-18 16:00:00,65.921653322699
2025-03-18 17:00:00,65.8217460626334
2025-03-18 19:00:00,64.8292073757465
2025-03-18 20:00:00,65.7809148441067
2025-03-18 21:00:00,65.1032508293196
2025-03-18 22:00:00,63.873293914092
2025-03-18 23:00:00,64.9575818569492
2025-03-19 00:00:00,65.9871383742825
2025-03-19 01:00:00,63.7309692842295
2025-03-19 02:00:00,65.1763653215841
2025-03-19 03:00:00,66.3634825039353
2025-03-19 04:00:00,64.976587553022
2025-03-19 05:00:00,65.0319232540263
2025-03-19 06:00:00,65.127969949934
2025-03-19 07:00:00,64.8733792822376
2025-03-19 08:00:00,64.5439087642167
2025-03-19 09:00:00,65.81483774953
2025-03-19 10:00:00,64.1043356491639
2025-03-19 11:00:00,64.2026855379341
2025-03-19 12:00:00,64.0249734033587
2025-03-19 13:00:00,65.8323052261999
2025-03-19 14:00:00,63.7670431718434
2025-03-19 15:00:00,64.3760558410342
2025-03-19 16:00:00,65.9507713653414
2025-03-19 17:00:00,64.7350863551204
2025-03-19 18:00:00,64.5684766927718
2025-03-19 19:00:00,64.9059922467285
2025-03-19 20:00:00,64.0727420656101
2025-03-19 21:00:00,63.215900278713
2025-03-19 22:00:00,64.7648924063963
2025-03-19 23:00:00,66.1646706342132
2025-03-20 00:00:00,64.9284422564566
2025-03-20 01:00:00,64.9715494800916
2025-03-20 02:00:00,65.2797019789679
2025-03-20 03:00:00,63.429944915579
2025-03-20 04:00:00,65.6225749633819
2025-03-20 05:00:00,64.8465365098855
2025-03-20 06:00:00,65.3896505693587
2025-03-20 07:00:00,64.8620994453075
2025-03-20 08:00:00,63.8797140857626
2025-03-20 09:00:00,64.5031770783904
2025-03-20 10:00:00,65.1310026465399
2025-03-20 11:00:00,64.4449727568684
2025-03-20 12:00:00,65.1717627336411
2025-03-20 13:00:00,64.3744372250611
2025-03-20 14:00:00,64.316531718381
2025-03-20 15:00:00,64.5152581263515
2025-03-20 16:00:00,64.1620726248291
2025-03-20 17:00:00,63.516104677838
2025-03-20 18:00:00,64.52565458226
2025-03-20 19:00:00,65.0626668587659
2025-03-20 20:00:00,64.7728022843466
2025-03-20 21:00:00,63.7981963873778
2025-03-20 22:00:00,65.4253352866403
2025-03-20 23:00:00,64.3092609714072
2025-03-21 00:00:00,63.8106214746532
2025-03-21 01:00:00,63.705277552258
2025-03-21 02:00:00,64.4304612132993
2025-03-21 03:00:00,64.4643972829428
2025-03-21 04:00:00,63.1470064804545
2025-03-21 05:00:00,63.6433768857528
2025-03-21 06:00:00,64.9561925484921
2025-03-21 07:00:00,63.738812045391
2025-03-21 08:00:00,64.4015934162457
2025-03-21 10:00:00,64.7655822940926
2025-03-21 11:00:00,64.4613719884551
2025-03-21 12:00:00,63.8125748558341
2025-03-21 13:00:00,65.1018567837699
2025-03-21 14:00:00,65.1646773081714
2025-03-21 15:00:00,65.0378095507719
2025-03-21 16:00:00,65.0141690993344
2025-03-21 17:00:00,65.1200176442531
2025-03-21 18:00:00,65.2176207144204
2025-03-21 19:00:00,63.5686876934583
2025-03-21 20:00:00,63.9757551010838
2025-03-21 21:00:00,62.9009589302772
2025-03-21 22:00:00,64.0781335359764
2025-03-21 23:00:00,65.1526201067344
2025-03-22 00:00:00,63.5210424614115
2025-03-22 01:00:00,62.8116828810027
2025-03-22 03:00:00,64.4336382952877
2025-03-22 04:00:00,65.853202802519
2025-03-22 05:00:00,63.9139485030543
2025-03-22 06:00:00,63.2580724447729
2025-03-22 07:00:00,65.1153095041377
2025-03-22 08:00:00,62.985530640611
2025-03-22 09:00:00,65.186480829756
2025-03-22 10:00:00,65.424100441061
2025-03-22 11:00:00,64.6500768609289
2025-03-22 12:00:00,64.2359089504476
2025-03-22 13:00:00,63.7470456202132
2025-03-22 14:00:00,63.0897318315896
2025-03-22 15:00:00,64.4081321585286
2025-03-22 16:00:00,62.7227657271133
2025-03-22 17:00:00,63.2262534426246
2025-03-22 18:00:00,65.3603005409624
2025-03-22 19:00:00,64.368429487518
2025-03-22 20:00:00,64.993990591458
2025-03-22 21:00:00,64.3039134299165
2025-03-22 22:00:00,64.3471784501491
2025-03-22 23:00:00,63.8390128581353
2025-03-23 00:00:00,64.3559407933805
2025-03-23 01:00:00,64.074680001152
2025-03-23 02:00:00,65.0062791899764
2025-03-23 03:00:00,64.817573920151
2025-03-23 04:00:00,63.0273879258809
2025-03-23 10:00:00,63.3836903827408
2025-03-23 11:00:00,63.5230074489648
2025-03-23 12:00:00,64.6772245497547
2025-03-23 13:00:00,64.4717265648973
2025-03-23 14:00:00,63.6254094223991
2025-03-23 15:00:00,64.0091200006984
2025-03-23 16:00:00,63.0650639027579
2025-03-23 17:00:00,65.8762872242229
2025-03-23 18:00:00,63.228940783295
2025-03-23 19:00:00,64.058668629344
2025-03-23 20:00:00,63.8102589758129
2025-03-23 21:00:00,63.2103674576567
2025-03-23 22:00:00,63.5474973104979
2025-03-23 23:00:00,63.588392719121
2025-03-24 00:00:00,64.2681080338716
2025-03-24 02:00:00,63.8163222495857
2025-03-24 03:00:00,63.0117740357647
2025-03-24 04:00:00,65.1021780883677
2025-03-24 05:00:00,64.3376601223539
2025-03-24 06:00:00,63.0400224672771
2025-03-24 11:00:00,62.9923652051579
2025-03-24 12:00:00,64.8658607781508
2025-03-24 13:00:00,65.5488498853929
2025-03-24 14:00:00,64.5268825383162
2025-03-25 03:00:00,64.3442224816469
2025-03-25 04:00:00,63.2053081975683
2025-03-25 05:00:00,62.8363127444483
2025-03-25 06:00:00,63.8176404274832
2025-03-25 11:00:00,61.845267570542
2025-03-25 12:00:00,64.3758495298742
2025-03-25 13:00:00,63.8271927886939
2025-03-25 14:00:00,62.5657944187702
2025-03-25 15:00:00,64.1202373145332
2025-03-25 16:00:00,62.92333762337
2025-03-25 17:00:00,63.2414078110994
2025-03-25 18:00:00,63.7557708507821
2025-03-25 19:00:00,64.2211139374703
2025-03-25 20:00:00,62.5162373867494
2025-03-25 21:00:00,63.8020819161291
2025-03-25 22:00:00,63.0472192457781
2025-03-25 23:00:00,64.2323094125456
2025-03-26 01:00:00,64.1049565046117
2025-03-26 02:00:00,62.143496530411
2025-03-26 03:00:00,63.350043162674
2025-03-26 04:00:00,62.5446263993055
2025-03-26 05:00:00,62.3707657359674
2025-03-26 06:00:00,61.8597331832255
2025-03-26 07:00:00,63.3843087105455
2025-03-26 14:00:00,62.8728075304402
2025-03-26 15:00:00,63.3133707336606
2025-03-26 16:00:00,63.4354534545104
2025-03-26 17:00:00,62.8788843489158
2025-03-26 18:00:00,63.2216182483974
2025-03-26 19:00:00,63.6472936029294
2025-03-26 20:00:00,63.7731870592373
2025-03-26 21:00:00,63.3440891250952
2025-03-26 22:00:00,63.6435624872528
2025-03-26 23:00:00,62.5381051562898
2025-03-27 00:00:00,63.4690242482881
2025-03-27 01:00:00,63.2258282476007
2025-03-27 02:00:00,62.5349661526763
2025-03-27 03:00:00,61.4770396987525
2025-03-27 04:00:00,64.146323414466
2025-03-27 05:00:00,62.461811011011
2025-03-27 06:00:00,62.9577118469377
2025-03-27 07:00:00,62.0490137344354
2025-03-27 08:00:00,58.0366032722056
2025-03-27 09:00:00,61.5168428102407
2025-03-28 00:00:00,64.189584176148
2025-03-28 01:00:00,62.6714030403808
2025-03-28 02:00:00,62.6835983917508
2025-03-28 03:00:00,62.9879252623465
2025-03-28 04:00:00,61.7511232695771
2025-03-28 05:00:00,62.4538788691756
2025-03-28 06:00:00,63.8459572654745
2025-03-28 07:00:00,63.9331202634757
2025-03-28 08:00:00,62.5284089408307
2025-03-28 09:00:00,64.1283724697393
2025-03-28 10:00:00,64.2698170911208
2025-03-28 11:00:00,63.0410333099825
2025-03-28 12:00:00,62.5981223308555
2025-03-28 13:00:00,62.4585192413662
2025-03-28 14:00:00,63.5361868140208
2025-03-28 15:00:00,63.3958250622466
2025-03-28 16:00:00,62.05860861856
2025-03-28 17:00:00,63.2642300074335
2025-03-28 18:00:00,64.4217316226624
2025-03-28 19:00:00,61.9747002495774
2025-03-28 20:00:00,64.1038936771206
2025-03-28 21:00:00,62.4279957034507
2025-03-28 22:00:00,62.7331646176885
2025-03-28 23:00:00,63.1143633065763
2025-03-29 07:00:00,63.2532144414382
2025-03-29 08:00:00,63.4707382982869
2025-03-29 09:00:00,62.4044834575775
2025-03-29 10:00:00,61.8908437981294
2025-03-29 15:00:00,64.2960780982783
2025-03-29 16:00:00,62.6434377617891
2025-03-29 17:00:00,62.0906132546463
2025-03-29 18:00:00,61.6754084382785
2025-03-29 19:00:00,62.4185215392423
2025-03-29 20:00:00,62.7845361603572
2025-03-29 21:00:00,62.3427665299125
2025-03-29 22:00:00,62.4637605243662
2025-03-29 23:00:00,63.9312433384201
2025-03-30 00:00:00,63.3598865051775
2025-03-30 01:00:00,63.5434810669036
2025-03-30 02:00:00,62.3087589224779
2025-03-30 03:00:00,62.5493924543732
2025-03-30 04:00:00,63.19641176198
2025-03-30 05:00:00,78.9485704734738
2025-03-30 06:00:00,61.7840673779207
2025-03-30 07:00:00,62.6936941023833
2025-03-30 08:00:00,62.163782002314
2025-03-30 09:00:00,62.5637401604729
2025-03-30 10:00:00,62.0602355866626
2025-03-30 11:00:00,62.2655571383413
2025-03-30 12:00:00,62.6493181787648
2025-03-30 13:00:00,62.1840419060932
2025-03-30 14:00:00,61.1702727412497
2025-03-30 15:00:00,62.7274462778654
2025-03-30 16:00:00,62.7148035717309
2025-03-30 17:00:00,62.0561714686273
2025-03-30 18:00:00,64.162231310494
2025-03-30 19:00:00,62.5702497644459
2025-03-30 20:00:00,62.8512717193806
2025-03-30 21:00:00,64.0997799927825
2025-03-30 22:00:00,63.0090003125397
2025-03-30 23:00:00,63.4248703596594
2025-03-31 00:00:00,55.6096717358978
2025-03-31 01:00:00,62.2696542209837
2025-03-31 02:00:00,62.998402711049
2025-03-31 03:00:00,63.4693787353055
2025-03-31 04:00:00,61.8868131756326
2025-03-31 05:00:00,62.4057905148349
2025-03-31 06:00:00,62.1620387613607
2025-03-31 07:00:00,63.164356393566
2025-03-31 08:00:00,61.8690297138339
2025-03-31 09:00:00,62.2327609982647
2025-03-31 10:00:00,61.3204597271228
2025-03-31 11:00:00,62.0168098895724
2025-03-31 12:00:00,62.6055923885404
2025-03-31 13:00:00,63.6354146666952
2025-03-31 14:00:00,60.8770955484575
2025-03-31 15:00:00,60.8577369559167
2025-03-31 16:00:00,62.1959262373615
2025-03-31 17:00:00,61.7393361045504
2025-03-31 18:00:00,62.3709993599169
2025-03-31 20:00:00,62.6504651076473
2025-03-31 21:00:00,61.1345468425372
2025-03-31 22:00:00,63.3217849153018
2025-03-31 23:00:00,62.2707132234169
2025-04-01 00:00:00,61.2142787989173
2025-04-01 01:00:00,63.6787669026674
2025-04-01 02:00:00,62.0228642141625
2025-04-01 03:00:00,62.2889882236888
2025-04-01 04:00:00,61.7337825350366
2025-04-01 05:00:00,64.0650322064145
2025-04-01 06:00:00,61.8250969864104
2025-04-01 07:00:00,62.8295384890798
2025-04-01 08:00:00,61.9353906702646
2025-04-01 09:00:00,70.8468528565993
2025-04-03 11:00:00,61.828393990396
2025-04-03 12:00:00,61.5792979266074
2025-04-03 22:00:00,62.2097729302053
2025-04-03 23:00:00,61.7119563949094
2025-04-04 00:00:00,61.7245009617977
2025-04-04 01:00:00,60.2490503785812
2025-04-04 02:00:00,61.9075750592081
2025-04-04 03:00:00,63.1505838730563
2025-04-04 04:00:00,61.5371987764385
2025-04-04 05:00:00,61.7857994037397
2025-04-04 06:00:00,59.9787295874657
2025-04-04 07:00:00,62.1321069348654
2025-04-04 08:00:00,60.7330091195977
2025-04-04 09:00:00,61.6809218647219
2025-04-04 10:00:00,61.4983533596692
2025-04-04 11:00:00,61.1282825850927
2025-04-04 13:00:00,62.2790505073865
2025-04-04 14:00:00,61.1673820182729
2025-04-04 15:00:00,61.9865248386068
2025-04-04 16:00:00,60.9623320462639
2025-04-04 17:00:00,62.1622237811104
2025-04-04 18:00:00,60.3775524710251
2025-04-04 19:00:00,60.9285265129205
2025-04-04 21:00:00,61.8944342058871
2025-04-04 22:00:00,61.0976293070343
2025-04-04 23:00:00,60.9352559534985
2025-04-05 00:00:00,61.137335191875
2025-04-05 03:00:00,61.6100793231585
2025-04-05 04:00:00,
2025-04-05 12:00:00,
2025-04-05 13:00:00,
2025-04-05 14:00:00,
2025-04-05 15:00:00,61.8471732061738
2025-04-05 16:00:00,61.3572095662684
2025-04-05 19:00:00,
2025-04-05 20:00:00,
2025-04-05 21:00:00,
2025-04-05 22:00:00,
2025-04-05 23:00:00,60.1824101031015
2025-04-06 00:00:00,59.9632686737489
2025-04-06 01:00:00,60.5263945109001
2025-04-06 02:00:00,60.9699974329668
2025-04-06 03:00:00,61.275915401885
2025-04-06 09:00:00,61.2106202431529
2025-04-06 10:00:00,61.6234787462949
2025-04-06 11:00:00,60.8858595372934
2025-04-06 12:00:00,60.1034941405536
2025-04-06 13:00:00,61.3195678015817
2025-04-06 14:00:00,59.5772667175438
2025-04-06 16:00:00,61.262960543913
2025-04-06 17:00:00,59.4769036110944
2025-04-06 18:00:00,61.8304748207047
2025-04-06 19:00:00,60.3511007164953
2025-04-06 20:00:00,61.8886339130861
2025-04-07 06:00:00,
2025-04-07 10:00:00,
2025-04-07 11:00:00,
2025-04-07 12:00:00,
2025-04-07 13:00:00,
2025-04-07 14:00:00,
2025-04-07 15:00:00,
2025-04-07 16:00:00,
2025-04-07 17:00:00,
2025-04-07 18:00:00,
2025-04-07 19:00:00,
2025-04-07 20:00:00,
2025-04-07 21:00:00,
2025-04-07 22:00:00,
2025-04-07 23:00:00,
2025-04-08 00:00:00,76.716503935918
2025-04-08 01:00:00,76.142128241461
2025-04-08 02:00:00,77.1329413777667
2025-04-08 03:00:00,76.4502465651564
2025-04-08 10:00:00,76.4412149324141
2025-04-08 12:00:00,76.612042959446
2025-04-08 13:00:00,76.9503373698169
2025-04-08 14:00:00,76.3267713387228
2025-04-08 15:00:00,76.035250871791
2025-04-08 16:00:00,75.7205484613138
2025-04-08 17:00:00,77.0008011971449
2025-04-08 18:00:00,75.6753886067607
2025-04-08 19:00:00,75.9908246987859
2025-04-08 20:00:00,77.2347978474557
2025-04-08 21:00:00,76.1962319725882
2025-04-08 22:00:00,75.8119009933797
2025-04-09 00:00:00,76.5985773213556
2025-04-09 01:00:00,76.7994094148844
2025-04-09 02:00:00,75.7627897361759
2025-04-09 03:00:00,76.6715623086819
2025-04-09 04:00:00,76.3383135863646
2025-04-09 06:00:00,75.8498370268605
2025-04-09 11:00:00,76.5316399723304
2025-04-09 12:00:00,76.2480867946907
2025-04-09 13:00:00,76.1449107378132
2025-04-09 14:00:00,76.1111988914432
2025-04-09 15:00:00,76.5242511920537
2025-04-09 16:00:00,75.9719952272302
2025-04-09 17:00:00,76.442364627122
2025-04-09 18:00:00,76.6858206361518
2025-04-09 19:00:00,77.1232928569441
2025-04-09 20:00:00,76.1874674850258
2025-04-09 21:00:00,75.8404165780552
2025-04-09 22:00:00,76.0472882130534
2025-04-09 23:00:00,75.7243395549746
2025-04-10 00:00:00,76.1325426439146
2025-04-10 02:00:00,75.5022946741358
2025-04-10 03:00:00,75.8764710800288
2025-04-10 06:00:00,76.2928657887254
2025-04-10 07:00:00,76.5606138136162
2025-04-10 08:00:00,75.9200507406072
2025-04-10 11:00:00,75.3044566569206
2025-04-10 12:00:00,76.6697114215986
2025-04-10 13:00:00,75.9837401116239
2025-04-10 14:00:00,75.9502675242906
2025-04-10 15:00:00,75.9781147340262
2025-04-10 16:00:00,75.2150801101251
2025-04-10 17:00:00,75.9560749217949
2025-04-10 18:00:00,75.5962665012506
2025-04-10 19:00:00,76.0114834096367
2025-04-10 20:00:00,75.8582314363826
2025-04-10 22:00:00,75.7299759469302
2025-04-10 23:00:00,75.8484049975976
2025-04-11 00:00:00,75.8964157091533
2025-04-11 01:00:00,76.1726217208887
2025-04-11 02:00:00,76.0229101778961
2025-04-11 03:00:00,75.6958066984836
2025-04-11 04:00:00,76.002055601791
2025-04-11 05:00:00,75.3180161013296
2025-04-11 11:00:00,75.8195042304121
2025-04-11 12:00:00,75.1512669286481
2025-04-11 13:00:00,74.8048365534299
2025-04-11 14:00:00,75.5501131026313
2025-04-11 15:00:00,76.2343572528959
2025-04-11 16:00:00,75.1836681405213
2025-04-12 03:00:00,76.5070570277547
2025-04-12 04:00:00,75.099279110112
2025-04-12 11:00:00,76.3255971209199
2025-04-12 12:00:00,75.5847638127456
2025-04-12 13:00:00,74.9428979343777
2025-04-12 14:00:00,74.8037311565599
2025-04-12 15:00:00,76.5966624069682
2025-04-12 16:00:00,76.4279828921272
2025-04-12 17:00:00,75.7109231889441
2025-04-12 18:00:00,75.2562109714069
2025-04-12 19:00:00,75.5001181613342
2025-04-12 20:00:00,75.3068775456162
2025-04-12 21:00:00,74.7361613295602
2025-04-12 22:00:00,76.0180077883936
2025-04-12 23:00:00,75.6096865046135
2025-04-13 00:00:00,74.903924853159
2025-04-13 01:00:00,74.5081527449673
2025-04-13 12:00:00,74.4912542247001
2025-04-13 13:00:00,75.2451269491164
2025-04-13 14:00:00,76.1286971357737
2025-04-13 15:00:00,76.2542765792842
2025-04-13 16:00:00,75.9674658064118
2025-04-13 17:00:00,90.0566235928081
2025-04-13 19:00:00,75.6590305958787
2025-04-13 20:00:00,75.3184342261823
2025-04-13 21:00:00,75.9555532237599
2025-04-13 22:00:00,75.7073976958647
2025-04-13 23:00:00,76.439564661149
2025-04-14 00:00:00,74.8633982399179
2025-04-14 01:00:00,75.8754720912095
2025-04-14 02:00:00,75.8489544109975
2025-04-14 05:00:00,75.5997675917922
2025-04-14 07:00:00,76.1031385245933
2025-04-14 08:00:00,75.4438310677807
2025-04-14 09:00:00,76.0415327118849
2025-04-14 11:00:00,75.6839253703845
2025-04-14 12:00:00,73.7340698867963
2025-04-14 13:00:00,
2025-04-14 14:00:00,87.177461018158
2025-04-14 15:00:00,74.5495394524402
2025-04-14 16:00:00,75.149506064023
2025-04-14 17:00:00,76.1788886012937
2025-04-14 18:00:00,75.0824873812491
2025-04-14 19:00:00,75.3130377423463
2025-04-14 20:00:00,75.2891922922356
2025-04-14 21:00:00,74.124922148375
2025-04-14 22:00:00,75.5221513603239
2025-04-14 23:00:00,75.0783464187804
2025-04-15 00:00:00,76.2865103461323
2025-04-15 01:00:00,74.2828866650282
2025-04-15 02:00:00,74.7312471960624
2025-04-15 04:00:00,74.960621991642
2025-04-15 07:00:00,73.5098716389472
2025-04-15 09:00:00,75.0179284638567
2025-04-15 10:00:00,74.4426629218409
2025-04-15 11:00:00,74.5035706850819
2025-04-15 12:00:00,73.7653762078485
2025-04-15 13:00:00,79.4185027736616
2025-04-15 14:00:00,77.3864846344865
2025-04-15 15:00:00,75.1692218586296
2025-04-15 16:00:00,73.742381536712
2025-04-15 17:00:00,73.8536158417449
2025-04-15 18:00:00,64.2286824388067
2025-04-16 05:00:00,75.1668786239526
2025-04-16 10:00:00,74.7627816637843
2025-04-16 11:00:00,74.0182934980722
2025-04-16 12:00:00,74.1509446827734
2025-04-16 13:00:00,74.3306737896953
2025-04-16 14:00:00,75.2510795137558
2025-04-16 15:00:00,74.3896277692094
2025-04-16 16:00:00,74.1437162200658
2025-04-16 17:00:00,74.5610340593578
2025-04-16 18:00:00,74.5498392674634
2025-04-16 19:00:00,74.251223269722
2025-04-16 20:00:00,75.1196446338817
2025-04-16 21:00:00,75.0060251979681
2025-04-16 22:00:00,75.6831148696505
2025-04-16 23:00:00,75.8708052359254
2025-04-17 00:00:00,73.465164495071
2025-04-17 01:00:00,74.5278135881714
2025-04-17 02:00:00,74.4077524047338
2025-04-17 03:00:00,74.3607144958755
2025-04-17 04:00:00,75.045039144444
2025-04-17 05:00:00,74.9717821648609
2025-04-17 09:00:00,75.3349953056641
2025-04-17 10:00:00,73.8767848140049
2025-04-17 11:00:00,73.3488324982521
2025-04-17 12:00:00,74.9358209773184
2025-04-17 13:00:00,75.0349506974555
2025-04-17 14:00:00,75.1705439129857
2025-04-17 15:00:00,73.3398666978309
2025-04-17 16:00:00,74.2138274954777
2025-04-17 17:00:00,74.7189208735354
2025-04-17 18:00:00,74.2300409959242
2025-04-17 19:00:00,74.6633715236082
2025-04-19 16:00:00,74.7037672878299
2025-04-19 17:00:00,74.0402492703092
2025-04-19 18:00:00,74.2784245725888
2025-04-19 19:00:00,74.9077562642509
2025-04-19 20:00:00,73.6762870544109
2025-04-19 21:00:00,74.2075104469345
2025-04-19 22:00:00,74.2186450438637
2025-04-19 23:00:00,73.9104859996483
2025-04-20 00:00:00,75.0679165448886
2025-04-20 01:00:00,
2025-04-20 02:00:00,
2025-04-20 03:00:00,
2025-04-20 12:00:00,
2025-04-20 13:00:00,73.5379555599082
2025-04-20 14:00:00,72.9826147858456
2025-04-20 15:00:00,74.1154768726084
2025-04-20 16:00:00,73.3610902407365
2025-04-20 17:00:00,72.8361894079044
2025-04-20 18:00:00,74.2747795879234
2025-04-20 19:00:00,73.3956626976043
2025-04-20 20:00:00,73.8122965456696
2025-04-20 21:00:00,74.6462141354857
2025-04-20 22:00:00,74.6772227812211
2025-04-20 23:00:00,75.4862649261826
2025-04-21 00:00:00,73.6619620580779
2025-04-21 01:00:00,73.6008087420297
2025-04-21 02:00:00,74.7586019826692
2025-04-21 03:00:00,74.7479297259947
2025-04-21 04:00:00,73.9115145612575
2025-04-21 09:00:00,73.6012002032123
2025-04-21 14:00:00,73.6121625120237
2025-04-21 15:00:00,73.9657075975352
2025-04-21 16:00:00,73.220333691312
2025-04-21 17:00:00,73.1310677469574
2025-04-21 18:00:00,73.2568953897241
2025-04-21 19:00:00,73.4996032702018
2025-04-21 20:00:00,73.6763339481953
2025-04-21 21:00:00,73.8729246790176
2025-04-21 22:00:00,73.2642481220358
2025-04-21 23:00:00,72.3951643136117
2025-04-22 00:00:00,73.8400402928068
2025-04-22 01:00:00,72.6907611428616
2025-04-22 02:00:00,75.6853978114707
2025-04-22 03:00:00,73.6412033486986
2025-04-22 11:00:00,73.9044301224278
2025-04-22 12:00:00,73.4390952527894
2025-04-22 13:00:00,72.9808002357556
2025-04-22 14:00:00,72.6312896781155
2025-04-22 15:00:00,73.5572606314942
2025-04-22 16:00:00,74.7428361189874
2025-04-22 17:00:00,73.9665783626183
2025-04-22 18:00:00,73.7151514422111
2025-04-22 19:00:00,74.3490461060656
2025-04-22 20:00:00,73.6673527437994
2025-04-22 21:00:00,73.4720123473781
2025-04-22 22:00:00,74.2155958913783
2025-04-22 23:00:00,72.6084490369964
2025-04-23 00:00:00,72.3466507813795
2025-04-23 01:00:00,73.1838101316588
2025-04-23 02:00:00,74.2440636090704
2025-04-23 03:00:00,73.2401722366168
2025-04-23 05:00:00,73.9441606854029
2025-04-23 06:00:00,73.570570765066
2025-04-23 07:00:00,73.051912155293
2025-04-23 17:00:00,72.6769500153531
2025-04-23 18:00:00,73.9042818930762
2025-04-23 19:00:00,74.1884093139277
2025-04-23 20:00:00,73.6013392120969
2025-04-23 21:00:00,73.0144962262984
2025-04-23 22:00:00,73.8724363929459
2025-04-23 23:00:00,75.5608885291452
2025-04-24 00:00:00,75.0252920641992
2025-04-24 01:00:00,73.7886381093101
2025-04-24 02:00:00,74.5236533444779
2025-04-24 03:00:00,72.2774056746553
2025-04-24 06:00:00,73.4180210672756
2025-04-24 11:00:00,74.5848488196253
2025-04-24 12:00:00,72.6908253901521
2025-04-24 13:00:00,73.1457143001045
2025-04-24 14:00:00,72.3768616421384
2025-04-24 15:00:00,72.7633507254127
2025-04-24 16:00:00,73.1205742086335
2025-04-24 17:00:00,74.3000157634128
2025-04-24 18:00:00,74.1483241467559
2025-04-24 19:00:00,73.6018991431264
2025-04-24 20:00:00,
2025-04-24 21:00:00,
2025-04-24 22:00:00,
2025-04-24 23:00:00,
2025-04-25 00:00:00,
2025-04-25 01:00:00,73.2067144947097
2025-04-25 02:00:00,71.6216903564235
2025-04-25 03:00:00,
2025-04-25 04:00:00,
2025-04-25 06:00:00,72.4096654552705
2025-04-25 10:00:00,73.0392958135939
2025-04-25 11:00:00,73.16889060516
2025-04-25 13:00:00,72.9246264818143
2025-04-25 14:00:00,73.191481830954
2025-04-25 15:00:00,74.1120315346442
2025-04-25 16:00:00,72.4922777000368
2025-04-25 17:00:00,72.6595389958341
2025-04-25 18:00:00,73.8768348226391
2025-04-25 19:00:00,72.5689865651848
2025-04-25 20:00:00,73.188273278961
2025-04-25 21:00:00,74.6529103089114
2025-04-25 22:00:00,73.3491193742675
2025-04-25 23:00:00,74.195053018336
2025-04-26 00:00:00,73.0385286314568
2025-04-26 01:00:00,73.3405461810025
2025-04-26 02:00:00,73.5775850371707
2025-04-26 03:00:00,75.3041132494905
2025-04-26 13:00:00,72.8147259576112
2025-04-26 14:00:00,73.7134944880179
2025-04-26 15:00:00,73.9278764591032
2025-04-26 16:00:00,73.3174596297561
2025-04-26 17:00:00,72.4792466010931
2025-04-26 19:00:00,72.6169390816449
2025-04-26 20:00:00,67.8610621432339
2025-04-26 21:00:00,73.8386011553554
2025-04-26 22:00:00,72.8823194060478
2025-04-26 23:00:00,72.2461217289418
2025-04-27 00:00:00,73.2998673007625
2025-04-27 01:00:00,72.9085323623484
2025-04-27 02:00:00,73.0827487054673
2025-04-27 03:00:00,74.1083312432981
2025-04-27 05:00:00,72.9401596310645
2025-04-27 10:00:00,73.7891869387768
2025-04-27 11:00:00,73.1644476772546
2025-04-27 12:00:00,72.2395101423996
2025-04-27 13:00:00,73.7890524654144
2025-04-27 14:00:00,72.6679292259507
2025-04-27 15:00:00,73.8461950874566
2025-04-27 16:00:00,71.7294826667975
2025-04-27 17:00:00,73.131230440911
2025-04-28 05:00:00,71.9169275808638
2025-04-28 12:00:00,72.1637724887565
2025-04-28 13:00:00,73.6034256521525
2025-04-28 14:00:00,72.9637060935858
2025-04-28 15:00:00,71.9070811479149
2025-04-28 17:00:00,73.34524299462
2025-04-28 19:00:00,72.2161247164712
2025-04-28 21:00:00,72.2645630814348
2025-04-28 23:00:00,73.114184140749
2025-04-29 00:00:00,72.2581969306623
2025-04-29 01:00:00,72.0380184846543
2025-04-29 02:00:00,72.2775783403312
2025-04-29 03:00:00,72.0455531386476
2025-04-29 04:00:00,71.2369647911725
2025-04-29 05:00:00,72.6247414680097
2025-04-29 07:00:00,74.0845712443873
2025-04-29 11:00:00,72.2894228762563
2025-04-29 12:00:00,72.8812100178323
2025-04-29 13:00:00,73.2310984154075
2025-04-29 14:00:00,59.8331233799057
2025-04-29 15:00:00,72.0639030727302
2025-04-29 16:00:00,73.5470089381496
2025-04-29 17:00:00,71.9246654164703
2025-04-29 18:00:00,73.3893751771022
2025-04-29 19:00:00,73.4229580549034
2025-04-29 20:00:00,72.6011350797145
2025-04-29 21:00:00,72.3522030211043
2025-04-29 22:00:00,72.4512915876101
2025-04-29 23:00:00,71.8260019226715
2025-04-30 00:00:00,71.3506368717512
2025-04-30 01:00:00,72.7432895134055
2025-04-30 02:00:00,72.1417531479396
2025-04-30 03:00:00,73.7995609924316
2025-04-30 10:00:00,71.9417835820914
2025-04-30 11:00:00,72.4533036886124
2025-04-30 13:00:00,73.4129155580247
2025-04-30 14:00:00,71.363437403318
2025-04-30 15:00:00,72.1559236936289
2025-04-30 16:00:00,71.5126999045892
2025-04-30 17:00:00,72.2369531185468
2025-04-30 18:00:00,73.45660625631
2025-04-30 19:00:00,73.0001867235687
2025-04-30 20:00:00,72.966119760371
2025-04-30 21:00:00,72.8402678093269
2025-04-30 22:00:00,72.2356782146604
2025-04-30 23:00:00,72.0093157739383
2025-05-01 00:00:00,71.7349112934592
2025-05-01 01:00:00,72.7974024989129
2025-05-01 02:00:00,71.8312481611264
2025-05-01 03:00:00,73.6637373929664
2025-05-01 04:00:00,74.7642860151137
2025-05-01 05:00:00,72.4079685909979
2025-05-01 18:00:00,73.6892694995419
2025-05-01 20:00:00,73.4858397545871
2025-05-01 21:00:00,73.2555917895791
2025-05-01 22:00:00,72.2124228507319
2025-05-01 23:00:00,73.9832150058045
2025-05-02 00:00:00,73.6856224208221
2025-05-02 01:00:00,71.6752700968331
2025-05-02 02:00:00,72.4830273211572
2025-05-02 03:00:00,71.1071443758173
2025-05-02 04:00:00,74.3006140628729
2025-05-02 05:00:00,72.7802139492644
2025-05-02 06:00:00,72.9394703281379
2025-05-02 07:00:00,84.1950614473901
2025-05-02 08:00:00,69.9692111660437
2025-05-02 09:00:00,71.8243535008509
2025-05-02 10:00:00,82.4999249775104
2025-05-02 11:00:00,71.5334465758289
2025-05-02 12:00:00,72.4705211805185
2025-05-02 13:00:00,72.6700115242713
2025-05-02 14:00:00,71.0258114656926
2025-05-02 15:00:00,71.0487122437322
2025-05-02 16:00:00,72.3540437506302
2025-05-02 17:00:00,73.148048935929
2025-05-02 20:00:00,73.5298455150054
2025-05-02 21:00:00,72.5362180341281
2025-05-03 01:00:00,72.8812026872667
2025-05-03 02:00:00,72.4578276305735
2025-05-03 03:00:00,73.0737732788726
2025-05-03 04:00:00,72.539293018561
2025-05-03 05:00:00,73.3724880449246
2025-05-03 06:00:00,73.6312156148439
2025-05-03 07:00:00,70.6051180721622
2025-05-03 08:00:00,69.8839215176802
2025-05-03 10:00:00,71.4356124270955
2025-05-03 11:00:00,70.8929344416387
2025-05-03 12:00:00,72.5999249615613
2025-05-03 13:00:00,72.5265103768841
2025-05-03 14:00:00,72.6019160690512
2025-05-03 15:00:00,70.1305484610395
2025-05-03 16:00:00,72.3333980197612
2025-05-03 17:00:00,72.3033821197695
2025-05-03 18:00:00,70.2139659983752
2025-05-03 19:00:00,70.8804108405907
2025-05-03 20:00:00,71.968715413062
2025-05-03 21:00:00,73.5534159199461
2025-05-03 22:00:00,69.8995189739472
2025-05-03 23:00:00,73.3666400257442
2025-05-04 00:00:00,72.1035339388928
2025-05-04 01:00:00,72.6396421174025
2025-05-04 14:00:00,69.8563091316138
2025-05-04 16:00:00,71.0996039417413
2025-05-04 17:00:00,71.1133525476538
2025-05-04 18:00:00,71.2589761634934
2025-05-04 19:00:00,70.9221530091394
2025-05-04 20:00:00,70.2093839848154
2025-05-04 21:00:00,71.4803206020064
2025-05-04 22:00:00,71.7754558730105
2025-05-05 00:00:00,71.4178588562236
2025-05-05 01:00:00,70.573728152064
2025-05-05 02:00:00,73.3439190768599
2025-05-05 03:00:00,71.7411773793461
2025-05-05 04:00:00,72.2150979125059
2025-05-05 05:00:00,72.6362759525254
2025-05-05 06:00:00,71.3841043950177
2025-05-05 07:00:00,73.2746096283114
2025-05-05 08:00:00,71.5168787796891
2025-05-05 09:00:00,72.0031058203067
2025-05-05 11:00:00,71.6378428831209
2025-05-05 12:00:00,71.1423947952768
2025-05-05 13:00:00,70.4871999945336
2025-05-05 14:00:00,71.8029784572281
2025-05-05 15:00:00,71.6988300700983
2025-05-05 16:00:00,71.0616260306827
2025-05-05 17:00:00,70.3939409963205
2025-05-05 18:00:00,72.4322149888878
2025-05-05 19:00:00,72.9943635795245
2025-05-05 20:00:00,71.3280985580529
2025-05-05 21:00:00,72.6101226779668
2025-05-05 22:00:00,72.1474144429398
2025-05-05 23:00:00,71.1333672348738
2025-05-06 00:00:00,71.1549587481375
2025-05-06 01:00:00,72.8643212945645
2025-05-06 02:00:00,71.833453397106
2025-05-06 03:00:00,70.2129124994037
2025-05-06 05:00:00,71.3323009291018
2025-05-06 10:00:00,71.4909457339637
2025-05-06 11:00:00,72.4311382663478
2025-05-06 12:00:00,72.0182326059427
2025-05-06 13:00:00,69.4108462306939
2025-05-06 14:00:00,71.5226886645487
2025-05-06 15:00:00,73.3872089978977
2025-05-06 16:00:00,71.2083353911878
2025-05-06 17:00:00,70.8865434529389
2025-05-06 18:00:00,71.853548000508
2025-05-06 19:00:00,72.9937653639622
2025-05-06 20:00:00,72.2818385126311
2025-05-06 21:00:00,72.4975337728414
2025-05-06 22:00:00,71.2108838594652
2025-05-06 23:00:00,71.6584490394465
2025-05-07 00:00:00,71.0654082625289
2025-05-07 01:00:00,73.1925965860923
2025-05-07 02:00:00,66.9121007265133
2025-05-07 03:00:00,69.6826089248152
2025-05-07 04:00:00,67.2954292895689
2025-05-07 08:00:00,70.941314829039
2025-05-07 10:00:00,71.8103200592452
2025-05-07 11:00:00,73.809322765626
2025-05-07 12:00:00,71.8942320086722
2025-05-07 13:00:00,72.3364482610646
2025-05-07 14:00:00,71.8328423262822
2025-05-07 15:00:00,70.9224742026669
2025-05-07 16:00:00,71.728056127529
2025-05-07 17:00:00,72.3039997915651
2025-05-07 19:00:00,72.3610002727234
2025-05-07 20:00:00,72.6717249599657
2025-05-07 21:00:00,71.2375412465504
2025-05-07 22:00:00,71.1340115437999
2025-05-07 23:00:00,69.3205172472071
2025-05-08 00:00:00,70.9535307831898
2025-05-08 01:00:00,70.8283457936284
2025-05-08 02:00:00,70.7300298060596
2025-05-08 03:00:00,71.4684579121914
2025-05-08 05:00:00,72.3950156042206
2025-05-08 17:00:00,70.3836966255742
2025-05-08 18:00:00,
2025-05-08 19:00:00,
2025-05-08 20:00:00,
2025-05-08 21:00:00,71.6205909813765
2025-05-08 22:00:00,70.6758610380297
2025-05-08 23:00:00,69.3271824359221
2025-05-09 00:00:00,70.6233346924864
2025-05-09 01:00:00,71.8957765050023
2025-05-09 02:00:00,71.0838194171947
2025-05-09 03:00:00,70.6944732943454
2025-05-09 04:00:00,70.2718745254893
2025-05-09 05:00:00,68.6360565660095
2025-05-09 06:00:00,68.9537949129587
2025-05-09 07:00:00,72.1388226507903
2025-05-09 08:00:00,70.9413937087588
2025-05-09 09:00:00,69.6098915242429
2025-05-09 11:00:00,70.1895742514183
2025-05-09 12:00:00,70.5802105028187
2025-05-09 13:00:00,72.2673356327463
2025-05-09 14:00:00,71.7268267913281
2025-05-09 15:00:00,70.4080917162317
2025-05-09 16:00:00,70.9201291800409
2025-05-09 17:00:00,71.1751021890901
2025-05-09 18:00:00,68.2186223285115
2025-05-09 19:00:00,70.0231987049979
2025-05-09 20:00:00,71.5448074423406
2025-05-09 21:00:00,69.5810300857528
2025-05-09 22:00:00,71.0914482696001
2025-05-09 23:00:00,70.2429373246694
2025-05-10 00:00:00,69.8162683087405
2025-05-10 01:00:00,71.2210998553161
2025-05-10 02:00:00,72.3699510955022
2025-05-10 03:00:00,69.0568253622706
2025-05-10 04:00:00,71.7649878002291
2025-05-10 05:00:00,70.9768456235693
2025-05-10 10:00:00,69.8787247266521
2025-05-10 11:00:00,70.0024105302144
2025-05-10 12:00:00,70.0448707996967
2025-05-10 13:00:00,50.7149283446379
2025-05-10 14:00:00,70.8118711521097
2025-05-10 15:00:00,70.0662137914103
2025-05-10 17:00:00,72.0218472887426
2025-05-10 18:00:00,72.5829540567294
2025-05-10 19:00:00,71.8999157302688
2025-05-10 20:00:00,72.1296643465032
2025-05-10 21:00:00,71.0634497800204
2025-05-10 23:00:00,70.6688144201449
2025-05-11 00:00:00,70.1442291337718
2025-05-11 01:00:00,70.9179768709418
2025-05-11 02:00:00,73.3446315053037
2025-05-11 03:00:00,70.732838196407
2025-05-11 04:00:00,71.0521415290806
2025-05-11 08:00:00,70.939260960461
2025-05-11 12:00:00,69.9353018130015
2025-05-11 13:00:00,70.5414688973005
2025-05-11 14:00:00,71.9554786729021
2025-05-11 15:00:00,69.9113219911858
2025-05-11 16:00:00,70.9303506965109
2025-05-11 17:00:00,71.3098692016956
2025-05-11 18:00:00,70.6977980451788
2025-05-11 19:00:00,69.9216624639334
2025-05-11 20:00:00,68.5301290298989
2025-05-11 21:00:00,70.1323957874366
2025-05-11 22:00:00,73.754456053433
2025-05-11 23:00:00,67.4224606727293
2025-05-12 00:00:00,71.5429797076195
2025-05-12 01:00:00,70.095652154989
2025-05-12 02:00:00,71.6734516821986
2025-05-12 03:00:00,70.5107883072306
2025-05-12 04:00:00,71.3970086842324
2025-05-12 07:00:00,70.3431982613913
2025-05-12 08:00:00,68.8602071406193
2025-05-12 09:00:00,68.4031063252221
2025-05-12 10:00:00,70.830890737581
2025-05-12 11:00:00,68.9106596336391
2025-05-12 12:00:00,71.2927021174146
2025-05-12 13:00:00,71.5283066909887
2025-05-12 14:00:00,69.0215898684956
2025-05-12 15:00:00,71.085404602178
2025-05-12 16:00:00,68.9565537645794
2025-05-12 17:00:00,70.4411115193739
2025-05-12 18:00:00,71.0798411797566
2025-05-12 19:00:00,72.3715917167317
2025-05-12 20:00:00,71.3358713809551
2025-05-12 21:00:00,71.6173314924715
2025-05-12 22:00:00,71.7668018082281
2025-05-12 23:00:00,72.1356071396709
2025-05-13 00:00:00,68.5071573040513
2025-05-13 01:00:00,70.1283067675224
2025-05-13 02:00:00,68.7832849076111
2025-05-13 03:00:00,71.0477544285814
2025-05-13 05:00:00,71.2068759910653
2025-05-13 06:00:00,70.5275725144623
2025-05-13 09:00:00,69.7248451383077
2025-05-13 10:00:00,67.9406043313313
2025-05-13 11:00:00,68.6791799481433
2025-05-13 12:00:00,72.3659380734596
2025-05-13 13:00:00,69.2966139705747
2025-05-13 14:00:00,69.5882742777249
2025-05-13 15:00:00,67.3905355030375
2025-05-13 16:00:00,68.7004901550135
2025-05-13 17:00:00,71.3843928589711
2025-05-13 18:00:00,71.1622263406606
2025-05-13 19:00:00,70.2326616104419
2025-05-13 20:00:00,69.5014108254051
2025-05-13 21:00:00,71.3826413277005
2025-05-13 22:00:00,69.1599943540956
2025-05-13 23:00:00,70.5983238107622
2025-05-14 00:00:00,68.3800528488046
2025-05-14 01:00:00,71.7570909191207
2025-05-14 02:00:00,69.0528608165921
2025-05-14 03:00:00,68.4673284605414
2025-05-14 04:00:00,69.2659069656747
2025-05-14 05:00:00,69.7995874451819
2025-05-14 06:00:00,70.641395918983
2025-05-14 07:00:00,69.0833506618488
2025-05-14 08:00:00,69.400517689912
2025-05-14 09:00:00,69.293965919049
2025-05-14 10:00:00,69.8118188445462
2025-05-14 23:00:00,70.0409588545896
2025-05-15 01:00:00,68.807021726731
2025-05-15 02:00:00,68.6943441951628
2025-05-15 03:00:00,69.4941426271429
2025-05-15 04:00:00,70.0558596551481
2025-05-15 05:00:00,69.1771691904117
2025-05-15 06:00:00,68.5779950215789
2025-05-15 08:00:00,67.9137308176666
2025-05-15 10:00:00,69.8061361402444
2025-05-15 11:00:00,71.1017989018267
2025-05-15 12:00:00,68.0833237815903
2025-05-15 13:00:00,69.092038284142
2025-05-15 14:00:00,69.3321065496969
2025-05-15 15:00:00,69.1991810568744
2025-05-15 16:00:00,69.0461422248618
2025-05-15 17:00:00,68.5622973606997
2025-05-15 18:00:00,69.9911767462934
2025-05-15 19:00:00,69.4119453863729
2025-05-15 20:00:00,69.4532302559781
2025-05-15 21:00:00,70.0740814996169
2025-05-15 22:00:00,64.9968432392153
2025-05-15 23:00:00,67.6028324704933
2025-05-16 00:00:00,68.7045811386574
2025-05-16 01:00:00,69.0287606401587
2025-05-16 02:00:00,69.4894350918102
2025-05-16 03:00:00,70.4141735120537
2025-05-16 04:00:00,69.0891150133651
2025-05-16 05:00:00,69.5432793539873
2025-05-16 08:00:00,69.4063666771245
2025-05-16 09:00:00,69.9413074530259
2025-05-16 10:00:00,69.8721378376511
2025-05-16 11:00:00,69.807505247605
2025-05-16 12:00:00,67.3356613004469
2025-05-16 13:00:00,68.6210813834965
2025-05-16 14:00:00,68.0060447948238
2025-05-16 15:00:00,70.8522185607385
2025-05-16 16:00:00,69.6362660671866
2025-05-16 17:00:00,69.9017652881783
2025-05-16 18:00:00,69.3237740265277
2025-05-16 19:00:00,70.4420498721765
2025-05-16 20:00:00,69.539616873477
2025-05-16 21:00:00,70.9419455539398
2025-05-16 22:00:00,68.6673916444713
2025-05-16 23:00:00,66.5720667047349
2025-05-17 00:00:00,67.3140307342897
2025-05-17 01:00:00,67.6275345867184
2025-05-17 02:00:00,68.9594297716575
2025-05-17 03:00:00,69.7184688407791
2025-05-17 05:00:00,69.1813861570842
2025-05-17 06:00:00,69.5250913561767
2025-05-17 07:00:00,70.2551180803701
2025-05-17 08:00:00,67.8331020085943
2025-05-17 09:00:00,69.4742033013642
2025-05-17 10:00:00,68.2492074235272
2025-05-17 11:00:00,66.8244018624674
2025-05-17 12:00:00,
2025-05-17 13:00:00,
2025-05-17 14:00:00,
2025-05-17 15:00:00,69.400294634406
2025-05-17 16:00:00,71.8709162958168
2025-05-17 17:00:00,69.0078099718247
2025-05-17 18:00:00,87.3925389133737
2025-05-17 19:00:00,69.2816140746517
2025-05-17 20:00:00,67.7861664181401
2025-05-17 21:00:00,70.0939264820244
2025-05-17 22:00:00,66.7744747989061
2025-05-17 23:00:00,68.6483005324924
2025-05-18 00:00:00,66.7607826378391
2025-05-18 01:00:00,69.409720606383
2025-05-18 02:00:00,68.1482185338958
2025-05-18 04:00:00,69.9735581930269
2025-05-18 05:00:00,69.1109735285298
2025-05-18 13:00:00,68.7538579336879
2025-05-18 14:00:00,61.5873973898534
2025-05-18 15:00:00,69.3948383879258
2025-05-18 16:00:00,68.0619597098877
2025-05-18 17:00:00,69.7954191633154
2025-05-18 18:00:00,67.3978722193291
2025-05-18 19:00:00,68.6959872341686
2025-05-18 20:00:00,68.6597629555516
2025-05-18 21:00:00,69.0863115517734
2025-05-18 22:00:00,68.2135302199632
2025-05-19 00:00:00,70.1335851807109
2025-05-19 01:00:00,67.4832449596399
2025-05-19 03:00:00,69.3174801069492
2025-05-19 14:00:00,70.3058796908073
2025-05-19 16:00:00,68.3471506080585
2025-05-19 17:00:00,69.0547156711036
2025-05-19 18:00:00,67.8504048792219
2025-05-19 19:00:00,67.8241953920493
2025-05-19 20:00:00,68.1594918182271
2025-05-19 21:00:00,70.122003678302
2025-05-19 22:00:00,66.2488050926669
2025-05-19 23:00:00,67.134649463581
2025-05-20 00:00:00,65.9008530085419
2025-05-20 01:00:00,70.1411282915592
2025-05-20 02:00:00,66.9408261318305
2025-05-20 03:00:00,67.9159246703932
2025-05-20 04:00:00,68.5172490529632
2025-05-20 05:00:00,69.0655958475975
2025-05-20 06:00:00,67.8037740958832
2025-05-20 07:00:00,68.9817013768073
2025-05-20 10:00:00,67.1151748855123
2025-05-20 11:00:00,65.7791417901696
2025-05-20 12:00:00,69.3841725420841
2025-05-20 13:00:00,69.7531025339772
2025-05-20 14:00:00,68.1802552686323
2025-05-20 15:00:00,67.6204481147963
2025-05-20 16:00:00,67.0412867009769
2025-05-20 17:00:00,66.35995258727
2025-05-20 18:00:00,66.2380036197252
2025-05-20 19:00:00,66.5819263565212
2025-05-20 20:00:00,66.5812230363716
2025-05-20 21:00:00,50.1256498467116
2025-05-20 22:00:00,66.5257795244821
2025-05-20 23:00:00,67.4704623887691
2025-05-21 00:00:00,66.633945145231
2025-05-21 01:00:00,68.9617848123919
2025-05-21 02:00:00,67.3808967256276
2025-05-21 03:00:00,67.8932695660506
2025-05-21 04:00:00,67.3863197088081
2025-05-21 06:00:00,68.4164100621607
2025-05-21 07:00:00,69.0772162852815
2025-05-21 09:00:00,68.3281011822755
2025-05-21 10:00:00,66.8199176895994
2025-05-21 11:00:00,67.8085985033303
2025-05-21 12:00:00,66.8192956152992
2025-05-21 13:00:00,64.5940019894239
2025-05-21 14:00:00,66.2144634711457
2025-05-21 15:00:00,68.3560095447042
2025-05-21 16:00:00,66.887113524777
2025-05-21 17:00:00,65.839150939693
2025-05-21 18:00:00,67.2134876275366
2025-05-21 19:00:00,66.812195174545
2025-05-21 20:00:00,67.8120197197378
2025-05-21 21:00:00,66.2205406628061
2025-05-21 22:00:00,67.1859702787155
2025-05-21 23:00:00,67.7305091807674
2025-05-22 00:00:00,66.5288247707096
2025-05-22 01:00:00,66.1886703658791
2025-05-22 02:00:00,66.6678736925062
2025-05-22 03:00:00,64.4586109856616
2025-05-22 04:00:00,67.6393548710325
2025-05-22 10:00:00,65.6930337877378
2025-05-22 11:00:00,68.9507208889784
2025-05-22 12:00:00,65.6759983838498
2025-05-22 13:00:00,66.8139147301941
2025-05-22 15:00:00,67.7347187337767
2025-05-22 16:00:00,66.7642570662616
2025-05-22 17:00:00,65.5964515509441
2025-05-22 18:00:00,69.3910088287085
2025-05-22 19:00:00,67.2375580117014
2025-05-22 20:00:00,66.0700230358414
2025-05-22 21:00:00,67.5223156241638
2025-05-22 22:00:00,66.3634962042153
2025-05-22 23:00:00,65.3489561652525
2025-05-23 00:00:00,68.7975173597891
2025-05-23 01:00:00,66.7146757062292
2025-05-23 02:00:00,68.0371639519877
2025-05-23 03:00:00,66.5526035268288
2025-05-23 04:00:00,66.7439595763558
2025-05-23 05:00:00,66.0234197706524
2025-05-23 19:00:00,66.048572849953
2025-05-23 20:00:00,63.2870250274229
2025-05-23 21:00:00,66.8148910085694
2025-05-23 22:00:00,66.2405543538544
2025-05-23 23:00:00,67.1251548410248
2025-05-24 00:00:00,66.1556592998579
2025-05-24 01:00:00,64.9612100073901
2025-05-24 02:00:00,67.2264227721004
2025-05-24 04:00:00,66.7850653637311
2025-05-24 10:00:00,65.7971647371074
2025-05-24 11:00:00,68.0032260539584
2025-05-24 12:00:00,66.9414288250126
2025-05-24 13:00:00,64.4124011941985
2025-05-24 14:00:00,
2025-05-24 15:00:00,
2025-05-24 16:00:00,
2025-05-24 17:00:00,63.7552087909625
2025-05-24 18:00:00,68.7844922844445
2025-05-24 19:00:00,66.1359027482762
2025-05-24 20:00:00,66.1979016183978
2025-05-24 21:00:00,68.0021088864098
2025-05-24 22:00:00,66.6060833212881
2025-05-24 23:00:00,63.9931070677006
2025-05-25 01:00:00,65.0641121881605
2025-05-25 02:00:00,65.4370761798026
2025-05-25 03:00:00,65.0423495986524
2025-05-25 04:00:00,66.672261273576
2025-05-25 05:00:00,66.4695326902398
2025-05-25 06:00:00,67.1264539490395
2025-05-25 11:00:00,66.8288194945728
2025-05-25 12:00:00,63.886768979707
2025-05-25 13:00:00,65.6075944253566
2025-05-25 14:00:00,64.8117090224088
2025-05-25 15:00:00,67.7424095418105
2025-05-25 16:00:00,66.7310027991706
2025-05-25 17:00:00,63.5505786146645
2025-05-25 18:00:00,
2025-05-25 19:00:00,
2025-05-25 20:00:00,65.8094819793404
2025-05-25 21:00:00,66.7130701736957
2025-05-25 22:00:00,66.4792080976959
2025-05-25 23:00:00,67.4109183510321
2025-05-26 00:00:00,66.3111373676464
2025-05-26 01:00:00,64.7613154551357
2025-05-26 02:00:00,64.8380227524149
2025-05-26 03:00:00,65.3934571754665
2025-05-26 04:00:00,64.4475631414171
2025-05-26 07:00:00,65.4076615632691
2025-05-26 10:00:00,64.2931778532309
2025-05-26 11:00:00,64.4329023127745
2025-05-26 12:00:00,64.8651639352996
2025-05-26 13:00:00,64.6788187889713
2025-05-26 14:00:00,66.953384658148
2025-05-26 15:00:00,65.8807453113914
2025-05-26 16:00:00,67.6927659623451
2025-05-26 17:00:00,65.6118624708566
2025-05-26 18:00:00,67.1605962824682
2025-05-26 19:00:00,64.4313547857504
2025-05-26 20:00:00,65.2975632453845
2025-05-26 21:00:00,65.4749018675817
2025-05-26 22:00:00,67.166032279278
2025-05-27 00:00:00,63.8652058748469
2025-05-27 01:00:00,65.670693238907
2025-05-27 02:00:00,67.2220769201758
2025-05-27 03:00:00,64.4327031882405
2025-05-27 06:00:00,68.0028883668967
2025-05-27 08:00:00,63.1209521438662
2025-05-27 11:00:00,65.7033914975952
2025-05-27 12:00:00,65.2083959818851
2025-05-27 13:00:00,65.987705763521
2025-05-27 14:00:00,65.8369913448341
2025-05-27 16:00:00,64.853355098632
2025-05-27 17:00:00,64.6576807696913
2025-05-27 18:00:00,65.3305143478267
2025-05-27 19:00:00,66.0257358719154
2025-05-27 20:00:00,
2025-05-27 21:00:00,
2025-05-27 22:00:00,64.350553291574
2025-05-27 23:00:00,64.0634004040242
2025-05-28 00:00:00,
2025-05-28 01:00:00,
2025-05-28 02:00:00,
2025-05-28 03:00:00,
2025-05-28 04:00:00,
2025-05-28 05:00:00,
2025-05-28 07:00:00,
2025-05-28 11:00:00,
2025-05-28 12:00:00,
2025-05-28 13:00:00,
2025-05-28 14:00:00,
2025-05-28 15:00:00,
2025-05-28 16:00:00,
2025-05-28 17:00:00,
2025-05-28 18:00:00,
2025-05-28 19:00:00,
2025-05-28 20:00:00,
2025-05-28 21:00:00,
2025-05-28 22:00:00,
2025-05-28 23:00:00,
2025-05-29 00:00:00,81.7380715158722
2025-05-29 01:00:00,82.3842372733621
2025-05-29 02:00:00,82.1297120667368
2025-05-29 03:00:00,81.4408343405258
2025-05-29 04:00:00,82.5183390773453
2025-05-29 05:00:00,82.3258987669488
2025-05-29 06:00:00,82.9775115800053
2025-05-29 07:00:00,81.816833133778
2025-05-29 08:00:00,82.5528757793558
2025-05-29 11:00:00,81.8904604038321
2025-05-29 12:00:00,82.0960527081159
2025-05-29 13:00:00,81.9387568676182
2025-05-29 14:00:00,81.7434019014696
2025-05-29 15:00:00,81.2301840255366
2025-05-29 16:00:00,82.4279289068589
2025-05-29 17:00:00,80.9372619780498
2025-05-29 18:00:00,82.1734202885036
2025-05-29 19:00:00,81.1989135039217
2025-05-29 20:00:00,81.5375490664843
2025-05-29 21:00:00,81.6451275355899
2025-05-29 22:00:00,82.2646477549307
2025-05-29 23:00:00,81.7591985926131
2025-05-30 00:00:00,81.7291540634158
2025-05-30 01:00:00,82.1465687754086
2025-05-30 02:00:00,81.1529187051993
2025-05-30 03:00:00,81.7064515525699
2025-05-30 04:00:00,81.7080099201657
2025-05-30 11:00:00,81.4271840650897
2025-05-30 12:00:00,82.6262859104371
2025-05-30 13:00:00,87.2639259211564
2025-05-30 14:00:00,67.7077217147174
2025-05-30 15:00:00,81.0223454040533
2025-05-30 16:00:00,81.8043444623517
2025-05-30 17:00:00,80.792335317873
2025-05-30 18:00:00,81.0252070594682
2025-05-30 19:00:00,81.005525728223
2025-05-30 20:00:00,81.113418599306
2025-05-30 21:00:00,80.7956747243556
2025-05-30 22:00:00,81.0731602152985
2025-05-30 23:00:00,81.1932411991863
2025-05-31 00:00:00,81.6595462277746
2025-05-31 01:00:00,80.9788738545794
2025-05-31 02:00:00,81.6440775295288
2025-05-31 04:00:00,80.7341617596207
2025-05-31 05:00:00,81.9022444564425
2025-05-31 06:00:00,80.5904867791855
2025-05-31 18:00:00,81.5121142578391
2025-05-31 19:00:00,81.4276867311767
2025-05-31 20:00:00,81.5548419307873
2025-05-31 23:00:00,81.1145997621193
2025-06-01 00:00:00,82.8934646168858
2025-06-01 02:00:00,78.8277254057017
2025-06-01 03:00:00,79.8729476979052
2025-06-01 04:00:00,82.3603317901416
2025-06-01 12:00:00,80.0308018583937
2025-06-01 13:00:00,80.6610698782068
2025-06-01 14:00:00,81.2514332567918
2025-06-01 15:00:00,83.5128391557631
2025-06-01 16:00:00,80.4877981024563
2025-06-01 17:00:00,80.8315288949958
2025-06-01 18:00:00,79.0874835590719
2025-06-01 19:00:00,82.3492814002786
2025-06-01 20:00:00,80.4289182985508
2025-06-01 21:00:00,81.5973059483186
2025-06-01 22:00:00,82.3142741585163
2025-06-01 23:00:00,82.3728875539555
2025-06-02 00:00:00,79.8975630019141
2025-06-02 01:00:00,78.1088060160121
2025-06-02 02:00:00,81.8185325123884
2025-06-02 03:00:00,77.3185877216293
2025-06-02 04:00:00,79.2185830473834
2025-06-02 05:00:00,83.0995692306963
2025-06-02 10:00:00,81.9743981773548
2025-06-02 12:00:00,79.9373464918804
2025-06-02 13:00:00,84.6741372538886
2025-06-02 14:00:00,76.7976686488859
2025-06-02 15:00:00,80.0399758682819
2025-06-02 16:00:00,82.5089347257133
2025-06-02 17:00:00,78.1465446784809
2025-06-02 18:00:00,83.956709690757
2025-06-02 19:00:00,80.1860998552901
2025-06-02 20:00:00,77.8697461488472
2025-06-02 21:00:00,81.7148846495194
2025-06-02 22:00:00,78.7807632303644
2025-06-02 23:00:00,80.7195027632997
2025-06-03 00:00:00,
2025-06-03 01:00:00,
2025-06-03 02:00:00,79.4828107941792
2025-06-03 03:00:00,78.3281316833599
2025-06-03 04:00:00,82.742475573677
2025-06-03 05:00:00,77.9173643467348
2025-06-03 10:00:00,81.0424501114426
2025-06-03 12:00:00,79.32368868037
2025-06-03 13:00:00,81.9101894148696
2025-06-03 14:00:00,84.4083892058844
2025-06-03 15:00:00,81.5613108628108
2025-06-03 16:00:00,80.144723396143
2025-06-03 17:00:00,84.1905493815485
2025-06-03 18:00:00,79.5532233182452
2025-06-03 19:00:00,80.9333452115983
2025-06-03 20:00:00,83.1029046413122
2025-06-03 21:00:00,81.3204234216766
2025-06-03 22:00:00,78.0281813464366
2025-06-03 23:00:00,81.2730280449851
2025-06-04 00:00:00,82.0079956155404
2025-06-04 01:00:00,83.5158334941029
2025-06-04 02:00:00,81.2923438016806
2025-06-04 03:00:00,79.3560329907619
2025-06-04 04:00:00,80.9556862799151
2025-06-04 05:00:00,80.8651935336358
2025-06-04 21:00:00,81.55098058627
2025-06-04 22:00:00,76.1687684799775
2025-06-04 23:00:00,79.6770676269809
2025-06-05 00:00:00,83.3451223242682
2025-06-05 01:00:00,77.421066808193
2025-06-05 03:00:00,79.7897126516262
2025-06-05 06:00:00,82.2436638983378
2025-06-05 10:00:00,79.4308686952367
2025-06-05 11:00:00,80.7699335644486
2025-06-05 12:00:00,80.7375220866474
2025-06-05 13:00:00,78.9994340523144
2025-06-05 14:00:00,79.3590209749058
2025-06-05 15:00:00,81.8533985994791
2025-06-05 16:00:00,84.1805648738556
2025-06-05 17:00:00,76.0778226498929
2025-06-05 18:00:00,79.1913460795478
2025-06-05 19:00:00,79.8431722312013
2025-06-05 20:00:00,82.1345314759758
2025-06-05 21:00:00,79.753043130269
2025-06-05 22:00:00,82.8049870165901
2025-06-05 23:00:00,83.3496074005006
2025-06-06 00:00:00,80.8238428971577
2025-06-06 01:00:00,83.4073480695755
2025-06-06 02:00:00,78.2068256845873
2025-06-06 03:00:00,80.857062518496
2025-06-06 06:00:00,82.0664867167155
2025-06-06 07:00:00,80.4608109542146
2025-06-06 08:00:00,79.3311033150375
2025-06-06 09:00:00,81.9539482239148
2025-06-06 10:00:00,79.1764384123899
2025-06-06 11:00:00,82.5401392726961
2025-06-06 12:00:00,81.585956220857
2025-06-06 13:00:00,81.5086092599863
2025-06-06 14:00:00,83.2675944169024
2025-06-06 15:00:00,84.4175358061471
2025-06-06 16:00:00,80.8717045616129
2025-06-06 17:00:00,82.4582005479132
2025-06-06 18:00:00,81.9753664015846
2025-06-06 19:00:00,78.0783268853872
2025-06-06 20:00:00,80.4398329596062
2025-06-06 21:00:00,80.2728451689077
2025-06-06 22:00:00,83.3137084881994
2025-06-06 23:00:00,79.8771120992814
2025-06-07 00:00:00,77.9967601741537
2025-06-07 01:00:00,85.3054419038359
2025-06-07 02:00:00,79.7370362881927
2025-06-07 04:00:00,78.2847144624215
2025-06-07 05:00:00,85.1516097823565
2025-06-07 11:00:00,82.2698305346674
2025-06-07 12:00:00,79.9820369061167
2025-06-07 13:00:00,86.751365058354
2025-06-07 14:00:00,76.1637777534863
2025-06-07 15:00:00,79.1428342878781
2025-06-07 16:00:00,81.2183636024199
2025-06-07 17:00:00,
2025-06-07 18:00:00,
2025-06-07 19:00:00,79.34593953904
2025-06-07 20:00:00,75.8593708155167
2025-06-07 21:00:00,81.8067269907742
2025-06-07 22:00:00,80.2855848684423
2025-06-07 23:00:00,79.6827865512581
2025-06-08 00:00:00,82.5357083839807
2025-06-08 01:00:00,77.5128201960186
2025-06-08 02:00:00,82.8599121136391
2025-06-08 03:00:00,79.0981957361597
2025-06-08 04:00:00,82.7998240873821
2025-06-08 05:00:00,76.7521831720383
2025-06-08 07:00:00,64.9845441058731
2025-06-08 11:00:00,
2025-06-08 12:00:00,
2025-06-08 13:00:00,
2025-06-08 14:00:00,
2025-06-08 15:00:00,
2025-06-08 16:00:00,82.8950182140105
2025-06-08 17:00:00,78.4945802997767
2025-06-08 18:00:00,77.0626665958859
2025-06-08 19:00:00,83.7186465011149
2025-06-08 20:00:00,80.7019838583813
2025-06-08 21:00:00,81.2234310317484
2025-06-08 22:00:00,78.9707617832479
2025-06-08 23:00:00,80.6273159667837
2025-06-09 00:00:00,81.4723526345297
2025-06-09 01:00:00,80.0966169133364
2025-06-09 02:00:00,74.2270060707915
2025-06-09 03:00:00,75.6345927120153
2025-06-09 04:00:00,75.9552851420598
2025-06-09 05:00:00,82.0435861141175
2025-06-09 06:00:00,73.5183808647732
2025-06-09 07:00:00,77.917290260215
2025-06-09 08:00:00,80.5671215615989
2025-06-09 10:00:00,78.7429698661234
2025-06-09 11:00:00,80.3978560413344
2025-06-09 12:00:00,68.4119505087428
2025-06-09 13:00:00,77.8383799080673
2025-06-09 14:00:00,85.0731389701098
2025-06-09 15:00:00,80.0207301975327
2025-06-09 16:00:00,82.9345920427397
2025-06-09 17:00:00,
2025-06-09 18:00:00,
2025-06-09 19:00:00,
2025-06-09 20:00:00,
2025-06-09 21:00:00,
2025-06-09 22:00:00,81.351988757079
2025-06-09 23:00:00,80.0016492449873
2025-06-10 00:00:00,79.8558316151373
2025-06-10 01:00:00,77.8521119582861
2025-06-10 02:00:00,80.1021267082005
2025-06-10 03:00:00,80.3689412439921
2025-06-10 04:00:00,84.200401129535
2025-06-10 05:00:00,82.2653169431728
2025-06-10 06:00:00,79.968614970138
2025-06-10 07:00:00,77.1037797977086
2025-06-10 20:00:00,90.3203841796159
2025-06-10 21:00:00,76.4749228071874
2025-06-10 22:00:00,81.6164860085365
2025-06-10 23:00:00,79.450028668698
2025-06-11 00:00:00,79.1746583314205
2025-06-11 01:00:00,79.780742983674
2025-06-11 02:00:00,81.7747980343296
2025-06-11 03:00:00,82.0693535840509
2025-06-11 05:00:00,81.3872416169703
2025-06-11 11:00:00,80.336532718513
2025-06-11 12:00:00,82.922992333149
2025-06-11 13:00:00,78.4586094110335
2025-06-11 14:00:00,79.6923161527227
2025-06-11 15:00:00,82.8511862059259
2025-06-11 16:00:00,78.1637985081739
2025-06-11 17:00:00,80.2442608278963
2025-06-11 18:00:00,81.4648019666294
2025-06-11 19:00:00,81.8955845357528
2025-06-11 20:00:00,79.2627141287473
2025-06-11 21:00:00,82.00693912134
2025-06-11 22:00:00,76.7107487398163
2025-06-11 23:00:00,75.6629986761689
2025-06-12 00:00:00,79.8868969988905
2025-06-12 01:00:00,81.6739209779607
2025-06-12 02:00:00,84.274117901666
2025-06-12 04:00:00,77.5971919914683
2025-06-12 05:00:00,79.5981617141865
2025-06-12 07:00:00,79.4260669236131
2025-06-12 09:00:00,80.0451837841576
2025-06-12 10:00:00,78.8391549705217
2025-06-12 11:00:00,81.2625534244415
2025-06-12 12:00:00,82.7998854734065
2025-06-12 13:00:00,79.7298805153133
2025-06-12 14:00:00,78.368752783827
2025-06-12 15:00:00,80.0053258693448
2025-06-12 16:00:00,75.6392100460994
2025-06-12 17:00:00,78.6694809164055
2025-06-12 18:00:00,84.1552946257592
2025-06-12 19:00:00,74.1274427544484
2025-06-12 20:00:00,78.6646915294137
2025-06-12 21:00:00,83.3755573108524
2025-06-12 22:00:00,78.2165366900871
2025-06-12 23:00:00,78.4588843343299
2025-06-13 00:00:00,83.940234709335
2025-06-13 01:00:00,81.5123867858806
2025-06-13 02:00:00,75.4173213935731
2025-06-13 03:00:00,78.6088047498972
2025-06-13 04:00:00,80.0477435191769
2025-06-13 06:00:00,80.6018902639411
2025-06-13 09:00:00,84.4584391627256
2025-06-13 10:00:00,82.3598702877976
2025-06-13 11:00:00,78.157340048652
2025-06-13 12:00:00,81.6569852154392
2025-06-13 13:00:00,81.1306702497604
2025-06-13 14:00:00,81.7302253151502
2025-06-13 15:00:00,80.8395030959681
2025-06-13 16:00:00,76.8957573209227
2025-06-13 17:00:00,82.194383795611
2025-06-14 10:00:00,77.3657869999182
2025-06-14 11:00:00,80.1219604466547
2025-06-14 12:00:00,80.5405531904494
2025-06-14 13:00:00,78.7062251117474
2025-06-14 14:00:00,81.0303497726034
2025-06-14 15:00:00,80.1912548928413
2025-06-14 16:00:00,73.9973799813627
2025-06-14 17:00:00,79.9435741651295
2025-06-14 18:00:00,82.3525328565307
2025-06-14 19:00:00,79.0323271622864
2025-06-14 20:00:00,76.4740443009647
2025-06-14 21:00:00,82.347513422555
2025-06-14 22:00:00,80.8114330671485
2025-06-14 23:00:00,81.8937361195212
2025-06-15 00:00:00,81.8204732831937
2025-06-15 01:00:00,79.7917487470829
2025-06-15 02:00:00,101.727526524274
2025-06-15 03:00:00,80.1203479187682
2025-06-15 04:00:00,79.9487406554728
2025-06-15 05:00:00,80.2563463138587
2025-06-15 06:00:00,74.5034749329473
2025-06-15 07:00:00,75.6947645479035
2025-06-15 10:00:00,80.2666697190259
2025-06-15 11:00:00,81.5564929921229
2025-06-15 12:00:00,79.7865991609252
2025-06-15 13:00:00,79.8324674696971
2025-06-15 14:00:00,83.1714757340313
2025-06-15 15:00:00,75.8231919996736
2025-06-15 16:00:00,77.6658409739553
2025-06-15 17:00:00,77.0194115040712
2025-06-15 18:00:00,79.3512647940734
2025-06-15 19:00:00,76.0117077143281
2025-06-15 20:00:00,78.8409087484203
2025-06-15 21:00:00,78.0660055404558
2025-06-15 22:00:00,78.8796852022201
2025-06-15 23:00:00,73.8477433828993
2025-06-16 00:00:00,80.4607193749617
2025-06-16 01:00:00,82.4333011498254
2025-06-16 02:00:00,80.3296743880159
2025-06-16 03:00:00,77.8570892510747
2025-06-16 04:00:00,73.7324700428271
2025-06-16 05:00:00,81.452890522018
2025-06-16 11:00:00,78.3334058966243
2025-06-16 12:00:00,80.8647410273221
2025-06-16 13:00:00,78.5561029535395
2025-06-16 14:00:00,82.0672741247744
2025-06-16 15:00:00,77.9637861640311
2025-06-16 16:00:00,80.1441139591879
2025-06-16 17:00:00,81.5122974979213
2025-06-16 18:00:00,82.0090876120526
2025-06-16 19:00:00,82.037571801894
2025-06-16 20:00:00,81.5936499513681
2025-06-16 21:00:00,81.7590961557476
2025-06-16 22:00:00,81.4421544327686
2025-06-16 23:00:00,78.574684964198
2025-06-17 00:00:00,76.371280485684
2025-06-17 01:00:00,77.2945267403105
2025-06-17 02:00:00,78.2656700004992
2025-06-17 03:00:00,81.0140791382992
2025-06-17 11:00:00,75.9352492096939
2025-06-17 12:00:00,82.5998269886558
2025-06-17 13:00:00,82.051120479367
2025-06-17 14:00:00,79.5008318732949
2025-06-17 15:00:00,78.7626698115181
2025-06-17 16:00:00,77.8925222327455
2025-06-17 17:00:00,83.12707503375
2025-06-17 18:00:00,78.155883074143
2025-06-17 19:00:00,81.499479645745
2025-06-17 20:00:00,78.0733300563337
2025-06-17 21:00:00,77.1580172774334
2025-06-17 22:00:00,77.7682116152186
2025-06-17 23:00:00,81.4471687097051
2025-06-18 00:00:00,73.7311819164542
2025-06-18 01:00:00,77.8871573213708
2025-06-18 02:00:00,76.9342763049315
2025-06-18 03:00:00,80.220717924224
2025-06-18 04:00:00,78.7087899818973
2025-06-18 05:00:00,78.0538941733514
2025-06-18 06:00:00,77.2173196620669
2025-06-18 07:00:00,79.6802304959468
2025-06-18 08:00:00,77.7200984564387
2025-06-18 11:00:00,83.7298946209313
2025-06-18 12:00:00,84.3793969561316
2025-06-18 13:00:00,79.2064098475936
2025-06-18 14:00:00,78.7773395827396
2025-06-18 15:00:00,76.7766811207822
2025-06-18 16:00:00,78.2751439034034
2025-06-18 17:00:00,79.7812649466202
2025-06-18 18:00:00,78.544975963398
2025-06-18 19:00:00,82.4120545396803
2025-06-18 20:00:00,77.6055552579995
2025-06-18 21:00:00,79.7452128958798
2025-06-18 22:00:00,76.1977249048676
2025-06-19 10:00:00,80.453642685269
2025-06-19 11:00:00,78.3415461263221
2025-06-19 12:00:00,76.4043578998091
2025-06-19 13:00:00,77.3518391967063
2025-06-19 14:00:00,78.0877300389996
2025-06-19 15:00:00,75.1508357979591
2025-06-19 16:00:00,74.3310513414899
2025-06-19 17:00:00,81.1427706755433
2025-06-19 18:00:00,80.3898448962792
2025-06-19 19:00:00,75.6290736719411
2025-06-19 20:00:00,77.8907189179065
2025-06-19 21:00:00,78.7952589242893
2025-06-19 22:00:00,78.197997219611
2025-06-19 23:00:00,79.4654589988594
2025-06-20 00:00:00,78.8327158331272
2025-06-20 01:00:00,84.6969018345493
2025-06-20 02:00:00,76.6242877832641
2025-06-20 03:00:00,77.8480481333018
2025-06-20 04:00:00,77.5327106741178
2025-06-20 05:00:00,84.085134548783
2025-06-20 10:00:00,78.4870635563027
2025-06-20 11:00:00,81.3301912561018
2025-06-20 13:00:00,77.4015755663977
2025-06-20 14:00:00,80.5019744094547
2025-06-20 15:00:00,76.8350285186117
2025-06-20 16:00:00,
2025-06-20 17:00:00,
2025-06-20 18:00:00,
2025-06-20 19:00:00,
2025-06-20 20:00:00,
2025-06-20 21:00:00,77.6538902685006
2025-06-20 22:00:00,74.914240206422
2025-06-20 23:00:00,77.117813517458
2025-06-21 00:00:00,78.9296889471004
2025-06-21 01:00:00,78.1732129213775
2025-06-21 02:00:00,75.6480576027034
2025-06-21 03:00:00,76.0598513331031
2025-06-21 12:00:00,77.5411243935985
2025-06-21 13:00:00,81.7254539509626
2025-06-21 14:00:00,77.0867787086351
2025-06-21 15:00:00,77.1859243319459
2025-06-21 16:00:00,75.2683332851068
2025-06-21 17:00:00,74.3017489782267
2025-06-21 18:00:00,75.4529779838203
2025-06-21 19:00:00,78.6791633813392
2025-06-21 20:00:00,81.1514419522586
2025-06-21 21:00:00,79.422031593382
2025-06-21 22:00:00,77.552836600058
2025-06-21 23:00:00,75.2173279534476
2025-06-22 00:00:00,76.6267079863586
2025-06-22 01:00:00,77.8614913303489
2025-06-22 03:00:00,80.2610539199573
2025-06-22 04:00:00,72.2060111706354
2025-06-22 21:00:00,76.3169996523419
2025-06-22 22:00:00,75.922734326205
2025-06-22 23:00:00,75.1301852325095
2025-06-23 00:00:00,74.8535601953858
2025-06-23 01:00:00,82.0129033225724
2025-06-23 02:00:00,76.9973723474843
2025-06-23 03:00:00,75.4891085562205
2025-06-23 04:00:00,
2025-06-23 05:00:00,
2025-06-23 06:00:00,80.0774751743529
2025-06-23 07:00:00,79.554184445779
2025-06-23 10:00:00,78.2463405588301
2025-06-23 11:00:00,80.3487968410204
2025-06-23 13:00:00,78.3294997423526
2025-06-23 14:00:00,79.4558961547484
2025-06-23 15:00:00,79.7571806865541
2025-06-23 16:00:00,76.2683617807976
2025-06-23 17:00:00,80.0134326928806
2025-06-23 18:00:00,76.8063332395572
2025-06-23 19:00:00,80.8551736100982
2025-06-23 20:00:00,77.724156572717
2025-06-23 21:00:00,77.427244111117
2025-06-23 22:00:00,76.1636091452955
2025-06-24 00:00:00,77.4208749957569
2025-06-24 01:00:00,79.0183416318526
2025-06-24 02:00:00,76.6095775194958
2025-06-24 03:00:00,80.9306757508374
2025-06-24 04:00:00,76.3740639771401
2025-06-24 05:00:00,76.660049857747
2025-06-24 06:00:00,75.736149783911
2025-06-24 10:00:00,79.1511968696573
2025-06-24 12:00:00,75.8329751095905
2025-06-24 23:00:00,80.5640248249932
2025-06-25 00:00:00,77.7917611974504
2025-06-25 03:00:00,80.1821040690183
2025-06-25 04:00:00,77.2423970142079
2025-06-25 11:00:00,78.0424115077314
2025-06-25 12:00:00,77.616912243494
2025-06-25 13:00:00,75.9669114739003
2025-06-25 14:00:00,72.8886414804722
2025-06-25 15:00:00,94.4690361941005
2025-06-25 16:00:00,79.2648924728857
2025-06-25 17:00:00,77.7519753989078
2025-06-25 18:00:00,73.9034405977832
2025-06-25 19:00:00,79.2184787705321
2025-06-25 20:00:00,75.832589934481
2025-06-25 21:00:00,75.4193958365746
2025-06-25 22:00:00,73.8019671574389
2025-06-25 23:00:00,78.9124666909353
2025-06-26 00:00:00,74.8214846488681
2025-06-26 01:00:00,82.3269876300695
2025-06-26 02:00:00,78.3965557517549
2025-06-26 03:00:00,77.5261588357544
2025-06-26 05:00:00,77.5312902842316
2025-06-26 06:00:00,78.5543201673323
2025-06-26 08:00:00,76.3347188170102
2025-06-26 10:00:00,78.9547831370482
2025-06-26 11:00:00,82.6498993633595
2025-06-26 12:00:00,76.9714817217826
2025-06-26 13:00:00,77.5083697732959
2025-06-26 14:00:00,82.3570308809264
2025-06-26 16:00:00,77.0348967859134
2025-06-26 17:00:00,73.9618635923989
2025-06-26 18:00:00,76.5663971313444
2025-06-26 19:00:00,75.8644982922129
2025-06-26 20:00:00,79.283872627615
2025-06-26 21:00:00,78.4709388655839
2025-06-26 22:00:00,76.3129582275713
2025-06-26 23:00:00,77.9087469930954
2025-06-27 00:00:00,76.3765694563966
2025-06-27 01:00:00,78.8838297379902
2025-06-27 02:00:00,80.3703064599363
2025-06-27 03:00:00,78.7642601706468
2025-06-27 04:00:00,76.449415324009
2025-06-27 10:00:00,76.6958138294428
2025-06-27 11:00:00,78.4156394962492
2025-06-27 12:00:00,78.8708306012002
2025-06-27 14:00:00,74.9378446839985
2025-06-27 15:00:00,76.6068326441051
2025-06-27 16:00:00,75.6256517283021
2025-06-27 17:00:00,78.3702585939109
2025-06-27 18:00:00,79.741241930536
2025-06-27 19:00:00,74.4062696592855
2025-06-28 00:00:00,71.8632557011968
2025-06-28 02:00:00,78.3202425431818
2025-06-28 03:00:00,79.0343559922345
2025-06-28 04:00:00,79.2908030679847
2025-06-28 07:00:00,72.880017904018
2025-06-28 11:00:00,78.7127831140426
2025-06-28 12:00:00,76.7373843119036
2025-06-28 13:00:00,79.1370291201097
2025-06-28 14:00:00,81.3438498677589
2025-06-28 15:00:00,74.1116968483249
2025-06-28 16:00:00,80.1443461229648
2025-06-28 17:00:00,75.5893535032513
2025-06-28 18:00:00,77.1367702314705
2025-06-28 19:00:00,78.5609085217948
2025-06-28 20:00:00,79.5451823103719
2025-06-28 21:00:00,75.2625835414357
2025-06-28 22:00:00,77.8804753552994
2025-06-28 23:00:00,73.8737471756173
2025-06-29 00:00:00,78.9341549729355
2025-06-29 01:00:00,73.2438572833965
2025-06-29 02:00:00,78.1964140916535
2025-06-29 03:00:00,74.2764060891978
2025-06-29 04:00:00,79.5051950562623
2025-06-29 07:00:00,77.3043246176787
2025-06-29 12:00:00,78.7726549598639
2025-06-29 13:00:00,76.081537317729
2025-06-29 14:00:00,77.7609178985419
2025-06-29 15:00:00,81.4002907174044
2025-06-29 16:00:00,78.0551256252033
2025-06-29 17:00:00,78.3458858571291
2025-06-29 18:00:00,75.1920594922917
2025-06-29 19:00:00,78.5756140297724
2025-06-29 20:00:00,79.423964304529
2025-06-29 21:00:00,78.9792395345617
2025-06-29 22:00:00,79.605106251003
2025-06-29 23:00:00,80.5668762081945
2025-06-30 00:00:00,80.2658562525578
2025-06-30 01:00:00,75.3324946939836
2025-06-30 02:00:00,75.5636086251844
2025-06-30 03:00:00,80.9671313131041
2025-06-30 04:00:00,78.0932130450034
2025-06-30 06:00:00,75.7030186704298
2025-06-30 07:00:00,77.8692090869448
2025-06-30 22:00:00,72.456271351506
2025-06-30 23:00:00,77.4926624072153
2025-07-01 00:00:00,74.2116210825218
2025-07-01 01:00:00,
2025-07-01 02:00:00,
2025-07-01 03:00:00,77.6787761511055
2025-07-01 04:00:00,74.5037991049387
2025-07-01 05:00:00,76.9578067277479
2025-07-01 07:00:00,78.7499052768473
2025-07-01 10:00:00,78.4957960242298
2025-07-01 12:00:00,76.6231702681148
2025-07-01 13:00:00,75.5777158172561
2025-07-01 14:00:00,79.0355112902629
2025-07-01 15:00:00,79.1378806582546
2025-07-01 16:00:00,72.380122877199
2025-07-01 17:00:00,77.0613070901363
2025-07-01 18:00:00,81.3306287984819
2025-07-01 19:00:00,72.1027593569136
2025-07-01 20:00:00,77.0042078927639
2025-07-01 21:00:00,57.3757379263855
2025-07-01 22:00:00,79.7011793788601
2025-07-01 23:00:00,76.8075286033247
2025-07-02 00:00:00,75.2005820325153
2025-07-02 01:00:00,76.4243827824927
2025-07-02 02:00:00,79.5650540760756
2025-07-02 03:00:00,79.146016511636
2025-07-02 04:00:00,75.8490071984803
2025-07-02 05:00:00,76.0509585805213
2025-07-02 11:00:00,82.2285302141924
2025-07-02 12:00:00,77.1522379853995
2025-07-02 13:00:00,81.9114667499753
2025-07-02 14:00:00,79.8247694422795
2025-07-02 15:00:00,79.357470808772
2025-07-02 16:00:00,79.0079841115977
2025-07-02 17:00:00,77.9726797235021
2025-07-02 18:00:00,79.4814695950786
2025-07-02 19:00:00,76.6428519376155
2025-07-03 10:00:00,73.7188587104141
2025-07-03 12:00:00,77.324427600057
2025-07-03 13:00:00,75.2317990501226
2025-07-03 16:00:00,72.9251527374669
2025-07-03 17:00:00,81.9833317318521
2025-07-03 18:00:00,76.670603171458
2025-07-03 19:00:00,75.2739930303004
2025-07-03 20:00:00,77.5442338053928
2025-07-03 21:00:00,78.2834476807782
2025-07-03 22:00:00,71.5586458701063
2025-07-03 23:00:00,78.8987345639031
2025-07-04 00:00:00,70.7883489419108
2025-07-04 02:00:00,75.6434290069152
2025-07-04 03:00:00,76.4790250251995
2025-07-04 04:00:00,73.7334496251769
2025-07-04 05:00:00,74.3975770802804
2025-07-04 06:00:00,75.7278500969213
2025-07-04 07:00:00,77.934320779676
2025-07-04 09:00:00,69.5433828445291
2025-07-04 11:00:00,77.6537107563356
2025-07-04 12:00:00,70.1177183824927
2025-07-04 13:00:00,80.2620539232263
2025-07-04 14:00:00,76.5198027963957
2025-07-04 15:00:00,74.3514710858192
2025-07-04 16:00:00,76.571883952904
2025-07-04 17:00:00,78.4903120246348
2025-07-04 18:00:00,73.3492410117133
2025-07-04 19:00:00,80.052931120692
2025-07-04 21:00:00,78.962836274855
2025-07-04 22:00:00,84.5868293850475
2025-07-04 23:00:00,83.6817117729771
2025-07-05 00:00:00,75.7757046893208
2025-07-05 01:00:00,76.4758004664
2025-07-05 02:00:00,79.0321660247509
2025-07-05 03:00:00,77.2026805294223
2025-07-05 04:00:00,76.5822714149175
2025-07-05 05:00:00,80.1521015120819
2025-07-05 06:00:00,76.3970157342027
2025-07-05 07:00:00,71.7369010039172
2025-07-05 08:00:00,72.3069169489694
2025-07-05 09:00:00,79.7265994624812
2025-07-05 10:00:00,72.3681272076354
2025-07-05 11:00:00,73.1157095961684
2025-07-05 12:00:00,76.4374814387658
2025-07-05 13:00:00,77.7942869737224
2025-07-05 14:00:00,77.3081623546692
2025-07-05 15:00:00,75.5501036872695
2025-07-05 16:00:00,80.7210142890882
2025-07-05 17:00:00,77.4003476250862
2025-07-05 18:00:00,74.1256547935186
2025-07-05 19:00:00,73.8092925149848
2025-07-05 20:00:00,72.7029431419932
2025-07-06 12:00:00,77.4575105482061
2025-07-06 13:00:00,74.0603484277565
2025-07-06 14:00:00,74.6543811699026
2025-07-06 15:00:00,81.5589817322183
2025-07-06 16:00:00,73.8139171918029
2025-07-06 17:00:00,81.533976111046
2025-07-06 18:00:00,75.8481309792408
2025-07-06 19:00:00,74.1560993935245
2025-07-06 20:00:00,71.4870511716105
2025-07-06 21:00:00,75.1394373684226
2025-07-06 22:00:00,74.8093424487716
2025-07-06 23:00:00,73.0850999669833
2025-07-07 00:00:00,73.691982536514
2025-07-07 01:00:00,77.5550415994552
2025-07-07 02:00:00,74.8248049908584
2025-07-07 03:00:00,71.7579810532081
2025-07-07 04:00:00,78.1059639453197
2025-07-07 05:00:00,70.8487304656205
2025-07-07 07:00:00,75.6270335760186
2025-07-07 08:00:00,83.2543895362253
2025-07-07 09:00:00,74.7648950817828
2025-07-07 10:00:00,77.1587496810355
2025-07-07 11:00:00,82.0299677075977
2025-07-07 12:00:00,73.8928259158891
2025-07-07 13:00:00,74.1796483483934
2025-07-07 14:00:00,78.016445483029
2025-07-07 15:00:00,78.5570241749305
2025-07-07 16:00:00,77.7872597808936
2025-07-07 17:00:00,77.6566029011693
2025-07-07 18:00:00,71.338339112212
2025-07-07 19:00:00,77.1214821737261
2025-07-07 20:00:00,84.5975652109768
2025-07-07 21:00:00,69.3161952139047
2025-07-07 22:00:00,85.904707655636
2025-07-07 23:00:00,78.387695124764
2025-07-08 00:00:00,76.9493285236516
2025-07-08 01:00:00,85.8876855340152
2025-07-08 02:00:00,76.5498114869501
2025-07-08 03:00:00,72.825068066034
2025-07-08 05:00:00,81.3061456731848
2025-07-08 11:00:00,74.9288183171494
2025-07-08 12:00:00,77.709037854702
2025-07-08 13:00:00,72.5924939411051
2025-07-08 14:00:00,76.6613566655798
2025-07-08 15:00:00,73.210511443555
2025-07-08 16:00:00,73.6160773073955
2025-07-08 17:00:00,82.9900499821097
2025-07-08 18:00:00,79.335840166777
2025-07-08 19:00:00,79.0044543345496
2025-07-08 20:00:00,74.5148883472558
2025-07-08 21:00:00,73.3379568468735
2025-07-08 22:00:00,72.5552245093211
2025-07-08 23:00:00,76.9582548254894
2025-07-09 00:00:00,77.241813131413
2025-07-09 01:00:00,72.2633209694133
2025-07-09 02:00:00,81.6878187723188
2025-07-09 03:00:00,66.8835614120333
2025-07-09 04:00:00,75.6995098410377
2025-07-09 05:00:00,75.7450375699689
2025-07-09 10:00:00,75.8159101558903
2025-07-09 11:00:00,71.8139649244198
2025-07-09 12:00:00,78.1245008928552
2025-07-09 13:00:00,81.5838616714709
2025-07-09 14:00:00,80.1443715595137
2025-07-09 15:00:00,79.047929775207
2025-07-09 16:00:00,72.4931595584701
2025-07-09 17:00:00,78.1995301403688
2025-07-09 18:00:00,75.1547206835859
2025-07-09 19:00:00,79.504916221342
2025-07-09 20:00:00,75.3992508832542
2025-07-09 21:00:00,72.6955796199412
2025-07-09 22:00:00,81.9184123072065
2025-07-09 23:00:00,74.4954552212263
2025-07-10 00:00:00,77.9971206458669
2025-07-10 12:00:00,76.7040792172448
2025-07-10 13:00:00,77.3538627027468
2025-07-10 14:00:00,77.6039070363548
2025-07-10 15:00:00,73.473976458776
2025-07-10 16:00:00,78.6040653232976
2025-07-10 17:00:00,78.036653378416
2025-07-10 18:00:00,78.1728221346118
2025-07-10 19:00:00,75.9355199676083
2025-07-10 20:00:00,67.5457663101548
2025-07-10 21:00:00,75.6977635347667
2025-07-10 22:00:00,80.8398363976225
2025-07-10 23:00:00,75.1030631802706
2025-07-11 00:00:00,77.29484101082
2025-07-11 01:00:00,75.9633016042952
2025-07-11 02:00:00,75.724264325736
2025-07-11 03:00:00,69.7005384341267
2025-07-11 04:00:00,68.4744880920052
2025-07-11 05:00:00,77.08279212473
2025-07-11 06:00:00,78.2249442324768
2025-07-11 10:00:00,78.5287802058751
2025-07-11 11:00:00,69.8258128432376
2025-07-11 12:00:00,80.0923814936448
2025-07-11 13:00:00,75.2722303261891
2025-07-11 14:00:00,74.6118368386827
2025-07-11 15:00:00,69.446530868017
2025-07-11 16:00:00,73.4025201322148
2025-07-11 17:00:00,82.843329565378
2025-07-11 18:00:00,72.3469161124024
2025-07-11 19:00:00,73.3460973362285
2025-07-11 20:00:00,70.7206175760286
2025-07-11 21:00:00,75.6322569064381
2025-07-11 22:00:00,75.4685218353335
2025-07-11 23:00:00,75.2984355840411
2025-07-12 00:00:00,78.0799404377797
2025-07-12 01:00:00,73.6239722062641
2025-07-12 02:00:00,65.3265333212908
2025-07-12 03:00:00,77.5349036398167
2025-07-12 05:00:00,68.3509376074036
2025-07-12 06:00:00,75.1528744608586
2025-07-12 07:00:00,79.6667576403174
2025-07-12 11:00:00,79.4083383933968
2025-07-12 12:00:00,73.897755715432
2025-07-12 13:00:00,68.8673674096157
2025-07-12 14:00:00,73.6444973372718
2025-07-12 15:00:00,78.2398948232309
2025-07-12 16:00:00,73.9607263746176
2025-07-12 17:00:00,72.650396189487
2025-07-12 18:00:00,79.1090894374929
2025-07-12 19:00:00,71.500921397453
2025-07-12 20:00:00,75.6474254325397
2025-07-12 21:00:00,76.5797800167807
2025-07-12 22:00:00,87.5897938714447
2025-07-12 23:00:00,71.1516854977466
2025-07-13 00:00:00,76.3242805047884
2025-07-13 01:00:00,74.4616583233997
2025-07-13 02:00:00,77.4983766549367
2025-07-13 03:00:00,65.0355176614856
2025-07-13 04:00:00,70.3842556780616
2025-07-13 05:00:00,81.0348853763377
2025-07-13 06:00:00,75.8243559237869
2025-07-13 07:00:00,77.8723827957501
2025-07-13 09:00:00,73.9179026906767
2025-07-13 11:00:00,87.3486361341779
2025-07-13 12:00:00,80.3481520092703
2025-07-13 13:00:00,73.7682785783616
2025-07-13 14:00:00,76.492977715381
2025-07-13 15:00:00,71.789740153112
2025-07-13 16:00:00,70.5280906439692
2025-07-13 17:00:00,73.8339227673651
2025-07-13 18:00:00,73.3561038107351
2025-07-13 19:00:00,80.0804396820136
2025-07-13 20:00:00,80.5184023567089
2025-07-13 21:00:00,71.3610275227022
2025-07-13 22:00:00,76.6382146084211
2025-07-13 23:00:00,79.0473010666044
2025-07-14 00:00:00,68.1483745900986
2025-07-14 01:00:00,76.4824635010296
2025-07-14 02:00:00,66.8971307925887
2025-07-14 03:00:00,74.1191523836517
2025-07-14 04:00:00,70.8588311374995
2025-07-14 05:00:00,81.077942775136
2025-07-14 10:00:00,78.3682038335993
2025-07-14 11:00:00,70.2324036642368
2025-07-14 12:00:00,75.4911316601227
2025-07-14 13:00:00,72.4916100805961
2025-07-14 14:00:00,77.0161011485738
2025-07-14 15:00:00,80.8127410826609
2025-07-14 16:00:00,74.8007583842727
2025-07-14 17:00:00,81.6262143190052
2025-07-14 18:00:00,77.1043580574939
2025-07-14 19:00:00,72.4625170492677
2025-07-14 20:00:00,82.3924770218305
2025-07-14 21:00:00,78.280928356903
2025-07-14 22:00:00,78.4628117706184
2025-07-14 23:00:00,75.708102693185
2025-07-15 00:00:00,76.4571586067938
2025-07-15 01:00:00,81.9768931153946
2025-07-15 02:00:00,77.06768774112
2025-07-16 21:00:00,74.8103056133057
2025-07-16 22:00:00,78.1262549461709
2025-07-16 23:00:00,78.7474140982319
2025-07-17 00:00:00,76.6400494552115
2025-07-17 01:00:00,84.3257603145561
2025-07-17 02:00:00,77.2261195654044
2025-07-17 03:00:00,68.6733514109984
2025-07-17 04:00:00,76.4404332396005
2025-07-17 05:00:00,71.8312966284965
2025-07-17 11:00:00,79.4926960881567
2025-07-17 12:00:00,73.8642505271787
2025-07-17 13:00:00,72.1464622365306
2025-07-17 14:00:00,72.4003504470721
2025-07-17 15:00:00,75.6291754036356
2025-07-17 16:00:00,75.1204125407054
2025-07-17 17:00:00,72.0301602351928
2025-07-17 18:00:00,70.3571848396281
2025-07-17 19:00:00,73.9996740512643
2025-07-17 20:00:00,
2025-07-17 21:00:00,
2025-07-17 22:00:00,77.7350872421776
2025-07-17 23:00:00,78.4353496587743
2025-07-18 00:00:00,66.0183617545539
2025-07-18 01:00:00,70.6394044010864
2025-07-18 02:00:00,72.0512376742536
2025-07-18 03:00:00,78.4288444475981
2025-07-18 04:00:00,73.4461614624497
2025-07-18 07:00:00,67.7242429494501
2025-07-18 08:00:00,73.4803710221457
2025-07-18 10:00:00,75.9788902823856
2025-07-18 11:00:00,78.8816549357667
2025-07-18 12:00:00,72.4098687837222
2025-07-18 13:00:00,73.0469393161974
2025-07-18 14:00:00,75.5874956342882
2025-07-18 15:00:00,76.2735217200749
2025-07-18 16:00:00,61.7353288527604
2025-07-18 17:00:00,76.5736005491734
2025-07-18 18:00:00,77.3102315672859
2025-07-18 19:00:00,72.7019661622045
2025-07-18 20:00:00,71.8789584133559
2025-07-18 22:00:00,69.4745638600563
2025-07-18 23:00:00,75.652524053398
2025-07-19 00:00:00,74.5854931081609
2025-07-19 01:00:00,73.6078327816424
2025-07-19 02:00:00,74.8791945470676
2025-07-19 03:00:00,75.6694038580897
2025-07-19 04:00:00,69.079116567414
2025-07-19 14:00:00,71.4478412701341
2025-07-19 15:00:00,76.9500049529317
2025-07-19 16:00:00,71.7579120489008
2025-07-19 17:00:00,69.8142816524792
2025-07-19 18:00:00,73.6012364148882
2025-07-19 19:00:00,69.6672095011994
2025-07-19 20:00:00,70.7410927383592
2025-07-19 21:00:00,74.2421291227207
2025-07-19 22:00:00,71.4355841433975
2025-07-19 23:00:00,80.0360722205537
2025-07-20 00:00:00,72.5976885893759
2025-07-20 01:00:00,72.3932323580107
2025-07-20 02:00:00,82.2985525880489
2025-07-20 03:00:00,76.0477190467459
2025-07-20 04:00:00,70.5769151649319
2025-07-20 05:00:00,74.5493413386055
2025-07-20 06:00:00,57.0927431973147
2025-07-20 07:00:00,76.9489003147688
2025-07-20 08:00:00,56.0127276487303
2025-07-20 09:00:00,
2025-07-20 10:00:00,73.8905841475894
2025-07-20 23:00:00,78.9412228156135
2025-07-21 00:00:00,
2025-07-21 01:00:00,
2025-07-21 02:00:00,
2025-07-21 03:00:00,
2025-07-21 04:00:00,
2025-07-21 05:00:00,
2025-07-21 06:00:00,
2025-07-21 10:00:00,
2025-07-21 11:00:00,
2025-07-21 12:00:00,
2025-07-21 13:00:00,
2025-07-21 14:00:00,
2025-07-21 15:00:00,
2025-07-21 16:00:00,
2025-07-21 17:00:00,
2025-07-21 18:00:00,
2025-07-21 19:00:00,
2025-07-21 20:00:00,
2025-07-21 23:00:00,
2025-07-22 00:00:00,94.193948590248
2025-07-22 01:00:00,89.2643602489111
2025-07-22 02:00:00,92.8493698409937
2025-07-22 03:00:00,96.2959494313609
2025-07-22 04:00:00,93.9594062451675
2025-07-22 05:00:00,94.6875279168893
2025-07-22 06:00:00,91.6279332868897
2025-07-22 09:00:00,93.2768750194507
2025-07-22 10:00:00,93.4695742652971
2025-07-22 11:00:00,92.5615279990557
2025-07-22 14:00:00,91.3611659870798
2025-07-22 15:00:00,90.3302189983033
2025-07-22 16:00:00,91.5051544895376
2025-07-22 18:00:00,89.8988195761083
2025-07-22 19:00:00,94.6635977065842
2025-07-22 20:00:00,93.3137947778165
2025-07-22 21:00:00,96.4273157511681
2025-07-22 22:00:00,93.9745071912633
2025-07-22 23:00:00,89.5540316121734
2025-07-23 00:00:00,97.0129401715581
2025-07-23 01:00:00,89.7756236325765
2025-07-23 02:00:00,91.6992110744383
2025-07-23 03:00:00,94.1154491359911
2025-07-23 04:00:00,90.2623736613718
2025-07-23 12:00:00,90.6268712073002
2025-07-23 13:00:00,93.2925786445347
2025-07-23 14:00:00,94.2201136742295
2025-07-23 15:00:00,
2025-07-23 16:00:00,
2025-07-23 17:00:00,
2025-07-23 18:00:00,
2025-07-23 19:00:00,92.5973693693592
2025-07-23 20:00:00,91.9935497324185
2025-07-23 21:00:00,91.383611592081
2025-07-23 22:00:00,92.3124732239443
2025-07-23 23:00:00,92.2640759104718
2025-07-24 00:00:00,93.6719644435592
2025-07-24 01:00:00,92.2770711771381
2025-07-24 02:00:00,92.6361874752026
2025-07-24 03:00:00,93.9472681769686
2025-07-24 04:00:00,93.8739473538266
2025-07-24 05:00:00,93.1811158243012
2025-07-24 10:00:00,90.2340480844897
2025-07-24 11:00:00,88.9167025564969
2025-07-24 12:00:00,96.2242848020591
2025-07-25 02:00:00,90.4509931521503
2025-07-25 03:00:00,88.9719828924767
2025-07-25 04:00:00,88.1185334717521
2025-07-25 05:00:00,93.3639870387588
2025-07-25 06:00:00,95.9780219491332
2025-07-25 07:00:00,84.5581428136859
2025-07-25 08:00:00,85.716766557427
2025-07-25 09:00:00,90.256779353815
2025-07-25 10:00:00,91.825722386744
2025-07-25 11:00:00,92.3749636383736
2025-07-25 12:00:00,92.743090992488
2025-07-25 13:00:00,92.0262399847658
2025-07-25 14:00:00,92.9877635112235
2025-07-25 15:00:00,96.9470657523982
2025-07-25 16:00:00,91.2846083725171
2025-07-25 17:00:00,92.6750324930653
2025-07-25 18:00:00,91.9126846996071
2025-07-25 19:00:00,95.9860356044127
2025-07-25 20:00:00,91.7512518413562
2025-07-25 21:00:00,90.3320895370025
2025-07-25 22:00:00,95.6735739337495
2025-07-26 00:00:00,94.1147689075613
2025-07-26 01:00:00,93.6672219459678
2025-07-26 02:00:00,94.9862368028283
2025-07-26 03:00:00,92.3238727059737
2025-07-26 04:00:00,86.2171612064915
2025-07-26 05:00:00,92.2775054925388
2025-07-26 06:00:00,84.7375852663196
2025-07-26 07:00:00,92.0468345233264
2025-07-26 08:00:00,88.9698737040335
2025-07-26 09:00:00,88.4621054245476
2025-07-26 10:00:00,97.3175047349962
2025-07-26 11:00:00,92.2690066655981
2025-07-26 12:00:00,91.3781875579683
2025-07-26 13:00:00,93.415321688931
2025-07-26 14:00:00,93.011786980538
2025-07-26 15:00:00,80.9568004464906
2025-07-26 16:00:00,97.1239034024548
2025-07-26 17:00:00,91.5052465779407
2025-07-26 18:00:00,98.0512667885791
2025-07-26 19:00:00,94.0517315066676
2025-07-26 20:00:00,94.6005119388836
2025-07-26 21:00:00,92.5982991954798
2025-07-26 22:00:00,103.454985285622
2025-07-26 23:00:00,91.3999152067003
2025-07-27 00:00:00,88.3169265862259
2025-07-27 01:00:00,91.222462968276
2025-07-27 02:00:00,98.4529401840577
2025-07-27 03:00:00,92.4993039925784
2025-07-27 04:00:00,84.5717262111656
2025-07-27 10:00:00,89.9677833233144
2025-07-27 11:00:00,85.5782111072163
2025-07-27 12:00:00,92.974572886658
2025-07-27 13:00:00,92.2244632346211
2025-07-27 14:00:00,92.7995377779598
2025-07-27 15:00:00,96.1750397412304
2025-07-27 16:00:00,97.1603826824115
2025-07-27 17:00:00,94.1883605485283
2025-07-27 18:00:00,84.7719127035586
2025-07-27 19:00:00,88.0476461406129
2025-07-27 20:00:00,98.3643016972488
2025-07-27 21:00:00,98.2063654446155
2025-07-27 22:00:00,92.229590000923
2025-07-27 23:00:00,87.1094432004285
2025-07-28 00:00:00,101.087736732389
2025-07-28 01:00:00,94.4139049645146
2025-07-28 02:00:00,89.8254030422781
2025-07-28 03:00:00,89.7752766166122
2025-07-28 04:00:00,94.4317898927255
2025-07-28 05:00:00,89.3167109117972
2025-07-28 06:00:00,90.0152367551578
2025-07-28 07:00:00,91.0693732724499
2025-07-28 08:00:00,92.6321158208887
2025-07-28 09:00:00,95.5594572431628
2025-07-28 10:00:00,90.5561638789425
2025-07-28 11:00:00,91.3267409558601
2025-07-28 12:00:00,92.6629820502276
2025-07-28 13:00:00,84.4999184579101
2025-07-28 14:00:00,91.3665954782881
2025-07-28 15:00:00,92.8842616226602
2025-07-28 16:00:00,89.5666131554438
2025-07-28 17:00:00,87.5785720904187
2025-07-28 18:00:00,93.7712540748826
2025-07-28 19:00:00,90.5437047469308
2025-07-28 20:00:00,89.2778424550338
2025-07-28 21:00:00,90.7287326860004
2025-07-28 22:00:00,96.6547496044626
2025-07-28 23:00:00,90.9369537521973
2025-07-29 00:00:00,93.1193633011545
2025-07-29 01:00:00,84.1191474361824
2025-07-29 03:00:00,90.50075408077
2025-07-29 14:00:00,87.7222095189472
2025-07-29 16:00:00,96.5791058125615
2025-07-29 17:00:00,87.9091480361937
2025-07-29 18:00:00,90.336037721693
2025-07-29 19:00:00,94.4815147482222
2025-07-29 20:00:00,97.5035082189283
2025-07-29 21:00:00,91.1139024427405
2025-07-29 22:00:00,87.8125569227441
2025-07-29 23:00:00,71.4886602800881
2025-07-30 00:00:00,84.6414176818191
2025-07-30 01:00:00,86.3000326860425
2025-07-30 02:00:00,93.3295755788389
2025-07-30 03:00:00,85.4114361573568
2025-07-30 04:00:00,86.4232577184697
2025-07-30 05:00:00,91.1147746723844
2025-07-30 06:00:00,86.2472180571765
2025-07-30 07:00:00,94.9273357673448
2025-07-30 08:00:00,95.5141539730834
2025-07-30 09:00:00,93.2467949540813
2025-07-30 10:00:00,93.9858909005909
2025-07-30 11:00:00,92.1740932345298
2025-07-30 12:00:00,90.8209816187709
2025-07-30 13:00:00,93.044941727498
2025-07-30 14:00:00,87.254671050882
2025-07-30 15:00:00,94.2330608972319
2025-07-30 16:00:00,94.8619151345518
2025-07-30 17:00:00,94.1070474035307
2025-07-30 18:00:00,91.480884793107
2025-07-30 19:00:00,91.1563961010449
2025-07-30 20:00:00,107.868319300155
2025-07-30 21:00:00,88.1318269340584
2025-07-30 22:00:00,98.6798088337779
2025-07-30 23:00:00,89.9312800202732
2025-07-31 00:00:00,85.9137581948075
2025-07-31 01:00:00,88.5552216438515
2025-07-31 02:00:00,87.3400359235514
2025-07-31 03:00:00,95.6123897366791
2025-07-31 04:00:00,71.8949797210454
2025-07-31 06:00:00,90.3103505570348
2025-07-31 22:00:00,97.8147233883201
2025-07-31 23:00:00,80.910784722451
2025-08-01 00:00:00,87.6390036836351
2025-08-01 01:00:00,96.2378530913852
2025-08-01 02:00:00,91.6912045652708
2025-08-01 03:00:00,90.0358298981382
2025-08-01 04:00:00,91.5909721280482
2025-08-01 11:00:00,91.8185185246845
2025-08-01 12:00:00,88.2008191132301
2025-08-01 14:00:00,96.965058511864
2025-08-01 15:00:00,87.3181092853604
2025-08-01 16:00:00,86.4855660360353
2025-08-01 17:00:00,87.0479868010003
2025-08-01 18:00:00,87.1545950461361
2025-08-01 19:00:00,90.8860431971515
2025-08-01 20:00:00,90.5899762732062
2025-08-01 21:00:00,89.0690423945625
2025-08-01 22:00:00,83.294131120221
2025-08-01 23:00:00,85.7413083325918
2025-08-02 00:00:00,92.9178739024509
2025-08-02 01:00:00,89.841514312889
2025-08-02 02:00:00,90.1356244351687
2025-08-02 03:00:00,88.0925191561235
2025-08-02 04:00:00,91.219387653175
2025-08-02 05:00:00,88.1311636956508
2025-08-02 10:00:00,90.3858190387278
2025-08-02 11:00:00,91.6044783880602
2025-08-02 12:00:00,93.9194677437438
2025-08-02 13:00:00,89.4976621846123
2025-08-02 14:00:00,86.6412442695145
2025-08-02 15:00:00,96.3201222171406
2025-08-02 16:00:00,88.8148195736488
2025-08-02 17:00:00,92.3122924543734
2025-08-02 18:00:00,91.1058736155525
2025-08-02 19:00:00,87.0628443750054
2025-08-02 20:00:00,90.9602975980827
2025-08-02 21:00:00,91.2237980853863
2025-08-02 22:00:00,92.5112875967893
2025-08-02 23:00:00,99.3959202989025
2025-08-03 00:00:00,87.6251923182037
2025-08-03 01:00:00,94.2935862485876
2025-08-03 02:00:00,87.548678201925
2025-08-03 03:00:00,89.6587417461026
2025-08-03 04:00:00,88.7509595479392
2025-08-03 05:00:00,88.198301336948
2025-08-03 06:00:00,93.0445358371335
2025-08-03 07:00:00,90.8172487536272
2025-08-03 11:00:00,92.3991534466867
2025-08-03 12:00:00,92.8695818430626
2025-08-03 13:00:00,90.1765394951294
2025-08-03 14:00:00,87.4933976574761
2025-08-03 15:00:00,90.163126883811
2025-08-03 16:00:00,89.3848880984982
2025-08-03 17:00:00,93.2733934814257
2025-08-03 18:00:00,89.9894813246317
2025-08-03 19:00:00,84.0918327043957
2025-08-03 20:00:00,96.3524378994843
2025-08-03 21:00:00,95.4856155948591
2025-08-03 22:00:00,86.7604768235404
2025-08-03 23:00:00,92.8213569253046
2025-08-04 00:00:00,88.6301383009375
2025-08-04 01:00:00,86.1204470403486
2025-08-04 02:00:00,89.3777767950086
2025-08-04 03:00:00,93.5832883561936
2025-08-04 04:00:00,88.4219511269581
2025-08-04 05:00:00,93.5885242405082
2025-08-04 19:00:00,94.2269253924967
2025-08-04 20:00:00,95.7368350080618
2025-08-04 21:00:00,94.4376264742871
2025-08-04 22:00:00,91.2950019226704
2025-08-04 23:00:00,87.9730580935058
2025-08-05 00:00:00,89.7368948889835
2025-08-05 01:00:00,92.3310803854408
2025-08-05 02:00:00,89.073358749653
2025-08-05 03:00:00,89.1127618139976
2025-08-05 04:00:00,90.3054318006228
2025-08-05 05:00:00,88.7263221680278
2025-08-05 06:00:00,89.1581496525436
2025-08-05 07:00:00,91.1131259092611
2025-08-05 10:00:00,91.7770319650355
2025-08-05 22:00:00,91.163248564731
2025-08-05 23:00:00,92.4545347340201
2025-08-06 00:00:00,86.2672367270068
2025-08-06 01:00:00,93.6170759658475
2025-08-06 02:00:00,92.9026590745618
2025-08-06 12:00:00,91.8485103267063
2025-08-06 13:00:00,87.8101964359736
2025-08-06 14:00:00,94.7599987543724
2025-08-06 15:00:00,92.5503261688441
2025-08-06 16:00:00,90.7342913176488
2025-08-06 17:00:00,91.3963757713347
2025-08-06 18:00:00,93.6851872781792
2025-08-06 19:00:00,89.9461251026647
2025-08-06 20:00:00,95.723702785881
2025-08-06 21:00:00,92.0393324475017
2025-08-06 22:00:00,95.582733257072
2025-08-06 23:00:00,90.5784805945008
2025-08-07 00:00:00,91.6632163226144
2025-08-07 01:00:00,93.0326572999064
2025-08-07 02:00:00,97.3341856423372
2025-08-07 03:00:00,92.9237783943871
2025-08-07 04:00:00,88.3115419809065
2025-08-07 05:00:00,86.0998770903428
2025-08-07 10:00:00,89.4401714543013
2025-08-07 11:00:00,92.2505932488864
2025-08-07 12:00:00,90.1408375569422
2025-08-07 13:00:00,89.5556486295723
2025-08-07 14:00:00,86.9471830969242
2025-08-07 15:00:00,91.6920672096006
2025-08-07 16:00:00,88.3466031797126
2025-08-07 17:00:00,93.2461666916111
2025-08-07 18:00:00,91.8068976757916
2025-08-07 19:00:00,97.0687469439219
2025-08-07 20:00:00,98.9770574885891
2025-08-07 21:00:00,88.7914088457173
2025-08-07 22:00:00,88.3059539522418
2025-08-07 23:00:00,92.135255587335
2025-08-08 00:00:00,87.28996770099
2025-08-08 01:00:00,85.6960114551266
2025-08-08 02:00:00,92.4962584460786
2025-08-08 03:00:00,95.8761308852094
2025-08-08 04:00:00,89.4339649413466
2025-08-08 05:00:00,85.4320924709056
2025-08-08 07:00:00,88.57040315778
2025-08-08 08:00:00,89.6463874718965
2025-08-08 10:00:00,89.4065077128785
2025-08-08 11:00:00,95.7608181380385
2025-08-08 13:00:00,88.3368074389055
2025-08-08 14:00:00,95.8203379910249
2025-08-08 15:00:00,89.5737252866549
2025-08-08 16:00:00,91.8994848843639
2025-08-08 17:00:00,97.4501947207898
2025-08-08 18:00:00,90.550965120962
2025-08-09 07:00:00,92.4444373113986
2025-08-09 11:00:00,91.941267168657
2025-08-09 12:00:00,92.1229920239266
2025-08-09 13:00:00,91.5776380992128
2025-08-09 14:00:00,89.5514594470418
2025-08-09 15:00:00,87.2996479439901
2025-08-09 16:00:00,97.1486069872517
2025-08-09 17:00:00,90.4861710455007
2025-08-09 18:00:00,93.335561836464
2025-08-09 19:00:00,87.0843349682265
2025-08-09 20:00:00,92.2851637442919
2025-08-09 21:00:00,94.7773588331884
2025-08-09 22:00:00,93.9417028304769
2025-08-09 23:00:00,86.9319289876418
2025-08-10 00:00:00,88.2856776113539
2025-08-10 01:00:00,92.1658760473147
2025-08-10 02:00:00,91.9703271529452
2025-08-10 03:00:00,91.1920243958194
2025-08-10 04:00:00,88.051292221972
2025-08-10 05:00:00,93.2361025676623
2025-08-10 06:00:00,94.5740623158688
2025-08-10 07:00:00,92.1928391129875
2025-08-10 10:00:00,95.1376641629926
2025-08-10 11:00:00,92.124031161406
2025-08-10 12:00:00,87.4663962457842
2025-08-10 13:00:00,93.1659222532804
2025-08-10 14:00:00,90.2698454990841
2025-08-10 15:00:00,87.8410315240899
2025-08-10 16:00:00,89.8103448624296
2025-08-10 17:00:00,89.816759836813
2025-08-10 18:00:00,92.3849726202886
2025-08-10 19:00:00,92.8009251768106
2025-08-10 20:00:00,91.4435296830945
2025-08-10 21:00:00,91.5558021359594
2025-08-10 22:00:00,93.4598502036942
2025-08-10 23:00:00,88.1655354461017
2025-08-11 00:00:00,88.8540515670068
2025-08-11 01:00:00,91.0059627847108
2025-08-11 02:00:00,92.8135723634969
2025-08-11 03:00:00,89.529663921233
2025-08-11 04:00:00,86.1251367433118
2025-08-11 05:00:00,88.5220615039976
2025-08-11 06:00:00,91.6188277700622
2025-08-11 07:00:00,77.2369541424351
2025-08-11 08:00:00,88.156309521506
2025-08-11 09:00:00,88.1424461627361
2025-08-11 10:00:00,88.0123470123257
2025-08-11 11:00:00,91.2002451896136
2025-08-11 12:00:00,91.0881076632732
2025-08-11 13:00:00,89.6844913586106
2025-08-11 14:00:00,87.3120546693246
2025-08-11 15:00:00,106.650231716711
2025-08-11 16:00:00,90.5924965309591
2025-08-11 17:00:00,82.1138448422996
2025-08-11 18:00:00,90.4261404794129
2025-08-11 19:00:00,94.1060058670932
2025-08-11 20:00:00,84.8112169265218
2025-08-11 21:00:00,93.227292968806
2025-08-11 22:00:00,89.6474660692407
2025-08-11 23:00:00,93.3570451945029
2025-08-12 00:00:00,92.3325392017321
2025-08-12 01:00:00,89.2424752494522
2025-08-12 02:00:00,90.6533684460661
2025-08-12 03:00:00,93.6956215563311
2025-08-12 04:00:00,90.762064858315
2025-08-12 17:00:00,92.1379810948749
2025-08-12 19:00:00,89.3273557093943
2025-08-12 20:00:00,91.4091621701826
2025-08-12 21:00:00,85.092974129463
2025-08-12 22:00:00,86.7592259764762
2025-08-12 23:00:00,90.6370144354395
2025-08-13 00:00:00,88.2306369647331
2025-08-13 01:00:00,94.2804990755829
2025-08-13 02:00:00,90.5708455856108
2025-08-13 03:00:00,94.938925833497
2025-08-13 04:00:00,89.1184825223527
2025-08-13 05:00:00,92.3408765830226
2025-08-13 07:00:00,88.8748757631613
2025-08-13 08:00:00,88.54483504123
2025-08-13 09:00:00,86.403831810149
2025-08-13 10:00:00,86.5387373911846
2025-08-13 11:00:00,93.4193722416607
2025-08-13 12:00:00,86.0994998813631
2025-08-13 13:00:00,94.3033642576205
2025-08-13 14:00:00,91.2962034787559
2025-08-13 15:00:00,88.9805583616394
2025-08-13 16:00:00,90.6079653397755
2025-08-13 17:00:00,87.2924487105951
2025-08-13 18:00:00,89.741656288584
2025-08-13 19:00:00,90.3391865466522
2025-08-13 20:00:00,86.3418307149242
2025-08-13 21:00:00,96.9323247571884
2025-08-13 22:00:00,90.4964535932002
2025-08-13 23:00:00,90.3153618462757
2025-08-14 00:00:00,92.1249141330895
2025-08-14 01:00:00,89.3766513671451
2025-08-14 02:00:00,87.6166571723015
2025-08-14 03:00:00,88.034656355224
2025-08-14 04:00:00,90.5334872746749
2025-08-14 05:00:00,88.8249863410577
2025-08-14 12:00:00,84.4524345689457
2025-08-14 13:00:00,89.686880461047
2025-08-14 14:00:00,93.418846739033
2025-08-14 15:00:00,88.6552152622811
2025-08-14 16:00:00,90.7265027149773
2025-08-14 17:00:00,90.4483344582404
2025-08-14 18:00:00,88.0878297256134
2025-08-14 19:00:00,89.0755862842018
2025-08-14 20:00:00,92.8373580897883
2025-08-14 21:00:00,90.5455071821162
2025-08-14 22:00:00,84.3153441740104
2025-08-14 23:00:00,92.2448046524755
2025-08-15 00:00:00,94.7326180307508
2025-08-15 01:00:00,92.2098626004325
2025-08-15 02:00:00,92.400108090428
2025-08-15 03:00:00,90.3940036483597
2025-08-15 04:00:00,90.6897704971141
2025-08-15 06:00:00,89.1085731276329
2025-08-15 07:00:00,88.4355967838544
2025-08-15 09:00:00,91.4196624902893
2025-08-15 10:00:00,91.0237236724744
2025-08-15 11:00:00,86.7313672093023
2025-08-15 12:00:00,86.962937439429
2025-08-15 13:00:00,91.8954890840047
2025-08-15 14:00:00,83.3701901842552
2025-08-15 15:00:00,87.3850370751957
2025-08-15 16:00:00,92.1649948673179
2025-08-15 17:00:00,87.6027964455212
2025-08-15 18:00:00,84.6977900561604
2025-08-15 19:00:00,93.2099822424433
2025-08-16 10:00:00,91.1055123671805
2025-08-16 11:00:00,90.2074562919895
2025-08-16 12:00:00,93.3019071955755
2025-08-16 13:00:00,90.769648371863
2025-08-16 14:00:00,92.2043513036823
2025-08-16 15:00:00,91.7430111908099
2025-08-16 16:00:00,92.4424004573071
2025-08-16 17:00:00,92.2867600508726
2025-08-16 18:00:00,88.5338909193254
2025-08-16 19:00:00,88.5143621200289
2025-08-16 20:00:00,91.4623415624177
2025-08-16 21:00:00,91.9943221074903
2025-08-16 22:00:00,92.6698677109379
2025-08-16 23:00:00,91.6619361603523
2025-08-17 00:00:00,93.5109621226016
2025-08-17 01:00:00,87.7839031731889
2025-08-17 02:00:00,86.4691371035781
2025-08-17 03:00:00,89.7922529461443
2025-08-17 05:00:00,88.5989511363709
2025-08-17 07:00:00,87.5457313785123
2025-08-17 12:00:00,90.7178186212912
2025-08-17 13:00:00,90.8753943804614
2025-08-17 14:00:00,89.2773742746821
2025-08-17 15:00:00,90.2043593248951
2025-08-17 16:00:00,88.4843504708745
2025-08-17 17:00:00,91.9013691394922
2025-08-17 18:00:00,87.6868136818357
2025-08-17 19:00:00,107.382696699196
2025-08-17 20:00:00,92.3179514867814
2025-08-17 21:00:00,87.2572890401825
2025-08-17 22:00:00,89.0718716952994
2025-08-17 23:00:00,90.118977594303
2025-08-18 00:00:00,91.296676183418
2025-08-18 01:00:00,91.3022674346701
2025-08-18 02:00:00,90.1497983159363
2025-08-18 03:00:00,89.666107095163
2025-08-18 04:00:00,89.9585134720131
2025-08-18 05:00:00,86.4915220854028
2025-08-18 06:00:00,88.6269077887635
2025-08-18 10:00:00,91.3559925527819
2025-08-18 11:00:00,90.5413922376366
2025-08-18 12:00:00,89.2220465270686
2025-08-18 13:00:00,87.2085450260167
2025-08-18 14:00:00,92.635027308217
2025-08-18 15:00:00,88.0350661081593
2025-08-18 16:00:00,94.4970970902016
2025-08-18 17:00:00,85.9914143736176
2025-08-18 18:00:00,90.3074794954881
2025-08-18 19:00:00,86.2054365318139
2025-08-18 20:00:00,97.9243071231387
2025-08-18 21:00:00,91.8309917113021
2025-08-18 22:00:00,87.7240430622005
2025-08-18 23:00:00,86.9569280693207
2025-08-19 00:00:00,95.3227660960658
2025-08-19 01:00:00,88.6101629604845
2025-08-19 02:00:00,94.022092680315
2025-08-19 03:00:00,91.0324665996095
2025-08-19 04:00:00,90.7659192541613
2025-08-19 05:00:00,91.3017367381774
2025-08-19 07:00:00,93.1886443134402
2025-08-19 08:00:00,90.9262039257919
2025-08-19 09:00:00,88.4620119967134
2025-08-19 10:00:00,88.7457865254593
2025-08-19 11:00:00,86.3726541287578
2025-08-19 12:00:00,86.7713603477773
2025-08-19 13:00:00,89.1297912865122
2025-08-19 14:00:00,87.4130018932648
2025-08-19 15:00:00,82.9976498743106
2025-08-19 16:00:00,88.0460746397192
2025-08-19 17:00:00,87.7819077972727
2025-08-19 18:00:00,90.0274027318185
2025-08-19 19:00:00,84.8059156853127
2025-08-19 20:00:00,86.7261958543376
2025-08-19 21:00:00,85.9024641800643
2025-08-19 23:00:00,92.2173922090801
2025-08-20 12:00:00,95.831298231029
2025-08-20 13:00:00,
2025-08-20 14:00:00,
2025-08-20 15:00:00,
2025-08-20 16:00:00,
2025-08-20 17:00:00,89.7852710444225
2025-08-20 18:00:00,85.6703741422828
2025-08-20 19:00:00,88.4012847914562
2025-08-20 20:00:00,89.8361035604751
2025-08-20 21:00:00,86.4391987214893
2025-08-20 22:00:00,94.4098938643068
2025-08-20 23:00:00,91.0402031136485
2025-08-21 00:00:00,87.243188341612
2025-08-21 01:00:00,91.0188228402684
2025-08-21 02:00:00,87.6359508076415
2025-08-21 03:00:00,92.265303709068
2025-08-21 04:00:00,92.7926536593777
2025-08-21 06:00:00,89.1694392074574
2025-08-21 07:00:00,85.2623310588369
2025-08-21 08:00:00,91.0417044551276
2025-08-21 09:00:00,82.9675261059249
2025-08-21 10:00:00,90.5107066451434
2025-08-21 11:00:00,89.9395350970123
2025-08-21 12:00:00,91.4561486945595
2025-08-21 13:00:00,95.5751310890728
2025-08-21 14:00:00,91.040170284918
2025-08-21 15:00:00,84.2843043343707
2025-08-21 16:00:00,90.5151643612467
2025-08-21 17:00:00,86.4550867079961
2025-08-21 18:00:00,90.6551518215071
2025-08-21 19:00:00,90.9963699251175
2025-08-21 20:00:00,93.9681220321559
2025-08-21 21:00:00,91.1966023070045
2025-08-21 22:00:00,91.2016072611577
2025-08-21 23:00:00,84.5600626763323
2025-08-22 00:00:00,89.9730554817301
2025-08-22 01:00:00,89.8712935188973
2025-08-22 02:00:00,89.3774762301498
2025-08-22 03:00:00,90.0321929876324
2025-08-22 04:00:00,86.1443759939782
2025-08-22 05:00:00,90.3525275730163
2025-08-22 06:00:00,93.0496915702676
2025-08-22 07:00:00,93.2285700795318
2025-08-22 08:00:00,93.2045870812453
2025-08-22 09:00:00,89.0482907919348
2025-08-22 10:00:00,87.8153927996443
2025-08-22 11:00:00,91.4123689497738
2025-08-22 12:00:00,94.2490568103668
2025-08-22 13:00:00,87.6487325671179
2025-08-22 14:00:00,86.459067844553
2025-08-22 15:00:00,95.4936862503575
2025-08-22 16:00:00,87.3754389901659
2025-08-22 17:00:00,91.7964307549788
2025-08-22 18:00:00,90.5938492030628
2025-08-22 19:00:00,94.5865986495415
2025-08-22 20:00:00,90.3936805354532
2025-08-22 22:00:00,92.2731082596992
2025-08-22 23:00:00,94.4548264225775
2025-08-23 00:00:00,86.2225702325312
2025-08-23 01:00:00,96.4694291597169
2025-08-23 02:00:00,87.6234738511692
2025-08-23 03:00:00,88.7909283880522
2025-08-23 04:00:00,89.9422689433596
2025-08-23 05:00:00,90.5905234172128
2025-08-23 06:00:00,91.2486228923183
2025-08-23 07:00:00,86.7066113685652
2025-08-23 11:00:00,89.3231925570984
2025-08-23 12:00:00,88.9953120202727
2025-08-23 14:00:00,89.777358645641
2025-08-23 15:00:00,86.0759900587617
2025-08-23 16:00:00,88.7754239593457
2025-08-23 17:00:00,89.1142729272891
2025-08-23 18:00:00,91.1135153429988
2025-08-23 19:00:00,91.9096536218929
2025-08-23 20:00:00,91.8548175184365
2025-08-23 21:00:00,88.5401689717803
2025-08-23 22:00:00,88.0061757269634
2025-08-23 23:00:00,91.4646407677909
2025-08-24 00:00:00,92.2962312482713
2025-08-24 01:00:00,89.4756950301515
2025-08-24 14:00:00,89.3768088203474
2025-08-24 15:00:00,86.4929730458446
2025-08-24 16:00:00,94.8477423456687
2025-08-24 17:00:00,92.9957411023685
2025-08-24 18:00:00,86.6138984668921
2025-08-24 19:00:00,86.39952890321
2025-08-24 20:00:00,93.4261478058541
2025-08-24 21:00:00,89.5057262094049
2025-08-24 22:00:00,91.1554193751965
2025-08-24 23:00:00,94.1883913721918
2025-08-25 00:00:00,93.3731637502156
2025-08-25 01:00:00,91.0748770337736
2025-08-25 02:00:00,91.4774131713357
2025-08-25 03:00:00,91.7660659752199
2025-08-25 04:00:00,86.6090610457995
2025-08-25 05:00:00,90.7541226289469
2025-08-25 10:00:00,89.8852350083171
2025-08-25 11:00:00,90.809009023347
2025-08-25 13:00:00,91.1282035721151
2025-08-25 14:00:00,93.3914276236899
2025-08-25 15:00:00,93.3591764010079
2025-08-25 16:00:00,92.9443758929872
2025-08-25 17:00:00,91.8346651003713
2025-08-25 18:00:00,94.0392820118902
2025-08-25 19:00:00,89.9926337074969
2025-08-25 20:00:00,87.0233378986258
2025-08-25 21:00:00,87.2974923852365
2025-08-25 22:00:00,86.6457699758007
2025-08-25 23:00:00,95.0413463199908
2025-08-26 00:00:00,87.3713934865537
2025-08-26 01:00:00,83.4482896728997
2025-08-26 02:00:00,89.3018285888149
2025-08-26 03:00:00,88.4995699144713
2025-08-26 04:00:00,87.8052174378143
2025-08-26 06:00:00,90.3452285750341
2025-08-26 10:00:00,93.8122592035413
2025-08-26 23:00:00,90.72244724709
2025-08-27 00:00:00,88.4370023118149
2025-08-27 01:00:00,94.3409452755891
2025-08-27 02:00:00,92.2316465961304
2025-08-27 03:00:00,86.9559462506047
2025-08-27 04:00:00,88.1715772317989
2025-08-27 05:00:00,86.7149083105403
2025-08-27 06:00:00,89.4302551399388
2025-08-27 07:00:00,96.4607636133299
2025-08-27 08:00:00,87.6348642717641
2025-08-27 09:00:00,89.0847411410788
2025-08-27 10:00:00,86.6461767802369
2025-08-27 11:00:00,92.4319239317134
2025-08-27 12:00:00,86.982717269352
2025-08-27 13:00:00,94.2720286558741
2025-08-27 14:00:00,95.3412040818759
2025-08-27 15:00:00,90.0422229519261
2025-08-27 16:00:00,94.5648507459217
2025-08-27 17:00:00,91.1571478266993
2025-08-27 18:00:00,93.3282599148074
2025-08-27 19:00:00,90.1044306870066
2025-08-27 20:00:00,91.4576556526145
2025-08-27 21:00:00,96.3142399979623
2025-08-27 22:00:00,89.379923985015
2025-08-27 23:00:00,89.0584165438626
2025-08-28 00:00:00,93.6170014426947
2025-08-28 01:00:00,87.126804113944
2025-08-28 02:00:00,92.109387225001
2025-08-28 03:00:00,88.3879994767683
2025-08-28 04:00:00,84.5730015452501
2025-08-28 05:00:00,88.4785001116748
2025-08-28 06:00:00,88.9406605054892
2025-08-28 07:00:00,92.5918359092715
2025-08-28 08:00:00,88.9254931491767
2025-08-28 09:00:00,86.0939055636452
2025-08-28 10:00:00,90.6612165464064
2025-08-28 11:00:00,84.4848286798096
2025-08-28 12:00:00,84.298747025332
2025-08-28 13:00:00,89.4451841167975
2025-08-28 14:00:00,90.3897662705626
2025-08-28 15:00:00,90.2717438354321
2025-08-28 16:00:00,88.6708123359513
2025-08-28 17:00:00,89.8265292819207
2025-08-28 18:00:00,88.0946818346402
2025-08-28 19:00:00,92.681852715793
2025-08-28 20:00:00,85.4186718400616
2025-08-28 21:00:00,87.0565216552275
2025-08-28 22:00:00,92.827228567867
2025-08-28 23:00:00,90.2105273264344
2025-08-29 00:00:00,86.9095039353388
2025-08-29 01:00:00,92.4112004367515
2025-08-29 02:00:00,88.2358491801748
2025-08-29 03:00:00,87.6976691108821
2025-08-29 04:00:00,85.8484174822336
2025-08-29 05:00:00,85.2938567375947
2025-08-29 07:00:00,92.0988292458156
2025-08-29 08:00:00,91.6784216895005
2025-08-29 10:00:00,91.2335194099073
2025-08-29 11:00:00,88.7516209284284
2025-08-29 12:00:00,93.2130492073107
2025-08-29 13:00:00,89.5626949543948
2025-08-29 14:00:00,92.6016128223048
2025-08-29 15:00:00,83.6765029461459
2025-08-29 16:00:00,93.8961696647144
2025-08-29 17:00:00,91.1627731266645
2025-08-29 18:00:00,88.546662747257
2025-08-29 19:00:00,89.0429269864233
2025-08-29 20:00:00,
2025-08-29 21:00:00,
2025-08-29 22:00:00,
2025-08-29 23:00:00,
2025-08-30 00:00:00,89.3810001106755
2025-08-30 01:00:00,93.0606144343695
2025-08-30 02:00:00,94.2384740855859
2025-08-30 03:00:00,87.4202406116786
2025-08-30 04:00:00,91.9498643318276
2025-08-30 05:00:00,88.9851125347703
2025-08-30 07:00:00,84.2386369915121
2025-08-30 11:00:00,86.9141473184027
2025-08-30 12:00:00,88.0814129422891
2025-08-31 01:00:00,89.9287156773975
2025-08-31 02:00:00,89.2579057362852
2025-08-31 03:00:00,90.0967131310459
2025-08-31 04:00:00,88.6427327127821
2025-08-31 05:00:00,89.2143843801449
2025-08-31 06:00:00,88.4162169434284
2025-08-31 12:00:00,87.5753008661614
2025-08-31 13:00:00,87.601769202966
2025-08-31 14:00:00,93.4750333084408
2025-08-31 15:00:00,87.1274214601334
2025-08-31 16:00:00,87.6425453619461
2025-08-31 17:00:00,92.5184576051208
2025-08-31 18:00:00,91.2414216089166
2025-08-31 19:00:00,87.6827090725539
2025-08-31 21:00:00,92.6764463877233
2025-08-31 22:00:00,88.3110949114166
2025-08-31 23:00:00,87.2575112501438
2025-09-01 00:00:00,88.8852762856516
2025-09-01 01:00:00,89.6826699041133
2025-09-01 02:00:00,88.5076388411923
2025-09-01 03:00:00,89.6420972424745
2025-09-01 04:00:00,88.7408483392177
2025-09-01 05:00:00,90.0675740985469
2025-09-01 06:00:00,87.809206464488
2025-09-01 07:00:00,89.0953635644422
2025-09-01 11:00:00,83.5456623184889
2025-09-01 12:00:00,88.7759859842682
2025-09-01 13:00:00,88.6389195453122
2025-09-02 02:00:00,89.7677795923651
2025-09-02 03:00:00,87.6179481571982
2025-09-02 04:00:00,87.9005278592645
2025-09-02 11:00:00,63.390203123447
2025-09-02 13:00:00,88.7521123405958
2025-09-02 14:00:00,89.4060598640268
2025-09-02 15:00:00,90.3242739135019
2025-09-02 16:00:00,89.9363073661995
2025-09-02 17:00:00,90.4578991880525
2025-09-02 18:00:00,106.80408636552
2025-09-02 19:00:00,87.0182979889391
2025-09-02 20:00:00,88.5740214774449
2025-09-02 21:00:00,88.2782143641852
2025-09-02 22:00:00,88.1371078842017
2025-09-02 23:00:00,89.8848118295239
2025-09-03 00:00:00,88.1849398995479
2025-09-03 01:00:00,88.9896685137139
2025-09-03 02:00:00,89.5364607010406
2025-09-03 03:00:00,89.9082845754689
2025-09-03 04:00:00,89.2014822554453
2025-09-03 05:00:00,89.9478178937268
2025-09-03 06:00:00,89.7957272155519
2025-09-03 07:00:00,
2025-09-03 12:00:00,
2025-09-03 13:00:00,87.7073449370311
2025-09-03 14:00:00,87.7987297787786
2025-09-03 15:00:00,88.2068118963775
2025-09-03 16:00:00,88.5940821232797
2025-09-03 17:00:00,88.6972668036097
2025-09-03 18:00:00,88.6405074406035
2025-09-03 19:00:00,87.7697988826432
2025-09-03 20:00:00,89.465726527595
2025-09-03 21:00:00,87.7790155581102
2025-09-03 22:00:00,88.7060897652097
2025-09-03 23:00:00,89.4969090191934
2025-09-04 00:00:00,90.2139582968861
2025-09-04 01:00:00,89.7259827541306
2025-09-04 02:00:00,89.4864034398049
2025-09-04 03:00:00,86.9996268172
2025-09-04 04:00:00,89.329321356318
2025-09-04 07:00:00,87.2303802222842
2025-09-04 10:00:00,88.6818719754802
2025-09-04 11:00:00,87.7627895367792
2025-09-04 12:00:00,89.656560963568
2025-09-04 13:00:00,87.1153101039242
2025-09-04 14:00:00,89.8515203220933
2025-09-04 15:00:00,87.8090778333791
2025-09-04 16:00:00,87.5521948394862
2025-09-04 17:00:00,88.4777948900986
2025-09-04 18:00:00,87.6593652656261
2025-09-04 19:00:00,87.7488134962288
2025-09-04 20:00:00,88.7752732447054
2025-09-04 21:00:00,88.7316075303731
2025-09-04 22:00:00,87.988850481851
2025-09-04 23:00:00,88.1047455730202
2025-09-05 00:00:00,87.3989996338424
2025-09-05 01:00:00,88.0376193765059
2025-09-05 02:00:00,88.5228900816078
2025-09-05 03:00:00,86.7541382289938
2025-09-05 04:00:00,86.6239579513026
2025-09-05 10:00:00,86.7489231843728
2025-09-05 11:00:00,89.0160734134257
2025-09-05 12:00:00,89.0905833341241
2025-09-05 13:00:00,87.5136665581438
2025-09-05 14:00:00,88.5448730857053
2025-09-05 15:00:00,88.1882721365474
2025-09-05 16:00:00,87.3057916903974
2025-09-05 17:00:00,85.5599639469695
2025-09-05 18:00:00,86.5409476712945
2025-09-05 19:00:00,87.1933925709525
2025-09-05 20:00:00,86.1145192585203
2025-09-05 21:00:00,87.7672261340519
2025-09-05 22:00:00,87.166294154734
2025-09-05 23:00:00,87.4717698748184
2025-09-06 00:00:00,87.0524871180792
2025-09-06 01:00:00,87.4135854895688
2025-09-06 02:00:00,87.1163191563918
2025-09-06 03:00:00,88.0967536514314
2025-09-06 04:00:00,86.1225283365301
2025-09-06 06:00:00,89.5253137307414
2025-09-06 07:00:00,86.4785666531925
2025-09-06 08:00:00,86.8802416540171
2025-09-06 09:00:00,86.8988178826805
2025-09-06 10:00:00,86.0140113499463
2025-09-06 11:00:00,84.7670317646791
2025-09-06 12:00:00,87.564036559256
2025-09-06 13:00:00,85.9764636657833
2025-09-06 14:00:00,87.6918172643307
2025-09-06 15:00:00,87.5212639690977
2025-09-06 16:00:00,85.597808273591
2025-09-06 17:00:00,87.3757854803275
2025-09-06 18:00:00,84.9953350571233
2025-09-06 19:00:00,86.8474934906907
2025-09-06 20:00:00,85.3324476544576
2025-09-06 21:00:00,86.2996450761863
2025-09-06 22:00:00,85.6956624090797
2025-09-06 23:00:00,87.5141516381873
2025-09-07 00:00:00,86.4946207033654
2025-09-07 01:00:00,85.3333546301407
2025-09-07 02:00:00,85.8509149458478
2025-09-07 03:00:00,86.5121744255807
2025-09-07 04:00:00,85.2379731544423
2025-09-07 05:00:00,85.4297122577537
2025-09-07 11:00:00,84.8089229961334
2025-09-07 12:00:00,86.3467873462819
2025-09-07 13:00:00,86.3392933680045
2025-09-07 14:00:00,86.0908284743451
2025-09-07 15:00:00,87.4113177802515
2025-09-07 16:00:00,84.7998856588536
2025-09-07 17:00:00,85.2863196876228
2025-09-07 18:00:00,85.7540545501948
2025-09-07 19:00:00,86.0692349069907
2025-09-07 20:00:00,87.505263944293
2025-09-07 21:00:00,86.4529734346036
2025-09-07 22:00:00,87.3077624547018
2025-09-07 23:00:00,85.2645611657606
2025-09-08 00:00:00,86.7376734569175
2025-09-08 01:00:00,86.0367533253443
2025-09-08 02:00:00,84.5207803469624
2025-09-08 03:00:00,84.7134751254436
2025-09-08 04:00:00,84.3078253320713
2025-09-08 05:00:00,85.6945962050727
2025-09-08 07:00:00,87.6869903520325
2025-09-08 11:00:00,86.7442389030665
2025-09-08 12:00:00,84.9784695171232
2025-09-08 13:00:00,86.5373062809005
2025-09-08 14:00:00,85.375216233615
2025-09-08 15:00:00,87.3658794346206
2025-09-08 16:00:00,85.1337999265254
2025-09-08 17:00:00,66.2836791934963
2025-09-08 18:00:00,84.7959828215636
2025-09-08 19:00:00,86.4948080987619
2025-09-08 20:00:00,85.0981127540854
2025-09-08 21:00:00,86.1561601989303
2025-09-08 22:00:00,84.797752984513
2025-09-08 23:00:00,85.898338899495
2025-09-09 00:00:00,84.6189479488583
2025-09-09 01:00:00,84.7311304471818
2025-09-09 02:00:00,85.2995779344133
2025-09-09 03:00:00,84.2304380123317
2025-09-09 04:00:00,86.9219368731134
2025-09-09 05:00:00,85.0389667766925
2025-09-09 06:00:00,84.9125378164807
2025-09-09 08:00:00,84.2718497410462
2025-09-09 09:00:00,84.8678360962849
2025-09-09 10:00:00,85.054804531526
2025-09-09 11:00:00,91.4800866564065
2025-09-09 12:00:00,84.6582513562997
2025-09-09 13:00:00,84.5435892103987
2025-09-09 14:00:00,85.3374020874225
2025-09-09 15:00:00,85.9734127782491
2025-09-09 16:00:00,84.769946587499
2025-09-09 17:00:00,83.5774012516181
2025-09-09 18:00:00,85.5454506489661
2025-09-09 19:00:00,86.1645873363523
2025-09-09 20:00:00,83.6646944771907
2025-09-09 21:00:00,85.5356957076072
2025-09-09 22:00:00,84.6319309596404
2025-09-09 23:00:00,85.3718700695965
2025-09-10 00:00:00,83.9863196379693
2025-09-10 01:00:00,59.7813465410927
2025-09-10 02:00:00,85.2115464111411
2025-09-10 03:00:00,85.6084585523642
2025-09-10 04:00:00,84.2217561254338
2025-09-10 05:00:00,84.1125105823855
2025-09-10 06:00:00,83.6966919055912
2025-09-10 07:00:00,85.0124404001543
2025-09-10 08:00:00,84.8496561151934
2025-09-10 09:00:00,85.4196391909087
2025-09-10 10:00:00,84.1207597205781
2025-09-10 11:00:00,84.3654387187081
2025-09-10 12:00:00,85.3389715450697
2025-09-10 13:00:00,83.9782210630058
2025-09-10 14:00:00,83.1581876553225
2025-09-10 15:00:00,84.7065952127363
2025-09-10 16:00:00,84.2798077187619
2025-09-10 17:00:00,82.8510811569681
2025-09-10 18:00:00,84.8618969090825
2025-09-10 19:00:00,84.3032716204109
2025-09-10 20:00:00,84.1157807179868
2025-09-10 21:00:00,83.3132207940207
2025-09-10 22:00:00,83.0687686291076
2025-09-10 23:00:00,83.6059753880162
2025-09-11 00:00:00,83.6656846776546
2025-09-11 01:00:00,84.3972376049886
2025-09-11 02:00:00,84.2159121654264
2025-09-11 03:00:00,82.6635196142071
2025-09-11 04:00:00,84.380746737416
2025-09-11 05:00:00,83.2300823970614
2025-09-11 06:00:00,82.2919592224194
2025-09-11 08:00:00,84.0841577544127
2025-09-11 09:00:00,84.4959519310163
2025-09-11 10:00:00,83.6326287650056
2025-09-11 11:00:00,85.1411251370684
2025-09-11 12:00:00,83.5144235005862
2025-09-11 13:00:00,83.6695831189262
2025-09-11 14:00:00,84.0091972831684
2025-09-11 15:00:00,83.6982929038807
2025-09-11 16:00:00,84.9432244358013
2025-09-11 17:00:00,84.908128389029
2025-09-11 18:00:00,83.8544255808401
2025-09-11 19:00:00,83.8790786180756
2025-09-11 20:00:00,85.1208264518667
2025-09-11 21:00:00,84.5725687738041
2025-09-11 22:00:00,83.3351933792786
2025-09-11 23:00:00,84.7408935107378
2025-09-12 00:00:00,85.3651675637354
2025-09-12 01:00:00,83.0992101482933
2025-09-12 02:00:00,82.8186875268468
2025-09-12 03:00:00,81.8494694265991
2025-09-12 04:00:00,84.2557573832434
2025-09-12 05:00:00,82.9177208970282
2025-09-12 06:00:00,84.2646564931351
2025-09-12 20:00:00,82.1326898607396
2025-09-12 21:00:00,82.9751785595476
2025-09-12 22:00:00,82.9665327180436
2025-09-12 23:00:00,82.7732739976102
2025-09-13 00:00:00,82.3661024883214
2025-09-13 01:00:00,80.4898815237166
2025-09-13 02:00:00,82.0590870506175
2025-09-13 03:00:00,82.4472180891498
2025-09-13 04:00:00,82.6082213656478
2025-09-13 05:00:00,81.3059160010267
2025-09-13 06:00:00,81.5429334391662
2025-09-13 11:00:00,83.062461313035
2025-09-13 12:00:00,81.9807265688368
2025-09-13 13:00:00,81.0889666588981
2025-09-13 14:00:00,84.2101559002344
2025-09-13 15:00:00,82.79172717894
2025-09-13 16:00:00,90.2527672918261
2025-09-13 17:00:00,82.4994776577701
2025-09-13 18:00:00,82.7761354098008
2025-09-13 19:00:00,83.6189231605314
2025-09-13 20:00:00,
2025-09-13 21:00:00,
2025-09-13 22:00:00,82.4297274185106
2025-09-13 23:00:00,82.2631411928213
2025-09-14 00:00:00,80.6705859017358
2025-09-14 01:00:00,81.3228757169914
2025-09-14 02:00:00,81.0264158806788
2025-09-14 03:00:00,81.8610003901729
2025-09-14 04:00:00,82.2289724526603
2025-09-14 05:00:00,82.2779555459852
2025-09-14 06:00:00,81.1779798500191
2025-09-14 07:00:00,82.7109450462426
2025-09-14 09:00:00,82.5049566175423
2025-09-14 10:00:00,82.8376397152192
2025-09-14 11:00:00,81.5918800326654
2025-09-14 12:00:00,81.4591997657048
2025-09-14 13:00:00,82.7916774203678
2025-09-14 14:00:00,82.8581878806269
2025-09-14 15:00:00,82.0277385027076
2025-09-14 16:00:00,82.1640645216987
2025-09-14 17:00:00,80.3274783622048
2025-09-14 18:00:00,80.5878527413528
2025-09-14 19:00:00,82.2390376948909
2025-09-14 20:00:00,81.4472361571991
2025-09-14 21:00:00,80.3569391348564
2025-09-14 22:00:00,80.7006957340056
2025-09-14 23:00:00,82.223617826045
2025-09-15 00:00:00,80.2045130799472
2025-09-15 01:00:00,81.1368077201048
2025-09-15 02:00:00,80.8811000405711
2025-09-15 03:00:00,
2025-09-15 04:00:00,80.7402944252586
2025-09-15 05:00:00,82.3691923263578
2025-09-15 06:00:00,81.0790962039935
2025-09-15 07:00:00,80.9578810104714
2025-09-15 10:00:00,81.1542328364715
2025-09-15 11:00:00,80.73437418044
2025-09-15 12:00:00,82.2906478536307
2025-09-15 13:00:00,79.7575961262089
2025-09-15 14:00:00,79.7087445924506
2025-09-15 15:00:00,80.1518816842043
2025-09-15 16:00:00,79.6729175507051
2025-09-15 17:00:00,80.2657230141396
2025-09-15 18:00:00,79.2282820550517
2025-09-15 19:00:00,81.3660348103048
2025-09-15 20:00:00,81.9822033857526
2025-09-15 21:00:00,58.7679033521102
2025-09-15 22:00:00,79.7862071884894
2025-09-15 23:00:00,81.0327414757644
2025-09-16 00:00:00,79.9806813054077
2025-09-16 01:00:00,80.0077697566173
2025-09-16 02:00:00,80.3573800042332
2025-09-16 03:00:00,79.4435787347644
2025-09-16 04:00:00,79.7104390377181
2025-09-16 05:00:00,78.5601284468471
2025-09-16 07:00:00,80.4319230085733
2025-09-16 08:00:00,80.1961838197511
2025-09-16 09:00:00,78.9134265603521
2025-09-16 10:00:00,80.3563630991049
2025-09-16 23:00:00,80.8924857564976
2025-09-17 00:00:00,78.9150572423407
2025-09-17 01:00:00,80.2409801326894
2025-09-17 02:00:00,79.6987222327959
2025-09-17 03:00:00,77.8093157358369
2025-09-17 04:00:00,80.132077323058
2025-09-17 06:00:00,77.9825472819497
2025-09-17 07:00:00,81.4438779071762
2025-09-17 09:00:00,78.7729626181051
2025-09-17 10:00:00,78.2538129339601
2025-09-17 11:00:00,78.9505080550921
2025-09-17 12:00:00,79.1828225819466
2025-09-17 13:00:00,81.2619734363014
2025-09-17 14:00:00,80.9406505191748
2025-09-17 15:00:00,79.9191271658548
2025-09-17 16:00:00,80.3089129471817
2025-09-17 17:00:00,78.6877708069691
2025-09-17 18:00:00,79.356297481127
2025-09-17 19:00:00,79.8575211876407
2025-09-17 20:00:00,78.8267352287291
2025-09-17 21:00:00,78.6711974788046
2025-09-17 22:00:00,81.1206588124901
2025-09-17 23:00:00,79.2731902578726
2025-09-18 00:00:00,79.6638638847383
2025-09-18 01:00:00,79.6387939232214
2025-09-18 02:00:00,79.5122033095132
2025-09-18 03:00:00,77.5442975415182
2025-09-18 04:00:00,78.8301709803623
2025-09-18 06:00:00,79.1974984609632
2025-09-18 10:00:00,79.067571583176
2025-09-18 11:00:00,77.8855741277366
2025-09-18 12:00:00,80.6661781274819
2025-09-18 13:00:00,78.6586140137069
2025-09-18 14:00:00,78.2033560872175
2025-09-18 15:00:00,77.9892718369199
2025-09-18 16:00:00,80.3520897138541
2025-09-18 17:00:00,79.2048402964774
2025-09-18 18:00:00,78.8053624252315
2025-09-18 19:00:00,78.7580241038733
2025-09-18 20:00:00,79.3136236437817
2025-09-18 21:00:00,78.8894397688671
2025-09-18 22:00:00,78.7575370214546
2025-09-18 23:00:00,79.3187017354459
2025-09-19 00:00:00,77.1255708639904
2025-09-19 01:00:00,78.8058560725322
2025-09-19 02:00:00,79.0468794993243
2025-09-19 03:00:00,79.093779605333
2025-09-19 04:00:00,77.2194106955967
2025-09-19 05:00:00,78.8793064762167
2025-09-19 06:00:00,77.1552334965691
2025-09-19 10:00:00,77.4969668089322
2025-09-19 12:00:00,79.7491800998854
2025-09-19 13:00:00,78.3503878872359
2025-09-19 14:00:00,79.6898071044652
2025-09-19 15:00:00,79.6234387035167
2025-09-19 16:00:00,79.158185990847
2025-09-19 17:00:00,78.740245193708
2025-09-19 18:00:00,78.2042448422029
2025-09-19 19:00:00,77.5477427936907
2025-09-19 20:00:00,78.1743238307715
2025-09-19 21:00:00,78.2952132376456
2025-09-19 22:00:00,78.7421467731159
2025-09-19 23:00:00,78.4255687146741
2025-09-20 00:00:00,77.599757405363
2025-09-20 01:00:00,79.0052919774183
2025-09-20 02:00:00,77.9227986026732
2025-09-20 05:00:00,77.7236166396798
2025-09-20 06:00:00,77.6978411445165
2025-09-20 11:00:00,78.2973144922718
2025-09-20 12:00:00,
2025-09-21 01:00:00,76.8292070262671
2025-09-21 02:00:00,77.2333133559797
2025-09-21 03:00:00,77.3929660101906
2025-09-21 04:00:00,77.0911209652773
2025-09-21 06:00:00,78.9846069613687
2025-09-21 07:00:00,76.6285576421048
2025-09-21 09:00:00,76.9121396168844
2025-09-21 10:00:00,76.5491012411932
2025-09-21 11:00:00,76.929773168131
2025-09-21 12:00:00,76.4428189350711
2025-09-21 13:00:00,76.7396605632638
2025-09-21 14:00:00,76.63996313377
2025-09-21 15:00:00,77.9079176039815
2025-09-21 16:00:00,79.1752772378359
2025-09-21 17:00:00,75.823574743906
2025-09-21 18:00:00,78.7228634193243
2025-09-21 19:00:00,
2025-09-21 20:00:00,
2025-09-21 21:00:00,
2025-09-21 22:00:00,74.788858093198
2025-09-21 23:00:00,78.2910036827837
2025-09-22 00:00:00,75.968101624405
2025-09-22 01:00:00,76.0240374652613
2025-09-22 02:00:00,77.674523917245
2025-09-22 03:00:00,77.4462533353494
2025-09-22 04:00:00,77.6088680039142
2025-09-22 05:00:00,75.9251166358565
2025-09-22 06:00:00,78.0828205149641
2025-09-22 10:00:00,74.8043839602734
2025-09-22 11:00:00,75.970878026764
2025-09-22 12:00:00,76.1734619774625
2025-09-22 13:00:00,76.2956434413272
2025-09-22 14:00:00,76.2126279229547
2025-09-22 15:00:00,75.3960734508006
2025-09-22 16:00:00,76.8269882124677
2025-09-22 17:00:00,76.3795139454195
2025-09-22 18:00:00,76.5005927021257
2025-09-22 19:00:00,76.7600271335616
2025-09-22 20:00:00,77.642397718508
2025-09-22 21:00:00,77.3859140532865
2025-09-22 22:00:00,76.9287206006602
2025-09-22 23:00:00,76.4886963255708
2025-09-23 00:00:00,76.0928893085432
2025-09-23 01:00:00,74.5304749036786
2025-09-23 02:00:00,77.2172014842734
2025-09-23 03:00:00,76.7661398468884
2025-09-23 04:00:00,76.6218737250712
2025-09-23 05:00:00,93.2029890372732
2025-09-23 07:00:00,76.9855230331614
2025-09-23 09:00:00,75.6195761467991
2025-09-23 10:00:00,77.1296531239713
2025-09-23 11:00:00,75.371788678891
2025-09-23 12:00:00,76.0785078578437
2025-09-23 13:00:00,75.7079598620684
2025-09-23 14:00:00,76.9239119629351
2025-09-23 15:00:00,76.4548410996633
2025-09-23 16:00:00,77.2132181584965
2025-09-23 17:00:00,77.6620724871389
2025-09-23 18:00:00,76.5854610960242
2025-09-23 19:00:00,74.9749691528244
2025-09-23 20:00:00,76.1838592889331
2025-09-23 21:00:00,76.2619282444371
2025-09-23 22:00:00,76.7238384522866
2025-09-23 23:00:00,75.4961925380083
2025-09-24 00:00:00,74.3889706077915
2025-09-24 01:00:00,76.6427663853582
2025-09-24 02:00:00,75.9778828371072
2025-09-24 03:00:00,76.3017380180039
2025-09-24 04:00:00,74.6309501300724
2025-09-24 05:00:00,75.8136885164936
2025-09-24 07:00:00,74.6260455507825
2025-09-24 09:00:00,75.5254592090292
2025-09-24 10:00:00,73.6187912714833
2025-09-24 11:00:00,75.3425876598679
2025-09-24 12:00:00,76.5612767068168
2025-09-24 13:00:00,76.6309407278278
2025-09-24 14:00:00,76.5478544257026
2025-09-24 15:00:00,75.441872374036
2025-09-24 16:00:00,75.0582614514422
2025-09-24 17:00:00,77.8121251367219
2025-09-24 18:00:00,74.1425077965057
2025-09-24 19:00:00,75.2161299988482
2025-09-24 20:00:00,74.8966502605551
2025-09-24 21:00:00,75.0558326511558
2025-09-24 22:00:00,75.9265487229735
2025-09-24 23:00:00,74.8367710520183
2025-09-25 00:00:00,75.0444652965193
2025-09-25 01:00:00,75.5470775711623
2025-09-25 02:00:00,76.3956898212684
2025-09-25 03:00:00,76.0900852118291
2025-09-25 04:00:00,74.5400324028032
2025-09-25 05:00:00,75.6739280702996
2025-09-25 09:00:00,74.956767320922
2025-09-25 10:00:00,74.7236786084936
2025-09-25 11:00:00,75.6295459007229
2025-09-25 12:00:00,76.1566535299093
2025-09-25 13:00:00,75.3941993089421
2025-09-25 14:00:00,74.9589271251063
2025-09-25 15:00:00,74.5227008952676
2025-09-25 16:00:00,75.304634349041
2025-09-25 17:00:00,74.8549523199365
2025-09-25 18:00:00,73.5763675471716
2025-09-25 19:00:00,74.5109313952135
2025-09-25 20:00:00,76.9864553457816
2025-09-25 21:00:00,72.4301901583382
2025-09-25 22:00:00,74.8150056303502
2025-09-25 23:00:00,73.5530596938763
2025-09-26 00:00:00,75.0407687899968
2025-09-26 01:00:00,73.3732692481828
2025-09-26 02:00:00,74.1699608896469
2025-09-26 03:00:00,
2025-09-26 04:00:00,
2025-09-26 05:00:00,
2025-09-26 06:00:00,75.0436412879973
2025-09-26 07:00:00,72.7940159837795
2025-09-26 12:00:00,73.4707664325881
2025-09-26 13:00:00,75.4358008732715
2025-09-26 15:00:00,74.896555311524
2025-09-27 02:00:00,74.0566619477891
2025-09-27 04:00:00,68.0148119579913
2025-09-27 05:00:00,73.9684900130169
2025-09-27 06:00:00,73.8439822228876
2025-09-27 07:00:00,74.2560613856322
2025-09-27 08:00:00,73.3679356574026
2025-09-27 10:00:00,74.9991387416711
2025-09-27 11:00:00,73.243446931056
2025-09-27 12:00:00,74.9502089169758
2025-09-27 13:00:00,74.8812641388462
2025-09-27 14:00:00,73.9611092093158
2025-09-27 15:00:00,72.4590953788571
2025-09-27 16:00:00,74.4076788988707
2025-09-27 17:00:00,74.1297686724734
2025-09-27 18:00:00,73.5282698431435
2025-09-27 19:00:00,73.5177395029627
2025-09-27 20:00:00,74.139708304418
2025-09-27 21:00:00,73.4669511744288
2025-09-27 22:00:00,73.4352593387734
2025-09-27 23:00:00,74.1884774940242
2025-09-28 00:00:00,73.1021217785382
2025-09-28 01:00:00,73.1745765904395
2025-09-28 02:00:00,74.2783332545331
2025-09-28 03:00:00,73.6407644706924
2025-09-28 04:00:00,72.1874512371414
2025-09-28 05:00:00,72.8144430937147
2025-09-28 06:00:00,73.7641018613963
2025-09-28 07:00:00,74.0120180674202
2025-09-28 08:00:00,74.1941193684271
2025-09-28 10:00:00,74.6342983408517
2025-09-28 11:00:00,74.321428873571
2025-09-28 12:00:00,73.2204253367416
2025-09-28 13:00:00,73.7296903094996
2025-09-28 14:00:00,73.7272926487358
2025-09-28 15:00:00,71.5731455978255
2025-09-28 16:00:00,72.1638230396183
2025-09-28 17:00:00,74.2141157298386
2025-09-28 18:00:00,72.7190948283176
2025-09-28 19:00:00,73.8709881963596
2025-09-28 20:00:00,72.827986431481
2025-09-28 21:00:00,72.9391394149611
2025-09-28 22:00:00,72.7002562214637
2025-09-28 23:00:00,74.172889023837
2025-09-29 00:00:00,71.6781752927133
2025-09-29 01:00:00,73.0853888700612
2025-09-29 02:00:00,72.0890240365204
2025-09-29 03:00:00,72.8858750848262
2025-09-29 04:00:00,72.7069088728528
2025-09-29 05:00:00,72.9369790850868
2025-09-29 07:00:00,71.3497920713803
2025-09-29 08:00:00,72.5069629629543
2025-09-29 09:00:00,73.0166837328837
2025-09-29 10:00:00,73.7292176515483
2025-09-29 11:00:00,72.2917955812748
2025-09-29 12:00:00,71.9486865308347
2025-09-29 13:00:00,73.3386400605072
2025-09-29 14:00:00,71.7331705693121
2025-09-29 15:00:00,71.6303012110635
2025-09-29 16:00:00,71.4043336240256
2025-09-29 17:00:00,72.7033789170042
2025-09-29 18:00:00,71.3685271712718
2025-09-29 19:00:00,72.1589127622623
2025-09-29 20:00:00,72.9128317267477
2025-09-29 21:00:00,70.2967759688537
2025-09-29 22:00:00,73.0099531839878
2025-09-29 23:00:00,72.6298276942774
2025-09-30 00:00:00,71.4176849815648
2025-09-30 01:00:00,72.177783021956
2025-09-30 02:00:00,73.1817792277981
2025-09-30 03:00:00,71.9981652649232
2025-09-30 04:00:00,77.566529966134
2025-09-30 06:00:00,72.2527151283839
2025-09-30 07:00:00,73.4333565862209
2025-09-30 11:00:00,70.6977088334567
2025-09-30 12:00:00,73.785307978915
2025-09-30 13:00:00,71.0434667273995
2025-09-30 14:00:00,71.6039133910057
2025-09-30 15:00:00,71.3400241322769
2025-09-30 16:00:00,70.9077179117387
2025-10-03 00:00:00,72.3855745171651
2025-10-03 03:00:00,70.0024332915979
2025-10-03 07:00:00,72.1083476336292
2025-10-03 08:00:00,70.7957890239343
2025-10-03 09:00:00,70.2274125419523
2025-10-03 12:00:00,73.213998285029
2025-10-03 13:00:00,72.1250317497777
2025-10-03 14:00:00,71.4046891107467
2025-10-03 15:00:00,72.7463243555011
2025-10-03 16:00:00,69.6376807817222
2025-10-03 17:00:00,69.9792783266776
2025-10-03 18:00:00,71.8110010060842
2025-10-03 19:00:00,73.2087086736056
2025-10-03 20:00:00,69.8364935302975
2025-10-03 21:00:00,70.131343656595
2025-10-03 22:00:00,69.566192428165
2025-10-03 23:00:00,72.3535786394295
2025-10-04 00:00:00,71.3615320818072
2025-10-04 01:00:00,70.6225140297347
2025-10-04 02:00:00,72.2175032433643
2025-10-04 03:00:00,69.6271396991261
2025-10-04 04:00:00,71.8321221925039
2025-10-04 21:00:00,70.727962737884
2025-10-04 22:00:00,71.5889830657163
2025-10-04 23:00:00,70.5287764189716
2025-10-05 00:00:00,69.9868328911679
2025-10-05 01:00:00,69.7464580762983
2025-10-05 02:00:00,68.6187072263267
2025-10-05 03:00:00,68.2230269857999
2025-10-05 12:00:00,69.8992629273611
2025-10-05 13:00:00,69.0632018978571
2025-10-05 14:00:00,71.4114050571478
2025-10-05 15:00:00,68.8370440968792
2025-10-05 16:00:00,69.5318509706304
2025-10-05 17:00:00,71.2403193556999
2025-10-05 18:00:00,69.5869039864225
2025-10-05 19:00:00,70.1083074146941
2025-10-05 20:00:00,69.605032867598
2025-10-05 21:00:00,70.8509935195753
2025-10-05 22:00:00,69.4593782842602
2025-10-05 23:00:00,69.3407031796964
2025-10-06 00:00:00,
2025-10-06 01:00:00,
2025-10-06 02:00:00,
2025-10-06 03:00:00,
2025-10-06 04:00:00,
2025-10-06 05:00:00,
2025-10-06 06:00:00,
2025-10-06 07:00:00,
2025-10-06 08:00:00,
2025-10-06 10:00:00,
2025-10-06 11:00:00,
2025-10-06 12:00:00,
2025-10-06 13:00:00,
2025-10-06 14:00:00,
2025-10-06 15:00:00,
2025-10-06 16:00:00,
2025-10-06 17:00:00,
2025-10-06 18:00:00,
2025-10-06 19:00:00,
2025-10-06 20:00:00,
2025-10-06 21:00:00,
2025-10-06 22:00:00,
2025-10-06 23:00:00,
2025-10-07 00:00:00,85.6687334850678
2025-10-07 01:00:00,85.9061128566847
2025-10-07 02:00:00,85.5365015444502
2025-10-07 03:00:00,86.0939356721385
2025-10-07 04:00:00,85.9148315488906
2025-10-07 05:00:00,85.058860896845
2025-10-07 06:00:00,85.0405485467089
2025-10-07 07:00:00,85.945987836657
2025-10-07 09:00:00,86.4603506216803
2025-10-07 10:00:00,85.3148461287174
2025-10-07 11:00:00,86.011424877427
2025-10-07 12:00:00,84.62073084705
2025-10-07 13:00:00,86.0177208446549
2025-10-07 14:00:00,85.6682841467452
2025-10-07 15:00:00,85.2804301888717
2025-10-07 16:00:00,85.8280560063735
2025-10-07 17:00:00,85.92232909963
2025-10-07 18:00:00,84.7559979857526
2025-10-07 19:00:00,85.8105354208984
2025-10-07 20:00:00,85.2286726655703
2025-10-07 21:00:00,85.5975095332069
2025-10-07 22:00:00,86.3276424513951
2025-10-07 23:00:00,85.0171964911407
2025-10-08 00:00:00,85.1802722222138
2025-10-08 01:00:00,84.4749088546337
2025-10-08 02:00:00,106.814144127078
2025-10-08 03:00:00,85.1663566018473
2025-10-08 04:00:00,85.5317261083887
2025-10-08 06:00:00,85.0461213185542
2025-10-08 12:00:00,84.5433976800809
2025-10-08 13:00:00,84.5497376255467
2025-10-08 14:00:00,84.3150879979911
2025-10-08 15:00:00,84.3051985361001
2025-10-08 16:00:00,84.4789003357524
2025-10-08 17:00:00,84.1330746894128
2025-10-08 18:00:00,84.6167000013636
2025-10-08 19:00:00,84.9497901565049
2025-10-09 08:00:00,83.5266297984204
2025-10-09 09:00:00,84.4393029892256
2025-10-09 10:00:00,83.6518093710834
2025-10-09 11:00:00,83.337148241133
2025-10-09 12:00:00,84.4988199731127
2025-10-09 13:00:00,84.3787458685446
2025-10-09 14:00:00,84.4772202736569
2025-10-09 15:00:00,84.4441759413799
2025-10-09 16:00:00,84.2644712284903
2025-10-09 17:00:00,83.8660603505991
2025-10-09 18:00:00,82.9679204069461
2025-10-09 19:00:00,84.8577408837234
2025-10-09 20:00:00,83.8459762277045
2025-10-09 21:00:00,83.9460277101469
2025-10-09 22:00:00,83.8129660357051
2025-10-09 23:00:00,83.6891906779361
2025-10-10 00:00:00,83.5111404409484
2025-10-10 01:00:00,83.4399330202495
2025-10-10 02:00:00,82.6198616113256
2025-10-10 03:00:00,85.0228792277063
2025-10-10 04:00:00,83.6013897424963
2025-10-10 05:00:00,84.0960307072391
2025-10-10 06:00:00,82.908273747803
2025-10-10 07:00:00,80.6714287479349
2025-10-10 08:00:00,82.7246563936407
2025-10-10 09:00:00,82.2698006624385
2025-10-10 10:00:00,82.3375588204003
2025-10-10 11:00:00,80.9503424260413
2025-10-10 12:00:00,81.8146269733017
2025-10-10 13:00:00,81.9233384176804
2025-10-10 14:00:00,81.7615477563103
2025-10-10 15:00:00,84.6368332374417
2025-10-10 16:00:00,82.3078778245248
2025-10-10 17:00:00,83.4642003111994
2025-10-10 18:00:00,84.056163710155
2025-10-10 19:00:00,81.8143179947582
2025-10-10 20:00:00,81.2156932031759
2025-10-10 21:00:00,82.9614075247753
2025-10-10 22:00:00,82.3774993337833
2025-10-10 23:00:00,81.8430300297978
2025-10-11 00:00:00,80.9921208193975
2025-10-11 01:00:00,83.161051644457
2025-10-11 02:00:00,83.3164365898553
2025-10-11 03:00:00,81.6168684262626
2025-10-11 04:00:00,83.0883559611066
2025-10-11 05:00:00,81.2128667460147
2025-10-11 06:00:00,82.9918104206048
2025-10-11 07:00:00,83.3760495417367
2025-10-11 08:00:00,82.4830610929485
2025-10-11 09:00:00,82.0332450082662
2025-10-11 10:00:00,81.5548339554593
2025-10-11 11:00:00,83.1006759178486
2025-10-11 12:00:00,84.51684144732
2025-10-11 13:00:00,83.5404544401559
2025-10-11 14:00:00,83.4316866785956
2025-10-11 15:00:00,83.4604829343024
2025-10-11 16:00:00,81.686496348642
2025-10-11 17:00:00,80.6800655607948
2025-10-11 18:00:00,82.6205716696469
2025-10-11 19:00:00,82.175304767721
2025-10-11 20:00:00,82.1305689323732
2025-10-11 21:00:00,83.4909976826029
2025-10-11 22:00:00,82.5038741231408
2025-10-11 23:00:00,84.458231609903
2025-10-12 00:00:00,81.9693885018846
2025-10-12 01:00:00,83.0084939239127
2025-10-12 02:00:00,84.8428043106693
2025-10-12 03:00:00,81.8677211380284
2025-10-12 04:00:00,83.1000843988491
2025-10-12 05:00:00,83.2157261161075
2025-10-12 06:00:00,82.0248636526528
2025-10-12 07:00:00,82.0028607094564
2025-10-12 08:00:00,82.1149948034871
2025-10-12 09:00:00,83.2228410739936
2025-10-12 10:00:00,81.8501767332239
2025-10-12 11:00:00,81.4881232379132
2025-10-12 12:00:00,83.2896519054423
2025-10-12 13:00:00,82.566017397215
2025-10-12 14:00:00,81.0360435275021
2025-10-12 15:00:00,83.5601345081706
2025-10-12 16:00:00,82.2892702069163
2025-10-12 17:00:00,82.5945682953432
2025-10-12 18:00:00,83.3504230192024
2025-10-12 19:00:00,83.2786944617473
2025-10-12 20:00:00,82.2685519670066
2025-10-12 21:00:00,82.2142036624141
2025-10-12 22:00:00,82.7205385060518
2025-10-13 11:00:00,82.9757030958917
2025-10-13 12:00:00,80.2998308635571
2025-10-13 13:00:00,82.2499241772809
2025-10-13 14:00:00,81.559074567546
2025-10-13 15:00:00,83.1942090483916
2025-10-13 16:00:00,79.7566515560309
2025-10-13 17:00:00,83.6867526329763
2025-10-13 18:00:00,82.2463369751852
2025-10-13 19:00:00,81.3592759482483
2025-10-13 20:00:00,81.8657028092163
2025-10-13 21:00:00,84.0484105921005
2025-10-13 22:00:00,81.0395273445092
2025-10-13 23:00:00,81.0365134196662
2025-10-14 00:00:00,82.6214197807476
2025-10-14 01:00:00,80.1878505779813
2025-10-14 02:00:00,80.8318700302844
2025-10-14 03:00:00,81.9643760548204
2025-10-14 04:00:00,83.2009661900819
2025-10-14 05:00:00,82.2228626267798
2025-10-14 06:00:00,80.7760714166779
2025-10-14 07:00:00,81.0645416370948
2025-10-14 08:00:00,83.2099839008544
2025-10-14 09:00:00,82.03264819594
2025-10-14 10:00:00,81.4581636447498
2025-10-14 11:00:00,83.6895183277679
2025-10-14 12:00:00,81.7724187445704
2025-10-14 13:00:00,80.7512902101813
2025-10-14 14:00:00,82.5281038770775
2025-10-14 15:00:00,80.5096479101143
2025-10-14 16:00:00,82.117144325312
2025-10-14 17:00:00,80.7897426315212
2025-10-14 18:00:00,80.8631384937215
2025-10-14 19:00:00,81.8589753709476
2025-10-14 20:00:00,
2025-10-14 21:00:00,78.6951786134797
2025-10-14 22:00:00,82.8980886307018
2025-10-14 23:00:00,80.7252785648535
2025-10-15 00:00:00,80.0576029919232
2025-10-15 01:00:00,80.2820025776716
2025-10-15 02:00:00,79.3875770183963
2025-10-15 03:00:00,81.9557181047818
2025-10-15 04:00:00,80.7965513642425
2025-10-15 05:00:00,79.2654860478453
2025-10-15 06:00:00,79.8249599648659
2025-10-15 08:00:00,81.5099372817074
2025-10-15 09:00:00,80.5219529320783
2025-10-15 10:00:00,79.860026537435
2025-10-15 22:00:00,79.861523779521
2025-10-15 23:00:00,79.9416880345338
2025-10-16 00:00:00,82.7553539520287
2025-10-16 01:00:00,78.8465319373606
2025-10-16 02:00:00,81.3096988479929
2025-10-16 03:00:00,81.4648299135769
2025-10-16 04:00:00,82.0617608277033
2025-10-16 05:00:00,79.9691392840701
2025-10-16 06:00:00,81.0480986669032
2025-10-16 07:00:00,78.684054452013
2025-10-16 08:00:00,79.8997289827345
2025-10-16 09:00:00,81.5479324384442
2025-10-16 10:00:00,80.5453744525116
2025-10-16 11:00:00,81.6422605140526
2025-10-16 12:00:00,82.014905246599
2025-10-16 13:00:00,80.4778572466661
2025-10-16 14:00:00,80.587067716066
2025-10-16 15:00:00,79.6445668521423
2025-10-16 16:00:00,80.4121998235959
2025-10-16 17:00:00,79.1401401082406
2025-10-16 18:00:00,80.2815362355525
2025-10-16 19:00:00,81.1138453280018
2025-10-16 20:00:00,80.0209198631356
2025-10-16 21:00:00,81.2280206612374
2025-10-16 22:00:00,80.3283603687166
2025-10-16 23:00:00,81.0586210879945
2025-10-17 00:00:00,77.9746066432667
2025-10-17 01:00:00,79.428369025718
2025-10-17 02:00:00,81.5057810190265
2025-10-17 03:00:00,80.345405934591
2025-10-17 04:00:00,79.0044036967804
2025-10-17 05:00:00,63.3897182312343
2025-10-17 06:00:00,79.8210078050518
2025-10-17 07:00:00,80.0947487202368
2025-10-17 08:00:00,79.9257991482747
2025-10-17 09:00:00,80.2098537355476
2025-10-17 10:00:00,80.2511470845461
2025-10-17 11:00:00,79.9417501330464
2025-10-17 12:00:00,79.40889615022
2025-10-17 13:00:00,80.2927596459586
2025-10-17 14:00:00,79.5529983459066
2025-10-17 15:00:00,79.8294091425396
2025-10-17 16:00:00,79.785440349015
2025-10-17 17:00:00,80.3163757597043
2025-10-17 18:00:00,79.2643720882043
2025-10-17 19:00:00,80.7883293822512
2025-10-17 20:00:00,81.2773642311521
2025-10-17 21:00:00,81.0299268017091
2025-10-17 22:00:00,80.0182972036512
2025-10-17 23:00:00,78.4638160232873
2025-10-18 00:00:00,78.4575896646097
2025-10-18 01:00:00,80.1784330548565
2025-10-18 02:00:00,78.4072249738119
2025-10-18 03:00:00,80.1864194023368
2025-10-18 04:00:00,77.9073426841156
2025-10-18 05:00:00,81.2063525685888
2025-10-18 06:00:00,78.6288782263122
2025-10-18 08:00:00,79.3725614531378
2025-10-18 09:00:00,79.0060410145143
2025-10-18 11:00:00,78.7943099513416
2025-10-18 22:00:00,79.0288917955794
2025-10-18 23:00:00,80.6222902687655
2025-10-19 00:00:00,77.9250396789864
2025-10-19 01:00:00,77.3444196118916
2025-10-19 02:00:00,80.095258293416
2025-10-19 03:00:00,78.2025221107473
2025-10-19 04:00:00,78.4582063597539
2025-10-19 05:00:00,79.7588665258377
2025-10-19 09:00:00,78.1660107871341
2025-10-19 10:00:00,79.2610620189678
2025-10-19 11:00:00,79.9809125555909
2025-10-19 12:00:00,78.1892076148873
2025-10-19 13:00:00,79.2790160727866
2025-10-19 14:00:00,79.5740680438656
2025-10-19 15:00:00,79.6449494150597
2025-10-19 16:00:00,78.360173036036
2025-10-19 17:00:00,78.2366207701449
2025-10-19 18:00:00,79.8686368030441
2025-10-19 19:00:00,78.6494944079263
2025-10-19 20:00:00,79.3412290031688
2025-10-19 21:00:00,79.7846016007008
2025-10-19 22:00:00,79.7532972394808
2025-10-19 23:00:00,76.9173033456102
2025-10-20 00:00:00,77.4598675610278
2025-10-20 01:00:00,80.0423406334993
2025-10-20 02:00:00,78.5835639691309
2025-10-20 03:00:00,79.5909525771347
2025-10-20 04:00:00,77.7749219132214
2025-10-20 05:00:00,79.1516115656422
2025-10-20 07:00:00,78.5254859488672
2025-10-20 09:00:00,78.8439817347638
2025-10-20 10:00:00,78.2372516600872
2025-10-20 11:00:00,80.0776783957514
2025-10-20 12:00:00,79.5061233962066
2025-10-20 13:00:00,76.8381490940067
2025-10-20 14:00:00,79.4955565903957
2025-10-20 15:00:00,77.5660709541501
2025-10-20 16:00:00,73.3441046790165
2025-10-20 17:00:00,78.2710681583403
2025-10-20 18:00:00,78.934667113906
2025-10-20 19:00:00,78.0184529621304
2025-10-20 20:00:00,78.7452552511484
2025-10-20 21:00:00,78.4347078236749
2025-10-20 22:00:00,79.4830113137307
2025-10-20 23:00:00,77.4846250222366
2025-10-21 00:00:00,78.2398841351503
2025-10-21 01:00:00,77.0115205618908
2025-10-21 02:00:00,78.2956066645822
2025-10-21 03:00:00,77.5723242667376
2025-10-21 04:00:00,77.9604032243965
2025-10-21 05:00:00,79.8799093801876
2025-10-21 06:00:00,76.2531096896857
2025-10-21 10:00:00,77.4448840669229
2025-10-21 11:00:00,80.892050403304
2025-10-21 12:00:00,76.6292944715841
2025-10-21 13:00:00,78.7223668570736
2025-10-21 14:00:00,77.7619775094398
2025-10-21 15:00:00,78.7361220357808
2025-10-21 16:00:00,76.8679171770928
2025-10-21 17:00:00,78.6236045511048
2025-10-21 18:00:00,79.9751222958592
2025-10-21 19:00:00,77.6298485442704
2025-10-21 20:00:00,78.9286810803256
2025-10-21 21:00:00,78.6621456249974
2025-10-21 22:00:00,78.7084092163029
2025-10-21 23:00:00,78.4088190645816
2025-10-22 00:00:00,76.6890878686924
2025-10-22 01:00:00,78.3062957128349
2025-10-22 02:00:00,78.6882463983437
2025-10-22 03:00:00,77.889482621983
2025-10-22 04:00:00,79.3860403973543
2025-10-22 06:00:00,79.7474930930264
2025-10-22 08:00:00,77.2036310476614
2025-10-22 09:00:00,80.3901268686149
2025-10-22 10:00:00,80.1878536267573
2025-10-22 11:00:00,79.4006397879053
2025-10-23 00:00:00,78.4546581212571
2025-10-23 01:00:00,79.3375776512117
2025-10-23 02:00:00,78.0157313118122
2025-10-23 03:00:00,77.6666727256902
2025-10-23 04:00:00,77.9196561894677
2025-10-23 05:00:00,77.1346095268339
2025-10-23 06:00:00,78.3463581620707
2025-10-23 11:00:00,77.5448362195924
2025-10-23 12:00:00,77.1670636004417
2025-10-23 13:00:00,77.2332678152231
2025-10-23 14:00:00,77.5301686662177
2025-10-23 15:00:00,78.0827698586459
2025-10-23 16:00:00,76.7189153649562
2025-10-23 17:00:00,78.6883462982556
2025-10-23 18:00:00,77.2994869046056
2025-10-23 19:00:00,78.6703837278855
2025-10-23 20:00:00,77.2597628215221
2025-10-23 21:00:00,78.8735699642775
2025-10-23 22:00:00,78.7376727676971
2025-10-23 23:00:00,77.3530368600397
2025-10-24 00:00:00,76.7137174100954
2025-10-24 01:00:00,76.6325884510398
2025-10-24 02:00:00,78.6374826358465
2025-10-24 03:00:00,77.5841216128536
2025-10-24 04:00:00,78.9607693065792
2025-10-24 06:00:00,78.025114683991
2025-10-24 07:00:00,77.2160562949787
2025-10-24 10:00:00,77.1941115621008
2025-10-24 11:00:00,78.0247722715889
2025-10-24 12:00:00,76.2693275542262
2025-10-24 13:00:00,77.5515207071277
2025-10-24 14:00:00,76.6681441884049
2025-10-24 15:00:00,80.1691332038329
2025-10-24 16:00:00,76.8578768012745
2025-10-24 17:00:00,77.5800123488797
2025-10-24 18:00:00,78.1217670418267
2025-10-24 19:00:00,78.7066774619744
2025-10-24 20:00:00,78.873269869913
2025-10-24 21:00:00,76.2888652321081
2025-10-24 22:00:00,78.2643307434198
2025-10-24 23:00:00,77.4010806783315
2025-10-25 00:00:00,77.0292185920051
2025-10-25 01:00:00,77.5894573851709
2025-10-25 02:00:00,76.3283540561038
2025-10-25 03:00:00,75.453456134522
2025-10-25 04:00:00,76.2123141891501
2025-10-25 05:00:00,78.2751973595652
2025-10-25 09:00:00,76.999615716222
2025-10-25 12:00:00,75.366616957507
2025-10-25 13:00:00,76.9955340646797
2025-10-25 14:00:00,75.4347440881753
2025-10-25 15:00:00,75.0657820757021
2025-10-25 16:00:00,75.4147563032312
2025-10-25 17:00:00,77.1208117982384
2025-10-25 18:00:00,76.3957504937959
2025-10-25 19:00:00,76.1335187539406
2025-10-25 20:00:00,76.5753181618446
2025-10-25 21:00:00,77.8421710763283
2025-10-25 22:00:00,76.318857462098
2025-10-25 23:00:00,76.9187069176129
2025-10-26 00:00:00,75.8160781030221
2025-10-26 01:00:00,77.1750487348563
2025-10-26 02:00:00,74.5393838312388
2025-10-26 03:00:00,77.2799328703579
2025-10-26 04:00:00,73.8190065190252
2025-10-26 06:00:00,75.4797633562168
2025-10-26 07:00:00,76.936783381456
2025-10-26 08:00:00,75.5532607226036
2025-10-26 10:00:00,75.261351631108
2025-10-26 11:00:00,75.2817302434005
2025-10-26 12:00:00,75.3832474393352
2025-10-26 13:00:00,75.0540589898791
2025-10-27 02:00:00,74.6712526101725
2025-10-27 03:00:00,73.6901987465881
2025-10-27 04:00:00,73.3544673266037
2025-10-27 05:00:00,73.5539884778162
2025-10-27 09:00:00,74.4424343969384
2025-10-27 10:00:00,72.8473193360082
2025-10-27 11:00:00,74.3006081953582
2025-10-27 12:00:00,75.5647862599431
2025-10-27 13:00:00,75.0784745047021
2025-10-27 14:00:00,74.2652528286226
2025-10-27 15:00:00,75.0333084601735
2025-10-27 16:00:00,74.9377400900519
2025-10-27 17:00:00,74.8778358189945
2025-10-27 18:00:00,76.0986342951598
2025-10-27 19:00:00,75.6517677909582
2025-10-27 20:00:00,75.9361107375723
2025-10-27 21:00:00,75.5436881642772
2025-10-27 22:00:00,75.5051515523613
2025-10-27 23:00:00,
2025-10-28 00:00:00,
2025-10-28 01:00:00,74.869503236409
2025-10-28 02:00:00,74.5131187467767
2025-10-28 03:00:00,73.670169101219
2025-10-28 04:00:00,77.1960957065011
2025-10-28 07:00:00,53.6682691212984
2025-10-28 09:00:00,75.276180528324
2025-10-28 10:00:00,73.3414068738864
2025-10-28 11:00:00,74.8145633244364
2025-10-28 12:00:00,73.5851257768625
2025-10-28 13:00:00,75.2269247413209
2025-10-28 14:00:00,73.6335795395754
2025-10-28 15:00:00,76.027667306377
2025-10-28 16:00:00,73.9687315991405
2025-10-28 17:00:00,84.8158082882969
2025-10-28 18:00:00,74.5717502853647
2025-10-28 19:00:00,74.5889108481936
2025-10-28 20:00:00,75.2886309964567
2025-10-28 21:00:00,75.3035151748935
2025-10-28 22:00:00,74.5678568567727
2025-10-28 23:00:00,73.8076023541873
2025-10-29 00:00:00,74.2420109887673
2025-10-29 01:00:00,72.2114581523841
2025-10-29 02:00:00,75.7480374129343
2025-10-29 03:00:00,75.5150734074731
2025-10-29 04:00:00,74.0217328419932
2025-10-29 05:00:00,73.8927908322762
2025-10-29 06:00:00,74.2290579854992
2025-10-29 07:00:00,73.1023053724505
2025-10-29 08:00:00,74.7203094101397
2025-10-29 09:00:00,73.388565482519
2025-10-29 10:00:00,73.303519129675
2025-10-29 11:00:00,73.4926994777722
2025-10-29 12:00:00,73.454874091814
2025-10-29 13:00:00,75.830273913759
2025-10-29 14:00:00,75.824408953135
2025-10-29 15:00:00,73.2909164046548
2025-10-29 16:00:00,74.8085172101473
2025-10-29 17:00:00,73.0763620603188
2025-10-29 18:00:00,73.7706613922004
2025-10-29 19:00:00,74.0269870907788
2025-10-29 20:00:00,75.0293589920543
2025-10-29 21:00:00,72.0922857953315
2025-10-29 22:00:00,72.6194756285971
2025-10-29 23:00:00,74.7386012082811
2025-10-30 00:00:00,76.1007905379096
2025-10-30 01:00:00,72.7343726058811
2025-10-30 02:00:00,72.4244508426428
2025-10-30 03:00:00,72.6898234565981
2025-10-30 04:00:00,74.9853797608756
2025-10-30 05:00:00,73.1538887368078
2025-10-30 06:00:00,74.8000119423601
2025-10-30 07:00:00,73.4701603070946
2025-10-30 08:00:00,73.0449585222697
2025-10-30 09:00:00,72.8170647009906
2025-10-30 10:00:00,73.7957292667023
2025-10-30 11:00:00,73.029763654575
2025-10-30 12:00:00,73.0800718924245
2025-10-30 13:00:00,70.4151293580689
2025-10-30 14:00:00,72.5149661628186
2025-10-30 15:00:00,71.3728129675175
2025-10-31 04:00:00,72.5380599358913
2025-10-31 05:00:00,72.0773768679281
2025-10-31 06:00:00,71.1573808799709
2025-10-31 07:00:00,71.3409099516691
2025-10-31 09:00:00,72.2871493979774
2025-10-31 10:00:00,72.3313226693075
2025-10-31 11:00:00,71.5575169469321
2025-10-31 12:00:00,71.1979330167583
2025-10-31 13:00:00,71.2764679336659
2025-10-31 14:00:00,70.7584492661291
2025-10-31 15:00:00,71.6954261941376
2025-10-31 16:00:00,72.657020688413
2025-10-31 17:00:00,73.2042882886656
2025-10-31 18:00:00,69.3704820724247
2025-10-31 19:00:00,73.4137467324544
2025-10-31 20:00:00,72.5024931143128
2025-10-31 21:00:00,73.3245933845789
2025-10-31 22:00:00,74.7583605846596
2025-10-31 23:00:00,74.4387430012646
2025-11-01 00:00:00,71.682468789934
2025-11-01 01:00:00,72.4871866133685
2025-11-01 02:00:00,73.0534049528602
2025-11-01 03:00:00,70.9000464154317
2025-11-01 04:00:00,72.3742007812619
2025-11-01 05:00:00,71.8130124626516
2025-11-01 07:00:00,71.4278265149059
2025-11-01 08:00:00,70.8129813015753
2025-11-01 09:00:00,80.5949014613073
2025-11-01 10:00:00,
2025-11-01 11:00:00,
2025-11-01 12:00:00,73.3353016623584
2025-11-01 13:00:00,71.1736707024274
2025-11-01 14:00:00,72.0702459205164
2025-11-01 15:00:00,73.2977209121265
2025-11-01 16:00:00,70.4084524124081
2025-11-01 17:00:00,71.8504576112881
2025-11-01 18:00:00,72.9932524366103
2025-11-01 19:00:00,73.0120324076273
2025-11-01 20:00:00,67.5558695646428
2025-11-01 21:00:00,71.9336843912714
2025-11-01 22:00:00,72.6680203684309
2025-11-01 23:00:00,73.3402638322173
2025-11-02 00:00:00,70.3894305809231
2025-11-02 01:00:00,71.4263090504757
2025-11-02 02:00:00,70.6914912808995
2025-11-02 03:00:00,69.7585731772953
2025-11-02 04:00:00,70.4355035755376
2025-11-02 05:00:00,70.010277603513
2025-11-02 06:00:00,70.7965380025049
2025-11-02 07:00:00,71.4363841289688
2025-11-02 08:00:00,70.9330596646196
2025-11-02 10:00:00,70.7069131474226
2025-11-02 12:00:00,70.6331135030153
2025-11-02 13:00:00,71.7919678026177
2025-11-02 14:00:00,71.2560651883731
2025-11-02 15:00:00,71.5635075229963
2025-11-02 16:00:00,71.9592601910192
2025-11-02 17:00:00,71.3830827926504
2025-11-02 18:00:00,69.0534382270119
2025-11-02 19:00:00,69.8291078230232
2025-11-02 20:00:00,71.072152710084
2025-11-02 21:00:00,69.7325007369044
2025-11-02 22:00:00,70.0606765345761
2025-11-02 23:00:00,69.935008036423
2025-11-03 00:00:00,70.2365623604121
2025-11-03 01:00:00,70.0256193019804
2025-11-03 02:00:00,69.2759230702625
2025-11-03 03:00:00,72.0150552704138
2025-11-03 04:00:00,71.871668155642
2025-11-03 05:00:00,69.9110291057385
2025-11-03 07:00:00,70.2703465481131
2025-11-03 08:00:00,70.7950157639811
2025-11-03 09:00:00,69.736367202756
2025-11-03 10:00:00,69.5306613121281
2025-11-03 11:00:00,70.5721273915187
2025-11-03 12:00:00,68.8172594371924
2025-11-03 13:00:00,70.8430735065851
2025-11-03 14:00:00,71.2233418531988
2025-11-03 15:00:00,71.6649707122935
2025-11-03 16:00:00,71.651676691136
2025-11-03 17:00:00,71.1738220792328
2025-11-03 18:00:00,70.0899862801812
2025-11-04 07:00:00,70.3361531732242
2025-11-04 08:00:00,68.6815921974992
2025-11-04 09:00:00,69.5658542892846
2025-11-04 10:00:00,70.7157046151591
2025-11-04 11:00:00,68.6083349333235
2025-11-04 12:00:00,71.7159224376612
2025-11-04 13:00:00,71.218481790001
2025-11-04 14:00:00,70.1044486044242
2025-11-04 15:00:00,70.4163525972078
2025-11-04 16:00:00,69.2810780082666
2025-11-04 17:00:00,70.1372425521364
2025-11-04 18:00:00,69.7133183202452
2025-11-04 19:00:00,70.8771274475253
2025-11-04 20:00:00,67.9430034019806
2025-11-04 21:00:00,69.1541342884548
2025-11-04 22:00:00,69.6190011471777
2025-11-04 23:00:00,69.2829431454629
2025-11-05 00:00:00,68.8508468668958
2025-11-05 01:00:00,68.1629710315609
2025-11-05 02:00:00,68.4139998242032
2025-11-05 03:00:00,69.1775919258569
2025-11-05 04:00:00,67.2078994658632
2025-11-05 05:00:00,69.4634534203419
2025-11-05 06:00:00,68.2835667666859
2025-11-05 07:00:00,68.4794267329729
2025-11-05 08:00:00,69.2831206016363
2025-11-05 09:00:00,69.4240726291475
2025-11-05 10:00:00,66.922551048389
2025-11-05 11:00:00,69.7735266006291
2025-11-05 12:00:00,69.6383346649314
2025-11-05 13:00:00,68.9096164532069
2025-11-05 14:00:00,67.9431182609597
2025-11-05 15:00:00,68.098278204986
2025-11-05 16:00:00,70.2618136326064
2025-11-05 17:00:00,67.8226252749165
2025-11-05 18:00:00,71.3610221521184
2025-11-05 19:00:00,68.7910058028283
2025-11-05 20:00:00,68.9394785951557
2025-11-05 21:00:00,67.5190497300645
2025-11-05 22:00:00,69.4967040190282
2025-11-05 23:00:00,67.7989016148827
2025-11-06 00:00:00,66.6055110155734
2025-11-06 01:00:00,68.1025871127108
2025-11-06 02:00:00,67.3513347571765
2025-11-06 03:00:00,68.1131123214123
2025-11-06 04:00:00,67.6408433835504
2025-11-06 05:00:00,68.9984993425057
2025-11-06 06:00:00,68.0922217369135
2025-11-06 07:00:00,66.2188489217924
2025-11-06 09:00:00,65.8479240042694
2025-11-06 10:00:00,67.486052876888
2025-11-06 11:00:00,66.205311775201
2025-11-06 12:00:00,69.9575335911144
2025-11-06 13:00:00,70.0391346833362
2025-11-06 14:00:00,67.6823634758922
2025-11-06 15:00:00,68.3058637796725
2025-11-06 16:00:00,68.232289374127
2025-11-06 17:00:00,68.3592043362901
2025-11-06 18:00:00,67.9598228479408
2025-11-06 19:00:00,68.5035198241919
2025-11-06 20:00:00,66.1186470828042
2025-11-06 21:00:00,
2025-11-06 22:00:00,68.2006680166398
2025-11-06 23:00:00,66.7990635411081
2025-11-07 00:00:00,68.1545516120413
2025-11-07 01:00:00,66.9666776269866
2025-11-07 02:00:00,67.3271140038498
2025-11-07 03:00:00,65.760808545642
2025-11-07 04:00:00,66.3350925741278
2025-11-07 16:00:00,67.4298008974879
2025-11-07 17:00:00,67.6519217928388
2025-11-07 18:00:00,67.3031855957551
2025-11-07 19:00:00,66.5547756151892
2025-11-07 20:00:00,68.2260122041623
2025-11-07 21:00:00,66.9557694481327
2025-11-07 22:00:00,66.9188789390813
2025-11-07 23:00:00,65.1064502587138
2025-11-08 00:00:00,67.1696717706623
2025-11-08 01:00:00,68.4086386329409
2025-11-08 02:00:00,64.9800240243183
2025-11-08 03:00:00,67.6069665138123
2025-11-08 04:00:00,67.0200334034817
2025-11-08 05:00:00,66.2798706074849
2025-11-08 06:00:00,67.4114496141131
2025-11-08 07:00:00,67.1153580761518
2025-11-08 10:00:00,67.0142127918178
2025-11-08 11:00:00,67.2049603499441
2025-11-08 12:00:00,67.4145572320518
2025-11-08 13:00:00,68.683001849575
2025-11-08 14:00:00,65.9226119251597
2025-11-08 15:00:00,68.6336733692754
2025-11-08 16:00:00,66.2178988594377
2025-11-08 17:00:00,68.5292879004947
2025-11-08 18:00:00,65.1015359734159
2025-11-08 19:00:00,66.9317876028855
2025-11-08 20:00:00,65.9160226628762
2025-11-08 21:00:00,67.3557233668405
2025-11-08 22:00:00,67.7655297504986
2025-11-08 23:00:00,66.8324103150562
2025-11-09 11:00:00,65.7827793908972
2025-11-09 12:00:00,65.6134464973607
2025-11-09 13:00:00,66.6024541652934
2025-11-09 14:00:00,67.486742241548
2025-11-09 15:00:00,
2025-11-09 16:00:00,
2025-11-09 17:00:00,
2025-11-09 18:00:00,66.2518871898156
2025-11-09 19:00:00,65.9628209491526
2025-11-09 20:00:00,67.3319983005749
2025-11-09 21:00:00,65.2798671599563
2025-11-09 22:00:00,67.2569823125186
2025-11-09 23:00:00,67.3398353889504
2025-11-10 00:00:00,62.8212455984522
2025-11-10 01:00:00,64.7219502292344
2025-11-10 02:00:00,63.3267368570607
2025-11-10 03:00:00,64.1277384932285
2025-11-10 04:00:00,65.1918253854808
2025-11-10 05:00:00,63.8821913477625
2025-11-10 06:00:00,66.0298373750697
2025-11-10 07:00:00,65.1042760509442
2025-11-10 09:00:00,65.199156846941
2025-11-10 10:00:00,65.4485491019103
2025-11-10 11:00:00,65.0552420484414
2025-11-10 12:00:00,66.6964297707294
2025-11-10 13:00:00,64.8855772147018
2025-11-10 14:00:00,64.4287854996212
2025-11-10 15:00:00,64.5696173106356
2025-11-10 16:00:00,65.4302609388796
2025-11-10 17:00:00,63.4014871175395
2025-11-10 18:00:00,63.0284222535217
2025-11-10 19:00:00,61.9918825228535
2025-11-10 20:00:00,65.6804224054537
2025-11-10 21:00:00,57.6227246588763
2025-11-10 22:00:00,65.4736580280093
2025-11-10 23:00:00,65.5402578621978
2025-11-11 00:00:00,65.603350586432
2025-11-11 01:00:00,64.2291463107261
2025-11-11 02:00:00,48.1271490884071
2025-11-11 03:00:00,62.7038849097479
2025-11-11 04:00:00,62.4883954377828
2025-11-11 05:00:00,64.3377664410294
2025-11-11 06:00:00,62.2810348491387
2025-11-11 07:00:00,64.3395870243411
2025-11-11 08:00:00,63.5290923748265
2025-11-11 09:00:00,63.2156149562541
2025-11-11 10:00:00,63.9136005233047
2025-11-11 11:00:00,64.8846882137496
2025-11-11 12:00:00,62.6681185348287
2025-11-11 13:00:00,63.3491136168274
2025-11-11 14:00:00,64.4296207584463
2025-11-11 15:00:00,67.0329848160541
2025-11-11 16:00:00,64.7094475019565
2025-11-11 17:00:00,65.023174252698
2025-11-11 18:00:00,63.7813249156961
2025-11-11 19:00:00,64.4395964622492
2025-11-11 20:00:00,63.102024688955
2025-11-11 21:00:00,65.2270225479796
2025-11-11 22:00:00,63.5532859682223
2025-11-11 23:00:00,63.5503689510347
2025-11-12 00:00:00,65.2480945686733
2025-11-12 01:00:00,64.7289622184991
2025-11-12 02:00:00,63.8706468654676
2025-11-12 03:00:00,64.13611940603
2025-11-12 04:00:00,62.7505474005627
2025-11-12 05:00:00,63.3426300099543
2025-11-12 06:00:00,64.524321523614
2025-11-12 07:00:00,63.8657456910191
2025-11-12 10:00:00,63.1397589355918
2025-11-12 11:00:00,62.6155583534861
2025-11-12 12:00:00,61.3177533239773
2025-11-12 13:00:00,63.587013651745
2025-11-12 14:00:00,62.3024831182467
2025-11-12 15:00:00,69.9564451657884
2025-11-12 16:00:00,63.5039496989102
2025-11-12 17:00:00,63.7471949728849
2025-11-12 18:00:00,63.7562376790487
2025-11-12 19:00:00,62.966689533147
2025-11-12 20:00:00,64.6889459703003
2025-11-12 21:00:00,64.1486645216186
2025-11-12 22:00:00,63.3895231983275
2025-11-12 23:00:00,62.4608430702766
2025-11-13 00:00:00,62.4466209647871
2025-11-13 01:00:00,62.4605386211926
2025-11-13 12:00:00,64.676285640275
2025-11-13 13:00:00,63.7249107267727
2025-11-13 14:00:00,63.8750786486222
2025-11-13 15:00:00,63.5147276441495
2025-11-13 16:00:00,63.715990624743
2025-11-13 17:00:00,63.9397172146219
2025-11-13 18:00:00,62.5241593775357
2025-11-13 19:00:00,62.7111805740524
2025-11-13 20:00:00,66.0473215362702
2025-11-13 21:00:00,62.6703860375277
2025-11-13 22:00:00,62.9555267579461
2025-11-13 23:00:00,64.3516253819984
2025-11-14 00:00:00,63.4320202421026
2025-11-14 01:00:00,61.5628279304245
2025-11-14 02:00:00,63.4422464407526
2025-11-14 03:00:00,61.6744527128006
2025-11-14 04:00:00,61.4189738384878
2025-11-14 05:00:00,61.2084396351298
2025-11-14 06:00:00,62.3756666196373
2025-11-14 07:00:00,61.7909477685926
2025-11-14 08:00:00,62.4601850926055
2025-11-14 09:00:00,62.9090716147341
2025-11-14 11:00:00,63.2703100771461
2025-11-14 12:00:00,63.4451816965387
2025-11-14 13:00:00,63.3791508843944
2025-11-14 14:00:00,62.4473676195399
2025-11-14 15:00:00,63.1520654400666
2025-11-14 16:00:00,63.0303307997605
2025-11-14 17:00:00,62.7006701288948
2025-11-14 18:00:00,62.8436582908829
2025-11-14 19:00:00,63.1509620273394
2025-11-14 20:00:00,61.9101769878531
2025-11-14 21:00:00,61.3557639191754
2025-11-14 22:00:00,63.7509770843768
2025-11-14 23:00:00,63.3006424782224
2025-11-15 00:00:00,62.2933300591335
2025-11-15 01:00:00,61.7631318568278
2025-11-15 02:00:00,62.9855191137082
2025-11-15 03:00:00,61.3536270722737
2025-11-15 04:00:00,61.9393816471106
2025-11-15 05:00:00,61.2455635953759
2025-11-15 06:00:00,60.4367177951507
2025-11-15 12:00:00,63.5327116853511
2025-11-15 13:00:00,61.2772480098695
2025-11-15 14:00:00,59.7279738420657
2025-11-15 15:00:00,63.096025574091
2025-11-15 16:00:00,64.8900486293459
2025-11-15 17:00:00,62.2814974814707
2025-11-15 18:00:00,61.621068592947
2025-11-15 19:00:00,61.3993114480425
2025-11-15 20:00:00,62.3705611405878
2025-11-15 21:00:00,61.6695461186942
2025-11-15 22:00:00,62.6456456608277
2025-11-15 23:00:00,63.441513257319
2025-11-16 00:00:00,59.894012807062
2025-11-16 01:00:00,61.4425728270645
2025-11-16 02:00:00,61.2963009706792
2025-11-16 03:00:00,61.8965490416733
2025-11-16 04:00:00,61.7144863523233
2025-11-16 05:00:00,60.6668581854189
2025-11-16 06:00:00,59.7407894776001
2025-11-16 07:00:00,61.3376940388146
2025-11-16 08:00:00,60.5895810929187
2025-11-16 09:00:00,60.7458699508126
2025-11-16 10:00:00,61.3157296436424
2025-11-16 11:00:00,61.1240995836967
2025-11-16 12:00:00,61.2382650504759
2025-11-16 13:00:00,61.2045577186349
2025-11-16 14:00:00,62.6797883174091
2025-11-16 15:00:00,62.2220159133472
2025-11-16 16:00:00,60.4763499382927
2025-11-16 17:00:00,60.3307508037744
2025-11-16 18:00:00,61.8293783646013
2025-11-16 19:00:00,60.985839977148
2025-11-16 20:00:00,62.134922256446
2025-11-16 21:00:00,62.2779213357459
2025-11-16 22:00:00,61.4565584520263
2025-11-16 23:00:00,61.585216118212
2025-11-17 00:00:00,59.4805424783121
2025-11-17 01:00:00,59.6633200938541
2025-11-17 02:00:00,61.7268783229257
2025-11-17 03:00:00,59.7826057198758
2025-11-17 04:00:00,61.2969392213646
2025-11-17 05:00:00,60.4103184070894
2025-11-17 07:00:00,60.4257091045438
2025-11-17 08:00:00,61.34513785246
2025-11-17 09:00:00,61.925309539243
2025-11-17 10:00:00,60.927504588023
2025-11-17 11:00:00,61.3852406445974
2025-11-17 12:00:00,60.1042813998166
2025-11-17 13:00:00,61.6526836255048
2025-11-17 14:00:00,60.1469209990287
2025-11-17 15:00:00,60.8294131332631
2025-11-17 16:00:00,61.3656002095722
2025-11-17 17:00:00,59.3828624537807
2025-11-17 18:00:00,59.9627951087735
2025-11-17 19:00:00,61.9219600589851
2025-11-18 06:00:00,60.9754425593839
2025-11-18 09:00:00,59.7947689115371
2025-11-18 10:00:00,60.5979376656274
2025-11-18 11:00:00,61.7153921107499
2025-11-18 12:00:00,65.0221655762989
2025-11-18 13:00:00,61.6552107159451
2025-11-18 14:00:00,60.0308085404718
2025-11-18 15:00:00,60.1897656335771
2025-11-18 16:00:00,61.3107918549911
2025-11-18 17:00:00,59.7357877969221
2025-11-18 18:00:00,60.6848597683371
2025-11-18 19:00:00,60.8208509001796
2025-11-18 20:00:00,59.7601760516049
2025-11-18 21:00:00,60.1066441641064
2025-11-18 22:00:00,60.4956351487405
2025-11-18 23:00:00,61.7133985402209
2025-11-19 00:00:00,60.8285609868034
2025-11-19 01:00:00,59.9902003998803
2025-11-19 02:00:00,60.710144357171
2025-11-19 03:00:00,60.9705866271146
2025-11-19 14:00:00,60.0083325355985
2025-11-19 15:00:00,60.5793462882912
2025-11-19 16:00:00,61.262432934433
2025-11-19 17:00:00,61.6435190607047
2025-11-19 18:00:00,61.6312896994625
2025-11-19 19:00:00,61.4551717467136
2025-11-19 20:00:00,61.2287451758825
2025-11-19 21:00:00,60.0935958417307
2025-11-19 22:00:00,60.1504639835715
2025-11-19 23:00:00,59.3512503304033
2025-11-20 00:00:00,59.8640777657448
2025-11-20 01:00:00,61.3438530749681
2025-11-20 02:00:00,58.9705442458701
2025-11-20 03:00:00,58.9139499645462
2025-11-20 04:00:00,58.1865698580305
2025-11-20 05:00:00,59.9617926199784
2025-11-20 07:00:00,59.5370362326319
2025-11-20 08:00:00,57.8661568550126
2025-11-20 10:00:00,59.1038064400169
2025-11-20 11:00:00,58.7536322988595
2025-11-20 12:00:00,59.498835933588
2025-11-20 13:00:00,59.4320178876359
2025-11-20 14:00:00,59.0311183268144
2025-11-20 15:00:00,58.7375474303348
2025-11-20 16:00:00,59.0064285349312
2025-11-20 17:00:00,58.711628233427
2025-11-20 18:00:00,59.1232716205963
2025-11-20 19:00:00,58.6436904586542
2025-11-20 20:00:00,58.4032136033982
2025-11-20 21:00:00,58.425474965427
2025-11-20 22:00:00,60.8137093363406
2025-11-20 23:00:00,60.0879341951862
2025-11-21 00:00:00,59.2587516708891
2025-11-21 01:00:00,57.1575982051646
2025-11-21 02:00:00,58.8410667374719
2025-11-21 03:00:00,58.21373679574
2025-11-21 04:00:00,57.7250266030878
2025-11-21 05:00:00,58.4796144215956
2025-11-21 06:00:00,55.8455084630002
2025-11-21 07:00:00,58.6097234375601
2025-11-21 08:00:00,60.4092693899132
2025-11-21 09:00:00,59.7472791493111
2025-11-21 10:00:00,59.8520743141033
2025-11-21 11:00:00,57.5334624308259
2025-11-21 12:00:00,59.0204239990563
2025-11-21 13:00:00,56.9023384555039
2025-11-21 14:00:00,58.2613563535978
2025-11-21 15:00:00,58.3936579569294
2025-11-21 16:00:00,58.5267651784682
2025-11-21 17:00:00,59.5546105951782
2025-11-21 18:00:00,58.1769646785389
2025-11-21 19:00:00,57.9282497708634
2025-11-21 20:00:00,56.8959360518063
2025-11-21 21:00:00,59.8041521725317
2025-11-21 22:00:00,57.7519953267265
2025-11-21 23:00:00,58.5442420406325
2025-11-22 00:00:00,57.0563169656182
2025-11-22 01:00:00,57.1422787020559
2025-11-22 02:00:00,58.0830106179423
2025-11-22 03:00:00,58.1276940307146
2025-11-22 04:00:00,57.6461149618319
2025-11-22 05:00:00,58.2645488518452
2025-11-22 06:00:00,56.0252660280903
2025-11-22 07:00:00,57.1613506786844
2025-11-22 11:00:00,57.3959390935279
2025-11-22 12:00:00,58.8393358699356
2025-11-22 13:00:00,57.4575739352254
2025-11-22 14:00:00,57.9309338976614
2025-11-22 15:00:00,56.5728129483991
2025-11-22 16:00:00,58.3745030719762
2025-11-22 17:00:00,57.2297266994686
2025-11-22 18:00:00,55.8627938362321
2025-11-22 19:00:00,57.5453914071244
2025-11-22 20:00:00,68.5030879397468
2025-11-22 21:00:00,59.0821727680021
2025-11-22 22:00:00,57.0780351253429
2025-11-22 23:00:00,57.5297585702888
2025-11-23 00:00:00,55.6188767713496
2025-11-23 01:00:00,56.252961372899
2025-11-23 02:00:00,58.3071483376908
2025-11-23 03:00:00,55.8440933187634
2025-11-23 04:00:00,55.0914148142906
2025-11-23 05:00:00,57.5662983759501
2025-11-23 16:00:00,57.1894053558561
2025-11-23 17:00:00,57.3816834402224
2025-11-23 18:00:00,58.6497775268743
2025-11-23 19:00:00,58.5955482705952
2025-11-23 20:00:00,55.2670673606689
2025-11-23 21:00:00,59.2722379681001
2025-11-23 22:00:00,57.6475552701412
2025-11-23 23:00:00,55.9194079061616
2025-11-24 00:00:00,54.7159446872757
2025-11-24 01:00:00,56.5851421752611
2025-11-24 02:00:00,57.5684769981803
2025-11-24 03:00:00,57.7433160131598
2025-11-24 04:00:00,56.6941140957334
2025-11-24 05:00:00,57.1539673798435
2025-11-24 06:00:00,57.2795227281494
2025-11-24 07:00:00,56.9151062096137
2025-11-24 08:00:00,56.127939274523
2025-11-24 09:00:00,55.8700627128344
2025-11-24 10:00:00,57.5558086505211
2025-11-24 11:00:00,54.9739667359026
2025-11-24 12:00:00,59.0414129982156
2025-11-24 13:00:00,56.8776843103311
2025-11-24 14:00:00,54.6994965352752
2025-11-24 15:00:00,57.4043373904814
2025-11-24 16:00:00,56.0693430958542
2025-11-24 17:00:00,55.3439694103906
2025-11-24 18:00:00,55.3844889335216
2025-11-24 19:00:00,54.9889224347172
2025-11-24 20:00:00,56.5016981567453
2025-11-24 21:00:00,57.2107056263441
2025-11-24 22:00:00,56.3302290957384
2025-11-24 23:00:00,55.7622810306411
2025-11-25 00:00:00,55.0020263074095
2025-11-25 01:00:00,54.5130971924474
2025-11-25 02:00:00,55.1681859311005
2025-11-25 03:00:00,58.4114985954227
2025-11-25 04:00:00,55.6142783541121
2025-11-25 05:00:00,55.5615266369809
2025-11-25 07:00:00,55.0417274599914
2025-11-25 08:00:00,56.2954889341578
2025-11-25 09:00:00,57.1530433351596
2025-11-25 10:00:00,57.3785009943355
2025-11-25 11:00:00,54.9579469886398
2025-11-25 12:00:00,55.6404699830243
2025-11-25 13:00:00,57.5705136063655
2025-11-25 14:00:00,56.2290349528284
2025-11-25 15:00:00,56.5870374788714
2025-11-25 16:00:00,54.6844717201321
2025-11-25 17:00:00,55.3397441913793
2025-11-25 18:00:00,56.6795168767172
2025-11-25 19:00:00,58.5660396423616
2025-11-25 20:00:00,57.353492467493
2025-11-25 21:00:00,56.9483082902256
2025-11-25 22:00:00,56.4746078134612
2025-11-25 23:00:00,57.2680710061642
2025-11-26 00:00:00,55.582042330587
2025-11-26 01:00:00,56.0824383489591
2025-11-26 02:00:00,55.4016089460881
2025-11-26 03:00:00,55.1199164752601
2025-11-26 04:00:00,55.2301157242652
2025-11-26 05:00:00,54.8739713222721
2025-11-26 06:00:00,55.4809189734482
2025-11-26 07:00:00,55.230789118659
2025-11-26 09:00:00,55.0736422904273
2025-11-26 10:00:00,54.9259280384866
2025-11-26 11:00:00,54.512196622446
2025-11-26 12:00:00,54.3906043992191
2025-11-26 13:00:00,55.5237346100527
2025-11-26 14:00:00,55.8345494304176
2025-11-26 15:00:00,53.7537749143768
2025-11-26 16:00:00,55.9520454763703
2025-11-26 17:00:00,54.3874540980184
2025-11-26 18:00:00,54.584112667999
2025-11-26 19:00:00,55.173429966528
2025-11-26 20:00:00,55.8100639039351
2025-11-26 21:00:00,55.37488337713
2025-11-26 22:00:00,54.9965927615569
2025-11-26 23:00:00,52.9791000572007
2025-11-27 00:00:00,54.9548238819311
2025-11-27 01:00:00,55.780471485725
2025-11-27 02:00:00,56.3476890818833
2025-11-27 03:00:00,54.4954225495887
2025-11-27 04:00:00,55.4705082949164
2025-11-27 05:00:00,54.4106222422404
2025-11-27 07:00:00,54.0207258418514
2025-11-27 08:00:00,56.1710423594909
2025-11-27 19:00:00,54.6748542004761
2025-11-27 20:00:00,55.2244459311578
2025-11-27 21:00:00,57.1391638038101
2025-11-27 22:00:00,55.8804669846194
2025-11-27 23:00:00,56.1392754464467
2025-11-28 00:00:00,54.4431306105848
2025-11-28 01:00:00,52.8613134364803
2025-11-28 02:00:00,54.4660646571316
2025-11-28 03:00:00,54.2046380417545
2025-11-28 04:00:00,53.6832418775164
2025-11-28 05:00:00,54.7026994302395
2025-11-28 06:00:00,55.7294195071819
2025-11-28 07:00:00,54.7850650041805
2025-11-28 10:00:00,54.4462257599433
2025-11-28 11:00:00,54.6992157405868
2025-11-28 12:00:00,55.7190184924834
2025-11-28 13:00:00,55.1061042094858
2025-11-28 14:00:00,52.7714294065331
2025-11-28 15:00:00,53.2705601634523
2025-11-28 16:00:00,56.0556448857454
2025-11-28 17:00:00,53.318746684965
2025-11-28 18:00:00,52.6823083720554
2025-11-28 19:00:00,54.3143911632876
2025-11-28 20:00:00,55.1603231967956
2025-11-28 21:00:00,54.749546940717
2025-11-28 22:00:00,55.055168036072
2025-11-28 23:00:00,55.0335870264456
2025-11-29 00:00:00,53.4776613734113
2025-11-29 01:00:00,51.9344947908041
2025-11-29 02:00:00,53.0513127471916
2025-11-29 04:00:00,52.3895019778031
2025-11-29 05:00:00,51.9338642016134
2025-11-29 06:00:00,53.569597703748
2025-11-29 07:00:00,51.8143473381198
2025-11-29 08:00:00,53.3561112499123
2025-11-29 09:00:00,51.66684460649
2025-11-29 10:00:00,52.791443579926
2025-11-29 11:00:00,52.8977517909566
2025-11-29 12:00:00,53.1511034816271
2025-11-29 13:00:00,54.3838458825111
2025-11-29 14:00:00,53.8618091949295
2025-11-29 15:00:00,53.9229831399073
2025-11-29 16:00:00,52.1630236757408
2025-11-29 17:00:00,51.8786801390141
2025-11-29 18:00:00,52.5640720189711
2025-11-29 19:00:00,52.4862271738347
2025-11-29 20:00:00,52.4897369770512
2025-11-29 21:00:00,51.66287088708
2025-11-29 22:00:00,53.5029641587386
2025-11-29 23:00:00,51.8798875629764
2025-11-30 00:00:00,53.9847879754436
2025-11-30 01:00:00,52.5157712272099
2025-11-30 02:00:00,53.5947415424697
2025-11-30 03:00:00,51.0137205053086
2025-11-30 04:00:00,51.7300351169754
2025-11-30 05:00:00,51.4135616971407
2025-11-30 06:00:00,52.1353850352838
2025-11-30 07:00:00,54.1197014166423
2025-11-30 10:00:00,53.6482834180306
2025-11-30 11:00:00,51.0955969551223
2025-11-30 12:00:00,52.8578995387877
2025-11-30 13:00:00,52.4957951701779
2025-11-30 14:00:00,52.8117086471906
2025-11-30 15:00:00,52.2541919901664
2025-11-30 16:00:00,54.1553537390719
2025-11-30 17:00:00,52.5495241878648
2025-11-30 18:00:00,52.6716591767416
2025-11-30 19:00:00,54.271602198603
2025-11-30 20:00:00,54.0276312531034
2025-11-30 21:00:00,51.6771993266832
2025-11-30 22:00:00,50.8970863418681
2025-11-30 23:00:00,54.7896066480183
2025-12-01 00:00:00,52.0693067871739
2025-12-01 13:00:00,52.4076299783461
2025-12-01 14:00:00,52.1602345666226
2025-12-01 15:00:00,52.9087420198338
2025-12-01 16:00:00,52.3023967353874
2025-12-01 17:00:00,52.1574916592353
2025-12-01 18:00:00,51.9667482826267
2025-12-01 19:00:00,52.0827558165324
2025-12-01 20:00:00,52.067241445922
2025-12-01 21:00:00,52.48752055163
2025-12-01 22:00:00,51.9819756418452
2025-12-01 23:00:00,52.2912626247589
2025-12-02 00:00:00,51.7218746744868
2025-12-02 01:00:00,51.58963577681
2025-12-02 02:00:00,51.8913564914862
2025-12-02 03:00:00,51.5543620957832
2025-12-02 04:00:00,52.0989633682479
2025-12-02 05:00:00,51.6844899044247
2025-12-02 06:00:00,51.7406566074057
2025-12-02 07:00:00,51.4934845023426
2025-12-02 09:00:00,52.1880027691537
2025-12-02 10:00:00,51.6010119038381
2025-12-02 11:00:00,51.7069683044994
2025-12-02 12:00:00,51.5549491217929
2025-12-02 13:00:00,51.6977649900515
2025-12-02 14:00:00,51.4608176296443
2025-12-02 15:00:00,51.9811026799637
2025-12-02 16:00:00,51.6386139860349
2025-12-02 17:00:00,51.3180398807424
2025-12-02 18:00:00,51.6486911514176
2025-12-02 19:00:00,51.6253421918798
2025-12-02 20:00:00,51.0969527610989
2025-12-02 21:00:00,51.8980652111453
2025-12-02 22:00:00,51.8835312135544
2025-12-02 23:00:00,51.7133822921962
2025-12-03 00:00:00,51.5734384939624
2025-12-03 01:00:00,51.3605731006683
2025-12-03 02:00:00,51.1882816692621
2025-12-03 03:00:00,51.6980267800172
2025-12-03 05:00:00,51.5045727598303
2025-12-03 06:00:00,51.8766615746199
2025-12-03 09:00:00,52.1217904715402
2025-12-03 10:00:00,51.5814250562538
2025-12-03 11:00:00,51.307406773899
2025-12-03 12:00:00,51.9980957669641
2025-12-03 13:00:00,51.433649232559
2025-12-04 01:00:00,50.9122038815274
2025-12-04 02:00:00,51.11260405832
2025-12-04 03:00:00,50.803460606466
2025-12-04 04:00:00,51.2169544575969
2025-12-04 05:00:00,51.5976315949604
2025-12-04 06:00:00,51.0726060247797
2025-12-04 07:00:00,50.9506610388294
2025-12-04 08:00:00,51.4912726148448
2025-12-04 10:00:00,50.4934754222676
2025-12-04 11:00:00,50.9930445421486
2025-12-04 12:00:00,51.1813178347776
2025-12-04 13:00:00,50.5627345033235
2025-12-04 14:00:00,51.1470182144274
2025-12-04 15:00:00,50.6940694621686
2025-12-04 16:00:00,50.7723617000402
2025-12-04 17:00:00,50.6234541299492
2025-12-04 18:00:00,50.989641192721
2025-12-04 19:00:00,51.0401818033598
2025-12-04 20:00:00,51.0296700677287
2025-12-04 21:00:00,50.7872920865635
2025-12-04 22:00:00,50.6263130509549
2025-12-04 23:00:00,50.6473202780538
2025-12-05 00:00:00,50.2184222125469
2025-12-05 01:00:00,50.7207025715548
2025-12-05 02:00:00,50.719277742214
2025-12-05 04:00:00,50.2597218331676
2025-12-05 05:00:00,50.3321647408105
2025-12-05 06:00:00,50.7481123990578
2025-12-05 07:00:00,50.59239777615
2025-12-05 09:00:00,50.5022977628114
2025-12-05 10:00:00,50.9037846070152
2025-12-05 11:00:00,64.4797529368663
2025-12-05 12:00:00,49.9092505877806
2025-12-05 13:00:00,50.4401675907498
2025-12-05 14:00:00,49.9839463690302
2025-12-05 15:00:00,50.6506469114834
2025-12-05 16:00:00,50.1554846036606
2025-12-05 17:00:00,50.0233989184025
2025-12-05 18:00:00,50.4957999439598
2025-12-05 19:00:00,50.1683176615147
2025-12-05 20:00:00,50.3881907277753
2025-12-05 21:00:00,50.7936059944568
2025-12-05 22:00:00,
2025-12-05 23:00:00,
2025-12-06 00:00:00,
2025-12-06 01:00:00,50.7644423623598
2025-12-06 02:00:00,50.2159382610637
2025-12-06 03:00:00,50.516125609418
2025-12-06 04:00:00,50.8289071110723
2025-12-06 05:00:00,50.4769240735626
2025-12-06 06:00:00,50.5290107895169
2025-12-06 07:00:00,49.8077341589817
2025-12-06 11:00:00,50.2902562088978
2025-12-06 12:00:00,51.2952984172445
2025-12-06 13:00:00,50.8470750802608
2025-12-06 14:00:00,50.0953206699712
2025-12-06 15:00:00,50.4765271791533
2025-12-06 16:00:00,49.8675798251031
2025-12-06 17:00:00,50.7552974566418
2025-12-06 18:00:00,50.3104236168755
2025-12-06 19:00:00,50.0818162061835
2025-12-06 20:00:00,50.259350701182
2025-12-06 21:00:00,50.664323357273
2025-12-06 22:00:00,50.2385655562362
2025-12-06 23:00:00,49.8079772998655
2025-12-07 00:00:00,50.0228139472713
2025-12-07 01:00:00,49.26089600325
2025-12-07 02:00:00,49.0276380690409
2025-12-07 03:00:00,49.3635257194391
2025-12-07 04:00:00,49.6950073044971
2025-12-07 05:00:00,49.6974982009477
2025-12-07 06:00:00,49.7315448374218
2025-12-07 12:00:00,49.8204876899164
2025-12-07 14:00:00,50.2902512382332
2025-12-07 15:00:00,49.3340703234906
2025-12-07 16:00:00,49.4777963048246
2025-12-07 17:00:00,49.0610685940134
2025-12-07 18:00:00,49.6116329357811
2025-12-07 19:00:00,49.6504862103546
2025-12-07 20:00:00,49.5984816106214
2025-12-07 21:00:00,49.0706073123003
2025-12-07 22:00:00,49.7843367248938
2025-12-07 23:00:00,49.4709572152001
2025-12-08 00:00:00,48.7270769665308
2025-12-08 01:00:00,49.3564811126363
2025-12-08 02:00:00,48.806316133892
2025-12-08 03:00:00,49.0949795308798
2025-12-08 04:00:00,48.329293456588
2025-12-08 05:00:00,48.8174235248451
2025-12-08 11:00:00,48.6299954537604
2025-12-08 12:00:00,49.0074248464468
2025-12-08 13:00:00,48.9883940413064
2025-12-08 14:00:00,49.2989202721573
2025-12-08 15:00:00,48.8889558004406
2025-12-08 16:00:00,49.1730688565521
2025-12-08 17:00:00,49.3121793714339
2025-12-08 18:00:00,48.7750262245588
2025-12-08 19:00:00,48.777516555894
2025-12-08 20:00:00,49.1818832158402
2025-12-08 21:00:00,49.0900491815786
2025-12-08 22:00:00,49.3772717477794
2025-12-08 23:00:00,48.9555302027823
2025-12-09 00:00:00,47.9718416680863
2025-12-09 01:00:00,48.7439234343065
2025-12-09 02:00:00,49.2080158383243
2025-12-09 03:00:00,48.5782659136404
2025-12-09 04:00:00,48.6366640731199
2025-12-09 05:00:00,48.8692528133493
2025-12-09 06:00:00,48.3688654334269
2025-12-09 09:00:00,48.9148575096544
2025-12-09 10:00:00,48.4584784849835
2025-12-09 11:00:00,48.22888259408
2025-12-09 12:00:00,48.182670481462
2025-12-09 13:00:00,48.5280267766736
2025-12-09 14:00:00,48.5454584216905
2025-12-09 15:00:00,48.7854955001477
2025-12-09 16:00:00,48.6024671734568
2025-12-09 17:00:00,48.6072590923156
2025-12-09 18:00:00,48.1297019516264
2025-12-09 19:00:00,48.3613468461225
2025-12-09 20:00:00,48.8166463009523
2025-12-09 21:00:00,48.2265995747232
2025-12-09 22:00:00,48.1875557456065
2025-12-09 23:00:00,48.8665671408889
2025-12-10 00:00:00,
2025-12-10 01:00:00,
2025-12-10 02:00:00,
2025-12-10 03:00:00,
2025-12-10 04:00:00,
2025-12-10 05:00:00,
2025-12-10 10:00:00,
2025-12-10 11:00:00,
2025-12-10 12:00:00,
2025-12-10 13:00:00,
2025-12-10 14:00:00,
2025-12-10 15:00:00,
2025-12-11 05:00:00,65.4572151127587
2025-12-11 11:00:00,65.3610747684957
2025-12-11 12:00:00,65.6813944313037
2025-12-11 13:00:00,65.5053175545083
2025-12-11 14:00:00,65.5888037865258
2025-12-11 15:00:00,65.503346451787
2025-12-11 16:00:00,65.6062407457608
2025-12-11 17:00:00,65.5349309611318
2025-12-11 18:00:00,65.3751750246579
2025-12-11 19:00:00,65.8858524201679
2025-12-11 20:00:00,65.7391574990078
2025-12-11 21:00:00,65.5032282109535
2025-12-11 22:00:00,65.7019429914902
2025-12-11 23:00:00,65.5312921589655
2025-12-12 00:00:00,65.248532314382
2025-12-12 01:00:00,65.1933637254738
2025-12-12 02:00:00,65.4479363528587
2025-12-12 03:00:00,65.5876774892001
2025-12-12 06:00:00,65.4593489695441
2025-12-12 10:00:00,65.4413167663302
2025-12-12 11:00:00,65.5693951778468
2025-12-12 12:00:00,65.1249193322262
2025-12-12 13:00:00,65.3983353004444
2025-12-12 14:00:00,54.4769639733622
2025-12-12 15:00:00,65.7459023039848
2025-12-12 16:00:00,65.2987497538507
2025-12-12 17:00:00,65.2055973206668
2025-12-12 18:00:00,65.2431005170133
2025-12-12 19:00:00,65.4189470061857
2025-12-12 20:00:00,65.3468667752191
2025-12-12 21:00:00,65.4422052103073
2025-12-12 22:00:00,65.2331594214294
2025-12-12 23:00:00,65.6589709601473
2025-12-13 00:00:00,64.3291954016111
2025-12-13 01:00:00,64.653442776205
2025-12-13 02:00:00,64.4106808298956
2025-12-13 03:00:00,64.3398045139192
2025-12-13 04:00:00,64.3558974632443
2025-12-13 05:00:00,64.2909261391975
2025-12-13 06:00:00,64.5126158210592
2025-12-13 07:00:00,64.2827583839361
2025-12-13 08:00:00,64.2884330159123
2025-12-13 11:00:00,64.4313329435013
2025-12-13 12:00:00,64.5065777958714
2025-12-13 13:00:00,64.5963090623381
2025-12-13 14:00:00,64.5102333039215
2025-12-13 15:00:00,64.636590796316
2025-12-13 16:00:00,64.4844443346917
2025-12-13 17:00:00,64.2046649892179
2025-12-13 18:00:00,64.4987494926493
2025-12-13 19:00:00,64.3714124470967
2025-12-13 20:00:00,64.4519518125955
2025-12-13 21:00:00,64.5790088102549
2025-12-13 22:00:00,64.6893712653245
2025-12-13 23:00:00,64.4314651144766
2025-12-14 00:00:00,63.932796594469
2025-12-14 01:00:00,63.563655798131
2025-12-14 02:00:00,63.6466460240648
2025-12-14 03:00:00,64.0943507137012
2025-12-14 04:00:00,64.0444996998237
2025-12-14 11:00:00,64.0567941179459
2025-12-14 12:00:00,64.2386751959952
2025-12-14 13:00:00,63.9638904736989
2025-12-14 14:00:00,63.6758305683572
2025-12-14 15:00:00,64.4738832565035
2025-12-14 16:00:00,63.8671025729475
2025-12-14 17:00:00,64.0220987656984
2025-12-14 18:00:00,63.7340919743523
2025-12-14 19:00:00,63.5696948859673
2025-12-15 11:00:00,62.7215870009872
2025-12-15 12:00:00,63.0357620844156
2025-12-15 13:00:00,63.3855721975156
2025-12-15 15:00:00,63.1345327544427
2025-12-15 16:00:00,63.0990670886781
2025-12-15 17:00:00,63.8697340090284
2025-12-15 18:00:00,63.3982513465138
2025-12-15 19:00:00,62.501265791131
2025-12-15 20:00:00,62.8869135268478
2025-12-15 21:00:00,63.5361230590799
2025-12-15 22:00:00,63.2281804677798
2025-12-15 23:00:00,63.3684414785238
2025-12-16 00:00:00,62.6898511184575
2025-12-16 01:00:00,62.1166265195455
2025-12-16 02:00:00,62.3584462175848
2025-12-16 03:00:00,62.2263911404042
2025-12-16 04:00:00,62.0818701381525
2025-12-16 05:00:00,61.9534653738871
2025-12-16 06:00:00,62.1963137612831
2025-12-16 09:00:00,62.2970105409416
2025-12-16 10:00:00,62.1164430007989
2025-12-16 11:00:00,62.3405103003971
2025-12-16 12:00:00,62.4304153542792
2025-12-16 13:00:00,62.4787535785136
2025-12-16 14:00:00,62.1294095639993
2025-12-16 15:00:00,62.5677436675623
2025-12-16 16:00:00,62.3000363044901
2025-12-16 17:00:00,62.0178719015948
2025-12-16 18:00:00,62.6509800191886
2025-12-17 05:00:00,61.6158208243014
2025-12-17 06:00:00,61.4411842946052
2025-12-17 07:00:00,48.2515312204456
2025-12-17 11:00:00,61.5038285961901
2025-12-17 12:00:00,61.9729216034539
2025-12-17 13:00:00,62.0589989759366
2025-12-17 14:00:00,71.4906705649113
2025-12-17 15:00:00,61.9189882594275
2025-12-17 16:00:00,61.6432899898052
2025-12-17 17:00:00,61.5501353336627
2025-12-17 18:00:00,61.3735494486136
2025-12-17 19:00:00,61.2281329761026
2025-12-17 20:00:00,61.2968856077475
2025-12-17 21:00:00,61.7062629848876
2025-12-17 22:00:00,61.6937232884871
2025-12-17 23:00:00,61.6216781347923
2025-12-18 00:00:00,60.6755671484727
2025-12-18 01:00:00,61.2474215525363
2025-12-18 02:00:00,60.7580759974159
2025-12-18 03:00:00,60.7924437329662
2025-12-18 04:00:00,61.1432154661973
2025-12-18 11:00:00,61.2130258915724
2025-12-18 12:00:00,60.3472150627837
2025-12-18 13:00:00,61.124559751978
2025-12-18 14:00:00,61.1873773013585
2025-12-18 15:00:00,61.2221048606642
2025-12-18 16:00:00,60.8348091794932
2025-12-18 17:00:00,60.6915085659719
2025-12-18 18:00:00,60.9126416192889
2025-12-18 19:00:00,61.0531894692673
2025-12-18 20:00:00,60.8880363796677
2025-12-18 21:00:00,61.0281237712374
2025-12-18 22:00:00,61.1874758007641
2025-12-18 23:00:00,60.617209039588
2025-12-19 00:00:00,61.0495553788803
2025-12-19 01:00:00,60.6613479552161
2025-12-19 02:00:00,61.3808180728417
2025-12-19 03:00:00,61.1086674313645
2025-12-19 04:00:00,48.3660892940346
2025-12-19 05:00:00,61.1805073461354
2025-12-19 06:00:00,60.9649316256751
2025-12-19 07:00:00,61.0328070017334
2025-12-19 11:00:00,61.0887909412473
2025-12-19 12:00:00,60.6989659586937
2025-12-19 13:00:00,61.2244350575702
2025-12-19 14:00:00,60.6876385225826
2025-12-19 15:00:00,61.2315916267169
2025-12-19 16:00:00,60.7063470874311
2025-12-19 17:00:00,60.5232141871613
2025-12-19 18:00:00,60.4667577369737
2025-12-19 19:00:00,61.0140320295752
2025-12-19 20:00:00,61.0447208161129
2025-12-19 21:00:00,60.9649370276244
2025-12-19 22:00:00,45.9404882706784
2025-12-19 23:00:00,61.0883989745682
2025-12-20 00:00:00,60.0471639476061
2025-12-20 01:00:00,59.6226979665899
2025-12-20 12:00:00,59.5250574028544
2025-12-20 13:00:00,59.4893932464094
2025-12-20 14:00:00,59.6294544454557
2025-12-20 15:00:00,59.2626268397523
2025-12-20 16:00:00,59.5974766023202
2025-12-20 17:00:00,59.8760148567351
2025-12-20 18:00:00,60.025911459912
2025-12-20 19:00:00,59.8398882982356
2025-12-20 20:00:00,59.8608442274372
2025-12-20 21:00:00,59.9055844392792
2025-12-20 22:00:00,60.0603448642318
2025-12-20 23:00:00,59.5848270550109
2025-12-21 00:00:00,58.7094327377308
2025-12-21 01:00:00,59.0948328196053
2025-12-21 02:00:00,59.1536560109677
2025-12-21 03:00:00,59.5145766548918
2025-12-21 04:00:00,59.0486750763608
2025-12-21 05:00:00,58.9155344047177
2025-12-21 07:00:00,59.1122403925576
2025-12-21 08:00:00,58.7420253980509
2025-12-21 09:00:00,58.6954731857358
2025-12-21 11:00:00,59.080330959745
2025-12-21 12:00:00,59.0666475558478
2025-12-21 13:00:00,59.2297952005912
2025-12-21 14:00:00,59.6542889082888
2025-12-21 15:00:00,59.406170765177
2025-12-21 16:00:00,58.5863016849117
2025-12-21 17:00:00,59.3272992978757
2025-12-21 18:00:00,58.5734086652585
2025-12-21 19:00:00,59.2252362484792
2025-12-21 20:00:00,59.1355719189057
2025-12-21 21:00:00,58.9105544697305
2025-12-21 22:00:00,59.4436679614455
2025-12-21 23:00:00,59.4711919120412
2025-12-22 00:00:00,58.2303906682957
2025-12-22 01:00:00,58.2778833564627
2025-12-22 02:00:00,58.4116363476354
2025-12-22 03:00:00,58.7763739387337
2025-12-22 04:00:00,58.6257511926603
2025-12-22 05:00:00,58.6637521237329
2025-12-22 06:00:00,59.2757066750033
2025-12-22 09:00:00,58.570189165271
2025-12-22 11:00:00,58.7883723458029
2025-12-22 12:00:00,58.059745344712
2025-12-22 13:00:00,58.0333494918923
2025-12-22 14:00:00,58.4430892105961
2025-12-22 15:00:00,58.2738470664821
2025-12-22 16:00:00,57.9584682721723
2025-12-22 17:00:00,58.6497199715377
2025-12-22 18:00:00,58.5530342788392
2025-12-22 19:00:00,58.1492016943827
2025-12-22 20:00:00,58.1472699117892
2025-12-22 21:00:00,58.8149515486437
2025-12-22 22:00:00,58.2076049080223
2025-12-22 23:00:00,58.8682478721696
2025-12-23 00:00:00,58.7352477505641
2025-12-23 01:00:00,58.6618595725798
2025-12-23 02:00:00,58.182712615163
2025-12-23 03:00:00,58.2074235606996
2025-12-23 05:00:00,58.5455317062034
2025-12-23 11:00:00,57.9146443275953
2025-12-23 12:00:00,57.6049535940509
2025-12-23 13:00:00,58.1100135584949
2025-12-23 14:00:00,58.2248292145978
2025-12-23 15:00:00,57.9084499055368
2025-12-23 16:00:00,57.7062930370349
2025-12-23 17:00:00,57.8842269187469
2025-12-23 18:00:00,57.5756079481695
2025-12-23 19:00:00,58.3282810695866
2025-12-23 20:00:00,57.4771865917515
2025-12-24 09:00:00,57.0537970501266
2025-12-24 10:00:00,57.5140333024698
2025-12-24 11:00:00,58.1612757636484
2025-12-24 12:00:00,57.69683449089
2025-12-24 13:00:00,57.6124133497695
2025-12-24 14:00:00,57.8516677503375
2025-12-24 15:00:00,58.0349388977723
2025-12-24 16:00:00,57.3655748409218
2025-12-24 17:00:00,57.6532760210116
2025-12-24 18:00:00,57.1262475499481
2025-12-24 19:00:00,57.7435576597211
2025-12-24 20:00:00,57.3692455235936
2025-12-24 21:00:00,56.9956960293569
2025-12-24 22:00:00,57.4922911036291
2025-12-24 23:00:00,57.1952758703017
2025-12-25 00:00:00,56.6972151365445
2025-12-25 01:00:00,57.3751913662992
2025-12-25 02:00:00,57.1532047213208
2025-12-25 03:00:00,56.6947783605572
2025-12-25 04:00:00,56.8995463224242
2025-12-25 05:00:00,56.8700507087078
2025-12-25 06:00:00,56.6085326600511
2025-12-25 09:00:00,56.7000743849724
2025-12-25 10:00:00,56.7415599524162
2025-12-25 11:00:00,57.0610003015874
2025-12-25 12:00:00,56.5895445977299
2025-12-25 13:00:00,57.1289662082523
2025-12-25 14:00:00,57.1215931570627
2025-12-25 15:00:00,57.0121988927058
2025-12-25 16:00:00,56.8566196973711
2025-12-25 17:00:00,56.8214480830392
2025-12-25 18:00:00,57.02232077026
2025-12-25 19:00:00,56.9149103303431
2025-12-25 20:00:00,56.5701560235534
2025-12-25 21:00:00,57.531390694005
2025-12-25 22:00:00,57.0213681184783
2025-12-25 23:00:00,56.6616647082261
2025-12-26 00:00:00,56.5402830636047
2025-12-26 01:00:00,56.2497364780894
2025-12-26 02:00:00,56.4704850792723
2025-12-26 03:00:00,55.8311925601605
2025-12-26 04:00:00,56.6109318152853
2025-12-26 05:00:00,56.4571873834202
2025-12-26 07:00:00,55.9536657308484
2025-12-26 10:00:00,56.0925821918823
2025-12-26 11:00:00,56.5445886807378
2025-12-26 12:00:00,56.9112269443569
2025-12-26 13:00:00,56.385213242387
2025-12-26 14:00:00,56.2253387085419
2025-12-26 15:00:00,56.3202846951988
2025-12-26 16:00:00,56.3626740916574
2025-12-26 17:00:00,56.143292729051
2025-12-26 18:00:00,57.2518396881233
2025-12-26 19:00:00,56.4458088181838
2025-12-26 20:00:00,56.3483965183924
2025-12-26 21:00:00,56.611092517851
2025-12-26 22:00:00,56.2442533740207
2025-12-26 23:00:00,56.3458009002867
2025-12-27 00:00:00,55.7161752791384
2025-12-27 01:00:00,56.1304617364376
2025-12-27 02:00:00,55.5029830619691
2025-12-27 03:00:00,56.2968083386364
2025-12-27 04:00:00,56.2066629081193
2025-12-27 06:00:00,56.7300024079888
2025-12-27 07:00:00,56.2980407084706
2025-12-27 09:00:00,56.2246105363956
2025-12-27 10:00:00,55.5996152027381
2025-12-27 12:00:00,56.0449422649412
2025-12-27 13:00:00,56.0791330611852
2025-12-27 14:00:00,55.8869830352956
2025-12-27 15:00:00,55.9307261475686
2025-12-27 16:00:00,56.545907713485
2025-12-27 17:00:00,55.7473550087286
2025-12-28 04:00:00,55.9215613408495
2025-12-28 05:00:00,55.4447522515299
2025-12-28 10:00:00,55.486461812389
2025-12-28 12:00:00,55.6881115178756
2025-12-28 13:00:00,56.0646065125787
2025-12-28 14:00:00,55.5883300025935
2025-12-28 15:00:00,55.2425791770339
2025-12-28 16:00:00,55.8580174251081
2025-12-28 17:00:00,55.8062510225552
2025-12-28 18:00:00,55.6926189113939
2025-12-28 19:00:00,55.5799451187279
2025-12-28 20:00:00,55.5247241434544
2025-12-28 21:00:00,55.4263069574729
2025-12-28 22:00:00,55.2938953978799
2025-12-28 23:00:00,55.5032233528624
2025-12-29 00:00:00,54.7665616347825
2025-12-29 01:00:00,54.9819280788249
2025-12-29 02:00:00,54.9581687630041
2025-12-29 03:00:00,54.864182828297
2025-12-29 04:00:00,54.8271709540268
2025-12-29 05:00:00,55.3081317703558
2025-12-29 06:00:00,54.7829014163721
2025-12-29 07:00:00,55.1454772858054
2025-12-29 08:00:00,54.903986237535
2025-12-29 09:00:00,55.3069078101941
2025-12-29 10:00:00,55.4419101924738
2025-12-29 11:00:00,55.5671140628642
2025-12-29 12:00:00,55.1507081220919
2025-12-29 13:00:00,55.193007912468
2025-12-29 14:00:00,55.324412492445
2025-12-29 15:00:00,54.9596774246388
2025-12-29 16:00:00,55.5271331493068
2025-12-29 17:00:00,55.4307414010743
2025-12-29 18:00:00,54.5376928851913
2025-12-29 19:00:00,55.3821697141378
2025-12-29 20:00:00,55.1329392537168
2025-12-29 21:00:00,62.0686559613917
2025-12-29 22:00:00,54.9586075137074
2025-12-29 23:00:00,55.270282141843
2025-12-30 00:00:00,54.5901030104649
2025-12-30 01:00:00,54.4682848711532
2025-12-30 02:00:00,53.8925547649256
2025-12-30 03:00:00,54.7515495743602
2026-01-01 00:00:00,
2026-01-01 01:00:00,54.2414797137973
2026-01-01 02:00:00,54.0997102697509
2026-01-01 03:00:00,54.3905667708504
2026-01-01 04:00:00,53.3353564074365
2026-01-02 14:00:00,52.7682853833998
2026-01-02 15:00:00,53.244702689238
2026-01-02 16:00:00,53.3682801624998
2026-01-02 17:00:00,52.3086491061786
2026-01-02 18:00:00,53.3579496529785
2026-01-02 19:00:00,53.7638930622642
2026-01-02 20:00:00,54.0230130972532
2026-01-02 21:00:00,52.9628617802845
2026-01-02 22:00:00,53.0330985714463
2026-01-02 23:00:00,53.014194256986
2026-01-03 00:00:00,52.1944578445936
2026-01-03 01:00:00,52.6889925778329
2026-01-03 02:00:00,54.0925002587791
2026-01-03 03:00:00,53.4135249343716
2026-01-03 04:00:00,52.9126911762596
2026-01-03 07:00:00,52.7099695639911
2026-01-03 10:00:00,52.7917933451728
2026-01-03 11:00:00,52.6221349308244
2026-01-03 12:00:00,53.2946456541123
2026-01-03 13:00:00,52.7796681987777
2026-01-03 14:00:00,53.5016174343181
2026-01-03 15:00:00,52.8402687566969
2026-01-03 16:00:00,53.4061906484596
2026-01-03 17:00:00,52.3792177343531
2026-01-03 18:00:00,53.0902886799818
2026-01-03 19:00:00,52.6180701861049
2026-01-03 20:00:00,52.9432500805418
2026-01-03 21:00:00,52.9778224648515
2026-01-04 09:00:00,52.7080892620539
2026-01-04 10:00:00,52.1721077084387
2026-01-04 11:00:00,52.9552223352413
2026-01-04 12:00:00,51.9432665793179
2026-01-04 13:00:00,51.8336179127368
2026-01-04 14:00:00,52.648554655578
2026-01-04 15:00:00,51.9471703246332
2026-01-04 16:00:00,51.7330478040529
2026-01-04 17:00:00,52.1239372084706
2026-01-04 18:00:00,52.0733816734469
2026-01-04 19:00:00,52.2961163272265
2026-01-04 20:00:00,52.3036403599135
2026-01-04 21:00:00,52.6282311841029
2026-01-04 22:00:00,51.593852013292
2026-01-04 23:00:00,52.5685789776882
2026-01-05 00:00:00,52.1512434336812
2026-01-05 01:00:00,51.7318961230255
2026-01-05 02:00:00,51.2217481043903
2026-01-05 03:00:00,51.7073840718531
2026-01-05 04:00:00,51.5936520309447
2026-01-05 05:00:00,50.5050111656415
2026-01-05 06:00:00,52.1363604456981
2026-01-05 10:00:00,51.9952850797138
2026-01-05 11:00:00,51.0336317145212
2026-01-05 12:00:00,51.4782853165843
2026-01-05 13:00:00,51.8866646998057
2026-01-05 14:00:00,51.5735502132711
2026-01-05 15:00:00,52.0718753872233
2026-01-05 16:00:00,52.3892197976266
2026-01-05 17:00:00,52.0766545679724
2026-01-05 18:00:00,51.548440433568
2026-01-05 19:00:00,51.4939972844589
2026-01-05 20:00:00,51.6924711581936
2026-01-05 21:00:00,52.3116740349679
2026-01-05 22:00:00,51.1828749331085
2026-01-05 23:00:00,51.5899585070487
2026-01-06 00:00:00,51.071124354
2026-01-06 01:00:00,51.1022903448502
2026-01-06 02:00:00,51.3653545842523
2026-01-06 03:00:00,51.0077050230749
2026-01-06 05:00:00,50.6646833028181
2026-01-06 06:00:00,40.8635954185733
2026-01-06 10:00:00,50.980609574247
2026-01-06 11:00:00,51.9238711499788
2026-01-06 12:00:00,51.3165866372425
2026-01-06 13:00:00,51.4233827473713
2026-01-06 14:00:00,51.2812965112605
2026-01-06 15:00:00,51.7254810957677
2026-01-06 16:00:00,51.5663239443651
2026-01-06 17:00:00,51.2094436076869
2026-01-06 18:00:00,52.1616218696766
2026-01-06 19:00:00,51.8947593041247
2026-01-06 20:00:00,50.6102609416194
2026-01-06 21:00:00,51.9162891249681
2026-01-06 22:00:00,50.3458968330659
2026-01-06 23:00:00,50.9460407557124
2026-01-07 00:00:00,50.7750875664753
2026-01-07 01:00:00,50.7056038859419
2026-01-07 02:00:00,50.7978584842387
2026-01-07 03:00:00,50.734568439613
2026-01-07 04:00:00,50.7079766668675
2026-01-07 05:00:00,50.050354230605
2026-01-07 06:00:00,50.9423463832654
2026-01-07 07:00:00,50.3057316945937
2026-01-07 09:00:00,50.4263235294486
2026-01-07 12:00:00,50.1722922032454
2026-01-07 13:00:00,51.5315641369785
2026-01-07 14:00:00,50.8120709384555
2026-01-07 15:00:00,50.9340794420769
2026-01-07 16:00:00,50.1484169875095
2026-01-07 17:00:00,50.9341963213405
2026-01-07 18:00:00,50.8640852873883
2026-01-07 19:00:00,50.3669064195112
2026-01-07 20:00:00,50.9711274915091
2026-01-07 21:00:00,50.7410184380656
2026-01-07 22:00:00,50.4369016306486
2026-01-07 23:00:00,51.593845925319
2026-01-08 00:00:00,49.397792296195
2026-01-08 11:00:00,49.5550508377659
2026-01-08 12:00:00,49.4436018412288
2026-01-08 13:00:00,49.65828040352
2026-01-08 14:00:00,49.4833881248924
2026-01-08 15:00:00,48.9812117941352
2026-01-08 16:00:00,50.0460692639767
2026-01-08 17:00:00,49.7252923447228
2026-01-08 18:00:00,50.2781032948844
2026-01-08 19:00:00,49.4983013684369
2026-01-08 20:00:00,49.5069713996084
2026-01-08 21:00:00,50.1748188837257
2026-01-08 22:00:00,49.0221631839378
2026-01-08 23:00:00,49.5828960825031
2026-01-09 00:00:00,50.4105091445436
2026-01-09 01:00:00,49.7710370106907
2026-01-09 02:00:00,48.4047586669026
2026-01-09 03:00:00,48.8653497918596
2026-01-09 04:00:00,36.4519319044165
2026-01-09 05:00:00,49.1396202194322
2026-01-09 06:00:00,49.5556861771245
2026-01-09 07:00:00,48.9217962565011
2026-01-09 08:00:00,40.3793041155642
2026-01-09 09:00:00,49.3262229635012
2026-01-09 10:00:00,49.6184535165731
2026-01-09 11:00:00,49.1538166444718
2026-01-09 12:00:00,48.9045182367153
2026-01-09 13:00:00,49.0952154430031
2026-01-09 14:00:00,48.3990224664598
2026-01-09 15:00:00,49.6816939421257
2026-01-09 16:00:00,49.7747386029144
2026-01-09 17:00:00,50.5909597684635
2026-01-09 18:00:00,49.5437239766781
2026-01-09 19:00:00,49.1781074165223
2026-01-09 20:00:00,48.7760925811753
2026-01-09 21:00:00,49.334295213625
2026-01-09 22:00:00,48.7246832491136
2026-01-09 23:00:00,49.6681451598343
2026-01-10 00:00:00,49.452279051555
2026-01-10 01:00:00,48.5133215102335
2026-01-10 02:00:00,49.5669664380555
2026-01-10 03:00:00,49.0819226598592
2026-01-10 04:00:00,49.1250420487832
2026-01-10 05:00:00,43.13364455888
2026-01-10 06:00:00,48.1462147461485
2026-01-10 08:00:00,48.8236274693098
2026-01-10 11:00:00,49.0759777865415
2026-01-10 12:00:00,49.2147078640012
2026-01-10 13:00:00,48.1634185769137
2026-01-10 14:00:00,48.5699886812352
2026-01-10 15:00:00,50.4043316262737
2026-01-10 16:00:00,49.1691170321992
2026-01-10 17:00:00,49.4135840454588
2026-01-10 18:00:00,49.4667012245026
2026-01-10 19:00:00,48.6197867864822
2026-01-10 20:00:00,49.3332439174719
2026-01-10 21:00:00,48.9460941446205
2026-01-10 22:00:00,48.7160233565889
2026-01-10 23:00:00,48.3512656085657
2026-01-11 00:00:00,48.6667730019177
2026-01-11 01:00:00,49.1716764627474
2026-01-11 02:00:00,48.3626556457569
2026-01-11 03:00:00,48.7326168644025
2026-01-11 04:00:00,49.9414914635344
2026-01-11 06:00:00,49.4461726040355
2026-01-11 07:00:00,48.8445615213154
2026-01-11 09:00:00,48.6126804940513
2026-01-11 10:00:00,48.30349590067
2026-01-11 11:00:00,49.291444427136
2026-01-11 12:00:00,48.660941466038
2026-01-11 13:00:00,48.6698491185865
2026-01-11 14:00:00,49.2861757726232
2026-01-11 16:00:00,48.4994785338562
2026-01-11 17:00:00,
2026-01-11 18:00:00,
2026-01-11 19:00:00,
2026-01-11 20:00:00,
2026-01-11 21:00:00,
2026-01-11 22:00:00,48.80070998736
2026-01-11 23:00:00,48.6339862172827
2026-01-12 00:00:00,47.8599437545048
2026-01-12 01:00:00,48.0524352920681
2026-01-12 02:00:00,48.0534536391852
2026-01-12 03:00:00,49.0552633569172
2026-01-12 04:00:00,48.8928066208627
2026-01-12 05:00:00,48.8166922580963
2026-01-12 07:00:00,48.7595905274257
2026-01-12 08:00:00,48.4605919786573
2026-01-12 09:00:00,48.8060762802287
2026-01-12 10:00:00,48.2523432793567
2026-01-12 11:00:00,47.3056443198963
2026-01-12 12:00:00,47.6054391302178
2026-01-12 13:00:00,48.830188406202
2026-01-12 14:00:00,47.2687831299847
2026-01-12 15:00:00,48.7002666020151
2026-01-12 16:00:00,48.1017651194071
2026-01-12 17:00:00,48.4740184151781
2026-01-12 18:00:00,47.371892491658
2026-01-12 19:00:00,47.4299362818194
2026-01-12 20:00:00,48.4320152409956
2026-01-12 21:00:00,47.7893401601596
2026-01-12 22:00:00,46.8993405874021
2026-01-12 23:00:00,48.3446159873329
2026-01-13 00:00:00,46.840881125255
2026-01-13 01:00:00,47.7814306329131
2026-01-13 02:00:00,47.2644432934005
2026-01-13 03:00:00,47.4054510130357
2026-01-13 04:00:00,46.8097264531222
2026-01-13 05:00:00,47.6236848890307
2026-01-13 06:00:00,47.1408639494718
2026-01-13 09:00:00,
2026-01-13 10:00:00,
2026-01-13 11:00:00,46.9159221255803
2026-01-13 12:00:00,47.860631428958
2026-01-13 13:00:00,47.4595576201489
2026-01-13 14:00:00,47.568733993646
2026-01-13 15:00:00,47.4195812952088
2026-01-13 16:00:00,46.8329212797688
2026-01-13 17:00:00,47.3998887283809
2026-01-13 18:00:00,48.262604555011
2026-01-13 19:00:00,47.3867680464896
2026-01-13 20:00:00,46.3207634422002
2026-01-13 21:00:00,47.8610772426165
2026-01-13 22:00:00,48.110460061622
2026-01-13 23:00:00,47.0394661331901
2026-01-14 00:00:00,46.6333001411396
2026-01-14 01:00:00,46.9758463477382
2026-01-14 02:00:00,47.2690887600089
2026-01-14 03:00:00,47.3023035395948
2026-01-14 04:00:00,47.5686649861607
2026-01-14 05:00:00,47.9956950182175
2026-01-14 15:00:00,46.0900075405963
2026-01-14 16:00:00,47.0078075904397
2026-01-14 17:00:00,46.8504863984486
2026-01-14 18:00:00,46.2351651677899
2026-01-14 19:00:00,46.9290544179683
2026-01-14 20:00:00,47.2294795258161
2026-01-14 21:00:00,47.1199262441127
2026-01-14 22:00:00,47.8907573514606
2026-01-14 23:00:00,47.5514313753932
2026-01-15 00:00:00,47.3927401888407
2026-01-15 01:00:00,46.988701846747
2026-01-15 02:00:00,46.803330811421
2026-01-15 03:00:00,46.7568779138338
2026-01-15 04:00:00,47.5019465856117
2026-01-15 05:00:00,46.0751576283499
2026-01-15 06:00:00,48.1171156637835
2026-01-15 07:00:00,47.2852280018889
2026-01-15 09:00:00,47.3471253438965
2026-01-15 10:00:00,46.9468570087351
2026-01-15 11:00:00,46.7524280979473
2026-01-15 12:00:00,46.2536917651342
2026-01-15 13:00:00,46.6460988365985
2026-01-15 14:00:00,47.3372820644434
2026-01-15 15:00:00,46.7531025004306
2026-01-15 16:00:00,46.6606054750765
2026-01-15 17:00:00,47.1509019827296
2026-01-15 18:00:00,47.4519995620088
2026-01-15 19:00:00,46.941153923073
2026-01-15 20:00:00,47.7400782040464
2026-01-15 21:00:00,47.1903027963538
2026-01-15 22:00:00,46.5671615172915
2026-01-15 23:00:00,46.4900683418609
2026-01-16 00:00:00,46.2560003292748
2026-01-16 01:00:00,46.3521939627943
2026-01-16 02:00:00,46.4170471353939
2026-01-16 03:00:00,46.2426520783281
2026-01-16 04:00:00,46.5859709818381
2026-01-16 05:00:00,46.0452263127863
2026-01-16 06:00:00,46.9818493242932
2026-01-16 07:00:00,45.915327573448
2026-01-16 09:00:00,45.6866440703867
2026-01-16 10:00:00,45.746206715094
2026-01-16 11:00:00,45.9856784211628
2026-01-16 12:00:00,46.3618409707332
2026-01-16 13:00:00,45.2630003847183
2026-01-16 14:00:00,46.733832761871
2026-01-16 15:00:00,45.7936235632502
2026-01-16 16:00:00,45.7797269114603
2026-01-16 17:00:00,46.5003227356812
2026-01-16 18:00:00,47.0526793574019
2026-01-16 19:00:00,45.8779167601668
2026-01-16 20:00:00,45.4460150474341
2026-01-16 21:00:00,45.9688787969668
2026-01-16 22:00:00,46.3853855937268
2026-01-16 23:00:00,46.4613280670089
2026-01-17 00:00:00,45.6532958575635
2026-01-17 01:00:00,44.5702702510427
2026-01-17 02:00:00,45.4583687361358
2026-01-17 03:00:00,45.0731756888764
2026-01-17 04:00:00,45.8326131037003
2026-01-17 05:00:00,43.6755116067841
2026-01-17 06:00:00,45.0645114899421
2026-01-17 11:00:00,33.5779561795667
2026-01-17 12:00:00,45.8622006596278
2026-01-17 13:00:00,45.2029029489729
2026-01-17 14:00:00,44.3794402564265
2026-01-17 15:00:00,44.5985990168484
2026-01-17 16:00:00,45.3677833138369
2026-01-17 17:00:00,45.7064335299575
2026-01-17 18:00:00,45.7563874469277
2026-01-17 19:00:00,44.87986212141
2026-01-17 20:00:00,44.3850240055101
2026-01-17 21:00:00,46.591211250791
2026-01-17 22:00:00,45.9105287322903
2026-01-17 23:00:00,46.5951017804966
2026-01-18 00:00:00,44.5705938395641
2026-01-18 01:00:00,44.2250023646548
2026-01-18 02:00:00,45.5848799685357
2026-01-18 03:00:00,44.9506701840701
2026-01-18 04:00:00,44.4178396578727
2026-01-18 06:00:00,43.8918434058063
2026-01-18 07:00:00,44.7276602028575
2026-01-18 08:00:00,44.3957892306803
2026-01-18 11:00:00,44.4232402783502
2026-01-18 12:00:00,45.2719313202531
2026-01-18 13:00:00,43.9808624352905
2026-01-18 14:00:00,45.0963005826484
2026-01-18 15:00:00,44.6985215180146
2026-01-18 16:00:00,45.1878563858507
2026-01-18 17:00:00,44.4038298554108
2026-01-18 18:00:00,45.0883353602823
2026-01-18 19:00:00,44.2010437691424
2026-01-18 20:00:00,44.9129906385475
2026-01-18 21:00:00,45.0365911797083
2026-01-18 22:00:00,45.5152668682608
2026-01-18 23:00:00,44.0768721521857
2026-01-19 00:00:00,44.0914267263421
2026-01-19 01:00:00,
2026-01-19 02:00:00,43.8893554673165
2026-01-19 03:00:00,43.9580367293459
2026-01-19 04:00:00,44.236120437364
2026-01-19 05:00:00,44.6913160579918
2026-01-19 06:00:00,44.3799679482845
2026-01-19 07:00:00,43.9491787668631
2026-01-19 08:00:00,44.7462817969233
2026-01-19 09:00:00,43.9958102536513
2026-01-19 10:00:00,43.7010580101301
2026-01-19 11:00:00,44.1214624593959
2026-01-19 12:00:00,43.1675396675429
2026-01-19 13:00:00,43.7151806898107
2026-01-19 14:00:00,44.4105388737176
2026-01-19 15:00:00,43.5294118870588
2026-01-19 16:00:00,43.9659539145865
2026-01-19 17:00:00,43.4450067594233
2026-01-19 18:00:00,43.4419727785444
2026-01-19 19:00:00,43.8913872106326
2026-01-19 20:00:00,43.8697583169409
2026-01-19 21:00:00,44.396199300442
2026-01-19 22:00:00,44.1280913327347
2026-01-19 23:00:00,44.5628900819152
2026-01-20 00:00:00,43.4058117839297
2026-01-20 06:00:00,43.0286158386532
2026-01-20 12:00:00,43.4605647297058
2026-01-20 18:00:00,43.6716243533166
2026-01-21 00:00:00,42.4324481469892
2026-01-21 06:00:00,42.9805562315509
2026-01-21 12:00:00,41.9456689628111
2026-01-21 18:00:00,42.3142733533826
2026-01-22 00:00:00,41.3768277372598
2026-01-22 06:00:00,41.6502665333787
2026-01-22 12:00:00,40.4045150510595
2026-01-22 18:00:00,41.5679361648484
2026-01-23 00:00:00,41.3775210047059
2026-01-23 06:00:00,40.5129276515532
2026-01-23 12:00:00,40.1572373217527
2026-01-23 18:00:00,40.9493004686382
2026-01-24 00:00:00,
2026-01-24 06:00:00,
2026-01-24 12:00:00,
2026-01-24 18:00:00,
2026-01-25 00:00:00,
2026-01-25 06:00:00,39.4429688102332
2026-01-25 12:00:00,38.9286130485395
2026-01-25 18:00:00,39.5544303284622
2026-01-26 00:00:00,39.0148298186648
2026-01-26 06:00:00,39.4401290361174
2026-01-26 12:00:00,39.1153436692005
2026-01-26 18:00:00,38.0932943503858
2026-01-27 00:00:00,38.7864260650012
2026-01-27 06:00:00,38.4348061866071
2026-01-27 12:00:00,38.4014556228504
2026-01-27 18:00:00,38.3433959931454
2026-01-28 00:00:00,37.7231842615249
2026-01-28 06:00:00,37.9341894541717
2026-01-28 12:00:00,37.5252822146363
2026-01-28 18:00:00,28.0564208372709
2026-01-29 00:00:00,
2026-01-29 06:00:00,
2026-01-29 12:00:00,
2026-01-29 18:00:00,
2026-01-30 00:00:00,59.0624876535503
2026-01-30 06:00:00,59.2000256220015
2026-01-30 12:00:00,59.1747422307072
2026-01-30 18:00:00,59.2532894213405
2026-01-31 00:00:00,58.5310177881975
2026-01-31 06:00:00,58.7956096350062
2026-01-31 12:00:00,58.2198825180132
2026-01-31 18:00:00,58.464205253938
2026-02-01 00:00:00,57.7792783618164
2026-02-01 06:00:00,57.7782755984081
2026-02-01 12:00:00,57.8448206070858
2026-02-01 18:00:00,57.6615579674397
2026-02-02 00:00:00,57.1150129520636
2026-02-02 06:00:00,57.2183060924664
2026-02-02 12:00:00,56.8872877523481
2026-02-02 18:00:00,57.6379470334883
2026-02-03 00:00:00,56.5536510170677
2026-02-03 06:00:00,56.796901842804
2026-02-03 12:00:00,56.6987857119591
2026-02-03 18:00:00,56.711618357862
2026-02-04 00:00:00,56.4804228484353
2026-02-04 06:00:00,55.8636714140366
2026-02-04 12:00:00,56.39158164124
2026-02-04 18:00:00,56.0599067562865
2026-02-05 00:00:00,55.468202710858
2026-02-05 06:00:00,54.799644409107
2026-02-05 12:00:00,54.8255958504587
2026-02-05 18:00:00,55.2372776314297
2026-02-06 00:00:00,54.6424647423927
2026-02-06 06:00:00,54.835890054001
2026-02-06 12:00:00,54.8708628585277
2026-02-06 18:00:00,54.8336780991578
2026-02-07 00:00:00,54.1181525899366
2026-02-07 06:00:00,54.4364239795985
2026-02-07 12:00:00,54.2729620889698
2026-02-07 18:00:00,54.2558493208954
2026-02-08 00:00:00,53.8619889988498
2026-02-08 06:00:00,67.9525712102843
2026-02-08 12:00:00,53.8923924985541
2026-02-08 18:00:00,53.5613091680497
2026-02-09 00:00:00,52.6657685645354
2026-02-09 06:00:00,52.5694806697599
2026-02-09 12:00:00,52.4836821037753
2026-02-09 18:00:00,52.4109362119088
2026-02-10 00:00:00,51.0149663648042
2026-02-10 06:00:00,44.3863371027333
2026-02-10 12:00:00,51.2182941420165
2026-02-10 18:00:00,51.4615650856599
2026-02-11 00:00:00,50.593939432378
2026-02-11 06:00:00,50.8230457413696
2026-02-11 12:00:00,50.5498693374783
2026-02-11 18:00:00,50.5531024221186
2026-02-12 00:00:00,
2026-02-12 06:00:00,
2026-02-12 12:00:00,
2026-02-12 18:00:00,
2026-02-13 00:00:00,
2026-02-13 06:00:00,49.4956660303581
2026-02-13 12:00:00,49.450823235521
2026-02-13 18:00:00,49.5610694819801
2026-02-14 00:00:00,49.2317514301513
2026-02-14 06:00:00,49.1706858383739
2026-02-14 12:00:00,48.8643955197155
2026-02-14 18:00:00,48.9789676250876
2026-02-15 00:00:00,47.8338864646317
2026-02-15 06:00:00,48.6096723639536
2026-02-15 12:00:00,48.4921799102025
2026-02-15 18:00:00,48.1980198260113
2026-02-16 00:00:00,48.0233630754089
2026-02-16 06:00:00,47.9622644581446
2026-02-16 12:00:00,47.6473611195922
2026-02-16 18:00:00,47.7587036523297
2026-02-17 00:00:00,47.7911277693378
2026-02-17 06:00:00,47.8354909387876
2026-02-17 12:00:00,47.8087961653491
2026-02-17 18:00:00,47.4279011165894
2026-02-18 00:00:00,46.878385902022
2026-02-18 06:00:00,47.1355499359028
2026-02-18 12:00:00,46.8815750253885
2026-02-18 18:00:00,46.9776503494173
2026-02-19 00:00:00,45.5045491271877
2026-02-19 06:00:00,45.8966893051626
2026-02-19 12:00:00,46.1859192759827
2026-02-19 18:00:00,46.2827157408499
2026-02-20 00:00:00,45.4386177869355
2026-02-20 06:00:00,45.4097748792015
2026-02-20 12:00:00,45.4757087855006
2026-02-20 18:00:00,58.1743701472382
2026-02-21 00:00:00,44.6393972619002
2026-02-21 06:00:00,44.7300093314254
2026-02-21 12:00:00,44.6734285666918
2026-02-21 18:00:00,44.8954562318279
2026-02-22 00:00:00,44.5137032240989
2026-02-22 06:00:00,44.5162393838866
2026-02-22 12:00:00,44.1293890162119
2026-02-22 18:00:00,44.4549298449183
2026-02-23 00:00:00,43.6984700781422
2026-02-23 06:00:00,44.0895060193588
2026-02-23 12:00:00,43.8516792938795
2026-02-23 18:00:00,43.7616906493128
2026-02-24 00:00:00,42.5596787515118
2026-02-24 06:00:00,42.7778578149216
2026-02-24 12:00:00,43.2883757875395
2026-02-24 18:00:00,42.6002967273462
2026-02-25 00:00:00,41.8630494339935
2026-02-25 06:00:00,41.6684093506217
2026-02-25 12:00:00,41.91042982232
2026-02-25 18:00:00,42.4597737402309
2026-02-26 00:00:00,41.6310986368324
2026-02-26 06:00:00,41.6813593577627
2026-02-26 12:00:00,41.51336835586
2026-02-26 18:00:00,41.1810741579413
2026-02-27 00:00:00,40.7800501258607
2026-02-27 06:00:00,41.0977972778334
2026-02-27 12:00:00,41.0666447732746
2026-02-27 18:00:00,41.099979056263
2026-02-28 00:00:00,41.0846414761383
2026-02-28 06:00:00,40.639076821451
2026-02-28 12:00:00,40.2458570881966
2026-02-28 18:00:00,40.4416449427467
2026-03-01 00:00:00,39.5632407734403
2026-03-01 06:00:00,40.7935670717684
2026-03-01 12:00:00,40.7536733619874
2026-03-01 18:00:00,40.1012635567794
2026-03-02 00:00:00,41.159457834445
2026-03-02 06:00:00,39.7019323340574
2026-03-02 12:00:00,40.791316203848
2026-03-02 18:00:00,39.892946578623
2026-03-03 00:00:00,38.6578820538326
2026-03-03 06:00:00,39.9895511945367
2026-03-03 12:00:00,40.2040921533786
2026-03-03 18:00:00,39.7485439987404
2026-03-04 00:00:00,38.7425391639469
2026-03-04 06:00:00,38.2955397290915
2026-03-04 12:00:00,39.0149940344167
2026-03-04 18:00:00,39.6260025913239
2026-03-05 00:00:00,40.4180870894347
2026-03-05 06:00:00,40.2856428569354
2026-03-05 12:00:00,40.412978258518
2026-03-05 18:00:00,39.0926856035002
2026-03-06 00:00:00,39.294679133994
2026-03-06 06:00:00,38.980788371543
2026-03-06 12:00:00,38.0964481655233
2026-03-06 18:00:00,38.6035820223522
2026-03-07 00:00:00,37.4282206294804
2026-03-07 06:00:00,38.5568366095216
2026-03-07 12:00:00,39.6492285051405
2026-03-07 18:00:00,31.2266566827201
2026-03-08 00:00:00,37.8481272146755
2026-03-08 06:00:00,38.0073302729573
2026-03-08 12:00:00,38.0734682718923
2026-03-08 18:00:00,38.1413805849988
2026-03-09 00:00:00,37.7704784950068
2026-03-09 06:00:00,37.6203456485681
2026-03-09 12:00:00,36.8891387536893
2026-03-09 18:00:00,36.4352545814049
2026-03-10 00:00:00,37.3106852838222
2026-03-10 06:00:00,37.1324213139072
2026-03-10 12:00:00,38.1794071538278
2026-03-10 18:00:00,37.379047840106
2026-03-11 00:00:00,37.2999149742311
2026-03-11 06:00:00,37.217674809134
2026-03-11 12:00:00,37.6392033709529
2026-03-11 18:00:00,43.3493731069651
2026-03-12 00:00:00,
2026-03-12 06:00:00,
2026-03-12 12:00:00,
2026-03-12 18:00:00,
2026-03-13 00:00:00,50.6985123086156
2026-03-13 06:00:00,51.225425679046
2026-03-13 12:00:00,50.7451853632548
2026-03-13 18:00:00,50.330306448407
2026-03-14 00:00:00,50.4463199879283
2026-03-14 06:00:00,51.2367820462908
2026-03-14 12:00:00,50.1295935612794
2026-03-14 18:00:00,50.7035437871791
2026-03-15 00:00:00,49.2233397834695
2026-03-15 06:00:00,50.0476076035519
2026-03-15 12:00:00,49.3520565182297
2026-03-15 18:00:00,50.2421421941576
2026-03-16 00:00:00,49.9403843878239
2026-03-16 06:00:00,51.0540996752076
2026-03-16 12:00:00,51.4613539325716
2026-03-16 18:00:00,50.651579134205
2026-03-17 00:00:00,49.6623775163287
2026-03-17 06:00:00,50.3457547857418
2026-03-17 12:00:00,50.0487787150226
2026-03-17 18:00:00,50.1131136748492
2026-03-18 00:00:00,49.8900192637754
2026-03-18 06:00:00,50.0720003601033
2026-03-18 12:00:00,48.6724437260546
2026-03-18 18:00:00,49.8186573851728
2026-03-19 00:00:00,49.5133019090418
2026-03-19 06:00:00,49.9623123314545
2026-03-19 12:00:00,49.2928657214381
2026-03-19 18:00:00,49.207766332105
2026-03-20 00:00:00,47.8751894941147
2026-03-20 06:00:00,48.2054027411249
2026-03-20 12:00:00,47.9252334275919
2026-03-20 18:00:00,49.416151042259
2026-03-21 00:00:00,49.1511998646863
2026-03-21 06:00:00,48.744019796912
2026-03-21 12:00:00,47.5767899801927
2026-03-21 18:00:00,49.0781446438328
2026-03-22 00:00:00,47.6811344222809
2026-03-22 06:00:00,49.2724715458963
2026-03-22 12:00:00,48.2407562649859
2026-03-22 18:00:00,48.6472380115754
2026-03-23 00:00:00,48.5695147864734
2026-03-23 06:00:00,48.5867579505259
2026-03-23 12:00:00,48.8634852435015
2026-03-23 18:00:00,48.4882664330442
2026-03-24 00:00:00,47.4096337294677
2026-03-24 06:00:00,47.7178095582683
2026-03-24 12:00:00,47.4764205494402
2026-03-24 18:00:00,48.9208044028733
2026-03-25 00:00:00,46.1672523265233
2026-03-25 06:00:00,48.0964634475449
2026-03-25 12:00:00,49.0716501420111
2026-03-25 18:00:00,46.8874316750871
2026-03-26 00:00:00,46.7595724307233
2026-03-26 06:00:00,46.9083389435982
2026-03-26 12:00:00,47.6994222608783
2026-03-26 18:00:00,47.8185475513123
2026-03-27 00:00:00,46.8754384430727
2026-03-27 06:00:00,46.2944496845324
2026-03-27 12:00:00,47.3567724086723
2026-03-27 18:00:00,46.7029143426725
2026-03-28 00:00:00,47.5917557126333
2026-03-28 06:00:00,46.3688427172646
2026-03-28 12:00:00,46.9501477362555
2026-03-28 18:00:00,47.7981411769893
2026-03-29 00:00:00,45.987573213142
2026-03-29 06:00:00,46.6594819970473
2026-03-29 12:00:00,45.882584024215
2026-03-29 18:00:00,48.7484097916747
2026-03-30 00:00:00,47.2263907786076
2026-03-30 06:00:00,45.3898667666795
2026-03-30 12:00:00,44.6566846750049
2026-03-30 18:00:00,35.4108770178747
2026-03-31 00:00:00,45.8450728462823
2026-03-31 06:00:00,46.9596855074906
2026-03-31 12:00:00,46.5503411166926
2026-03-31 18:00:00,46.6119197721152
2026-04-01 00:00:00,44.3044769541955
2026-04-01 06:00:00,45.5090820680072
2026-04-01 12:00:00,44.3542552613868
2026-04-01 18:00:00,46.8883929542272
2026-04-02 00:00:00,44.2823810771822
2026-04-02 06:00:00,44.8108596038605
2026-04-02 12:00:00,44.4733101299405
2026-04-02 18:00:00,45.0706139401114
2026-04-03 00:00:00,44.9092612024086
2026-04-03 06:00:00,44.0682875258691
2026-04-03 12:00:00,44.0580281921877
2026-04-03 18:00:00,43.9262506747661
2026-04-04 00:00:00,44.2783149984122
2026-04-04 06:00:00,43.2519729719827
2026-04-04 12:00:00,43.805910494294
2026-04-04 18:00:00,43.3281443974575
2026-04-05 00:00:00,42.1874753448738
2026-04-05 06:00:00,43.5926226384535
2026-04-05 12:00:00,43.4974455094445
2026-04-05 18:00:00,43.9114444524505
2026-04-06 00:00:00,42.5880940201238
2026-04-06 06:00:00,42.9257146174932
2026-04-06 12:00:00,42.3423822047921
2026-04-06 18:00:00,42.5781145537135
2026-04-07 00:00:00,42.7275205764744
2026-04-07 06:00:00,43.0371906868611
2026-04-07 12:00:00,42.8891745103228
2026-04-07 18:00:00,41.3785012811656
2026-04-08 00:00:00,41.2879273019252
2026-04-08 06:00:00,40.2461528773986
2026-04-08 12:00:00,42.4738266782082
2026-04-08 18:00:00,40.1891578123471
2026-04-09 00:00:00,42.0566526370793
2026-04-09 06:00:00,41.941355068238
2026-04-09 12:00:00,40.9904531237735
2026-04-09 18:00:00,41.9058231578633
2026-04-10 00:00:00,41.8263602854584
2026-04-10 06:00:00,41.2832616641448
2026-04-10 12:00:00,41.5650804596178
2026-04-10 18:00:00,42.7227376483053
