time,per
2024-04-04 21:00:05,
2024-04-04 22:00:05,
2024-04-04 23:00:05,
2024-04-05 00:00:03,90.3923345834963
2024-04-05 01:00:05,90.4248732673922
2024-04-05 13:00:05,90.5713174404835
2024-04-05 15:00:05,90.2775368982855
2024-04-05 16:00:05,90.3114768993987
2024-04-05 17:00:05,90.6793795872868
2024-04-05 18:00:05,89.9027373431214
2024-04-05 19:00:05,89.8161687454603
2024-04-05 20:00:05,90.9629377412387
2024-04-05 21:00:05,89.5311472397777
2024-04-05 22:00:05,90.151156532838
2024-04-05 23:00:05,90.537549646006
2024-04-06 00:00:02,90.5661463774486
2024-04-06 01:00:05,90.2670816861094
2024-04-06 02:00:05,90.3458347447142
2024-04-06 03:00:05,90.3882931938588
2024-04-06 04:00:05,89.529360224672
2024-04-06 05:00:05,90.6111491288475
2024-04-06 06:00:05,89.9462475254573
2024-04-06 07:00:05,89.90898753879
2024-04-06 08:00:05,89.6004926020001
2024-04-06 09:00:05,91.0242252279082
2024-04-06 10:00:05,90.4210520676817
2024-04-06 11:00:05,90.6970084142062
2024-04-06 12:00:05,91.0149828735837
2024-04-06 13:00:05,90.2078056977772
2024-04-06 14:00:05,90.1601647201816
2024-04-06 15:00:05,89.8608105603568
2024-04-06 16:00:05,89.73002293213
2024-04-06 17:00:05,90.1335664294551
2024-04-06 18:00:05,90.9421178735905
2024-04-06 19:00:05,115.537883226634
2024-04-06 20:00:05,90.1836138971464
2024-04-06 21:00:05,90.123949775548
2024-04-06 22:00:05,90.8865455287129
2024-04-06 23:00:05,88.910406237499
2024-04-07 00:00:02,90.3373433234101
2024-04-07 01:00:05,89.7617719222555
2024-04-07 02:00:05,90.2236208681138
2024-04-07 03:00:05,89.8114735391637
2024-04-07 04:00:05,90.6281617481843
2024-04-07 05:00:05,89.5928539455069
2024-04-07 07:00:05,90.3063928159413
2024-04-07 08:00:05,89.2282073481525
2024-04-07 09:00:05,89.885576108134
2024-04-07 10:00:05,90.4168338965604
2024-04-07 11:00:05,90.3405921301122
2024-04-07 12:00:05,89.9600829311215
2024-04-07 13:00:05,90.0741011597154
2024-04-07 14:00:05,89.8839821265464
2024-04-07 15:00:05,90.2886503063538
2024-04-07 16:00:05,90.1213583738658
2024-04-07 17:00:05,89.7399069853047
2024-04-07 18:00:05,89.9640523318374
2024-04-07 19:00:05,90.0889443520226
2024-04-07 20:00:05,89.5125274000632
2024-04-07 21:00:05,90.2246518898502
2024-04-07 22:00:05,
2024-04-07 23:00:05,
2024-04-08 00:00:02,89.5099422658968
2024-04-08 01:00:05,89.3572858514485
2024-04-08 02:00:05,90.5722144257793
2024-04-08 03:00:05,87.7789740231834
2024-04-08 04:00:05,90.3236644172652
2024-04-08 05:00:05,88.5721889156511
2024-04-08 06:00:05,88.4864422113872
2024-04-08 07:00:05,91.0333430917813
2024-04-08 08:00:05,90.2934077915639
2024-04-08 09:00:05,89.0370465522628
2024-04-08 10:00:05,91.3095150549025
2024-04-08 12:00:05,88.2548061242422
2024-04-08 13:00:05,90.1167920066984
2024-04-08 14:00:05,88.806854821399
2024-04-08 17:00:05,91.1626368153925
2024-04-09 04:00:05,88.6157883660093
2024-04-09 05:00:05,88.8498916536609
2024-04-09 06:00:05,89.6815336491443
2024-04-09 07:00:05,90.3489599924067
2024-04-09 08:00:05,89.8143131612201
2024-04-09 09:00:05,89.6506475113526
2024-04-09 10:00:05,90.2331238224317
2024-04-09 11:00:05,91.129946026354
2024-04-09 12:00:05,88.4903080487355
2024-04-09 13:00:05,91.1930946921477
2024-04-09 14:00:05,88.9151088943714
2024-04-09 15:00:05,88.9297977162688
2024-04-09 16:00:05,87.6557373482123
2024-04-09 17:00:05,88.5032432467534
2024-04-09 18:00:05,91.1172824387715
2024-04-09 19:00:05,89.2315150318848
2024-04-09 20:00:05,89.4407193417159
2024-04-09 21:00:05,90.2403064705048
2024-04-09 22:00:05,88.5527460695098
2024-04-09 23:00:05,
2024-04-10 00:00:01,89.6574141722545
2024-04-10 01:00:05,89.0827918813936
2024-04-10 02:00:05,89.4129927668641
2024-04-10 03:00:05,89.470496194617
2024-04-10 04:00:05,89.5025585631901
2024-04-10 05:00:05,88.2901683207305
2024-04-10 06:00:05,89.3389161868155
2024-04-10 07:00:05,88.9633155823118
2024-04-10 08:00:05,88.3784668180317
2024-04-10 09:00:05,88.8423050313188
2024-04-10 10:00:05,89.9994985310155
2024-04-10 11:00:05,78.2121448970738
2024-04-10 12:00:05,89.4865927897193
2024-04-10 22:00:05,91.0379874278744
2024-04-10 23:00:05,89.4940008438047
2024-04-11 00:00:00,89.4501228863177
2024-04-11 01:00:05,89.1557057375184
2024-04-11 02:00:05,88.7600496787433
2024-04-11 03:00:05,90.657073863681
2024-04-11 04:00:05,88.6946124233458
2024-04-11 05:00:05,89.4339532485562
2024-04-11 07:00:05,89.181222469044
2024-04-11 08:00:05,87.9790219383592
2024-04-11 09:00:05,71.0686589305555
2024-04-11 10:00:05,89.7255023922276
2024-04-11 12:00:05,89.6238871255032
2024-04-11 13:00:05,87.826620235224
2024-04-11 14:00:05,88.0249205250608
2024-04-11 15:00:05,88.8445365080526
2024-04-11 16:00:05,90.098015638031
2024-04-11 17:00:05,88.7571945407405
2024-04-11 18:00:05,89.4586423303575
2024-04-11 19:00:05,89.1856103040115
2024-04-11 20:00:05,87.4207169610117
2024-04-11 21:00:05,88.3004366335781
2024-04-11 22:00:05,90.5432759258931
2024-04-11 23:00:05,89.3849784948442
2024-04-12 00:00:00,89.9955918200523
2024-04-12 01:00:05,87.0644928348042
2024-04-12 02:00:05,88.9238385026916
2024-04-12 03:00:05,88.0105760566612
2024-04-12 04:00:05,88.7706354131713
2024-04-12 05:00:05,89.4098397825481
2024-04-12 06:00:05,88.8454945359912
2024-04-12 07:00:05,89.4198260305801
2024-04-12 08:00:05,87.9723670252331
2024-04-12 09:00:05,89.0297815472941
2024-04-12 10:00:06,89.1095221413978
2024-04-12 11:00:06,89.0225962582479
2024-04-12 12:00:09,88.9314030447003
2024-04-12 13:00:09,88.9211186550693
2024-04-12 14:00:09,90.6175489968712
2024-04-12 15:00:09,88.13364778715
2024-04-12 16:00:09,89.6396007374373
2024-04-12 17:00:09,88.6601897197343
2024-04-12 18:00:09,89.2102827379849
2024-04-12 19:00:09,89.2641798331513
2024-04-12 20:00:09,90.1996723082444
2024-04-12 21:00:09,89.592668283655
2024-04-12 22:00:09,89.1833479653415
2024-04-12 23:00:09,88.2983023701444
2024-04-13 00:00:01,88.4492805975714
2024-04-13 01:00:09,89.9501236152986
2024-04-13 02:00:09,89.9746909254729
2024-04-13 03:00:09,87.7057379030575
2024-04-13 04:00:09,89.1314089206187
2024-04-13 05:00:09,88.6800401892096
2024-04-13 06:00:09,89.4305145332508
2024-04-13 07:00:09,88.3327905296449
2024-04-13 08:00:09,87.4570820307673
2024-04-13 09:00:09,87.65495468955
2024-04-13 10:00:09,88.7376574680909
2024-04-13 11:00:09,89.3783738629642
2024-04-13 12:00:09,89.5524876382066
2024-04-13 13:00:09,90.5139873528496
2024-04-13 14:00:09,87.6440093114033
2024-04-13 15:00:09,89.1805825553545
2024-04-13 16:00:09,89.6433115666072
2024-04-13 17:00:09,89.1486720060752
2024-04-13 18:00:09,99.5418271095203
2024-04-13 19:00:09,88.669307436914
2024-04-13 20:00:09,89.9832746878013
2024-04-13 21:00:09,89.666985725657
2024-04-13 22:00:09,89.5110119293337
2024-04-13 23:00:09,88.1907775601264
2024-04-14 00:00:00,88.7563499645242
2024-04-14 01:00:09,89.8460399668138
2024-04-14 02:00:09,88.6479316167135
2024-04-14 03:00:09,88.5133380384392
2024-04-14 04:00:09,87.3453274520195
2024-04-14 05:00:09,88.7249238178526
2024-04-14 06:00:09,88.8966839376925
2024-04-14 07:00:09,87.0738580666305
2024-04-14 08:00:09,87.7490783714123
2024-04-14 09:00:09,88.1988111326694
2024-04-14 21:00:09,88.3561593266946
2024-04-14 22:00:09,89.7129747852794
2024-04-14 23:00:09,88.9123534663565
2024-04-15 00:00:00,88.0589150871464
2024-04-15 01:00:09,89.657906935871
2024-04-15 02:00:09,87.5754879396256
2024-04-15 03:00:09,89.0087268436872
2024-04-15 04:00:09,89.4410157267683
2024-04-15 05:00:09,88.9567660378579
2024-04-15 06:00:09,87.7791515731846
2024-04-15 07:00:09,88.8164260436223
2024-04-15 08:00:09,88.0222345942138
2024-04-15 09:00:09,87.0522546051288
2024-04-15 10:00:09,87.8472919818877
2024-04-15 11:00:09,89.4597844479692
2024-04-15 12:00:09,88.8474341732485
2024-04-15 13:00:09,88.8782623523458
2024-04-15 14:00:09,89.8037618110128
2024-04-15 15:00:09,89.2358689959945
2024-04-15 16:00:09,89.5472121200473
2024-04-15 17:00:09,87.6823754962433
2024-04-15 18:00:09,87.8281252221673
2024-04-15 19:00:09,87.5176387265912
2024-04-15 20:00:09,87.7466305596705
2024-04-15 21:00:09,89.0835710658596
2024-04-15 22:00:09,88.2808897200997
2024-04-15 23:00:09,87.9194827278647
2024-04-16 00:00:01,88.2702388790719
2024-04-16 01:00:09,88.1883893132117
2024-04-16 02:00:09,87.8819471666055
2024-04-16 03:00:09,86.3977653502823
2024-04-16 04:00:09,87.3544143008955
2024-04-16 05:00:09,88.5460887688583
2024-04-16 06:00:09,89.8214875564361
2024-04-16 07:00:09,88.3794797006809
2024-04-16 08:00:09,88.9095959218402
2024-04-16 09:00:09,89.2665281953516
2024-04-16 10:00:09,90.3907021790859
2024-04-16 11:00:09,88.202121415427
2024-04-16 12:00:01,88.7948245264123
2024-04-16 13:00:01,87.6067682324915
2024-04-16 14:00:01,88.871606438722
2024-04-16 15:00:01,88.3166987197183
2024-04-16 16:00:01,88.6860057088404
2024-04-16 17:00:01,88.8675187775259
2024-04-16 18:00:01,89.2556482847254
2024-04-16 19:00:01,88.2808731036991
2024-04-16 20:00:01,87.0481152451476
2024-04-16 21:00:01,88.4698315874996
2024-04-16 22:00:01,88.7286902214264
2024-04-16 23:00:01,88.5447814268122
2024-04-17 00:00:00,90.0801127135079
2024-04-17 01:00:01,86.9095982922362
2024-04-17 02:00:01,89.622327391081
2024-04-17 03:00:01,89.8293556312131
2024-04-17 04:00:01,62.0891168752111
2024-04-17 05:00:01,87.0747019926064
2024-04-17 06:00:01,88.8912902342678
2024-04-17 08:00:01,89.1530793827427
2024-04-17 11:00:01,88.1588116841976
2024-04-17 12:00:01,88.0774380967685
2024-04-17 13:00:01,89.5038786165565
2024-04-17 14:00:01,89.6442791286212
2024-04-17 19:00:00,87.6845587116204
2024-04-17 20:00:00,87.9971567484869
2024-04-17 21:00:00,88.2762489551809
2024-04-17 22:00:00,85.8802392214892
2024-04-17 23:00:00,88.4099442240492
2024-04-18 00:00:00,88.315912740602
2024-04-18 01:00:00,86.4326736346151
2024-04-18 02:00:00,87.6927409012494
2024-04-18 03:00:00,88.9267154154135
2024-04-18 04:00:00,87.8809680666975
2024-04-18 05:00:00,87.592204891928
2024-04-18 06:00:00,88.4776078835394
2024-04-18 07:00:00,88.386985536674
2024-04-18 08:00:00,87.9889717471692
2024-04-18 09:00:00,86.9362973777668
2024-04-18 10:00:00,87.4827164792986
2024-04-18 11:00:00,87.7553542900698
2024-04-18 12:00:00,87.3235788805231
2024-04-19 02:00:00,86.4552115979479
2024-04-19 03:00:00,87.576701241408
2024-04-19 04:00:00,88.313151308309
2024-04-19 05:00:00,87.0240401593813
2024-04-19 06:00:00,88.5414487258511
2024-04-19 08:00:00,89.2460676805619
2024-04-19 09:00:00,88.2630122655585
2024-04-19 10:00:00,86.568332207125
2024-04-19 11:00:00,88.1886963301352
2024-04-19 12:00:00,106.943104524551
2024-04-19 13:00:00,89.7584563134207
2024-04-19 14:00:00,89.5979589000754
2024-04-19 15:00:00,86.719588834352
2024-04-19 16:00:00,88.2297715158089
2024-04-19 17:00:00,86.7857405084256
2024-04-19 18:00:00,88.4328252902031
2024-04-19 19:00:00,87.3523037458836
2024-04-19 20:00:00,87.3888497087073
2024-04-19 21:00:00,88.1463155854562
2024-04-19 22:00:00,87.3702092259713
2024-04-19 23:00:00,88.7330056790916
2024-04-20 00:00:00,88.6844119436136
2024-04-20 13:00:00,87.3641948055737
2024-04-20 14:00:00,87.6832357138687
2024-04-20 15:00:00,88.867688177105
2024-04-20 16:00:00,85.7012559739658
2024-04-20 17:00:00,88.6526554347058
2024-04-20 18:00:00,
2024-04-20 19:00:00,
2024-04-20 20:00:00,88.870792456728
2024-04-20 21:00:00,87.8125702065081
2024-04-20 22:00:00,87.6951955608844
2024-04-20 23:00:00,88.1181727435778
2024-04-21 00:00:00,86.8741036386733
2024-04-21 01:00:00,85.8883954405014
2024-04-21 02:00:00,87.9733940350873
2024-04-21 03:00:00,88.6807051311773
2024-04-21 04:00:00,86.986524883089
2024-04-21 05:00:00,87.281038176397
2024-04-21 06:00:00,87.6302473638818
2024-04-21 07:00:00,85.8655604084781
2024-04-21 08:00:00,87.032358268321
2024-04-21 09:00:00,85.6775540414948
2024-04-24 10:00:06,87.5973685836588
2024-04-24 11:00:06,87.2236878004566
2024-04-24 13:00:08,88.6018124663687
2024-04-24 14:00:08,85.7567238398881
2024-04-24 16:00:08,86.3000161212725
2024-04-24 17:00:08,86.8284304156811
2024-04-24 18:00:08,87.4661822128098
2024-04-24 19:00:08,86.6607293536487
2024-04-24 20:00:08,86.0324309187735
2024-04-24 21:00:08,84.9414418663033
2024-04-24 22:00:08,86.5211184840406
2024-04-24 23:00:08,87.18543804097
2024-04-25 00:00:00,85.9706651948409
2024-04-25 01:00:08,104.641158115776
2024-04-25 02:00:08,
2024-04-25 03:00:08,86.226978209361
2024-04-25 04:00:08,86.018451958388
2024-04-25 05:00:08,84.9230217108665
2024-04-25 06:00:08,87.3063572462149
2024-04-25 23:00:08,87.5396429608978
2024-04-26 00:00:01,85.0474218573705
2024-04-26 02:00:08,86.0773833058807
2024-04-26 03:00:08,86.5314856341119
2024-04-26 04:00:08,85.2733941561878
2024-04-26 05:00:08,85.7901112039159
2024-04-26 06:00:08,86.5091623842355
2024-04-26 07:00:08,85.7904792042829
2024-04-26 08:00:08,87.3350891570799
2024-04-26 10:00:08,85.3345201352209
2024-04-26 11:00:08,84.1218342016017
2024-04-26 12:00:08,85.654746096239
2024-04-26 13:00:08,86.1967069542018
2024-04-26 14:00:08,85.6562899821452
2024-04-26 15:00:08,87.1075338426071
2024-04-26 16:00:08,87.3532031653261
2024-04-26 17:00:04,87.5784045616871
2024-04-26 18:00:04,87.1935382596611
2024-04-26 19:00:04,85.9871576813368
2024-04-26 20:00:04,86.4617752253738
2024-04-26 21:00:04,87.4880991210461
2024-04-26 22:00:04,86.7131606250895
2024-04-26 23:00:04,85.4240660291097
2024-04-27 00:00:00,85.8757382485557
2024-04-27 01:00:04,86.4938557639033
2024-04-27 02:00:04,85.2384898682083
2024-04-27 03:00:04,85.2017142850091
2024-04-27 04:00:04,86.5964388007497
2024-04-27 05:00:04,85.0200433443927
2024-04-27 06:00:04,86.1298269339613
2024-04-27 07:00:04,84.7245265272286
2024-04-27 08:00:04,85.4835892401722
2024-04-27 11:00:04,85.9875872366551
2024-04-27 12:00:04,85.9241169603262
2024-04-27 13:00:04,84.8408597883108
2024-04-27 14:00:04,83.7283912950775
2024-04-27 15:00:04,85.5240649006206
2024-04-27 16:00:04,85.4957432147268
2024-04-27 17:00:04,85.5479443373305
2024-04-27 18:00:04,62.1865229597788
2024-04-27 19:00:04,84.4616085688672
2024-04-27 20:00:04,84.3599596798428
2024-04-27 21:00:04,85.840513134752
2024-04-27 23:00:04,86.6607114019729
2024-04-28 00:00:01,84.2567400240941
2024-04-28 01:00:04,85.4385826489711
2024-04-28 02:00:04,84.4830187297414
2024-04-28 03:00:04,100.129275653865
2024-04-28 04:00:04,83.9577092390245
2024-04-28 05:00:04,84.194054348302
2024-04-28 06:00:04,85.3994450299647
2024-04-28 07:00:04,86.3525215038145
2024-04-28 08:00:04,85.4962435801621
2024-04-28 09:00:04,85.2599308650363
2024-04-28 10:00:04,86.6018224172063
2024-04-28 11:00:04,84.4911605733854
2024-04-28 12:00:04,84.2019939745397
2024-04-28 13:00:04,85.8075196962405
2024-04-28 14:00:04,86.3557395403448
2024-04-28 15:00:04,85.28667273487
2024-04-28 16:00:04,87.3905935022423
2024-04-28 17:00:04,85.7322121528068
2024-04-29 05:00:04,84.3620208017811
2024-04-29 06:00:04,85.5985525124626
2024-04-29 08:00:04,85.5495512256604
2024-04-29 09:00:04,83.7998471036098
2024-04-29 10:00:04,84.6645427746925
2024-04-29 11:00:04,84.8434557877189
2024-04-29 12:00:04,86.3405425809247
2024-04-29 13:00:04,85.4239889101025
2024-04-29 14:00:04,84.364171255517
2024-04-29 15:00:04,84.9455170202705
2024-05-14 14:00:08,86.1161200562898
2024-05-14 15:00:08,85.9425840004817
2024-05-14 16:00:08,84.4114774778604
2024-05-14 17:00:08,86.1585049161478
2024-05-14 18:00:08,83.2855836763324
2024-05-14 19:00:08,85.3112559344452
2024-05-14 20:00:08,85.1254717307211
2024-05-14 21:00:08,83.5784514651948
2024-05-14 22:00:08,86.0863048314947
2024-05-14 23:00:08,84.6028666522461
2024-05-15 00:00:00,84.5422087133716
2024-05-15 01:00:08,84.5677118722342
2024-05-15 02:00:08,84.8366104325828
2024-05-15 03:00:08,83.4581693608079
2024-05-15 04:00:08,84.1645146880876
2024-05-15 05:00:08,83.344062014141
2024-05-15 06:00:08,81.0359906553108
2024-05-15 08:00:08,83.4098303548813
2024-05-15 10:00:08,83.6746569531384
2024-05-15 11:00:08,84.4035059133565
2024-05-15 12:00:08,84.1241784086028
2024-05-15 13:00:08,85.5842219352689
2024-05-15 14:00:08,82.6325109340522
2024-05-15 15:00:08,83.4333045803434
2024-05-15 16:00:08,83.1287651002806
2024-05-15 17:00:08,85.2909442175215
2024-05-15 18:00:08,85.3295527537308
2024-05-15 19:00:08,82.3168147661942
2024-05-15 20:00:08,83.8656769846282
2024-05-15 21:00:08,83.167146810158
2024-05-15 22:00:08,83.9110896703354
2024-05-15 23:00:08,85.06454325369
2024-05-16 00:00:00,83.9388327576505
2024-05-16 01:00:08,82.0131037772435
2024-05-16 02:00:08,81.980621256969
2024-05-16 03:00:08,83.9958871677803
2024-05-16 04:00:08,84.4235811034696
2024-05-16 05:00:08,82.2110910397507
2024-05-16 06:00:08,83.1180480443265
2024-05-16 07:00:08,85.2859892123166
2024-05-16 08:00:08,83.6701775821805
2024-05-16 09:00:08,83.5775654292662
2024-05-16 10:00:08,83.470034261276
2024-05-16 11:00:08,82.951681429477
2024-05-16 12:00:08,84.888097810679
2024-05-16 13:00:08,83.0823562205868
2024-05-16 14:00:08,84.7006359285278
2024-05-16 15:00:08,84.4033955374845
2024-05-16 16:00:08,84.6502637518044
2024-05-16 17:00:08,83.5907492964286
2024-05-16 18:00:08,83.1156007802526
2024-05-16 19:00:08,82.3194185830481
2024-05-16 20:00:08,84.8301332112223
2024-05-16 21:00:08,82.8576438700319
2024-05-16 22:00:08,84.6160305256725
2024-05-16 23:00:08,83.2580134002425
2024-05-17 00:00:00,84.1819036575694
2024-05-17 01:00:08,83.876096853884
2024-05-17 02:00:08,85.0641146230158
2024-05-17 03:00:08,83.8785854672149
2024-05-17 04:00:08,83.112522682166
2024-05-17 05:00:08,65.8844846395889
2024-05-17 06:00:08,83.0752374196605
2024-05-17 07:00:08,82.903363738126
2024-05-17 08:00:08,84.386329699502
2024-05-17 10:00:08,84.7791059905163
2024-05-17 11:00:08,86.3715538966994
2024-05-17 12:00:08,82.8016420216149
2024-05-17 13:00:08,84.3426345596406
2024-05-17 14:00:08,84.8147885492601
2024-05-17 15:00:08,83.1694352058563
2024-05-17 16:00:08,83.7883294097062
2024-05-17 17:00:08,85.3656869041712
2024-05-17 18:00:08,82.9031395074996
2024-05-17 19:00:08,83.1166980023219
2024-05-18 08:00:08,
2024-05-18 09:00:08,
2024-05-18 11:00:08,
2024-05-18 12:00:08,
2024-05-18 13:00:08,
2024-05-18 14:00:08,
2024-05-18 15:00:08,
2024-05-18 16:00:08,
2024-05-18 17:00:08,
2024-05-18 18:00:08,
2024-05-18 19:00:08,
2024-05-18 20:00:08,
2024-05-18 21:00:08,
2024-05-18 22:00:08,
2024-05-18 23:00:08,
2024-05-19 00:00:01,93.4816475782971
2024-05-19 01:00:08,94.6737421772347
2024-05-19 02:00:08,94.721423679719
2024-05-19 03:00:08,93.5155165548794
2024-05-19 04:00:08,94.5864057804626
2024-05-19 05:00:08,94.2182619451273
2024-05-19 06:00:08,94.0550721287407
2024-05-19 08:00:08,93.6473322023246
2024-05-19 11:00:08,93.1354793365473
2024-05-19 12:00:08,92.9555893386354
2024-05-19 13:00:08,93.9463714939588
2024-05-19 14:00:08,94.4962702291103
2024-05-19 15:00:08,93.4653735261249
2024-05-19 16:00:08,94.0810596740462
2024-05-19 17:00:08,94.3276062253315
2024-05-19 18:00:08,93.7354358086913
2024-05-19 19:00:08,93.9565428650039
2024-05-19 20:00:08,94.626374985909
2024-05-19 21:00:08,94.1489802190492
2024-05-19 22:00:08,93.6315011146076
2024-05-19 23:00:08,94.9420823301947
2024-05-20 00:00:00,94.5423797388017
2024-05-20 01:00:08,93.4604944398311
2024-05-20 02:00:08,93.8274820933661
2024-05-20 03:00:08,94.1854322986276
2024-05-20 04:00:08,94.9396394732638
2024-05-20 05:00:08,94.4595440756862
2024-05-20 06:00:08,93.5915053739167
2024-05-20 07:00:08,94.833249875844
2024-05-20 08:00:08,94.0016010930235
2024-05-20 09:00:08,93.8751364333733
2024-05-20 10:00:08,93.5282919446568
2024-05-20 11:00:08,93.6382179233979
2024-05-20 12:00:08,93.1720223926303
2024-05-20 13:00:08,94.1395286040463
2024-05-20 14:00:08,93.5901741889176
2024-05-20 15:00:08,93.9516990579655
2024-05-20 16:00:08,94.1206142248064
2024-05-20 17:00:08,93.6135250729043
2024-05-20 18:00:08,93.6139073412245
2024-05-20 19:00:08,93.4034681920769
2024-05-20 20:00:08,93.1196290841943
2024-05-20 21:00:08,93.2878061478745
2024-05-20 22:00:08,93.6820871332933
2024-05-20 23:00:08,94.4348834682745
2024-05-21 00:00:01,93.0887949718695
2024-05-21 01:00:08,94.2294303425282
2024-05-21 02:00:08,94.3717165353332
2024-05-21 03:00:08,93.3148160718265
2024-05-21 04:00:08,93.3983499441952
2024-05-21 06:00:08,94.1805660581209
2024-05-21 07:00:08,
2024-05-21 11:00:08,93.1372191255395
2024-05-21 12:00:08,94.0279229704917
2024-05-21 13:00:08,93.1600183642438
2024-05-21 14:00:08,93.3509564048372
2024-05-21 15:00:08,93.5790785090169
2024-05-21 16:00:08,93.0807567717914
2024-05-21 17:00:08,93.2931078236443
2024-05-21 18:00:08,94.2163872626081
2024-05-21 19:00:08,93.5616904879333
2024-05-21 20:00:08,93.5891827389352
2024-05-21 21:00:08,94.6473078406295
2024-05-21 22:00:08,93.9122451805079
2024-05-21 23:00:08,94.2214152280272
2024-05-22 00:00:02,93.416008569337
2024-05-22 13:00:08,92.8936920314802
2024-05-22 14:00:08,94.8358966075982
2024-05-22 15:00:08,90.6165903208883
2024-05-22 16:00:08,93.7124980111979
2024-05-22 17:00:08,93.8541042857205
2024-05-22 18:00:08,93.1351300761553
2024-05-22 19:00:08,93.7608156029581
2024-05-22 20:00:08,94.3707318628203
2024-05-22 21:00:08,94.5106903012924
2024-05-22 22:00:08,93.2875733543772
2024-05-22 23:00:08,93.630505521787
2024-05-23 00:00:01,94.9146974768541
2024-05-23 01:00:08,92.5315268342061
2024-05-23 02:00:08,93.0050837151307
2024-05-23 03:00:08,92.1687568295388
2024-05-23 04:00:08,93.9971511871653
2024-05-23 05:00:08,93.5127394931111
2024-05-23 06:00:08,93.9216168212451
2024-05-23 07:00:08,92.9009714653722
2024-05-23 08:00:08,94.6317643818598
2024-05-23 10:00:08,94.5974125234749
2024-05-23 11:00:08,92.9595647180199
2024-05-23 12:00:08,92.2237650842058
2024-05-23 13:00:08,91.914536227562
2024-05-23 14:00:08,93.2134182420943
2024-05-23 15:00:08,94.1588858717251
2024-05-23 16:00:08,91.0685614982397
2024-05-23 17:00:08,92.6326011804151
2024-05-23 18:00:08,90.8504845701074
2024-05-23 19:00:08,93.7706207680817
2024-05-23 20:00:08,94.004565312134
2024-05-23 21:00:08,93.2438453897538
2024-05-23 22:00:08,78.550727799539
2024-05-23 23:00:08,93.4841479716405
2024-05-24 00:00:02,93.66291671627
2024-05-24 01:00:08,92.1869818931023
2024-05-24 02:00:08,92.6455628211736
2024-05-24 03:00:08,93.4356960481228
2024-05-24 04:00:08,92.9550545936268
2024-05-24 05:00:08,92.0556321875965
2024-05-24 06:00:08,93.3207374986525
2024-05-24 07:00:08,93.4272136825229
2024-05-24 08:00:08,94.442884150885
2024-05-24 09:00:08,91.4324862261932
2024-05-24 10:00:08,92.6368738558698
2024-05-24 11:00:08,92.1902101181677
2024-05-24 12:00:08,92.8132704333123
2024-05-24 13:00:08,94.0352482739772
2024-05-24 14:00:08,
2024-05-24 15:00:08,
2024-05-24 16:00:08,92.5073684632613
2024-05-24 17:00:08,92.4523786809594
2024-05-24 18:00:08,92.7514244778377
2024-05-24 19:00:08,92.0247864073858
2024-05-24 20:00:08,94.1147272751267
2024-05-24 21:00:08,94.8413020734999
2024-05-24 22:00:08,94.9889538595508
2024-05-24 23:00:08,91.8244653264771
2024-05-25 00:00:01,91.9284010444985
2024-05-25 01:00:08,92.9860299352922
2024-05-25 02:00:08,90.5764367745083
2024-05-25 03:00:08,95.1613461429325
2024-05-25 04:00:08,94.9898722118442
2024-05-25 09:00:08,92.4998956665602
2024-05-25 10:00:08,92.7508886693012
2024-05-25 11:00:08,92.7059784276681
2024-05-25 12:00:08,91.6666254576315
2024-05-25 13:00:08,92.6865607189379
2024-05-25 14:00:08,92.4252502863557
2024-05-25 15:00:08,93.1571576605523
2024-05-25 16:00:08,94.4703412749056
2024-05-25 17:00:08,90.5055672507537
2024-05-25 18:00:08,93.3394451378247
2024-05-25 19:00:08,91.1991063989851
2024-05-25 20:00:08,92.6351398751106
2024-05-25 21:00:08,92.8984962456014
2024-05-25 22:00:08,91.6846668717371
2024-05-25 23:00:08,93.2899010617776
2024-05-26 00:00:00,91.9147658835523
2024-05-26 00:00:01,92.7663875777343
2024-05-26 01:00:08,91.691742499417
2024-05-26 02:00:08,92.4192468033468
2024-05-26 03:00:08,92.8364468845068
2024-05-26 19:00:08,92.261687849631
2024-05-26 20:00:08,92.779782551671
2024-05-26 21:00:08,93.2762420979262
2024-05-26 22:00:08,92.6201736206144
2024-05-26 23:00:08,93.001970355393
2024-05-27 00:00:02,92.957276918257
2024-05-27 01:00:08,92.7321131567557
2024-05-27 02:00:08,93.0044556114706
2024-05-27 03:00:08,92.0753572890066
2024-05-27 04:00:08,92.3299022668621
2024-05-27 06:00:08,93.6639012700684
2024-05-27 08:00:08,92.0906758294867
2024-05-27 11:00:08,92.3575364011241
2024-05-27 13:00:08,91.7171041332894
2024-05-27 14:00:07,93.0662608871208
2024-05-27 15:00:07,92.4917162666843
2024-05-27 16:00:07,91.6890318094019
2024-05-27 17:00:07,91.3878973393724
2024-05-27 18:00:07,92.8057055032655
2024-05-27 19:00:07,94.1879030364505
2024-05-27 20:00:07,91.9572315916371
2024-05-27 21:00:07,92.3731152499784
2024-05-27 22:00:07,93.0593795686214
2024-05-27 23:00:07,92.3323129010038
2024-05-28 00:00:00,91.1517154423546
2024-05-28 01:00:07,92.820886274083
2024-05-28 02:00:07,93.0091594607708
2024-05-28 03:00:07,91.4566543084019
2024-05-28 04:00:07,91.5604674257529
2024-05-28 06:00:07,93.1192940703315
2024-05-28 07:00:07,92.579210977328
2024-05-28 08:00:07,93.84540358914
2024-05-28 10:00:07,92.8381215124129
2024-05-28 11:00:07,94.8898581979606
2024-05-28 12:00:07,93.0024927619882
2024-05-28 13:00:07,92.399993224589
2024-05-28 14:00:07,92.5331367394921
2024-05-28 15:00:07,91.2722369322681
2024-05-28 16:00:07,94.2691390547274
2024-05-28 17:00:07,92.8352780995277
2024-05-28 18:00:07,93.3892280804018
2024-05-28 19:00:07,92.4734824772386
2024-05-28 20:00:07,92.7472490224486
2024-05-28 21:00:07,91.9926623767659
2024-05-28 22:00:07,91.7497103230229
2024-05-28 23:00:07,91.5261764146146
2024-05-29 00:00:01,90.4715423942942
2024-05-29 01:00:07,92.2569433954909
2024-05-29 02:00:07,92.3351547038368
2024-05-29 03:00:07,92.8102963232686
2024-05-29 04:00:07,92.5719696006688
2024-05-29 05:00:07,91.0475976213449
2024-05-29 08:00:07,91.184984486559
2024-05-29 09:00:07,93.0482284756326
2024-05-29 10:00:07,91.1904300431892
2024-05-29 11:00:05,91.107780530779
2024-05-29 12:00:05,91.8749357731269
2024-05-29 13:00:05,90.8344569056888
2024-05-29 14:00:05,91.6683135466819
2024-05-29 15:00:05,91.2196207732073
2024-05-29 16:00:05,92.6914347222617
2024-05-29 17:00:05,93.481344700414
2024-05-29 18:00:05,91.3308831219216
2024-05-29 19:00:05,92.7740886335649
2024-05-29 20:00:05,92.9661481194579
2024-05-29 21:00:05,92.1090537750236
2024-05-29 22:00:05,89.2336178752753
2024-05-29 23:00:05,92.2478288205165
2024-05-30 00:00:01,90.5528796196447
2024-05-30 01:00:05,93.1479498635934
2024-05-30 02:00:05,91.441299196644
2024-05-30 03:00:05,90.7807353992464
2024-05-30 06:00:05,91.9830484421798
2024-05-30 17:00:05,91.113421053074
2024-05-30 18:00:05,91.1628733589539
2024-05-30 19:00:05,90.9593351963911
2024-05-30 20:00:05,91.7294157908291
2024-05-30 21:00:05,91.0941794980801
2024-05-30 22:00:05,93.207410516354
2024-05-30 23:00:05,90.196650922988
2024-05-31 01:00:05,89.0960443439689
2024-05-31 02:00:05,91.5962108041713
2024-05-31 03:00:05,92.9408624168687
2024-05-31 04:00:05,90.8260252113612
2024-05-31 06:00:05,90.3831881955
2024-05-31 07:00:05,91.7295709800734
2024-05-31 10:00:05,92.1857720250917
2024-05-31 12:00:08,92.2120791820936
2024-05-31 13:00:08,92.0767807012267
2024-05-31 14:00:08,92.6992950435394
2024-05-31 15:00:08,92.1806574664763
2024-05-31 16:00:08,111.310353599756
2024-05-31 17:00:08,91.6977293749605
2024-05-31 18:00:08,91.7354295126676
2024-05-31 19:00:08,90.0125510656482
2024-05-31 20:00:08,91.3899834712257
2024-05-31 21:00:08,90.610962793825
2024-05-31 22:00:08,92.0020479063978
2024-05-31 23:00:08,89.9210868652588
2024-06-01 00:00:01,91.3983689068496
2024-06-01 01:00:08,92.7173494427479
2024-06-01 02:00:08,91.1560851986666
2024-06-01 03:00:08,92.8225294362996
2024-06-01 04:00:08,90.2893914113816
2024-06-01 05:00:08,91.3009041968546
2024-06-01 06:00:08,91.6740966257765
2024-06-01 07:00:08,89.6855674101827
2024-06-01 08:00:08,92.9480305324909
2024-06-01 09:00:08,93.7753865358281
2024-06-03 10:00:07,92.2230361674221
2024-06-03 21:00:07,99.435419104767
2024-06-03 22:00:07,90.5476258524768
2024-06-03 23:00:07,91.4467328487629
2024-06-04 00:00:00,92.6754504284979
2024-06-04 01:00:07,89.0052046023643
2024-06-04 02:00:07,90.6809571818294
2024-06-04 03:00:07,87.4431652136711
2024-06-04 04:00:07,90.5874221158691
2024-06-04 05:00:07,89.2159936040961
2024-06-04 08:00:07,90.5300319380359
2024-06-04 09:00:07,91.3101604279715
2024-06-04 10:00:05,92.4761597689403
2024-06-04 11:00:05,90.5764480009897
2024-06-04 12:00:05,90.022930759844
2024-06-04 13:00:05,92.4260643858796
2024-06-04 14:00:05,90.5374962638386
2024-06-04 15:00:05,92.6759349856875
2024-06-04 16:00:05,92.434829082535
2024-06-04 17:00:05,89.983009124188
2024-06-04 18:00:05,90.784524743818
2024-06-04 19:00:05,91.4425544072779
2024-06-04 20:00:05,92.3916364980381
2024-06-04 21:00:05,89.3987371169062
2024-06-04 22:00:05,90.0803444959874
2024-06-04 23:00:05,91.5825400408108
2024-06-05 00:00:00,87.4112140812579
2024-06-05 01:00:05,90.4608903174025
2024-06-05 02:00:05,92.5484198116166
2024-06-05 03:00:05,88.4313502266807
2024-06-05 04:00:05,87.679704529043
2024-06-05 05:00:05,91.94312503953
2024-06-05 06:00:05,91.4198935980741
2024-06-05 07:00:05,92.0641914942165
2024-06-05 08:00:05,91.7531358841582
2024-06-05 09:00:05,91.9916427379954
2024-06-05 10:00:05,92.0264733812524
2024-06-05 11:00:05,90.094402837649
2024-06-05 12:00:05,86.9570137745191
2024-06-05 13:00:05,88.588968880679
2024-06-05 14:00:05,93.8779314418721
2024-06-05 15:00:05,90.3087408110201
2024-06-05 16:00:05,88.3434249275915
2024-06-05 17:00:05,91.7536390690565
2024-06-05 18:00:05,89.9156689504144
2024-06-05 19:00:05,91.1669252761351
2024-06-05 20:00:05,89.0498679416049
2024-06-05 21:00:05,89.3965391497517
2024-06-05 22:00:05,89.9055313917307
2024-06-05 23:00:05,93.1243688901228
2024-06-06 00:00:00,90.4600496533864
2024-06-06 01:00:05,90.410328620605
2024-06-06 02:00:05,90.6309335594767
2024-06-06 03:00:05,88.7335334302688
2024-06-06 04:00:05,93.3644018442613
2024-06-06 05:00:05,95.1914102471154
2024-06-06 07:00:05,93.6095731537739
2024-06-06 08:00:05,90.000067839718
2024-06-06 11:00:05,89.9571329156811
2024-06-06 12:00:05,90.1683688302781
2024-06-06 13:00:05,92.0957642394352
2024-06-06 14:00:05,84.9554107015485
2024-06-06 15:00:05,92.1371274752509
2024-06-06 16:00:05,90.0999535501102
2024-06-06 17:00:05,90.9922407152849
2024-06-06 18:00:05,92.7091991985695
2024-06-06 19:00:05,90.056069860117
2024-06-06 20:00:05,89.7558357608935
2024-06-06 21:00:05,91.4792245685181
2024-06-06 22:00:05,89.3545072966343
2024-06-06 23:00:05,93.1629370005521
2024-06-07 00:00:00,91.2644894335128
2024-06-07 01:00:05,91.1927860227213
2024-06-07 02:00:05,90.4611047155687
2024-06-07 03:00:05,90.859870523883
2024-06-07 04:00:05,93.0810757295287
2024-06-07 05:00:05,87.8363855089938
2024-06-07 06:00:05,90.6078467806836
2024-06-07 07:00:05,88.9889446517471
2024-06-07 08:00:05,91.4778031747791
2024-06-07 09:00:05,75.452325055107
2024-06-07 10:00:05,89.0188376309037
2024-06-07 11:00:05,91.5521893248403
2024-06-07 12:00:05,92.2247647719402
2024-06-07 13:00:05,91.5017758006054
2024-06-08 03:00:05,89.6451563161361
2024-06-08 04:00:05,91.6422216440369
2024-06-08 05:00:05,90.4008686008987
2024-06-08 06:00:05,89.3001895838285
2024-06-08 07:00:05,92.6420315520138
2024-06-08 08:00:05,89.9981785566241
2024-06-08 09:00:05,93.0504675346375
2024-06-08 11:00:05,93.0579863691906
2024-06-08 12:00:05,92.875008590582
2024-06-08 13:00:05,90.5861412168412
2024-06-08 14:00:05,88.2877244711069
2024-06-08 15:00:05,90.8877444136942
2024-06-08 16:00:05,86.9443628238198
2024-06-08 17:00:05,88.7551192896712
2024-06-08 18:00:05,91.4414571231493
2024-06-08 19:00:05,91.2559973285957
2024-06-08 20:00:05,92.5979456867183
2024-06-08 21:00:05,90.5097879338583
2024-06-08 22:00:05,87.1606673438789
2024-06-08 23:00:05,89.4664889533187
2024-06-09 00:00:01,91.3513468105085
2024-06-09 01:00:05,91.1453241557259
2024-06-09 02:00:05,90.958979590176
2024-06-09 03:00:05,92.4552687640763
2024-06-09 04:00:05,89.7210591948784
2024-06-09 05:00:05,88.6121581475973
2024-06-09 06:00:05,92.37893413635
2024-06-09 07:00:05,90.4837869232081
2024-06-09 08:00:05,90.3363119517558
2024-06-09 09:00:05,90.8414139850354
2024-06-09 10:00:05,88.837969307397
2024-06-09 11:00:05,88.6554100159189
2024-06-09 12:00:05,88.0072375327979
2024-06-09 13:00:05,91.1797460231505
2024-06-09 14:00:05,89.1440458473839
2024-06-09 15:00:05,91.6488595065825
2024-06-09 16:00:05,89.2569143232139
2024-06-09 17:00:05,90.3869318501997
2024-06-09 18:00:05,90.7235138262057
2024-06-09 19:00:05,89.0602708999033
2024-06-09 20:00:05,91.8675681450944
2024-06-09 21:00:05,91.3917185038676
2024-06-09 22:00:05,86.3126963378005
2024-06-09 23:00:05,92.6870970313351
2024-06-10 00:00:02,88.9777510708513
2024-06-10 01:00:05,91.4879607358467
2024-06-10 02:00:05,90.5692391876259
2024-06-10 03:00:05,91.1776423517432
2024-06-10 04:00:05,90.7097349310924
2024-06-10 05:00:05,89.05236159439
2024-06-10 06:00:05,92.5176579985547
2024-06-10 07:00:05,89.6434944700847
2024-06-10 08:00:05,92.8641961254258
2024-06-10 09:00:05,91.3558142411386
2024-06-10 10:00:05,89.2171727365636
2024-06-10 11:00:05,91.8892376073258
2024-06-10 12:00:05,90.3226853403085
2024-06-10 13:00:05,88.8179047519844
2024-06-10 14:00:05,86.5215312463114
2024-06-10 15:00:05,88.7693987680482
2024-06-10 16:00:05,89.7483959096606
2024-06-10 17:00:05,92.4471043469339
2024-06-10 18:00:05,86.7588896227004
2024-06-10 19:00:05,90.6149332478015
2024-06-10 20:00:05,89.6681555637261
2024-06-10 21:00:05,89.1287619714596
2024-06-10 22:00:05,91.1783576072265
2024-06-10 23:00:05,88.2143033562214
2024-06-11 00:00:02,
2024-06-11 01:00:05,
2024-06-11 02:00:05,
2024-06-11 03:00:05,
2024-06-11 04:00:05,
2024-06-11 05:00:05,89.0928662550909
2024-06-11 06:00:05,87.2255841477242
2024-06-11 07:00:05,88.1985708085517
2024-06-11 08:00:05,109.314454834406
2024-06-11 09:00:05,92.4392947986948
2024-06-11 10:00:05,87.814650128451
2024-06-11 11:00:05,89.2119985987133
2024-06-11 12:00:05,89.5588962522143
2024-06-11 13:00:05,90.7374616967647
2024-06-11 14:00:05,89.6543802382566
2024-06-11 15:00:05,91.3002289646556
2024-06-11 16:00:05,88.7419769113085
2024-06-11 17:00:05,88.1944790669313
2024-06-11 19:00:05,92.7467843026533
2024-06-12 07:00:05,89.7687882136643
2024-06-12 08:00:05,91.0135980208983
2024-06-12 10:00:05,91.35310145037
2024-06-12 11:00:05,90.2470877264635
2024-06-12 12:00:05,91.5612489420143
2024-06-12 13:00:05,90.512031350452
2024-06-12 14:00:05,70.4085777802298
2024-06-12 15:00:05,90.0200429727835
2024-06-12 16:00:05,88.7908840431446
2024-06-12 17:00:05,89.6888501466345
2024-06-12 18:00:05,91.8932085085284
2024-06-12 19:00:05,90.8113971840312
2024-06-12 20:00:05,90.382694658346
2024-06-12 21:00:05,91.5183044024237
2024-06-12 22:00:05,88.0985402529022
2024-06-12 23:00:05,89.4356686798586
2024-06-13 00:00:01,91.4809919237759
2024-06-13 01:00:05,89.3357746202354
2024-06-13 02:00:05,91.5018736356056
2024-06-13 03:00:05,87.0045860282788
2024-06-13 04:00:05,85.4351700047006
2024-06-13 05:00:05,92.1967030299028
2024-06-13 06:00:05,89.2634638108241
2024-06-13 07:00:05,88.4232745068337
2024-06-13 08:00:05,89.3674990037577
2024-06-13 09:00:05,88.1844813849082
2024-06-13 10:00:05,86.6155223658204
2024-06-13 11:00:05,88.8784345242984
2024-06-13 12:00:05,90.0927118612986
2024-06-13 13:00:05,91.075364376673
2024-06-13 14:00:05,92.4968777633059
2024-06-13 15:00:05,
2024-06-13 16:00:05,
2024-06-13 17:00:05,
2024-06-13 18:00:05,91.0298681810563
2024-06-13 19:00:05,90.2569991513532
2024-06-13 20:00:05,92.7159523023935
2024-06-13 21:00:05,91.4848586646386
2024-06-13 22:00:05,89.3033949651448
2024-06-13 23:00:05,87.0478326741994
2024-06-14 00:00:02,90.1689595983775
2024-06-14 01:00:05,91.6674345098054
2024-06-14 02:00:05,87.6428954370886
2024-06-14 03:00:05,90.2531921408544
2024-06-14 04:00:05,92.7761123703036
2024-06-14 05:00:05,87.9507865358781
2024-06-14 06:00:05,74.9474896131631
2024-06-14 07:00:05,90.6044564110439
2024-06-14 08:00:05,88.9720403685977
2024-06-14 09:00:05,86.9800829240547
2024-06-14 11:00:05,88.1707942420364
2024-06-14 12:00:05,89.9082676070727
2024-06-14 13:00:05,88.1297301556292
2024-06-14 14:00:05,88.6160006706567
2024-06-14 15:00:05,91.8034248759008
2024-06-14 16:00:05,90.1816155443804
2024-06-14 17:00:05,90.5025937247621
2024-06-14 18:00:05,88.652606766972
2024-06-14 19:00:05,89.995102260107
2024-06-14 20:00:05,89.7614725803704
2024-06-14 21:00:05,89.2038494321693
2024-06-14 22:00:05,88.370567884232
2024-06-14 23:00:05,87.8606795960476
2024-06-15 00:00:02,90.5616918029663
2024-06-15 01:00:05,90.2769397267547
2024-06-15 02:00:05,86.598318322272
2024-06-15 03:00:05,90.0150658370662
2024-06-15 04:00:05,89.1005973069999
2024-06-15 05:00:05,91.3203503541414
2024-06-15 06:00:05,88.9194856773116
2024-06-15 07:00:05,89.281587828644
2024-06-15 08:00:05,89.0447693859371
2024-06-15 09:00:05,88.1317179316237
2024-06-15 10:00:05,90.2113023502568
2024-06-15 11:00:05,90.7120410900804
2024-06-15 12:00:05,90.1406618134496
2024-06-15 13:00:05,90.926580941058
2024-06-15 14:00:05,88.2623337518586
2024-06-15 15:00:05,87.8655195673835
2024-06-15 16:00:05,92.565705611598
2024-06-15 17:00:05,89.8321372651146
2024-06-15 18:00:05,88.4617162847176
2024-06-15 19:00:05,91.557588414221
2024-06-15 20:00:05,91.004920531962
2024-06-15 22:00:05,90.1233345375956
2024-06-16 11:00:05,88.9460848443196
2024-06-16 12:00:05,90.0667980451149
2024-06-16 13:00:05,88.7006316463142
2024-06-16 14:00:05,89.5746338394311
2024-06-16 15:00:05,86.5240982845021
2024-06-16 16:00:05,89.2886337742062
2024-06-16 17:00:05,86.6714090872827
2024-06-16 18:00:05,87.5536134429556
2024-06-16 19:00:05,87.7976707538438
2024-06-16 20:00:05,89.7906945422609
2024-06-16 21:00:05,89.0981803736607
2024-06-16 22:00:05,85.8210814240592
2024-06-16 23:00:05,88.672133371479
2024-06-17 01:00:05,89.0108653130126
2024-06-17 02:00:05,89.4791918032583
2024-06-17 03:00:05,91.3106454523133
2024-06-17 04:00:05,87.9603585387998
2024-06-17 05:00:05,89.8776500253574
2024-06-17 06:00:05,88.6878497028063
2024-06-17 07:00:05,88.482157990012
2024-06-17 08:00:05,87.7557229574303
2024-06-17 09:00:05,87.8416641850093
2024-06-17 10:00:05,88.2160858886893
2024-06-17 11:00:05,90.1627754261434
2024-06-17 12:00:05,88.7130391569945
2024-06-17 13:00:05,87.0661619135509
2024-06-17 14:00:05,89.132723233031
2024-06-17 15:00:05,88.4434393538989
2024-06-17 16:00:05,87.2294785227435
2024-06-17 17:00:05,88.1034005099215
2024-06-17 18:00:05,90.5011363066886
2024-06-17 19:00:05,90.9234475032473
2024-06-17 20:00:05,88.8666136880179
2024-06-17 21:00:05,87.8427063192872
2024-06-17 22:00:05,84.8506493623627
2024-06-17 23:00:05,87.9086063173167
2024-06-18 00:00:02,89.5881121060822
2024-06-18 01:00:05,86.8933843391699
2024-06-18 02:00:05,89.4813232782224
2024-06-18 03:00:05,90.4020530276671
2024-06-18 04:00:05,90.3387622784815
2024-06-18 05:00:05,89.7428533936028
2024-06-18 06:00:05,89.6942347751842
2024-06-18 07:00:05,89.4160566835872
2024-06-18 08:00:05,86.8014862800571
2024-06-18 09:00:05,89.4073763140049
2024-06-18 10:00:05,89.1029787635679
2024-06-18 11:00:05,87.8903478378717
2024-06-18 12:00:05,92.220620838675
2024-06-18 13:00:05,89.2958717379868
2024-06-18 14:00:05,85.9393438966007
2024-06-18 15:00:05,90.4044751789146
2024-06-18 16:00:05,88.3628672123314
2024-06-18 17:00:05,86.7255219402955
2024-06-18 18:00:05,89.0266397820865
2024-06-18 19:00:05,89.2045863507684
2024-06-18 20:00:05,90.1729443522666
2024-06-18 21:00:05,89.9724393349497
2024-06-18 22:00:05,85.9899013686297
2024-06-18 23:00:05,87.9317411566186
2024-06-19 00:00:01,90.3455328659957
2024-06-19 01:00:05,89.9656799004997
2024-06-19 02:00:05,89.5778844705183
2024-06-19 03:00:05,89.6269164316929
2024-06-19 04:00:05,89.7221311135953
2024-06-19 05:00:05,88.3341437808515
2024-06-19 06:00:05,87.3578980959489
2024-06-19 07:00:05,90.4518695338613
2024-06-19 08:00:05,88.7699525330982
2024-06-19 09:00:05,87.1739723624196
2024-06-19 10:00:05,87.0173882407098
2024-06-19 11:00:05,85.158576840177
2024-06-19 12:00:05,87.9121094687578
2024-06-19 13:00:05,87.6463977748911
2024-06-19 14:00:05,86.569491128094
2024-06-19 15:00:05,88.2006811318811
2024-06-19 16:00:05,88.2733317809328
2024-06-19 17:00:05,88.2887958661397
2024-06-19 18:00:05,93.3068116578601
2024-06-19 19:00:05,89.0104325125685
2024-06-19 20:00:05,86.5062557109946
2024-06-19 21:00:05,89.8716784516296
2024-06-19 22:00:05,87.609230169106
2024-06-19 23:00:05,91.0322513337836
2024-06-20 00:00:02,85.5968934302568
2024-06-20 01:00:05,87.2230084698167
2024-06-20 04:00:05,89.6243657660076
2024-06-20 15:00:05,90.5317077097573
2024-06-20 16:00:05,86.2677826801301
2024-06-20 17:00:05,89.2434716702684
2024-06-20 18:00:05,88.4352289285646
2024-06-20 19:00:05,86.6049523495558
2024-06-20 20:00:05,88.8762245181013
2024-06-20 21:00:05,90.8293221656614
2024-06-20 22:00:05,90.1456821396325
2024-06-20 23:00:05,89.7636854464549
2024-06-21 00:00:00,89.2366269660529
2024-06-21 01:00:05,85.1435333880765
2024-06-21 02:00:05,86.9071691095878
2024-06-21 03:00:05,89.9434796751684
2024-06-21 04:00:05,90.107327645448
2024-06-21 05:00:05,87.6360940366097
2024-06-21 06:00:05,88.2256340224626
2024-06-21 07:00:05,87.1835627685883
2024-06-21 08:00:05,87.4254463178967
2024-06-21 09:00:05,87.4560071554896
2024-06-21 10:00:05,86.5762292777944
2024-06-21 11:00:05,89.8963670875982
2024-06-21 12:00:05,86.5158456213358
2024-06-21 13:00:05,86.6202981396865
2024-06-21 14:00:05,86.9561180112806
2024-06-21 15:00:05,89.0463446248512
2024-06-21 16:00:05,89.1730659763879
2024-06-21 17:00:05,89.0774237654808
2024-06-21 18:00:05,88.7162624517263
2024-06-21 19:00:05,89.8333098681893
2024-06-21 20:00:05,88.6521995461723
2024-06-21 21:00:05,89.1326562928743
2024-06-21 22:00:05,86.3768884798197
2024-06-21 23:00:05,90.6346873742266
2024-06-22 00:00:00,89.0439616554886
2024-06-22 01:00:05,89.1956561525105
2024-06-22 02:00:05,87.4306027417851
2024-06-22 03:00:05,88.1342434281686
2024-06-22 04:00:05,88.3578166044242
2024-06-22 05:00:05,89.7305800901551
2024-06-22 06:00:05,88.2799166723477
2024-06-22 07:00:05,88.0822555282212
2024-06-22 09:00:05,88.3441629629681
2024-06-22 10:00:05,88.8120715423144
2024-06-22 11:00:05,87.150293506417
2024-06-22 12:00:05,87.618654569339
2024-06-22 13:00:05,88.863129098232
2024-06-22 14:00:05,89.0239824176074
2024-06-22 15:00:05,90.5759529118529
2024-06-22 16:00:05,90.1542768558704
2024-06-22 17:00:05,85.9453094208831
2024-06-22 18:00:05,90.2381005139686
2024-06-22 19:00:05,91.6800347948544
2024-06-22 20:00:05,86.1826320227256
2024-06-22 21:00:05,88.2946694279139
2024-06-22 22:00:05,90.3282787607412
2024-06-22 23:00:05,88.8834199031935
2024-06-23 00:00:00,89.2879951230432
2024-06-23 01:00:05,86.8262011746687
2024-06-23 02:00:05,90.4638408569036
2024-06-23 03:00:05,85.8526912011838
2024-06-23 04:00:05,86.3846510377737
2024-06-23 05:00:05,108.356845624447
2024-06-23 06:00:05,87.5860452785295
2024-06-23 07:00:05,89.9082366879192
2024-06-23 08:00:05,87.6685170826026
2024-06-23 09:00:05,91.004586788465
2024-06-23 10:00:05,86.5570906860519
2024-06-23 11:00:05,86.3518568028074
2024-06-23 12:00:05,87.4299567864428
2024-06-23 13:00:05,89.2458939569891
2024-06-23 14:00:05,92.1618404019654
2024-06-23 15:00:05,89.3450636418321
2024-06-23 16:00:05,90.563609513411
2024-06-23 17:00:05,89.5614686100119
2024-06-23 18:00:05,84.0626584292391
2024-06-23 19:00:05,84.5763996952917
2024-06-23 20:00:05,87.6262769155789
2024-06-23 21:00:05,87.6049174366764
2024-06-23 22:00:05,88.295119160191
2024-06-23 23:00:05,86.0905992298672
2024-06-24 00:00:01,88.2491175387588
2024-06-24 01:00:05,85.5049434402894
2024-06-24 02:00:05,87.1961282329703
2024-06-24 18:00:05,89.4420474379677
2024-06-24 19:00:05,88.4110469994837
2024-06-24 20:00:05,89.64653955767
2024-06-24 21:00:05,87.551685732108
2024-06-24 22:00:05,89.0110020365446
2024-06-24 23:00:05,89.3459770452578
2024-06-25 00:00:00,89.0706087689914
2024-06-25 01:00:05,87.0821705612427
2024-06-25 02:00:05,88.9657837431315
2024-06-25 03:00:05,88.5086236616499
2024-06-25 04:00:05,86.5539536714691
2024-06-25 05:00:05,90.3610958990349
2024-06-25 06:00:05,88.0555631835385
2024-06-25 07:00:05,86.3345063844993
2024-06-25 08:00:05,89.1242963367491
2024-06-25 09:00:05,90.363753727799
2024-06-25 10:00:05,87.4560115432399
2024-06-25 11:00:05,87.1628806356133
2024-06-25 12:00:05,87.3044088160045
2024-06-25 13:00:05,63.8003642278465
2024-06-25 14:00:05,89.6627679677872
2024-06-25 15:00:05,84.4999218587728
2024-06-25 16:00:05,90.5401626234136
2024-06-25 17:00:05,88.8467112400931
2024-06-25 18:00:05,88.7253381110148
2024-06-25 19:00:05,87.1220063294862
2024-06-25 20:00:05,87.7150712323876
2024-06-25 21:00:05,85.8753877029875
2024-06-25 22:00:05,87.4188109892947
2024-06-25 23:00:05,87.1466915893888
2024-06-26 00:00:00,88.0246972863684
2024-06-26 01:00:05,91.6147929492135
2024-06-26 02:00:05,84.8646780772088
2024-06-26 03:00:05,85.8936519033016
2024-06-26 04:00:05,87.257768741778
2024-06-26 05:00:05,89.4031231624753
2024-06-26 06:00:05,88.5875565466741
2024-06-26 07:00:05,88.953201038489
2024-06-26 10:00:05,90.0793683503734
2024-06-26 11:00:05,88.5672699099122
2024-06-26 12:00:05,84.2095625482471
2024-06-26 13:00:05,89.2474971879245
2024-06-26 14:00:05,87.9329679307267
2024-06-26 15:00:05,87.1969937053361
2024-06-26 16:00:05,87.3376275873858
2024-06-26 17:00:05,92.8595914533023
2024-06-26 18:00:05,88.507046644226
2024-06-26 19:00:05,87.0513988768565
2024-06-26 20:00:05,89.37831986117
2024-06-26 21:00:05,87.6323422658564
2024-06-26 22:00:05,87.0682358020653
2024-06-26 23:00:05,90.1178541676406
2024-06-27 00:00:01,87.1846108278
2024-06-27 01:00:05,87.4548338813303
2024-06-27 02:00:05,87.0209426914495
2024-06-27 03:00:05,88.4213899805631
2024-06-27 04:00:05,85.9833643826703
2024-06-27 05:00:05,85.4859736545607
2024-06-27 06:00:05,88.1595442385837
2024-06-27 07:00:05,91.0872376206702
2024-06-27 08:00:05,86.7252078993188
2024-06-27 09:00:05,90.0227299603808
2024-06-27 10:00:05,90.515043604606
2024-06-27 11:00:05,87.565227079946
2024-06-27 12:00:05,89.2273693898533
2024-06-27 13:00:05,87.2778196339982
2024-06-27 14:00:05,87.1218450535321
2024-06-27 15:00:05,89.4149482927026
2024-06-27 16:00:05,88.5400704199438
2024-06-27 17:00:05,85.78210643726
2024-06-27 18:00:05,86.2683873470617
2024-06-27 19:00:05,86.5312617763578
2024-06-27 20:00:05,91.4902051025487
2024-06-27 21:00:05,88.3082507805714
2024-06-27 22:00:05,98.3480414531654
2024-06-27 23:00:05,89.0386997787608
2024-06-28 00:00:01,88.9571046832
2024-06-28 01:00:05,85.8597472138156
2024-06-28 02:00:05,89.0988572888756
2024-06-28 03:00:05,89.0124084263773
2024-06-28 04:00:05,88.3067291413198
2024-06-28 05:00:05,88.0200514436626
2024-06-28 07:00:05,85.6475894276193
2024-06-28 08:00:05,87.3150510071689
2024-06-28 09:00:05,88.3591838241793
2024-06-28 20:00:05,86.3351062657121
2024-06-28 21:00:05,85.7654309807384
2024-06-28 23:00:05,100.595691153712
2024-06-29 00:00:01,87.4992973469309
2024-06-29 01:00:05,89.4956665866327
2024-06-29 02:00:05,87.6611605159717
2024-06-29 03:00:05,86.6752122351297
2024-06-29 04:00:05,84.8130224313992
2024-06-29 05:00:05,85.1511347075476
2024-06-29 07:00:05,87.8435226669718
2024-06-29 08:00:05,86.0023214504075
2024-06-29 09:00:05,86.6135460187894
2024-06-29 10:00:05,88.4861727640155
2024-06-29 11:00:05,86.135891858752
2024-06-29 12:00:05,85.6917687541159
2024-06-29 13:00:05,87.1170159058075
2024-06-29 14:00:05,89.5114154888903
2024-06-29 15:00:05,88.5604154248284
2024-06-29 16:00:05,87.0348528446334
2024-06-29 17:00:05,87.8856284269208
2024-06-29 18:00:05,86.0172174266361
2024-06-29 19:00:05,86.2484307519744
2024-06-29 20:00:05,88.8274747777701
2024-06-29 21:00:05,85.1518779312968
2024-06-29 22:00:05,87.537268545518
2024-06-29 23:00:05,85.618574759232
2024-06-30 00:00:01,89.1048225602319
2024-06-30 01:00:05,86.1997755910788
2024-06-30 02:00:05,88.7451537528205
2024-06-30 03:00:05,89.686278852912
2024-06-30 04:00:05,88.0270092009012
2024-06-30 05:00:05,88.250442518961
2024-06-30 06:00:05,89.0822116670675
2024-06-30 07:00:05,87.5684205662472
2024-06-30 08:00:05,85.4887238921644
2024-06-30 09:00:05,86.6431956306643
2024-06-30 10:00:05,85.7068136803208
2024-06-30 11:00:05,84.9819452940993
2024-06-30 12:00:05,84.7584756696291
2024-06-30 13:00:05,86.1243768504085
2024-06-30 14:00:05,86.4958503194224
2024-06-30 15:00:05,
2024-06-30 16:00:05,
2024-06-30 17:00:05,86.6859337883817
2024-06-30 18:00:05,89.9964672937859
2024-06-30 19:00:05,85.1869115623945
2024-06-30 20:00:05,86.8518337179917
2024-06-30 21:00:05,89.416678781778
2024-06-30 22:00:05,90.2825148301172
2024-06-30 23:00:05,89.00346224364
2024-07-01 01:00:05,91.202108034235
2024-07-01 02:00:05,81.0693710561965
2024-07-01 03:00:05,84.7072631450094
2024-07-01 04:00:05,89.2540737971402
2024-07-01 05:00:05,92.8846562432599
2024-07-01 06:00:05,86.627512266155
2024-07-01 07:00:05,86.0200455157975
2024-07-01 08:00:05,86.8519046788148
2024-07-01 11:00:03,88.5604413061153
2024-07-01 12:00:03,86.2197828151922
2024-07-01 13:00:03,92.6705718633657
2024-07-01 14:00:03,82.7448852337245
2024-07-01 15:00:03,87.4985061463833
2024-07-01 16:00:03,85.6457873102227
2024-07-01 17:00:03,79.6262075353301
2024-07-01 18:00:03,93.0429654923561
2024-07-01 19:00:03,89.8589226772413
2024-07-01 20:00:03,84.6762279044828
2024-07-01 21:00:03,85.5455665767686
2024-07-01 22:00:03,90.1722733881981
2024-07-01 23:00:03,87.4180916294098
2024-07-02 00:00:00,88.2100603950689
2024-07-02 01:00:03,82.5514638734261
2024-07-02 02:00:03,86.4847697664219
2024-07-02 03:00:03,81.4473292081016
2024-07-02 04:00:03,78.2288853309383
2024-07-02 05:00:03,87.3643412710164
2024-07-02 06:00:03,85.4082299970232
2024-07-02 07:00:03,85.502552293755
2024-07-02 08:00:03,86.19385934863
2024-07-02 09:00:03,95.8386452143674
2024-07-02 10:00:03,85.8346030433453
2024-07-02 11:00:03,90.1546696213979
2024-07-02 12:00:03,91.5442393811328
2024-07-03 01:00:03,94.4373621561916
2024-07-03 02:00:03,81.2812549357934
2024-07-03 03:00:03,86.2334507395979
2024-07-03 04:00:03,85.6071663894778
2024-07-03 05:00:03,85.611266926497
2024-07-03 06:00:03,94.7348270534964
2024-07-03 07:00:03,92.9484609602341
2024-07-03 08:00:03,
2024-07-03 10:00:03,84.4300532026617
2024-07-03 11:00:03,85.638145781124
2024-07-03 12:00:03,85.2768422954484
2024-07-03 13:00:03,88.026618376977
2024-07-03 14:00:03,88.5444179697577
2024-07-03 15:00:03,80.484627248031
2024-07-03 16:00:03,89.4299648482094
2024-07-03 17:00:03,87.3470611500952
2024-07-03 18:00:03,82.0742130785145
2024-07-03 19:00:03,87.5125527950856
2024-07-03 20:00:03,89.7812688870204
2024-07-03 21:00:03,85.5743815905017
2024-07-03 22:00:03,86.9068804201447
2024-07-03 23:00:03,82.6969967250402
2024-07-04 00:00:00,
2024-07-04 01:00:03,
2024-07-04 02:00:03,
2024-07-04 03:00:03,
2024-07-04 04:00:03,
2024-07-04 05:00:03,
2024-07-04 06:00:03,
2024-07-04 08:00:03,
2024-07-04 10:00:03,
2024-07-04 11:00:03,
2024-07-04 12:00:03,
2024-07-04 13:00:03,
2024-07-04 14:00:03,
2024-07-04 15:00:03,
2024-07-04 16:00:03,
2024-07-04 17:00:03,
2024-07-04 18:00:03,
2024-07-05 00:00:03,106.036848851668
2024-07-05 06:00:03,100.954603912957
2024-07-05 12:00:03,104.936429978335
2024-07-05 18:00:03,104.368158779919
2024-07-06 00:00:03,102.590459593923
2024-07-06 06:00:03,104.926293665785
2024-07-06 12:00:03,106.608192955237
2024-07-06 18:00:03,101.301205447428
2024-07-07 00:00:03,99.9905838594509
2024-07-07 06:00:03,104.330351961864
2024-07-07 12:00:03,104.392877600274
2024-07-07 18:00:03,104.350795495021
2024-07-08 00:00:03,109.456138183972
2024-07-08 06:00:03,105.104815018391
2024-07-08 12:00:03,101.463569806902
2024-07-08 18:00:03,104.277916440733
2024-07-09 00:00:03,95.6568023123591
2024-07-09 06:00:03,101.117625392279
2024-07-09 12:00:03,102.037776343994
2024-07-09 18:00:03,99.003211954351
2024-07-10 00:00:03,104.344719255653
2024-07-10 06:00:03,106.512112542874
2024-07-10 12:00:03,101.429835380584
2024-07-10 18:00:03,105.520248830472
2024-07-11 00:00:03,106.398893649398
2024-07-11 06:00:03,101.62731785649
2024-07-11 12:00:03,103.324039931701
2024-07-11 18:00:03,102.527656379415
2024-07-12 00:00:03,107.300910589677
2024-07-12 06:00:03,100.780538898558
2024-07-12 12:00:03,106.4340530024
2024-07-12 18:00:03,105.856470650545
2024-07-13 00:00:03,107.251572610448
2024-07-13 06:00:03,105.962324069106
2024-07-13 12:00:03,100.896421619737
2024-07-13 18:00:03,104.521838249586
2024-07-14 00:00:03,101.120876437661
2024-07-14 06:00:03,98.7324940463605
2024-07-14 12:00:03,109.004730937479
2024-07-14 18:00:03,105.053674156118
2024-07-15 00:00:03,100.199046740608
2024-07-15 06:00:03,107.68527006912
2024-07-15 12:00:03,100.919682364139
2024-07-15 18:00:03,100.836856007428
2024-07-16 00:00:03,102.571468942183
2024-07-16 06:00:03,104.117394649748
2024-07-16 12:00:03,104.237046434638
2024-07-16 18:00:03,105.219659413869
2024-07-17 00:00:03,107.325296521007
2024-07-17 06:00:03,102.984431607606
2024-07-17 12:00:03,99.1552325203639
2024-07-17 18:00:03,100.803769205192
2024-07-18 00:00:03,103.148332625587
2024-07-18 06:00:03,102.911282921111
2024-07-18 12:00:03,103.220250120102
2024-07-18 18:00:03,110.962720619574
2024-07-19 00:00:03,106.036196967757
2024-07-19 06:00:03,105.522545518642
2024-07-19 12:00:03,101.977235990824
2024-07-19 18:00:03,100.04616159219
2024-07-20 00:00:03,101.544855758594
2024-07-20 06:00:03,103.819929446764
2024-07-20 12:00:03,105.572981852152
2024-07-20 18:00:03,104.70999338059
2024-07-21 00:00:03,101.747965391309
2024-07-21 06:00:03,100.345455996214
2024-07-21 12:00:03,101.055305307445
2024-07-21 18:00:03,100.608339589347
2024-07-22 00:00:03,103.517955432222
2024-07-22 06:00:03,104.47276378762
2024-07-22 12:00:03,104.630658516472
2024-07-22 18:00:03,107.644584933998
2024-07-23 00:00:03,108.022735019133
2024-07-23 06:00:03,99.5325859685922
2024-07-23 12:00:03,107.948895443219
2024-07-23 18:00:03,104.83069324124
2024-07-24 00:00:03,105.229050360545
2024-07-24 06:00:03,98.9830773951931
2024-07-24 12:00:03,110.412498259718
2024-07-24 18:00:03,102.4843346601
2024-07-25 00:00:03,102.867754241319
2024-07-25 06:00:03,103.329003375407
2024-07-25 12:00:03,102.9800746757
2024-07-25 18:00:03,99.9928518017605
2024-07-26 00:00:03,103.242787591254
2024-07-26 06:00:03,102.528155094135
2024-07-26 12:00:03,98.5779169392528
2024-07-26 18:00:03,102.467309643997
2024-07-27 00:00:03,104.925114037405
2024-07-27 06:00:03,101.095547037282
2024-07-27 12:00:03,104.206764670101
2024-07-27 18:00:03,101.860295825379
2024-07-28 00:00:03,108.140402339369
2024-07-28 06:00:03,101.454379359536
2024-07-28 12:00:03,99.7573070555336
2024-07-28 18:00:03,99.0921244846452
2024-07-29 00:00:03,103.494782850468
2024-07-29 06:00:03,103.791731337534
2024-07-29 12:00:03,103.356166327965
2024-07-29 18:00:03,100.894019108563
2024-07-30 00:00:03,109.380398087462
2024-07-30 06:00:03,103.304682375875
2024-07-30 12:00:03,101.946921238443
2024-07-30 18:00:03,103.523569985404
2024-07-31 00:00:03,106.422995484615
2024-07-31 06:00:03,102.474034966646
2024-07-31 12:00:03,103.568360259183
2024-07-31 18:00:03,102.86897781533
2024-08-01 00:00:03,106.342187290495
2024-08-01 06:00:03,100.262877307231
2024-08-01 12:00:03,102.006596282665
2024-08-01 18:00:03,104.49206969862
2024-08-02 00:00:03,105.247841061996
2024-08-02 06:00:03,102.826275768848
2024-08-02 12:00:03,101.245163838854
2024-08-02 18:00:03,101.926872288508
2024-08-03 00:00:03,103.826564656483
2024-08-03 06:00:03,103.531437612123
2024-08-03 12:00:03,99.4452961162183
2024-08-03 18:00:03,102.81287141062
2024-08-04 00:00:03,101.930111763024
2024-08-04 06:00:03,103.232641718478
2024-08-04 12:00:03,102.532464614555
2024-08-04 18:00:03,102.623601280113
2024-08-05 00:00:03,96.9878123034191
2024-08-05 06:00:03,102.804574464839
2024-08-05 12:00:03,100.542607205339
2024-08-05 18:00:03,102.373353558042
2024-08-06 00:00:03,102.271220795683
2024-08-06 06:00:03,102.321349509046
2024-08-06 12:00:03,99.9141131160825
2024-08-06 18:00:03,102.570268967813
2024-08-07 00:00:03,100.0386007132
2024-08-07 06:00:03,102.389870585171
2024-08-07 12:00:03,101.705958080337
2024-08-07 18:00:03,101.323415335058
2024-08-08 00:00:03,102.459458511761
2024-08-08 06:00:03,101.710750328064
2024-08-08 12:00:03,102.302352191428
2024-08-08 18:00:03,105.303997230612
2024-08-09 00:00:03,100.613121158468
2024-08-09 06:00:03,97.6741648636061
2024-08-09 12:00:03,102.598036831764
2024-08-09 18:00:03,98.5732077616284
2024-08-10 00:00:03,
2024-08-10 06:00:03,102.585944442025
2024-08-10 12:00:03,100.16453995847
2024-08-10 18:00:03,102.323985037723
2024-08-11 00:00:03,102.791753783613
2024-08-11 06:00:03,98.2841051515356
2024-08-11 12:00:03,99.5565328375501
2024-08-11 18:00:03,100.204910094489
2024-08-12 00:00:03,102.463262797423
2024-08-12 06:00:03,98.9862997816745
2024-08-12 12:00:03,102.070707533851
2024-08-12 18:00:03,98.037373012516
2024-08-13 00:00:03,103.044430378441
2024-08-13 06:00:03,102.812164839648
2024-08-13 12:00:03,104.776709678595
2024-08-13 18:00:03,98.4141123104736
2024-08-14 00:00:03,99.1706269916041
2024-08-14 06:00:03,99.5906726487587
2024-08-14 12:00:03,98.7910234204861
2024-08-14 18:00:03,77.2045367624348
2024-08-15 00:00:03,100.878259755481
2024-08-15 06:00:03,100.189988379632
2024-08-15 12:00:03,106.244361924453
2024-08-15 18:00:03,101.648143493652
2024-08-16 00:00:03,100.598901382813
2024-08-16 06:00:03,101.062393545738
2024-08-16 12:00:03,71.9018166988507
2024-08-16 18:00:03,98.0065947711906
2024-08-17 00:00:03,100.932961037045
2024-08-17 06:00:03,101.388484391109
2024-08-17 12:00:03,100.962941170397
2024-08-17 18:00:03,98.8516996837955
2024-08-18 00:00:03,99.6548490672855
2024-08-18 06:00:03,100.878532162708
2024-08-18 12:00:03,104.765997549284
2024-08-18 18:00:03,100.17169486725
2024-08-19 00:00:03,101.759512611228
2024-08-19 06:00:03,102.876778297862
2024-08-19 12:00:03,101.17136068711
2024-08-19 18:00:03,101.587527643401
2024-08-20 00:00:03,102.172012869822
2024-08-20 06:00:03,101.509916734137
2024-08-20 12:00:03,101.147693975836
2024-08-20 18:00:03,103.192331940538
2024-08-21 00:00:03,101.702347303293
2024-08-21 06:00:03,102.141259383986
2024-08-21 12:00:03,88.9043478396965
2024-08-21 18:00:03,103.893097476115
2024-08-22 00:00:03,99.9061797423814
2024-08-22 06:00:03,102.323249836201
2024-08-22 12:00:03,100.315640454876
2024-08-22 18:00:03,100.933049531311
2024-08-23 00:00:03,96.4234711958645
2024-08-23 06:00:03,101.729453834161
2024-08-23 12:00:03,102.318620845712
2024-08-23 18:00:03,100.504068291872
2024-08-24 00:00:03,97.8127541194991
2024-08-24 06:00:03,104.223147463724
2024-08-24 12:00:03,102.637257803594
2024-08-24 18:00:03,101.330445354619
2024-08-25 00:00:03,101.529483369382
2024-08-25 06:00:03,104.005836751277
2024-08-25 12:00:03,100.148217962082
2024-08-25 18:00:03,97.7255633772477
2024-08-26 00:00:03,104.476594603163
2024-08-26 06:00:03,97.9803303059068
2024-08-26 15:00:01,100.259531712454
2024-08-26 16:00:01,98.3203970028173
2024-08-26 17:00:01,103.450843120452
2024-08-26 18:00:01,99.5858370829494
2024-08-26 19:00:01,100.204607395512
2024-08-26 20:00:01,99.7125729128962
2024-08-26 21:00:01,104.632647535818
2024-08-26 22:00:01,99.9822212318683
2024-08-26 23:00:01,98.1583321491428
2024-08-27 00:00:00,98.5525722392647
2024-08-27 01:00:01,99.2633105277966
2024-08-27 02:00:01,98.697724421263
2024-08-27 03:00:01,103.409037952424
2024-08-27 04:00:01,97.6328151988176
2024-08-27 05:00:01,99.883874661083
2024-08-27 06:00:01,101.600084783986
2024-08-27 07:00:01,101.210208233287
2024-08-27 08:00:01,102.884161698933
2024-08-27 09:00:01,96.6641306648773
2024-08-27 10:00:01,99.6064847691506
2024-08-27 11:00:01,98.0403042309183
2024-08-27 12:00:01,99.0549432609361
2024-08-27 13:00:01,99.1345545922307
2024-08-27 14:00:01,100.421496360759
2024-08-27 15:00:01,102.040658407008
2024-08-27 16:00:01,100.30262510618
2024-08-27 17:00:01,102.535870619431
2024-08-27 18:00:01,100.136334382905
2024-08-27 19:00:01,101.251834035044
2024-08-27 20:00:01,104.102542007682
2024-08-27 21:00:01,97.9844136608344
2024-08-27 22:00:01,102.006103228128
2024-08-27 23:00:01,96.7482807964816
2024-08-28 00:00:01,96.4845909691053
2024-08-28 01:00:01,99.7551696472265
2024-08-28 02:00:01,97.2381788990733
2024-08-28 03:00:01,97.2248214808411
2024-08-28 04:00:01,99.3352836385834
2024-08-28 05:00:01,100.405815682111
2024-08-28 06:00:01,103.011199846269
2024-08-28 07:00:01,100.692626313974
2024-08-28 08:00:01,96.8900365265218
2024-08-28 09:00:01,98.0560922811568
2024-08-28 10:00:01,100.771975258586
2024-08-28 11:00:01,97.6618083845402
2024-08-28 12:00:01,100.357319214371
2024-08-28 13:00:01,98.5280865189375
2024-08-28 14:00:01,102.058266477505
2024-08-28 15:00:01,100.889998082788
2024-08-28 16:00:01,101.805411709342
2024-08-28 17:00:01,102.708627078992
2024-08-28 18:00:01,101.752282062842
2024-08-28 19:00:01,100.902378772477
2024-08-28 20:00:01,100.100130272426
2024-08-28 21:00:01,99.8548397354088
2024-08-28 22:00:01,99.0305590500242
2024-08-28 23:00:01,102.846063925949
2024-08-29 00:00:00,98.4911884825217
2024-08-29 01:00:01,101.060834737164
2024-08-29 02:00:01,99.9423629540905
2024-08-29 03:00:01,98.0141170189515
2024-08-29 04:00:01,103.302991886241
2024-08-29 05:00:01,103.13706448083
2024-08-29 06:00:01,98.8808105486777
2024-08-29 07:00:01,99.6272953427071
2024-08-29 08:00:01,101.625995898364
2024-08-29 09:00:01,100.468540660046
2024-08-29 10:00:01,99.9457182364757
2024-08-29 11:00:01,100.750249661279
2024-08-29 12:00:01,100.340789489751
2024-08-29 13:00:01,98.9788031621213
2024-08-29 14:00:01,98.6608852842492
2024-08-29 15:00:01,100.061543086848
2024-08-29 16:00:01,100.844615555659
2024-08-29 17:00:01,99.9421368219339
2024-08-29 18:00:01,100.843176758705
2024-08-29 19:00:01,100.961020072956
2024-08-29 20:00:01,102.77684954076
2024-08-29 21:00:01,100.86792435997
2024-08-29 22:00:01,97.9327048411221
2024-08-29 23:00:01,101.214709767204
2024-08-30 00:00:00,103.174889111066
2024-08-30 01:00:01,99.1707774281485
2024-08-30 02:00:01,97.2150938613272
2024-08-30 04:00:01,99.5825124244295
2024-08-30 16:00:01,98.8949379059178
2024-08-30 17:00:01,99.9084876046837
2024-08-30 18:00:01,102.50164203368
2024-08-30 19:00:01,98.1409523085314
2024-08-30 20:00:01,102.422657141831
2024-08-30 21:00:01,99.6417949866397
2024-08-30 22:00:01,100.871007926479
2024-08-30 23:00:01,101.97034715431
2024-08-31 00:00:00,100.342707167602
2024-08-31 01:00:01,100.645211792213
2024-08-31 02:00:01,103.065174265747
2024-08-31 03:00:01,96.6160436056708
2024-08-31 04:00:01,100.51377623882
2024-08-31 05:00:01,97.9162814189225
2024-08-31 06:00:01,96.3636389633882
2024-08-31 07:00:01,98.1155989037289
2024-08-31 08:00:01,103.174238815465
2024-08-31 09:00:01,101.025636423684
2024-08-31 10:00:01,100.407527075888
2024-08-31 11:00:01,
2024-08-31 12:00:01,
2024-08-31 13:00:01,101.773894889931
2024-08-31 14:00:01,97.7613171062473
2024-08-31 15:00:01,99.7303004934038
2024-08-31 16:00:01,100.887832309196
2024-08-31 17:00:01,101.165869032367
2024-08-31 18:00:01,98.4209578535463
2024-08-31 19:00:01,103.395137126712
2024-08-31 20:00:01,99.3026731441793
2024-08-31 21:00:01,98.5641149194054
2024-08-31 22:00:01,100.728812005633
2024-08-31 23:00:01,99.6528339363366
2024-09-01 00:00:01,
2024-09-01 01:00:01,99.8420061397417
2024-09-01 02:00:01,99.883258338276
2024-09-01 03:00:01,98.579473521256
2024-09-01 04:00:01,99.5143499286945
2024-09-01 05:00:01,100.843501895233
2024-09-01 06:00:01,99.7521101365016
2024-09-01 07:00:01,99.2848494791037
2024-09-01 08:00:01,98.6824075819422
2024-09-01 09:00:01,98.6082414407248
2024-09-01 10:00:01,99.5469925123069
2024-09-01 11:00:01,98.5216134571901
2024-09-01 12:00:01,99.2379048108775
2024-09-01 13:00:01,99.3184659454551
2024-09-01 14:00:01,99.2455758284515
2024-09-01 15:00:01,99.432573246027
2024-09-01 16:00:01,99.0156753187665
2024-09-02 12:00:01,99.175443700297
2024-09-02 13:00:01,98.5075727515489
2024-09-02 14:00:01,98.3668178119534
2024-09-02 15:00:01,97.838737962986
2024-09-02 16:00:01,97.8276232876708
2024-09-02 17:00:01,97.4718260717331
2024-09-02 18:00:01,98.5566461004366
2024-09-02 19:00:01,97.7734522729107
2024-09-02 20:00:01,98.4306238187847
2024-09-02 21:00:01,97.7306259401144
2024-09-02 22:00:01,99.1551524418707
2024-09-02 23:00:01,97.9908770786082
2024-09-03 00:00:00,97.7542010665364
2024-09-03 01:00:01,96.3620112989832
2024-09-03 02:00:01,97.4724734984829
2024-09-03 03:00:01,97.3734824941603
2024-09-03 04:00:01,96.9887898623441
2024-09-03 05:00:01,97.9678996691158
2024-09-03 06:00:01,97.9965874153187
2024-09-03 08:00:01,96.6830339013023
2024-09-03 21:00:01,96.6321073027794
2024-09-03 22:00:01,97.3407958586829
2024-09-03 23:00:01,97.811812880027
2024-09-04 00:00:00,97.7352924386684
2024-09-04 01:00:01,98.0746197586019
2024-09-04 02:00:01,97.5748664754001
2024-09-04 03:00:01,97.4304308851261
2024-09-04 04:00:01,96.9824799712612
2024-09-04 05:00:01,96.1954117027826
2024-09-04 06:00:01,97.593566237673
2024-09-04 07:00:01,98.053075346024
2024-09-04 08:00:01,97.4519669264528
2024-09-04 09:00:01,97.2746854027283
2024-09-04 10:00:01,97.1954161136379
2024-09-04 11:00:01,95.3722666287966
2024-09-04 12:00:01,97.6970356171114
2024-09-04 13:00:01,97.5333295643318
2024-09-04 14:00:01,97.9971585775216
2024-09-04 15:00:01,96.6199368568597
2024-09-04 16:00:01,96.7380736216085
2024-09-04 17:00:01,98.3009649983917
2024-09-04 18:00:01,96.5969486222371
2024-09-04 19:00:01,97.2151955640666
2024-09-04 20:00:01,96.2933069738925
2024-09-04 21:00:01,97.2443937083733
2024-09-04 22:00:01,97.2247243074083
2024-09-04 23:00:01,96.3729688737428
2024-09-05 00:00:00,96.842951013976
2024-09-05 01:00:01,97.3843710936411
2024-09-05 02:00:01,97.4291029478842
2024-09-05 03:00:01,97.1872694329477
2024-09-05 04:00:01,98.024378226348
2024-09-05 05:00:01,97.2358455135203
2024-09-05 06:00:01,96.2894867226697
2024-09-05 07:00:01,97.6571979695225
2024-09-05 08:00:01,96.0403369594479
2024-09-05 09:00:01,97.5182609532956
2024-09-05 10:00:01,97.3464096245449
2024-09-05 11:00:01,97.3708916587028
2024-09-05 12:00:01,96.6054570708166
2024-09-05 13:00:01,97.6279003179101
2024-09-05 14:00:01,97.974179129178
2024-09-05 15:00:01,95.939041835959
2024-09-05 16:00:01,98.3285344746981
2024-09-05 17:00:01,95.8822314488246
2024-09-05 18:00:01,97.1661520764429
2024-09-05 19:00:01,96.9245398842909
2024-09-05 20:00:01,97.0379678408578
2024-09-05 21:00:01,95.8067469546102
2024-09-05 22:00:01,96.699685855853
2024-09-05 23:00:01,97.0740058779985
2024-09-06 00:00:00,97.321059251106
2024-09-06 01:00:01,96.2986772386089
2024-09-06 02:00:01,96.9459678196675
2024-09-06 03:00:01,97.2101851668716
2024-09-06 04:00:01,96.6394530512369
2024-09-06 05:00:01,95.7102371573128
2024-09-06 06:00:01,96.1609555247952
2024-09-06 07:00:01,96.0728634159474
2024-09-06 08:00:01,96.8114238011939
2024-09-06 09:00:01,95.9012508172453
2024-09-06 10:00:01,96.4770478457861
2024-09-06 11:00:01,97.0720480982243
2024-09-06 12:00:01,96.3252783098891
2024-09-06 13:00:01,96.0430565363859
2024-09-06 14:00:01,97.0871577741056
2024-09-06 15:00:01,97.1343815437111
2024-09-06 16:00:01,96.8055731728869
2024-09-06 17:00:01,97.4841057693586
2024-09-06 18:00:01,95.7636581561146
2024-09-06 19:00:01,96.663199982428
2024-09-06 20:00:01,96.1170217409233
2024-09-06 21:00:01,96.4753416633668
2024-09-06 22:00:01,96.4434713334593
2024-09-06 23:00:01,95.1269112286937
2024-09-07 00:00:00,95.0210368633664
2024-09-07 01:00:01,97.3800032727156
2024-09-07 02:00:01,96.5158017510763
2024-09-07 03:00:01,95.9706017101059
2024-09-07 04:00:01,96.8323966548463
2024-09-07 05:00:01,95.3985819846115
2024-09-07 06:00:01,95.2170683667014
2024-09-07 07:00:01,96.9709325409543
2024-09-07 08:00:01,96.8665438200756
2024-09-07 09:00:01,95.8765961906536
2024-09-07 10:00:01,95.7478277297558
2024-09-07 11:00:01,96.4696940100057
2024-09-07 12:00:01,95.5114246431873
2024-09-07 13:00:01,96.2522967437657
2024-09-08 01:00:01,95.5790776856238
2024-09-08 02:00:01,95.1661928855658
2024-09-08 03:00:01,95.3782846656486
2024-09-08 04:00:01,95.8471497405648
2024-09-08 05:00:01,95.6517254120436
2024-09-08 06:00:01,95.2292714906499
2024-09-08 07:00:01,94.6315152669266
2024-09-08 08:00:01,95.7428464746597
2024-09-08 09:00:01,96.0889659047572
2024-09-08 10:00:01,95.4359351219933
2024-09-08 11:00:01,94.5445716451987
2024-09-08 12:00:01,96.6708269965141
2024-09-08 13:00:01,96.133824855867
2024-09-08 14:00:01,95.8586994985545
2024-09-08 15:00:01,96.603685079727
2024-09-08 16:00:01,95.0683261642864
2024-09-08 17:00:01,96.3072643451583
2024-09-08 18:00:01,96.0670245840552
2024-09-08 19:00:01,96.2164714257623
2024-09-08 20:00:01,69.1132845190792
2024-09-08 21:00:01,94.4193523909955
2024-09-08 22:00:01,
2024-09-08 23:00:01,
2024-09-09 00:00:00,
2024-09-09 01:00:01,
2024-09-09 02:00:01,
2024-09-09 03:00:01,94.302049313623
2024-09-09 04:00:01,93.8859083929795
2024-09-09 05:00:01,94.5673213618247
2024-09-09 06:00:01,95.0518885180143
2024-09-09 07:00:01,94.3780729069884
2024-09-09 08:00:01,94.5909230512525
2024-09-09 09:00:01,94.6032316826747
2024-09-09 10:00:01,94.5246829190204
2024-09-09 11:00:01,93.8499545626145
2024-09-09 12:00:01,94.2965797787388
2024-09-09 13:00:01,94.9631432283126
2024-09-09 14:00:01,94.1015848268754
2024-09-09 15:00:01,94.8557099821332
2024-09-09 16:00:01,95.9533870389146
2024-09-09 17:00:01,95.4847004698379
2024-09-09 18:00:01,95.1055139958239
2024-09-09 19:00:01,93.6178963529731
2024-09-09 20:00:01,94.8708349145005
2024-09-09 21:00:01,94.1390842731344
2024-09-09 22:00:01,76.1458094129342
2024-09-09 23:00:01,85.1004747619949
2024-09-10 00:00:01,95.1098767939511
2024-09-10 01:00:01,94.6066754804892
2024-09-10 02:00:01,93.1696158239484
2024-09-10 03:00:01,92.5865601979392
2024-09-10 04:00:01,94.1516038086122
2024-09-10 05:00:01,94.8333302028123
2024-09-10 06:00:01,93.8191160070965
2024-09-10 07:00:01,92.7272134416857
2024-09-10 08:00:01,93.6149965472748
2024-09-10 09:00:01,92.8735572568167
2024-09-10 10:00:01,94.7519479739177
2024-09-10 11:00:01,93.8281352835907
2024-09-10 12:00:01,94.7972032162934
2024-09-10 13:00:01,93.9522688882582
2024-09-10 14:00:01,93.4216616037037
2024-09-10 15:00:01,93.5633398447586
2024-09-10 16:00:01,94.3330834560002
2024-09-10 17:00:01,94.0967333456134
2024-09-10 18:00:01,94.2237305857395
2024-09-10 19:00:01,92.8536941956049
2024-09-10 20:00:01,94.482171148988
2024-09-10 21:00:01,95.2297719151189
2024-09-10 22:00:01,94.4378170624852
2024-09-10 23:00:01,93.0902302894908
2024-09-11 00:00:02,92.9132741458187
2024-09-11 01:00:01,92.8132544501454
2024-09-11 02:00:01,94.2004970456619
2024-09-11 03:00:01,93.4269885839942
2024-09-11 04:00:01,92.6185716294707
2024-09-11 05:00:01,93.4122671990791
2024-09-11 06:00:01,92.9220872796507
2024-09-11 08:00:08,94.0919094434042
2024-09-11 10:00:08,92.3589420825511
2024-09-11 11:00:08,93.16280602608
2024-09-11 12:00:08,94.2649220158737
2024-09-11 23:00:08,93.0170067074746
2024-09-12 00:00:00,92.8033180623467
2024-09-12 01:00:08,92.9170669380922
2024-09-12 02:00:08,92.7369358448969
2024-09-12 03:00:08,92.6566952580153
2024-09-12 04:00:08,92.6311296196295
2024-09-12 05:00:08,92.6887799449519
2024-09-12 06:00:08,93.4834973389195
2024-09-12 07:00:08,93.9667069272537
2024-09-12 08:00:08,93.3332637798969
2024-09-12 09:00:08,91.7856007229131
2024-09-12 10:00:08,93.2449963468993
2024-09-12 11:00:08,91.6587852621116
2024-09-12 12:00:08,93.6476657117207
2024-09-12 13:00:08,91.9208614539862
2024-09-12 14:00:08,92.6804971484138
2024-09-12 15:00:08,92.2164288095132
2024-09-12 16:00:08,93.9136526818327
2024-09-12 17:00:08,92.2826832457502
2024-09-12 18:00:08,92.8201744168525
2024-09-12 19:00:08,91.4114139136754
2024-09-12 20:00:08,92.5914402874487
2024-09-12 21:00:08,93.7897968059506
2024-09-12 22:00:08,93.0810246847074
2024-09-12 23:00:08,92.0259163761123
2024-09-13 00:00:00,91.443544910681
2024-09-13 01:00:08,92.2396969379668
2024-09-13 02:00:08,93.2697215695768
2024-09-13 03:00:08,92.9721185072507
2024-09-13 04:00:08,92.5006831473397
2024-09-13 05:00:08,92.6286554397083
2024-09-13 06:00:08,92.503246619634
2024-09-13 07:00:08,93.241432716333
2024-09-13 08:00:08,92.0016654166685
2024-09-13 09:00:08,92.1377360490959
2024-09-13 10:00:08,92.6670578430057
2024-09-13 11:00:08,92.9062813166541
2024-09-13 12:00:08,92.9127842265637
2024-09-13 13:00:08,92.0152242479576
2024-09-13 14:00:08,92.0421676050433
2024-09-13 15:00:08,92.2100691902872
2024-09-13 16:00:08,92.1802799367411
2024-09-13 17:00:08,93.1678029438134
2024-09-13 18:00:08,90.8419484526854
2024-09-13 19:00:08,91.7190911396353
2024-09-13 20:00:08,92.5307297409101
2024-09-13 21:00:08,91.8923194858559
2024-09-13 22:00:08,91.013710201813
2024-09-13 23:00:08,91.567222556342
2024-09-14 00:00:00,91.6192493233632
2024-09-14 01:00:08,92.0345138456286
2024-09-14 02:00:08,90.7681993424749
2024-09-14 03:00:08,91.1753418485799
2024-09-14 04:00:08,91.6819087725723
2024-09-14 05:00:08,91.2236020788318
2024-09-14 06:00:08,91.7462071159208
2024-09-14 07:00:08,91.2122439027895
2024-09-14 08:00:08,91.1179968151342
2024-09-14 09:00:08,91.064387995631
2024-09-14 10:00:08,91.4752719038119
2024-09-14 11:00:08,90.0025018914206
2024-09-14 12:00:08,90.6533808419398
2024-09-14 13:00:08,91.4435121163128
2024-09-14 14:00:08,90.6133818277183
2024-09-14 15:00:08,91.64793901716
2024-09-14 16:00:08,90.8070512723865
2024-09-14 17:00:08,92.1672183467523
2024-09-14 18:00:08,91.8511133094336
2024-09-14 19:00:08,90.5341218762238
2024-09-14 20:00:08,91.5667364955768
2024-09-14 21:00:08,92.4968745515229
2024-09-14 22:00:08,91.1935263888133
2024-09-14 23:00:08,91.5106465667538
2024-09-15 01:00:08,91.0118638826077
2024-09-15 02:00:08,91.6519520055513
2024-09-15 03:00:08,91.5853184309304
2024-09-15 04:00:08,90.8005369027515
2024-09-15 05:00:08,90.4426389275021
2024-09-15 06:00:08,91.2588104704632
2024-09-15 08:00:08,90.9670009148847
2024-09-15 09:00:08,89.0511132385619
2024-09-15 10:00:08,91.1702199667472
2024-09-15 11:00:08,91.2291739186594
2024-09-15 12:00:08,91.4224702978541
2024-09-15 13:00:08,91.3348182525595
2024-09-15 14:00:08,91.0012057041264
2024-09-15 15:00:08,91.7027304252522
2024-09-15 16:00:08,90.7638300587153
2024-09-16 02:00:08,91.2936729487152
2024-09-16 03:00:08,89.718176236948
2024-09-16 04:00:08,89.8021533057486
2024-09-16 05:00:08,89.7230816818554
2024-09-16 06:00:08,90.7039842684989
2024-09-16 07:00:08,90.4006339666015
2024-09-16 08:00:08,91.0017915935338
2024-09-16 09:00:08,90.5426573777914
2024-09-16 10:00:08,91.1399616908115
2024-09-16 11:00:08,92.2410763460316
2024-09-16 12:00:08,90.7932274151975
2024-09-16 13:00:08,90.151477119835
2024-09-16 14:00:08,92.163652129375
2024-09-16 15:00:08,90.5989589535392
2024-09-16 16:00:08,91.3619619272426
2024-09-16 17:00:08,91.0219542474319
2024-09-16 18:00:08,90.164887458168
2024-09-16 19:00:08,89.6674651449458
2024-09-16 20:00:08,91.1481004501603
2024-09-16 21:00:08,89.1401561226359
2024-09-16 22:00:08,89.9243793855419
2024-09-16 23:00:08,89.2633541296358
2024-09-17 00:00:01,90.5844343709516
2024-09-17 01:00:08,91.2116086851243
2024-09-17 02:00:08,90.2768175719567
2024-09-17 03:00:08,90.3480446624748
2024-09-17 04:00:08,90.7466163126662
2024-09-17 05:00:08,89.808297597835
2024-09-17 06:00:08,91.0539123885243
2024-09-17 07:00:08,90.6951210895249
2024-09-17 09:00:08,90.782899814139
2024-09-17 10:00:08,91.7208113860586
2024-09-17 11:00:08,90.2960791816471
2024-09-17 12:00:08,90.3613453593261
2024-09-17 13:00:08,91.3191818444315
2024-09-17 14:00:08,91.4872036415822
2024-09-17 15:00:08,90.4309990722622
2024-09-17 16:00:08,89.4928887605573
2024-09-17 17:00:08,91.4269573227493
2024-09-17 18:00:08,91.7282964330699
2024-09-17 19:00:08,91.0944137490313
2024-09-17 20:00:08,90.6476488310924
2024-09-17 21:00:08,91.6003304350374
2024-09-17 22:00:08,90.3757841721432
2024-09-17 23:00:08,91.5432208106948
2024-09-18 00:00:01,91.1322875623113
2024-09-18 01:00:08,90.4988657229751
2024-09-18 02:00:08,90.5154718146477
2024-09-18 03:00:08,90.0805703923567
2024-09-18 04:00:08,90.590267699958
2024-09-18 05:00:08,92.2983754528679
2024-09-18 06:00:08,90.6869400435261
2024-09-18 07:00:08,91.9359959859845
2024-09-18 08:00:08,91.6600543905942
2024-09-18 09:00:08,91.1790965004972
2024-09-18 10:00:08,90.1609259062679
2024-09-18 11:00:08,91.0051976824687
2024-09-18 12:00:08,89.7654207683727
2024-09-18 13:00:08,90.6163342112328
2024-09-18 14:00:08,90.8035753499758
2024-09-18 15:00:08,91.3512211682663
2024-09-18 16:00:08,91.8060176325357
2024-09-18 17:00:08,89.7071844342726
2024-09-18 18:00:08,89.2770556016889
2024-09-18 19:00:08,91.3186745014013
2024-09-18 20:00:08,
2024-09-18 21:00:08,
2024-09-18 22:00:08,
2024-09-18 23:00:08,
2024-09-19 00:00:01,
2024-09-19 01:00:08,91.5360942082369
2024-09-19 02:00:08,91.1973776377405
2024-09-19 03:00:08,90.2334617740972
2024-09-19 04:00:08,89.8643156940265
2024-09-19 05:00:08,90.7707240291638
2024-09-19 06:00:08,90.9562520129626
2024-09-19 07:00:08,89.8265404616295
2024-09-19 08:00:08,91.3465187262823
2024-09-19 09:00:08,90.4373804792716
2024-09-19 10:00:08,91.5950010238576
2024-09-19 11:00:08,90.1836316878309
2024-09-19 12:00:08,91.5223088745512
2024-09-19 13:00:08,90.928543289861
2024-09-19 14:00:08,90.9952873131589
2024-09-19 15:00:08,91.4630512042866
2024-09-19 16:00:08,92.7172005836401
2024-09-19 17:00:08,89.3735964348818
2024-09-19 18:00:08,89.6868112406284
2024-09-19 19:00:08,89.8475698962352
2024-09-19 20:00:08,89.9040907428187
2024-09-19 21:00:08,90.0448714704509
2024-09-20 08:00:08,90.8908374061864
2024-09-20 09:00:08,90.0119274339884
2024-09-20 10:00:08,90.3184080491905
2024-09-20 11:00:08,91.8387953263912
2024-09-20 12:00:08,89.7423944759452
2024-09-20 13:00:08,89.9664599213
2024-09-20 14:00:08,116.023487828873
2024-09-20 15:00:08,89.0478604945433
2024-09-20 16:00:08,90.5827266183174
2024-09-20 17:00:08,90.1826284762175
2024-09-20 18:00:08,90.4340462966655
2024-09-20 19:00:08,90.6945380193257
2024-09-20 20:00:08,89.2351807600753
2024-09-20 21:00:08,89.8376319049196
2024-09-20 22:00:08,
2024-09-20 23:00:08,
2024-09-21 00:00:01,
2024-09-21 01:00:08,
2024-09-21 02:00:08,88.018896206942
2024-09-21 03:00:08,89.0725437066017
2024-09-21 04:00:08,88.634791824412
2024-09-21 05:00:08,89.544484101505
2024-09-21 06:00:08,89.920442310445
2024-09-21 07:00:08,89.3090640741672
2024-09-21 08:00:08,89.6833740822562
2024-09-21 09:00:08,89.2159884551298
2024-09-21 10:00:08,89.3946134291015
2024-09-21 11:00:08,89.2897142160568
2024-09-21 12:00:08,88.6763557176579
2024-09-21 13:00:08,89.3481996170782
2024-09-21 14:00:08,88.4915841106526
2024-09-21 15:00:08,88.8050419811804
2024-09-21 16:00:08,89.7624621140964
2024-09-21 17:00:08,88.169328933522
2024-09-21 18:00:08,88.8336239121265
2024-09-21 19:00:08,90.4924978054341
2024-09-21 20:00:08,89.1712746200865
2024-09-21 21:00:08,89.5759113639148
2024-09-21 22:00:08,88.670251840899
2024-09-21 23:00:08,89.0693711798125
2024-09-22 00:00:01,87.7693818955456
2024-09-22 01:00:08,88.6232097855767
2024-09-22 02:00:08,87.9893354512939
2024-09-22 03:00:08,88.4614849503507
2024-09-22 04:00:08,90.9026229496976
2024-09-22 05:00:08,88.4889541294979
2024-09-22 06:00:08,88.5446271591302
2024-09-22 07:00:08,89.1774027622807
2024-09-22 08:00:08,88.0842529791951
2024-09-22 09:00:08,89.8500548625287
2024-09-22 10:00:08,89.982917943895
2024-09-22 11:00:08,89.0147848088962
2024-09-22 12:00:08,89.613438786688
2024-09-22 13:00:08,89.2453829514913
2024-09-22 14:00:08,88.8307341209245
2024-09-22 15:00:08,88.0254827222913
2024-09-22 16:00:08,88.299905262586
2024-09-22 17:00:08,88.263727671238
2024-09-22 18:00:08,88.0921582555144
2024-09-22 19:00:08,89.2766385053894
2024-09-22 20:00:08,89.2521405221375
2024-09-22 21:00:08,89.2217364559875
2024-09-22 22:00:08,87.9122391982702
2024-09-22 23:00:08,89.668930525111
2024-09-23 00:00:01,87.7914037210779
2024-09-23 01:00:08,88.825331720609
2024-09-23 02:00:08,88.7765035115098
2024-09-23 03:00:08,87.4280817579412
2024-09-23 04:00:08,88.2980885516804
2024-09-23 05:00:08,88.0223780570133
2024-09-23 06:00:08,88.0881627574715
2024-09-23 08:00:08,88.0992022064068
2024-09-23 09:00:08,87.544577443901
2024-09-23 10:00:08,87.4047369961233
2024-09-23 11:00:08,88.721978705431
2024-09-23 12:00:08,87.2001212852761
2024-09-23 13:00:08,87.8238225599163
2024-09-23 14:00:08,88.5091616408227
2024-09-23 15:00:08,88.6161510778269
2024-09-23 16:00:08,87.7755774072442
2024-09-23 17:00:08,87.6471805119261
2024-09-23 18:00:08,88.649982542762
2024-09-23 19:00:08,87.9658135365044
2024-09-23 20:00:08,87.7820414764806
2024-09-23 21:00:08,88.4264531762738
2024-09-23 22:00:08,88.8247899570096
2024-09-23 23:00:08,
2024-09-24 00:00:00,
2024-09-24 12:00:08,
2024-09-24 14:00:08,
2024-09-24 15:00:08,
2024-09-24 16:00:08,
2024-09-24 17:00:08,
2024-09-24 18:00:08,
2024-09-24 19:00:08,
2024-09-24 20:00:08,
2024-09-24 21:00:08,
2024-09-24 22:00:08,
2024-09-24 23:00:08,
2024-09-25 00:00:02,121.714201300848
2024-09-25 01:00:08,120.875173278792
2024-09-25 02:00:08,121.8419939482
2024-09-25 03:00:08,121.298364755945
2024-09-25 04:00:08,120.918827077587
2024-09-25 05:00:08,121.150655997618
2024-09-25 06:00:08,122.013796406568
2024-09-25 07:00:08,121.722842542735
2024-09-25 08:00:08,121.414011205523
2024-09-25 09:00:08,121.931121111997
2024-09-25 10:00:08,121.875145308277
2024-09-25 11:00:08,121.617457978114
2024-09-25 12:00:08,122.175392397339
2024-09-25 13:00:08,121.575950615812
2024-09-25 14:00:08,121.552520332162
2024-09-25 15:00:08,121.476942804099
2024-09-25 16:00:08,122.067986997771
2024-09-25 17:00:08,121.51618502673
2024-09-25 18:00:08,121.117144922769
2024-09-25 19:00:08,121.074840873598
2024-09-25 20:00:08,121.320601112915
2024-09-25 21:00:08,121.9326159483
2024-09-25 22:00:08,121.722146151499
2024-09-25 23:00:08,121.93440531454
2024-09-26 00:00:01,120.694115021258
2024-09-26 01:00:08,121.213325940913
2024-09-26 02:00:08,120.297645304994
2024-09-26 03:00:08,121.201690905478
2024-09-26 04:00:08,120.629920477797
2024-09-26 05:00:08,120.299386115113
2024-09-26 06:00:08,121.043866171704
2024-09-26 07:00:08,133.63155507924
2024-09-26 08:00:08,121.234148344208
2024-09-26 09:00:08,120.451317642445
2024-09-26 10:00:08,120.091378154107
2024-09-26 11:00:08,121.096495686015
2024-09-26 12:00:08,121.179752307334
2024-09-26 13:00:08,120.75911520809
2024-09-26 14:00:08,120.818247914325
2024-09-26 15:00:08,120.424218816065
2024-09-26 16:00:08,120.752702566952
2024-09-26 17:00:08,120.556812883229
2024-09-26 18:00:08,121.008126367942
2024-09-26 19:00:08,120.855142461682
2024-09-26 20:00:08,120.703217793889
2024-09-26 21:00:08,119.893913113478
2024-09-26 22:00:08,121.131194826392
2024-09-26 23:00:08,120.600993710359
2024-09-27 00:00:00,120.119553973734
2024-09-27 01:00:08,120.284973194164
2024-09-27 02:00:08,119.863822004316
2024-09-27 03:00:08,120.050947878417
2024-09-27 04:00:08,120.408804328119
2024-09-27 05:00:08,120.313382316981
2024-09-27 06:00:08,120.029161383315
2024-09-27 07:00:08,119.878513205387
2024-09-27 08:00:08,120.855693596457
2024-09-27 09:00:08,120.306665375832
2024-09-27 10:00:08,120.54952712971
2024-09-27 11:00:08,120.752915919717
2024-09-27 12:00:08,120.26804450076
2024-09-27 13:00:08,120.745184029922
2024-09-27 14:00:08,120.580070614587
2024-09-27 15:00:08,120.803030381903
2024-09-27 16:00:08,120.212190937939
2024-09-27 17:00:08,120.229739381361
2024-09-27 18:00:08,120.652956780527
2024-09-27 19:00:08,120.868008150518
2024-09-27 20:00:08,120.694754045398
2024-09-27 21:00:08,120.39107362709
2024-09-27 22:00:08,120.45596252385
2024-09-27 23:00:08,121.006355871604
2024-09-28 00:00:01,120.645714900459
2024-09-28 01:00:08,119.732352103001
2024-09-28 02:00:08,121.358306332205
2024-09-28 03:00:08,120.026308224755
2024-09-28 04:00:08,120.44867741435
2024-09-28 05:00:08,120.632572297371
2024-09-28 06:00:08,119.588411772927
2024-09-28 17:00:08,121.267874198006
2024-09-28 18:00:08,120.026711832517
2024-09-28 19:00:08,119.390843995973
2024-09-28 20:00:08,120.44315827253
2024-09-28 21:00:08,121.089593190749
2024-09-28 22:00:08,121.321648167134
2024-09-28 23:00:08,120.600481598305
2024-09-29 00:00:01,120.105875648847
2024-09-29 01:00:08,119.603698262565
2024-09-29 02:00:08,118.930534924173
2024-09-29 03:00:08,118.664205378673
2024-09-29 04:00:08,120.499533544266
2024-09-29 05:00:08,119.969158969706
2024-09-29 06:00:08,120.568393293206
2024-09-29 07:00:08,120.130440166068
2024-09-29 08:00:08,120.160841262572
2024-09-29 09:00:08,119.409377445834
2024-09-29 10:00:08,119.137979489894
2024-09-29 11:00:08,120.969086208318
2024-09-29 12:00:08,120.667354013854
2024-09-29 13:00:08,119.8817388861
2024-09-29 14:00:08,120.551374158939
2024-09-29 15:00:08,119.98166378263
2024-09-29 16:00:08,119.508505561387
2024-09-29 17:00:08,119.246414804543
2024-09-29 18:00:08,119.325870591202
2024-09-29 19:00:08,119.593281684246
2024-09-29 20:00:08,119.268881160709
2024-09-29 21:00:08,120.570451535364
2024-09-29 22:00:08,120.733334673356
2024-09-29 23:00:08,119.933738652492
2024-09-30 00:00:02,119.520041482969
2024-09-30 01:00:08,119.721677477357
2024-09-30 02:00:08,119.861624314691
2024-09-30 03:00:08,119.721682722063
2024-09-30 04:00:08,119.222383058388
2024-09-30 05:00:08,119.406335983613
2024-09-30 06:00:08,119.112264756705
2024-09-30 07:00:08,120.55177533567
2024-09-30 08:00:08,119.874462032853
2024-09-30 09:00:08,118.965066113638
2024-09-30 10:00:08,
2024-09-30 11:00:08,
2024-09-30 12:00:08,
2024-09-30 13:00:08,
2024-09-30 14:00:08,
2024-09-30 15:00:08,
2024-09-30 16:00:08,
2024-09-30 17:00:08,137.750919772011
2024-09-30 18:00:08,119.733411221011
2024-09-30 19:00:08,119.038374351856
2024-09-30 20:00:08,119.34671301623
2024-09-30 21:00:08,118.321593208418
2024-09-30 22:00:08,119.388466047263
2024-09-30 23:00:08,119.72488201483
2024-10-01 01:00:08,118.747153452428
2024-10-01 02:00:08,118.890915929564
2024-10-01 03:00:08,117.49589026314
2024-10-01 04:00:08,119.180028941994
2024-10-01 05:00:08,118.318652004735
2024-10-01 06:00:08,117.937861994627
2024-10-01 07:00:08,119.704386051286
2024-10-01 08:00:08,117.613898893663
2024-10-01 09:00:08,116.779028828408
2024-10-01 10:00:08,117.044223795809
2024-10-01 12:00:08,118.179527357363
2024-10-01 13:00:08,117.594902409759
2024-10-01 14:00:08,118.677658449618
2024-10-01 16:00:08,118.248327881786
2024-10-01 19:00:08,119.445487923831
2024-10-01 20:00:08,117.931139113302
2024-10-01 21:00:08,118.245765263042
2024-10-01 22:00:08,119.043032943124
2024-10-01 23:00:08,117.022733660752
2024-10-02 00:00:01,117.994069600465
2024-10-02 01:00:08,119.069119949899
2024-10-02 02:00:08,118.955527617856
2024-10-02 03:00:08,119.582249331212
2024-10-02 04:00:08,117.281399465988
2024-10-02 05:00:08,118.70928088855
2024-10-02 06:00:08,119.946199802773
2024-10-02 07:00:08,119.522175837751
2024-10-02 08:00:08,117.590719139787
2024-10-02 09:00:08,118.272527570519
2024-10-02 10:00:08,119.892617863489
2024-10-02 21:00:08,116.932567462398
2024-10-03 00:00:02,119.025095731142
2024-10-03 01:00:08,117.639167550549
2024-10-03 02:00:08,118.695884476018
2024-10-03 03:00:08,119.262426785476
2024-10-03 04:00:08,117.687843541758
2024-10-03 05:00:08,118.596532623495
2024-10-03 06:00:08,117.474699066942
2024-10-03 07:00:08,119.288598141923
2024-10-03 08:00:08,119.035600034133
2024-10-03 09:00:08,118.69270981242
2024-10-03 10:00:08,117.746120523608
2024-10-03 11:00:08,117.915363249687
2024-10-03 12:00:08,118.353085708286
2024-10-03 13:00:08,116.917460523181
2024-10-03 14:00:08,117.397704737961
2024-10-03 15:00:08,119.336435153525
2024-10-03 16:00:08,120.24733449205
2024-10-03 17:00:08,118.083264544911
2024-10-03 18:00:08,118.615226327702
2024-10-03 19:00:08,117.803175216471
2024-10-03 20:00:08,118.54894358229
2024-10-03 21:00:08,118.148579256492
2024-10-03 22:00:08,118.842416748572
2024-10-03 23:00:08,117.42242669864
2024-10-04 00:00:01,117.471284473879
2024-10-04 01:00:08,117.148189245487
2024-10-04 02:00:08,118.638041232323
2024-10-04 03:00:08,119.183757404429
2024-10-04 04:00:08,115.716700909048
2024-10-04 05:00:08,117.481498522158
2024-10-04 06:00:08,119.987805886186
2024-10-04 07:00:08,118.296873768907
2024-10-04 08:00:08,116.094910222469
2024-10-04 09:00:08,117.435773993218
2024-10-04 10:00:08,117.581073390318
2024-10-04 11:00:08,115.880067816783
2024-10-04 12:00:08,118.954267735008
2024-10-04 13:00:08,117.772204488426
2024-10-04 14:00:08,118.382700356192
2024-10-04 15:00:08,118.473895890533
2024-10-04 16:00:08,117.284080973667
2024-10-04 17:00:08,117.079372719704
2024-10-04 18:00:08,118.65048116379
2024-10-04 19:00:08,117.890955834317
2024-10-04 20:00:08,117.713966876387
2024-10-04 21:00:08,117.242982103155
2024-10-04 22:00:08,116.900450215023
2024-10-04 23:00:08,116.923051846013
2024-10-05 00:00:01,116.44762434367
2024-10-05 01:00:08,116.372947678704
2024-10-05 02:00:08,117.17692417132
2024-10-05 03:00:08,117.629735635981
2024-10-05 04:00:08,116.998805796038
2024-10-05 05:00:08,116.491969979891
2024-10-05 06:00:08,115.925851683881
2024-10-05 07:00:08,116.688097240367
2024-10-05 08:00:08,
2024-10-05 09:00:08,
2024-10-05 10:00:08,117.371244409018
2024-10-05 11:00:08,116.583604724806
2024-10-05 12:00:08,118.230677097785
2024-10-05 13:00:08,118.880593683784
2024-10-05 14:00:08,117.096849142036
2024-10-05 15:00:08,116.840350771703
2024-10-05 16:00:08,117.394030190559
2024-10-05 17:00:08,116.668196073547
2024-10-05 18:00:08,118.688962297039
2024-10-05 19:00:08,117.077488018984
2024-10-05 20:00:08,115.685397437575
2024-10-05 21:00:08,117.081218441161
2024-10-05 22:00:08,116.918908564706
2024-10-05 23:00:08,118.448975631425
2024-10-06 00:00:00,116.856584059476
2024-10-06 01:00:08,116.046057446482
2024-10-06 02:00:08,116.663864953887
2024-10-06 03:00:08,117.084252992609
2024-10-06 04:00:08,
2024-10-06 05:00:08,
2024-10-06 06:00:08,116.064697147406
2024-10-06 07:00:08,117.070897523133
2024-10-06 08:00:08,116.328261346048
2024-10-06 09:00:08,116.898240487374
2024-10-06 10:00:08,117.531236797069
2024-10-06 11:00:08,115.981470616237
2024-10-06 12:00:08,117.052373895726
2024-10-06 13:00:08,117.848305132767
2024-10-06 14:00:08,116.714761961654
2024-10-07 02:00:08,116.222215687684
2024-10-07 03:00:08,116.180313356849
2024-10-07 04:00:08,115.427416133934
2024-10-07 06:00:08,117.807850527054
2024-10-07 07:00:08,115.815268864767
2024-10-07 08:00:08,116.296646911764
2024-10-07 09:00:08,116.312242223223
2024-10-07 10:00:08,116.791764440625
2024-10-07 11:00:08,117.217569427888
2024-10-07 12:00:08,117.924287249415
2024-10-07 13:00:08,115.600533044117
2024-10-07 14:00:08,115.822854873587
2024-10-07 15:00:08,116.059436702544
2024-10-07 16:00:08,115.819100050246
2024-10-07 17:00:08,116.10464387483
2024-10-07 18:00:08,117.052650078633
2024-10-07 19:00:08,116.008388353744
2024-10-07 20:00:08,115.927733140001
2024-10-07 21:00:08,115.673412039514
2024-10-07 22:00:08,114.9986586989
2024-10-07 23:00:08,114.917196967817
2024-10-08 00:00:00,115.451021994845
2024-10-08 01:00:08,114.171052835814
2024-10-08 02:00:08,116.136819932256
2024-10-08 03:00:08,115.27648712469
2024-10-08 04:00:08,116.791999719873
2024-10-08 05:00:08,117.45459004891
2024-10-08 06:00:08,115.171741103044
2024-10-08 07:00:08,116.285460186504
2024-10-08 08:00:08,116.061052209395
2024-10-08 09:00:08,113.74025181718
2024-10-08 10:00:08,117.574244998089
2024-10-08 11:00:08,114.325401114801
2024-10-08 12:00:08,116.304022439573
2024-10-08 13:00:08,114.79113190153
2024-10-08 14:00:08,114.649488331284
2024-10-08 15:00:08,116.831361940011
2024-10-08 16:00:08,115.56330098346
2024-10-08 17:00:08,115.195261663458
2024-10-08 18:00:08,116.818083833852
2024-10-08 19:00:08,115.081666734073
2024-10-08 20:00:08,116.211957273662
2024-10-08 21:00:08,114.327354007917
2024-10-08 22:00:08,113.789521105958
2024-10-08 23:00:08,117.144405998778
2024-10-09 00:00:00,113.623867567503
2024-10-09 01:00:08,114.5097206656
2024-10-09 02:00:08,116.444446921892
2024-10-09 03:00:08,114.731576333117
2024-10-09 04:00:08,116.503445894153
2024-10-09 06:00:08,115.002800364357
2024-10-09 07:00:08,114.142307457067
2024-10-09 08:00:08,115.711503917306
2024-10-09 09:00:08,115.534538120296
2024-10-09 10:00:08,113.568842174542
2024-10-09 11:00:08,115.75280504691
2024-10-09 12:00:08,115.421795094922
2024-10-09 13:00:08,115.37474762555
2024-10-09 14:00:08,115.363249262051
2024-10-09 15:00:08,115.531792177506
2024-10-09 16:00:08,115.11314654343
2024-10-09 17:00:08,116.381308022803
2024-10-09 18:00:08,115.472146883724
2024-10-09 19:00:08,115.754813808423
2024-10-09 20:00:08,115.324980453537
2024-10-09 21:00:08,114.498296810821
2024-10-09 22:00:08,114.098443911468
2024-10-09 23:00:08,114.528273577953
2024-10-10 00:00:00,114.485633049084
2024-10-10 01:00:08,115.329470216999
2024-10-10 02:00:08,114.676308683888
2024-10-10 03:00:08,114.465030991696
2024-10-10 04:00:08,114.642610521363
2024-10-10 05:00:08,114.0478578972
2024-10-10 06:00:08,114.909065356322
2024-10-10 07:00:08,113.484009215335
2024-10-10 08:00:08,114.197000009604
2024-10-10 09:00:08,114.841776069
2024-10-10 10:00:08,114.901846017637
2024-10-10 11:00:08,113.50390066923
2024-10-10 12:00:08,115.102172814106
2024-10-10 13:00:08,115.980237361244
2024-10-10 14:00:08,113.67548696849
2024-10-10 15:00:08,112.995282000561
2024-10-10 16:00:08,114.883110110352
2024-10-10 17:00:08,114.094586129126
2024-10-10 18:00:08,115.049526087866
2024-10-11 07:00:08,113.067431500507
2024-10-11 08:00:08,114.053126935192
2024-10-11 09:00:08,111.865675099123
2024-10-11 10:00:08,113.077894837793
2024-10-11 11:00:08,114.075166774775
2024-10-11 12:00:08,111.58116473019
2024-10-11 13:00:08,114.84662791766
2024-10-11 14:00:08,113.690083207653
2024-10-11 15:00:08,113.848712754067
2024-10-11 16:00:08,112.881765575356
2024-10-11 17:00:08,112.573258773052
2024-10-11 18:00:08,113.491973379404
2024-10-11 19:00:08,112.245859660866
2024-10-11 20:00:08,112.658716652336
2024-10-11 21:00:08,112.232472193978
2024-10-11 22:00:08,111.64832818129
2024-10-11 23:00:08,112.769668700739
2024-10-12 00:00:02,113.608321643975
2024-10-12 01:00:08,112.572523074619
2024-10-12 02:00:08,112.078713377075
2024-10-12 03:00:08,111.552204094834
2024-10-12 04:00:08,110.237882031613
2024-10-12 05:00:08,112.968123605396
2024-10-12 06:00:08,112.399198971323
2024-10-12 07:00:08,113.075248202887
2024-10-12 08:00:08,113.93631836902
2024-10-12 09:00:08,111.816494341943
2024-10-12 10:00:08,111.510393046455
2024-10-12 11:00:08,112.494910949974
2024-10-12 12:00:08,110.766666227616
2024-10-12 13:00:08,112.133675429373
2024-10-12 14:00:08,113.062439089012
2024-10-12 15:00:08,
2024-10-12 16:00:08,111.879689885876
2024-10-12 17:00:08,112.922509971995
2024-10-12 18:00:08,111.626142487251
2024-10-12 19:00:08,112.596518324754
2024-10-12 20:00:08,112.014485163399
2024-10-12 21:00:08,112.926167546392
2024-10-12 22:00:08,112.604032288206
2024-10-12 23:00:08,112.529632966146
2024-10-13 00:00:01,111.959259279257
2024-10-13 01:00:08,111.926984619888
2024-10-13 02:00:08,110.723050506732
2024-10-13 03:00:08,113.035006160029
2024-10-13 04:00:08,111.364361870079
2024-10-13 05:00:08,109.571925058457
2024-10-13 06:00:08,112.219205189699
2024-10-13 07:00:08,111.980112591534
2024-10-13 08:00:08,111.507314392414
2024-10-13 09:00:08,111.46025989154
2024-10-13 10:00:08,110.296289374141
2024-10-13 11:00:08,111.278487968562
2024-10-13 12:00:08,111.073073838492
2024-10-13 13:00:08,111.401295966526
2024-10-13 14:00:08,110.339460574183
2024-10-13 15:00:08,110.635143379501
2024-10-13 16:00:08,110.944509508522
2024-10-13 17:00:08,112.204214717674
2024-10-13 18:00:08,112.521603599414
2024-10-13 19:00:08,112.038731118436
2024-10-13 20:00:08,111.238195446026
2024-10-13 21:00:08,111.241380201733
2024-10-13 22:00:08,111.940199238079
2024-10-13 23:00:08,112.048236720273
2024-10-14 00:00:02,111.657963693486
2024-10-14 01:00:08,111.390862160241
2024-10-14 02:00:08,108.766852320129
2024-10-14 03:00:08,111.218858585169
2024-10-14 04:00:08,111.972409700186
2024-10-14 05:00:08,112.637222210106
2024-10-14 06:00:08,109.262569288304
2024-10-14 07:00:08,110.013311319998
2024-10-14 08:00:08,110.071043973658
2024-10-14 09:00:08,110.587481312614
2024-10-14 10:00:08,110.863937743729
2024-10-14 11:00:08,110.611694033764
2024-10-14 12:00:08,111.313290303366
2024-10-14 13:00:08,109.941729184132
2024-10-14 14:00:08,111.560125340468
2024-10-14 15:00:08,130.634779598557
2024-10-14 16:00:08,110.37502440414
2024-10-14 17:00:08,110.055081279824
2024-10-14 18:00:08,110.428836821424
2024-10-14 19:00:08,111.70090893145
2024-10-14 20:00:08,112.208291873
2024-10-14 21:00:08,111.330393903519
2024-10-15 10:00:08,109.488732602098
2024-10-15 11:00:08,111.040885998562
2024-10-15 12:00:08,109.71695957339
2024-10-15 13:00:08,110.63403777533
2024-10-15 14:00:08,111.045407974152
2024-10-15 15:00:08,111.227067603373
2024-10-15 16:00:08,111.737757243593
2024-10-15 17:00:08,110.905827974378
2024-10-15 18:00:08,111.941594740422
2024-10-15 19:00:08,111.740426145193
2024-10-15 20:00:08,110.703428853878
2024-10-15 21:00:08,110.401814199931
2024-10-15 22:00:08,110.401730845136
2024-10-15 23:00:08,110.674736036643
2024-10-16 00:00:02,110.555474981107
2024-10-16 01:00:08,111.288408964787
2024-10-16 02:00:08,109.266953549869
2024-10-16 03:00:08,110.925543603166
2024-10-16 04:00:08,110.347245776859
2024-10-16 05:00:08,110.343721069387
2024-10-16 06:00:08,111.15133357905
2024-10-16 07:00:08,108.918942004838
2024-10-16 08:00:08,109.057806109325
2024-10-16 09:00:08,108.982231199027
2024-10-16 10:00:08,108.580001885698
2024-10-16 11:00:08,90.6035963472129
2024-10-16 12:00:08,110.275843526682
2024-10-16 13:00:08,112.085172353783
2024-10-16 14:00:08,111.489851503985
2024-10-16 16:00:08,109.49448402916
2024-10-16 17:00:08,109.974801158176
2024-10-16 18:00:08,109.757839100697
2024-10-16 19:00:08,110.13965560561
2024-10-16 20:00:08,109.804670868701
2024-10-16 21:00:08,108.785314509374
2024-10-16 23:00:08,94.0815932060193
2024-10-17 00:00:02,108.827458261851
2024-10-17 01:00:08,110.91622121087
2024-10-17 02:00:08,110.478560169308
2024-10-17 03:00:08,109.026506540316
2024-10-17 04:00:08,110.500759477174
2024-10-17 05:00:08,109.20084480679
2024-10-17 06:00:08,109.12875957813
2024-10-17 07:00:08,109.16871954549
2024-10-17 08:00:08,109.784124331944
2024-10-17 09:00:08,110.409573528531
2024-10-17 10:00:08,108.71444869923
2024-10-17 11:00:08,109.312033027153
2024-10-17 12:00:08,109.146243851796
2024-10-17 13:00:08,109.752361880516
2024-10-17 14:00:08,109.958550064247
2024-10-17 15:00:08,109.072216436521
2024-10-17 16:00:08,109.277895740631
2024-10-17 17:00:08,109.329589252298
2024-10-17 18:00:08,110.129090745203
2024-10-17 19:00:08,108.918123094738
2024-10-17 20:00:08,108.981910210422
2024-10-17 21:00:08,108.992183827583
2024-10-17 22:00:08,108.139745893784
2024-10-17 23:00:08,109.722627966994
2024-10-18 00:00:01,108.678286129927
2024-10-18 01:00:08,108.51722225716
2024-10-18 02:00:08,108.277705764833
2024-10-18 03:00:08,108.295238952493
2024-10-18 04:00:08,109.347544459471
2024-10-18 05:00:08,106.913116636635
2024-10-18 06:00:08,108.65282813798
2024-10-18 07:00:08,108.764592702169
2024-10-18 08:00:08,108.353050008081
2024-10-18 09:00:08,108.435291021382
2024-10-18 10:00:08,107.72008894851
2024-10-18 11:00:08,108.789317557661
2024-10-18 12:00:08,107.912986661604
2024-10-18 13:00:08,108.94180247455
2024-10-18 14:00:08,108.919061550222
2024-10-18 15:00:08,108.8500021894
2024-10-18 16:00:08,107.245455829403
2024-10-18 17:00:08,107.883688728752
2024-10-18 18:00:08,108.898124805072
2024-10-18 19:00:08,109.083683770942
2024-10-18 20:00:08,109.537260739588
2024-10-18 21:00:08,107.792493692309
2024-10-18 22:00:08,107.874615625672
2024-10-18 23:00:08,108.340446697293
2024-10-19 00:00:01,106.789893089489
2024-10-19 01:00:08,107.864633542175
2024-10-19 14:00:08,108.529993037887
2024-10-19 15:00:08,108.589321197054
2024-10-19 16:00:08,106.857199737769
2024-10-19 17:00:08,109.428633141758
2024-10-19 18:00:08,107.71146209512
2024-10-19 19:00:08,107.781796908687
2024-10-19 20:00:08,108.561831248822
2024-10-19 21:00:08,108.55979496837
2024-10-19 22:00:08,108.576904132792
2024-10-19 23:00:08,109.028067757697
2024-10-20 00:00:02,107.433533989887
2024-10-20 01:00:08,107.982608602741
2024-10-20 02:00:08,107.98638191625
2024-10-20 03:00:08,106.773804032485
2024-10-20 04:00:08,106.66130120879
2024-10-20 05:00:08,107.574686244325
2024-10-20 06:00:08,106.672893552182
2024-10-20 07:00:08,108.745434260544
2024-10-20 08:00:08,107.184408796296
2024-10-20 09:00:08,105.512203809316
2024-10-20 10:00:08,106.768170465447
2024-10-20 11:00:08,106.985838116
2024-10-20 12:00:08,107.461340718627
2024-10-20 13:00:08,107.573237823832
2024-10-20 14:00:08,106.897448305146
2024-10-20 15:00:08,107.948977394306
2024-10-20 16:00:08,107.057816187201
2024-10-20 17:00:08,108.198004730862
2024-10-20 18:00:08,108.149744318914
2024-10-20 19:00:08,106.416736331914
2024-10-20 20:00:08,109.269070799452
2024-10-20 21:00:08,107.582418229125
2024-10-20 22:00:08,108.618466893416
2024-10-20 23:00:08,108.03679707146
2024-10-21 00:00:02,106.904269829752
2024-10-21 01:00:08,107.157881859389
2024-10-21 02:00:08,106.006834175067
2024-10-21 03:00:08,106.942200717477
2024-10-21 04:00:08,107.099368950107
2024-10-21 05:00:08,106.988816256964
2024-10-21 06:00:08,107.226894206165
2024-10-21 07:00:08,107.681496299046
2024-10-21 08:00:08,106.892231664942
2024-10-21 09:00:08,107.712169965258
2024-10-21 10:00:08,107.073731384974
2024-10-21 11:00:08,107.739556673636
2024-10-21 12:00:08,108.036171881632
2024-10-21 13:00:08,107.641183788286
2024-10-21 14:00:08,106.537103281595
2024-10-21 15:00:08,106.40153443984
2024-10-21 16:00:08,106.788796574922
2024-10-21 17:00:08,107.039189533898
2024-10-21 18:00:08,107.744063821212
2024-10-21 19:00:08,106.462100973012
2024-10-21 20:00:08,107.910625534887
2024-10-21 21:00:08,106.406733277173
2024-10-21 22:00:08,107.613506192518
2024-10-21 23:00:08,106.54745855161
2024-10-22 00:00:01,105.855056034796
2024-10-22 01:00:08,106.881411585324
2024-10-22 02:00:08,107.638827275134
2024-10-22 03:00:08,105.999146329059
2024-10-22 04:00:08,106.789544098417
2024-10-22 05:00:08,105.615809640501
2024-10-22 06:00:08,106.497615746393
2024-10-22 07:00:08,106.700570838053
2024-10-22 08:00:08,107.510735550855
2024-10-22 09:00:08,107.985506669318
2024-10-22 10:00:08,105.918613587324
2024-10-22 11:00:08,107.278086891427
2024-10-22 12:00:08,105.560629129067
2024-10-22 13:00:08,105.420717479439
2024-10-22 14:00:08,105.298988010546
2024-10-22 16:00:08,105.543985738405
2024-10-22 17:00:08,106.636739037994
2024-10-22 18:00:08,106.251367100493
2024-10-22 19:00:08,105.446030238143
2024-10-22 20:00:08,106.395740076185
2024-10-22 21:00:08,106.386128422582
2024-10-22 22:00:08,106.927949699246
2024-10-22 23:00:08,106.579288142189
2024-10-23 00:00:00,106.401871001195
2024-10-23 01:00:00,105.091325185009
2024-10-23 02:00:00,105.752895241092
2024-10-23 03:00:00,105.295762527626
2024-10-23 04:00:00,104.619518800906
2024-10-23 05:00:00,105.871589300336
2024-10-23 06:00:00,105.268682956466
2024-10-23 07:00:00,106.684122191368
2024-10-23 08:00:00,105.702788761
2024-10-23 09:00:00,105.257950512698
2024-10-23 10:00:00,106.108985634798
2024-10-23 11:00:00,105.341423375914
2024-10-23 12:00:00,104.637261456933
2024-10-23 13:00:00,106.320536582379
2024-10-23 14:00:00,105.795174542038
2024-10-23 15:00:00,106.448187911755
2024-10-23 16:00:00,107.137482191053
2024-10-23 17:00:00,107.620189636002
2024-10-23 18:00:00,105.762228518036
2024-10-23 19:00:00,105.468945406608
2024-10-23 20:00:00,105.396539808051
2024-10-23 21:00:00,105.862334052417
2024-10-23 22:00:00,105.537044281367
2024-10-23 23:00:00,103.639468873566
2024-10-24 00:00:00,106.30617854964
2024-10-24 01:00:00,104.508430555772
2024-10-24 02:00:00,103.145736455856
2024-10-24 03:00:00,104.225223573587
2024-10-24 04:00:00,105.30655437298
2024-10-24 05:00:00,103.301360029732
2024-10-24 06:00:00,104.232016813002
2024-10-24 07:00:00,105.280072275195
2024-10-24 08:00:00,104.58521727778
2024-10-24 09:00:00,103.149914544988
2024-10-24 10:00:00,105.919187799312
2024-10-24 11:00:00,104.254397209619
2024-10-24 12:00:00,103.11796587668
2024-10-24 13:00:00,103.89986230343
2024-10-24 14:00:00,102.871924528923
2024-10-24 15:00:00,104.558610854311
2024-10-24 16:00:00,103.571385761613
2024-10-24 17:00:00,104.404016617325
2024-10-24 18:00:00,102.006444087138
2024-10-24 19:00:00,105.867623385935
2024-10-24 20:00:00,105.205557792965
2024-10-24 21:00:00,104.924746437494
2024-10-24 22:00:00,102.94971639312
2024-10-24 23:00:00,105.00513109633
2024-10-25 00:00:00,104.820965535882
2024-10-25 01:00:00,103.433312069389
2024-10-25 02:00:00,104.812764269124
2024-10-25 03:00:00,103.3323850595
2024-10-25 04:00:00,103.573250557643
2024-10-25 05:00:00,103.485736271243
2024-10-25 06:00:00,102.400484118553
2024-10-25 07:00:00,103.743579541974
2024-10-25 08:00:00,103.899945317473
2024-10-25 09:00:00,103.155322031232
2024-10-25 10:00:00,104.156737629384
2024-10-25 11:00:00,103.557590033909
2024-10-25 12:00:00,103.910039517264
2024-10-25 13:00:00,104.544265749305
2024-10-25 14:00:00,103.862935246137
2024-10-25 15:00:00,105.578034850658
2024-10-25 16:00:00,103.629799021062
2024-10-25 17:00:00,102.545207997459
2024-10-25 18:00:00,102.677533498866
2024-10-25 19:00:00,103.435804174876
2024-10-25 20:00:00,103.60185028668
2024-10-25 21:00:00,103.464866736952
2024-10-25 22:00:00,105.813918751525
2024-10-25 23:00:00,104.173636182768
2024-10-26 00:00:00,103.164474772621
2024-10-26 01:00:00,105.263075172979
2024-10-26 02:00:00,103.997619277379
2024-10-26 03:00:00,102.816456332484
2024-10-26 04:00:00,103.952195124957
2024-10-26 05:00:00,102.627781288197
2024-10-26 06:00:00,103.405442866294
2024-10-26 07:00:00,101.870502661095
2024-10-26 08:00:00,103.603453398137
2024-10-26 09:00:00,104.421499882103
2024-10-26 10:00:00,104.333320358602
2024-10-26 11:00:00,103.174001750796
2024-10-26 12:00:00,103.109690141657
2024-10-26 13:00:00,101.10250589907
2024-10-26 14:00:00,104.353708274717
2024-10-26 15:00:00,104.445691902378
2024-10-26 16:00:00,104.545350882692
2024-10-26 17:00:00,102.352222173296
2024-10-26 18:00:00,103.21438922349
2024-10-26 19:00:00,101.525311605755
2024-10-26 20:00:00,103.508975441809
2024-10-26 21:00:00,102.974920349829
2024-10-26 22:00:00,104.385807304145
2024-10-26 23:00:00,102.791227901022
2024-10-27 00:00:00,102.900376219197
2024-10-27 01:00:00,103.214661791241
2024-10-27 02:00:00,102.979154944584
2024-10-27 13:00:00,102.246064366533
2024-10-27 14:00:00,102.669146362871
2024-10-27 15:00:00,102.296621028472
2024-10-27 16:00:00,102.959651351711
2024-10-27 17:00:00,103.555457405813
2024-10-27 18:00:00,103.855552393112
2024-10-27 19:00:00,101.815983809269
2024-10-27 20:00:00,
2024-10-27 21:00:00,
2024-10-27 22:00:00,102.982458764355
2024-10-27 23:00:00,101.268184131579
2024-10-28 00:00:00,101.082393908922
2024-10-28 01:00:00,101.337005723007
2024-10-28 02:00:00,102.315031117082
2024-10-28 03:00:00,102.105650329119
2024-10-28 04:00:00,100.994684602965
2024-10-28 05:00:00,101.725851142462
2024-10-28 06:00:00,108.169479936927
2024-10-28 07:00:00,101.403112414645
2024-10-28 08:00:00,101.580429404057
2024-10-28 09:00:00,100.109145047248
2024-10-28 10:00:00,101.105379722973
2024-10-28 11:00:00,101.843847298334
2024-10-28 12:00:00,102.841872039184
2024-10-28 13:00:00,102.364715933766
2024-10-28 14:00:00,102.140115131484
2024-10-28 15:00:00,100.321980982742
2024-10-28 16:00:00,102.72246467203
2024-10-28 17:00:00,101.196740599465
2024-10-28 18:00:00,101.428797840174
2024-10-28 19:00:00,102.719662411927
2024-10-28 20:00:00,85.132320962512
2024-10-28 21:00:00,102.489082569003
2024-10-28 22:00:00,100.841167365404
2024-10-28 23:00:00,102.366802974759
2024-10-29 00:00:00,101.107270490348
2024-10-29 01:00:00,101.640459442086
2024-10-29 02:00:00,102.191838198756
2024-10-29 03:00:00,101.279898416886
2024-10-29 04:00:00,101.110832034578
2024-10-29 05:00:00,101.012881902661
2024-10-29 06:00:00,101.70215319067
2024-10-29 07:00:00,101.226144353943
2024-10-29 08:00:00,99.8807774157342
2024-10-29 09:00:00,101.115825702571
2024-10-29 10:00:00,102.495449027897
2024-10-29 11:00:00,101.392249263694
2024-10-29 12:00:00,101.030355640851
2024-10-29 13:00:00,101.003539337099
2024-10-29 14:00:00,101.171512638827
2024-10-29 15:00:00,101.457990538312
2024-10-29 16:00:00,101.157247098433
2024-10-29 17:00:00,100.392982751211
2024-10-29 18:00:00,102.039976104894
2024-10-29 19:00:00,101.780036587164
2024-10-29 20:00:00,102.338526791698
2024-10-29 21:00:00,109.333764197797
2024-10-29 22:00:00,101.808120909679
2024-10-29 23:00:00,100.542924242853
2024-10-30 00:00:00,100.899247956788
2024-10-30 01:00:00,99.6787295137865
2024-10-30 02:00:00,102.177956675448
2024-10-30 03:00:00,100.794845958434
2024-10-30 04:00:00,101.610815404807
2024-10-30 05:00:00,100.53150071255
2024-10-30 06:00:00,100.101498423254
2024-10-30 07:00:00,100.396093306741
2024-10-30 08:00:00,100.128376345359
2024-10-30 09:00:00,101.972719612973
2024-10-30 10:00:00,99.9172224253647
2024-10-30 11:00:00,102.300290010963
2024-10-30 12:00:00,101.108055774441
2024-10-30 13:00:00,99.8926867933266
2024-10-30 14:00:00,100.332940176061
2024-10-30 15:00:00,101.281754045042
2024-10-30 16:00:00,99.7732001686154
2024-10-30 17:00:00,100.969512730906
2024-10-30 18:00:00,100.713284764739
2024-10-30 19:00:00,100.739914391233
2024-10-30 20:00:00,100.980536526423
2024-10-30 21:00:00,101.365173613011
2024-10-30 22:00:00,100.109944646604
2024-10-30 23:00:00,102.049434141427
2024-10-31 00:00:00,99.6234384711125
2024-10-31 01:00:00,100.04002807005
2024-10-31 02:00:00,99.9573528553195
2024-10-31 03:00:00,99.9755192554185
2024-10-31 10:00:00,100.337783580493
2024-10-31 12:00:00,101.455707511036
2024-10-31 13:00:00,99.9150439300241
2024-10-31 14:00:00,99.9210495081834
2024-10-31 15:00:00,100.62342580998
2024-10-31 16:00:00,101.017974462333
2024-10-31 17:00:00,99.4508242449028
2024-10-31 18:00:00,100.527982572528
2024-10-31 19:00:00,101.282402525334
2024-10-31 20:00:00,100.98745840452
2024-10-31 21:00:00,100.094199056648
2024-10-31 22:00:00,99.1666505989135
2024-10-31 23:00:00,101.729135676548
2024-11-03 03:00:00,98.8021563124774
2024-11-03 04:00:00,98.4643355276131
2024-11-03 05:00:00,99.3440345084705
2024-11-04 18:00:00,100.358038332353
2024-11-04 19:00:00,96.8196668659424
2024-11-04 20:00:00,99.7941965283393
2024-11-04 21:00:00,97.387048364294
2024-11-04 22:00:00,97.6230153882848
2024-11-04 23:00:00,98.6368989413081
2024-11-05 00:00:00,98.6022468682321
2024-11-05 01:00:00,95.6735744569749
2024-11-05 02:00:00,100.259114014589
2024-11-05 03:00:00,98.5561488450176
2024-11-05 04:00:00,97.1544946022702
2024-11-05 05:00:00,96.8308299233014
2024-11-05 06:00:00,98.0249690108711
2024-11-05 07:00:00,97.4645428787082
2024-11-05 08:00:00,96.6439128570291
2024-11-05 09:00:00,96.5482358813821
2024-11-05 10:00:00,98.8047616107709
2024-11-05 11:00:00,98.9990161880412
2024-11-05 12:00:00,96.0055678104119
2024-11-05 13:00:00,100.171752296742
2024-11-05 14:00:00,98.1123864850592
2024-11-05 15:00:00,98.4207792583396
2024-11-05 16:00:00,99.3712646375049
2024-11-05 17:00:00,98.3129216837191
2024-11-05 18:00:00,98.1542595743708
2024-11-05 19:00:00,97.5372276698301
2024-11-05 20:00:00,94.7677552474105
2024-11-05 21:00:00,98.1329949083615
2024-11-05 22:00:00,97.3501274021427
2024-11-05 23:00:00,99.8121476811734
2024-11-06 00:00:00,96.5984591533945
2024-11-06 01:00:00,95.0365624469696
2024-11-06 02:00:00,97.9115722393896
2024-11-06 03:00:00,95.5221359386873
2024-11-06 04:00:00,93.8893212979896
2024-11-06 05:00:00,95.0616391629828
2024-11-06 06:00:00,96.9789348824804
2024-11-06 07:00:00,95.851029842743
2024-11-06 08:00:00,99.4088559027345
2024-11-06 09:00:00,95.4757832362081
2024-11-06 10:00:00,97.1648410319469
2024-11-06 11:00:00,98.1383880272558
2024-11-06 12:00:00,98.7079735399996
2024-11-06 13:00:00,97.388707904679
2024-11-06 14:00:00,93.8165657299823
2024-11-06 15:00:00,97.230955114485
2024-11-06 16:00:00,97.1974823147105
2024-11-06 17:00:00,95.8921573806917
2024-11-06 19:00:00,96.7341987534734
2024-11-07 06:00:00,94.3273072334793
2024-11-07 07:00:00,94.0298651256539
2024-11-07 08:00:00,94.3386529908698
2024-11-07 09:00:00,95.1024096231346
2024-11-07 10:00:00,97.6881232062537
2024-11-07 11:00:00,94.2165338779521
2024-11-07 12:00:00,94.9854267872328
2024-11-07 13:00:00,97.112822274127
2024-11-07 14:00:00,94.125934478199
2024-11-07 15:00:00,93.0611845370356
2024-11-07 16:00:00,97.8635173590252
2024-11-07 17:00:00,95.2704013678242
2024-11-07 18:00:00,95.728886565647
2024-11-07 19:00:00,97.155388952633
2024-11-07 20:00:00,94.6033503537823
2024-11-07 21:00:00,96.1878284895807
2024-11-07 22:00:00,93.898214346366
2024-11-07 23:00:00,94.3301022206002
2024-11-08 00:00:00,97.6838125176424
2024-11-08 01:00:00,94.3336554496348
2024-11-08 02:00:00,95.2619048866434
2024-11-08 03:00:00,93.3219072584425
2024-11-08 04:00:00,94.5852698955258
2024-11-08 05:00:00,94.895908090402
2024-11-08 06:00:00,94.7703833862822
2024-11-08 07:00:00,95.7798332864498
2024-11-08 08:00:00,115.272492336934
2024-11-08 09:00:00,93.0184052675045
2024-11-08 10:00:00,96.7780152787643
2024-11-08 11:00:00,95.7180010113478
2024-11-08 12:00:00,105.77598106175
2024-11-08 14:00:00,93.5714413214265
2024-11-08 15:00:00,94.0707680463579
2024-11-08 16:00:00,94.9436183063766
2024-11-08 17:00:00,93.7409281863766
2024-11-08 18:00:00,96.884759305484
2024-11-08 19:00:00,96.6978137873651
2024-11-08 20:00:00,93.8169561422159
2024-11-08 21:00:00,96.7679882507802
2024-11-08 22:00:00,95.8041634845988
2024-11-08 23:00:00,96.7185785783253
2024-11-09 00:00:00,93.708481365325
2024-11-09 01:00:00,93.7773935827644
2024-11-09 02:00:00,96.2077735313605
2024-11-09 03:00:00,94.4397298482139
2024-11-09 04:00:00,93.5300695739576
2024-11-09 05:00:00,93.7091726607076
2024-11-09 06:00:00,94.3569505604375
2024-11-09 07:00:00,92.4131825164965
2024-11-09 08:00:00,92.5263513602498
2024-11-09 09:00:00,93.8811202799817
2024-11-09 10:00:00,93.7621020412803
2024-11-09 11:00:00,94.5728577174285
2024-11-09 12:00:00,
2024-11-09 13:00:00,
2024-11-09 14:00:00,95.414376887562
2024-11-09 15:00:00,95.1597598422484
2024-11-09 16:00:00,94.5725417564217
2024-11-09 17:00:00,93.8090436124956
2024-11-09 18:00:00,94.8061686519414
2024-11-09 19:00:00,95.7767800140008
2024-11-09 20:00:00,93.3515623155013
2024-11-09 21:00:00,95.0954964931741
2024-11-09 22:00:00,95.2046081368264
2024-11-09 23:00:00,94.495601725056
2024-11-10 00:00:00,112.302322113845
2024-11-10 01:00:00,91.3110875550227
2024-11-10 02:00:00,91.1175189786926
2024-11-10 03:00:00,93.6083698413446
2024-11-10 04:00:00,93.6256416435195
2024-11-10 06:00:00,91.7226585442879
2024-11-10 07:00:00,93.2184149577893
2024-11-10 08:00:00,94.6913010150753
2024-11-10 09:00:00,91.9050089424526
2024-11-10 10:00:00,95.1211269086955
2024-11-10 11:00:00,95.9690606202989
2024-11-10 12:00:00,94.5419622930734
2024-11-10 13:00:00,94.4218797632466
2024-11-10 14:00:00,95.0636529004805
2024-11-10 15:00:00,95.400202944881
2024-11-10 16:00:00,91.4491288843776
2024-11-10 17:00:00,96.393135295464
2024-11-10 18:00:00,92.4011892799549
2024-11-10 19:00:00,93.4767544404174
2024-11-10 20:00:00,91.9736894230335
2024-11-10 21:00:00,91.4859307358995
2024-11-11 09:00:00,92.6792538546433
2024-11-11 10:00:00,92.1180176559023
2024-11-11 11:00:00,93.5754879947187
2024-11-11 12:00:00,94.3203098083268
2024-11-11 13:00:00,92.012823222498
2024-11-11 14:00:00,93.7005586532204
2024-11-11 15:00:00,92.2478928230813
2024-11-11 16:00:00,95.1173905684393
2024-11-11 17:00:00,93.0047701834074
2024-11-11 18:00:00,92.8649786180789
2024-11-11 19:00:00,93.2415756516491
2024-11-11 20:00:00,91.7165785757559
2024-11-11 21:00:00,92.1965712883233
2024-11-11 22:00:00,93.9243243532391
2024-11-11 23:00:00,95.0427529798143
2024-11-12 00:00:00,91.3973907719714
2024-11-12 01:00:00,91.7806627491136
2024-11-12 02:00:00,91.3974310921303
2024-11-12 03:00:00,90.4843495257508
2024-11-12 04:00:00,90.7544779489118
2024-11-12 05:00:00,91.1472141620433
2024-11-12 06:00:00,94.9619420036021
2024-11-12 07:00:00,92.8458219418743
2024-11-12 08:00:00,93.2715138574173
2024-11-12 09:00:00,91.5182365699412
2024-11-12 10:00:00,92.1334477148895
2024-11-12 11:00:00,92.9744906963741
2024-11-12 12:00:00,93.3041576978819
2024-11-12 13:00:00,92.5109416448806
2024-11-12 14:00:00,94.3089714167233
2024-11-12 15:00:00,91.6445694421834
2024-11-12 16:00:00,93.1656687700694
2024-11-12 17:00:00,93.3409607808197
2024-11-12 18:00:00,94.1927568630757
2024-11-12 19:00:00,92.9708156116139
2024-11-12 20:00:00,94.3748870916302
2024-11-12 21:00:00,93.3466534611691
2024-11-12 22:00:00,92.3806808154359
2024-11-12 23:00:00,94.2501273590411
2024-11-13 00:00:00,93.1463470602314
2024-11-13 01:00:00,91.5069591928556
2024-11-13 02:00:00,89.9978183248437
2024-11-13 03:00:00,90.5140001990991
2024-11-13 04:00:00,92.5542057211508
2024-11-13 05:00:00,91.6304622110704
2024-11-13 06:00:00,93.2351448180962
2024-11-13 07:00:00,92.4546185777997
2024-11-13 08:00:00,92.2472647879779
2024-11-13 09:00:00,91.1815377102421
2024-11-13 10:00:00,91.9026515181182
2024-11-13 11:00:00,91.1159771351018
2024-11-13 12:00:00,92.1814058610932
2024-11-13 13:00:00,91.6950280155383
2024-11-13 14:00:00,92.7739205914487
2024-11-13 15:00:00,90.4644983438045
2024-11-13 16:00:00,92.3837785952765
2024-11-13 17:00:00,90.8931050084634
2024-11-13 18:00:00,92.4705739423492
2024-11-13 19:00:00,91.6283395621317
2024-11-13 20:00:00,90.9522817089405
2024-11-13 21:00:00,91.7293027827398
2024-11-13 22:00:00,91.6699210009782
2024-11-13 23:00:00,93.0671254458096
2024-11-14 00:00:00,92.5210989069416
2024-11-14 01:00:00,92.8083969421037
2024-11-14 02:00:00,90.3823423044557
2024-11-14 03:00:00,90.125983311874
2024-11-14 04:00:00,92.7525548227804
2024-11-14 05:00:00,91.1005390124507
2024-11-14 06:00:00,91.0708791722605
2024-11-14 07:00:00,91.0437168235709
2024-11-14 08:00:00,90.8570885756939
2024-11-14 09:00:00,89.5520341398206
2024-11-14 10:00:00,80.0406936599117
2024-11-14 11:00:00,90.5781619197302
2024-11-14 12:00:00,92.0611668819808
2024-11-14 13:00:00,93.4714450383584
2024-11-14 14:00:00,90.2083045308554
2024-11-14 15:00:00,90.78580356114
2024-11-14 16:00:00,90.5798522475784
2024-11-14 17:00:00,91.4892314695535
2024-11-14 18:00:00,90.3521019994967
2024-11-14 19:00:00,90.3256362865981
2024-11-14 20:00:00,91.8172436167674
2024-11-14 21:00:00,90.0304748337065
2024-11-14 22:00:00,91.2351827700163
2024-11-14 23:00:00,90.2108352919736
2024-11-15 01:00:00,88.4963744802018
2024-11-15 12:00:00,91.0127755968789
2024-11-15 13:00:00,89.9907176435485
2024-11-15 14:00:00,88.9290171968865
2024-11-15 15:00:00,92.0770281914736
2024-11-15 16:00:00,89.443119129854
2024-11-15 17:00:00,89.4298773084404
2024-11-15 18:00:00,90.2375719296698
2024-11-15 19:00:00,90.5110430508976
2024-11-15 20:00:00,91.8749371244966
2024-11-15 21:00:00,89.0676216956469
2024-11-15 22:00:00,88.4473385916901
2024-11-15 23:00:00,88.7701208424507
2024-11-16 00:00:00,89.9836650744371
2024-11-16 01:00:00,90.3979267145028
2024-11-16 02:00:00,89.1172044980407
2024-11-16 03:00:00,89.7972998609684
2024-11-16 04:00:00,89.9151054357884
2024-11-16 05:00:00,90.5349056132225
2024-11-16 06:00:00,88.1073847382794
2024-11-16 07:00:00,90.8140591997157
2024-11-16 08:00:00,90.1493971656494
2024-11-16 09:00:00,88.623993732026
2024-11-16 10:00:00,89.3189512241213
2024-11-16 11:00:00,92.3488831907389
2024-11-16 12:00:00,89.6053190937711
2024-11-16 13:00:00,91.7119463358487
2024-11-16 14:00:00,90.0334225674259
2024-11-16 15:00:00,91.3330997785151
2024-11-16 16:00:00,88.4962086007891
2024-11-16 17:00:00,90.1629732365962
2024-11-16 18:00:00,90.7576861277543
2024-11-16 19:00:00,90.6751989349703
2024-11-16 20:00:00,90.3582685957141
2024-11-16 21:00:00,90.8251717447491
2024-11-16 22:00:00,88.380810042897
2024-11-16 23:00:00,91.6984809779572
2024-11-17 00:00:00,89.7101469388462
2024-11-17 01:00:00,91.1276924704855
2024-11-17 02:00:00,87.5611020086314
2024-11-17 03:00:00,88.7015421378342
2024-11-17 04:00:00,89.5639685573194
2024-11-17 05:00:00,90.4493677786232
2024-11-17 06:00:00,87.9610572058876
2024-11-17 07:00:00,90.8442498884605
2024-11-17 08:00:00,89.4617509652931
2024-11-17 09:00:00,86.1680224081126
2024-11-17 10:00:00,89.2336961062287
2024-11-17 11:00:00,87.2552818003879
2024-11-17 12:00:00,89.4503792360643
2024-11-17 13:00:00,89.4844912533795
2024-11-17 14:00:00,89.9916839893594
2024-11-17 15:00:00,88.6881438603689
2024-11-17 16:00:00,87.0783129155299
2024-11-17 17:00:00,88.6854938261477
2024-11-17 18:00:00,92.1626739060154
2024-11-17 19:00:00,88.4306133615448
2024-11-17 20:00:00,87.2563676965172
2024-11-17 21:00:00,89.5956456330654
2024-11-17 22:00:00,89.2738659898595
2024-11-17 23:00:00,88.9966753325195
2024-11-18 00:00:00,87.6021533973224
2024-11-18 01:00:00,87.5825620757767
2024-11-18 02:00:00,86.5109848648386
2024-11-18 03:00:00,88.9034665435128
2024-11-18 04:00:00,87.6645738569674
2024-11-18 05:00:00,86.7873877351724
2024-11-18 06:00:00,86.131591078029
2024-11-18 07:00:00,77.6545171008188
2024-11-18 08:00:00,88.5488851788217
2024-11-18 09:00:00,90.4475871365131
2024-11-18 10:00:00,87.9236838644096
2024-11-18 11:00:00,88.8257006151134
2024-11-18 12:00:00,89.5746533914419
2024-11-18 13:00:00,87.8312051874981
2024-11-18 14:00:00,90.786170944986
2024-11-18 15:00:00,86.6612916888782
2024-11-18 16:00:00,88.3667686302716
2024-11-18 17:00:00,88.0607700373105
2024-11-18 18:00:00,89.1039562626335
2024-11-18 19:00:00,89.0095543087034
2024-11-18 20:00:00,88.0132531075012
2024-11-18 21:00:00,87.9874639406459
2024-11-18 22:00:00,89.0884009871296
2024-11-18 23:00:00,86.101897829978
2024-11-19 00:00:00,86.1921549615383
2024-11-19 01:00:00,87.1468961363074
2024-11-19 02:00:00,87.9388205750953
2024-11-19 03:00:00,89.2983434617496
2024-11-19 14:00:00,89.9617845662941
2024-11-19 15:00:00,90.3159641671625
2024-11-19 16:00:00,90.4080882561855
2024-11-19 17:00:00,91.0472190933129
2024-11-19 18:00:00,88.5921345307431
2024-11-19 19:00:00,87.8557375595542
2024-11-19 20:00:00,88.5124690248137
2024-11-19 21:00:00,87.6200441629797
2024-11-19 22:00:00,88.0141983838671
2024-11-19 23:00:00,87.9858223958126
2024-11-20 00:00:00,87.0447868148365
2024-11-20 01:00:00,87.6740300413973
2024-11-20 02:00:00,88.0713755747461
2024-11-20 03:00:00,88.2205700963785
2024-11-20 04:00:00,87.2034815704558
2024-11-20 05:00:00,87.7891477096852
2024-11-20 06:00:00,86.267721214337
2024-11-20 07:00:00,88.737278603371
2024-11-20 08:00:00,87.1712622526613
2024-11-20 09:00:00,86.8330693043286
2024-11-20 10:00:00,87.8494181329899
2024-11-20 11:00:00,88.9397250621608
2024-11-20 12:00:00,87.6502257795243
2024-11-20 13:00:00,88.6930138964285
2024-11-20 14:00:00,88.3996812292581
2024-11-20 15:00:00,87.9321861398029
2024-11-20 16:00:00,87.7804159182857
2024-11-20 17:00:00,87.0144311791754
2024-11-20 18:00:00,87.4748228783426
2024-11-20 19:00:00,88.33888678317
2024-11-20 20:00:00,87.2210418104124
2024-11-20 21:00:00,88.2042408883763
2024-11-20 22:00:00,87.380385561859
2024-11-20 23:00:00,86.9145972241736
2024-11-21 00:00:00,89.7467912520664
2024-11-21 01:00:00,87.8475986074417
2024-11-21 02:00:00,87.5170685757747
2024-11-21 03:00:00,87.5353601817762
2024-11-21 04:00:00,88.4401898395117
2024-11-21 05:00:00,86.0434678964929
2024-11-21 06:00:00,88.169398723898
2024-11-21 08:00:00,88.806627553683
2024-11-21 09:00:00,87.5050242646115
2024-11-21 10:00:00,88.6771587710993
2024-11-21 11:00:00,88.516086936088
2024-11-21 12:00:00,88.1484910323366
2024-11-21 13:00:00,88.0883973228965
2024-11-21 14:00:00,87.5942426933901
2024-11-21 15:00:00,88.5099500516414
2024-11-21 16:00:00,85.5470756554595
2024-11-21 17:00:00,86.1551143311599
2024-11-21 18:00:00,88.7027470353984
2024-11-21 19:00:00,87.0460873530161
2024-11-21 20:00:00,88.3848792753992
2024-11-21 21:00:00,87.1433076694211
2024-11-21 22:00:00,87.8971197241524
2024-11-21 23:00:00,85.9780550215785
2024-11-22 00:00:00,
2024-11-22 01:00:00,
2024-11-22 02:00:00,
2024-11-22 03:00:00,
2024-11-22 04:00:00,
2024-11-22 05:00:00,
2024-11-22 06:00:00,
2024-11-22 07:00:00,
2024-11-22 08:00:00,
2024-11-22 09:00:00,
2024-11-22 10:00:00,
2024-11-22 11:00:00,
2024-11-22 12:00:00,
2024-11-22 13:00:00,
2024-11-22 14:00:00,
2024-11-22 15:00:00,
2024-11-22 16:00:00,
2024-11-22 17:00:00,
2024-11-22 18:00:00,
2024-11-22 19:00:00,
2024-11-22 20:00:00,
2024-11-22 21:00:00,
2024-11-22 22:00:00,
2024-11-22 23:00:00,
2024-11-23 00:00:00,104.641802062371
2024-11-23 01:00:00,105.21927167553
2024-11-23 02:00:00,103.714411008022
2024-11-23 03:00:00,105.053934869643
2024-11-23 04:00:00,104.599443905042
2024-11-23 15:00:00,105.249672001341
2024-11-23 16:00:00,106.393926370855
2024-11-23 17:00:00,104.091009687685
2024-11-23 18:00:00,103.716079426531
2024-11-23 19:00:00,105.391851872567
2024-11-23 20:00:00,104.121833005133
2024-11-23 21:00:00,105.595913380628
2024-11-23 22:00:00,104.74209231387
2024-11-23 23:00:00,104.906031690901
2024-11-24 00:00:00,103.884881602926
2024-11-24 01:00:00,104.849775212617
2024-11-24 02:00:00,104.166424445816
2024-11-24 03:00:00,104.791997909415
2024-11-24 04:00:00,104.629148466842
2024-11-24 05:00:00,104.942344980594
2024-11-24 06:00:00,104.876143487381
2024-11-24 07:00:00,103.22641744866
2024-11-24 08:00:00,104.239549164734
2024-11-24 09:00:00,104.098152954709
2024-11-24 10:00:00,105.083051679901
2024-11-24 11:00:00,103.059946411827
2024-11-24 12:00:00,103.585799738387
2024-11-24 13:00:00,104.045476730287
2024-11-24 14:00:00,104.811153675995
2024-11-24 15:00:00,104.055137582439
2024-11-24 16:00:00,104.373117723439
2024-11-24 17:00:00,104.775748809435
2024-11-24 18:00:00,104.547753130379
2024-11-24 19:00:00,103.942294785435
2024-11-24 20:00:00,103.555941002847
2024-11-24 21:00:00,103.112146480056
2024-11-24 22:00:00,104.143096426775
2024-11-24 23:00:00,105.375231749868
2024-11-25 00:00:00,103.566567961328
2024-11-25 01:00:00,103.560676137768
2024-11-25 02:00:00,102.664644133086
2024-11-25 03:00:00,103.704899920272
2024-11-25 04:00:00,103.539521475559
2024-11-25 05:00:00,105.123786877889
2024-11-25 06:00:00,103.583878788576
2024-11-25 07:00:00,103.709918029717
2024-11-25 08:00:00,103.803222939658
2024-11-25 09:00:00,103.16463168213
2024-11-25 10:00:00,103.345346350522
2024-11-25 11:00:00,104.870244181034
2024-11-25 12:00:00,103.869696695176
2024-11-25 13:00:00,103.551007219682
2024-11-25 14:00:00,103.863199309818
2024-11-25 15:00:00,104.096276574075
2024-11-25 16:00:00,102.808537922525
2024-11-25 17:00:00,102.9867190121
2024-11-25 18:00:00,104.022411020408
2024-11-25 19:00:00,103.479266356682
2024-11-25 20:00:00,104.738716133969
2024-11-25 21:00:00,102.666900125364
2024-11-25 22:00:00,104.076075219437
2024-11-25 23:00:00,104.027824320587
2024-11-26 00:00:00,105.462574096123
2024-11-26 01:00:00,102.407883383591
2024-11-26 02:00:00,103.929615927956
2024-11-26 03:00:00,112.342246456891
2024-11-26 04:00:00,103.933929055017
2024-11-26 05:00:00,103.345661628913
2024-11-26 06:00:00,100.800142447406
2024-11-26 07:00:00,101.677171723477
2024-11-26 08:00:00,102.122238125097
2024-11-26 09:00:00,103.662754203412
2024-11-26 10:00:00,100.696901556453
2024-11-26 11:00:00,104.38234894272
2024-11-26 12:00:00,102.145835739058
2024-11-26 13:00:00,103.422658354818
2024-11-26 14:00:00,101.513172586955
2024-11-26 15:00:00,104.33168038483
2024-11-26 16:00:00,102.403546519804
2024-11-26 17:00:00,103.373968388725
2024-11-26 18:00:00,102.207514121752
2024-11-26 19:00:00,101.942327937767
2024-11-26 20:00:00,101.794760687319
2024-11-26 21:00:00,105.348309058445
2024-11-26 22:00:00,104.430256455464
2024-11-26 23:00:00,104.50720133191
2024-11-27 00:00:00,102.134333535531
2024-11-27 01:00:00,102.867381812855
2024-11-27 02:00:00,102.110131975737
2024-11-27 03:00:00,101.024481677669
2024-11-27 04:00:00,102.42328412719
2024-11-27 05:00:00,101.885729727149
2024-11-27 06:00:00,101.258108973258
2024-11-27 07:00:00,102.17930100121
2024-11-27 08:00:00,103.177427914397
2024-11-27 09:00:00,104.391816749148
2024-11-27 10:00:00,101.925235443033
2024-11-27 11:00:00,102.989230323325
2024-11-27 12:00:00,100.775615098267
2024-11-27 13:00:00,103.087530515995
2024-11-27 14:00:00,102.48730866769
2024-11-27 16:00:00,102.522578988277
2024-11-27 17:00:00,101.222081817093
2024-11-27 18:00:00,102.258731610503
2024-11-27 19:00:00,102.228104640905
2024-11-27 20:00:00,101.657304851818
2024-11-28 08:00:00,101.078498691571
2024-11-28 09:00:00,101.381470342336
2024-11-28 10:00:00,101.185942657539
2024-11-28 11:00:00,100.775416721121
2024-11-28 12:00:00,102.760170212172
2024-11-28 13:00:00,102.62766037487
2024-11-28 14:00:00,101.838717674724
2024-11-28 15:00:00,101.393993889193
2024-11-28 16:00:00,100.799448748906
2024-11-28 17:00:00,101.251208169132
2024-11-28 18:00:00,98.8931333325795
2024-11-28 19:00:00,102.741350927163
2024-11-28 20:00:00,100.815674180984
2024-11-28 21:00:00,98.138321008286
2024-11-28 22:00:00,103.080263715938
2024-11-28 23:00:00,102.81123086761
2024-11-29 00:00:00,100.564128434257
2024-11-29 11:00:00,101.937010479463
2024-11-29 12:00:00,101.058105593983
2024-11-29 13:00:00,101.869195846164
2024-11-29 14:00:00,100.980641802838
2024-11-29 15:00:00,100.42874984071
2024-11-29 16:00:00,99.133499300575
2024-11-29 17:00:00,101.5461522812
2024-11-29 18:00:00,99.0629412952164
2024-11-29 19:00:00,101.295160107854
2024-11-29 20:00:00,102.361898872201
2024-11-29 21:00:00,102.000923057234
2024-11-29 22:00:00,100.392231819074
2024-11-29 23:00:00,99.2751689868094
2024-11-30 00:00:00,99.3891953331738
2024-11-30 01:00:00,100.653442106196
2024-11-30 02:00:00,100.318751068487
2024-11-30 03:00:00,98.9694374488252
2024-11-30 04:00:00,70.6714934988524
2024-11-30 05:00:00,99.1641926506083
2024-11-30 06:00:00,103.117814543777
2024-11-30 07:00:00,100.694536733163
2024-11-30 08:00:00,102.845704835717
2024-11-30 09:00:00,97.1574827933033
2024-11-30 10:00:00,99.258166456741
2024-11-30 11:00:00,99.5131521895818
2024-11-30 12:00:00,99.9152225108242
2024-11-30 13:00:00,98.3691209282236
2024-11-30 14:00:00,98.7671408454735
2024-11-30 15:00:00,101.345825769573
2024-11-30 16:00:00,102.571213626191
2024-11-30 17:00:00,98.1316562157741
2024-11-30 18:00:00,101.200743749837
2024-11-30 19:00:00,96.9742305496844
2024-11-30 20:00:00,100.47354205128
2024-11-30 21:00:00,99.6698780426464
2024-11-30 22:00:00,99.6563898888209
2024-11-30 23:00:00,100.068588452611
2024-12-01 00:00:00,99.5171232143762
2024-12-01 01:00:00,99.5876527889208
2024-12-01 02:00:00,99.3138537326792
2024-12-01 03:00:00,99.5435506876011
2024-12-01 04:00:00,99.5065881501261
2024-12-01 05:00:00,99.7926967098009
2024-12-01 06:00:00,99.5614078158688
2024-12-01 07:00:00,99.0216983624031
2024-12-01 08:00:00,98.9098268157917
2024-12-01 09:00:00,99.4165844864186
2024-12-01 10:00:00,99.3156134486144
2024-12-01 11:00:00,99.5116661810338
2024-12-01 12:00:00,98.9900302874309
2024-12-01 13:00:00,100.437245485462
2024-12-01 14:00:00,99.7967979692345
2024-12-01 15:00:00,99.5025174143691
2024-12-01 16:00:00,99.4776668961366
2024-12-01 17:00:00,99.4558295066706
2024-12-01 18:00:00,99.5574098113955
2024-12-01 19:00:00,99.2759818228503
2024-12-01 20:00:00,98.8922846385795
2024-12-01 21:00:00,98.803512546591
2024-12-01 22:00:00,99.7706053742256
2024-12-01 23:00:00,99.434361251259
2024-12-02 00:00:00,98.2556628226926
2024-12-02 01:00:00,98.5796237912149
2024-12-02 03:00:00,98.4173897820768
2024-12-02 04:00:00,98.4785166929772
2024-12-02 05:00:00,99.6266153361954
2024-12-02 06:00:00,99.1304665289724
2024-12-02 07:00:00,99.408493020912
2024-12-02 08:00:00,99.3993503008214
2024-12-04 19:00:00,98.2112811461693
2024-12-04 20:00:00,98.4968847672912
2024-12-04 21:00:00,97.5760904515918
2024-12-04 22:00:00,98.5079593226651
2024-12-04 23:00:00,98.2789254911263
2024-12-05 00:00:00,97.898092902319
2024-12-05 01:00:00,98.0926895669073
2024-12-05 02:00:00,97.9587015927725
2024-12-05 03:00:00,82.9114240340873
2024-12-05 04:00:00,98.3443979830806
2024-12-05 05:00:00,98.4334718314232
2024-12-05 06:00:00,98.071714587053
2024-12-05 07:00:00,98.9556602747192
2024-12-05 08:00:00,97.3324376025038
2024-12-05 09:00:00,98.5031059874795
2024-12-05 10:00:00,98.6020321315246
2024-12-05 11:00:00,97.5173723230181
2024-12-05 12:00:00,98.2532048785219
2024-12-05 13:00:00,98.0781672799875
2024-12-05 14:00:00,98.4142318503858
2024-12-05 15:00:00,97.9898642553377
2024-12-05 16:00:00,98.4300466850512
2024-12-05 17:00:00,98.2061397770563
2024-12-05 18:00:00,97.8345777434717
2024-12-05 19:00:00,97.5713306573263
2024-12-05 20:00:00,98.1669271707102
2024-12-05 21:00:00,98.1392360201069
2024-12-05 22:00:00,97.9311810056471
2024-12-05 23:00:00,98.5898721350494
2024-12-06 00:00:00,96.6247486986592
2024-12-06 01:00:00,96.5684067975617
2024-12-06 02:00:00,97.1284862535111
2024-12-06 03:00:00,96.6889489862697
2024-12-06 04:00:00,97.3970465590747
2024-12-06 05:00:00,97.4695300208489
2024-12-06 06:00:00,96.849386939104
2024-12-06 07:00:00,96.8451568454652
2024-12-06 08:00:00,97.6348418550672
2024-12-06 09:00:00,97.3983163023597
2024-12-06 10:00:00,96.290375020263
2024-12-06 11:00:00,97.3341765280869
2024-12-06 12:00:00,96.8375294663389
2024-12-06 13:00:00,97.0735998781995
2024-12-06 14:00:00,96.860172808865
2024-12-06 15:00:00,97.1898247418165
2024-12-06 16:00:00,97.1925579102441
2024-12-06 17:00:00,96.1344640849268
2024-12-06 18:00:00,96.8010454527537
2024-12-06 19:00:00,97.6114317236806
2024-12-06 20:00:00,96.8368236443933
2024-12-06 21:00:00,97.2314774241367
2024-12-06 22:00:00,99.81246884877
2024-12-06 23:00:00,96.5431843541331
2024-12-07 00:00:00,95.9979303834642
2024-12-07 01:00:00,97.0831749954139
2024-12-07 02:00:00,96.4958202446266
2024-12-07 03:00:00,96.5359632604455
2024-12-07 04:00:00,96.6138705295317
2024-12-07 05:00:00,96.644501710107
2024-12-07 06:00:00,97.3869745081301
2024-12-07 07:00:00,97.2468219131416
2024-12-07 08:00:00,97.1492390298281
2024-12-07 09:00:00,96.6583761565222
2024-12-07 10:00:00,97.3629536183622
2024-12-07 11:00:00,96.8990398609846
2024-12-07 12:00:00,96.2548317310151
2024-12-07 13:00:00,96.5326334558249
2024-12-07 14:00:00,96.8637595367862
2024-12-07 15:00:00,97.0693711016325
2024-12-07 16:00:00,96.5074738046832
2024-12-07 17:00:00,97.6683808687468
2024-12-07 18:00:00,96.3503484819124
2024-12-07 19:00:00,97.0072648129252
2024-12-07 20:00:00,96.6199344374572
2024-12-07 21:00:00,97.0983449514071
2024-12-07 22:00:00,96.8686280415391
2024-12-07 23:00:00,96.6206436264458
2024-12-08 00:00:00,96.4024984221581
2024-12-08 01:00:00,94.9622275810989
2024-12-08 02:00:00,95.897798233942
2024-12-08 03:00:00,96.8938124686859
2024-12-08 04:00:00,95.6459073127134
2024-12-08 05:00:00,97.2416715785152
2024-12-08 06:00:00,95.1306801159103
2024-12-08 07:00:00,95.767316224653
2024-12-08 08:00:00,96.1773214491413
2024-12-08 09:00:00,95.9183709331468
2024-12-08 10:00:00,96.0251764222446
2024-12-08 11:00:00,96.017166566673
2024-12-08 12:00:00,96.967837226528
2024-12-08 13:00:00,98.9563984449099
2024-12-08 14:00:00,96.3538725554499
2024-12-08 15:00:00,96.2489266900778
2024-12-08 16:00:00,95.7603881591219
2024-12-08 17:00:00,96.5351027053362
2024-12-08 18:00:00,96.9262063422112
2024-12-08 19:00:00,96.34272078804
2024-12-08 20:00:00,96.6973109125307
2024-12-08 21:00:00,96.973038467046
2024-12-08 22:00:00,96.3548433863838
2024-12-08 23:00:00,95.6587172673189
2024-12-09 00:00:00,96.2670275513753
2024-12-09 01:00:00,95.8049420263117
2024-12-09 02:00:00,95.5640439362763
2024-12-09 03:00:00,94.7697758046749
2024-12-09 04:00:00,95.9581913521064
2024-12-09 05:00:00,95.4171430762458
2024-12-09 06:00:00,95.3593894290017
2024-12-09 07:00:00,95.9163814028547
2024-12-09 08:00:00,95.2968362869976
2024-12-09 09:00:00,95.2199198547295
2024-12-09 10:00:00,95.8055101120884
2024-12-09 11:00:00,96.0003322589149
2024-12-09 12:00:00,96.0380477975375
2024-12-09 13:00:00,96.6942833276569
2024-12-09 14:00:00,95.7611898550511
2024-12-09 15:00:00,95.2443033689067
2024-12-09 16:00:00,96.6006791057484
2024-12-09 17:00:00,95.3876382903207
2024-12-09 18:00:00,94.9542553537863
2024-12-09 19:00:00,94.9942357697142
2024-12-09 20:00:00,94.9430243300406
2024-12-09 21:00:00,95.2154278633219
2024-12-09 22:00:00,95.8998768040702
2024-12-09 23:00:00,95.8598289207963
2024-12-10 00:00:00,95.2190816791442
2024-12-10 01:00:00,94.969802898518
2024-12-10 02:00:00,95.5219769876503
2024-12-10 03:00:00,94.9168050181977
2024-12-10 04:00:00,94.6553842273128
2024-12-10 05:00:00,95.310855151998
2024-12-10 06:00:00,94.341742203839
2024-12-10 07:00:00,
2024-12-10 08:00:00,
2024-12-10 09:00:00,
2024-12-10 10:00:00,95.219312759669
2024-12-10 11:00:00,95.2484006106976
2024-12-10 12:00:00,94.7856690566877
2024-12-10 13:00:00,95.6386210385183
2024-12-10 14:00:00,94.9468259972858
2024-12-10 15:00:00,94.7705305317627
2024-12-10 16:00:00,95.7663961038243
2024-12-10 17:00:00,95.060537614627
2024-12-10 18:00:00,95.5170726853122
2024-12-10 19:00:00,94.761279106815
2024-12-10 20:00:00,95.6657416667459
2024-12-10 21:00:00,94.9698856332849
2024-12-10 22:00:00,94.4997242825563
2024-12-10 23:00:00,95.2129589430124
2024-12-11 00:00:00,94.4401844769232
2024-12-11 01:00:00,94.244933717094
2024-12-11 02:00:00,94.9036330702617
2024-12-11 03:00:00,94.5961801765991
2024-12-11 04:00:00,94.3203014149426
2024-12-11 05:00:00,94.9595950143285
2024-12-11 06:00:00,93.8990640218837
2024-12-11 07:00:00,94.2419100095125
2024-12-11 08:00:00,94.2641860918683
2024-12-11 09:00:00,95.3881484010377
2024-12-11 10:00:00,95.1495095396424
2024-12-11 11:00:00,94.8289793143544
2024-12-11 12:00:00,94.0076350956913
2024-12-11 13:00:00,95.0917812873827
2024-12-11 14:00:00,
2024-12-11 15:00:00,
2024-12-11 16:00:00,
2024-12-11 18:00:00,
2024-12-12 05:00:00,
2024-12-12 06:00:00,94.9450100171595
2024-12-12 07:00:00,94.2622637750728
2024-12-12 08:00:00,94.4359273698961
2024-12-12 09:00:00,93.7610142303569
2024-12-12 10:00:00,94.0012509921925
2024-12-12 11:00:00,94.7290823667815
2024-12-12 12:00:00,94.3599188742327
2024-12-12 13:00:00,94.7963518890669
2024-12-12 14:00:00,93.6780212118987
2024-12-12 15:00:00,93.1878024855305
2024-12-12 16:00:00,94.6383808188367
2024-12-12 17:00:00,93.5723048995104
2024-12-12 18:00:00,93.3378154037942
2024-12-12 19:00:00,93.9396461230233
2024-12-12 20:00:00,106.478789644654
2024-12-12 21:00:00,93.0407974903965
2024-12-12 22:00:00,94.8787062161625
2024-12-12 23:00:00,93.2677998881765
2024-12-13 00:00:00,92.5505371506538
2024-12-13 01:00:00,93.8889353511851
2024-12-13 02:00:00,93.3497300712642
2024-12-13 03:00:00,93.0141037030079
2024-12-13 04:00:00,92.8443286109206
2024-12-13 05:00:00,93.4912966011122
2024-12-13 06:00:00,93.4625132103221
2024-12-13 07:00:00,93.7800234117611
2024-12-13 08:00:00,92.8700933173036
2024-12-13 09:00:00,93.4595988936392
2024-12-13 10:00:00,92.6422184855227
2024-12-13 11:00:00,93.5340786662071
2024-12-13 12:00:00,93.0199959686229
2024-12-13 13:00:00,93.3724794739793
2024-12-13 14:00:00,93.3597639572047
2024-12-13 15:00:00,93.3505897167201
2024-12-13 16:00:00,92.719736960584
2024-12-13 17:00:00,93.2423170388572
2024-12-13 18:00:00,93.7706140579092
2024-12-13 19:00:00,94.4686441630228
2024-12-13 20:00:00,93.3383338803911
2024-12-13 21:00:00,93.0233135184894
2024-12-13 22:00:00,93.1242877976061
2024-12-13 23:00:00,93.4604177205169
2024-12-14 01:00:00,94.1094883339723
2024-12-14 02:00:00,93.1416438429392
2024-12-14 03:00:00,93.134979040775
2024-12-14 04:00:00,93.0403617091153
2024-12-14 05:00:00,93.5216239915061
2024-12-14 06:00:00,93.2944802583045
2024-12-14 07:00:00,92.5386163459658
2024-12-14 08:00:00,93.0887413068154
2024-12-14 09:00:00,93.6575108853094
2024-12-14 10:00:00,92.9577631119765
2024-12-14 11:00:00,93.6137066399971
2024-12-14 12:00:00,94.097998337726
2024-12-14 13:00:00,93.1704874687143
2024-12-14 14:00:00,93.6210074156942
2024-12-14 15:00:00,93.2648755773977
2024-12-14 16:00:00,93.3333640267258
2024-12-14 17:00:00,93.8163780814739
2024-12-14 18:00:00,92.833137997294
2024-12-14 19:00:00,93.4245883767286
2024-12-14 20:00:00,93.8198411400821
2024-12-14 21:00:00,93.0541489251825
2024-12-14 22:00:00,93.4578295183813
2024-12-14 23:00:00,92.9092585057506
2024-12-15 00:00:00,93.766382765011
2024-12-15 01:00:00,93.1443216692871
2024-12-15 02:00:00,93.5027485165072
2024-12-15 03:00:00,93.1991846024639
2024-12-15 04:00:00,92.1761889910375
2024-12-15 05:00:00,93.3144777270004
2024-12-15 06:00:00,92.7442456668811
2024-12-15 07:00:00,93.5691527469989
2024-12-15 08:00:00,92.7668705282654
2024-12-15 09:00:00,92.827166808965
2024-12-15 12:00:00,93.9062364351218
2024-12-15 13:00:00,88.0396964229119
2024-12-15 14:00:00,92.9095409341226
2024-12-15 15:00:00,93.3070913792419
2024-12-15 16:00:00,92.9383277178895
2024-12-15 17:00:00,92.8283496718211
2024-12-15 18:00:00,92.5267220366375
2024-12-15 19:00:00,92.774745249177
2024-12-16 08:00:00,92.448897604724
2024-12-16 09:00:00,92.9850241300529
2024-12-16 10:00:00,92.1285672293118
2024-12-16 11:00:00,92.0134871599544
2024-12-16 12:00:00,92.3006849881441
2024-12-16 13:00:00,92.4920969855135
2024-12-16 14:00:00,93.3804124424175
2024-12-16 15:00:00,92.6774766482336
2024-12-16 16:00:00,92.8078567492561
2024-12-16 17:00:00,92.7155105081598
2024-12-16 18:00:00,92.4396676603679
2024-12-16 19:00:00,91.8247278040905
2024-12-16 20:00:00,93.0834066262532
2024-12-16 21:00:00,92.2196948495219
2024-12-16 22:00:00,92.7882112455118
2024-12-16 23:00:00,92.1970672482822
2024-12-17 00:00:00,90.8379623153997
2024-12-17 01:00:00,92.407162396992
2024-12-17 02:00:00,90.8466961898166
2024-12-17 03:00:00,91.2838784121451
2024-12-17 04:00:00,91.4419323809257
2024-12-17 05:00:00,91.3311081443903
2024-12-17 06:00:00,91.6215258797268
2024-12-17 07:00:00,91.20921849658
2024-12-17 08:00:00,91.8730566546437
2024-12-17 09:00:00,91.9401434150372
2024-12-17 10:00:00,90.7483873277299
2024-12-17 11:00:00,91.4821599517146
2024-12-17 12:00:00,91.8738686763122
2024-12-17 13:00:00,91.711064190076
2024-12-17 14:00:00,91.5747544477741
2024-12-17 15:00:00,91.2310196611748
2024-12-17 16:00:00,92.0560684699211
2024-12-17 17:00:00,91.5973876255268
2024-12-17 18:00:00,91.2363521067182
2024-12-17 19:00:00,91.6836935935374
2024-12-17 20:00:00,91.085071967166
2024-12-17 21:00:00,91.3081110967951
2024-12-17 22:00:00,92.31073981778
2024-12-17 23:00:00,90.8886788554123
2024-12-18 00:00:00,91.305374631066
2024-12-18 01:00:00,91.5059069392771
2024-12-18 03:00:00,90.457945962919
2024-12-18 04:00:00,91.8010017699083
2024-12-18 05:00:00,90.6914321489523
2024-12-18 06:00:00,91.9191210104966
2024-12-18 07:00:00,91.7358287674231
2024-12-18 08:00:00,91.3369797830514
2024-12-18 09:00:00,90.9698548181291
2024-12-18 10:00:00,91.8733295846865
2024-12-18 11:00:00,90.9830429837604
2024-12-18 12:00:00,90.9493982388416
2024-12-18 13:00:00,91.4285797634422
2024-12-18 14:00:00,91.7738577730295
2024-12-18 15:00:00,91.4213408240039
2024-12-18 16:00:00,90.820887540363
2024-12-18 17:00:00,91.5937424887348
2024-12-18 18:00:00,91.9612794525678
2024-12-18 19:00:00,90.9245699532299
2024-12-18 20:00:00,90.5639780864454
2024-12-18 21:00:00,90.3741329771662
2024-12-18 22:00:00,91.403776635258
2024-12-18 23:00:00,91.3244595156914
2024-12-19 00:00:00,
2024-12-19 01:00:00,90.7314163357796
2024-12-19 02:00:00,90.3832321488044
2024-12-19 03:00:00,90.4850535670018
2024-12-19 04:00:00,90.4136768617596
2024-12-19 05:00:00,90.6504619113383
2024-12-19 06:00:00,90.1010389548961
2024-12-19 07:00:00,90.4981358023062
2024-12-19 08:00:00,90.8858680028263
2024-12-19 09:00:00,90.4371480672431
2024-12-19 10:00:00,63.7832261636204
2024-12-19 11:00:00,89.6574191634082
2024-12-19 14:00:00,90.4175826931743
2024-12-19 15:00:00,90.5100041607477
2024-12-19 16:00:00,90.6905434850638
2024-12-19 17:00:00,90.7577726599176
2024-12-19 18:00:00,89.9306761661777
2024-12-19 19:00:00,90.864084094863
2024-12-19 20:00:00,90.3864872021589
2024-12-19 21:00:00,89.8813054640011
2024-12-20 09:00:00,90.3805086728094
2024-12-20 10:00:00,90.4092300180523
2024-12-20 11:00:00,90.371966377293
2024-12-20 12:00:00,90.0344837526224
2024-12-20 13:00:00,90.3323234851978
2024-12-20 14:00:00,90.5838589711231
2024-12-20 15:00:00,90.1229654402691
2024-12-20 16:00:00,90.406948535572
2024-12-20 17:00:00,90.2495162207348
2024-12-20 18:00:00,90.1376901745655
2024-12-20 19:00:00,89.5581164139425
2024-12-20 20:00:00,90.6878643684359
2024-12-20 21:00:00,90.5877542405603
2024-12-20 22:00:00,89.0867403132525
2024-12-20 23:00:00,90.656427899112
2024-12-21 00:00:00,90.1641799967923
2024-12-21 01:00:00,90.3632618184381
2024-12-21 02:00:00,90.4395949943018
2024-12-21 03:00:00,88.5435311294753
2024-12-21 04:00:00,89.4653127971217
2024-12-21 05:00:00,90.0412819581739
2024-12-21 06:00:00,90.1018553338904
2024-12-21 07:00:00,90.2345982811273
2024-12-21 08:00:00,90.4454555523689
2024-12-21 09:00:00,89.6623934022062
2024-12-21 10:00:00,90.1916895492562
2024-12-21 11:00:00,89.5910832654154
2024-12-21 12:00:00,89.3231321407852
2024-12-21 13:00:00,90.7846734397298
2024-12-21 14:00:00,89.7657879452053
2024-12-21 15:00:00,90.0548042357957
2024-12-21 16:00:00,89.9520955536252
2024-12-21 17:00:00,90.0628770838117
2024-12-21 18:00:00,90.067403027067
2024-12-21 19:00:00,89.7766734127066
2024-12-21 20:00:00,89.8440348621337
2024-12-21 21:00:00,90.1032420626537
2024-12-21 22:00:00,90.1214373550169
2024-12-21 23:00:00,89.9165865501195
2024-12-22 00:00:00,89.9407230767106
2024-12-22 01:00:00,89.8015681147743
2024-12-22 02:00:00,89.5479646973489
2024-12-22 03:00:00,90.0068774774699
2024-12-22 04:00:00,90.2331888370291
2024-12-22 05:00:00,93.9989266532841
2024-12-22 06:00:00,89.7033295287823
2024-12-22 07:00:00,90.0698648821092
2024-12-22 08:00:00,89.9084798159283
2024-12-22 09:00:00,90.4041718547566
2024-12-22 10:00:00,89.5004393164872
2024-12-22 11:00:00,89.5932406409527
2024-12-22 12:00:00,89.3961588179647
2024-12-22 13:00:00,89.2823872647479
2024-12-22 14:00:00,89.7754161831737
2024-12-22 15:00:00,89.5104801700425
2024-12-22 16:00:00,89.6671843305739
2024-12-22 17:00:00,90.0542672408368
2024-12-22 18:00:00,89.3521044144696
2024-12-22 19:00:00,90.6164743757962
2024-12-22 20:00:00,114.132312649501
2024-12-22 21:00:00,89.369653002323
2024-12-22 22:00:00,89.9272584628816
2024-12-22 23:00:00,89.7887670983623
2024-12-23 00:00:00,89.0739259956826
2024-12-23 01:00:00,90.0661906596972
2024-12-23 02:00:00,89.7123358119993
2024-12-23 03:00:00,89.3915887667671
2024-12-23 04:00:00,89.6064920665731
2024-12-23 05:00:00,89.0725081434452
2024-12-23 06:00:00,89.1830549050521
2024-12-23 08:00:00,88.9478714896247
2024-12-23 09:00:00,63.5168606053175
2024-12-23 10:00:00,90.3601510376178
2024-12-23 11:00:00,89.3174807287681
2024-12-23 13:00:00,88.4651931321892
2024-12-23 14:00:00,89.5392270291422
2024-12-23 15:00:00,89.7556482129726
2024-12-23 16:00:00,88.5949968768053
2024-12-23 17:00:00,89.1825217850336
2024-12-23 18:00:00,89.7184377255979
2024-12-23 19:00:00,88.8278619619589
2024-12-23 20:00:00,90.1488063730179
2024-12-23 21:00:00,88.7178493409249
2024-12-23 22:00:00,88.9979774886747
2024-12-23 23:00:00,88.9994554642501
2024-12-24 00:00:00,89.0874789933152
2024-12-24 01:00:00,88.4427335366753
2024-12-24 02:00:00,88.8458566956037
2024-12-24 03:00:00,89.1355879489013
2024-12-24 04:00:00,89.3892599905111
2024-12-24 05:00:00,89.3809707332171
2024-12-24 06:00:00,89.6175496868439
2024-12-24 07:00:00,89.4377541826068
2024-12-24 08:00:00,87.881004373015
2024-12-24 09:00:00,88.3417513270333
2024-12-24 10:00:00,88.744365660626
2024-12-24 11:00:00,88.5699587295041
2024-12-24 12:00:00,88.811905783774
2024-12-24 13:00:00,89.2060085232057
2024-12-24 14:00:00,88.0984359485842
2024-12-24 15:00:00,86.6550178540594
2024-12-24 16:00:00,89.2633677619729
2024-12-25 05:00:00,88.1149402190125
2024-12-25 06:00:00,88.4581577490467
2024-12-25 07:00:00,88.7929311322028
2024-12-25 08:00:00,88.1823785874623
2024-12-25 09:00:00,87.5255821248115
2024-12-25 10:00:00,89.003687396481
2024-12-25 11:00:00,88.0476414420471
2024-12-25 12:00:00,88.6087634181657
2024-12-25 13:00:00,89.5442179899854
2024-12-25 14:00:00,88.2970642037627
2024-12-25 15:00:00,88.3079485116291
2024-12-25 16:00:00,88.1196447337295
2024-12-25 17:00:00,88.9083659768184
2024-12-25 18:00:00,88.6414230928978
2024-12-25 19:00:00,87.7966777828124
2024-12-25 20:00:00,88.1367117016118
2024-12-25 21:00:00,88.4545005476439
2024-12-25 22:00:00,88.8404711102323
2024-12-25 23:00:00,88.3060952980432
2024-12-26 00:00:00,88.3580469782637
2024-12-26 01:00:00,87.9619400358949
2024-12-26 02:00:00,88.617454825884
2024-12-26 03:00:00,88.0641672279154
2024-12-26 04:00:00,87.3566377722722
2024-12-26 05:00:00,88.0910060580384
2024-12-26 06:00:00,88.3617898584119
2024-12-26 07:00:00,88.0359227288739
2024-12-26 08:00:00,87.5902477535168
2024-12-26 09:00:00,87.7020719272816
2024-12-26 10:00:00,80.6958203224278
2024-12-26 11:00:00,88.7353582794396
2024-12-26 12:00:00,88.5619622476902
2024-12-26 13:00:00,86.978715456625
2024-12-26 14:00:00,88.1210807133478
2024-12-26 15:00:00,88.1977680973657
2024-12-26 16:00:00,88.0565077003717
2024-12-26 17:00:00,87.8065886147917
2024-12-26 18:00:00,88.4334982853231
2024-12-26 19:00:00,87.8653945933643
2024-12-26 20:00:00,87.6605760122044
2024-12-26 21:00:00,88.409957678751
2024-12-26 22:00:00,88.4063926549822
2024-12-26 23:00:00,87.8388984059308
2024-12-27 00:00:00,87.6420248385507
2024-12-27 01:00:00,87.0449893038398
2024-12-27 02:00:00,87.7534085337834
2024-12-27 03:00:00,87.799238763844
2024-12-27 04:00:00,87.2314211437273
2024-12-27 05:00:00,87.3686402619509
2024-12-27 06:00:00,86.4794984972089
2024-12-27 07:00:00,87.3603879035637
2024-12-27 08:00:00,87.2532297528906
2024-12-27 09:00:00,87.3442309910407
2024-12-27 10:00:00,87.359633265998
2024-12-27 11:00:00,86.462788883867
2024-12-27 12:00:00,87.3433501976436
2024-12-27 13:00:00,86.7429054756358
2024-12-27 14:00:00,86.9023168256888
2024-12-27 15:00:00,87.5438242929316
2024-12-27 16:00:00,87.6031181198156
2024-12-27 17:00:00,86.9279189815043
2024-12-27 18:00:00,87.3305557506771
2024-12-27 19:00:00,87.6425113799054
2024-12-27 20:00:00,86.5122790502477
2024-12-27 21:00:00,
2024-12-27 22:00:00,
2024-12-27 23:00:00,
2024-12-28 00:00:00,
2024-12-28 01:00:00,86.2302398588717
2024-12-28 02:00:00,86.8525884911888
2024-12-28 03:00:00,86.3132936818093
2024-12-28 04:00:00,85.9620993790924
2024-12-28 05:00:00,85.5600492660578
2024-12-28 06:00:00,86.0323791775313
2024-12-28 08:00:00,86.7566634979997
2024-12-28 09:00:00,86.4354362365238
2024-12-28 10:00:00,86.2083220950283
2024-12-28 11:00:00,86.6444083720073
2024-12-28 12:00:00,86.3647037546168
2024-12-28 13:00:00,85.6720841793104
2024-12-28 14:00:00,86.1805104698077
2024-12-28 15:00:00,86.296403616074
2024-12-28 16:00:00,86.9109542263495
2024-12-28 17:00:00,86.9193098409411
2024-12-28 18:00:00,85.8009314522508
2024-12-28 19:00:00,87.180473244201
2024-12-28 20:00:00,86.2072021935089
2024-12-29 07:00:00,85.7914111171308
2024-12-29 08:00:00,85.4018050351271
2024-12-29 09:00:00,85.5337303830785
2024-12-29 10:00:00,86.2954947712443
2024-12-29 11:00:00,85.9716305876106
2024-12-29 12:00:00,86.0565379174327
2024-12-29 13:00:00,86.3355949233481
2024-12-29 14:00:00,86.0257306640172
2024-12-29 15:00:00,85.1594704008572
2024-12-29 16:00:00,85.7287881347331
2024-12-29 17:00:00,86.3252120013143
2024-12-29 18:00:00,86.4284321455212
2024-12-29 19:00:00,86.7684603365245
2024-12-29 20:00:00,85.3080191405561
2024-12-29 21:00:00,86.041358214121
2024-12-29 22:00:00,85.6169485934864
2024-12-29 23:00:00,85.6041122386197
2024-12-30 00:00:00,85.1868330403659
2024-12-30 01:00:00,85.4149629262422
2024-12-30 02:00:00,85.4080543033801
2024-12-30 03:00:00,85.2649780663311
2024-12-30 04:00:00,85.7159541720146
2024-12-30 05:00:00,85.3267709434612
2024-12-30 06:00:00,86.0906130243124
2024-12-30 07:00:00,86.0704540861764
2024-12-30 08:00:00,85.2623296409004
2024-12-30 09:00:00,86.1363199561978
2024-12-30 10:00:00,85.9293999693498
2024-12-30 11:00:00,83.2472689942669
2024-12-30 12:00:00,85.3407436158832
2024-12-30 13:00:00,85.3272153599286
2024-12-30 14:00:00,84.2922178678967
2024-12-30 15:00:00,85.1175421354575
2024-12-30 16:00:00,85.9169582625282
2024-12-30 17:00:00,85.746494492292
2024-12-30 18:00:00,85.520642390224
2024-12-30 19:00:00,86.0466636507093
2024-12-30 20:00:00,85.5991647370791
2024-12-30 21:00:00,85.048353369859
2024-12-30 22:00:00,85.4672060021067
2024-12-30 23:00:00,86.55713597238
2024-12-31 00:00:00,84.9233596884766
2024-12-31 01:00:00,
2024-12-31 02:00:00,
2024-12-31 03:00:00,
2024-12-31 04:00:00,
2024-12-31 05:00:00,84.3618263930031
2024-12-31 06:00:00,84.0032488721196
2024-12-31 07:00:00,85.168408045019
2024-12-31 08:00:00,84.024860518728
2024-12-31 09:00:00,85.424355548906
2024-12-31 10:00:00,85.3549377268279
2024-12-31 11:00:00,85.2436748221942
2024-12-31 12:00:00,84.8909127983504
2024-12-31 13:00:00,84.9363806854243
2024-12-31 14:00:00,84.8944132329102
2024-12-31 15:00:00,85.0871529301174
2024-12-31 16:00:00,85.2442250148016
2024-12-31 17:00:00,84.8503419253527
2024-12-31 18:00:00,85.8948468423094
2024-12-31 19:00:00,84.5626831760064
2024-12-31 20:00:00,84.7303402737779
2024-12-31 21:00:00,84.6692449376282
2024-12-31 22:00:00,84.2322145709993
2024-12-31 23:00:00,85.4132343280257
2025-01-01 00:00:00,83.6570966974812
2025-01-01 01:00:00,84.9265117406083
2025-01-01 02:00:00,84.3965320796074
2025-01-01 03:00:00,84.6695299765595
2025-01-01 04:00:00,84.7345803728712
2025-01-01 05:00:00,84.5585583780369
2025-01-01 06:00:00,84.3005632968104
2025-01-01 07:00:00,84.9667013895835
2025-01-01 08:00:00,84.3942006343099
2025-01-01 09:00:00,84.873351599591
2025-01-01 11:00:00,83.963959804521
2025-01-01 12:00:00,84.4920086790936
2025-01-01 13:00:00,84.1099390306331
2025-01-01 14:00:00,84.1744764468314
2025-01-01 15:00:00,84.4218280546553
2025-01-01 16:00:00,84.7261943763055
2025-01-01 17:00:00,84.1430903609731
2025-01-01 18:00:00,83.7978383260622
2025-01-01 19:00:00,84.0587861589175
2025-01-01 20:00:00,84.8371154295358
2025-01-01 21:00:00,83.8514101632542
2025-01-01 22:00:00,84.1433009922962
2025-01-01 23:00:00,84.4275664919817
2025-01-02 00:00:00,106.086771872587
2025-01-02 01:00:00,84.5918906647651
2025-01-02 02:00:00,84.1046441814681
2025-01-02 03:00:00,84.0886014645532
2025-01-02 04:00:00,84.4789311291019
2025-01-02 05:00:00,84.3480034270642
2025-01-02 06:00:00,84.4453153378193
2025-01-02 07:00:00,84.0936565229503
2025-01-02 08:00:00,83.9166252034363
2025-01-02 09:00:00,84.0227067720917
2025-01-02 10:00:00,84.906910326227
2025-01-02 11:00:00,83.9960253673694
2025-01-02 12:00:00,84.9217464389478
2025-01-02 13:00:00,84.3981375903829
2025-01-02 14:00:00,84.4656227110895
2025-01-02 15:00:00,83.9235272933657
2025-01-02 16:00:00,84.5590751844473
2025-01-02 17:00:00,84.3325558175448
2025-01-03 17:00:00,83.2950600372837
2025-01-03 18:00:00,84.4155704947447
2025-01-03 19:00:00,84.3826960134357
2025-01-03 20:00:00,84.0653338040256
2025-01-03 21:00:00,83.3507269280388
2025-01-03 22:00:00,84.3454665828543
2025-01-03 23:00:00,63.734556894232
2025-01-04 00:00:00,84.0656397348211
2025-01-04 01:00:00,84.2649674112187
2025-01-04 02:00:00,83.826920773047
2025-01-04 03:00:00,83.5301986482726
2025-01-04 04:00:00,83.7507179049835
2025-01-04 05:00:00,84.4322344441808
2025-01-04 06:00:00,83.6585910878812
2025-01-04 07:00:00,83.4130030222461
2025-01-04 08:00:00,84.1060452316741
2025-01-04 09:00:00,83.9812537152936
2025-01-04 10:00:00,84.4404780854362
2025-01-04 11:00:00,83.9037736793151
2025-01-04 12:00:00,83.8233503074768
2025-01-04 13:00:00,83.3563300350332
2025-01-04 14:00:00,83.0653737927849
2025-01-04 15:00:00,83.8827573743021
2025-01-04 16:00:00,83.5075252306341
2025-01-04 17:00:00,83.9038412462594
2025-01-04 18:00:00,83.6447408410293
2025-01-04 19:00:00,83.7401823999297
2025-01-04 20:00:00,83.8918680504545
2025-01-04 21:00:00,84.1106855427698
2025-01-04 22:00:00,83.7471390761504
2025-01-04 23:00:00,83.9825961850103
2025-01-05 00:00:00,84.0674016606333
2025-01-05 01:00:00,83.2513982491407
2025-01-05 02:00:00,83.3702143834226
2025-01-05 03:00:00,83.3492068756956
2025-01-05 04:00:00,83.7155349539603
2025-01-05 05:00:00,83.9427627605552
2025-01-05 06:00:00,82.4748786722001
2025-01-05 07:00:00,83.3522636093126
2025-01-05 08:00:00,83.1738132268707
2025-01-05 10:00:00,84.0321966551049
2025-01-05 11:00:00,83.4191838671654
2025-01-05 12:00:00,83.3407287753506
2025-01-05 13:00:00,83.6808266520869
2025-01-05 14:00:00,83.1177700354267
2025-01-05 15:00:00,83.457643070076
2025-01-05 16:00:00,83.7300511409593
2025-01-06 02:00:00,83.4642053371223
2025-01-06 04:00:00,83.2719066647225
2025-01-06 05:00:00,83.6612941458283
2025-01-06 06:00:00,82.7958281533841
2025-01-06 07:00:00,83.4950252858042
2025-01-06 08:00:00,82.8279042228671
2025-01-06 09:00:00,83.2108823160791
2025-01-06 10:00:00,83.5745003600108
2025-01-06 11:00:00,82.9818846301357
2025-01-06 12:00:00,82.9102313171213
2025-01-06 13:00:00,83.2336822081907
2025-01-06 14:00:00,82.905758422892
2025-01-06 15:00:00,82.9552696008891
2025-01-06 16:00:00,83.1755333082214
2025-01-06 17:00:00,83.024161520566
2025-01-06 18:00:00,83.3624986271286
2025-01-06 19:00:00,83.4243647112459
2025-01-06 20:00:00,82.9472266907537
2025-01-06 21:00:00,82.5693135917164
2025-01-06 22:00:00,82.4083842792272
2025-01-06 23:00:00,82.424765543276
2025-01-07 00:00:00,81.7530801253612
2025-01-07 01:00:00,82.1697114556494
2025-01-07 02:00:00,
2025-01-07 03:00:00,
2025-01-07 04:00:00,
2025-01-07 05:00:00,
2025-01-07 06:00:00,82.2115599293914
2025-01-07 07:00:00,82.3697632311439
2025-01-07 08:00:00,82.4693210932549
2025-01-07 09:00:00,82.6971200602501
2025-01-07 11:00:00,82.8291085268156
2025-01-07 12:00:00,82.2510197238555
2025-01-07 13:00:00,82.6028767674514
2025-01-07 14:00:00,82.4195684113287
2025-01-07 15:00:00,81.8495673637238
2025-01-07 16:00:00,82.7950778415719
2025-01-07 17:00:00,81.9845035555333
2025-01-07 18:00:00,83.1078130840594
2025-01-07 19:00:00,82.4456466066925
2025-01-07 20:00:00,82.1654578506211
2025-01-07 21:00:00,82.1073199054437
2025-01-07 22:00:00,82.2216507031655
2025-01-07 23:00:00,82.0290058074306
2025-01-08 00:00:00,81.5844447948084
2025-01-08 01:00:00,81.7281643434713
2025-01-08 02:00:00,81.4016846972901
2025-01-08 03:00:00,81.7535223505376
2025-01-08 04:00:00,81.6898045177562
2025-01-08 05:00:00,81.3760320406409
2025-01-08 06:00:00,81.9621679476155
2025-01-08 07:00:00,81.987630566224
2025-01-08 08:00:00,81.5973666662285
2025-01-08 09:00:00,82.7507870047028
2025-01-08 10:00:00,81.7364133231882
2025-01-08 11:00:00,81.5952066708519
2025-01-08 12:00:00,80.8226896980535
2025-01-08 13:00:00,81.189556565225
2025-01-08 14:00:00,81.2334326642102
2025-01-08 15:00:00,82.2106557380809
2025-01-08 16:00:00,81.5988621386479
2025-01-08 17:00:00,82.2970773197147
2025-01-08 18:00:00,81.6174154591841
2025-01-08 19:00:00,82.0929502337985
2025-01-08 20:00:00,81.4490633426548
2025-01-08 21:00:00,82.4177658502929
2025-01-08 22:00:00,81.2454538148652
2025-01-08 23:00:00,81.9867484750253
2025-01-09 00:00:00,81.6502561105886
2025-01-09 01:00:00,82.3958038509098
2025-01-09 02:00:00,82.7876203350536
2025-01-09 03:00:00,81.2182737688652
2025-01-09 04:00:00,81.1450082024244
2025-01-09 05:00:00,81.2844011394435
2025-01-09 06:00:00,81.2484316607341
2025-01-09 07:00:00,81.8637884460422
2025-01-09 08:00:00,81.9627906823042
2025-01-09 09:00:00,81.6235127958849
2025-01-09 10:00:00,81.8887412870951
2025-01-09 11:00:00,81.3092565644049
2025-01-09 12:00:00,81.4052252645269
2025-01-09 13:00:00,82.5142406906837
2025-01-09 14:00:00,81.6765718264252
2025-01-09 15:00:00,99.2295444122025
2025-01-09 16:00:00,81.3892696159485
2025-01-09 17:00:00,81.7237604117817
2025-01-09 18:00:00,81.6103472295647
2025-01-09 19:00:00,81.3019445269651
2025-01-09 20:00:00,81.7936186873206
2025-01-09 21:00:00,81.6799021979977
2025-01-09 22:00:00,81.8548938883215
2025-01-09 23:00:00,82.1092471169946
2025-01-10 00:00:00,81.2988421036858
2025-01-10 10:00:00,80.7064277203907
2025-01-10 11:00:00,80.7731999595205
2025-01-10 12:00:00,81.2168573874261
2025-01-10 13:00:00,81.0719598987225
2025-01-10 14:00:00,80.6200199258733
2025-01-10 15:00:00,81.6734201374953
2025-01-10 16:00:00,80.7016757980355
2025-01-10 17:00:00,81.1976626711007
2025-01-10 18:00:00,81.2054788960704
2025-01-10 19:00:00,81.1091598229903
2025-01-10 20:00:00,80.8774982875371
2025-01-10 21:00:00,81.6135907581156
2025-01-10 22:00:00,80.5884784529998
2025-01-10 23:00:00,81.0967619309536
2025-01-11 00:00:00,79.9059743651962
2025-01-11 01:00:00,80.6432955718052
2025-01-11 02:00:00,80.576904190865
2025-01-11 03:00:00,80.3890719607652
2025-01-11 04:00:00,80.3205531729764
2025-01-11 05:00:00,80.2350148040018
2025-01-11 06:00:00,80.3769256648761
2025-01-11 07:00:00,80.2469298329567
2025-01-11 08:00:00,80.1432701605399
2025-01-11 09:00:00,80.2786807598676
2025-01-11 10:00:00,80.3187132370608
2025-01-11 11:00:00,80.5567437664847
2025-01-11 12:00:00,80.1034858003865
2025-01-11 13:00:00,80.1191178506064
2025-01-11 14:00:00,81.0116875271067
2025-01-11 15:00:00,80.7405262297106
2025-01-11 16:00:00,81.0320264401066
2025-01-11 17:00:00,81.1865031339278
2025-01-11 18:00:00,80.6326019620756
2025-01-11 19:00:00,79.6994200235595
2025-01-11 20:00:00,79.2823648853242
2025-01-11 21:00:00,80.6062104318097
2025-01-11 22:00:00,80.7092536358879
2025-01-11 23:00:00,80.1890875897311
2025-01-12 00:00:00,80.1124154233844
2025-01-12 01:00:00,79.9658894195458
2025-01-12 02:00:00,79.6589147727857
2025-01-12 03:00:00,79.627409549762
2025-01-12 04:00:00,79.8815136636248
2025-01-12 05:00:00,79.7039412651585
2025-01-12 06:00:00,79.7292379619421
2025-01-12 07:00:00,79.3154559020527
2025-01-12 08:00:00,78.9696837925961
2025-01-12 09:00:00,79.9186798035316
2025-01-12 10:00:00,79.678615241744
2025-01-12 11:00:00,79.7367686791208
2025-01-12 12:00:00,79.568919464137
2025-01-12 13:00:00,79.317370268855
2025-01-12 14:00:00,79.5590963239317
2025-01-12 15:00:00,80.176917326207
2025-01-12 16:00:00,80.2481285767174
2025-01-12 17:00:00,80.0268386092315
2025-01-12 18:00:00,79.9346695345612
2025-01-12 19:00:00,79.1994242202114
2025-01-12 20:00:00,79.5051557513542
2025-01-12 21:00:00,79.7204320012213
2025-01-12 22:00:00,79.9003356421574
2025-01-12 23:00:00,79.6401014547434
2025-01-13 00:00:00,79.0491681342617
2025-01-13 01:00:00,79.2152450539224
2025-01-13 02:00:00,79.774866343223
2025-01-13 03:00:00,78.8055651394793
2025-01-13 04:00:00,78.8315796958432
2025-01-13 05:00:00,79.6084266392711
2025-01-13 06:00:00,78.9573732021322
2025-01-13 07:00:00,79.5440597359047
2025-01-13 08:00:00,79.4604406400513
2025-01-13 10:00:00,78.6927833151407
2025-01-13 11:00:00,79.4778169159401
2025-01-13 12:00:00,79.2106135863624
2025-01-15 15:00:00,78.3964831984811
2025-01-15 16:00:00,79.3065575111996
2025-01-15 17:00:00,77.9464798259958
2025-01-15 18:00:00,78.2116530830039
2025-01-15 19:00:00,
2025-01-15 20:00:00,
2025-01-15 21:00:00,
2025-01-15 22:00:00,
2025-01-15 23:00:00,78.9454550494906
2025-01-16 00:00:00,77.1880979672102
2025-01-16 01:00:00,
2025-01-16 02:00:00,77.9935079671099
2025-01-16 03:00:00,77.7589227201388
2025-01-16 04:00:00,77.2825488475426
2025-01-16 05:00:00,77.9284179270217
2025-01-16 06:00:00,77.959652072452
2025-01-16 07:00:00,78.0789133825133
2025-01-16 08:00:00,77.3274459019178
2025-01-16 09:00:00,77.7481000799056
2025-01-16 10:00:00,77.7418448961403
2025-01-16 11:00:00,77.6241400376248
2025-01-16 12:00:00,77.8861601657443
2025-01-16 13:00:00,77.1500455425849
2025-01-16 14:00:00,77.4900861974442
2025-01-16 15:00:00,77.5267252717956
2025-01-16 16:00:00,77.4738542844313
2025-01-16 17:00:00,77.6182207078386
2025-01-16 18:00:00,77.3175144003863
2025-01-16 19:00:00,77.4100105865156
2025-01-16 20:00:00,77.836480498679
2025-01-16 21:00:00,77.5097119014406
2025-01-16 22:00:00,78.1324519780641
2025-01-16 23:00:00,77.5952426223902
2025-01-17 00:00:00,76.9488437823469
2025-01-17 01:00:00,77.4182293706741
2025-01-17 02:00:00,77.0475599465648
2025-01-17 03:00:00,77.0710076734953
2025-01-17 04:00:00,76.8087194579463
2025-01-17 05:00:00,77.3391101126063
2025-01-17 06:00:00,77.4070039177773
2025-01-17 18:00:00,77.0845204291948
2025-01-17 19:00:00,76.3993446729347
2025-01-17 20:00:00,76.8467798383626
2025-01-17 21:00:00,76.866118655594
2025-01-17 22:00:00,77.2219911528152
2025-01-17 23:00:00,77.1487240120454
2025-01-18 00:00:00,76.7019680364984
2025-01-18 01:00:00,76.7118458762757
2025-01-18 02:00:00,74.3354783593288
2025-01-18 03:00:00,76.5271154977916
2025-01-18 04:00:00,76.6465569825731
2025-01-18 05:00:00,76.9275300290034
2025-01-18 06:00:00,76.0951710978094
2025-01-18 07:00:00,76.1448776615312
2025-01-18 08:00:00,77.1815290718908
2025-01-18 09:00:00,77.2662700524442
2025-01-18 10:00:00,76.5398629337157
2025-01-18 11:00:00,77.5336565138335
2025-01-18 12:00:00,76.4718838047128
2025-01-18 13:00:00,76.6059954488915
2025-01-18 14:00:00,76.5997297396047
2025-01-18 15:00:00,76.9651844083137
2025-01-18 16:00:00,76.8012951034124
2025-01-18 17:00:00,77.2451444060132
2025-01-18 18:00:00,76.3937682361747
2025-01-18 19:00:00,75.9521934234064
2025-01-18 20:00:00,76.2550092015001
2025-01-18 21:00:00,76.600522588071
2025-01-18 22:00:00,77.354838217944
2025-01-18 23:00:00,77.4966277285061
2025-01-19 00:00:00,76.2871266722378
2025-01-19 01:00:00,75.6421022957545
2025-01-19 02:00:00,76.3763017118885
2025-01-19 03:00:00,76.114446137892
2025-01-19 04:00:00,76.2834499701426
2025-01-19 05:00:00,76.1339397286292
2025-01-19 06:00:00,76.9819772047986
2025-01-19 07:00:00,90.0943723640836
2025-01-19 08:00:00,76.7301167969905
2025-01-19 10:00:00,76.2085794159188
2025-01-19 11:00:00,76.309272641633
2025-01-19 12:00:00,76.640434265588
2025-01-19 13:00:00,75.6374265540864
2025-01-19 14:00:00,75.8221397763894
2025-01-19 15:00:00,76.1677592984321
2025-01-19 16:00:00,75.9470333557621
2025-01-19 17:00:00,75.4215873637466
2025-01-19 18:00:00,76.578857214176
2025-01-19 19:00:00,76.029324349056
2025-01-19 20:00:00,76.6400314034642
2025-01-19 21:00:00,76.098713257001
2025-01-19 22:00:00,76.3387078776944
2025-01-19 23:00:00,76.9313801960028
2025-01-20 00:00:00,
2025-01-20 01:00:00,
2025-01-20 02:00:00,
2025-01-20 03:00:00,
2025-01-20 04:00:00,
2025-01-20 05:00:00,
2025-01-20 06:00:00,
2025-01-20 07:00:00,
2025-01-20 08:00:00,
2025-01-20 09:00:00,
2025-01-20 10:00:00,
2025-01-20 11:00:00,
2025-01-20 12:00:00,
2025-01-20 13:00:00,
2025-01-20 14:00:00,
2025-01-20 15:00:00,
2025-01-20 16:00:00,
2025-01-20 17:00:00,
2025-01-20 18:00:00,
2025-01-20 19:00:00,
2025-01-20 20:00:00,
2025-01-20 21:00:00,
2025-01-20 22:00:00,
2025-01-20 23:00:00,
2025-01-21 00:00:00,80.2673586708375
2025-01-21 01:00:00,80.8543345190475
2025-01-21 02:00:00,74.7079903451059
2025-01-21 03:00:00,80.3842161279363
2025-01-21 04:00:00,80.4934272620722
2025-01-21 05:00:00,80.0538977656026
2025-01-21 06:00:00,80.1470676974276
2025-01-21 07:00:00,80.0664853955614
2025-01-21 08:00:00,80.3800347886657
2025-01-22 17:00:00,79.60989221365
2025-01-22 18:00:00,79.4335382719601
2025-01-22 19:00:00,79.5159662738412
2025-01-22 20:00:00,79.7917424593004
2025-01-22 21:00:00,79.3840004148451
2025-01-22 22:00:00,79.4797564013201
2025-01-22 23:00:00,79.5045083236408
2025-01-23 00:00:00,78.4912629808687
2025-01-23 01:00:00,78.3344781087405
2025-01-23 02:00:00,78.4008917652831
2025-01-23 03:00:00,78.8889513818016
2025-01-23 04:00:00,78.2621680774294
2025-01-23 05:00:00,78.3225984985576
2025-01-23 06:00:00,78.6399316088879
2025-01-23 07:00:00,78.7243350312615
2025-01-23 09:00:00,79.0620778328685
2025-01-23 10:00:00,78.4741794772357
2025-01-23 11:00:00,78.7082863243047
2025-01-23 12:00:00,79.1246288437363
2025-01-23 13:00:00,78.5091610138191
2025-01-23 14:00:00,78.738199961639
2025-01-23 15:00:00,78.5566018220442
2025-01-23 16:00:00,78.8089132592258
2025-01-23 17:00:00,78.7808416380301
2025-01-23 18:00:00,78.597363633447
2025-01-23 19:00:00,78.5641506918737
2025-01-23 20:00:00,78.7880027739027
2025-01-23 21:00:00,78.7270942870753
2025-01-23 22:00:00,78.8799285405091
2025-01-23 23:00:00,78.8022932517796
2025-01-24 00:00:00,78.1369770765808
2025-01-24 01:00:00,77.7890392797354
2025-01-24 02:00:00,77.3948936378894
2025-01-24 03:00:00,77.556192494627
2025-01-24 04:00:00,77.8359959869368
2025-01-24 05:00:00,78.3972452726517
2025-01-24 06:00:00,77.1802082500033
2025-01-24 07:00:00,78.2918001790619
2025-01-24 08:00:00,77.784822605685
2025-01-24 09:00:00,77.1988271015158
2025-01-24 10:00:00,77.3562035555236
2025-01-24 11:00:00,78.2985394157951
2025-01-24 12:00:00,77.5703523378495
2025-01-24 13:00:00,91.504837818882
2025-01-24 14:00:00,77.5427393072844
2025-01-24 15:00:00,77.6305692933633
2025-01-24 16:00:00,76.8666502136039
2025-01-24 17:00:00,
2025-01-24 18:00:00,
2025-01-24 19:00:00,
2025-01-24 20:00:00,
2025-01-24 21:00:00,
2025-01-24 22:00:00,78.3121964378564
2025-01-24 23:00:00,77.9699227366404
2025-01-25 00:00:00,77.5878782317111
2025-01-25 01:00:00,77.3189010084688
2025-01-25 02:00:00,76.7336367989255
2025-01-25 03:00:00,77.030632551172
2025-01-25 04:00:00,76.7343063214019
2025-01-25 05:00:00,76.9391861524099
2025-01-25 06:00:00,77.0046217543623
2025-01-25 07:00:00,78.0144397924078
2025-01-25 08:00:00,76.691521579147
2025-01-25 09:00:00,76.7581047022499
2025-01-25 11:00:00,76.9732928545605
2025-01-25 12:00:00,76.9875493647093
2025-01-25 13:00:00,76.7716873335062
2025-01-25 14:00:00,77.0874047163652
2025-01-25 15:00:00,77.8900327697174
2025-01-25 16:00:00,77.1774855421577
2025-01-25 17:00:00,77.9176786272801
2025-01-25 18:00:00,76.9436631156689
2025-01-25 19:00:00,76.7377661939998
2025-01-25 20:00:00,77.8295164506326
2025-01-25 21:00:00,77.930719112019
2025-01-25 22:00:00,77.141651780416
2025-01-25 23:00:00,76.7828414384351
2025-01-26 00:00:00,76.9054240765616
2025-01-26 01:00:00,76.6772442755409
2025-01-26 02:00:00,77.0879461807645
2025-01-26 03:00:00,77.165170513918
2025-01-26 04:00:00,76.8860750615199
2025-01-26 05:00:00,53.7413237680754
2025-01-26 06:00:00,76.8804531186366
2025-01-26 07:00:00,76.8139754916885
2025-01-26 08:00:00,76.7121417266842
2025-01-26 09:00:00,76.978817614167
2025-01-26 10:00:00,75.9984960623871
2025-01-26 11:00:00,76.9475298516271
2025-01-26 12:00:00,76.4657680022399
2025-01-26 13:00:00,76.6455881380607
2025-01-26 14:00:00,76.7346789466542
2025-01-26 15:00:00,77.4536983663647
2025-01-26 16:00:00,77.1831814418186
2025-01-26 17:00:00,77.0848363145133
2025-01-26 18:00:00,76.7680360220089
2025-01-26 19:00:00,76.2889243641821
2025-01-26 20:00:00,76.5879801362446
2025-01-26 21:00:00,76.2587053660796
2025-01-26 22:00:00,76.3616540561204
2025-01-26 23:00:00,76.7941295557993
2025-01-27 00:00:00,76.8064985602872
2025-01-27 01:00:00,76.8240901798265
2025-01-27 02:00:00,76.6506302507065
2025-01-27 03:00:00,76.7704982990548
2025-01-27 04:00:00,77.3072954443957
2025-01-27 05:00:00,76.4090563598256
2025-01-27 06:00:00,76.192244188677
2025-01-27 08:00:00,76.5830217392448
2025-01-27 09:00:00,76.5780760844717
2025-01-27 10:00:00,76.9837711484697
2025-01-27 11:00:00,77.2838430981293
2025-01-27 12:00:00,76.6865252526941
2025-01-27 13:00:00,76.2341646409437
2025-01-27 14:00:00,76.9840169521756
2025-01-27 15:00:00,77.1977942729764
2025-01-27 16:00:00,76.090947943534
2025-01-27 17:00:00,76.5270935402983
2025-01-27 18:00:00,75.7584493835252
2025-01-27 19:00:00,76.2931420358329
2025-01-27 20:00:00,77.1758853037944
2025-01-27 21:00:00,77.0400558639718
2025-01-27 22:00:00,77.1405597802966
2025-01-27 23:00:00,77.2949883776318
2025-01-28 00:00:00,75.798466434457
2025-01-28 01:00:00,76.4425088103756
2025-01-28 02:00:00,75.6889544263473
2025-01-28 03:00:00,76.1219800366314
2025-01-28 04:00:00,76.6702593188917
2025-01-28 05:00:00,76.7211602220284
2025-01-28 06:00:00,75.9619858274489
2025-01-28 07:00:00,75.9040815170142
2025-01-28 08:00:00,76.2466494727432
2025-01-28 09:00:00,76.0547744327231
2025-01-28 10:00:00,76.351115381975
2025-01-28 11:00:00,75.8432762065946
2025-01-28 12:00:00,76.2105618827015
2025-01-28 13:00:00,76.0600494762873
2025-01-28 14:00:00,76.6074816281833
2025-01-28 15:00:00,76.1406698613597
2025-01-28 16:00:00,75.5463205192263
2025-01-28 17:00:00,76.1658362512697
2025-01-28 18:00:00,74.6383110583749
2025-01-28 19:00:00,77.0151139942112
2025-01-28 20:00:00,76.6905785678793
2025-01-28 21:00:00,76.4103935111672
2025-01-28 22:00:00,76.0015599128754
2025-01-28 23:00:00,75.9640552495167
2025-01-29 00:00:00,75.9311780006568
2025-01-29 01:00:00,76.2625925572144
2025-01-29 02:00:00,75.6523171364285
2025-01-29 03:00:00,75.4578237585663
2025-01-29 04:00:00,76.4777301244022
2025-01-29 05:00:00,75.4858280518852
2025-01-29 06:00:00,75.2455306133057
2025-01-29 07:00:00,76.1653951124133
2025-01-29 08:00:00,75.2224602538167
2025-01-29 09:00:00,75.6633495241725
2025-01-29 11:00:00,75.6185579248556
2025-01-29 12:00:00,75.9676313404666
2025-01-29 13:00:00,76.1909723931848
2025-01-29 14:00:00,76.0061989751568
2025-01-29 15:00:00,75.5733504179943
2025-01-29 16:00:00,74.9595674600442
2025-01-29 17:00:00,76.1467823971299
2025-01-29 18:00:00,75.7296531976882
2025-01-29 19:00:00,75.3086000636585
2025-01-29 20:00:00,76.3260428042262
2025-01-29 21:00:00,75.6035926385594
2025-01-29 23:00:00,75.2840382687365
2025-01-30 10:00:00,74.7590257072742
2025-01-30 11:00:00,75.6491689241266
2025-01-30 12:00:00,74.7086034000388
2025-01-30 13:00:00,74.9090336242719
2025-01-30 14:00:00,74.8958664918815
2025-01-30 15:00:00,74.1991255786273
2025-01-30 16:00:00,74.8972752374046
2025-01-30 17:00:00,75.7289634795907
2025-01-30 18:00:00,75.3146708844263
2025-01-30 19:00:00,75.5837590913193
2025-01-30 20:00:00,75.3518939449598
2025-02-03 10:00:00,73.6110822290409
2025-02-03 11:00:00,74.6849260205423
2025-02-03 12:00:00,74.6056347895723
2025-02-03 13:00:00,74.9916262421897
2025-02-03 14:00:00,73.920130355217
2025-02-03 15:00:00,74.2084932523825
2025-02-03 16:00:00,74.3030213864084
2025-02-03 17:00:00,73.7877751285197
2025-02-03 18:00:00,74.6920015563912
2025-02-03 19:00:00,74.0141079250887
2025-02-03 20:00:00,73.9566277221058
2025-02-03 21:00:00,74.0434782124471
2025-02-03 22:00:00,74.2319341579039
2025-02-03 23:00:00,73.7212627488488
2025-02-04 00:00:00,73.2711405502138
2025-02-04 02:00:00,73.6656164485693
2025-02-04 03:00:00,73.8635808942325
2025-02-04 04:00:00,73.9203792971763
2025-02-04 05:00:00,73.9541255189987
2025-02-04 06:00:00,73.5230487669748
2025-02-04 07:00:00,74.2057727952113
2025-02-04 08:00:00,73.5459010573512
2025-02-04 09:00:00,73.2411179151909
2025-02-04 10:00:00,74.2723680045649
2025-02-04 11:00:00,73.2163204259267
2025-02-04 12:00:00,74.0753458747019
2025-02-04 13:00:00,73.1020503650446
2025-02-04 14:00:00,73.4828006942041
2025-02-04 15:00:00,73.6562509695787
2025-02-04 16:00:00,73.832159510377
2025-02-04 17:00:00,72.836671336556
2025-02-04 18:00:00,74.1328779843379
2025-02-04 19:00:00,73.2553013896258
2025-02-04 20:00:00,73.7964316548473
2025-02-04 21:00:00,73.9800393753891
2025-02-04 22:00:00,73.4040154003127
2025-02-04 23:00:00,73.8479283743248
2025-02-05 00:00:00,73.652767055106
2025-02-05 01:00:00,73.0748129230516
2025-02-05 02:00:00,73.7334540243976
2025-02-05 03:00:00,73.5469349224715
2025-02-05 05:00:00,73.0198266600674
2025-02-05 10:00:00,73.1863514931819
2025-02-05 11:00:00,73.326308468509
2025-02-05 12:00:00,73.0495898107056
2025-02-05 13:00:00,73.1813921664885
2025-02-06 14:00:00,69.8645284021743
2025-02-06 15:00:00,73.8997378171846
2025-02-06 16:00:00,72.9355584431813
2025-02-06 17:00:00,72.9509547068222
2025-02-06 18:00:00,72.846755975487
2025-02-06 19:00:00,72.7627637678485
2025-02-06 20:00:00,72.9011692911944
2025-02-06 21:00:00,73.4093419778257
2025-02-06 22:00:00,72.9152490423883
2025-02-06 23:00:00,73.276556638439
2025-02-07 00:00:00,
2025-02-07 01:00:00,73.0070654484745
2025-02-07 02:00:00,72.5772687390457
2025-02-07 03:00:00,72.5340669449486
2025-02-07 04:00:00,72.4538792749531
2025-02-07 05:00:00,72.5923914697018
2025-02-07 06:00:00,72.6340281970858
2025-02-07 07:00:00,73.1259704516859
2025-02-07 13:00:00,72.6122589452566
2025-02-07 15:00:00,73.0135341654678
2025-02-07 16:00:00,72.7458609191615
2025-02-07 17:00:00,72.9525185118624
2025-02-07 18:00:00,72.795529039749
2025-02-07 19:00:00,72.8650545234606
2025-02-07 20:00:00,73.0161567763779
2025-02-07 21:00:00,72.5131930711381
2025-02-07 22:00:00,72.8451822561392
2025-02-07 23:00:00,72.5272424436253
2025-02-08 00:00:00,71.8273688496573
2025-02-08 01:00:00,71.5038229615852
2025-02-08 02:00:00,72.1651308343873
2025-02-08 03:00:00,71.8654283777914
2025-02-08 04:00:00,71.9787192656083
2025-02-08 05:00:00,72.0406475574745
2025-02-08 06:00:00,72.3977331181874
2025-02-08 07:00:00,71.5136295821048
2025-02-08 08:00:00,71.721299955851
2025-02-08 09:00:00,71.1510383377992
2025-02-08 10:00:00,71.6503013314717
2025-02-08 11:00:00,72.0905202343553
2025-02-08 12:00:00,71.8731137485658
2025-02-08 13:00:00,71.7387768497179
2025-02-08 14:00:00,72.6623517906504
2025-02-08 15:00:00,72.1966980922561
2025-02-08 16:00:00,71.392372180636
2025-02-08 17:00:00,72.1282069577256
2025-02-08 18:00:00,72.4407538571015
2025-02-08 19:00:00,71.5720638063804
2025-02-08 20:00:00,72.0335190443308
2025-02-08 21:00:00,72.0289415481907
2025-02-08 22:00:00,72.1159388464641
2025-02-08 23:00:00,72.2769572763801
2025-02-09 00:00:00,71.4686039369365
2025-02-09 01:00:00,71.2961636056
2025-02-09 02:00:00,71.5821492022221
2025-02-09 03:00:00,70.6217941169816
2025-02-09 04:00:00,70.9150154946394
2025-02-09 05:00:00,71.3843737051016
2025-02-09 06:00:00,71.2485226816252
2025-02-09 07:00:00,71.2806318307801
2025-02-09 08:00:00,71.6619632304484
2025-02-09 09:00:00,72.2291845583024
2025-02-09 10:00:00,71.3423243601952
2025-02-09 11:00:00,71.2679963347848
2025-02-09 12:00:00,71.4865062694687
2025-02-09 13:00:00,71.4119956028711
2025-02-09 14:00:00,71.3977873700373
2025-02-09 15:00:00,71.6165865802554
2025-02-10 04:00:00,71.8067778297627
2025-02-10 05:00:00,70.878917650157
2025-02-10 06:00:00,71.7396324444049
2025-02-10 07:00:00,71.3235522661311
2025-02-10 08:00:00,71.1530884850073
2025-02-10 09:00:00,71.3500415657351
2025-02-10 10:00:00,71.902375425124
2025-02-10 11:00:00,70.954723720693
2025-02-10 12:00:00,71.9600613711869
2025-02-10 13:00:00,70.8900878925404
2025-02-10 14:00:00,71.4643299355767
2025-02-10 15:00:00,71.2768112368256
2025-02-10 16:00:00,70.6902203266743
2025-02-10 17:00:00,71.1229337193961
2025-02-10 18:00:00,71.4512973483977
2025-02-10 19:00:00,71.5418110895443
2025-02-10 20:00:00,71.3798602631408
2025-02-10 21:00:00,71.6849296688911
2025-02-10 22:00:00,71.4288472847585
2025-02-10 23:00:00,71.1265630850913
2025-02-11 00:00:00,71.309058252143
2025-02-11 01:00:00,71.4652452894702
2025-02-11 02:00:00,70.3654546254742
2025-02-11 03:00:00,70.033657737994
2025-02-11 04:00:00,71.3061973717925
2025-02-11 05:00:00,70.8594316638322
2025-02-11 06:00:00,70.9272823821428
2025-02-11 07:00:00,71.3573195511263
2025-02-11 08:00:00,70.9564754975575
2025-02-11 09:00:00,71.0063820732525
2025-02-11 10:00:00,70.689725018849
2025-02-11 12:00:00,71.102334823231
2025-02-11 13:00:00,70.5156541833531
2025-02-11 14:00:00,70.9881335700867
2025-02-11 15:00:00,70.995025967257
2025-02-11 16:00:00,71.1912331442489
2025-02-11 17:00:00,71.1547915280976
2025-02-11 18:00:00,70.7548726649868
2025-02-11 19:00:00,71.2197922878212
2025-02-11 20:00:00,70.6376383559376
2025-02-11 21:00:00,70.9942009205547
2025-02-11 22:00:00,71.0237682010841
2025-02-11 23:00:00,71.1762984524064
2025-02-12 00:00:00,70.415348264778
2025-02-12 01:00:00,70.7614426813315
2025-02-12 02:00:00,70.8914771787747
2025-02-12 03:00:00,70.660945529026
2025-02-12 05:00:00,70.6690845734121
2025-02-12 06:00:00,71.0286198998799
2025-02-12 08:00:00,71.0177560409468
2025-02-12 09:00:00,70.4468142464545
2025-02-12 10:00:00,70.1825285786048
2025-02-12 11:00:00,71.4825014543049
2025-02-12 12:00:00,69.9079151855423
2025-02-12 13:00:00,70.5333895956531
2025-02-12 14:00:00,70.0451504924616
2025-02-12 15:00:00,70.93810088621
2025-02-12 16:00:00,70.5860983221479
2025-02-12 17:00:00,
2025-02-12 18:00:00,
2025-02-12 19:00:00,
2025-02-12 20:00:00,
2025-02-12 21:00:00,
2025-02-12 22:00:00,71.1211979852883
2025-02-12 23:00:00,70.1048241187942
2025-02-13 00:00:00,70.8456075625148
2025-02-13 01:00:00,70.3576671816874
2025-02-13 02:00:00,70.9366471733454
2025-02-13 03:00:00,69.9583673907223
2025-02-13 04:00:00,70.5267248174017
2025-02-13 05:00:00,70.3387079138475
2025-02-13 06:00:00,70.7474410461426
2025-02-13 07:00:00,70.7317354549507
2025-02-13 08:00:00,70.5705701747578
2025-02-13 09:00:00,70.916883016502
2025-02-13 12:00:00,70.3623408671102
2025-02-13 13:00:00,70.0291281051628
2025-02-13 14:00:00,70.3273015765355
2025-02-13 15:00:00,71.318665475185
2025-02-13 16:00:00,70.7561046102208
2025-02-13 17:00:00,70.5719610273064
2025-02-13 18:00:00,71.2363882885219
2025-02-13 19:00:00,70.2575481805292
2025-02-13 20:00:00,70.832981970484
2025-02-13 21:00:00,70.2978980910194
2025-02-13 22:00:00,70.6116632228699
2025-02-13 23:00:00,70.0840924378337
2025-02-14 00:00:00,70.8090437035573
2025-02-14 01:00:00,70.1322469317639
2025-02-14 04:00:00,70.1621360166457
2025-02-14 05:00:00,69.9558494823795
2025-02-14 06:00:00,69.5475257328392
2025-02-14 07:00:00,69.6338663694376
2025-02-14 08:00:00,69.4414659290296
2025-02-14 09:00:00,70.3012797351704
2025-02-14 10:00:00,70.4997918434316
2025-02-14 11:00:00,69.761357376484
2025-02-14 12:00:00,70.5234500877236
2025-02-14 13:00:00,69.217905717385
2025-02-14 14:00:00,70.645246653046
2025-02-14 15:00:00,70.4659774961834
2025-02-14 16:00:00,69.5415864618234
2025-02-14 17:00:00,70.6270618472731
2025-02-14 18:00:00,70.1406066846843
2025-02-14 19:00:00,69.531444504087
2025-02-14 20:00:00,69.6570809064079
2025-02-14 21:00:00,69.7419608344197
2025-02-14 22:00:00,70.0350365653102
2025-02-14 23:00:00,70.0050079084642
2025-02-15 00:00:00,70.3607131814993
2025-02-15 01:00:00,70.0791023517334
2025-02-15 02:00:00,69.5211180777933
2025-02-15 03:00:00,69.820467734675
2025-02-15 04:00:00,69.9252170989761
2025-02-15 05:00:00,69.9796955612092
2025-02-15 06:00:00,69.7797508325897
2025-02-15 07:00:00,69.355270113531
2025-02-15 08:00:00,69.9916585503148
2025-02-15 09:00:00,69.9567070711118
2025-02-15 10:00:00,69.5072435496065
2025-02-15 11:00:00,69.4908008254618
2025-02-16 14:00:00,69.5572575340446
2025-02-16 15:00:00,69.0471054536558
2025-02-16 16:00:00,70.5721544220942
2025-02-16 17:00:00,69.7849242644523
2025-02-16 18:00:00,69.5267185524262
2025-02-16 19:00:00,69.6016501177057
2025-02-16 20:00:00,69.3391750807624
2025-02-16 21:00:00,69.5520473673507
2025-02-16 22:00:00,69.0655500524629
2025-02-16 23:00:00,69.1764777337144
2025-02-17 00:00:00,69.581216318528
2025-02-17 01:00:00,69.5459730656229
2025-02-17 02:00:00,69.4569206503845
2025-02-17 03:00:00,68.6511463618282
2025-02-17 04:00:00,68.9111384163853
2025-02-17 05:00:00,68.9893929367543
2025-02-17 06:00:00,69.6366767643671
2025-02-17 07:00:00,70.0790123829262
2025-02-17 08:00:00,68.9156363360059
2025-02-17 09:00:00,69.3708531400376
2025-02-17 10:00:00,69.7185885935205
2025-02-17 11:00:00,68.795167784142
2025-02-17 12:00:00,69.2071038229928
2025-02-17 13:00:00,69.7372208336989
2025-02-17 14:00:00,69.6570819160863
2025-02-17 15:00:00,69.6225908442169
2025-02-17 16:00:00,69.7646138637454
2025-02-17 17:00:00,69.2494023943573
2025-02-17 18:00:00,68.7486233089086
2025-02-17 19:00:00,69.0670609239251
2025-02-17 20:00:00,68.8075964031361
2025-02-17 21:00:00,69.825592039194
2025-02-17 22:00:00,69.4112778132006
2025-02-17 23:00:00,69.2837062964358
2025-02-18 00:00:00,68.9121060819207
2025-02-18 01:00:00,68.791384175405
2025-02-18 02:00:00,68.8714725494305
2025-02-18 03:00:00,68.9387589249081
2025-02-18 04:00:00,69.2866124290607
2025-02-18 05:00:00,69.494659635668
2025-02-18 07:00:00,68.4817908506789
2025-02-18 08:00:00,68.456732739231
2025-02-18 09:00:00,68.5067896078916
2025-02-18 10:00:00,69.2707450371347
2025-02-18 11:00:00,68.8316623555098
2025-02-18 12:00:00,68.7964283594066
2025-02-18 13:00:00,68.6968094352402
2025-02-18 14:00:00,68.6876983153652
2025-02-18 15:00:00,69.3374576707125
2025-02-18 16:00:00,69.3929285113737
2025-02-18 17:00:00,69.1710721179052
2025-02-18 18:00:00,68.834123217405
2025-02-18 19:00:00,69.1972780028188
2025-02-18 20:00:00,68.4857091117669
2025-02-18 21:00:00,69.3916474596587
2025-02-18 22:00:00,68.3981299192776
2025-02-18 23:00:00,68.708647827832
2025-02-19 00:00:00,68.4156533489116
2025-02-19 01:00:00,67.7042790449537
2025-02-19 02:00:00,68.0634716441924
2025-02-19 03:00:00,68.3117674538478
2025-02-19 04:00:00,68.158903135079
2025-02-19 05:00:00,68.1119646614144
2025-02-19 06:00:00,68.2905017238186
2025-02-19 07:00:00,68.4623926910156
2025-02-19 08:00:00,68.2480991168798
2025-02-19 09:00:00,67.970241033759
2025-02-19 10:00:00,67.734298032723
2025-02-19 11:00:00,67.7894586615303
2025-02-19 12:00:00,75.5565035718668
2025-02-19 13:00:00,
2025-02-19 14:00:00,
2025-02-19 15:00:00,68.0479957322362
2025-02-19 16:00:00,68.3817833673669
2025-02-19 17:00:00,68.491515738661
2025-02-19 18:00:00,68.3141435075799
2025-02-19 19:00:00,68.1119762502595
2025-02-19 20:00:00,68.3965740979042
2025-02-19 21:00:00,69.0357554742819
2025-02-19 22:00:00,68.5838248835574
2025-02-19 23:00:00,68.5195847027301
2025-02-20 00:00:00,68.1786188287503
2025-02-20 01:00:00,68.0614745599159
2025-02-20 02:00:00,68.1968033888527
2025-02-20 03:00:00,68.1232814317278
2025-02-20 04:00:00,67.8366818898811
2025-02-20 06:00:00,67.5013572262405
2025-02-20 07:00:00,68.5549532715057
2025-02-20 08:00:00,68.2954363248955
2025-02-20 09:00:00,67.9322975323713
2025-02-20 10:00:00,68.0492252003746
2025-02-20 11:00:00,67.801987205841
2025-02-20 12:00:00,68.4476640771542
2025-02-20 13:00:00,68.2439918891836
2025-02-20 14:00:00,68.3430953553914
2025-02-20 15:00:00,68.0757693210726
2025-02-20 16:00:00,67.4913251010168
2025-02-20 17:00:00,68.0132143776757
2025-02-20 18:00:00,68.0512170074552
2025-02-20 19:00:00,67.7422731881433
2025-02-20 20:00:00,68.0425464198547
2025-02-20 21:00:00,68.291612718089
2025-02-20 22:00:00,68.4929520403604
2025-02-20 23:00:00,67.7883051441297
2025-02-21 00:00:00,67.15685926528
2025-02-21 01:00:00,68.0463396105765
2025-02-21 02:00:00,68.0198946330248
2025-02-21 03:00:00,67.6341079505796
2025-02-21 04:00:00,67.4747200572378
2025-02-21 05:00:00,67.6944914671904
2025-02-21 06:00:00,67.6834994752694
2025-02-21 07:00:00,67.6307433437328
2025-02-21 08:00:00,67.2664566821126
2025-02-21 09:00:00,67.272314696881
2025-02-21 10:00:00,67.4689341239932
2025-02-21 11:00:00,67.6019083298262
2025-02-21 12:00:00,67.9568698396931
2025-02-21 13:00:00,67.7511612159461
2025-02-21 14:00:00,71.5416398514955
2025-02-21 15:00:00,68.0449232325935
2025-02-21 16:00:00,67.6247849541309
2025-02-21 17:00:00,67.8560775497718
2025-02-21 18:00:00,67.9295616360176
2025-02-21 19:00:00,67.7979679221658
2025-02-21 20:00:00,67.5948047718673
2025-02-21 21:00:00,67.7605502280253
2025-02-21 22:00:00,67.5164970659126
2025-02-21 23:00:00,67.5591067307523
2025-02-22 00:00:00,67.2559225262474
2025-02-22 01:00:00,67.347316861575
2025-02-22 02:00:00,66.8642712273087
2025-02-22 03:00:00,67.6686191711161
2025-02-22 04:00:00,67.1204430331817
2025-02-22 05:00:00,67.3313068258992
2025-02-22 06:00:00,67.5162872198362
2025-02-22 07:00:00,67.1197272399923
2025-02-22 08:00:00,67.7013523856444
2025-02-22 09:00:00,67.4552322049586
2025-02-22 16:00:00,67.2550624997576
2025-02-22 17:00:00,67.1865143081684
2025-02-22 18:00:00,67.4478416846748
2025-02-22 19:00:00,67.4606283619854
2025-02-22 20:00:00,67.7032775890938
2025-02-22 21:00:00,66.9485788771649
2025-02-22 22:00:00,67.1958513217181
2025-02-22 23:00:00,67.4294271270997
2025-02-23 00:00:00,66.4179276399034
2025-02-23 01:00:00,66.8730442021351
2025-02-23 02:00:00,66.8862517338122
2025-02-23 03:00:00,65.8610435791437
2025-02-23 04:00:00,66.8448173309214
2025-02-23 05:00:00,66.3898875516727
2025-02-23 06:00:00,66.7388458356756
2025-02-23 07:00:00,66.4688786353624
2025-02-23 08:00:00,66.9997403086123
2025-02-23 09:00:00,66.7593548385906
2025-02-23 10:00:00,66.3204105528677
2025-02-23 11:00:00,66.4316024544649
2025-02-23 12:00:00,66.4849091058986
2025-02-23 13:00:00,67.0156634974827
2025-02-23 14:00:00,66.2446912556516
2025-02-23 15:00:00,66.9742106320908
2025-02-23 16:00:00,66.6336314578946
2025-02-23 17:00:00,66.6977648698926
2025-02-23 18:00:00,66.858400832686
2025-02-23 19:00:00,66.1386107437154
2025-02-23 20:00:00,66.0304746695852
2025-02-23 21:00:00,66.3541906541031
2025-02-23 22:00:00,66.8709115868397
2025-02-23 23:00:00,
2025-02-24 00:00:00,
2025-02-24 01:00:00,
2025-02-24 02:00:00,
2025-02-24 03:00:00,
2025-02-24 04:00:00,
2025-02-24 05:00:00,
2025-02-24 06:00:00,
2025-02-24 07:00:00,
2025-02-24 08:00:00,
2025-02-24 09:00:00,
2025-02-24 10:00:00,
2025-02-24 11:00:00,
2025-02-24 12:00:00,
2025-02-24 13:00:00,
2025-02-24 14:00:00,
2025-02-24 15:00:00,
2025-02-24 16:00:00,
2025-02-24 17:00:00,
2025-02-24 18:00:00,
2025-02-24 19:00:00,
2025-02-24 20:00:00,
2025-02-24 21:00:00,
2025-02-24 22:00:00,
2025-02-24 23:00:00,
2025-02-25 00:00:00,95.9396331108811
2025-02-25 01:00:00,96.1600645349879
2025-02-25 02:00:00,96.1539743325611
2025-02-25 03:00:00,96.0404610161691
2025-02-25 04:00:00,96.021607413639
2025-02-25 05:00:00,96.0141499575331
2025-02-25 06:00:00,96.1926266811654
2025-02-25 07:00:00,96.0906400429093
2025-02-25 08:00:00,96.2462097889348
2025-02-25 10:00:00,96.1648494757486
2025-02-25 11:00:00,96.0103141705948
2025-02-25 12:00:00,95.8947551687335
2025-02-25 13:00:00,95.8408393520438
2025-02-25 14:00:00,96.3759954370297
2025-02-25 15:00:00,
2025-02-25 16:00:00,
2025-02-25 17:00:00,
2025-02-25 18:00:00,
2025-02-26 07:00:00,
2025-02-26 08:00:00,95.693261986694
2025-02-26 10:00:00,95.5658954912419
2025-02-26 11:00:00,95.4918314052551
2025-02-26 12:00:00,95.5002760116915
2025-02-26 13:00:00,95.5032665826476
2025-02-26 14:00:00,95.5630169083941
2025-02-26 15:00:00,95.6490489495841
2025-02-26 16:00:00,95.4601296889052
2025-02-26 17:00:00,95.6985787618452
2025-02-26 18:00:00,95.6033616401231
2025-02-26 19:00:00,95.5447324092414
2025-02-26 20:00:00,95.7428825224503
2025-02-26 21:00:00,95.8138219851091
2025-02-26 22:00:00,95.6515404556053
2025-02-26 23:00:00,95.6197127912874
2025-02-27 00:00:00,95.4761480971224
2025-02-27 01:00:00,95.1532396791927
2025-02-27 02:00:00,95.2049720195194
2025-02-27 03:00:00,95.2452255698593
2025-02-27 04:00:00,94.9123844595296
2025-02-27 05:00:00,95.0587314001628
2025-02-27 06:00:00,95.4694813717046
2025-02-27 07:00:00,95.2809027734815
2025-02-27 08:00:00,94.7940622894959
2025-02-27 09:00:00,95.1410076678621
2025-02-27 10:00:00,95.3415373025341
2025-02-27 11:00:00,95.1620536756267
2025-02-27 12:00:00,95.3154750188455
2025-02-27 13:00:00,95.2319980234211
2025-02-27 14:00:00,95.100347437217
2025-02-27 15:00:00,95.0600649404609
2025-02-27 16:00:00,95.0866724170341
2025-02-27 17:00:00,95.1815632061142
2025-02-27 18:00:00,95.4405370058824
2025-02-27 19:00:00,95.2281922331554
2025-02-27 20:00:00,95.168870694667
2025-02-27 21:00:00,95.3639367912022
2025-02-27 22:00:00,95.0860840347652
2025-02-27 23:00:00,95.0194613732268
2025-02-28 00:00:00,94.1489319229338
2025-02-28 01:00:00,94.7919459661191
2025-02-28 02:00:00,94.6821480885859
2025-02-28 03:00:00,94.862773314833
2025-02-28 05:00:00,94.0773078070037
2025-02-28 06:00:00,94.6914191320179
2025-02-28 07:00:00,94.2431133089327
2025-02-28 08:00:00,93.9657522843189
2025-02-28 09:00:00,94.1316745940033
2025-02-28 11:00:00,94.333655368495
2025-02-28 12:00:00,89.9847657143578
2025-02-28 13:00:00,94.6621566107084
2025-02-28 14:00:00,94.8858500717735
2025-02-28 15:00:00,94.628604404466
2025-02-28 16:00:00,94.6198840052693
2025-02-28 17:00:00,
2025-02-28 18:00:00,94.4039671920948
2025-02-28 19:00:00,95.2197959117789
2025-02-28 20:00:00,94.0862002995618
2025-02-28 21:00:00,94.729996084485
2025-02-28 22:00:00,95.0149618481024
2025-02-28 23:00:00,95.0190064743159
2025-03-01 00:00:00,94.8152087308657
2025-03-01 01:00:00,94.5747100854989
2025-03-01 02:00:00,93.5891329500875
2025-03-01 03:00:00,95.5708418672784
2025-03-01 04:00:00,94.6739467917085
2025-03-01 05:00:00,95.9366234566249
2025-03-01 06:00:00,94.9895367833347
2025-03-01 07:00:00,94.1309897431238
2025-03-01 08:00:00,94.5217680886195
2025-03-01 09:00:00,94.5794826746648
2025-03-01 10:00:00,94.1099323298779
2025-03-01 11:00:00,93.4906202447296
2025-03-01 12:00:00,94.5521579925599
2025-03-01 13:00:00,94.2201217393091
2025-03-01 14:00:00,94.5466043601303
2025-03-01 15:00:00,95.2687786038152
2025-03-01 16:00:00,94.2058917345428
2025-03-01 17:00:00,95.0224114604776
2025-03-01 18:00:00,93.1699509203488
2025-03-01 19:00:00,93.5084194136299
2025-03-01 20:00:00,96.7013489559949
2025-03-01 21:00:00,94.4576378284994
2025-03-01 22:00:00,94.7285294778515
2025-03-01 23:00:00,93.2529041629519
2025-03-02 00:00:00,94.5827795318198
2025-03-02 01:00:00,94.0585858495529
2025-03-02 02:00:00,93.6130192924314
2025-03-02 03:00:00,94.8141039220916
2025-03-02 04:00:00,94.3191983550642
2025-03-02 05:00:00,93.7468852258463
2025-03-02 07:00:00,94.2912122994365
2025-03-02 12:00:00,93.710438945292
2025-03-02 13:00:00,94.0632467715503
2025-03-02 14:00:00,94.6088414268057
2025-03-02 15:00:00,94.4713626121408
2025-03-02 16:00:00,92.9824140080916
2025-03-02 17:00:00,92.8819061481401
2025-03-02 18:00:00,93.3519939082812
2025-03-02 19:00:00,94.8523912121703
2025-03-02 20:00:00,94.4794894909023
2025-03-02 21:00:00,94.3263795657804
2025-03-02 22:00:00,94.599901946386
2025-03-02 23:00:00,93.3099156963119
2025-03-03 00:00:00,92.911824794842
2025-03-03 01:00:00,93.8632663436539
2025-03-03 02:00:00,93.5808676906453
2025-03-03 03:00:00,93.0570278567515
2025-03-03 04:00:00,94.0169928659559
2025-03-03 05:00:00,94.6918656688589
2025-03-03 11:00:00,93.9029311610852
2025-03-03 12:00:00,92.9512898997894
2025-03-03 13:00:00,94.7113779765909
2025-03-03 14:00:00,93.6869428296165
2025-03-03 15:00:00,91.9629656760778
2025-03-03 16:00:00,93.3293763507298
2025-03-03 17:00:00,94.4639113605283
2025-03-03 18:00:00,93.6117633318079
2025-03-03 19:00:00,94.1456232040452
2025-03-03 20:00:00,93.9387331640265
2025-03-04 23:00:00,93.2015767347553
2025-03-05 00:00:00,93.4777001333185
2025-03-05 01:00:00,92.9844484439292
2025-03-05 02:00:00,93.0754930459206
2025-03-05 03:00:00,92.3327438354899
2025-03-05 04:00:00,92.1022550076435
2025-03-05 05:00:00,93.3008447149487
2025-03-05 06:00:00,93.351437230334
2025-03-05 07:00:00,92.9871482588379
2025-03-05 08:00:00,92.5136932375089
2025-03-05 09:00:00,93.9524121217746
2025-03-05 10:00:00,92.9641500852906
2025-03-05 11:00:00,92.8871115488882
2025-03-05 12:00:00,92.1781487159359
2025-03-05 13:00:00,92.8416864505547
2025-03-05 14:00:00,93.8270882117348
2025-03-05 15:00:00,92.6705680238196
2025-03-05 16:00:00,92.9022016667054
2025-03-05 17:00:00,93.8305100114515
2025-03-05 18:00:00,93.566199552323
2025-03-05 19:00:00,94.2933330503091
2025-03-05 20:00:00,93.481123530514
2025-03-05 21:00:00,93.3353583983659
2025-03-05 22:00:00,95.2688044915884
2025-03-05 23:00:00,92.8628102024617
2025-03-06 00:00:00,92.2081633152798
2025-03-06 01:00:00,93.8364483052618
2025-03-06 02:00:00,92.8726318857813
2025-03-06 03:00:00,92.2326081041573
2025-03-06 04:00:00,92.8674811502363
2025-03-06 05:00:00,93.1443358721082
2025-03-06 06:00:00,92.7944606048514
2025-03-06 07:00:00,93.5997218769738
2025-03-06 08:00:00,94.1988747707458
2025-03-06 09:00:00,94.5957325833429
2025-03-06 10:00:00,94.1813548549189
2025-03-06 11:00:00,92.9214325418317
2025-03-06 12:00:00,92.727497134304
2025-03-06 13:00:00,93.5062889771487
2025-03-06 14:00:00,92.8249461065065
2025-03-06 15:00:00,92.5596506499497
2025-03-06 16:00:00,91.3040214091269
2025-03-06 17:00:00,110.999188430342
2025-03-06 18:00:00,93.9645075358169
2025-03-06 19:00:00,93.2822367627847
2025-03-06 20:00:00,92.950018350891
2025-03-06 21:00:00,93.8092680771711
2025-03-06 22:00:00,93.5067685442371
2025-03-06 23:00:00,93.9407527069454
2025-03-07 00:00:00,92.9104147605941
2025-03-07 01:00:00,92.7712858651527
2025-03-07 02:00:00,92.4277047506716
2025-03-07 03:00:00,92.0790258768166
2025-03-07 04:00:00,93.310854779568
2025-03-07 05:00:00,93.679975815756
2025-03-07 06:00:00,91.5206887850862
2025-03-07 07:00:00,92.0667381286809
2025-03-07 08:00:00,93.9462925424248
2025-03-07 09:00:00,92.7789759295411
2025-03-07 10:00:00,92.2698446146983
2025-03-07 11:00:00,92.0955012951349
2025-03-07 12:00:00,92.7894456077072
2025-03-07 13:00:00,92.2218030722012
2025-03-07 14:00:00,92.7220313701172
2025-03-07 15:00:00,93.9088216544787
2025-03-07 16:00:00,93.5580486942129
2025-03-07 17:00:00,92.4399883287894
2025-03-07 18:00:00,93.3306261214884
2025-03-07 19:00:00,92.0686043210482
2025-03-07 20:00:00,93.2313641097936
2025-03-07 21:00:00,93.5444340314681
2025-03-07 22:00:00,94.3796265258909
2025-03-07 23:00:00,92.5110604102179
2025-03-08 00:00:00,93.0306061857167
2025-03-08 01:00:00,92.4467991165386
2025-03-08 02:00:00,93.7403383399121
2025-03-08 03:00:00,92.8411799395026
2025-03-08 05:00:00,93.302606743277
2025-03-08 07:00:00,93.6746962833526
2025-03-08 08:00:00,93.458500648002
2025-03-08 09:00:00,93.1804905328946
2025-03-08 10:00:00,93.9165011971015
2025-03-08 11:00:00,93.4561511842537
2025-03-08 12:00:00,93.0750849376672
2025-03-08 13:00:00,92.301201461423
2025-03-08 14:00:00,93.5863983741128
2025-03-08 15:00:00,93.4472614469024
2025-03-08 16:00:00,93.0003214204472
2025-03-08 17:00:00,92.4637102501709
2025-03-08 18:00:00,93.3209471314615
2025-03-08 19:00:00,94.0162464759951
2025-03-08 20:00:00,92.9492100413473
2025-03-08 21:00:00,91.4693526831794
2025-03-08 22:00:00,93.0552827508727
2025-03-08 23:00:00,92.7259501232171
2025-03-09 00:00:00,92.5752769142804
2025-03-09 01:00:00,91.2339343656232
2025-03-09 02:00:00,94.1248001852646
2025-03-09 03:00:00,91.7874969750208
2025-03-09 04:00:00,93.5927077673132
2025-03-09 05:00:00,92.466630039357
2025-03-09 06:00:00,92.1061956835595
2025-03-09 07:00:00,92.0697200412261
2025-03-09 08:00:00,92.5000573608282
2025-03-09 09:00:00,93.2843958201402
2025-03-09 10:00:00,91.8266139204842
2025-03-09 11:00:00,92.4568150715214
2025-03-09 12:00:00,93.688146142896
2025-03-09 13:00:00,94.2018026346024
2025-03-09 14:00:00,93.5700451766727
2025-03-09 15:00:00,91.5290000227832
2025-03-09 16:00:00,92.8113429447786
2025-03-09 17:00:00,93.4528159075088
2025-03-09 18:00:00,91.8978343844527
2025-03-09 19:00:00,92.8702988665751
2025-03-09 20:00:00,91.6967716029227
2025-03-09 21:00:00,91.6728245151081
2025-03-09 22:00:00,92.4046356240725
2025-03-09 23:00:00,93.2157268984343
2025-03-10 00:00:00,92.2483779035296
2025-03-10 01:00:00,
2025-03-10 02:00:00,
2025-03-10 03:00:00,92.2273467452373
2025-03-10 04:00:00,92.6953092926232
2025-03-10 05:00:00,93.7491267533771
2025-03-10 06:00:00,92.5307920191683
2025-03-10 08:00:00,91.3357075976023
2025-03-10 09:00:00,91.4162462388055
2025-03-10 10:00:00,93.0660996558403
2025-03-10 11:00:00,92.4633529602547
2025-03-10 12:00:00,92.5491034057319
2025-03-10 13:00:00,91.6289751276895
2025-03-10 14:00:00,92.3413040602268
2025-03-10 15:00:00,93.4746194633776
2025-03-10 16:00:00,91.0655766766229
2025-03-11 03:00:00,92.3953262179613
2025-03-11 04:00:00,92.4738060560353
2025-03-11 05:00:00,91.8730862356314
2025-03-11 07:00:00,91.0290820639629
2025-03-11 08:00:00,91.8153295740022
2025-03-11 09:00:00,92.0563724721691
2025-03-11 10:00:00,92.1205133962396
2025-03-11 11:00:00,92.8437636101183
2025-03-11 12:00:00,91.205312967062
2025-03-11 13:00:00,92.3561106140619
2025-03-11 14:00:00,92.6008154681125
2025-03-11 15:00:00,90.952096688521
2025-03-11 16:00:00,92.6774675794637
2025-03-11 17:00:00,90.9195607609646
2025-03-11 18:00:00,91.6283351425492
2025-03-11 19:00:00,91.2151254150203
2025-03-11 20:00:00,92.1356075659057
2025-03-11 21:00:00,91.5290460623934
2025-03-11 22:00:00,91.3266194406056
2025-03-12 00:00:00,92.040168592015
2025-03-12 12:00:00,92.7044832286231
2025-03-12 13:00:00,91.4800589805779
2025-03-12 14:00:00,93.3652679845347
2025-03-12 15:00:00,91.1723774196163
2025-03-12 16:00:00,92.0536975373793
2025-03-12 17:00:00,93.2387132434943
2025-03-12 18:00:00,91.4711492640898
2025-03-12 19:00:00,91.3724078557189
2025-03-12 20:00:00,91.5358694118553
2025-03-12 21:00:00,90.1351779382196
2025-03-12 22:00:00,91.521634042287
2025-03-12 23:00:00,91.6549153822105
2025-03-13 00:00:00,92.0730670989288
2025-03-13 01:00:00,73.921511026494
2025-03-13 02:00:00,90.3128722391708
2025-03-13 03:00:00,90.5505934368327
2025-03-13 04:00:00,92.3709877408063
2025-03-13 05:00:00,90.9812117507445
2025-03-13 06:00:00,66.941487159795
2025-03-13 07:00:00,92.1496563439309
2025-03-13 08:00:00,114.191624180055
2025-03-13 09:00:00,92.4529913534249
2025-03-13 10:00:00,89.9541747697176
2025-03-13 11:00:00,92.3339131388147
2025-03-13 12:00:00,91.595371708275
2025-03-13 13:00:00,92.8644755287273
2025-03-13 14:00:00,92.6744128319953
2025-03-13 15:00:00,93.5564674870935
2025-03-13 16:00:00,92.3938004049635
2025-03-13 17:00:00,90.869320576764
2025-03-13 18:00:00,89.7564440204417
2025-03-13 19:00:00,92.0647732817593
2025-03-13 20:00:00,93.2290381148196
2025-03-13 21:00:00,91.3556484681014
2025-03-13 22:00:00,91.6186757803133
2025-03-13 23:00:00,91.7509610103511
2025-03-14 00:00:00,90.531095615987
2025-03-14 01:00:00,91.7143571398817
2025-03-14 02:00:00,90.4940425964291
2025-03-14 03:00:00,91.3191912463914
2025-03-14 04:00:00,91.9986116875872
2025-03-14 05:00:00,68.7883354624528
2025-03-14 06:00:00,93.0735380847155
2025-03-14 07:00:00,90.9658128576041
2025-03-14 08:00:00,90.1323321705338
2025-03-14 09:00:00,90.4555536975607
2025-03-14 10:00:00,91.295507523973
2025-03-14 11:00:00,92.596802562917
2025-03-14 12:00:00,91.8465602377845
2025-03-14 13:00:00,90.6781261280201
2025-03-14 14:00:00,90.9849289332505
2025-03-14 15:00:00,92.3393872766245
2025-03-14 16:00:00,89.7797747457793
2025-03-14 17:00:00,92.1458259535827
2025-03-14 18:00:00,91.8131491121261
2025-03-14 19:00:00,91.844460750592
2025-03-14 20:00:00,90.3397861152188
2025-03-14 21:00:00,91.1924975769054
2025-03-14 22:00:00,90.5837333151782
2025-03-14 23:00:00,91.9015387415486
2025-03-15 00:00:00,90.2580443288585
2025-03-15 01:00:00,90.5746397656715
2025-03-15 02:00:00,88.5549599477465
2025-03-15 03:00:00,91.8346640225551
2025-03-15 04:00:00,90.9403257126304
2025-03-15 16:00:00,91.6522967669308
2025-03-15 17:00:00,91.9536445824639
2025-03-15 18:00:00,90.8354616823886
2025-03-15 19:00:00,90.8485199948855
2025-03-15 20:00:00,90.8186370224703
2025-03-15 21:00:00,91.6699289638254
2025-03-15 22:00:00,90.8283755855892
2025-03-15 23:00:00,90.9896303684928
2025-03-16 00:00:00,90.4059497935908
2025-03-16 01:00:00,92.0673655448775
2025-03-16 02:00:00,89.6334140027864
2025-03-16 03:00:00,90.2840319671538
2025-03-16 04:00:00,90.8069882977521
2025-03-16 06:00:00,91.0776412973227
2025-03-16 07:00:00,90.8570683579259
2025-03-16 08:00:00,91.8882906231562
2025-03-16 10:00:00,89.3976379310985
2025-03-16 11:00:00,91.1583950755467
2025-03-16 12:00:00,90.4989599801029
2025-03-16 13:00:00,91.0906677713456
2025-03-16 14:00:00,90.6085685510814
2025-03-16 15:00:00,89.52774084147
2025-03-16 16:00:00,91.6247902476348
2025-03-16 17:00:00,91.1477849199407
2025-03-16 18:00:00,91.9221266193274
2025-03-16 19:00:00,90.7817852012224
2025-03-16 20:00:00,92.1470568344111
2025-03-16 21:00:00,90.8610099109726
2025-03-16 22:00:00,89.35167937991
2025-03-16 23:00:00,67.6424372414403
2025-03-17 00:00:00,90.5098812072003
2025-03-17 01:00:00,90.5257677709232
2025-03-17 02:00:00,90.9757683959641
2025-03-17 03:00:00,90.7567195305496
2025-03-17 04:00:00,90.4886585412404
2025-03-17 05:00:00,91.3705614435696
2025-03-17 06:00:00,92.4881076319573
2025-03-17 07:00:00,90.5374757045922
2025-03-17 08:00:00,90.03827759932
2025-03-17 09:00:00,90.8149614892565
2025-03-17 10:00:00,91.1019815694289
2025-03-17 11:00:00,91.0649635115313
2025-03-17 12:00:00,91.1580942748015
2025-03-17 13:00:00,90.6267206868849
2025-03-17 14:00:00,91.2969041752053
2025-03-17 15:00:00,91.0100878794004
2025-03-17 16:00:00,90.5274868516191
2025-03-17 17:00:00,89.6619342518096
2025-03-17 18:00:00,91.2627183593198
2025-03-17 19:00:00,91.3847228829959
2025-03-17 20:00:00,90.6299528346753
2025-03-17 21:00:00,92.2338952278162
2025-03-17 22:00:00,89.4396147344066
2025-03-17 23:00:00,90.5675808089786
2025-03-18 00:00:00,90.5070012676658
2025-03-18 01:00:00,90.1260240961657
2025-03-18 02:00:00,91.7070692086702
2025-03-18 03:00:00,89.2695483327633
2025-03-18 04:00:00,105.679430787859
2025-03-18 05:00:00,91.3376405989483
2025-03-18 06:00:00,89.8276367624846
2025-03-18 07:00:00,91.5155296707173
2025-03-18 08:00:00,89.9533269334863
2025-03-18 10:00:00,90.5422749253391
2025-03-18 11:00:00,91.0293236575628
2025-03-18 12:00:00,92.0540030193632
2025-03-18 13:00:00,90.5800481167165
2025-03-18 14:00:00,91.1504657896893
2025-03-18 16:00:00,91.1970595885869
2025-03-18 17:00:00,91.235192376048
2025-03-18 18:00:00,91.3400533477734
2025-03-18 19:00:00,91.4281477579981
2025-03-18 20:00:00,91.0820309812866
2025-03-18 21:00:00,90.0640557841692
2025-03-18 22:00:00,91.8430140328866
2025-03-18 23:00:00,90.5512090658728
2025-03-19 00:00:00,90.4555239997505
2025-03-19 01:00:00,91.5013384315482
2025-03-19 02:00:00,90.8484359908201
2025-03-19 03:00:00,90.7558013722503
2025-03-19 04:00:00,89.2812266884618
2025-03-19 05:00:00,90.6498183353732
2025-03-19 06:00:00,68.2242931438119
2025-03-19 07:00:00,90.5320766048585
2025-03-19 08:00:00,90.5869144370225
2025-03-19 09:00:00,90.4901508912659
2025-03-19 10:00:00,90.8195653886665
2025-03-19 11:00:00,91.415982710574
2025-03-19 12:00:00,89.9955207808226
2025-03-19 13:00:00,90.3407335585953
2025-03-19 14:00:00,89.207292505739
2025-03-19 15:00:00,89.7844374973881
2025-03-19 16:00:00,90.6381152023323
2025-03-19 17:00:00,90.2737897358986
2025-03-19 18:00:00,88.8564470400755
2025-03-19 19:00:00,90.8798261689617
2025-03-19 20:00:00,89.6735334125789
2025-03-19 21:00:00,90.5089041749534
2025-03-19 22:00:00,89.6674706865305
2025-03-19 23:00:00,91.375108065942
2025-03-20 00:00:00,89.5171814792391
2025-03-20 01:00:00,90.0822064171091
2025-03-20 02:00:00,89.4357863480895
2025-03-20 03:00:00,90.1978593129568
2025-03-20 04:00:00,88.8478098775164
2025-03-20 05:00:00,89.3380077533762
2025-03-20 06:00:00,91.744925092315
2025-03-20 07:00:00,90.4292337279282
2025-03-20 09:00:00,91.1912653149049
2025-03-20 19:00:00,89.2630814824359
2025-03-20 20:00:00,89.9580454334395
2025-03-20 21:00:00,89.9940691690314
2025-03-20 22:00:00,90.8067943560823
2025-03-20 23:00:00,91.0006074771263
2025-03-21 00:00:00,89.9494809722213
2025-03-21 01:00:00,90.7438628962337
2025-03-21 02:00:00,89.7525510312401
2025-03-21 03:00:00,88.5452928502489
2025-03-21 04:00:00,90.8700294586999
2025-03-21 05:00:00,89.3354730236184
2025-03-21 06:00:00,90.2055251282569
2025-03-21 07:00:00,90.844251624375
2025-03-21 09:00:00,89.7438084433537
2025-03-21 10:00:00,90.076470722395
2025-03-21 11:00:00,87.9414760194637
2025-03-21 12:00:00,89.4685932677807
2025-03-21 13:00:00,89.3812224135592
2025-03-21 14:00:00,
2025-03-21 15:00:00,
2025-03-21 16:00:00,
2025-03-21 17:00:00,90.3867051349532
2025-03-21 18:00:00,92.1371607688509
2025-03-21 19:00:00,90.3391597579387
2025-03-21 20:00:00,89.5097473090599
2025-03-22 07:00:00,91.0063018574917
2025-03-22 09:00:00,89.6907342138027
2025-03-23 13:00:00,89.7280721224608
2025-03-23 14:00:00,89.7026197762897
2025-03-23 15:00:00,89.697156385745
2025-03-23 16:00:00,88.6732524337606
2025-03-23 17:00:00,89.6604422770803
2025-03-23 18:00:00,90.5181081432766
2025-03-23 19:00:00,89.299475975313
2025-03-23 20:00:00,90.0776814132824
2025-03-23 21:00:00,88.3506973766675
2025-03-23 22:00:00,89.9705400089314
2025-03-23 23:00:00,88.4232135538536
2025-03-24 00:00:00,88.1303596108691
2025-03-24 01:00:00,88.7659405422598
2025-03-24 02:00:00,90.1625496125345
2025-03-24 03:00:00,89.2428926176674
2025-03-24 04:00:00,90.1732044242358
2025-03-24 08:00:00,88.2600824963937
2025-03-24 10:00:00,89.8351578026192
2025-03-24 11:00:00,88.851347024206
2025-03-24 12:00:00,89.9085051336587
2025-03-24 13:00:00,88.6132892110427
2025-03-24 14:00:00,89.814500786568
2025-03-24 15:00:00,89.5599882697543
2025-03-24 16:00:00,89.461883679329
2025-03-24 17:00:00,96.1725615588136
2025-03-24 18:00:00,89.1086288954145
2025-03-24 19:00:00,89.1809663255841
2025-03-24 20:00:00,89.6850827316447
2025-03-24 21:00:00,88.3668014853674
2025-03-24 22:00:00,89.2193462866611
2025-03-24 23:00:00,88.2196998364302
2025-03-25 00:00:00,89.1709694083683
2025-03-25 01:00:00,90.1559525934179
2025-03-25 02:00:00,86.3200772985013
2025-03-25 03:00:00,88.1905793722892
2025-03-25 04:00:00,88.1306294221913
2025-03-25 05:00:00,88.1853367874472
2025-03-25 06:00:00,88.3696270353898
2025-03-25 07:00:00,89.1640121017081
2025-03-25 08:00:00,88.8431857432147
2025-03-25 09:00:00,89.1587017650584
2025-03-25 10:00:00,89.1925099415882
2025-03-25 11:00:00,89.1990005115678
2025-03-25 12:00:00,89.1516745006887
2025-03-25 13:00:00,88.7180535395626
2025-03-25 14:00:00,89.7222234844904
2025-03-25 15:00:00,88.304064863694
2025-03-25 16:00:00,87.9982488544295
2025-03-25 17:00:00,87.8873790725892
2025-03-25 18:00:00,88.9552283302977
2025-03-25 19:00:00,88.9464749014254
2025-03-25 20:00:00,88.7786209104172
2025-03-25 21:00:00,89.3940596243823
2025-03-25 22:00:00,89.0369843536805
2025-03-25 23:00:00,89.1127061677395
2025-03-26 00:00:00,87.9907396753081
2025-03-26 01:00:00,89.077370826526
2025-03-26 02:00:00,88.1390086777421
2025-03-26 03:00:00,89.2782481284105
2025-03-26 04:00:00,88.6178597562292
2025-03-26 09:00:00,88.3657019999332
2025-03-26 10:00:00,88.797579945319
2025-03-26 11:00:00,89.1821194655381
2025-03-26 12:00:00,86.7747600442406
2025-03-26 13:00:00,88.8054899629898
2025-03-26 14:00:00,88.2380706215747
2025-03-26 15:00:00,
2025-03-26 16:00:00,
2025-03-26 17:00:00,
2025-03-26 18:00:00,
2025-03-26 19:00:00,88.4381509616158
2025-03-26 20:00:00,89.8881167471974
2025-03-26 21:00:00,88.3931004274992
2025-03-26 22:00:00,89.3292897338585
2025-03-26 23:00:00,87.441718678101
2025-03-27 00:00:00,89.4872950878632
2025-03-27 01:00:00,88.5583067475954
2025-03-27 02:00:00,88.1282173952481
2025-03-27 03:00:00,106.591762497584
2025-03-27 04:00:00,87.2399007282452
2025-03-27 05:00:00,86.9665852028622
2025-03-27 06:00:00,87.5590774355411
2025-03-27 07:00:00,89.1879264319946
2025-03-27 08:00:00,88.0008403911489
2025-03-27 09:00:00,88.6693333770643
2025-03-27 10:00:00,88.4788620239436
2025-03-27 11:00:00,87.370206353956
2025-03-27 12:00:00,86.9047912446989
2025-03-27 13:00:00,87.9621045205363
2025-03-27 14:00:00,88.4787329473305
2025-03-27 15:00:00,87.4308363894384
2025-03-27 16:00:00,88.9934016195677
2025-03-27 17:00:00,88.0982399113646
2025-03-27 18:00:00,88.7269169617927
2025-03-27 19:00:00,88.2943748911674
2025-03-27 20:00:00,89.4919781843602
2025-03-27 21:00:00,87.545459507488
2025-03-27 22:00:00,87.1417036961857
2025-03-27 23:00:00,88.5923197874516
2025-03-28 00:00:00,88.9024990032286
2025-03-28 01:00:00,87.6054621383365
2025-03-28 02:00:00,88.2081976597824
2025-03-28 03:00:00,87.5758854456534
2025-03-28 05:00:00,86.915970317944
2025-03-28 06:00:00,
2025-03-28 07:00:00,
2025-03-28 08:00:00,
2025-03-28 09:00:00,
2025-03-28 10:00:00,
2025-03-28 11:00:00,87.4783198496618
2025-03-28 12:00:00,90.4267353320833
2025-03-28 13:00:00,86.7308809253022
2025-03-28 14:00:00,89.4516983389509
2025-03-28 15:00:00,87.4821582156589
2025-03-28 16:00:00,88.9964040539349
2025-03-28 17:00:00,87.4601057507483
2025-03-28 18:00:00,87.2105565528147
2025-03-28 19:00:00,87.936499524969
2025-03-28 20:00:00,88.057586148442
2025-03-28 21:00:00,87.6811163126064
2025-03-28 22:00:00,87.737331557214
2025-03-28 23:00:00,86.4832117781865
2025-03-29 00:00:00,87.0197038047808
2025-03-29 01:00:00,86.9643396890897
2025-03-29 02:00:00,88.8159107972742
2025-03-29 03:00:00,88.3303983996356
2025-03-29 04:00:00,86.813529519216
2025-03-29 05:00:00,86.486772230332
2025-03-29 06:00:00,89.1100661611543
2025-03-29 07:00:00,88.2785332625322
2025-03-29 08:00:00,86.414006237675
2025-03-29 09:00:00,86.8927216352245
2025-03-29 10:00:00,87.4566371288993
2025-03-29 11:00:00,88.8661906538486
2025-03-29 12:00:00,87.4665328604982
2025-03-29 13:00:00,87.1564824204492
2025-03-29 14:00:00,87.9482176257855
2025-03-29 15:00:00,87.912254454131
2025-03-29 16:00:00,86.8688039726734
2025-03-29 17:00:00,88.3012199386803
2025-03-29 18:00:00,87.6480154384825
2025-03-29 19:00:00,87.6841257704052
2025-03-29 20:00:00,86.7904309453232
2025-03-29 21:00:00,88.4149825316544
2025-03-29 22:00:00,87.6567641602826
2025-03-29 23:00:00,88.0037869689367
2025-03-30 00:00:00,88.8009502951236
2025-03-30 01:00:00,86.0630982772081
2025-03-30 02:00:00,87.3449421979772
2025-03-30 03:00:00,87.0275967045212
2025-03-30 04:00:00,88.4273546850528
2025-03-30 06:00:00,87.2827123932505
2025-03-30 19:00:00,88.738610974188
2025-03-30 20:00:00,88.0451842643508
2025-03-30 21:00:00,87.0814407704098
2025-03-30 22:00:00,87.3276367499098
2025-03-30 23:00:00,86.7790594383874
2025-03-31 00:00:00,87.487285621847
2025-03-31 01:00:00,86.9058184570137
2025-03-31 02:00:00,87.6474916798312
2025-03-31 03:00:00,87.6789575347278
2025-03-31 04:00:00,86.2458164773563
2025-03-31 05:00:00,85.889515924546
2025-03-31 06:00:00,87.2979004621047
2025-03-31 07:00:00,87.7699978256498
2025-03-31 08:00:00,87.6936077320585
2025-03-31 09:00:00,87.7278566461432
2025-03-31 10:00:00,88.587840467675
2025-03-31 11:00:00,88.8207530144886
2025-03-31 12:00:00,87.323368064581
2025-03-31 15:00:00,87.2351933410863
2025-03-31 16:00:00,87.2885052168874
2025-03-31 22:00:00,87.8309474341375
2025-03-31 23:00:00,86.4334032451755
2025-04-01 00:00:00,85.9432416715043
2025-04-01 01:00:00,85.8725586355268
2025-04-01 02:00:00,87.5197923827475
2025-04-01 03:00:00,86.3790320195321
2025-04-01 04:00:00,87.8361135949387
2025-04-01 05:00:00,85.8215291616067
2025-04-01 06:00:00,86.0645505726679
2025-04-01 07:00:00,86.9782089673142
2025-04-01 08:00:00,86.3264912030567
2025-04-01 09:00:00,87.1892464015192
2025-04-01 10:00:00,86.8475606031876
2025-04-01 12:00:00,85.4668120528904
2025-04-01 13:00:00,86.1284107303018
2025-04-01 14:00:00,87.3453322120313
2025-04-01 15:00:00,86.8169054214708
2025-04-01 16:00:00,87.8076705688749
2025-04-01 17:00:00,86.1061491686019
2025-04-01 18:00:00,87.0021587943254
2025-04-01 19:00:00,86.7200198352714
2025-04-01 20:00:00,87.0631512641468
2025-04-01 21:00:00,87.5864164758436
2025-04-01 22:00:00,85.7006197823843
2025-04-01 23:00:00,87.1992950159035
2025-04-02 00:00:00,86.7381687115266
2025-04-02 01:00:00,86.4528751401716
2025-04-02 02:00:00,86.341690281416
2025-04-02 03:00:00,86.6430737020708
2025-04-02 04:00:00,88.0360362715955
2025-04-02 05:00:00,86.2307878974337
2025-04-02 06:00:00,87.5669074943635
2025-04-02 07:00:00,87.5420375769484
2025-04-02 08:00:00,85.0784249336551
2025-04-02 09:00:00,85.2854622116565
2025-04-02 10:00:00,86.4117170795461
2025-04-02 11:00:00,87.475507492324
2025-04-02 12:00:00,87.1487914665177
2025-04-02 13:00:00,87.7896052509581
2025-04-02 14:00:00,87.7880973111619
2025-04-02 15:00:00,85.0144357613523
2025-04-02 16:00:00,86.8973869582286
2025-04-02 17:00:00,85.8544361137863
2025-04-02 18:00:00,85.6084206255812
2025-04-02 19:00:00,87.3055875194321
2025-04-02 20:00:00,85.7914140732927
2025-04-02 21:00:00,87.7015700377334
2025-04-02 22:00:00,86.4771858782718
2025-04-02 23:00:00,87.5946239031119
2025-04-03 00:00:00,86.0739336616068
2025-04-03 01:00:00,87.2975312016378
2025-04-03 03:00:00,86.4624244478519
2025-04-03 04:00:00,85.2841679653085
2025-04-03 05:00:00,87.0570259391113
2025-04-03 06:00:00,86.6368320477904
2025-04-03 07:00:00,87.2869026768991
2025-04-03 08:00:00,85.7624390737868
2025-04-03 09:00:00,86.7450044982755
2025-04-03 10:00:00,86.2206179796462
2025-04-03 11:00:00,86.0624063382811
2025-04-03 12:00:00,87.117001179459
2025-04-03 13:00:00,86.0766817341632
2025-04-03 14:00:00,86.0707980818186
2025-04-03 15:00:00,84.8951736146679
2025-04-03 16:00:00,86.3462193320396
2025-04-03 17:00:00,86.6512512961158
2025-04-03 18:00:00,85.5410040592703
2025-04-03 19:00:00,86.3524617811387
2025-04-03 20:00:00,
2025-04-03 21:00:00,
2025-04-03 22:00:00,
2025-04-03 23:00:00,
2025-04-04 00:00:00,
2025-04-04 01:00:00,84.473289217358
2025-04-04 02:00:00,85.7199780776486
2025-04-04 03:00:00,85.5647365145136
2025-04-04 04:00:00,85.8851444934836
2025-04-04 05:00:00,86.6704243768894
2025-04-04 06:00:00,86.613895708639
2025-04-04 07:00:00,86.0177008744988
2025-04-04 08:00:00,84.9882356080515
2025-04-04 09:00:00,85.3136350473884
2025-04-04 10:00:00,86.4465251193729
2025-04-04 11:00:00,85.2149490881251
2025-04-04 12:00:00,86.2465898892585
2025-04-04 13:00:00,86.3879338217458
2025-04-04 14:00:00,86.1473978715695
2025-04-04 15:00:00,84.9801851781705
2025-04-04 16:00:00,85.4900003171019
2025-04-04 17:00:00,85.2927146702943
2025-04-04 18:00:00,85.1929046245273
2025-04-04 19:00:00,86.5044858488397
2025-04-04 20:00:00,85.4496582876409
2025-04-04 21:00:00,86.5001585113562
2025-04-04 22:00:00,85.4531928372005
2025-04-04 23:00:00,85.5893710696164
2025-04-05 00:00:00,85.4265985416241
2025-04-05 01:00:00,85.5011259434619
2025-04-05 02:00:00,85.182362346644
2025-04-05 03:00:00,84.7481570742201
2025-04-05 04:00:00,85.3371619892861
2025-04-05 16:00:00,84.9902974505771
2025-04-05 17:00:00,86.2888915448699
2025-04-05 18:00:00,84.8004716328416
2025-04-05 19:00:00,85.7744880856757
2025-04-05 20:00:00,84.3176919916196
2025-04-05 21:00:00,84.9827465561097
2025-04-05 22:00:00,86.5327915674758
2025-04-05 23:00:00,85.785751707897
2025-04-06 00:00:00,85.9002518896149
2025-04-06 01:00:00,84.9007119273242
2025-04-06 02:00:00,85.6593041711491
2025-04-06 03:00:00,85.8030052464613
2025-04-06 04:00:00,86.1222122651718
2025-04-06 05:00:00,85.7856605864891
2025-04-06 06:00:00,87.1466135138733
2025-04-06 07:00:00,85.4112090812441
2025-04-06 08:00:00,84.9659238973654
2025-04-06 09:00:00,85.9858878032399
2025-04-06 10:00:00,85.223583870129
2025-04-06 11:00:00,83.8882997474387
2025-04-06 12:00:00,86.1967861502529
2025-04-06 13:00:00,84.269488090607
2025-04-06 14:00:00,85.5629073460748
2025-04-06 15:00:00,84.9425576446045
2025-04-06 16:00:00,86.6517286789824
2025-04-06 17:00:00,85.753200498675
2025-04-06 18:00:00,84.8110583034616
2025-04-06 19:00:00,84.9841489850639
2025-04-06 20:00:00,85.2783393765617
2025-04-06 21:00:00,85.397722280641
2025-04-06 22:00:00,85.7911054565286
2025-04-06 23:00:00,84.4048215787995
2025-04-07 00:00:00,84.5110950774972
2025-04-07 01:00:00,86.626723437731
2025-04-07 02:00:00,85.0307841081967
2025-04-07 03:00:00,86.1103020824313
2025-04-07 04:00:00,86.1810585134469
2025-04-07 05:00:00,84.9774732029115
2025-04-07 07:00:00,85.0013762528478
2025-04-07 08:00:00,85.3250406883907
2025-04-07 09:00:00,85.8157318396953
2025-04-07 10:00:00,84.6497249816345
2025-04-07 11:00:00,85.0381225298852
2025-04-07 12:00:00,87.3131565911861
2025-04-07 13:00:00,85.31183653378
2025-04-07 14:00:00,85.5760392060457
2025-04-07 15:00:00,86.7861061147935
2025-04-07 16:00:00,85.3538949461103
2025-04-07 17:00:00,86.4598288973978
2025-04-07 18:00:00,84.8005723599887
2025-04-07 19:00:00,84.9280974667076
2025-04-07 20:00:00,83.6615760913362
2025-04-07 21:00:00,85.2036368805089
2025-04-07 22:00:00,85.2651972275885
2025-04-07 23:00:00,86.3682010571151
2025-04-08 00:00:00,83.7121754762981
2025-04-08 01:00:00,83.8785905486004
2025-04-08 02:00:00,85.7005290133486
2025-04-08 03:00:00,85.6170786890554
2025-04-08 04:00:00,84.5570355548562
2025-04-08 05:00:00,84.4888599163136
2025-04-08 06:00:00,84.5034705521471
2025-04-08 07:00:00,85.1250545489859
2025-04-08 08:00:00,84.9857233052857
2025-04-08 09:00:00,85.1797469543922
2025-04-08 10:00:00,84.8233410037179
2025-04-08 11:00:00,84.249701168344
2025-04-08 12:00:00,82.9716953063376
2025-04-08 23:00:00,82.1934695488255
2025-04-09 00:00:00,84.6309987124157
2025-04-09 01:00:00,85.6018097519674
2025-04-09 02:00:00,86.7171021975274
2025-04-09 03:00:00,84.5770712692529
2025-04-09 05:00:00,84.372650363892
2025-04-09 06:00:00,85.2774542065217
2025-04-09 07:00:00,84.895970078867
2025-04-09 08:00:00,85.8878437869783
2025-04-09 09:00:00,84.7327554198268
2025-04-09 10:00:00,85.0130807772082
2025-04-09 11:00:00,85.5794640385063
2025-04-09 12:00:00,84.9019662818624
2025-04-09 13:00:00,85.740191415641
2025-04-09 14:00:00,84.4452055558172
2025-04-09 15:00:00,83.6387812964232
2025-04-09 16:00:00,84.7722489565467
2025-04-09 17:00:00,84.6681490369633
2025-04-09 18:00:00,83.0698291518857
2025-04-09 19:00:00,83.4231681982364
2025-04-09 20:00:00,85.8446468291523
2025-04-09 21:00:00,85.0310112013373
2025-04-09 22:00:00,84.648234471347
2025-04-09 23:00:00,85.6345736517543
2025-04-10 00:00:00,84.9481974283215
2025-04-10 02:00:00,
2025-04-10 03:00:00,
2025-04-10 04:00:00,
2025-04-10 05:00:00,
2025-04-10 06:00:00,85.4336961777651
2025-04-10 11:00:00,85.0677695077978
2025-04-10 12:00:00,85.6141844957391
2025-04-10 13:00:00,85.4509855798737
2025-04-10 14:00:00,83.8107424658985
2025-04-10 15:00:00,84.4344732689895
2025-04-10 16:00:00,84.0817763286507
2025-04-10 17:00:00,84.9047862489256
2025-04-10 18:00:00,84.2125607552686
2025-04-10 19:00:00,84.2687476645902
2025-04-10 20:00:00,85.2691961126401
2025-04-10 21:00:00,85.0114760368919
2025-04-10 22:00:00,85.6195589681482
2025-04-10 23:00:00,83.9914979533716
2025-04-11 00:00:00,84.6075202539945
2025-04-11 01:00:00,84.3289228708396
2025-04-11 02:00:00,84.3940231173395
2025-04-11 03:00:00,83.9772546488214
2025-04-11 04:00:00,84.9993795702601
2025-04-11 06:00:00,84.4965110554535
2025-04-11 07:00:00,86.2484554809994
2025-04-11 08:00:00,84.5677330650895
2025-04-11 09:00:00,84.7263909553126
2025-04-11 10:00:00,84.2717605720913
2025-04-11 11:00:00,84.5681970718387
2025-04-11 12:00:00,83.518159567802
2025-04-11 13:00:00,84.157419781248
2025-04-11 14:00:00,83.9020950288647
2025-04-11 15:00:00,83.4045624798714
2025-04-11 16:00:00,86.5315519465289
2025-04-11 17:00:00,84.9414682496308
2025-04-11 18:00:00,83.5878158427222
2025-04-11 19:00:00,83.8831932888396
2025-04-11 20:00:00,85.0726785991701
2025-04-11 21:00:00,84.5849582604385
2025-04-11 22:00:00,84.268760154436
2025-04-11 23:00:00,85.1560567820212
2025-04-12 00:00:00,85.2649817239599
2025-04-12 01:00:00,84.0291311247769
2025-04-12 02:00:00,83.0543912967765
2025-04-12 03:00:00,84.0713919701967
2025-04-12 04:00:00,83.0536089189237
2025-04-12 05:00:00,84.856274142771
2025-04-12 06:00:00,84.4769925371388
2025-04-12 07:00:00,82.1399714879741
2025-04-12 08:00:00,60.5799744550971
2025-04-12 09:00:00,84.9777313432854
2025-04-12 10:00:00,85.2809980705174
2025-04-12 11:00:00,83.3192646862147
2025-04-12 12:00:00,84.7223522113558
2025-04-12 13:00:00,83.1798127542663
2025-04-12 14:00:00,84.2868341283645
2025-04-12 15:00:00,83.3734131246396
2025-04-12 16:00:00,83.2964437125198
2025-04-12 17:00:00,83.8937392943058
2025-04-12 18:00:00,84.3112097374926
2025-04-12 19:00:00,84.1180563631931
2025-04-12 21:00:00,84.7894597811855
2025-04-12 22:00:00,82.5092942450157
2025-04-12 23:00:00,83.8978041075327
2025-04-13 00:00:00,84.4641844974767
2025-04-13 01:00:00,84.9237173905874
2025-04-13 02:00:00,83.7841604266523
2025-04-13 03:00:00,84.1446122038006
2025-04-13 04:00:00,83.7478230187561
2025-04-13 05:00:00,85.2711036083712
2025-04-13 06:00:00,82.826084558832
2025-04-13 07:00:00,83.7544476642503
2025-04-13 08:00:00,82.4188300777557
2025-04-13 09:00:00,84.4703590370419
2025-04-13 10:00:00,84.7807116107271
2025-04-13 11:00:00,85.5589219737865
2025-04-13 12:00:00,84.3631296405526
2025-04-13 13:00:00,84.7968766011652
2025-04-13 14:00:00,84.0634380479996
2025-04-13 15:00:00,85.0299071112367
2025-04-13 16:00:00,84.0856547753806
2025-04-13 17:00:00,61.7910860013964
2025-04-13 18:00:00,83.460699307759
2025-04-13 19:00:00,82.9540428032838
2025-04-13 20:00:00,84.6430869611393
2025-04-13 21:00:00,82.8477889505544
2025-04-13 22:00:00,83.845176074781
2025-04-13 23:00:00,83.9374789343356
2025-04-14 00:00:00,83.1909153543673
2025-04-14 01:00:00,83.4689767963478
2025-04-14 02:00:00,84.4345941179951
2025-04-14 03:00:00,83.9244263682572
2025-04-14 14:00:00,82.573207818659
2025-04-14 15:00:00,84.1648263741555
2025-04-14 16:00:00,96.8857572801356
2025-04-14 17:00:00,82.5943077902629
2025-04-14 18:00:00,83.0603635937705
2025-04-14 19:00:00,83.220870570942
2025-04-14 20:00:00,84.276361808124
2025-04-14 21:00:00,84.6540877923637
2025-04-14 22:00:00,83.579039455355
2025-04-14 23:00:00,85.0812722826454
2025-04-15 00:00:00,85.0056158656267
2025-04-15 01:00:00,86.1263549745589
2025-04-15 02:00:00,84.9616206087442
2025-04-15 03:00:00,83.0049795678284
2025-04-15 04:00:00,83.7283957187343
2025-04-15 05:00:00,83.3644223931185
2025-04-15 07:00:00,82.7547104448767
2025-04-15 08:00:00,82.4134120267869
2025-04-15 10:00:00,83.8521205732125
2025-04-15 11:00:00,84.3977811627447
2025-04-15 12:00:00,83.1367678634474
2025-04-15 13:00:00,82.7950798690795
2025-04-15 14:00:00,82.6731168508777
2025-04-15 15:00:00,83.1771330126268
2025-04-15 16:00:00,84.2116275305873
2025-04-15 17:00:00,84.2923981453403
2025-04-15 18:00:00,83.8969818301613
2025-04-15 19:00:00,83.1995278363368
2025-04-15 20:00:00,84.461549257488
2025-04-15 21:00:00,83.0183687385043
2025-04-15 22:00:00,82.0504687551935
2025-04-15 23:00:00,84.8556880578705
2025-04-16 00:00:00,
2025-04-16 01:00:00,
2025-04-16 02:00:00,
2025-04-16 03:00:00,
2025-04-16 04:00:00,
2025-04-16 05:00:00,
2025-04-16 06:00:00,
2025-04-16 07:00:00,
2025-04-16 08:00:00,
2025-04-16 09:00:00,
2025-04-16 10:00:00,
2025-04-16 11:00:00,
2025-04-16 12:00:00,
2025-04-16 13:00:00,
2025-04-16 14:00:00,
2025-04-16 15:00:00,
2025-04-16 16:00:00,
2025-04-16 17:00:00,
2025-04-16 18:00:00,
2025-04-16 19:00:00,
2025-04-16 20:00:00,
2025-04-16 21:00:00,
2025-04-16 22:00:00,
2025-04-16 23:00:00,
2025-04-17 00:00:00,103.043536329915
2025-04-17 01:00:00,102.619284534747
2025-04-17 02:00:00,
2025-04-17 03:00:00,
2025-04-17 04:00:00,103.147229283881
2025-04-17 05:00:00,103.007869477968
2025-04-17 07:00:00,102.724092764731
2025-04-17 08:00:00,102.497908354846
2025-04-17 09:00:00,102.843655543404
2025-04-17 10:00:00,88.1646235188116
2025-04-17 11:00:00,103.259803438251
2025-04-17 12:00:00,102.979687358057
2025-04-17 13:00:00,103.144039095557
2025-04-17 14:00:00,103.0141827551
2025-04-17 15:00:00,102.851988707503
2025-04-17 16:00:00,132.700229895636
2025-04-17 17:00:00,102.917844907638
2025-04-17 18:00:00,102.674819183268
2025-04-17 19:00:00,102.566894263801
2025-04-17 20:00:00,102.334479304699
2025-04-17 21:00:00,103.5213242651
2025-04-17 22:00:00,101.790429234199
2025-04-17 23:00:00,103.807998019933
2025-04-18 00:00:00,102.271941338955
2025-04-18 01:00:00,101.965414628267
2025-04-18 02:00:00,86.4118669038739
2025-04-18 03:00:00,102.195224368097
2025-04-18 04:00:00,103.171625443758
2025-04-18 05:00:00,102.240758520973
2025-04-18 07:00:00,102.448911274135
2025-04-18 08:00:00,102.175200534384
2025-04-18 09:00:00,102.200761079836
2025-04-18 10:00:00,102.707554100857
2025-04-18 11:00:00,101.919486046524
2025-04-18 12:00:00,102.233382286081
2025-04-18 13:00:00,102.282659184797
2025-04-18 14:00:00,102.15724626819
2025-04-18 15:00:00,101.846113574995
2025-04-18 16:00:00,102.366695090637
2025-04-18 17:00:00,102.747937160465
2025-04-18 18:00:00,102.841246282789
2025-04-18 19:00:00,102.019322240901
2025-04-18 20:00:00,101.953529312528
2025-04-18 21:00:00,102.42649602819
2025-04-18 22:00:00,101.785950321149
2025-04-18 23:00:00,103.009161727159
2025-04-19 00:00:00,101.970009376859
2025-04-19 01:00:00,101.894544420392
2025-04-19 02:00:00,101.610193912536
2025-04-19 03:00:00,101.742682077962
2025-04-19 04:00:00,102.050295791362
2025-04-19 05:00:00,102.559508741592
2025-04-19 06:00:00,101.753350195282
2025-04-19 07:00:00,102.854694047113
2025-04-19 08:00:00,102.521437189911
2025-04-19 09:00:00,102.340010836688
2025-04-19 10:00:00,102.558809247001
2025-04-19 11:00:00,103.073146236558
2025-04-19 12:00:00,96.2656143849717
2025-04-19 13:00:00,102.270456990865
2025-04-19 14:00:00,101.995664802272
2025-04-19 15:00:00,102.139910167969
2025-04-19 16:00:00,101.821548861512
2025-04-19 17:00:00,102.293785682302
2025-04-19 18:00:00,102.996724915156
2025-04-19 19:00:00,101.337587500023
2025-04-19 20:00:00,101.989315184674
2025-04-19 21:00:00,101.714312382316
2025-04-19 22:00:00,102.269862838899
2025-04-19 23:00:00,103.022694741619
2025-04-20 00:00:00,102.86222188487
2025-04-20 01:00:00,102.626359308085
2025-04-20 02:00:00,102.623915816855
2025-04-20 03:00:00,102.579007702364
2025-04-20 04:00:00,100.9901393156
2025-04-20 05:00:00,100.924801743337
2025-04-20 06:00:00,100.970368841607
2025-04-20 17:00:00,102.135620206474
2025-04-20 18:00:00,103.241861838339
2025-04-20 19:00:00,102.19982720663
2025-04-20 20:00:00,100.95841626962
2025-04-20 21:00:00,102.516483004633
2025-04-20 22:00:00,102.146396982259
2025-04-20 23:00:00,101.747042008331
2025-04-21 00:00:00,101.155377536895
2025-04-21 01:00:00,101.084742578659
2025-04-21 02:00:00,101.840667417666
2025-04-21 03:00:00,102.894780199587
2025-04-21 04:00:00,100.830699549575
2025-04-21 05:00:00,101.164536326538
2025-04-21 06:00:00,101.415715002778
2025-04-21 07:00:00,102.604693495133
2025-04-21 08:00:00,100.731478794696
2025-04-21 09:00:00,100.216758539266
2025-04-21 10:00:00,102.512613967032
2025-04-21 11:00:00,101.383652407141
2025-04-21 12:00:00,101.378117118938
2025-04-21 13:00:00,102.112641505814
2025-04-21 14:00:00,101.541508098117
2025-04-21 15:00:00,102.518286536053
2025-04-21 16:00:00,101.663081310927
2025-04-21 17:00:00,101.581447085279
2025-04-21 18:00:00,102.623865770015
2025-04-21 19:00:00,102.352872341322
2025-04-24 13:00:00,103.635607014395
2025-04-24 18:00:00,101.856752238461
2025-04-24 20:00:00,103.314849342307
2025-04-24 21:00:00,101.217196212666
2025-04-24 22:00:00,101.262411362271
2025-04-24 23:00:00,102.146091292411
2025-04-25 00:00:00,101.735200280869
2025-04-25 01:00:00,
2025-04-25 02:00:00,
2025-04-25 03:00:00,
2025-04-25 22:00:00,
2025-04-26 00:00:00,
2025-04-26 02:00:00,99.7543216886704
2025-04-26 14:00:00,102.513507748691
2025-04-26 16:00:00,103.043927731031
2025-04-26 20:00:00,101.152122377156
2025-04-26 21:00:00,102.309960392457
2025-04-26 22:00:00,101.506686846888
2025-04-26 23:00:00,102.246766530694
2025-04-27 00:00:00,101.540757275814
2025-04-27 01:00:00,102.446219487423
2025-04-27 02:00:00,102.28752168191
2025-04-27 03:00:00,101.186204092169
2025-04-27 04:00:00,101.582591342257
2025-04-27 05:00:00,101.874399913701
2025-04-27 13:00:00,100.326758859295
2025-04-27 15:00:00,100.7646377961
2025-04-27 16:00:00,102.107155054586
2025-04-27 17:00:00,99.826770141303
2025-04-28 00:00:00,100.897632043374
2025-04-28 01:00:00,101.030930821326
2025-04-28 02:00:00,101.535199550827
2025-04-28 05:00:00,101.391796419999
2025-04-28 12:00:00,101.758751331299
2025-04-28 14:00:00,103.845412971254
2025-04-28 23:00:00,101.429199436718
2025-04-29 00:00:00,100.646423293035
2025-04-29 01:00:00,99.8486580561769
2025-04-29 02:00:00,101.162736521984
2025-04-29 03:00:00,103.442162618081
2025-04-29 04:00:00,99.7896316971418
2025-04-29 05:00:00,102.001170274909
2025-04-29 07:00:00,102.857478235741
2025-04-29 09:00:00,100.300534914856
2025-04-29 10:00:00,102.091123057906
2025-04-29 11:00:00,101.836021475833
2025-04-29 12:00:00,102.285776961719
2025-04-29 13:00:00,101.756226671148
2025-04-29 14:00:00,102.464202052728
2025-04-29 15:00:00,100.596883335942
2025-04-29 16:00:00,101.733813196243
2025-04-30 02:00:00,103.348831597235
2025-04-30 03:00:00,101.138554346718
2025-04-30 04:00:00,101.037964513743
2025-04-30 06:00:00,101.034328289754
2025-04-30 07:00:00,101.445147458883
2025-04-30 10:00:00,99.9105517668381
2025-04-30 11:00:00,100.886968447904
2025-04-30 13:00:00,99.5360229195982
2025-04-30 14:00:00,99.4821196085747
2025-04-30 15:00:00,102.182488905284
2025-04-30 16:00:00,101.080253497713
2025-04-30 17:00:00,102.029085291471
2025-04-30 18:00:00,101.3880248583
2025-04-30 19:00:00,102.280845989736
2025-04-30 20:00:00,101.563413846816
2025-04-30 21:00:00,101.250028100629
2025-04-30 22:00:00,102.279663142214
2025-04-30 23:00:00,102.682545604027
2025-05-01 00:00:00,100.956283372108
2025-05-01 01:00:00,101.439236265367
2025-05-01 02:00:00,100.624346874448
2025-05-01 03:00:00,100.385017063147
2025-05-01 04:00:00,100.514863900384
2025-05-01 05:00:00,100.35644492104
2025-05-01 08:00:00,100.673624529962
2025-05-01 09:00:00,101.52216048663
2025-05-01 10:00:00,102.347459850795
2025-05-01 11:00:00,100.565495123928
2025-05-01 12:00:00,99.8436908601713
2025-05-01 13:00:00,100.405703540317
2025-05-01 14:00:00,101.451338252783
2025-05-01 15:00:00,99.9359701012364
2025-05-01 16:00:00,101.168443180123
2025-05-01 17:00:00,99.3574095597604
2025-05-01 18:00:00,100.498868087184
2025-05-01 19:00:00,100.271261315897
2025-05-01 20:00:00,100.929807126349
2025-05-01 21:00:00,101.498898736274
2025-05-01 22:00:00,102.233334264448
2025-05-01 23:00:00,102.678206768922
2025-05-02 00:00:00,101.602305931262
2025-05-02 01:00:00,102.464843095725
2025-05-02 02:00:00,102.988108106504
2025-05-02 03:00:00,101.228261163271
2025-05-02 04:00:00,101.158090316453
2025-05-02 05:00:00,101.776587806492
2025-05-02 06:00:00,102.39087316655
2025-05-02 07:00:00,102.354656407876
2025-05-02 08:00:00,100.172196358693
2025-05-02 09:00:00,100.541289139791
2025-05-02 10:00:00,101.78293388306
2025-05-02 11:00:00,100.033539901836
2025-05-02 12:00:00,101.322961347698
2025-05-02 13:00:00,100.208409676619
2025-05-02 14:00:00,102.00172008326
2025-05-02 15:00:00,101.754135338233
2025-05-02 16:00:00,101.397054838665
2025-05-02 17:00:00,99.4307715740116
2025-05-02 18:00:00,100.06068746017
2025-05-02 19:00:00,101.920570254664
2025-05-02 20:00:00,101.250732422852
2025-05-02 21:00:00,100.90348001425
2025-05-02 22:00:00,100.02332141724
2025-05-02 23:00:00,99.372916919292
2025-05-03 00:00:00,102.279867234916
2025-05-03 01:00:00,100.572626777272
2025-05-03 02:00:00,101.795254733243
2025-05-03 03:00:00,98.8072236763172
2025-05-03 04:00:00,101.77328250223
2025-05-03 05:00:00,101.975582989458
2025-05-03 06:00:00,100.216362135417
2025-05-03 07:00:00,101.07289410967
2025-05-03 08:00:00,100.152323370656
2025-05-03 09:00:00,101.758790261143
2025-05-03 10:00:00,99.2002228376034
2025-05-03 11:00:00,102.401972445254
2025-05-03 12:00:00,100.841132391225
2025-05-03 13:00:00,101.632407446118
2025-05-03 14:00:00,100.753669122945
2025-05-03 15:00:00,101.016959886537
2025-05-03 16:00:00,102.800611285369
2025-05-03 17:00:00,101.902738378815
2025-05-03 18:00:00,100.55485271788
2025-05-03 19:00:00,102.509900920279
2025-05-03 20:00:00,101.649684003189
2025-05-03 21:00:00,101.503157818973
2025-05-03 22:00:00,103.144659755556
2025-05-03 23:00:00,101.616537829458
2025-05-04 00:00:00,99.4793113532959
2025-05-04 01:00:00,102.507265534485
2025-05-04 02:00:00,91.2303161385867
2025-05-04 03:00:00,100.653716595262
2025-05-04 04:00:00,100.64060607342
2025-05-04 05:00:00,101.619793831428
2025-05-04 06:00:00,100.164206312212
2025-05-04 07:00:00,100.652640025196
2025-05-04 08:00:00,101.917088237387
2025-05-04 09:00:00,98.9902304396847
2025-05-04 10:00:00,100.780365803157
2025-05-04 11:00:00,100.654391997478
2025-05-04 12:00:00,100.992089929731
2025-05-04 13:00:00,100.605434849135
2025-05-04 14:00:00,99.4512882858175
2025-05-04 15:00:00,101.158003396832
2025-05-04 16:00:00,100.315109357683
2025-05-04 17:00:00,101.009659821355
2025-05-04 18:00:00,101.185066185646
2025-05-04 19:00:00,100.549768254252
2025-05-04 20:00:00,100.950098821826
2025-05-04 21:00:00,101.108364749339
2025-05-04 22:00:00,99.3094431830487
2025-05-04 23:00:00,99.4069818210268
2025-05-05 00:00:00,99.8743360086253
2025-05-05 01:00:00,99.3011086475403
2025-05-05 02:00:00,98.5405971927937
2025-05-05 03:00:00,100.583085610675
2025-05-05 04:00:00,102.141796644596
2025-05-05 05:00:00,100.798490866792
2025-05-05 07:00:00,100.005803138142
2025-05-05 08:00:00,100.842324045316
2025-05-05 09:00:00,100.583480758241
2025-05-05 10:00:00,99.6010551460818
2025-05-05 11:00:00,100.81421525628
2025-05-05 12:00:00,100.537112001705
2025-05-05 13:00:00,99.6981716375385
2025-05-05 14:00:00,99.7665195259276
2025-05-05 15:00:00,101.803751507586
2025-05-05 16:00:00,100.309377638942
2025-05-05 17:00:00,99.3268855242818
2025-05-05 18:00:00,109.72866163656
2025-05-05 19:00:00,101.675522581688
2025-05-05 20:00:00,100.349322430933
2025-05-05 21:00:00,98.8334205730971
2025-05-05 22:00:00,99.997817112161
2025-05-05 23:00:00,101.325642273903
2025-05-06 00:00:00,101.715542263499
2025-05-06 01:00:00,100.776219196985
2025-05-06 02:00:00,100.628147869403
2025-05-06 03:00:00,100.650886139644
2025-05-06 04:00:00,100.821919264762
2025-05-06 05:00:00,102.332515265675
2025-05-06 06:00:00,99.9016495630602
2025-05-06 07:00:00,100.824170656734
2025-05-06 08:00:00,101.878988135936
2025-05-06 09:00:00,99.4561135570863
2025-05-06 10:00:00,100.823727064995
2025-05-06 11:00:00,100.055892184576
2025-05-06 12:00:00,101.642959734724
2025-05-06 13:00:00,100.819808753
2025-05-07 01:00:00,101.430247109645
2025-05-07 02:00:00,100.711231192303
2025-05-07 03:00:00,101.575216725189
2025-05-07 04:00:00,100.300576974687
2025-05-07 05:00:00,98.1594328528574
2025-05-07 06:00:00,100.455995383318
2025-05-07 07:00:00,100.909021864185
2025-05-07 08:00:00,101.082107345658
2025-05-07 09:00:00,101.466889316999
2025-05-07 10:00:00,100.403248503383
2025-05-07 11:00:00,100.729681816081
2025-05-07 12:00:00,100.627898235184
2025-05-07 13:00:00,99.476993534579
2025-05-07 14:00:00,99.6936309648072
2025-05-07 15:00:00,99.7978489481241
2025-05-07 16:00:00,101.087368312651
2025-05-07 17:00:00,100.923915124378
2025-05-07 18:00:00,100.907633068504
2025-05-07 19:00:00,102.166786071787
2025-05-07 20:00:00,100.543600125217
2025-05-07 21:00:00,101.132462594679
2025-05-07 22:00:00,99.9346232391119
2025-05-07 23:00:00,101.060469018573
2025-05-08 00:00:00,99.2047188617308
2025-05-08 01:00:00,101.467107094169
2025-05-08 02:00:00,100.781245186565
2025-05-08 03:00:00,101.135060436108
2025-05-08 04:00:00,100.835148898342
2025-05-08 05:00:00,100.019807181577
2025-05-08 06:00:00,99.4793139528096
2025-05-08 07:00:00,100.379820622235
2025-05-08 08:00:00,100.439851524674
2025-05-08 09:00:00,99.9431846856759
2025-05-08 10:00:00,100.775607330714
2025-05-08 11:00:00,100.727436911908
2025-05-08 12:00:00,98.9710529240046
2025-05-08 13:00:00,99.8399044085958
2025-05-08 14:00:00,98.74339912723
2025-05-08 15:00:00,100.344821804595
2025-05-08 16:00:00,102.29666491939
2025-05-08 17:00:00,100.132823338845
2025-05-08 18:00:00,101.321379312505
2025-05-08 19:00:00,101.061772886782
2025-05-08 20:00:00,101.358632058666
2025-05-08 21:00:00,99.9067101191098
2025-05-08 22:00:00,100.350037923586
2025-05-08 23:00:00,101.080221797923
2025-05-09 00:00:00,99.9120479943076
2025-05-09 01:00:00,101.241083128378
2025-05-09 02:00:00,101.12449255307
2025-05-09 11:00:00,98.7986338247837
2025-05-09 13:00:00,100.202409399109
2025-05-09 14:00:00,100.779809047219
2025-05-09 15:00:00,100.702614352562
2025-05-09 16:00:00,98.8481556810366
2025-05-09 17:00:00,99.9351740485315
2025-05-09 18:00:00,98.6059706546123
2025-05-09 19:00:00,99.6050825994268
2025-05-09 20:00:00,99.0911418120561
2025-05-09 21:00:00,97.9087359669272
2025-05-09 22:00:00,100.51551326061
2025-05-09 23:00:00,100.869784080536
2025-05-10 00:00:00,100.109763238791
2025-05-10 01:00:00,84.4806776135516
2025-05-10 02:00:00,100.061773354619
2025-05-10 03:00:00,100.081199081049
2025-05-10 04:00:00,101.0840456818
2025-05-10 05:00:00,101.581332269098
2025-05-10 06:00:00,101.64482056156
2025-05-10 07:00:00,99.1705520773931
2025-05-10 09:00:00,101.555001069569
2025-05-10 10:00:00,100.959558064622
2025-05-10 11:00:00,99.3759793419434
2025-05-10 12:00:00,98.6059361201135
2025-05-10 13:00:00,98.2347480176546
2025-05-10 21:00:00,99.8390959301926
2025-05-10 22:00:00,99.1632921716779
2025-05-10 23:00:00,101.306214356162
2025-05-11 00:00:00,99.5061212755367
2025-05-11 01:00:00,99.9777662290929
2025-05-11 02:00:00,100.876556502901
2025-05-11 03:00:00,100.571447009644
2025-05-11 04:00:00,101.806344371715
2025-05-11 05:00:00,100.102423565288
2025-05-11 06:00:00,100.380517157432
2025-05-11 07:00:00,100.192969069459
2025-05-11 08:00:00,99.5480671788634
2025-05-11 09:00:00,100.804775531337
2025-05-11 10:00:00,98.2139695669545
2025-05-11 11:00:00,100.881055249932
2025-05-11 12:00:00,101.316877040923
2025-05-11 13:00:00,101.083262282484
2025-05-11 14:00:00,101.300366666562
2025-05-11 15:00:00,99.4680453889859
2025-05-11 16:00:00,99.8325791714553
2025-05-11 17:00:00,100.423634754902
2025-05-11 18:00:00,100.893925296007
2025-05-11 19:00:00,100.790369170052
2025-05-11 20:00:00,101.140962823321
2025-05-11 21:00:00,99.9879320136767
2025-05-11 22:00:00,101.659268147667
2025-05-11 23:00:00,103.240779535018
2025-05-12 00:00:00,101.970474229243
2025-05-12 11:00:00,100.137823182248
2025-05-12 13:00:00,101.554984867842
2025-05-12 14:00:00,100.70497543165
2025-05-12 15:00:00,100.607115845372
2025-05-12 16:00:00,100.037300415221
2025-05-12 17:00:00,97.4388895907379
2025-05-12 18:00:00,98.2057315531087
2025-05-12 19:00:00,99.1433748089964
2025-05-12 20:00:00,99.9475860270654
2025-05-12 21:00:00,100.367612017444
2025-05-12 22:00:00,98.9702587901923
2025-05-12 23:00:00,102.218724550899
2025-05-13 00:00:00,98.5005394286859
2025-05-13 01:00:00,99.6718551867458
2025-05-13 02:00:00,99.8235946217822
2025-05-13 03:00:00,100.531481342672
2025-05-13 04:00:00,99.5428726427372
2025-05-13 05:00:00,99.2868510942957
2025-05-13 06:00:00,100.130867414282
2025-05-13 08:00:00,100.291363227218
2025-05-13 09:00:00,100.125116276983
2025-05-13 10:00:00,100.279030393987
2025-05-13 11:00:00,98.3673282383117
2025-05-13 12:00:00,98.5718336176553
2025-05-13 13:00:00,100.657669553321
2025-05-13 14:00:00,98.5672255035435
2025-05-13 15:00:00,99.9840788960758
2025-05-13 16:00:00,99.4298334604247
2025-05-13 17:00:00,100.703477770681
2025-05-13 18:00:00,97.6799956819871
2025-05-13 19:00:00,102.46452707835
2025-05-13 20:00:00,100.552476312637
2025-05-13 21:00:00,100.151391802298
2025-05-13 22:00:00,100.157178555275
2025-05-13 23:00:00,102.374158653712
2025-05-14 00:00:00,102.71623392929
2025-05-14 01:00:00,98.207687512019
2025-05-14 02:00:00,100.23746193249
2025-05-14 03:00:00,101.478105254186
2025-05-14 04:00:00,101.099246028104
2025-05-14 05:00:00,99.7588927636069
2025-05-14 06:00:00,100.099998862892
2025-05-14 07:00:00,101.572377045633
2025-05-14 08:00:00,99.2438423153765
2025-05-14 09:00:00,99.0676039003006
2025-05-14 10:00:00,99.1331568540964
2025-05-14 11:00:00,99.8752540753345
2025-05-14 12:00:00,100.881944030266
2025-05-14 13:00:00,98.8033313265317
2025-05-14 14:00:00,100.331104459031
2025-05-14 15:00:00,100.713001989872
2025-05-14 16:00:00,100.690513382183
2025-05-14 17:00:00,99.7297333027403
2025-05-14 18:00:00,99.6687569206246
2025-05-14 19:00:00,98.2262611542002
2025-05-14 20:00:00,100.083761847458
2025-05-14 21:00:00,99.5301876779848
2025-05-14 22:00:00,100.70362752693
2025-05-14 23:00:00,100.638057906418
2025-05-15 00:00:00,99.3932068913443
2025-05-15 01:00:00,98.0638265342441
2025-05-15 02:00:00,99.2925318295203
2025-05-15 03:00:00,99.3046789325196
2025-05-15 05:00:00,99.8426663185347
2025-05-15 06:00:00,98.8455904540328
2025-05-15 07:00:00,100.86997030468
2025-05-15 08:00:00,100.82300151361
2025-05-15 09:00:00,98.5009996156797
2025-05-15 10:00:00,99.8832229108853
2025-05-15 11:00:00,99.0819942798252
2025-05-15 12:00:00,100.56309042223
2025-05-15 13:00:00,100.39147650311
2025-05-15 14:00:00,99.5149670090753
2025-05-15 15:00:00,100.079468641618
2025-05-15 16:00:00,100.496541979203
2025-05-15 17:00:00,100.360144191285
2025-05-15 18:00:00,99.6649917442634
2025-05-15 19:00:00,99.502201791825
2025-05-15 20:00:00,99.3373743314926
2025-05-15 21:00:00,100.595768912397
2025-05-15 22:00:00,99.2908479997946
2025-05-15 23:00:00,100.035458798032
2025-05-16 00:00:00,99.8947080236444
2025-05-16 01:00:00,99.9415448467652
2025-05-16 02:00:00,98.7807287010608
2025-05-16 03:00:00,89.6421882457519
2025-05-16 04:00:00,98.6276076576364
2025-05-16 05:00:00,99.2345725242908
2025-05-16 06:00:00,99.06661215287
2025-05-16 07:00:00,100.180775158193
2025-05-16 08:00:00,99.402853736927
2025-05-16 10:00:00,101.958047156245
2025-05-16 11:00:00,89.9735576794992
2025-05-16 12:00:00,99.7514588323071
2025-05-16 13:00:00,100.989706929034
2025-05-16 14:00:00,100.715016743751
2025-05-16 15:00:00,98.9936756150069
2025-05-16 16:00:00,98.9208057743528
2025-05-16 17:00:00,100.089632617851
2025-05-16 18:00:00,98.159330398863
2025-05-16 19:00:00,99.6468501566336
2025-05-16 20:00:00,99.4500933223142
2025-05-16 21:00:00,99.4965540047637
2025-05-16 22:00:00,99.2841971648813
2025-05-16 23:00:00,98.8494304786169
2025-05-17 00:00:00,99.8426097015931
2025-05-17 01:00:00,101.824961686387
2025-05-17 02:00:00,99.7209429768221
2025-05-17 03:00:00,100.160448711243
2025-05-17 04:00:00,101.312112809184
2025-05-17 05:00:00,99.0791245705084
2025-05-17 06:00:00,100.128982026275
2025-05-17 07:00:00,101.199941731928
2025-05-17 08:00:00,98.5568840828234
2025-05-17 09:00:00,99.5800409148727
2025-05-17 10:00:00,99.8540081687376
2025-05-17 22:00:00,100.008133951926
2025-05-17 23:00:00,100.525407575364
2025-05-18 00:00:00,98.2899142334167
2025-05-18 01:00:00,97.6414900876984
2025-05-18 02:00:00,80.0353695083446
2025-05-18 03:00:00,100.381711777901
2025-05-18 04:00:00,100.505467974546
2025-05-18 05:00:00,99.8214755357887
2025-05-18 06:00:00,99.828728093402
2025-05-18 07:00:00,100.349359296848
2025-05-18 08:00:00,98.6427218813714
2025-05-18 09:00:00,100.351078488517
2025-05-18 10:00:00,98.1446115121258
2025-05-18 11:00:00,99.1226373137389
2025-05-18 12:00:00,98.5246784616321
2025-05-18 13:00:00,101.913278619373
2025-05-18 14:00:00,98.6789298412965
2025-05-18 15:00:00,98.9592175322289
2025-05-18 16:00:00,98.5563785358007
2025-05-18 17:00:00,99.0730215631373
2025-05-18 18:00:00,100.497411855144
2025-05-18 19:00:00,100.306256036385
2025-05-18 20:00:00,101.066278303313
2025-05-18 21:00:00,98.450462929675
2025-05-18 22:00:00,99.3843640947285
2025-05-18 23:00:00,100.63152218773
2025-05-19 00:00:00,100.08769385847
2025-05-19 01:00:00,98.7252221432806
2025-05-19 02:00:00,99.8374219599609
2025-05-19 03:00:00,100.991111345675
2025-05-19 04:00:00,100.226371915157
2025-05-19 05:00:00,98.5879281926021
2025-05-19 06:00:00,99.7131705345082
2025-05-19 08:00:00,98.1722334046206
2025-05-19 09:00:00,100.799165041135
2025-05-19 10:00:00,99.1913131567973
2025-05-19 11:00:00,99.2212027331544
2025-05-19 12:00:00,100.857921613422
2025-05-19 13:00:00,99.2594710636513
2025-05-19 14:00:00,99.1374955047742
2025-05-19 15:00:00,98.2286398349397
2025-05-19 16:00:00,98.5209345316878
2025-05-19 17:00:00,99.4788513117823
2025-05-19 18:00:00,99.8063435145893
2025-05-19 19:00:00,98.4177208866253
2025-05-19 20:00:00,99.8986294420611
2025-05-19 21:00:00,97.8247279630232
2025-05-19 22:00:00,100.211203644196
2025-05-19 23:00:00,101.497200586057
2025-05-20 00:00:00,97.9113704928549
2025-05-20 01:00:00,98.2462122307862
2025-05-20 02:00:00,99.0027268737608
2025-05-20 03:00:00,99.2895487793081
2025-05-20 04:00:00,101.408413085328
2025-05-20 05:00:00,99.3428174654631
2025-05-20 06:00:00,100.325541326355
2025-05-20 07:00:00,98.2335765501033
2025-05-20 08:00:00,98.62176816283
2025-05-20 09:00:00,100.864865609881
2025-05-20 10:00:00,100.091824828002
2025-05-20 11:00:00,99.810627288704
2025-05-20 12:00:00,98.681879288887
2025-05-20 13:00:00,98.2326067319582
2025-05-20 14:00:00,99.1686192095051
2025-05-20 15:00:00,99.3589118702042
2025-05-20 16:00:00,99.4393032228336
2025-05-20 17:00:00,99.3662068287715
2025-05-20 18:00:00,98.9991313315633
2025-05-20 19:00:00,98.3301343841668
2025-05-20 20:00:00,99.1558652429185
2025-05-20 21:00:00,100.678796706742
2025-05-20 22:00:00,98.2053756656702
2025-05-20 23:00:00,98.0257535273052
2025-05-21 00:00:00,97.7565057989235
2025-05-21 01:00:00,99.3921915062418
2025-05-21 02:00:00,99.0583017991959
2025-05-21 03:00:00,97.8438379170041
2025-05-21 04:00:00,98.8908783603466
2025-05-21 05:00:00,100.74256717119
2025-05-21 06:00:00,98.5248494809001
2025-05-21 08:00:00,99.985767870484
2025-05-21 09:00:00,99.4791637212461
2025-05-21 10:00:00,97.571168837914
2025-05-21 11:00:00,98.6655813485215
2025-05-21 12:00:00,99.5799317676229
2025-05-21 13:00:00,98.2381699673671
2025-05-22 01:00:00,98.055346084032
2025-05-22 02:00:00,99.4221345218896
2025-05-22 03:00:00,98.9339426185566
2025-05-22 04:00:00,99.1241298856712
2025-05-22 05:00:00,100.644452428691
2025-05-22 06:00:00,78.7445667280971
2025-05-22 07:00:00,100.763184576725
2025-05-22 08:00:00,99.5103968235114
2025-05-22 09:00:00,98.1887581494212
2025-05-22 10:00:00,98.866609858423
2025-05-22 11:00:00,97.7453835775104
2025-05-22 12:00:00,100.623101098702
2025-05-22 13:00:00,97.2231926544132
2025-05-22 14:00:00,98.591815922958
2025-05-22 15:00:00,97.8600103164838
2025-05-22 16:00:00,99.1331686920448
2025-05-22 17:00:00,98.5934506770773
2025-05-22 18:00:00,98.2653111467313
2025-05-22 19:00:00,99.3894389528021
2025-05-22 20:00:00,98.0614320740378
2025-05-22 21:00:00,100.59671091962
2025-05-22 22:00:00,97.5494355910832
2025-05-22 23:00:00,98.7837090087974
2025-05-23 00:00:00,97.5708676006676
2025-05-23 01:00:00,99.9823237454005
2025-05-23 02:00:00,98.354209051227
2025-05-23 03:00:00,99.4943575872856
2025-05-23 04:00:00,98.2026358134496
2025-05-23 05:00:00,100.815956456715
2025-05-23 06:00:00,100.026290319444
2025-05-23 07:00:00,100.48676428194
2025-05-23 08:00:00,99.2574401436786
2025-05-23 09:00:00,100.680848372718
2025-05-23 10:00:00,98.5291213695397
2025-05-23 11:00:00,98.5229785792368
2025-05-23 12:00:00,100.513585258359
2025-05-23 13:00:00,100.155896293928
2025-05-23 14:00:00,99.0393711839804
2025-05-23 15:00:00,100.717474452098
2025-05-23 16:00:00,98.7342082004141
2025-05-23 17:00:00,98.2838545236916
2025-05-23 18:00:00,99.2021178354079
2025-05-23 19:00:00,98.6066636846083
2025-05-23 20:00:00,79.4859149383981
2025-05-23 21:00:00,98.5918798884836
2025-05-23 22:00:00,99.7698336304683
2025-05-23 23:00:00,98.4680584950592
2025-05-24 00:00:00,98.5062392905209
2025-05-24 01:00:00,98.0432528620695
2025-05-24 02:00:00,99.6609813225695
2025-05-24 03:00:00,100.337962903535
2025-05-24 04:00:00,100.961136281116
2025-05-24 05:00:00,98.2366365108187
2025-05-24 06:00:00,99.7814930613361
2025-05-24 07:00:00,99.0461892876588
2025-05-24 08:00:00,100.854421217918
2025-05-24 09:00:00,98.2579104778023
2025-05-24 10:00:00,99.5182102919674
2025-05-24 11:00:00,99.8489861044827
2025-05-24 12:00:00,97.76115325239
2025-05-24 13:00:00,98.8648071157484
2025-05-24 14:00:00,100.153874316095
2025-05-24 15:00:00,98.6027376732348
2025-05-24 16:00:00,98.4963809423632
2025-05-24 17:00:00,99.7744094895954
2025-05-24 18:00:00,96.4402696633905
2025-05-24 19:00:00,99.0875368847168
2025-05-24 20:00:00,97.5308537290248
2025-05-24 21:00:00,98.6637759612443
2025-05-24 22:00:00,98.3482146312443
2025-05-24 23:00:00,99.5068703043408
2025-05-25 00:00:00,100.142891212007
2025-05-25 01:00:00,98.3510013331956
2025-05-25 02:00:00,99.4817248777977
2025-05-25 03:00:00,98.8984486538733
2025-05-25 04:00:00,
2025-05-25 05:00:00,
2025-05-25 06:00:00,
2025-05-25 07:00:00,99.3176126145869
2025-05-25 08:00:00,100.91409905457
2025-05-25 09:00:00,98.4631381151742
2025-05-25 10:00:00,99.3060628083316
2025-05-25 11:00:00,100.317893577835
2025-05-25 12:00:00,99.0297303312195
2025-05-25 13:00:00,99.1605280058027
2025-05-25 14:00:00,98.8771246007236
2025-05-25 15:00:00,100.674327001188
2025-05-26 04:00:00,98.4442359353033
2025-05-26 05:00:00,97.6999271037003
2025-05-26 06:00:00,100.339068122592
2025-05-26 07:00:00,99.0243345250211
2025-05-26 08:00:00,99.2736054864064
2025-05-26 09:00:00,100.028951301227
2025-05-26 10:00:00,97.8339275804107
2025-05-26 11:00:00,99.418382809279
2025-05-26 12:00:00,99.5197587457425
2025-05-26 13:00:00,97.4354018024571
2025-05-26 14:00:00,98.9003671351638
2025-05-26 15:00:00,101.063877889562
2025-05-26 16:00:00,98.0258464802793
2025-05-26 17:00:00,99.042798366162
2025-05-26 18:00:00,98.9586663285678
2025-05-26 19:00:00,99.3278436724214
2025-05-26 20:00:00,98.2263666237233
2025-05-26 21:00:00,98.58326361064
2025-05-26 22:00:00,99.8970843633151
2025-05-26 23:00:00,98.5961191261225
2025-05-27 00:00:00,100.792346815405
2025-05-27 01:00:00,99.1212537593033
2025-05-27 02:00:00,99.223154874139
2025-05-27 03:00:00,98.4339222837163
2025-05-27 04:00:00,99.2616913058315
2025-05-27 05:00:00,100.349994737057
2025-05-27 06:00:00,98.1205996324872
2025-05-27 07:00:00,98.0002121608326
2025-05-27 08:00:00,99.3311892998263
2025-05-27 09:00:00,98.7794397567184
2025-05-27 10:00:00,98.0112969557885
2025-05-27 11:00:00,100.34028056506
2025-05-27 12:00:00,99.1932038604003
2025-05-27 13:00:00,97.3839915921674
2025-05-27 14:00:00,98.7397638556755
2025-05-27 15:00:00,98.1146801360654
2025-05-27 16:00:00,100.381745732662
2025-05-27 17:00:00,98.4197165370342
2025-05-27 18:00:00,99.3772545016694
2025-05-27 19:00:00,99.238416203858
2025-05-27 20:00:00,98.9661495175992
2025-05-27 21:00:00,99.5882129178532
2025-05-27 22:00:00,99.7604388571264
2025-05-27 23:00:00,99.1848690703579
2025-05-28 00:00:00,97.9635371565377
2025-05-28 01:00:00,97.6704334461935
2025-05-28 02:00:00,98.5010882427543
2025-05-28 03:00:00,99.2676120610336
2025-05-28 09:00:00,97.6506442461449
2025-05-28 10:00:00,99.9821403340942
2025-05-28 11:00:00,97.7675549825154
2025-05-28 12:00:00,99.3350179972638
2025-05-28 13:00:00,97.899887340966
2025-05-28 14:00:00,98.3490975017966
2025-05-28 15:00:00,97.6360827594566
2025-05-28 16:00:00,99.3444315406337
2025-05-28 17:00:00,99.7780431402254
2025-05-28 18:00:00,98.0965365639291
2025-05-28 19:00:00,98.8293048873739
2025-05-28 20:00:00,100.345642329082
2025-05-28 21:00:00,98.2398329503695
2025-05-28 22:00:00,98.4416180731734
2025-05-28 23:00:00,98.4902813718974
2025-05-29 00:00:00,96.2560775095205
2025-05-29 01:00:00,98.347007747168
2025-05-29 02:00:00,98.5492071945808
2025-05-29 03:00:00,99.7108333455948
2025-05-29 04:00:00,97.887750775276
2025-05-29 05:00:00,96.1023911119464
2025-05-29 06:00:00,98.1788813937048
2025-05-29 08:00:00,99.5472421221519
2025-05-29 09:00:00,97.7190222991863
2025-05-29 10:00:00,99.0964476239492
2025-05-29 22:00:00,99.5445084671075
2025-05-30 00:00:00,97.0515825807559
2025-05-30 01:00:00,99.4205577436747
2025-05-30 02:00:00,97.9178981075379
2025-05-30 03:00:00,98.265899669088
2025-05-30 04:00:00,98.9127608440197
2025-05-30 05:00:00,88.8151384854268
2025-05-30 06:00:00,97.8113400581043
2025-05-30 07:00:00,98.7066159057385
2025-05-30 08:00:00,97.5844846463052
2025-05-30 09:00:00,97.8083331757765
2025-05-30 10:00:00,97.7972125475715
2025-05-30 11:00:00,98.5641321028452
2025-05-30 12:00:00,100.571545138002
2025-05-30 13:00:00,97.8285417008517
2025-05-30 14:00:00,97.9211639933168
2025-05-30 15:00:00,98.5619030908253
2025-05-30 16:00:00,99.1448916659338
2025-05-30 17:00:00,99.568695817733
2025-05-30 18:00:00,98.520950668725
2025-05-30 19:00:00,99.7984856362306
2025-05-30 20:00:00,99.436375820792
2025-05-30 21:00:00,100.189548224535
2025-05-30 22:00:00,98.8167938257728
2025-05-30 23:00:00,100.84798719135
2025-05-31 00:00:00,98.6955507836333
2025-05-31 01:00:00,96.8791999569364
2025-05-31 02:00:00,99.1569099341925
2025-05-31 07:00:00,97.5495882484556
2025-05-31 08:00:00,99.0571466472299
2025-05-31 09:00:00,98.0364251812802
2025-05-31 10:00:00,98.8984616320784
2025-05-31 11:00:00,99.9798856959612
2025-05-31 12:00:00,99.0528001231708
2025-05-31 13:00:00,98.6392197645066
2025-05-31 14:00:00,97.7357519156799
2025-05-31 15:00:00,98.8059580161691
2025-05-31 16:00:00,99.2027550798885
2025-05-31 17:00:00,98.224776253109
2025-05-31 18:00:00,98.6794865356832
2025-05-31 19:00:00,98.5198579662083
2025-05-31 20:00:00,97.5480491364079
2025-05-31 21:00:00,97.8986439948026
2025-05-31 22:00:00,98.8219566714771
2025-05-31 23:00:00,99.6512939599285
2025-06-01 00:00:00,99.7945246553985
2025-06-01 01:00:00,97.3421195756611
2025-06-01 02:00:00,98.6489856473083
2025-06-01 03:00:00,96.8734077030799
2025-06-01 04:00:00,98.3269212430502
2025-06-01 05:00:00,99.4815040850663
2025-06-01 06:00:00,99.6145091464345
2025-06-01 07:00:00,99.6360747734918
2025-06-01 08:00:00,97.4881864729252
2025-06-01 09:00:00,98.046679843387
2025-06-01 10:00:00,97.3517160678049
2025-06-01 11:00:00,96.1730535299948
2025-06-01 12:00:00,98.1253305995872
2025-06-01 13:00:00,99.3582760944071
2025-06-01 14:00:00,96.0035038927999
2025-06-01 15:00:00,96.3118889884195
2025-06-01 16:00:00,95.7111264016969
2025-06-01 17:00:00,96.4432585314762
2025-06-01 18:00:00,98.2137998375447
2025-06-01 19:00:00,100.572812503068
2025-06-01 20:00:00,96.9138852664501
2025-06-01 21:00:00,99.9614867513231
2025-06-01 22:00:00,99.6408717549387
2025-06-01 23:00:00,96.9495211037306
2025-06-02 00:00:00,97.8677343516085
2025-06-02 01:00:00,102.461504861587
2025-06-02 02:00:00,98.1009009838592
2025-06-02 03:00:00,97.4185802891865
2025-06-02 05:00:00,99.4937940172997
2025-06-02 06:00:00,99.3391734518301
2025-06-02 07:00:00,94.025839056178
2025-06-02 08:00:00,98.5012548558605
2025-06-02 09:00:00,94.9011473187271
2025-06-02 12:00:00,96.6014563595862
2025-06-02 13:00:00,100.984229097159
2025-06-02 14:00:00,100.07574712438
2025-06-02 15:00:00,98.471201999637
2025-06-03 03:00:00,100.695138454258
2025-06-03 04:00:00,96.8021921376674
2025-06-03 05:00:00,100.733196075152
2025-06-03 06:00:00,97.0868250691025
2025-06-03 07:00:00,99.2232083686225
2025-06-03 08:00:00,97.0890166863315
2025-06-03 09:00:00,98.9343877606254
2025-06-03 10:00:00,98.3488277207096
2025-06-03 11:00:00,98.4386124588426
2025-06-03 12:00:00,97.3284269350122
2025-06-03 13:00:00,98.4561838718308
2025-06-03 14:00:00,97.9417519964031
2025-06-03 15:00:00,98.3036720831239
2025-06-03 16:00:00,96.7222091161447
2025-06-03 17:00:00,98.615980015274
2025-06-03 18:00:00,98.8954664238899
2025-06-03 19:00:00,99.2028902746421
2025-06-03 20:00:00,98.5069821479396
2025-06-03 21:00:00,98.262078496909
2025-06-03 22:00:00,94.5669850513361
2025-06-03 23:00:00,98.1744120364427
2025-06-04 00:00:00,97.9468294080764
2025-06-04 01:00:00,101.650187813636
2025-06-04 02:00:00,98.0631602771824
2025-06-04 03:00:00,97.8704987482028
2025-06-04 04:00:00,97.7166699304458
2025-06-04 06:00:00,98.0453509401624
2025-06-04 07:00:00,98.1728125280739
2025-06-04 08:00:00,95.6077953366849
2025-06-04 09:00:00,98.1855598833915
2025-06-04 10:00:00,99.4332457694916
2025-06-04 11:00:00,97.7221332665062
2025-06-04 12:00:00,97.9910150483404
2025-06-04 13:00:00,96.9386859458234
2025-06-04 14:00:00,97.0751242663705
2025-06-04 15:00:00,97.5217763292224
2025-06-04 16:00:00,96.9221096289622
2025-06-04 17:00:00,95.5515925127633
2025-06-04 18:00:00,97.8665052865638
2025-06-04 19:00:00,97.0086618030542
2025-06-04 20:00:00,100.340367764777
2025-06-04 21:00:00,98.8920778690424
2025-06-04 22:00:00,98.7463476562491
2025-06-04 23:00:00,93.2538709716018
2025-06-05 00:00:00,98.5117296150405
2025-06-05 01:00:00,97.6089197544978
2025-06-05 02:00:00,98.4865560462226
2025-06-05 03:00:00,95.0272287294669
2025-06-05 04:00:00,97.4515508764045
2025-06-05 05:00:00,96.3959728151977
2025-06-05 06:00:00,102.082427711837
2025-06-05 07:00:00,98.6746865714813
2025-06-05 08:00:00,101.297335115875
2025-06-05 09:00:00,98.4071233730221
2025-06-05 10:00:00,100.186443093956
2025-06-05 11:00:00,97.0677979560975
2025-06-05 12:00:00,99.393244970514
2025-06-05 13:00:00,96.2849970390851
2025-06-05 14:00:00,101.169253815546
2025-06-05 15:00:00,98.2123354435432
2025-06-05 16:00:00,99.8981627838003
2025-06-05 17:00:00,99.704789793438
2025-06-05 18:00:00,94.9607021715565
2025-06-05 19:00:00,97.5686082178588
2025-06-05 20:00:00,96.1647507872091
2025-06-05 21:00:00,96.1269670280065
2025-06-05 22:00:00,99.2768623953159
2025-06-05 23:00:00,98.2522523746125
2025-06-06 00:00:00,97.1035443024429
2025-06-06 01:00:00,95.8986495514752
2025-06-06 02:00:00,96.0429126509484
2025-06-06 03:00:00,99.4921227174272
2025-06-06 04:00:00,97.4064516861455
2025-06-06 05:00:00,99.3911747255662
2025-06-06 06:00:00,100.086506686378
2025-06-06 07:00:00,95.3416750852935
2025-06-06 08:00:00,101.61529068712
2025-06-06 09:00:00,98.3699243196195
2025-06-06 10:00:00,99.8594282901021
2025-06-06 11:00:00,97.8024560270459
2025-06-07 00:00:00,97.4001213598417
2025-06-07 01:00:00,98.3786346128263
2025-06-07 02:00:00,96.3105907401252
2025-06-07 03:00:00,96.7497440798984
2025-06-07 04:00:00,97.6082850503256
2025-06-07 05:00:00,96.702010746139
2025-06-07 06:00:00,98.8030819646722
2025-06-07 07:00:00,99.5778992239889
2025-06-07 08:00:00,97.7791435840676
2025-06-07 09:00:00,98.3463441700941
2025-06-07 10:00:00,99.9223855441678
2025-06-07 11:00:00,90.6737025348357
2025-06-07 13:00:00,102.809117623431
2025-06-07 14:00:00,100.677758428258
2025-06-07 15:00:00,95.6236881573003
2025-06-07 16:00:00,100.532711510437
2025-06-07 17:00:00,98.7469964043032
2025-06-07 18:00:00,97.6284344669564
2025-06-07 19:00:00,98.132431624359
2025-06-07 20:00:00,99.4215780677598
2025-06-07 21:00:00,96.6884748607775
2025-06-07 22:00:00,99.4906016241016
2025-06-07 23:00:00,96.6006753806561
2025-06-08 00:00:00,98.5999682447726
2025-06-08 01:00:00,97.5779240094941
2025-06-08 02:00:00,97.9796833492559
2025-06-08 03:00:00,96.7306448506576
2025-06-08 05:00:00,99.0625858345738
2025-06-08 06:00:00,99.1335085280445
2025-06-08 07:00:00,99.4480399188448
2025-06-08 08:00:00,94.8230895423211
2025-06-08 09:00:00,95.6412485237543
2025-06-08 10:00:00,97.6230305288411
2025-06-08 11:00:00,99.4974095017493
2025-06-08 12:00:00,94.2665083120406
2025-06-08 13:00:00,101.358723571365
2025-06-08 14:00:00,100.232181199854
2025-06-08 15:00:00,98.8683658097844
2025-06-09 04:00:00,99.2486537475187
2025-06-09 06:00:00,98.5087066970585
2025-06-09 07:00:00,96.0947262835006
2025-06-09 10:00:00,94.7182606210516
2025-06-09 11:00:00,98.8563798478231
2025-06-09 12:00:00,100.428932181491
2025-06-09 13:00:00,97.4788318609984
2025-06-09 14:00:00,99.5647038789311
2025-06-09 15:00:00,98.6385006395708
2025-06-09 16:00:00,94.8288246543905
2025-06-09 17:00:00,99.8150214359596
2025-06-09 18:00:00,99.8099015249279
2025-06-09 19:00:00,98.619585586386
2025-06-09 20:00:00,99.1850101476097
2025-06-09 21:00:00,96.8095414112925
2025-06-09 22:00:00,97.1729148539925
2025-06-09 23:00:00,98.1695834202679
2025-06-10 00:00:00,100.366895302379
2025-06-10 01:00:00,101.743673453562
2025-06-10 02:00:00,96.7301047562059
2025-06-10 03:00:00,98.019843177129
2025-06-10 04:00:00,94.1860614360606
2025-06-10 05:00:00,97.3199833190904
2025-06-10 06:00:00,96.7437006071297
2025-06-10 07:00:00,98.6681184200227
2025-06-10 08:00:00,99.5799145126451
2025-06-10 09:00:00,100.433606312753
2025-06-10 10:00:00,99.3009268939024
2025-06-10 12:00:00,95.1845320921679
2025-06-10 13:00:00,96.7940420070993
2025-06-10 14:00:00,99.1275732972799
2025-06-10 15:00:00,98.1442641202094
2025-06-10 16:00:00,99.1791784310353
2025-06-10 17:00:00,97.8566802999597
2025-06-10 18:00:00,100.045735815489
2025-06-10 19:00:00,101.33084217174
2025-06-10 20:00:00,98.6729390856456
2025-06-10 21:00:00,95.3115803830094
2025-06-10 22:00:00,89.1474247958281
2025-06-10 23:00:00,90.4665777175164
2025-06-11 00:00:00,99.2722373927189
2025-06-11 01:00:00,100.790967728586
2025-06-11 02:00:00,96.411741248468
2025-06-11 03:00:00,101.470174282028
2025-06-11 04:00:00,97.5344692650905
2025-06-11 05:00:00,97.5988364518928
2025-06-11 06:00:00,97.3738613600086
2025-06-11 07:00:00,98.7767749393735
2025-06-11 08:00:00,95.9600179025674
2025-06-11 10:00:00,96.3284565399369
2025-06-11 11:00:00,100.173683121269
2025-06-11 12:00:00,97.0138360626033
2025-06-11 13:00:00,96.6445138311293
2025-06-11 14:00:00,99.264713088819
2025-06-11 15:00:00,94.7624136561158
2025-06-11 16:00:00,98.9700192411391
2025-06-11 17:00:00,98.2941143345635
2025-06-11 18:00:00,99.1437683264526
2025-06-11 19:00:00,95.1841584306778
2025-06-11 20:00:00,97.0402405995937
2025-06-11 21:00:00,97.9698269721462
2025-06-11 22:00:00,97.9524395974224
2025-06-11 23:00:00,100.727698326565
2025-06-12 00:00:00,98.1292866038667
2025-06-12 01:00:00,98.7250700889676
2025-06-12 02:00:00,100.060451486638
2025-06-12 03:00:00,99.9581332528286
2025-06-12 05:00:00,94.3855649766166
2025-06-12 06:00:00,98.5291978527576
2025-06-12 08:00:00,96.0326988123939
2025-06-12 09:00:00,95.764403270696
2025-06-12 10:00:00,97.5059373669823
2025-06-12 11:00:00,98.4712812516316
2025-06-12 12:00:00,96.8825141361844
2025-06-12 13:00:00,98.8424874804643
2025-06-12 14:00:00,97.5549603525783
2025-06-12 15:00:00,98.761370505497
2025-06-12 16:00:00,96.4617679319305
2025-06-12 17:00:00,98.0943932602509
2025-06-12 18:00:00,100.282772993456
2025-06-12 19:00:00,96.9257535658552
2025-06-12 20:00:00,95.3377805096066
2025-06-12 21:00:00,98.4801557564175
2025-06-12 22:00:00,97.2190025552772
2025-06-12 23:00:00,98.3302195679235
2025-06-13 00:00:00,98.9901836318611
2025-06-13 01:00:00,99.3314278114067
2025-06-13 02:00:00,96.1880268277304
2025-06-13 03:00:00,97.6986151909437
2025-06-13 04:00:00,97.9714647199182
2025-06-13 05:00:00,98.2031653925432
2025-06-13 06:00:00,98.8361392088771
2025-06-13 07:00:00,95.1293627153167
2025-06-13 08:00:00,96.6774553848215
2025-06-13 09:00:00,96.1903184556361
2025-06-13 10:00:00,100.601712068149
2025-06-13 11:00:00,97.1032489003055
2025-06-13 12:00:00,96.6651067814066
2025-06-13 13:00:00,96.6555479635578
2025-06-13 14:00:00,97.9806393077008
2025-06-13 15:00:00,96.4773646663993
2025-06-13 16:00:00,
2025-06-13 17:00:00,
2025-06-13 18:00:00,
2025-06-13 19:00:00,
2025-06-13 20:00:00,
2025-06-13 21:00:00,99.7588324685087
2025-06-13 22:00:00,96.7316125240644
2025-06-13 23:00:00,98.5356441315313
2025-06-14 00:00:00,97.6070292407184
2025-06-14 01:00:00,
2025-06-14 02:00:00,
2025-06-14 03:00:00,97.8474016982281
2025-06-14 04:00:00,97.1331572724513
2025-06-14 05:00:00,96.5893609976974
2025-06-14 07:00:00,98.3283657570414
2025-06-14 08:00:00,97.6742526461567
2025-06-14 09:00:00,98.0580842639894
2025-06-14 10:00:00,98.3949385216339
2025-06-14 11:00:00,98.1493631710333
2025-06-14 12:00:00,100.557543232969
2025-06-14 13:00:00,95.3903101032479
2025-06-14 14:00:00,98.7102274082307
2025-06-14 15:00:00,101.308421584172
2025-06-14 16:00:00,97.0734211130289
2025-06-14 17:00:00,99.5841063113319
2025-06-14 18:00:00,97.7093384981875
2025-06-14 19:00:00,100.931765065332
2025-06-14 20:00:00,97.7865766207947
2025-06-14 21:00:00,97.9760655682104
2025-06-14 22:00:00,98.9355311398915
2025-06-14 23:00:00,95.7417772891659
2025-06-15 00:00:00,98.9239410071722
2025-06-15 01:00:00,94.8112483246076
2025-06-15 02:00:00,97.1239372611741
2025-06-15 03:00:00,99.5761721653745
2025-06-15 04:00:00,124.242790552316
2025-06-15 05:00:00,95.6471519385913
2025-06-15 06:00:00,96.7078039916575
2025-06-15 07:00:00,97.295693664826
2025-06-15 08:00:00,97.9334284743748
2025-06-15 09:00:00,98.3034885979227
2025-06-15 10:00:00,97.763801960717
2025-06-15 11:00:00,98.1318371306227
2025-06-15 12:00:00,98.3735241611788
2025-06-15 13:00:00,96.6726605393705
2025-06-15 14:00:00,93.482280569208
2025-06-15 15:00:00,97.7781842336066
2025-06-15 16:00:00,95.2106711839795
2025-06-15 17:00:00,99.0072529060088
2025-06-15 18:00:00,99.3493173434789
2025-06-15 19:00:00,95.8642867330675
2025-06-15 20:00:00,95.4108758944689
2025-06-15 21:00:00,97.9493717847811
2025-06-15 22:00:00,99.1900687094273
2025-06-15 23:00:00,98.39981750262
2025-06-16 00:00:00,
2025-06-16 01:00:00,
2025-06-16 02:00:00,
2025-06-16 03:00:00,
2025-06-16 04:00:00,
2025-06-16 05:00:00,
2025-06-16 16:00:00,
2025-06-16 18:00:00,
2025-06-16 19:00:00,
2025-06-16 20:00:00,
2025-06-16 21:00:00,
2025-06-16 22:00:00,
2025-06-16 23:00:00,
2025-06-17 00:00:00,103.812473501319
2025-06-17 01:00:00,103.960018229813
2025-06-17 02:00:00,103.068965708888
2025-06-17 03:00:00,103.811043095943
2025-06-17 04:00:00,104.088641419696
2025-06-17 05:00:00,103.955106118015
2025-06-17 06:00:00,103.524943515149
2025-06-17 18:00:00,103.287331499674
2025-06-17 20:00:00,102.902253408899
2025-06-17 21:00:00,104.157098823034
2025-06-17 22:00:00,102.587702580189
2025-06-17 23:00:00,104.304825311801
2025-06-18 00:00:00,103.391918941088
2025-06-18 01:00:00,103.143536041133
2025-06-18 02:00:00,102.966516848523
2025-06-18 03:00:00,103.946906428315
2025-06-18 04:00:00,103.103154851028
2025-06-18 05:00:00,102.33820321435
2025-06-18 06:00:00,102.891274275787
2025-06-18 08:00:00,103.427386196591
2025-06-18 09:00:00,102.73071122781
2025-06-18 10:00:00,103.26403028763
2025-06-18 11:00:00,102.626429946791
2025-06-18 12:00:00,103.806056524274
2025-06-18 13:00:00,104.564719842956
2025-06-18 14:00:00,104.26728431052
2025-06-18 15:00:00,104.369553950036
2025-06-18 16:00:00,103.161996446138
2025-06-18 17:00:00,85.6968804230703
2025-06-18 18:00:00,102.196995170261
2025-06-18 19:00:00,
2025-06-18 20:00:00,
2025-06-18 21:00:00,
2025-06-18 22:00:00,104.327492342765
2025-06-18 23:00:00,102.731639546721
2025-06-19 00:00:00,102.220792715488
2025-06-19 01:00:00,101.986632899552
2025-06-19 02:00:00,103.741198659293
2025-06-19 03:00:00,103.400730460605
2025-06-19 04:00:00,103.316957032746
2025-06-19 05:00:00,103.764556497181
2025-06-19 06:00:00,102.707992923505
2025-06-19 07:00:00,101.791211178271
2025-06-19 08:00:00,103.841979887703
2025-06-19 09:00:00,101.648857536278
2025-06-19 10:00:00,103.756340574236
2025-06-19 11:00:00,101.662431762049
2025-06-19 12:00:00,103.830637352267
2025-06-19 13:00:00,103.205653231961
2025-06-19 14:00:00,102.255991343016
2025-06-19 15:00:00,103.625042104791
2025-06-19 16:00:00,102.948324044708
2025-06-19 17:00:00,102.323759205424
2025-06-19 18:00:00,102.939928477116
2025-06-19 19:00:00,102.751542644925
2025-06-19 20:00:00,103.580410111327
2025-06-19 21:00:00,102.865916496048
2025-06-19 22:00:00,103.980612592488
2025-06-19 23:00:00,102.939806020378
2025-06-20 00:00:00,104.293283091167
2025-06-20 01:00:00,101.348499282628
2025-06-20 02:00:00,103.945020568478
2025-06-20 03:00:00,106.652188699404
2025-06-20 04:00:00,103.451873051751
2025-06-20 05:00:00,103.941278728636
2025-06-20 07:00:00,104.353846762251
2025-06-20 09:00:00,
2025-06-20 10:00:00,
2025-06-20 11:00:00,101.867855852587
2025-06-20 12:00:00,102.539338404349
2025-06-20 13:00:00,102.782363579923
2025-06-20 14:00:00,98.8554894521722
2025-06-20 16:00:00,106.786105814719
2025-06-21 05:00:00,102.892599073389
2025-06-21 06:00:00,103.801521545195
2025-06-21 07:00:00,105.250530328337
2025-06-21 08:00:00,104.371436726463
2025-06-21 11:00:00,101.611254208549
2025-06-21 12:00:00,102.765721360683
2025-06-21 13:00:00,102.204978293482
2025-06-21 14:00:00,102.635563905099
2025-06-21 15:00:00,100.428529762062
2025-06-21 16:00:00,104.27642981344
2025-06-21 17:00:00,101.93146720443
2025-06-21 18:00:00,103.891237296766
2025-06-21 19:00:00,100.52135924964
2025-06-21 20:00:00,102.400602770128
2025-06-21 21:00:00,103.362446141517
2025-06-21 22:00:00,101.006782409646
2025-06-21 23:00:00,103.844756687649
2025-06-22 00:00:00,105.42285442272
2025-06-22 01:00:00,100.140554565505
2025-06-22 02:00:00,104.031476497425
2025-06-22 03:00:00,101.253537279977
2025-06-22 04:00:00,99.696613428585
2025-06-22 05:00:00,103.155219119707
2025-06-22 06:00:00,102.152886381568
2025-06-22 08:00:00,102.275558090609
2025-06-22 09:00:00,101.224924326712
2025-06-22 10:00:00,100.72575620384
2025-06-22 11:00:00,104.190355112338
2025-06-22 12:00:00,100.810620948401
2025-06-22 13:00:00,102.950622290015
2025-06-22 14:00:00,99.7641767432452
2025-06-22 15:00:00,103.46775493285
2025-06-22 16:00:00,103.88053607175
2025-06-22 17:00:00,105.168600172365
2025-06-22 18:00:00,102.113402996569
2025-06-22 19:00:00,102.9434979209
2025-06-22 20:00:00,102.902063045344
2025-06-22 21:00:00,102.351964684129
2025-06-22 22:00:00,102.630846114818
2025-06-22 23:00:00,102.165541209248
2025-06-23 00:00:00,102.147735439332
2025-06-23 01:00:00,101.874339494151
2025-06-23 02:00:00,103.973752263238
2025-06-23 03:00:00,103.690431847542
2025-06-23 04:00:00,102.053132398545
2025-06-23 05:00:00,102.549615304275
2025-06-23 06:00:00,101.068764706494
2025-06-23 07:00:00,99.2419909398423
2025-06-23 08:00:00,103.267656408825
2025-06-23 09:00:00,99.8623719111349
2025-06-23 10:00:00,105.236233190231
2025-06-23 11:00:00,102.229887727215
2025-06-23 12:00:00,100.086001079664
2025-06-23 13:00:00,104.38416496994
2025-06-23 14:00:00,104.069600608857
2025-06-23 15:00:00,103.771009140012
2025-06-23 16:00:00,101.81987609964
2025-06-23 17:00:00,98.1549506271336
2025-06-23 18:00:00,101.145843421589
2025-06-23 19:00:00,100.839651234481
2025-06-23 20:00:00,102.056358895379
2025-06-23 21:00:00,104.167101249535
2025-06-23 22:00:00,105.039841764256
2025-06-23 23:00:00,102.405988015476
2025-06-24 00:00:00,100.714440792058
2025-06-24 01:00:00,103.62295929691
2025-06-24 02:00:00,102.317545743829
2025-06-24 03:00:00,102.980735947192
2025-06-24 04:00:00,102.391580147906
2025-06-24 05:00:00,102.010462211402
2025-06-24 07:00:00,104.090872222914
2025-06-24 08:00:00,101.506630451226
2025-06-24 10:00:00,101.936056445275
2025-06-24 11:00:00,96.3107684787518
2025-06-24 12:00:00,102.865913643415
2025-06-24 14:00:00,104.149952804647
2025-06-24 15:00:00,101.098373462734
2025-06-24 16:00:00,99.6831699976799
2025-06-24 17:00:00,100.431607633591
2025-06-24 18:00:00,103.31526662332
2025-06-24 19:00:00,100.630504615673
2025-06-24 20:00:00,98.870584251932
2025-06-24 21:00:00,101.083895618365
2025-06-24 22:00:00,104.567191920467
2025-06-24 23:00:00,104.003150405308
2025-06-25 00:00:00,100.602188271613
2025-06-25 01:00:00,103.394728446516
2025-06-25 02:00:00,101.627767469705
2025-06-25 03:00:00,103.714452876356
2025-06-25 04:00:00,100.721847388509
2025-06-25 05:00:00,102.63140032414
2025-06-25 06:00:00,101.561683057626
2025-06-25 07:00:00,102.467451928695
2025-06-25 08:00:00,101.811340118606
2025-06-25 09:00:00,100.837881740643
2025-06-25 10:00:00,99.9347604342029
2025-06-25 11:00:00,120.551528658573
2025-06-25 12:00:00,100.458480635577
2025-06-25 13:00:00,103.023374801223
2025-06-25 14:00:00,101.831682632905
2025-06-25 15:00:00,101.26381138213
2025-06-25 16:00:00,103.066836491002
2025-06-25 17:00:00,99.3382736582493
2025-06-25 18:00:00,98.4053872980925
2025-06-25 19:00:00,103.139676802378
2025-06-25 20:00:00,98.3487705716712
2025-06-25 21:00:00,102.696643602088
2025-06-25 22:00:00,101.974595304903
2025-06-25 23:00:00,105.990218855249
2025-06-26 00:00:00,102.322965878479
2025-06-26 01:00:00,102.469265655707
2025-06-26 02:00:00,98.707268034858
2025-06-26 03:00:00,102.122170754978
2025-06-26 04:00:00,99.23266385328
2025-06-26 05:00:00,104.28446089162
2025-06-26 06:00:00,102.981234276605
2025-06-26 10:00:00,101.703013814884
2025-06-26 12:00:00,103.18392997832
2025-06-26 13:00:00,102.408549828794
2025-06-26 14:00:00,103.829090230311
2025-06-26 15:00:00,104.027247680458
2025-06-26 16:00:00,101.924754055364
2025-06-26 17:00:00,101.89595487649
2025-06-26 18:00:00,99.9004413679733
2025-06-26 19:00:00,102.623761845677
2025-06-26 20:00:00,101.812078954299
2025-06-27 10:00:00,101.757280168161
2025-06-27 11:00:00,100.652742392587
2025-06-27 12:00:00,101.024401213133
2025-06-27 13:00:00,101.695347144726
2025-06-27 14:00:00,103.412627645812
2025-06-27 15:00:00,105.510933009519
2025-06-27 16:00:00,100.663928030642
2025-06-27 17:00:00,102.725838365043
2025-06-27 18:00:00,98.5712878158266
2025-06-27 19:00:00,103.422408715224
2025-06-27 20:00:00,105.05352520097
2025-06-27 21:00:00,102.739919256534
2025-06-27 22:00:00,102.725175300069
2025-06-27 23:00:00,102.128713109708
2025-06-28 00:00:00,
2025-06-28 01:00:00,
2025-06-28 02:00:00,
2025-06-28 03:00:00,
2025-06-28 04:00:00,103.355673907713
2025-06-28 05:00:00,101.257693699323
2025-06-28 06:00:00,104.949264912587
2025-06-28 08:00:00,100.679681686644
2025-06-28 09:00:00,102.554976302848
2025-06-28 10:00:00,101.530634829764
2025-06-28 11:00:00,102.551392909481
2025-06-28 12:00:00,103.304374113471
2025-06-28 13:00:00,102.540217581563
2025-06-28 14:00:00,102.995205860251
2025-06-28 15:00:00,100.092752646868
2025-06-28 16:00:00,102.221687627027
2025-06-28 17:00:00,99.8562032279682
2025-06-28 18:00:00,101.679432680996
2025-06-28 19:00:00,101.134692251887
2025-06-28 20:00:00,105.584137538162
2025-06-28 21:00:00,102.268330284331
2025-06-28 22:00:00,99.2996477871203
2025-06-28 23:00:00,102.4224457256
2025-06-29 00:00:00,101.752782597033
2025-06-29 01:00:00,100.546612931009
2025-06-29 02:00:00,98.6523381105636
2025-06-29 03:00:00,101.061709924303
2025-06-29 04:00:00,101.999414031585
2025-06-29 05:00:00,100.279498968259
2025-06-29 06:00:00,102.143036466122
2025-06-29 07:00:00,101.436743157547
2025-06-29 08:00:00,102.649247208956
2025-06-29 10:00:00,102.271130719391
2025-06-29 11:00:00,88.840580801828
2025-06-29 12:00:00,100.212444037248
2025-06-29 13:00:00,100.576017526094
2025-06-29 14:00:00,99.5869134247989
2025-06-29 15:00:00,104.208387312052
2025-06-29 16:00:00,103.711390854278
2025-06-29 17:00:00,101.84352629971
2025-06-29 18:00:00,104.220284075046
2025-06-29 19:00:00,99.7746580731057
2025-06-29 20:00:00,100.277153953158
2025-06-29 21:00:00,100.009068865356
2025-06-29 22:00:00,100.089896318014
2025-06-29 23:00:00,100.364245160715
2025-06-30 00:00:00,103.583443271642
2025-06-30 01:00:00,100.384345309077
2025-06-30 02:00:00,102.287914179651
2025-06-30 03:00:00,102.078303246734
2025-06-30 04:00:00,98.8698009375708
2025-06-30 05:00:00,103.265052854547
2025-06-30 06:00:00,102.872811086502
2025-06-30 07:00:00,102.496423526918
2025-06-30 09:00:00,100.433778155272
2025-06-30 10:00:00,103.122159278651
2025-06-30 12:00:00,100.096155092224
2025-06-30 13:00:00,99.8862496321222
2025-06-30 14:00:00,101.90679643575
2025-06-30 15:00:00,102.584237656667
2025-06-30 16:00:00,101.442464855359
2025-06-30 17:00:00,105.81308991264
2025-06-30 18:00:00,101.50785877763
2025-06-30 19:00:00,101.207392402914
2025-06-30 20:00:00,102.237451904315
2025-06-30 21:00:00,99.9386005531088
2025-06-30 22:00:00,98.195020464449
2025-06-30 23:00:00,102.533652616864
2025-07-01 00:00:00,95.3069511134548
2025-07-01 01:00:00,105.566555887648
2025-07-01 02:00:00,102.825656884129
2025-07-01 03:00:00,102.729419455729
2025-07-01 04:00:00,106.91176986013
2025-07-01 05:00:00,101.92418247894
2025-07-01 06:00:00,99.6820813798037
2025-07-01 07:00:00,107.398241856469
2025-07-01 08:00:00,107.259055045473
2025-07-01 09:00:00,101.518926978971
2025-07-01 10:00:00,102.80808071621
2025-07-01 11:00:00,103.794779838958
2025-07-01 15:00:00,96.5335326513587
2025-07-01 16:00:00,101.022496970495
2025-07-01 17:00:00,101.454195177996
2025-07-01 18:00:00,99.091639739347
2025-07-01 19:00:00,100.897828096186
2025-07-01 20:00:00,94.2237859154394
2025-07-01 21:00:00,101.160371654131
2025-07-01 22:00:00,104.029061373619
2025-07-01 23:00:00,98.6613722278526
2025-07-02 00:00:00,102.585631298029
2025-07-02 01:00:00,102.22913318248
2025-07-02 02:00:00,98.2399100242936
2025-07-02 03:00:00,100.257636103962
2025-07-02 04:00:00,104.54642606474
2025-07-02 05:00:00,101.619356545946
2025-07-02 06:00:00,
2025-07-02 07:00:00,101.324072773293
2025-07-02 08:00:00,96.9879977266455
2025-07-02 10:00:00,101.198709178438
2025-07-02 11:00:00,109.847313482616
2025-07-02 12:00:00,100.036812253712
2025-07-02 13:00:00,101.056369290207
2025-07-02 14:00:00,103.572759689796
2025-07-02 15:00:00,102.83462167447
2025-07-02 16:00:00,103.587705669795
2025-07-02 17:00:00,99.4008095274513
2025-07-02 18:00:00,104.870990271612
2025-07-02 19:00:00,101.205400355389
2025-07-02 20:00:00,102.408532316381
2025-07-02 21:00:00,102.689895425705
2025-07-02 22:00:00,99.6195184923425
2025-07-02 23:00:00,96.8401025136708
2025-07-03 00:00:00,97.2016033469571
2025-07-03 01:00:00,105.691775687456
2025-07-03 02:00:00,100.162434044285
2025-07-03 03:00:00,101.938625878124
2025-07-03 04:00:00,100.72408035148
2025-07-03 05:00:00,101.851890215533
2025-07-03 06:00:00,102.396437947474
2025-07-03 07:00:00,101.391478152502
2025-07-03 08:00:00,100.931974000149
2025-07-03 09:00:00,101.464660749172
2025-07-03 10:00:00,99.6009971660456
2025-07-03 11:00:00,101.67250649655
2025-07-03 12:00:00,100.407110373192
2025-07-03 13:00:00,99.9594852115718
2025-07-03 14:00:00,97.0338760140524
2025-07-03 15:00:00,104.226329883975
2025-07-03 16:00:00,100.336223829815
2025-07-03 17:00:00,100.527020074425
2025-07-03 18:00:00,103.851637042207
2025-07-03 19:00:00,73.6660244080234
2025-07-03 20:00:00,105.214218266702
2025-07-03 21:00:00,108.33567112577
2025-07-03 22:00:00,104.734804541793
2025-07-03 23:00:00,98.4831208936231
2025-07-04 00:00:00,
2025-07-04 01:00:00,
2025-07-04 02:00:00,
2025-07-04 03:00:00,
2025-07-04 04:00:00,102.169554748697
2025-07-04 05:00:00,104.535209309202
2025-07-04 07:00:00,102.303714034264
2025-07-04 08:00:00,101.785305756561
2025-07-04 11:00:00,107.199441366779
2025-07-04 12:00:00,102.302916476623
2025-07-04 13:00:00,100.575859210696
2025-07-04 14:00:00,97.8247488705524
2025-07-04 15:00:00,
2025-07-04 16:00:00,
2025-07-04 17:00:00,
2025-07-04 18:00:00,101.290288562949
2025-07-04 19:00:00,101.634322442767
2025-07-04 20:00:00,101.369958890837
2025-07-04 21:00:00,101.1153971861
2025-07-04 22:00:00,97.8408534787663
2025-07-04 23:00:00,101.007693926314
2025-07-05 00:00:00,102.671064333489
2025-07-05 01:00:00,96.4858523492559
2025-07-05 02:00:00,98.1224747301726
2025-07-05 03:00:00,98.2532291866598
2025-07-05 04:00:00,99.0540798520237
2025-07-05 05:00:00,100.463254163994
2025-07-05 06:00:00,100.482496086476
2025-07-05 18:00:00,104.479666718074
2025-07-05 19:00:00,101.014513665713
2025-07-05 20:00:00,101.056730135145
2025-07-05 21:00:00,99.9796218093922
2025-07-05 22:00:00,100.199152264295
2025-07-05 23:00:00,102.720470843481
2025-07-06 00:00:00,106.174153652527
2025-07-06 01:00:00,102.816700455964
2025-07-06 02:00:00,102.133517981178
2025-07-06 03:00:00,77.5364527419897
2025-07-06 04:00:00,115.435132386025
2025-07-06 05:00:00,102.849649156618
2025-07-06 06:00:00,103.692996291318
2025-07-06 07:00:00,102.431610916158
2025-07-06 09:00:00,108.230973255693
2025-07-06 10:00:00,102.925518829731
2025-07-06 11:00:00,100.53816166022
2025-07-06 12:00:00,70.2324691820308
2025-07-06 13:00:00,100.661616703432
2025-07-06 14:00:00,107.42190853004
2025-07-06 15:00:00,100.30408041054
2025-07-06 16:00:00,101.148689398526
2025-07-06 17:00:00,103.31395747365
2025-07-06 18:00:00,104.099254328414
2025-07-06 19:00:00,103.624024698664
2025-07-06 20:00:00,98.330134789916
2025-07-06 21:00:00,110.759454780964
2025-07-06 22:00:00,103.669177255828
2025-07-06 23:00:00,100.478430006305
2025-07-07 00:00:00,94.3649029052079
2025-07-07 01:00:00,105.722478885485
2025-07-07 02:00:00,107.871119705637
2025-07-07 03:00:00,103.465543700727
2025-07-07 04:00:00,100.867281841926
2025-07-07 05:00:00,100.783189751811
2025-07-07 06:00:00,101.880993666184
2025-07-07 07:00:00,99.9748269707067
2025-07-07 08:00:00,96.2495305353325
2025-07-07 09:00:00,101.011228869685
2025-07-07 10:00:00,102.125216011881
2025-07-07 11:00:00,101.885403559066
2025-07-07 12:00:00,101.216959171394
2025-07-07 13:00:00,104.610728550463
2025-07-07 14:00:00,104.001780235896
2025-07-07 15:00:00,103.03730439998
2025-07-07 16:00:00,95.6261172820579
2025-07-07 17:00:00,96.3762839790874
2025-07-07 18:00:00,103.928633909296
2025-07-07 19:00:00,99.1437441359835
2025-07-07 20:00:00,
2025-07-07 21:00:00,
2025-07-07 22:00:00,103.085983721627
2025-07-07 23:00:00,100.264533056819
2025-07-08 00:00:00,100.998373209791
2025-07-08 01:00:00,96.6656663791799
2025-07-08 02:00:00,104.641531844797
2025-07-08 03:00:00,108.54656338283
2025-07-08 04:00:00,102.837987815634
2025-07-08 05:00:00,103.989582631454
2025-07-08 06:00:00,101.334358233182
2025-07-08 20:00:00,99.3551606937458
2025-07-08 21:00:00,102.651755819798
2025-07-08 22:00:00,100.445547335583
2025-07-08 23:00:00,100.709073695869
2025-07-09 00:00:00,104.179026909855
2025-07-09 01:00:00,104.797899350556
2025-07-09 02:00:00,111.342447412634
2025-07-09 03:00:00,105.820944570999
2025-07-09 04:00:00,101.214871886642
2025-07-09 05:00:00,105.62059523606
2025-07-09 06:00:00,99.5630414781227
2025-07-09 07:00:00,101.893790422609
2025-07-09 08:00:00,106.302895429204
2025-07-09 09:00:00,96.8740396407852
2025-07-09 10:00:00,101.41146013613
2025-07-09 11:00:00,98.9841573688154
2025-07-09 12:00:00,106.840214916072
2025-07-09 13:00:00,100.536355319914
2025-07-09 14:00:00,100.211103715965
2025-07-09 15:00:00,101.135028052213
2025-07-09 16:00:00,104.936245407713
2025-07-09 17:00:00,97.7158486173055
2025-07-09 18:00:00,98.5022414135654
2025-07-09 19:00:00,105.416767555304
2025-07-09 20:00:00,95.5612150095328
2025-07-09 21:00:00,101.391571293737
2025-07-09 22:00:00,103.198849469869
2025-07-09 23:00:00,101.077292370469
2025-07-10 00:00:00,96.9276859579013
2025-07-10 01:00:00,102.446584545495
2025-07-10 02:00:00,97.0959728967946
2025-07-10 03:00:00,101.51292554341
2025-07-10 04:00:00,97.0296367257971
2025-07-10 05:00:00,100.830400318618
2025-07-10 06:00:00,98.5434881882508
2025-07-10 07:00:00,102.065651268221
2025-07-10 08:00:00,103.23867976109
2025-07-10 09:00:00,100.312332333691
2025-07-10 10:00:00,104.295234737743
2025-07-10 11:00:00,103.559989465621
2025-07-10 12:00:00,104.671303457716
2025-07-10 13:00:00,97.4524551193638
2025-07-10 14:00:00,97.8499880751394
2025-07-10 15:00:00,91.4849974078088
2025-07-10 16:00:00,101.93649976716
2025-07-10 17:00:00,99.750048623598
2025-07-10 18:00:00,100.402869671083
2025-07-10 19:00:00,101.758949324868
2025-07-10 20:00:00,103.160824667568
2025-07-10 21:00:00,96.287042392767
2025-07-10 22:00:00,101.82671596143
2025-07-10 23:00:00,101.613647574782
2025-07-11 00:00:00,102.738039023748
2025-07-11 01:00:00,100.202525565562
2025-07-11 02:00:00,103.364128062352
2025-07-11 03:00:00,100.364531612274
2025-07-11 04:00:00,99.8317920986905
2025-07-11 05:00:00,100.967037004211
2025-07-11 06:00:00,96.9953406569028
2025-07-11 07:00:00,98.4486877166446
2025-07-11 08:00:00,99.934736477883
2025-07-11 09:00:00,104.241404455497
2025-07-11 10:00:00,100.238384921231
2025-07-11 11:00:00,98.1797828181339
2025-07-11 12:00:00,103.475058486725
2025-07-11 13:00:00,98.0680949734188
2025-07-11 14:00:00,104.110931550648
2025-07-11 15:00:00,106.159739077593
2025-07-11 16:00:00,97.6341206707231
2025-07-11 17:00:00,101.14055562378
2025-07-11 18:00:00,103.343375954398
2025-07-11 19:00:00,101.928135873881
2025-07-11 20:00:00,105.353309694023
2025-07-11 21:00:00,100.933141722072
2025-07-11 22:00:00,102.524031617426
2025-07-11 23:00:00,104.054222793882
2025-07-12 00:00:00,104.857747033628
2025-07-12 01:00:00,103.841203279937
2025-07-12 02:00:00,101.998588271534
2025-07-12 03:00:00,98.1814733719641
2025-07-12 04:00:00,99.7462084012946
2025-07-12 05:00:00,97.0500990713795
2025-07-12 06:00:00,104.911181488812
2025-07-12 07:00:00,98.0210746388321
2025-07-12 08:00:00,103.5740104255
2025-07-12 10:00:00,98.2698655156078
2025-07-12 22:00:00,92.4955998242382
2025-07-13 01:00:00,101.842754794922
2025-07-13 02:00:00,100.987564495971
2025-07-13 03:00:00,94.7197911859676
2025-07-13 04:00:00,99.7203903182778
2025-07-13 05:00:00,94.6016582490548
2025-07-13 06:00:00,103.897029946977
2025-07-13 07:00:00,102.511959395262
2025-07-13 08:00:00,101.531910055346
2025-07-13 09:00:00,98.0567230715791
2025-07-13 10:00:00,99.2812513283606
2025-07-13 11:00:00,105.636252576513
2025-07-13 12:00:00,100.928238161328
2025-07-13 22:00:00,101.8243484966
2025-07-14 00:00:00,96.8586076120279
2025-07-14 01:00:00,98.4425099653678
2025-07-14 02:00:00,93.3712641391212
2025-07-14 03:00:00,97.7543773414469
2025-07-14 04:00:00,98.551559156853
2025-07-14 05:00:00,98.938488212495
2025-07-14 10:00:00,91.8325530046103
2025-07-14 11:00:00,96.5580284523135
2025-07-14 12:00:00,97.4278950366429
2025-07-14 13:00:00,100.93869353208
2025-07-14 14:00:00,98.1726271521397
2025-07-14 15:00:00,96.628740534871
2025-07-14 16:00:00,98.9368738525611
2025-07-14 17:00:00,97.4573573476914
2025-07-14 18:00:00,104.951321700214
2025-07-14 19:00:00,99.6506038021811
2025-07-14 20:00:00,95.2984312348954
2025-07-14 21:00:00,93.5157275359022
2025-07-14 22:00:00,95.7374913963137
2025-07-14 23:00:00,99.6232041558215
2025-07-15 00:00:00,97.754156387621
2025-07-15 01:00:00,96.7359549545566
2025-07-15 02:00:00,94.3857482086231
2025-07-15 03:00:00,98.2359485783215
2025-07-15 04:00:00,98.4088533185813
2025-07-15 05:00:00,101.864885360605
2025-07-15 06:00:00,100.196955613349
2025-07-15 07:00:00,96.9299361064169
2025-07-15 08:00:00,100.710539143901
2025-07-15 09:00:00,98.91701461679
2025-07-15 10:00:00,97.4874920817704
2025-07-15 11:00:00,98.4103906179631
2025-07-15 12:00:00,100.217061670741
2025-07-15 13:00:00,101.179058312345
2025-07-15 14:00:00,100.866444953884
2025-07-15 15:00:00,98.2143618730887
2025-07-15 16:00:00,91.6060705458642
2025-07-15 17:00:00,95.2521168817326
2025-07-15 18:00:00,94.5457856998667
2025-07-15 19:00:00,103.764081354849
2025-07-15 20:00:00,101.808243841127
2025-07-15 21:00:00,101.502708128411
2025-07-15 22:00:00,98.9653159396158
2025-07-15 23:00:00,106.27150163281
2025-07-16 00:00:00,98.1497415821632
2025-07-16 01:00:00,103.166950827931
2025-07-16 02:00:00,101.069913755457
2025-07-16 03:00:00,103.551803918022
2025-07-16 04:00:00,98.5046818401134
2025-07-16 05:00:00,94.3618407171298
2025-07-16 06:00:00,100.112688305147
2025-07-16 07:00:00,100.506824004403
2025-07-16 08:00:00,102.362356715256
2025-07-16 11:00:00,101.136942451311
2025-07-16 12:00:00,119.764298733645
2025-07-16 13:00:00,126.356919125266
2025-07-16 14:00:00,101.490631846378
2025-07-16 15:00:00,100.621084312799
2025-07-16 16:00:00,106.249981839181
2025-07-16 17:00:00,99.8045767195192
2025-07-16 18:00:00,104.292647652915
2025-07-16 19:00:00,103.873323266348
2025-07-16 20:00:00,97.6374815703899
2025-07-16 21:00:00,99.3783462522199
2025-07-16 22:00:00,100.795617631851
2025-07-16 23:00:00,99.2920772827699
2025-07-17 00:00:00,101.272839647553
2025-07-17 01:00:00,96.3003810823107
2025-07-17 02:00:00,101.415927177003
2025-07-17 03:00:00,97.6193632222497
2025-07-17 04:00:00,104.714281833377
2025-07-17 05:00:00,103.494306273569
2025-07-17 06:00:00,102.06280302115
2025-07-17 07:00:00,102.411039027529
2025-07-17 08:00:00,97.8702448754639
2025-07-17 09:00:00,101.07400587169
2025-07-17 10:00:00,96.6564062545968
2025-07-17 11:00:00,101.981379625363
2025-07-17 12:00:00,100.923788312505
2025-07-17 13:00:00,99.7506819719111
2025-07-17 14:00:00,104.765775151402
2025-07-17 15:00:00,100.230114842946
2025-07-17 16:00:00,97.233735950067
2025-07-17 17:00:00,99.0737664174266
2025-07-17 18:00:00,100.286130233026
2025-07-17 19:00:00,100.566718926894
2025-07-17 20:00:00,97.3043784446818
2025-07-17 21:00:00,99.2386271935726
2025-07-17 22:00:00,103.863739311554
2025-07-17 23:00:00,101.212346846645
2025-07-18 00:00:00,101.865726244998
2025-07-18 01:00:00,95.3786170224264
2025-07-18 02:00:00,102.869053493023
2025-07-18 03:00:00,101.274942702307
2025-07-18 04:00:00,100.256828442103
2025-07-18 05:00:00,93.6351153822604
2025-07-18 08:00:00,99.161242700394
2025-07-18 10:00:00,101.258917827826
2025-07-18 11:00:00,100.302433645551
2025-07-18 12:00:00,102.481487662483
2025-07-18 13:00:00,96.9178328630252
2025-07-18 14:00:00,102.396050956957
2025-07-18 15:00:00,94.7554490578338
2025-07-18 16:00:00,99.3485349777341
2025-07-18 17:00:00,104.240529538088
2025-07-18 18:00:00,102.046623497664
2025-07-19 08:00:00,95.1746670387257
2025-07-19 09:00:00,92.6677801036613
2025-07-19 10:00:00,100.034645477095
2025-07-19 11:00:00,94.1805616597641
2025-07-19 12:00:00,101.50809482473
2025-07-19 13:00:00,100.562687091749
2025-07-19 14:00:00,101.946485221634
2025-07-19 15:00:00,101.486032634727
2025-07-19 16:00:00,97.9380632122517
2025-07-19 17:00:00,101.164240069174
2025-07-19 18:00:00,93.3993526546737
2025-07-19 19:00:00,97.9639309277444
2025-07-19 20:00:00,98.1101518613349
2025-07-19 21:00:00,100.599494239877
2025-07-19 22:00:00,105.017614959193
2025-07-19 23:00:00,98.7653477623818
2025-07-20 00:00:00,103.306940401946
2025-07-20 01:00:00,99.7258896869781
2025-07-20 02:00:00,103.992669152137
2025-07-20 03:00:00,104.44577089032
2025-07-20 04:00:00,94.2682800426139
2025-07-20 05:00:00,101.349938937311
2025-07-20 06:00:00,103.68302995614
2025-07-20 07:00:00,99.1329541886218
2025-07-20 08:00:00,100.291001610067
2025-07-20 09:00:00,99.8759925735455
2025-07-20 10:00:00,97.0449477427567
2025-07-20 11:00:00,95.3121896114665
2025-07-20 12:00:00,101.238141063927
2025-07-20 13:00:00,101.319844067669
2025-07-20 14:00:00,98.7394642847603
2025-07-20 15:00:00,96.8964575998176
2025-07-20 16:00:00,94.4218285897329
2025-07-20 17:00:00,105.058298894007
2025-07-20 18:00:00,95.7397263522792
2025-07-20 19:00:00,94.9812299535736
2025-07-20 20:00:00,101.647391171148
2025-07-20 21:00:00,99.1276332213059
2025-07-20 22:00:00,94.8443447410067
2025-07-20 23:00:00,100.20241511302
2025-07-21 00:00:00,96.4269396060292
2025-07-21 01:00:00,101.218664351
2025-07-21 02:00:00,96.2402425672464
2025-07-21 03:00:00,98.2997210650173
2025-07-21 04:00:00,100.784931725899
2025-07-21 05:00:00,94.6709874461391
2025-07-21 06:00:00,98.6574409956081
2025-07-21 07:00:00,104.228805613295
2025-07-21 08:00:00,99.8694032746784
2025-07-21 10:00:00,99.6963180424226
2025-07-21 11:00:00,102.032856413721
2025-07-21 12:00:00,99.0872676960979
2025-07-21 13:00:00,102.459120366671
2025-07-21 14:00:00,96.4631015285514
2025-07-21 15:00:00,104.081455638411
2025-07-21 16:00:00,
2025-07-21 17:00:00,
2025-07-21 18:00:00,99.4085677627035
2025-07-21 19:00:00,97.6655699419446
2025-07-21 20:00:00,97.893148668629
2025-07-21 21:00:00,102.05121301869
2025-07-21 22:00:00,105.820358771355
2025-07-21 23:00:00,101.331859777767
2025-07-22 00:00:00,96.1130073887208
2025-07-22 01:00:00,101.30731804935
2025-07-22 02:00:00,100.007485589161
2025-07-22 03:00:00,101.966331302617
2025-07-22 04:00:00,100.263581524655
2025-07-22 05:00:00,98.7200720583723
2025-07-22 07:00:00,100.966476624026
2025-07-22 08:00:00,95.0885380753804
2025-07-22 09:00:00,98.2542378001745
2025-07-22 10:00:00,99.7014205626242
2025-07-22 11:00:00,100.350149429792
2025-07-22 13:00:00,104.145375038692
2025-07-22 14:00:00,98.3156980007873
2025-07-22 15:00:00,99.8101381377219
2025-07-22 16:00:00,101.21409116915
2025-07-22 17:00:00,95.8480880472573
2025-07-22 18:00:00,99.2670271750794
2025-07-22 19:00:00,99.8470980212962
2025-07-22 20:00:00,98.1669267272814
2025-07-22 22:00:00,101.783133979649
2025-07-23 08:00:00,103.420390188623
2025-07-23 11:00:00,96.8579509051361
2025-07-23 12:00:00,94.3904581765068
2025-07-23 13:00:00,99.1446017151861
2025-07-23 14:00:00,100.926770681951
2025-07-23 15:00:00,100.418898660677
2025-07-23 16:00:00,99.6489711036183
2025-07-23 17:00:00,95.1878419016962
2025-07-23 18:00:00,99.4617585766504
2025-07-23 19:00:00,104.639129330422
2025-07-23 20:00:00,99.9212610307903
2025-07-23 21:00:00,98.0120550565438
2025-07-23 22:00:00,99.7991979093516
2025-07-23 23:00:00,100.948061509897
2025-07-24 00:00:00,103.085650245808
2025-07-24 01:00:00,96.1429763144584
2025-07-24 02:00:00,96.9346940011117
2025-07-24 03:00:00,100.441051833322
2025-07-24 04:00:00,96.0450457309546
2025-07-24 05:00:00,99.979528389652
2025-07-24 06:00:00,103.382591553694
2025-07-24 07:00:00,93.9795000806822
2025-07-24 08:00:00,104.227246882762
2025-07-24 09:00:00,95.7441611710427
2025-07-24 11:00:00,94.1818756201437
2025-07-24 12:00:00,99.2127721438225
2025-07-24 13:00:00,98.2187966457048
2025-07-24 14:00:00,98.4899622716946
2025-07-24 23:00:00,95.8839434695606
2025-07-25 00:00:00,94.4137918620272
2025-07-25 01:00:00,103.353761974392
2025-07-25 02:00:00,100.759553990759
2025-07-25 03:00:00,100.765360716007
2025-07-25 04:00:00,100.362121204259
2025-07-25 05:00:00,99.3697971439595
2025-07-25 06:00:00,95.0727584714147
2025-07-25 07:00:00,99.6193176426686
2025-07-25 08:00:00,100.565018136229
2025-07-25 09:00:00,100.004500031624
2025-07-25 10:00:00,99.8029834026198
2025-07-25 11:00:00,97.194409142927
2025-07-25 12:00:00,99.1252014423755
2025-07-25 13:00:00,96.5610146056426
2025-07-25 14:00:00,92.633566952871
2025-07-25 15:00:00,99.6248181170341
2025-07-25 16:00:00,104.235053145923
2025-07-25 17:00:00,98.444505651912
2025-07-25 18:00:00,99.5475114116099
2025-07-25 19:00:00,100.134514504652
2025-07-25 20:00:00,100.647295913661
2025-07-25 21:00:00,97.8834448202496
2025-07-25 22:00:00,101.436854178982
2025-07-25 23:00:00,99.5585459474082
2025-07-26 00:00:00,102.983770602007
2025-07-26 01:00:00,103.168938430429
2025-07-26 02:00:00,98.7841814717386
2025-07-26 03:00:00,96.9813933013526
2025-07-26 04:00:00,91.9016355157082
2025-07-26 05:00:00,96.2230894268708
2025-07-26 06:00:00,101.913534487064
2025-07-26 07:00:00,105.477353822805
2025-07-26 08:00:00,96.3468638696848
2025-07-26 09:00:00,97.4035827691384
2025-07-26 10:00:00,94.754396201949
2025-07-26 12:00:00,96.4633587651415
2025-07-26 13:00:00,100.111489148136
2025-07-26 14:00:00,96.4601427346771
2025-07-26 15:00:00,102.24539193748
2025-07-26 16:00:00,92.7563121198521
2025-07-26 17:00:00,103.726213799907
2025-07-26 18:00:00,93.4820323054379
2025-07-26 19:00:00,96.0415830524192
2025-07-26 20:00:00,96.4874233026386
2025-07-26 21:00:00,106.922515507728
2025-07-26 22:00:00,103.419622019622
2025-07-26 23:00:00,98.4309178174286
2025-07-27 07:00:00,96.5196151068177
2025-07-27 08:00:00,92.0258107999406
2025-07-27 09:00:00,104.981998098539
2025-07-27 10:00:00,99.4275336509986
2025-07-27 22:00:00,102.431945099014
2025-07-27 23:00:00,96.5931453923556
2025-07-28 00:00:00,122.028459948625
2025-07-28 01:00:00,96.0076175304935
2025-07-28 02:00:00,100.479602694858
2025-07-28 03:00:00,102.21784710575
2025-07-28 04:00:00,97.4684562607892
2025-07-28 05:00:00,99.6048923308873
2025-07-28 06:00:00,103.79887592568
2025-07-28 07:00:00,95.5618691348185
2025-07-28 08:00:00,93.9251717996903
2025-07-28 09:00:00,99.0736996252144
2025-07-28 10:00:00,99.5320870552922
2025-07-28 11:00:00,101.687061030057
2025-07-28 12:00:00,97.1287318055601
2025-07-28 13:00:00,99.2087113303622
2025-07-28 14:00:00,93.9849681135634
2025-07-28 15:00:00,99.9568659500504
2025-07-28 16:00:00,97.7044448850952
2025-07-28 17:00:00,103.304667004571
2025-07-28 18:00:00,89.0123223816626
2025-07-28 19:00:00,98.5114093136421
2025-07-28 20:00:00,94.874727812587
2025-07-28 21:00:00,95.4517767379376
2025-07-28 22:00:00,105.056347182326
2025-07-28 23:00:00,99.4256346276328
2025-07-29 00:00:00,101.088171881755
2025-07-29 01:00:00,91.7214924533449
2025-07-29 02:00:00,103.450153140407
2025-07-29 03:00:00,95.6895036409819
2025-07-29 04:00:00,99.0669288885806
2025-07-29 05:00:00,96.0614222996208
2025-07-29 06:00:00,94.1733661234705
2025-07-29 07:00:00,104.27045211017
2025-07-29 08:00:00,102.553280090899
2025-07-29 09:00:00,99.9660001537655
2025-07-29 10:00:00,101.686346376165
2025-07-29 11:00:00,97.5090783622401
2025-07-29 12:00:00,99.1450627886488
2025-07-29 13:00:00,96.2252047736994
2025-07-29 14:00:00,97.2916069017096
2025-07-29 15:00:00,103.712683744606
2025-07-29 16:00:00,95.3443625559094
2025-07-29 17:00:00,101.368300688259
2025-07-29 18:00:00,97.723456883472
2025-07-29 19:00:00,96.7485408471992
2025-07-29 20:00:00,101.706689674316
2025-07-29 21:00:00,97.6813967495202
2025-07-29 22:00:00,99.3796623464835
2025-07-29 23:00:00,98.2660168537817
2025-07-30 00:00:00,100.152288218899
2025-07-30 01:00:00,96.4371184341614
2025-07-30 02:00:00,94.1786692296734
2025-07-30 03:00:00,95.2437146432483
2025-07-30 04:00:00,97.1831597729537
2025-07-30 05:00:00,98.6210693800079
2025-07-30 06:00:00,98.2406048151788
2025-07-30 07:00:00,96.9237576065228
2025-07-30 08:00:00,97.7956612892211
2025-07-30 10:00:00,94.5177204954806
2025-07-30 11:00:00,101.115611030384
2025-07-30 12:00:00,100.102460446654
2025-07-30 13:00:00,95.8748265806849
2025-07-31 16:00:00,101.699644116114
2025-07-31 17:00:00,96.282173327614
2025-08-01 00:00:00,96.0179139540749
2025-08-01 02:00:00,99.1254457407526
2025-08-01 03:00:00,97.2280176254694
2025-08-01 05:00:00,101.247071989697
2025-08-01 08:00:00,99.0641845865373
2025-08-01 09:00:00,96.9951077397925
2025-08-01 11:00:00,95.4791317465816
2025-08-01 12:00:00,95.5857141254097
2025-08-01 13:00:00,96.980281258632
2025-08-01 14:00:00,98.4235422993505
2025-08-01 15:00:00,98.3890764936254
2025-08-01 16:00:00,97.3955738495907
2025-08-01 17:00:00,98.9844564749122
2025-08-01 18:00:00,99.0667510452167
2025-08-01 19:00:00,97.5542993112086
2025-08-01 20:00:00,95.9736931853129
2025-08-01 21:00:00,98.5488750003446
2025-08-01 23:00:00,95.8964655563468
2025-08-02 00:00:00,101.184015389732
2025-08-02 01:00:00,97.0380246053221
2025-08-02 02:00:00,
2025-08-02 03:00:00,
2025-08-02 04:00:00,
2025-08-02 05:00:00,
2025-08-02 06:00:00,97.1786423501619
2025-08-02 07:00:00,92.3510435470725
2025-08-02 10:00:00,95.8428216301122
2025-08-02 11:00:00,97.5206971497019
2025-08-02 12:00:00,99.6878884335784
2025-08-02 13:00:00,98.6478180357833
2025-08-02 14:00:00,97.4685519888636
2025-08-02 15:00:00,116.20442238319
2025-08-02 16:00:00,96.4061275378586
2025-08-02 17:00:00,94.9985561463869
2025-08-02 18:00:00,97.3478690823159
2025-08-02 19:00:00,94.8072713586863
2025-08-02 20:00:00,99.0260977595813
2025-08-02 21:00:00,97.7690392443937
2025-08-03 09:00:00,99.7765183410472
2025-08-03 10:00:00,95.5659427755507
2025-08-03 12:00:00,98.2736613443291
2025-08-03 13:00:00,100.336593864352
2025-08-03 14:00:00,98.1148511697567
2025-08-03 15:00:00,96.5995904392446
2025-08-03 16:00:00,102.160621896545
2025-08-03 17:00:00,96.4768390318279
2025-08-03 18:00:00,99.3854760768293
2025-08-03 19:00:00,95.6586143864201
2025-08-03 20:00:00,96.4170260244665
2025-08-03 21:00:00,95.1426979737094
2025-08-03 22:00:00,97.8083649104752
2025-08-03 23:00:00,95.3702321788234
2025-08-04 00:00:00,94.6966109244521
2025-08-04 01:00:00,96.3282306450562
2025-08-04 02:00:00,97.296814447772
2025-08-04 03:00:00,93.5635899490868
2025-08-04 04:00:00,96.739702230296
2025-08-04 05:00:00,94.6074942957499
2025-08-04 08:00:00,96.6058903925941
2025-08-04 19:00:00,99.6836814810486
2025-08-04 20:00:00,97.7538012834874
2025-08-04 21:00:00,100.986302983947
2025-08-04 22:00:00,97.6185226012563
2025-08-04 23:00:00,79.523683628897
2025-08-05 00:00:00,99.8357041433622
2025-08-05 01:00:00,95.650228104435
2025-08-05 02:00:00,98.1464737073457
2025-08-05 03:00:00,96.0549212375203
2025-08-05 04:00:00,95.7059323803351
2025-08-05 05:00:00,97.3429637379021
2025-08-05 06:00:00,95.2673750090312
2025-08-05 07:00:00,97.7940954279416
2025-08-05 08:00:00,96.8935497747884
2025-08-05 09:00:00,96.6117986524073
2025-08-05 10:00:00,97.6374285782024
2025-08-05 12:00:00,93.9372235856952
2025-08-05 13:00:00,97.4323599562364
2025-08-05 14:00:00,99.7323474795198
2025-08-05 15:00:00,96.2526543603636
2025-08-05 16:00:00,94.3534712480858
2025-08-05 17:00:00,96.9019845373467
2025-08-05 18:00:00,97.8866760445993
2025-08-05 19:00:00,94.9554403190575
2025-08-05 20:00:00,99.9119215889846
2025-08-05 21:00:00,93.4321743424994
2025-08-05 22:00:00,99.4659416403999
2025-08-05 23:00:00,95.1985179140446
2025-08-06 00:00:00,101.74087122963
2025-08-06 01:00:00,99.4648219949527
2025-08-06 02:00:00,99.845877807083
2025-08-06 03:00:00,95.0487894305897
2025-08-06 04:00:00,99.4085416960596
2025-08-06 06:00:00,98.1650610234533
2025-08-06 08:00:00,100.004174875988
2025-08-06 09:00:00,98.1412898054769
2025-08-06 10:00:00,98.1343310897845
2025-08-06 11:00:00,97.4602956964
2025-08-06 12:00:00,93.5608179782957
2025-08-06 13:00:00,98.5061238307391
2025-08-06 14:00:00,99.2513673629855
2025-08-06 15:00:00,93.7252492049185
2025-08-06 16:00:00,97.1840573594471
2025-08-06 17:00:00,100.188262493576
2025-08-06 18:00:00,96.3885162216508
2025-08-06 19:00:00,99.1689159989539
2025-08-06 20:00:00,95.9259056515193
2025-08-06 21:00:00,98.978800946211
2025-08-06 22:00:00,94.9451058816525
2025-08-06 23:00:00,98.2981922721986
2025-08-07 00:00:00,97.2122072046982
2025-08-07 01:00:00,94.1528326672812
2025-08-07 02:00:00,
2025-08-07 03:00:00,
2025-08-07 04:00:00,
2025-08-07 05:00:00,
2025-08-07 07:00:00,105.202473574976
2025-08-07 09:00:00,95.9450707601587
2025-08-07 10:00:00,98.8945339360339
2025-08-07 11:00:00,94.7987433589403
2025-08-07 12:00:00,98.1327957213394
2025-08-07 14:00:00,96.3418078724985
2025-08-07 15:00:00,97.3919058995732
2025-08-07 16:00:00,95.4779409120094
2025-08-07 17:00:00,94.9930912034507
2025-08-07 18:00:00,97.9472497739551
2025-08-07 19:00:00,96.6670471454152
2025-08-07 20:00:00,96.1155182161851
2025-08-07 21:00:00,95.3709189264382
2025-08-07 22:00:00,94.8240195448941
2025-08-07 23:00:00,100.536376395953
2025-08-08 00:00:00,96.9362171099486
2025-08-08 01:00:00,98.59822683415
2025-08-08 02:00:00,95.5259928504605
2025-08-08 03:00:00,97.4700544437664
2025-08-08 04:00:00,95.2096390271107
2025-08-08 07:00:00,95.0363777991518
2025-08-08 09:00:00,97.0469001091145
2025-08-08 10:00:00,93.8010370764859
2025-08-08 11:00:00,96.0784027570946
2025-08-08 12:00:00,99.425675442968
2025-08-08 13:00:00,96.1886279361885
2025-08-08 14:00:00,97.8626106016229
2025-08-08 15:00:00,98.6093522864689
2025-08-08 16:00:00,95.1037148624177
2025-08-08 17:00:00,98.5862787726857
2025-08-08 18:00:00,96.2181307317449
2025-08-08 19:00:00,96.611572397965
2025-08-08 20:00:00,97.6269448323709
2025-08-08 21:00:00,94.4987184578649
2025-08-08 22:00:00,96.9891948638531
2025-08-08 23:00:00,96.3905625103521
2025-08-09 00:00:00,96.2782750843333
2025-08-09 01:00:00,99.7695709592568
2025-08-09 02:00:00,95.9201680762038
2025-08-09 03:00:00,97.7363565141073
2025-08-09 04:00:00,99.8754924266246
2025-08-09 05:00:00,99.2835545065447
2025-08-09 06:00:00,94.2104881731252
2025-08-09 07:00:00,92.3787439411565
2025-08-09 08:00:00,94.7432353748876
2025-08-09 09:00:00,95.4417495526549
2025-08-09 10:00:00,96.1317159022999
2025-08-09 13:00:00,94.8680295764975
2025-08-09 14:00:00,94.3659326897281
2025-08-09 15:00:00,95.4961609584978
2025-08-09 16:00:00,99.7351300197804
2025-08-09 17:00:00,95.1529449645146
2025-08-09 18:00:00,95.7929898337559
2025-08-09 19:00:00,97.6888349461457
2025-08-09 20:00:00,93.9344958879913
2025-08-09 21:00:00,99.3143884839746
2025-08-09 22:00:00,95.4395419010293
2025-08-09 23:00:00,96.8897235186292
2025-08-10 00:00:00,89.2497188996516
2025-08-10 01:00:00,100.304666607039
2025-08-10 02:00:00,95.1976757298828
2025-08-10 03:00:00,92.5658600939432
2025-08-10 04:00:00,97.6486943519448
2025-08-10 05:00:00,94.7409365256607
2025-08-10 06:00:00,99.292060497821
2025-08-10 07:00:00,94.6473443499887
2025-08-10 09:00:00,95.1418503991685
2025-08-10 10:00:00,94.8398315995632
2025-08-10 11:00:00,95.9825172937257
2025-08-10 12:00:00,96.1211724041569
2025-08-10 13:00:00,96.7301921536727
2025-08-10 14:00:00,102.42669925837
2025-08-10 15:00:00,96.9145385310272
2025-08-10 16:00:00,93.4376684695375
2025-08-10 17:00:00,96.3896640664531
2025-08-10 18:00:00,93.6215937641824
2025-08-10 19:00:00,96.6001784199146
2025-08-10 20:00:00,97.2051034005464
2025-08-10 21:00:00,97.1044002484795
2025-08-10 22:00:00,94.3615160687898
2025-08-10 23:00:00,97.171722387927
2025-08-11 00:00:00,92.6342655293342
2025-08-11 01:00:00,97.2531229589343
2025-08-11 02:00:00,94.8077647616312
2025-08-11 03:00:00,93.9516426796657
2025-08-11 04:00:00,100.77977023569
2025-08-11 06:00:00,95.2555773833419
2025-08-11 17:00:00,93.6326447691014
2025-08-11 19:00:00,97.583567558957
2025-08-11 20:00:00,95.2385071090207
2025-08-11 21:00:00,93.4820721931756
2025-08-11 22:00:00,96.6976367479889
2025-08-11 23:00:00,97.4553903076157
2025-08-12 00:00:00,94.9975261455653
2025-08-12 01:00:00,98.0147852795844
2025-08-12 02:00:00,94.8777647956735
2025-08-12 03:00:00,97.5689419586953
2025-08-12 04:00:00,96.6595307192362
2025-08-12 05:00:00,97.7246690267117
2025-08-12 06:00:00,98.3320013056063
2025-08-12 07:00:00,94.8562961810956
2025-08-12 08:00:00,95.4601960441599
2025-08-12 09:00:00,97.4818943320697
2025-08-12 10:00:00,96.1668936100984
2025-08-12 11:00:00,97.2641779437049
2025-08-12 12:00:00,94.7402661291184
2025-08-12 13:00:00,95.3053305909606
2025-08-12 14:00:00,99.0135271968637
2025-08-12 15:00:00,97.2061551859703
2025-08-12 16:00:00,95.8044382602261
2025-08-12 17:00:00,91.7487364222236
2025-08-12 18:00:00,100.342975694047
2025-08-12 19:00:00,94.3921043534061
2025-08-12 20:00:00,94.8391759782988
2025-08-12 21:00:00,94.9578742431474
2025-08-12 22:00:00,95.74329500649
2025-08-12 23:00:00,96.7772646913729
2025-08-13 00:00:00,95.0687504229882
2025-08-13 01:00:00,94.2302203124166
2025-08-13 02:00:00,95.5329457531138
2025-08-13 03:00:00,96.9722267074054
2025-08-13 04:00:00,97.5363449458694
2025-08-13 05:00:00,95.9066481309311
2025-08-13 06:00:00,94.8056320074446
2025-08-13 07:00:00,94.3590171801584
2025-08-13 08:00:00,94.8063058480268
2025-08-13 11:00:00,93.9874981585729
2025-08-13 12:00:00,99.3669853256624
2025-08-13 13:00:00,96.57174489205
2025-08-13 14:00:00,98.2685762142841
2025-08-13 15:00:00,96.1545047528738
2025-08-13 16:00:00,95.4519201491125
2025-08-13 17:00:00,95.748675375978
2025-08-13 18:00:00,93.4377753299215
2025-08-13 19:00:00,96.9895770085982
2025-08-13 20:00:00,95.1913689081798
2025-08-13 21:00:00,97.1949791462346
2025-08-13 22:00:00,94.2009925133441
2025-08-13 23:00:00,94.7954342177175
2025-08-14 00:00:00,96.4413853677897
2025-08-14 01:00:00,96.9602544526103
2025-08-14 02:00:00,97.7745987462016
2025-08-14 03:00:00,96.8008074420378
2025-08-14 04:00:00,95.9683133943343
2025-08-14 05:00:00,94.4888356368441
2025-08-14 06:00:00,97.0454434842714
2025-08-14 07:00:00,96.0709507214275
2025-08-14 09:00:00,95.351611891331
2025-08-14 10:00:00,96.0567684049259
2025-08-14 11:00:00,100.131644554996
2025-08-14 19:00:00,96.6449280721912
2025-08-14 20:00:00,98.3328533325479
2025-08-14 21:00:00,100.432052491506
2025-08-14 22:00:00,96.9080529449646
2025-08-14 23:00:00,100.088056471446
2025-08-15 00:00:00,95.8800018823738
2025-08-15 01:00:00,96.9683782317307
2025-08-15 02:00:00,96.9867800930265
2025-08-15 03:00:00,96.9629228164102
2025-08-15 04:00:00,93.848479931026
2025-08-15 05:00:00,97.4081672207897
2025-08-15 07:00:00,97.1709607222427
2025-08-15 09:00:00,95.7820208073043
2025-08-15 10:00:00,96.2228380860969
2025-08-15 11:00:00,98.1119600949641
2025-08-15 12:00:00,97.0654332897649
2025-08-15 13:00:00,97.8615255646985
2025-08-15 14:00:00,96.6069203901798
2025-08-15 15:00:00,95.4813394519892
2025-08-15 16:00:00,97.2723732664668
2025-08-15 17:00:00,95.7182266103502
2025-08-15 18:00:00,94.5222086630358
2025-08-15 19:00:00,94.795188347201
2025-08-15 20:00:00,97.6485333660141
2025-08-15 21:00:00,93.7382300750597
2025-08-15 22:00:00,94.4053747295921
2025-08-15 23:00:00,99.8431965758689
2025-08-16 00:00:00,94.3039986233495
2025-08-16 01:00:00,94.5764172012463
2025-08-16 02:00:00,94.3069890172259
2025-08-16 03:00:00,90.2161824873112
2025-08-16 04:00:00,93.8506614607954
2025-08-16 05:00:00,95.8489412197602
2025-08-16 06:00:00,99.1039053950218
2025-08-16 07:00:00,94.1293623935261
2025-08-16 08:00:00,93.5672359115925
2025-08-16 09:00:00,94.207194098009
2025-08-16 10:00:00,95.802162586266
2025-08-16 11:00:00,92.903149975344
2025-08-16 12:00:00,97.2461019552805
2025-08-16 13:00:00,95.9122594587889
2025-08-16 14:00:00,99.535096365069
2025-08-16 15:00:00,98.1055290940379
2025-08-16 16:00:00,93.964631630744
2025-08-16 17:00:00,92.9498663034229
2025-08-16 18:00:00,98.5007616613147
2025-08-16 19:00:00,93.8871863878022
2025-08-16 20:00:00,98.4599590927044
2025-08-16 21:00:00,95.021788251482
2025-08-16 22:00:00,94.1334172765037
2025-08-16 23:00:00,93.4718023003712
2025-08-17 00:00:00,97.1524715274933
2025-08-17 01:00:00,95.1571878775468
2025-08-17 02:00:00,97.3630646056101
2025-08-17 03:00:00,99.0067819262325
2025-08-17 04:00:00,90.6547964929874
2025-08-17 05:00:00,98.8614453967467
2025-08-17 06:00:00,98.1354837083764
2025-08-17 07:00:00,94.6953661952439
2025-08-17 08:00:00,96.7811042992644
2025-08-17 09:00:00,95.8601977915469
2025-08-17 10:00:00,118.004809823767
2025-08-17 12:00:00,95.4219822269863
2025-08-17 13:00:00,96.5105913464894
2025-08-17 14:00:00,96.5534845918043
2025-08-17 15:00:00,95.8562717183348
2025-08-17 16:00:00,97.2117107526123
2025-08-17 17:00:00,92.9400419524003
2025-08-17 18:00:00,94.7519293399136
2025-08-17 19:00:00,95.5207963573271
2025-08-17 22:00:00,94.4859923563178
2025-08-17 23:00:00,95.9430524848211
2025-08-18 00:00:00,97.2008052823237
2025-08-18 01:00:00,99.7550371685243
2025-08-18 02:00:00,94.141464183549
2025-08-18 03:00:00,96.0030108940306
2025-08-18 04:00:00,98.0478841348458
2025-08-18 05:00:00,95.8070254227564
2025-08-18 06:00:00,98.4734228356189
2025-08-18 19:00:00,95.7558433788223
2025-08-18 20:00:00,97.0024413329141
2025-08-18 21:00:00,95.949883414044
2025-08-18 22:00:00,95.0829283328415
2025-08-18 23:00:00,94.361747236286
2025-08-19 00:00:00,94.7001020646284
2025-08-19 01:00:00,94.5055891530909
2025-08-19 02:00:00,93.3092943818771
2025-08-19 03:00:00,92.7760145562769
2025-08-19 04:00:00,96.2110260701891
2025-08-19 05:00:00,93.5977935981651
2025-08-19 06:00:00,95.9617129258272
2025-08-19 07:00:00,96.0058913731752
2025-08-19 08:00:00,94.8010037996442
2025-08-19 09:00:00,93.6557252116204
2025-08-19 10:00:00,94.3148512342738
2025-08-19 11:00:00,92.335825674405
2025-08-19 12:00:00,95.1026357875639
2025-08-19 13:00:00,96.5497186570571
2025-08-19 14:00:00,92.7789982868651
2025-08-19 15:00:00,98.1198016734481
2025-08-19 16:00:00,90.4532325313654
2025-08-19 17:00:00,95.6315232090304
2025-08-19 18:00:00,93.4629904931448
2025-08-19 19:00:00,95.9872771793807
2025-08-19 20:00:00,99.5931047920814
2025-08-19 21:00:00,92.5918680454152
2025-08-19 22:00:00,94.846485500879
2025-08-19 23:00:00,95.7279187782378
2025-08-20 00:00:00,94.4434195511824
2025-08-20 01:00:00,95.7966539192299
2025-08-20 02:00:00,93.2575527418003
2025-08-20 03:00:00,95.8956811415239
2025-08-20 04:00:00,96.3763886085473
2025-08-20 05:00:00,98.1092966801553
2025-08-20 06:00:00,95.3730120457125
2025-08-20 07:00:00,100.771691688378
2025-08-20 08:00:00,93.1221080254747
2025-08-20 09:00:00,93.6948654940552
2025-08-20 10:00:00,94.0610786314473
2025-08-20 11:00:00,95.6775905581275
2025-08-20 13:00:00,91.8607982915865
2025-08-20 14:00:00,95.3687221324277
2025-08-20 15:00:00,98.4326630958256
2025-08-20 16:00:00,91.82238036403
2025-08-20 17:00:00,92.7259738536806
2025-08-20 18:00:00,96.7053985409213
2025-08-20 19:00:00,97.250220465589
2025-08-20 20:00:00,97.8025717318575
2025-08-20 21:00:00,93.0724669647013
2025-08-20 22:00:00,94.0967815304641
2025-08-20 23:00:00,96.9155550796223
2025-08-21 00:00:00,98.1725070915286
2025-08-21 01:00:00,92.9286856370097
2025-08-21 02:00:00,94.013803019264
2025-08-21 03:00:00,96.4122736340298
2025-08-21 04:00:00,96.6794529341165
2025-08-21 05:00:00,93.5120843997976
2025-08-21 06:00:00,95.5606429607009
2025-08-21 07:00:00,95.5254978636266
2025-08-21 08:00:00,98.8355160083961
2025-08-21 09:00:00,94.5559048464585
2025-08-21 10:00:00,96.1849789769771
2025-08-21 11:00:00,94.2508368668733
2025-08-21 12:00:00,93.6652357887872
2025-08-21 13:00:00,97.4952142162166
2025-08-21 14:00:00,96.8702315066168
2025-08-21 15:00:00,96.0545794005123
2025-08-21 16:00:00,91.9593040884285
2025-08-21 17:00:00,99.7543419663967
2025-08-21 18:00:00,89.5659120244001
2025-08-21 19:00:00,96.8724376607053
2025-08-21 20:00:00,93.6793616728835
2025-08-21 21:00:00,96.2422508999587
2025-08-21 22:00:00,95.4806206480767
2025-08-21 23:00:00,97.485077186777
2025-08-22 00:00:00,94.4349574677272
2025-08-22 01:00:00,95.7818178080951
2025-08-22 02:00:00,96.14225996779
2025-08-22 03:00:00,92.7118143993571
2025-08-22 04:00:00,95.3743844255853
2025-08-22 05:00:00,96.6870780619305
2025-08-22 06:00:00,96.1840098753636
2025-08-22 07:00:00,97.0447848469222
2025-08-22 08:00:00,96.2981546274311
2025-08-22 09:00:00,95.3942055299598
2025-08-22 10:00:00,94.7149034878946
2025-08-22 22:00:00,96.8379132128782
2025-08-23 00:00:00,95.2029799348703
2025-08-23 01:00:00,99.0976389592263
2025-08-23 02:00:00,97.8043288018221
2025-08-23 03:00:00,97.6347431987975
2025-08-23 04:00:00,97.4421306874781
2025-08-23 06:00:00,95.4528064908344
2025-08-23 07:00:00,73.8627555184149
2025-08-23 09:00:00,98.9912776672131
2025-08-23 12:00:00,94.7620032080364
2025-08-23 16:00:00,96.9027133482266
2025-08-23 17:00:00,93.7536499757624
2025-08-23 18:00:00,94.1877175263076
2025-08-23 19:00:00,92.7843748758236
2025-08-23 20:00:00,95.96889582906
2025-08-23 21:00:00,93.6532483112719
2025-08-23 22:00:00,96.8044917177537
2025-08-23 23:00:00,94.9496184521357
2025-08-24 00:00:00,96.4681069238862
2025-08-24 01:00:00,94.7703811223468
2025-08-24 02:00:00,96.443715197788
2025-08-24 03:00:00,111.08827414666
2025-08-24 04:00:00,97.7320465920445
2025-08-24 05:00:00,93.4145406008804
2025-08-24 06:00:00,93.7650413412442
2025-08-24 08:00:00,92.2973059314246
2025-08-24 09:00:00,96.7492736860732
2025-08-24 10:00:00,97.5333859811315
2025-08-24 11:00:00,97.3187492072013
2025-08-24 12:00:00,94.4611517834664
2025-08-24 13:00:00,95.8589910831549
2025-08-24 14:00:00,93.8457280766614
2025-08-24 15:00:00,94.2269770734418
2025-08-24 17:00:00,92.5930582965367
2025-08-24 18:00:00,92.9747118927062
2025-08-24 19:00:00,95.8781602939726
2025-08-24 22:00:00,93.8964723708696
2025-08-24 23:00:00,92.2326304287496
2025-08-25 00:00:00,98.6874411893154
2025-08-25 01:00:00,97.1360112083542
2025-08-25 02:00:00,93.6961225970271
2025-08-25 03:00:00,93.2535510872291
2025-08-25 04:00:00,96.6355931427799
2025-08-25 05:00:00,94.203601338881
2025-08-25 06:00:00,94.5204058510475
2025-08-25 08:00:00,97.1128651787126
2025-08-25 09:00:00,91.0838795238736
2025-08-25 11:00:00,93.7231924971796
2025-08-25 12:00:00,94.4108734229346
2025-08-25 13:00:00,94.7666789317673
2025-08-25 14:00:00,94.2877765910012
2025-08-25 15:00:00,93.3425489692447
2025-08-25 16:00:00,97.3353971357016
2025-08-25 17:00:00,96.9975241685629
2025-08-25 20:00:00,96.691004507863
2025-08-25 21:00:00,93.7687167652575
2025-08-25 22:00:00,93.3808386941919
2025-08-25 23:00:00,93.2851663576485
2025-08-26 00:00:00,95.4997255285785
2025-08-26 01:00:00,92.4404079642664
2025-08-26 02:00:00,91.9115100397774
2025-08-26 03:00:00,95.0640441513964
2025-08-26 04:00:00,93.7745453780157
2025-08-26 05:00:00,98.6762135120671
2025-08-26 06:00:00,96.1266277464167
2025-08-26 07:00:00,93.9283360628
2025-08-26 08:00:00,92.5639425951318
2025-08-26 10:00:00,92.8787977127422
2025-08-26 11:00:00,94.3109398357695
2025-08-26 12:00:00,93.6178698761203
2025-08-26 13:00:00,93.6253717228367
2025-08-26 14:00:00,93.5109792039569
2025-08-26 15:00:00,93.1524521875453
2025-08-26 16:00:00,95.0124115887403
2025-08-26 17:00:00,98.237632610038
2025-08-26 18:00:00,90.8435955163936
2025-08-26 19:00:00,94.0812481849912
2025-08-26 20:00:00,97.1449800488561
2025-08-26 21:00:00,93.6165914917296
2025-08-26 22:00:00,92.4582187024531
2025-08-26 23:00:00,94.5635925199473
2025-08-27 00:00:00,91.9458664164912
2025-08-27 01:00:00,95.0039695290177
2025-08-27 02:00:00,94.8956460910408
2025-08-27 03:00:00,95.5202928357756
2025-08-27 04:00:00,92.7935713902826
2025-08-27 05:00:00,92.7829330081929
2025-08-27 06:00:00,94.2972061297963
2025-08-27 07:00:00,92.7413256242577
2025-08-27 08:00:00,91.0868642726069
2025-08-27 09:00:00,91.5531525842361
2025-08-27 10:00:00,94.4377470811586
2025-08-27 11:00:00,96.7048271837895
2025-08-27 12:00:00,94.7263819411421
2025-08-27 13:00:00,96.3858360007393
2025-08-27 14:00:00,96.0465433521975
2025-08-27 15:00:00,94.3124744318039
2025-08-27 16:00:00,95.3448033730464
2025-08-27 17:00:00,96.5374328410612
2025-08-27 18:00:00,95.368519664969
2025-08-27 19:00:00,100.354040930111
2025-08-27 20:00:00,94.607857643757
2025-08-27 21:00:00,96.9713931450703
2025-08-27 22:00:00,94.8672011131798
2025-08-27 23:00:00,93.5773908829566
2025-08-28 00:00:00,93.8483024054636
2025-08-28 01:00:00,95.6401456127552
2025-08-28 02:00:00,93.1086129668325
2025-08-28 03:00:00,94.970651417726
2025-08-28 04:00:00,93.8052788319577
2025-08-28 05:00:00,94.933265379236
2025-08-28 06:00:00,95.6896628676495
2025-08-28 07:00:00,95.7921735532112
2025-08-28 08:00:00,93.6329860076331
2025-08-28 09:00:00,92.722848877865
2025-08-28 10:00:00,91.9102922708756
2025-08-28 11:00:00,97.2823415880377
2025-08-28 12:00:00,92.3590849900428
2025-08-28 13:00:00,98.9983442418128
2025-08-28 14:00:00,95.2816720542116
2025-08-28 15:00:00,97.1069116952455
2025-08-28 16:00:00,95.2071230008354
2025-08-28 17:00:00,94.117193889513
2025-08-28 18:00:00,93.5427865467062
2025-08-28 19:00:00,95.0878473919526
2025-08-28 20:00:00,92.896924169061
2025-08-28 21:00:00,97.6596237439733
2025-08-29 11:00:00,92.4591262063713
2025-08-29 12:00:00,93.4895117259832
2025-08-29 13:00:00,95.5593086085159
2025-08-29 14:00:00,95.6721531005212
2025-08-29 15:00:00,94.2398341725102
2025-08-29 16:00:00,93.3825786357481
2025-08-29 17:00:00,94.6640370254391
2025-08-29 18:00:00,94.5148988589559
2025-08-29 19:00:00,92.8602401903173
2025-08-29 20:00:00,93.7714692637715
2025-08-29 21:00:00,94.8460102845181
2025-08-29 22:00:00,94.9665406837363
2025-08-29 23:00:00,92.8732072616075
2025-08-30 00:00:00,89.5812734240585
2025-08-30 01:00:00,93.7990761447613
2025-08-30 02:00:00,94.6164878910828
2025-08-30 03:00:00,99.092891489138
2025-08-30 04:00:00,94.8118436437935
2025-08-30 05:00:00,92.8003092214124
2025-08-30 06:00:00,97.5540267778348
2025-08-30 07:00:00,93.9681241960052
2025-08-30 08:00:00,93.233765196225
2025-08-30 09:00:00,94.6652786436681
2025-08-30 10:00:00,89.7191436974909
2025-08-30 11:00:00,95.0792695810204
2025-08-30 12:00:00,94.1373095469131
2025-08-30 13:00:00,95.7278131187056
2025-08-30 14:00:00,96.242921746176
2025-08-30 15:00:00,95.8163538223793
2025-08-30 16:00:00,93.6272588437136
2025-08-30 17:00:00,93.6061772081624
2025-08-30 18:00:00,102.452300190082
2025-08-30 19:00:00,97.0460332836514
2025-08-30 20:00:00,95.4240232140026
2025-08-30 21:00:00,95.5253345043804
2025-08-30 22:00:00,94.6346989903581
2025-08-30 23:00:00,94.3233946914042
2025-08-31 00:00:00,91.6886359401459
2025-08-31 01:00:00,93.88736523304
2025-08-31 02:00:00,94.834328532169
2025-08-31 03:00:00,96.1852270516187
2025-08-31 04:00:00,92.4608134486744
2025-08-31 05:00:00,93.9076358577268
2025-08-31 06:00:00,91.2622720552408
2025-08-31 07:00:00,92.8906853300444
2025-08-31 09:00:00,95.1982176261101
2025-08-31 10:00:00,93.9365935422079
2025-08-31 11:00:00,91.9841238592891
2025-08-31 12:00:00,93.5499396200385
2025-08-31 13:00:00,92.4944266677235
2025-08-31 14:00:00,93.4421649402072
2025-08-31 15:00:00,94.5059991999328
2025-08-31 16:00:00,91.813793567769
2025-08-31 17:00:00,92.3065220707967
2025-08-31 18:00:00,92.2048988450401
2025-08-31 19:00:00,93.0871079727589
2025-08-31 21:00:00,95.5287240570085
2025-08-31 22:00:00,93.0890209659743
2025-08-31 23:00:00,94.9477029749527
2025-09-01 00:00:00,
2025-09-01 01:00:00,
2025-09-01 02:00:00,
2025-09-01 03:00:00,
2025-09-01 04:00:00,
2025-09-01 05:00:00,
2025-09-01 06:00:00,
2025-09-01 07:00:00,
2025-09-01 10:00:00,
2025-09-01 11:00:00,
2025-09-01 12:00:00,
2025-09-01 13:00:00,
2025-09-01 15:00:00,
2025-09-01 17:00:00,
2025-09-01 18:00:00,
2025-09-01 19:00:00,
2025-09-01 21:00:00,
2025-09-01 22:00:00,
2025-09-01 23:00:00,
2025-09-02 00:00:00,100.15132641839
2025-09-02 01:00:00,100.12645765545
2025-09-02 02:00:00,100.091987041526
2025-09-02 03:00:00,99.5848929389412
2025-09-02 04:00:00,99.7905608386725
2025-09-02 05:00:00,100.83812018242
2025-09-02 06:00:00,99.7806120538688
2025-09-02 08:00:00,100.284972391047
2025-09-02 13:00:00,99.9437713370084
2025-09-02 14:00:00,99.4763306314689
2025-09-02 15:00:00,96.5841039878366
2025-09-02 16:00:00,99.8864238900962
2025-09-02 17:00:00,99.9676759832152
2025-09-02 18:00:00,99.7804060196244
2025-09-02 19:00:00,99.6706645580982
2025-09-02 20:00:00,100.463876044375
2025-09-02 21:00:00,99.9544093281897
2025-09-02 22:00:00,99.9220143956805
2025-09-02 23:00:00,99.5960292542218
2025-09-03 00:00:00,99.3184232019682
2025-09-03 01:00:00,100.140987677685
2025-09-03 02:00:00,99.9108339094248
2025-09-03 03:00:00,99.6509102184138
2025-09-03 04:00:00,99.1820610065326
2025-09-03 05:00:00,99.3586682408158
2025-09-03 06:00:00,99.4128119748769
2025-09-03 07:00:00,99.6771824322385
2025-09-03 08:00:00,99.6156153314456
2025-09-03 09:00:00,99.841115536939
2025-09-03 10:00:00,99.5471864787307
2025-09-03 11:00:00,99.9599941560022
2025-09-03 12:00:00,99.6462333609284
2025-09-03 13:00:00,99.4571455775749
2025-09-03 14:00:00,99.7614452241919
2025-09-03 15:00:00,99.5659210316538
2025-09-03 16:00:00,99.5582330718057
2025-09-03 17:00:00,100.39321475282
2025-09-03 18:00:00,99.8893924917892
2025-09-03 19:00:00,99.5756521807852
2025-09-03 20:00:00,99.8091349806611
2025-09-03 21:00:00,99.573179407547
2025-09-03 22:00:00,99.4992919997775
2025-09-03 23:00:00,99.3499651455501
2025-09-04 00:00:00,98.7759575403366
2025-09-04 01:00:00,98.9447290167409
2025-09-04 02:00:00,99.3149644594854
2025-09-04 03:00:00,99.3180002996798
2025-09-04 04:00:00,99.3748701277483
2025-09-04 05:00:00,99.3236397932985
2025-09-04 06:00:00,99.1518470538819
2025-09-04 07:00:00,99.1015834630062
2025-09-04 08:00:00,98.8904334084744
2025-09-04 10:00:00,98.9839529285617
2025-09-04 11:00:00,99.0279623989871
2025-09-04 12:00:00,99.6129243645894
2025-09-04 13:00:00,99.4278382375157
2025-09-04 14:00:00,98.8350625322559
2025-09-04 15:00:00,99.1583330780927
2025-09-04 16:00:00,99.6475628220542
2025-09-04 17:00:00,98.8350801992933
2025-09-04 18:00:00,98.654327585352
2025-09-04 19:00:00,99.4284439212679
2025-09-04 20:00:00,99.1538722717585
2025-09-04 21:00:00,98.8308661906387
2025-09-04 22:00:00,99.2663788820811
2025-09-04 23:00:00,99.5683563924886
2025-09-05 00:00:00,98.7369649581529
2025-09-05 01:00:00,98.4386088406698
2025-09-05 02:00:00,98.1626397946836
2025-09-05 03:00:00,98.5826010548848
2025-09-05 04:00:00,98.7070079737041
2025-09-05 05:00:00,97.4608959344064
2025-09-05 06:00:00,97.7652809271792
2025-09-05 08:00:00,97.8394723767752
2025-09-05 10:00:00,97.2035233289435
2025-09-05 11:00:00,98.3558908117007
2025-09-05 12:00:00,97.8347441498421
2025-09-05 13:00:00,97.746783964276
2025-09-05 14:00:00,98.18718560924
2025-09-05 15:00:00,96.0354067204566
2025-09-05 16:00:00,97.9246961376342
2025-09-05 17:00:00,97.5646570880647
2025-09-05 18:00:00,97.9111777216801
2025-09-05 20:00:00,98.3208297439313
2025-09-06 09:00:00,98.4055779248718
2025-09-06 10:00:00,97.5007400278839
2025-09-06 11:00:00,97.532810205727
2025-09-06 12:00:00,98.4682283100366
2025-09-06 13:00:00,96.6816506790989
2025-09-06 14:00:00,98.4986663940467
2025-09-06 15:00:00,98.0835431761946
2025-09-06 16:00:00,98.5689452443185
2025-09-06 17:00:00,97.239252381829
2025-09-06 18:00:00,97.477720356613
2025-09-06 19:00:00,96.7697858459332
2025-09-06 20:00:00,97.8842132917686
2025-09-06 21:00:00,97.8078183396691
2025-09-06 22:00:00,96.925465647763
2025-09-06 23:00:00,96.9262070079293
2025-09-07 00:00:00,95.632813538208
2025-09-07 01:00:00,97.2386572684776
2025-09-07 02:00:00,96.5842436420667
2025-09-07 03:00:00,97.7166006719684
2025-09-07 04:00:00,97.8375261177252
2025-09-07 05:00:00,97.5096431643441
2025-09-07 06:00:00,97.5619837030932
2025-09-07 07:00:00,97.2717657760956
2025-09-07 08:00:00,96.6758090121953
2025-09-07 09:00:00,96.789300588153
2025-09-07 10:00:00,96.3485263872618
2025-09-07 11:00:00,96.3592750934741
2025-09-07 12:00:00,97.540512985752
2025-09-07 13:00:00,96.9728546494328
2025-09-07 14:00:00,96.7434992562669
2025-09-07 15:00:00,97.2725234138745
2025-09-07 16:00:00,97.9278998893921
2025-09-07 17:00:00,97.4811912953976
2025-09-07 18:00:00,98.6901942619612
2025-09-07 19:00:00,98.175739203265
2025-09-07 20:00:00,96.0066669018059
2025-09-07 21:00:00,97.7141694204191
2025-09-07 22:00:00,96.8860346502013
2025-09-07 23:00:00,96.1932930439862
2025-09-08 00:00:00,98.2518321676158
2025-09-08 01:00:00,97.4156576235719
2025-09-08 02:00:00,96.9924077059548
2025-09-08 03:00:00,98.2659466285324
2025-09-08 04:00:00,98.2686092250748
2025-09-08 05:00:00,98.549078111014
2025-09-08 07:00:00,96.0476150287076
2025-09-08 08:00:00,98.2782996231382
2025-09-08 09:00:00,97.4325411896771
2025-09-08 11:00:00,97.7610154950776
2025-09-08 12:00:00,96.3574275258837
2025-09-08 13:00:00,96.7356994495539
2025-09-08 14:00:00,96.8496320791971
2025-09-08 15:00:00,97.8320919143986
2025-09-08 16:00:00,97.7050550181376
2025-09-08 17:00:00,96.4069806552146
2025-09-08 18:00:00,96.4534468247018
2025-09-08 19:00:00,96.0776211275105
2025-09-08 20:00:00,97.7734977660034
2025-09-08 21:00:00,98.333397901714
2025-09-08 22:00:00,97.6768665517062
2025-09-08 23:00:00,98.2476272697973
2025-09-09 00:00:00,95.0060784530977
2025-09-09 01:00:00,96.3895117570376
2025-09-09 02:00:00,96.5359305905708
2025-09-09 10:00:00,96.461077199463
2025-09-09 11:00:00,96.3291107799186
2025-09-09 12:00:00,96.0552592578229
2025-09-09 13:00:00,96.1480659382572
2025-09-09 14:00:00,96.2763562757763
2025-09-09 15:00:00,96.5236480735622
2025-09-09 16:00:00,96.23823166404
2025-09-09 17:00:00,95.3654726199899
2025-09-09 18:00:00,97.5431313773922
2025-09-09 19:00:00,96.9293545074822
2025-09-09 20:00:00,96.3995909704487
2025-09-09 21:00:00,94.9171091571838
2025-09-09 22:00:00,95.9574431688479
2025-09-09 23:00:00,96.2984422088025
2025-09-10 00:00:00,96.7982514706959
2025-09-10 01:00:00,95.1196416256476
2025-09-10 02:00:00,94.6735580543272
2025-09-10 03:00:00,96.9094821068825
2025-09-10 04:00:00,96.6681552036973
2025-09-10 05:00:00,96.9215154982623
2025-09-10 06:00:00,96.7107456204106
2025-09-10 07:00:00,95.7617376771485
2025-09-10 08:00:00,94.8198723564586
2025-09-10 09:00:00,96.815606438239
2025-09-10 10:00:00,96.1273513194369
2025-09-10 11:00:00,96.3497669221828
2025-09-10 12:00:00,96.3808552250754
2025-09-10 13:00:00,96.2405784425688
2025-09-10 14:00:00,96.1442184543837
2025-09-10 15:00:00,95.9525249124379
2025-09-10 16:00:00,95.7581211776656
2025-09-11 05:00:00,96.3860010023419
2025-09-11 06:00:00,96.0133683580355
2025-09-11 07:00:00,96.1757764667843
2025-09-11 08:00:00,96.7137531843689
2025-09-11 09:00:00,95.1530232993955
2025-09-11 10:00:00,96.472585733763
2025-09-11 11:00:00,96.2338685801249
2025-09-11 12:00:00,95.936749329521
2025-09-11 13:00:00,95.8284971485101
2025-09-11 14:00:00,96.0361252581689
2025-09-11 15:00:00,96.2076790097147
2025-09-11 16:00:00,95.1175548833878
2025-09-11 17:00:00,96.0469903854179
2025-09-11 18:00:00,96.3366250706637
2025-09-11 19:00:00,96.5668075540962
2025-09-11 20:00:00,96.1122351618027
2025-09-11 21:00:00,96.8605283361546
2025-09-11 22:00:00,96.7320394400306
2025-09-11 23:00:00,95.1933562319676
2025-09-12 00:00:00,95.413825886406
2025-09-12 01:00:00,95.7210704766716
2025-09-12 02:00:00,96.4213616827382
2025-09-12 03:00:00,95.4298869770859
2025-09-12 04:00:00,94.9399879688765
2025-09-12 05:00:00,95.6516668004034
2025-09-12 06:00:00,95.95417158109
2025-09-12 07:00:00,95.8446349576014
2025-09-12 08:00:00,96.9256557739422
2025-09-12 10:00:00,96.4629400371786
2025-09-12 11:00:00,96.8195695895104
2025-09-12 12:00:00,96.2545230489333
2025-09-12 13:00:00,95.2721551018207
2025-09-12 14:00:00,97.1131320634309
2025-09-12 15:00:00,96.3347394201118
2025-09-12 16:00:00,95.2626205293205
2025-09-12 17:00:00,95.1563056531741
2025-09-12 18:00:00,96.2788448762322
2025-09-12 19:00:00,95.9714030885946
2025-09-12 20:00:00,96.8585770677222
2025-09-12 21:00:00,96.8513872811709
2025-09-12 22:00:00,96.7591240621299
2025-09-12 23:00:00,95.8076989985448
2025-09-13 00:00:00,96.0159077534117
2025-09-13 01:00:00,95.6809610416985
2025-09-13 02:00:00,96.2486830033463
2025-09-13 03:00:00,95.3992596761871
2025-09-13 04:00:00,95.8526990142522
2025-09-13 05:00:00,94.8494515092603
2025-09-13 06:00:00,95.910405974557
2025-09-13 07:00:00,97.1229241168244
2025-09-13 08:00:00,94.9143769963473
2025-09-13 10:00:00,94.6751357678199
2025-09-13 11:00:00,96.4015433975333
2025-09-13 12:00:00,95.9556535944901
2025-09-13 13:00:00,95.3852402165171
2025-09-13 14:00:00,96.0008248809505
2025-09-13 15:00:00,95.0972764860785
2025-09-13 16:00:00,96.2765649618187
2025-09-13 17:00:00,94.2821838380562
2025-09-13 18:00:00,95.6269854510229
2025-09-13 19:00:00,95.0156827895936
2025-09-13 20:00:00,95.1361451522416
2025-09-13 21:00:00,95.7718923983071
2025-09-13 22:00:00,95.0904605138823
2025-09-13 23:00:00,96.3415400038304
2025-09-14 00:00:00,94.3117565124027
2025-09-14 01:00:00,94.9825189926395
2025-09-14 02:00:00,95.5328998547718
2025-09-14 03:00:00,96.0707639751589
2025-09-14 04:00:00,95.2055004901767
2025-09-14 05:00:00,95.5494305247411
2025-09-14 06:00:00,95.6363514936276
2025-09-14 07:00:00,94.7988704420217
2025-09-14 08:00:00,95.646735014681
2025-09-14 09:00:00,95.0830045063412
2025-09-14 10:00:00,94.6147670869362
2025-09-14 11:00:00,94.1238276698174
2025-09-14 12:00:00,94.9884086161674
2025-09-14 13:00:00,94.9649365937549
2025-09-14 14:00:00,94.6761791247739
2025-09-14 15:00:00,94.3388031080798
2025-09-14 16:00:00,94.8408218005285
2025-09-14 17:00:00,94.4343504883944
2025-09-14 18:00:00,94.7652665293189
2025-09-14 19:00:00,
2025-09-15 06:00:00,
2025-09-15 07:00:00,
2025-09-15 08:00:00,94.1116889268022
2025-09-15 09:00:00,93.9435085639146
2025-09-15 10:00:00,92.7229305303677
2025-09-15 11:00:00,94.0676495557164
2025-09-15 12:00:00,93.6522259043722
2025-09-15 13:00:00,93.8634060104172
2025-09-15 14:00:00,93.5604773162326
2025-09-15 15:00:00,94.385525184721
2025-09-15 16:00:00,94.3249244722489
2025-09-15 17:00:00,94.3501324802074
2025-09-15 18:00:00,95.1812100916332
2025-09-15 19:00:00,93.5237090097234
2025-09-15 20:00:00,94.23307461863
2025-09-15 21:00:00,93.6891255707793
2025-09-15 22:00:00,94.8537965032481
2025-09-15 23:00:00,94.5377254398355
2025-09-16 00:00:00,93.5750522869076
2025-09-16 01:00:00,92.9348900041427
2025-09-16 02:00:00,92.8388269144171
2025-09-16 03:00:00,94.4558750159611
2025-09-16 04:00:00,93.6859922202886
2025-09-16 05:00:00,93.5219319984401
2025-09-16 06:00:00,93.9951197525748
2025-09-16 07:00:00,94.6187175865276
2025-09-16 08:00:00,93.3061189756012
2025-09-16 09:00:00,93.2940375285364
2025-09-16 10:00:00,93.2890237155959
2025-09-16 11:00:00,94.0409342810063
2025-09-16 12:00:00,93.9114647470723
2025-09-16 13:00:00,92.92545028793
2025-09-16 14:00:00,94.7809797298312
2025-09-16 15:00:00,93.5502506158756
2025-09-16 16:00:00,93.0728548835163
2025-09-16 17:00:00,94.0479967183879
2025-09-16 18:00:00,93.4906906202123
2025-09-16 19:00:00,94.6491964298566
2025-09-16 20:00:00,94.411639626623
2025-09-16 21:00:00,93.8012266605499
2025-09-16 22:00:00,93.4041081726241
2025-09-16 23:00:00,93.1469454322545
2025-09-17 00:00:00,91.0866552724195
2025-09-17 01:00:00,93.3618177554628
2025-09-17 02:00:00,93.7650882412601
2025-09-17 03:00:00,92.9055062304998
2025-09-17 04:00:00,92.4827057791657
2025-09-17 05:00:00,93.8187030695629
2025-09-17 06:00:00,94.1591875346828
2025-09-17 07:00:00,92.8382423551288
2025-09-17 08:00:00,93.5686746737707
2025-09-17 09:00:00,93.1717944290303
2025-09-17 10:00:00,92.2963305816726
2025-09-17 11:00:00,93.2960117048369
2025-09-17 12:00:00,92.8024204181263
2025-09-17 13:00:00,93.3302510947332
2025-09-17 14:00:00,92.7171737688407
2025-09-17 15:00:00,93.566635436391
2025-09-17 16:00:00,93.1877683382186
2025-09-17 17:00:00,92.3839158596412
2025-09-17 18:00:00,92.3399873840764
2025-09-17 19:00:00,92.9658111232075
2025-09-17 20:00:00,94.0296314686073
2025-09-17 21:00:00,92.6525102539973
2025-09-17 22:00:00,93.6680606696816
2025-09-17 23:00:00,93.7758181715459
2025-09-18 00:00:00,93.3130063454467
2025-09-18 01:00:00,92.4150253141318
2025-09-18 02:00:00,92.6732004199894
2025-09-18 03:00:00,91.797405520885
2025-09-18 04:00:00,92.5192937841666
2025-09-18 05:00:00,91.7355728761825
2025-09-18 06:00:00,92.1198220663234
2025-09-18 07:00:00,92.8267891205407
2025-09-18 08:00:00,93.4529296693665
2025-09-18 09:00:00,92.7121799014212
2025-09-18 10:00:00,85.8883846738549
2025-09-18 11:00:00,92.5424966967029
2025-09-18 12:00:00,92.948999397801
2025-09-18 13:00:00,93.0236048462592
2025-09-18 14:00:00,91.6488150490847
2025-09-18 15:00:00,93.8700085046617
2025-09-18 16:00:00,92.7761213951014
2025-09-18 17:00:00,93.5967908416142
2025-09-18 18:00:00,92.0751738022007
2025-09-18 19:00:00,93.2059482706922
2025-09-18 20:00:00,92.6221447103845
2025-09-18 22:00:00,92.4619428190782
2025-09-19 08:00:00,93.0117061615689
2025-09-19 09:00:00,91.9907974130988
2025-09-19 10:00:00,91.2188208433215
2025-09-19 11:00:00,92.2933291864387
2025-09-19 12:00:00,93.137011285416
2025-09-19 13:00:00,92.0871321884274
2025-09-19 14:00:00,91.1037740864791
2025-09-19 15:00:00,81.7130706392795
2025-09-19 16:00:00,92.3266300623756
2025-09-19 17:00:00,92.5900915478265
2025-09-19 18:00:00,91.5129187990457
2025-09-19 19:00:00,92.5651923724761
2025-09-19 20:00:00,92.5996778065932
2025-09-19 21:00:00,91.7158089617385
2025-09-19 22:00:00,91.9010983434516
2025-09-19 23:00:00,91.271374053433
2025-09-20 00:00:00,91.3723298645524
2025-09-20 01:00:00,91.4196797011416
2025-09-20 02:00:00,91.8672596932865
2025-09-20 03:00:00,91.9807287653861
2025-09-20 04:00:00,92.6745151112398
2025-09-20 05:00:00,92.2177660007156
2025-09-20 06:00:00,91.3069905039654
2025-09-20 08:00:00,70.5969151146358
2025-09-20 10:00:00,90.9211560075095
2025-09-20 11:00:00,91.9223433231415
2025-09-20 12:00:00,91.6001717012701
2025-09-20 13:00:00,91.7358551574373
2025-09-20 14:00:00,91.326129911456
2025-09-20 15:00:00,91.6215766411907
2025-09-20 16:00:00,93.0029843252085
2025-09-20 17:00:00,91.2426877650397
2025-09-20 18:00:00,92.1489327828095
2025-09-20 19:00:00,91.6101146027293
2025-09-20 20:00:00,91.6820420016946
2025-09-20 21:00:00,91.7833127139568
2025-09-20 22:00:00,91.9602711258031
2025-09-20 23:00:00,91.6511284071048
2025-09-21 00:00:00,91.9935355173093
2025-09-21 01:00:00,90.873078760427
2025-09-21 02:00:00,91.0095519006497
2025-09-21 03:00:00,91.5744527535937
2025-09-21 04:00:00,90.6938611424194
2025-09-21 05:00:00,90.1243663281962
2025-09-21 06:00:00,91.754072050577
2025-09-21 07:00:00,104.173431136512
2025-09-21 08:00:00,91.2774380428524
2025-09-21 09:00:00,91.0541986727119
2025-09-21 10:00:00,90.3104553385771
2025-09-21 11:00:00,91.3301436094073
2025-09-21 12:00:00,90.2931631580095
2025-09-21 13:00:00,91.5115938165932
2025-09-21 14:00:00,91.1825417479125
2025-09-21 15:00:00,91.5303581214955
2025-09-21 16:00:00,90.2532282277093
2025-09-21 17:00:00,90.4293743745111
2025-09-21 18:00:00,90.2016644334787
2025-09-21 19:00:00,91.3701785851994
2025-09-21 20:00:00,90.3985796111778
2025-09-21 21:00:00,91.7131606494678
2025-09-21 22:00:00,90.53311931836
2025-09-21 23:00:00,90.0974695678794
2025-09-22 00:00:00,90.4452198487971
2025-09-22 01:00:00,
2025-09-22 02:00:00,
2025-09-22 03:00:00,
2025-09-22 04:00:00,90.4790724204476
2025-09-22 05:00:00,91.0277421217375
2025-09-22 06:00:00,91.0768641964703
2025-09-22 07:00:00,88.8047506643548
2025-09-22 08:00:00,90.7466131993885
2025-09-22 09:00:00,89.9787598818132
2025-09-22 10:00:00,89.5963779468761
2025-09-22 11:00:00,91.12120364903
2025-09-22 12:00:00,89.906359243205
2025-09-22 13:00:00,90.807810946273
2025-09-22 14:00:00,89.7753273597468
2025-09-22 15:00:00,80.6038938885205
2025-09-22 16:00:00,91.1485572794673
2025-09-22 17:00:00,90.1355236869172
2025-09-22 18:00:00,89.9220913760829
2025-09-22 19:00:00,90.3577227983085
2025-09-22 20:00:00,91.8976343034736
2025-09-22 21:00:00,89.7495434205848
2025-09-22 22:00:00,90.1935984535707
2025-09-22 23:00:00,91.0615055369575
2025-09-23 00:00:00,90.5320312180311
2025-09-23 10:00:00,90.2832964999518
2025-09-23 11:00:00,87.4998597099117
2025-09-23 12:00:00,90.4532435478235
2025-09-23 13:00:00,89.7749755283874
2025-09-23 14:00:00,89.7254441148287
2025-09-23 15:00:00,90.2614972862671
2025-09-23 16:00:00,89.5228592349779
2025-09-23 17:00:00,88.3684810617135
2025-09-23 18:00:00,90.6123481290902
2025-09-23 19:00:00,90.2678388973478
2025-09-23 20:00:00,90.3239906459845
2025-09-23 21:00:00,89.0664323822101
2025-09-23 22:00:00,90.2354397251304
2025-09-23 23:00:00,90.1067619344849
2025-09-24 00:00:00,89.222509649593
2025-09-24 01:00:00,88.9196242543111
2025-09-24 02:00:00,89.5744671634129
2025-09-24 03:00:00,89.7623674782668
2025-09-24 04:00:00,88.2205734424963
2025-09-24 05:00:00,89.2857071221108
2025-09-24 06:00:00,89.1845721700129
2025-09-24 07:00:00,89.1178019274573
2025-09-24 08:00:00,90.136542073488
2025-09-24 09:00:00,90.3751629891098
2025-09-24 10:00:00,88.553686686585
2025-09-24 11:00:00,88.9884846382875
2025-09-24 12:00:00,88.5134386708645
2025-09-24 13:00:00,89.4314942329477
2025-09-24 14:00:00,89.4267867853097
2025-09-24 15:00:00,89.0206757872276
2025-09-24 16:00:00,89.84806539441
2025-09-24 17:00:00,90.1991003533774
2025-09-24 18:00:00,89.4501249447817
2025-09-24 19:00:00,87.8169262924118
2025-09-24 20:00:00,90.1052817621548
2025-09-24 21:00:00,90.5976638504108
2025-09-24 22:00:00,89.1659902229677
2025-09-25 12:00:00,88.6652438758866
2025-09-25 13:00:00,89.4333357066087
2025-09-25 14:00:00,88.9518549604653
2025-09-25 15:00:00,89.0414244233367
2025-09-25 16:00:00,88.8640818880425
2025-09-25 17:00:00,87.9476826295532
2025-09-25 18:00:00,88.6212099756117
2025-09-25 19:00:00,87.3932146397057
2025-09-25 20:00:00,88.2186415008667
2025-09-25 21:00:00,88.4287297184549
2025-09-25 22:00:00,88.3717156820651
2025-09-25 23:00:00,89.8286629992288
2025-09-26 00:00:00,89.0570252984917
2025-09-26 01:00:00,88.4712003647296
2025-09-26 02:00:00,70.8056722862212
2025-09-26 03:00:00,88.6771520729513
2025-09-26 04:00:00,88.6799240092803
2025-09-26 05:00:00,88.9923936631372
2025-09-26 06:00:00,89.5981657690795
2025-09-26 07:00:00,87.765769169463
2025-09-26 09:00:00,87.7722071173888
2025-09-26 10:00:00,88.4896079321807
2025-09-26 11:00:00,88.2791827882373
2025-09-26 12:00:00,87.4606928598663
2025-09-26 13:00:00,88.587485838074
2025-09-26 14:00:00,88.9559713916587
2025-09-26 15:00:00,87.9293716427995
2025-09-26 16:00:00,88.8689831325487
2025-09-26 17:00:00,88.1501450203211
2025-09-26 18:00:00,88.5772922613986
2025-09-26 19:00:00,87.8216059380672
2025-09-26 20:00:00,88.9145129252425
2025-09-26 21:00:00,87.7704038642369
2025-09-26 22:00:00,87.8162872279674
2025-09-26 23:00:00,88.358691433416
2025-09-27 00:00:00,87.4729838080731
2025-09-27 01:00:00,87.9038700564953
2025-09-27 02:00:00,88.8436334869046
2025-09-27 03:00:00,87.4182735289622
2025-09-27 04:00:00,87.5710761410868
2025-09-27 05:00:00,88.1098999359973
2025-09-27 06:00:00,88.6260647450476
2025-09-27 07:00:00,110.86086211391
2025-09-27 08:00:00,88.4327544038187
2025-09-27 09:00:00,87.5023249192219
2025-09-27 10:00:00,88.2386548862595
2025-09-27 11:00:00,87.6831398933842
2025-09-27 12:00:00,87.8162120047627
2025-09-27 13:00:00,87.5892674030694
2025-09-27 14:00:00,88.3364298401042
2025-09-27 15:00:00,88.3908200539894
2025-09-27 16:00:00,87.9923987874199
2025-09-27 17:00:00,88.0545561120712
2025-09-27 18:00:00,87.6731465191033
2025-09-27 19:00:00,87.597857932374
2025-09-27 20:00:00,87.0400239929785
2025-09-27 21:00:00,87.676342403558
2025-09-27 22:00:00,88.7623586407838
2025-09-27 23:00:00,86.5428055821298
2025-09-28 00:00:00,93.9552101565682
2025-09-28 01:00:00,87.1428451223542
2025-09-28 02:00:00,87.4559722169129
2025-09-28 03:00:00,87.4435052815268
2025-09-28 04:00:00,86.9881498825688
2025-09-28 05:00:00,88.1017927152341
2025-09-28 06:00:00,86.9960940885247
2025-09-28 08:00:00,87.1050464675625
2025-09-28 09:00:00,87.6062160770745
2025-09-28 10:00:00,88.0784255958411
2025-09-28 11:00:00,88.7667509861165
2025-09-28 12:00:00,87.5672014507987
2025-09-28 13:00:00,87.817893037304
2025-09-28 14:00:00,86.7090934062012
2025-09-28 15:00:00,87.4601289913613
2025-09-28 16:00:00,87.4912860948472
2025-09-28 17:00:00,87.5731668725396
2025-09-28 18:00:00,87.4634587602446
2025-09-28 19:00:00,87.1403541557441
2025-09-28 20:00:00,86.7232565818054
2025-09-28 21:00:00,87.1627268175188
2025-09-28 22:00:00,86.8766212418857
2025-09-28 23:00:00,86.3242690421972
2025-09-29 00:00:00,86.1291982416338
2025-09-29 01:00:00,85.5879974592836
2025-09-29 13:00:00,87.8846116159772
2025-09-29 14:00:00,87.3892335942599
2025-09-29 15:00:00,86.7938346441873
2025-09-29 16:00:00,85.5041690248502
2025-09-29 17:00:00,77.0932516095009
2025-09-29 18:00:00,86.3368039801865
2025-09-29 19:00:00,86.5545345177669
2025-09-29 20:00:00,86.5760916046769
2025-09-29 21:00:00,86.8681453949064
2025-09-29 22:00:00,87.327728298576
2025-09-29 23:00:00,86.5406295405368
2025-09-30 00:00:00,86.1709532142035
2025-09-30 01:00:00,85.6136527361067
2025-09-30 02:00:00,86.6179485439884
2025-09-30 03:00:00,86.3566301619782
2025-09-30 04:00:00,86.1602046835118
2025-09-30 05:00:00,85.6451916039406
2025-09-30 06:00:00,80.2088571045296
2025-09-30 08:00:00,86.2399261235181
2025-09-30 09:00:00,85.8223312252274
2025-09-30 10:00:00,86.0967910634615
2025-09-30 11:00:00,86.319805845835
2025-09-30 12:00:00,85.137292945941
2025-09-30 13:00:00,84.9298637313676
2025-09-30 14:00:00,87.0405629178092
2025-09-30 15:00:00,85.8119752570965
2025-09-30 16:00:00,85.9649837715038
2025-09-30 17:00:00,
2025-09-30 18:00:00,86.5899608233884
2025-09-30 19:00:00,85.7237206754487
2025-09-30 20:00:00,86.3464881948602
2025-09-30 21:00:00,87.5497442882586
2025-09-30 22:00:00,85.8203163374919
2025-09-30 23:00:00,85.8732927310226
2025-10-01 00:00:00,85.8503140751377
2025-10-01 01:00:00,86.7175506811801
2025-10-01 02:00:00,85.7933951923485
2025-10-01 03:00:00,86.7036330590024
2025-10-01 04:00:00,85.9485734304373
2025-10-01 05:00:00,87.7174059361111
2025-10-01 06:00:00,
2025-10-01 07:00:00,
2025-10-01 08:00:00,
2025-10-01 09:00:00,
2025-10-01 10:00:00,
2025-10-01 11:00:00,86.0674892305256
2025-10-01 12:00:00,87.0042576953575
2025-10-01 13:00:00,87.4590564414347
2025-10-01 14:00:00,86.2098869416925
2025-10-01 15:00:00,85.9677641307437
2025-10-01 16:00:00,84.0520262683109
2025-10-01 17:00:00,86.0819785753295
2025-10-01 18:00:00,86.1228262987819
2025-10-01 19:00:00,86.9325044669096
2025-10-01 20:00:00,86.506865937171
2025-10-01 21:00:00,85.6128464345307
2025-10-01 22:00:00,86.9368980390486
2025-10-01 23:00:00,85.3813276429773
2025-10-02 00:00:00,84.4247313861578
2025-10-02 01:00:00,84.4538963204628
2025-10-02 02:00:00,85.6629237116317
2025-10-02 03:00:00,87.506347105633
2025-10-02 04:00:00,83.7421221751207
2025-10-02 05:00:00,85.169583364088
2025-10-02 06:00:00,84.4617518703721
2025-10-02 07:00:00,83.7296741741931
2025-10-02 08:00:00,84.8877450588458
2025-10-02 09:00:00,85.2154379879327
2025-10-02 10:00:00,84.1668737351249
2025-10-02 11:00:00,84.1749695329954
2025-10-02 12:00:00,84.0226258199908
2025-10-02 13:00:00,85.6661786627413
2025-10-02 14:00:00,84.0783086532907
2025-10-02 15:00:00,84.9570642456398
2025-10-02 16:00:00,83.8158810138571
2025-10-02 17:00:00,84.8926383136262
2025-10-02 18:00:00,86.9584568775823
2025-10-03 05:00:00,84.5734094934917
2025-10-03 06:00:00,83.7542818856741
2025-10-03 07:00:00,84.2059103720094
2025-10-03 08:00:00,85.3732667131208
2025-10-03 09:00:00,84.2985585226276
2025-10-03 10:00:00,84.7122832067069
2025-10-03 11:00:00,84.7877731849949
2025-10-03 12:00:00,84.0511625816869
2025-10-03 13:00:00,84.3561880506923
2025-10-03 14:00:00,83.0610171897513
2025-10-03 15:00:00,85.0037711320611
2025-10-03 16:00:00,85.3804255046852
2025-10-03 17:00:00,84.302989467102
2025-10-03 18:00:00,83.6744586084828
2025-10-03 19:00:00,86.131708874033
2025-10-03 20:00:00,84.6091650450118
2025-10-03 21:00:00,84.3938863854688
2025-10-03 22:00:00,83.7604873389288
2025-10-03 23:00:00,82.9818187099465
2025-10-04 00:00:00,84.0904393451327
2025-10-04 01:00:00,83.0664138154584
2025-10-04 02:00:00,83.2375194655577
2025-10-04 03:00:00,85.1034088910573
2025-10-04 04:00:00,83.1589831464837
2025-10-04 05:00:00,83.664171784669
2025-10-04 06:00:00,84.3923390855237
2025-10-04 07:00:00,84.78761753591
2025-10-04 08:00:00,84.0697661911581
2025-10-04 09:00:00,84.4968798997768
2025-10-04 10:00:00,84.2261689588811
2025-10-04 11:00:00,85.1514314959261
2025-10-04 12:00:00,84.2770984325453
2025-10-04 13:00:00,84.7731626165062
2025-10-04 14:00:00,84.2893447272316
2025-10-04 15:00:00,83.7399015192895
2025-10-04 16:00:00,71.1490165143249
2025-10-04 17:00:00,84.3270685246585
2025-10-04 18:00:00,85.1554242151165
2025-10-04 19:00:00,85.1748567023655
2025-10-04 20:00:00,83.1851730788224
2025-10-04 21:00:00,84.1226425065432
2025-10-04 22:00:00,85.0238741476624
2025-10-04 23:00:00,84.8892401011781
2025-10-05 00:00:00,83.6527080401991
2025-10-05 01:00:00,83.8421987005658
2025-10-05 02:00:00,82.9347931927848
2025-10-05 03:00:00,84.3895950665131
2025-10-05 04:00:00,83.0968595483418
2025-10-05 05:00:00,85.6735908691131
2025-10-05 06:00:00,81.6892166839537
2025-10-05 07:00:00,83.3509421755878
2025-10-05 08:00:00,83.9047264249042
2025-10-05 09:00:00,84.7368699189376
2025-10-05 10:00:00,82.7640449699658
2025-10-05 11:00:00,83.8620765406658
2025-10-05 12:00:00,64.7958049413083
2025-10-05 13:00:00,84.7145589891604
2025-10-05 14:00:00,83.2667053171617
2025-10-05 15:00:00,83.1870484507283
2025-10-05 16:00:00,82.8982184035828
2025-10-05 17:00:00,82.2700094213492
2025-10-05 18:00:00,83.1923656156324
2025-10-05 19:00:00,83.1789870524439
2025-10-05 20:00:00,82.5944695092938
2025-10-05 21:00:00,83.4137982484415
2025-10-05 22:00:00,83.3547371168425
2025-10-05 23:00:00,82.894435849298
2025-10-06 00:00:00,83.2518580110968
2025-10-06 01:00:00,83.5791636429906
2025-10-06 02:00:00,84.4673417624717
2025-10-06 03:00:00,83.7233313142117
2025-10-06 04:00:00,83.7397139978118
2025-10-06 05:00:00,83.1202732235994
2025-10-06 06:00:00,83.0699042821557
2025-10-06 08:00:00,84.0215986013324
2025-10-06 09:00:00,83.9282088090941
2025-10-06 10:00:00,84.8121597779584
2025-10-06 11:00:00,84.760073239092
2025-10-06 12:00:00,67.7189436206407
2025-10-06 13:00:00,83.2420483087771
2025-10-06 14:00:00,82.4063541518545
2025-10-06 15:00:00,83.6176905284859
2025-10-06 16:00:00,83.5100410755824
2025-10-06 17:00:00,81.5796430278656
2025-10-06 18:00:00,83.2594938514434
2025-10-06 19:00:00,84.1884425862202
2025-10-06 20:00:00,82.5552637959171
2025-10-06 21:00:00,82.9626766285415
2025-10-06 22:00:00,83.076534557611
2025-10-06 23:00:00,83.7016585527239
2025-10-07 00:00:00,81.4167633183799
2025-10-07 01:00:00,80.8483863314391
2025-10-07 02:00:00,83.1801062692537
2025-10-07 03:00:00,83.2110207193855
2025-10-07 04:00:00,81.1092334016751
2025-10-07 15:00:00,82.8842055973208
2025-10-07 16:00:00,83.31734227872
2025-10-07 17:00:00,82.4660133422371
2025-10-07 18:00:00,81.7790104019211
2025-10-07 19:00:00,82.3632507673683
2025-10-07 20:00:00,82.747526888479
2025-10-07 21:00:00,83.3569791992351
2025-10-07 22:00:00,82.2897350467366
2025-10-07 23:00:00,83.9393807445137
2025-10-08 00:00:00,81.4879691135255
2025-10-08 01:00:00,82.062439355086
2025-10-08 02:00:00,81.650254992943
2025-10-08 03:00:00,81.3285764644144
2025-10-08 04:00:00,82.2954400383195
2025-10-08 05:00:00,82.2952312089251
2025-10-08 06:00:00,81.5040470501158
2025-10-08 08:00:00,83.0675163821287
2025-10-08 09:00:00,82.0546375511839
2025-10-08 10:00:00,82.7572584758959
2025-10-08 11:00:00,82.0984864543984
2025-10-08 12:00:00,82.4601420702207
2025-10-08 13:00:00,81.6080860932204
2025-10-08 14:00:00,81.8383288913599
2025-10-08 15:00:00,82.3522742234187
2025-10-08 16:00:00,81.0375575918815
2025-10-08 17:00:00,82.0252801946452
2025-10-08 18:00:00,81.4470709830378
2025-10-08 19:00:00,82.2352416882062
2025-10-08 20:00:00,81.667333577692
2025-10-08 21:00:00,85.3735236171077
2025-10-08 22:00:00,82.1454555735621
2025-10-08 23:00:00,81.2260029120928
2025-10-09 00:00:00,82.9267308338153
2025-10-09 01:00:00,81.2232842096711
2025-10-09 02:00:00,84.0806936754511
2025-10-09 03:00:00,80.7868414163194
2025-10-09 04:00:00,81.2453212585721
2025-10-09 05:00:00,81.9216215741136
2025-10-09 06:00:00,80.6090218128315
2025-10-09 07:00:00,81.5353110382971
2025-10-09 08:00:00,80.6199439852355
2025-10-09 09:00:00,81.6559032584768
2025-10-09 10:00:00,81.1917539204591
2025-10-09 11:00:00,82.767379559438
2025-10-09 12:00:00,82.4174195007298
2025-10-09 13:00:00,81.0907980170122
2025-10-09 14:00:00,82.6758565997704
2025-10-09 15:00:00,81.6715330924511
2025-10-09 16:00:00,81.7124075755926
2025-10-09 17:00:00,82.1576568519099
2025-10-09 18:00:00,81.8060914277712
2025-10-09 19:00:00,81.3519725523369
2025-10-09 20:00:00,82.9320292883697
2025-10-09 21:00:00,81.9712090306785
2025-10-09 22:00:00,82.3125842255126
2025-10-09 23:00:00,81.9492314004882
2025-10-10 00:00:00,81.5637706120979
2025-10-10 01:00:00,80.4044424120965
2025-10-10 02:00:00,84.8524345447911
2025-10-10 03:00:00,82.0698116854847
2025-10-10 04:00:00,81.2460455433974
2025-10-10 05:00:00,81.1688597298372
2025-10-10 06:00:00,80.7925664611315
2025-10-10 07:00:00,80.2533363505512
2025-10-10 08:00:00,83.4537953058278
2025-10-10 09:00:00,80.9414183143682
2025-10-10 10:00:00,68.7854672127311
2025-10-10 11:00:00,81.1116243137084
2025-10-10 12:00:00,80.7367117409624
2025-10-10 13:00:00,81.0920948979961
2025-10-10 14:00:00,82.157030139855
2025-10-10 15:00:00,81.0316328108717
2025-10-10 16:00:00,81.1365787358015
2025-10-10 17:00:00,81.2361403610068
2025-10-10 18:00:00,79.5175709824454
2025-10-10 19:00:00,80.0856926489529
2025-10-10 20:00:00,81.7178381218784
2025-10-10 21:00:00,81.3986053735877
2025-10-10 22:00:00,80.5724762170266
2025-10-10 23:00:00,81.849229865896
2025-10-11 00:00:00,79.9879233420685
2025-10-11 01:00:00,81.6394555673644
2025-10-11 02:00:00,80.1487853106214
2025-10-11 03:00:00,80.6493423593873
2025-10-11 04:00:00,80.9605844113963
2025-10-11 05:00:00,82.2702798168239
2025-10-11 06:00:00,81.8426372131021
2025-10-11 07:00:00,80.7056103897424
2025-10-11 18:00:00,80.6080907183547
2025-10-11 19:00:00,
2025-10-11 20:00:00,81.9005599347402
2025-10-11 21:00:00,81.2540923401032
2025-10-11 22:00:00,80.8610005170773
2025-10-11 23:00:00,82.4669534054075
2025-10-12 00:00:00,81.3381073109674
2025-10-12 01:00:00,79.5344068019518
2025-10-12 02:00:00,67.4147114458872
2025-10-12 03:00:00,81.3008875416546
2025-10-12 04:00:00,82.448009445579
2025-10-12 05:00:00,81.8234680688406
2025-10-12 06:00:00,82.2086616385724
2025-10-12 07:00:00,80.6546235098455
2025-10-12 08:00:00,79.9396147872838
2025-10-12 10:00:00,81.5778795148897
2025-10-12 11:00:00,80.3016720625531
2025-10-12 12:00:00,80.5369012944991
2025-10-12 13:00:00,81.0612311265971
2025-10-12 14:00:00,80.4523383995585
2025-10-12 15:00:00,81.7568716290336
2025-10-12 16:00:00,81.2870994393448
2025-10-12 17:00:00,80.6845502539613
2025-10-12 18:00:00,80.564970352152
2025-10-12 19:00:00,81.132714066824
2025-10-12 20:00:00,80.1596608498114
2025-10-12 21:00:00,81.5014310808955
2025-10-12 22:00:00,80.3577309261201
2025-10-12 23:00:00,80.1433360877244
2025-10-13 00:00:00,81.5338548001671
2025-10-13 01:00:00,80.8185313051668
2025-10-13 02:00:00,81.8745741692536
2025-10-13 03:00:00,
2025-10-13 04:00:00,
2025-10-13 05:00:00,
2025-10-13 06:00:00,78.9411088169814
2025-10-13 07:00:00,78.7353360286686
2025-10-13 08:00:00,80.1108560208652
2025-10-13 09:00:00,80.5814076491315
2025-10-13 10:00:00,80.292652176325
2025-10-13 11:00:00,81.1489369885312
2025-10-13 12:00:00,79.6131421994563
2025-10-13 13:00:00,81.5676856625317
2025-10-13 14:00:00,78.6640639321945
2025-10-13 15:00:00,80.7245858517221
2025-10-13 16:00:00,79.2352665200017
2025-10-13 17:00:00,81.1637969281159
2025-10-13 18:00:00,
2025-10-13 19:00:00,
2025-10-13 20:00:00,
2025-10-13 21:00:00,
2025-10-13 22:00:00,79.063056433208
2025-10-13 23:00:00,82.008224732826
2025-10-14 00:00:00,80.8568785753027
2025-10-14 01:00:00,80.0847568017117
2025-10-14 02:00:00,78.8075576738594
2025-10-14 03:00:00,79.5253158745379
2025-10-14 04:00:00,79.8287622984535
2025-10-14 05:00:00,80.7633828807067
2025-10-14 06:00:00,79.9162592464474
2025-10-14 07:00:00,79.9812174687034
2025-10-14 09:00:00,78.8586566106106
2025-10-14 10:00:00,77.7971372884179
2025-10-14 11:00:00,
2025-10-14 12:00:00,
2025-10-14 13:00:00,
2025-10-14 14:00:00,
2025-10-14 15:00:00,79.9402794866529
2025-10-14 16:00:00,87.9996796400719
2025-10-14 17:00:00,80.7124673377378
2025-10-14 18:00:00,79.9804499405125
2025-10-14 19:00:00,79.7135374024543
2025-10-14 20:00:00,79.8722611926882
2025-10-14 21:00:00,78.9797830574716
2025-10-14 22:00:00,79.6713452525449
2025-10-14 23:00:00,79.8785224731253
2025-10-15 00:00:00,78.5540318715379
2025-10-15 01:00:00,78.6685958864366
2025-10-15 02:00:00,78.9076120772938
2025-10-15 03:00:00,77.3687945698238
2025-10-15 04:00:00,80.0683510625586
2025-10-15 05:00:00,79.6307790284688
2025-10-15 06:00:00,80.9773552541088
2025-10-15 08:00:00,80.5521492697888
2025-10-15 09:00:00,79.9563034293566
2025-10-15 10:00:00,80.0563774658104
2025-10-15 11:00:00,78.8781637269459
2025-10-15 12:00:00,79.4563287206271
2025-10-15 13:00:00,79.5932507680375
2025-10-15 14:00:00,80.1513566575205
2025-10-15 15:00:00,78.76815001973
2025-10-15 16:00:00,80.6226182302979
2025-10-15 17:00:00,80.1310421817734
2025-10-15 18:00:00,79.7213770990047
2025-10-15 19:00:00,78.44113034921
2025-10-15 20:00:00,78.9102012545292
2025-10-15 21:00:00,79.5286300818764
2025-10-15 22:00:00,79.9104856961101
2025-10-15 23:00:00,80.446340740041
2025-10-16 00:00:00,79.2789615603225
2025-10-16 01:00:00,78.8289055216981
2025-10-16 02:00:00,80.4275432456346
2025-10-16 03:00:00,79.4156571103918
2025-10-16 04:00:00,80.6103679987214
2025-10-16 05:00:00,78.8172212367459
2025-10-16 06:00:00,79.5595175950005
2025-10-16 07:00:00,79.4885837295526
2025-10-16 08:00:00,76.9215644904197
2025-10-16 09:00:00,80.0292024997479
2025-10-16 10:00:00,78.3686616981904
2025-10-16 12:00:00,78.2490515225189
2025-10-16 13:00:00,80.9702731030579
2025-10-16 14:00:00,79.8123698984293
2025-10-16 15:00:00,79.9982182755872
2025-10-16 16:00:00,79.2818455190879
2025-10-16 17:00:00,79.775183905961
2025-10-16 18:00:00,80.2934400111131
2025-10-16 19:00:00,79.2631644763269
2025-10-16 20:00:00,79.5597792842245
2025-10-16 21:00:00,78.6662478057861
2025-10-16 22:00:00,78.7678445578662
2025-10-16 23:00:00,79.0565768111797
2025-10-17 00:00:00,79.7424069411013
2025-10-17 01:00:00,79.8761771276128
2025-10-17 02:00:00,79.9739371113566
2025-10-17 03:00:00,77.6491880824654
2025-10-17 04:00:00,79.0714569064491
2025-10-17 05:00:00,79.2369727984319
2025-10-17 06:00:00,79.1948746396728
2025-10-17 07:00:00,79.2321868525095
2025-10-17 08:00:00,78.0189916723865
2025-10-19 07:00:00,
2025-10-19 08:00:00,
2025-10-19 09:00:00,
2025-10-19 10:00:00,
2025-10-19 11:00:00,
2025-10-19 12:00:00,
2025-10-19 13:00:00,
2025-10-19 14:00:00,
2025-10-19 15:00:00,
2025-10-19 16:00:00,
2025-10-19 17:00:00,
2025-10-19 18:00:00,
2025-10-19 19:00:00,
2025-10-19 20:00:00,
2025-10-19 21:00:00,
2025-10-19 22:00:00,
2025-10-19 23:00:00,
2025-10-20 00:00:00,100.111368403918
2025-10-20 01:00:00,100.805330101139
2025-10-20 02:00:00,101.330301768198
2025-10-20 03:00:00,101.721260403318
2025-10-20 04:00:00,101.037209548781
2025-10-20 05:00:00,101.360077688487
2025-10-20 06:00:00,100.128861150537
2025-10-20 07:00:00,100.364332918098
2025-10-20 08:00:00,100.404328574579
2025-10-20 09:00:00,100.905487142027
2025-10-20 10:00:00,100.464741437424
2025-10-20 11:00:00,100.766738767708
2025-10-20 12:00:00,100.215198838535
2025-10-20 13:00:00,100.888693137898
2025-10-20 14:00:00,100.174835157418
2025-10-20 15:00:00,101.425474278082
2025-10-20 16:00:00,100.477996423248
2025-10-20 17:00:00,100.886428686939
2025-10-20 18:00:00,100.897373675748
2025-10-20 19:00:00,100.758434973216
2025-10-20 20:00:00,100.284213984459
2025-10-21 08:00:00,158.571024616352
2025-10-21 09:00:00,100.631308857982
2025-10-21 10:00:00,100.717735582695
2025-10-21 11:00:00,100.859951814591
2025-10-21 12:00:00,100.361189493433
2025-10-21 13:00:00,100.735023752835
2025-10-21 14:00:00,100.315014273145
2025-10-21 15:00:00,100.514087686443
2025-10-21 16:00:00,101.14211352499
2025-10-21 17:00:00,100.361335009056
2025-10-21 18:00:00,100.066182970406
2025-10-21 19:00:00,100.096193952458
2025-10-21 20:00:00,100.322475112655
2025-10-21 21:00:00,100.172131874024
2025-10-21 22:00:00,99.9346416711011
2025-10-21 23:00:00,99.9964559884465
2025-10-22 00:00:00,100.018507161956
2025-10-22 01:00:00,99.4466841420532
2025-10-22 02:00:00,100.497160490427
2025-10-22 03:00:00,99.4238799743335
2025-10-22 04:00:00,99.1491958654881
2025-10-22 05:00:00,99.6643177188088
2025-10-22 06:00:00,99.6860724506098
2025-10-22 07:00:00,99.6775168738637
2025-10-22 08:00:00,99.869355243481
2025-10-22 09:00:00,99.2080706193313
2025-10-22 10:00:00,99.540559943375
2025-10-22 11:00:00,100.107646402957
2025-10-22 12:00:00,99.6235413595522
2025-10-22 13:00:00,100.158933156263
2025-10-22 14:00:00,99.9802869550056
2025-10-22 15:00:00,99.5161677904505
2025-10-22 16:00:00,99.4490517258302
2025-10-22 17:00:00,99.8725249936147
2025-10-22 18:00:00,99.8655487532968
2025-10-22 19:00:00,100.493680541832
2025-10-22 20:00:00,100.18622820493
2025-10-22 21:00:00,99.3643213740791
2025-10-22 22:00:00,99.915385193058
2025-10-22 23:00:00,99.5761793323456
2025-10-23 00:00:00,98.3884944583207
2025-10-23 01:00:00,98.8581782975909
2025-10-23 02:00:00,98.6692270493378
2025-10-23 03:00:00,99.0588611893531
2025-10-23 04:00:00,97.8139273924516
2025-10-23 05:00:00,99.0493873568784
2025-10-23 06:00:00,100.451205685659
2025-10-23 07:00:00,98.884905642095
2025-10-23 08:00:00,98.2025200612431
2025-10-23 09:00:00,97.0128837068218
2025-10-23 10:00:00,98.7978457110291
2025-10-23 11:00:00,99.4068313285398
2025-10-23 12:00:00,99.0178448255085
2025-10-23 13:00:00,99.910293237948
2025-10-23 14:00:00,99.2878120600606
2025-10-23 15:00:00,98.388968906487
2025-10-23 16:00:00,97.9584672834844
2025-10-23 17:00:00,97.8987566995468
2025-10-23 18:00:00,97.1212895095119
2025-10-23 19:00:00,100.265298582781
2025-10-23 20:00:00,99.7685919962902
2025-10-23 21:00:00,100.188720300808
2025-10-23 22:00:00,100.248657333147
2025-10-23 23:00:00,97.8748063886171
2025-10-24 00:00:00,98.3946627149242
2025-10-24 01:00:00,97.9238299120131
2025-10-24 02:00:00,99.6980830474466
2025-10-24 03:00:00,98.6692322007572
2025-10-24 04:00:00,98.7799517280857
2025-10-24 05:00:00,99.1190994953922
2025-10-24 06:00:00,98.4852173774112
2025-10-24 07:00:00,99.4519872020493
2025-10-24 08:00:00,98.4738232703139
2025-10-24 09:00:00,97.9835416285701
2025-10-24 10:00:00,98.8691992571681
2025-10-24 11:00:00,99.1529505233631
2025-10-24 12:00:00,99.3358222410366
2025-10-24 13:00:00,97.5325570183513
2025-10-24 14:00:00,97.3039245834573
2025-10-24 15:00:00,98.640481644427
2025-10-24 16:00:00,97.1498856641383
2025-10-24 17:00:00,98.092988280002
2025-10-24 18:00:00,98.1859320598201
2025-10-24 19:00:00,98.2374600498608
2025-10-24 20:00:00,98.0317742626121
2025-10-24 21:00:00,98.0073007546794
2025-10-25 09:00:00,97.6880070492633
2025-10-25 10:00:00,97.7853583918578
2025-10-25 11:00:00,99.141966263288
2025-10-25 12:00:00,98.8277479501617
2025-10-25 13:00:00,98.8846984474527
2025-10-25 14:00:00,96.6113181381289
2025-10-25 15:00:00,97.684019097322
2025-10-25 16:00:00,97.9432907444189
2025-10-25 17:00:00,97.2398408309117
2025-10-25 18:00:00,97.1757463436208
2025-10-25 19:00:00,96.9949545329566
2025-10-25 20:00:00,99.4306128958624
2025-10-25 21:00:00,98.9732832305873
2025-10-25 22:00:00,98.1300905343528
2025-10-25 23:00:00,97.8855827539797
2025-10-26 00:00:00,96.8167669357792
2025-10-26 01:00:00,97.4092654390014
2025-10-26 02:00:00,96.9431859133067
2025-10-26 03:00:00,96.6366103026868
2025-10-26 04:00:00,97.6066493884312
2025-10-26 05:00:00,97.7720796647199
2025-10-26 06:00:00,96.4571262131198
2025-10-26 07:00:00,97.8336494647415
2025-10-26 08:00:00,96.6697797991646
2025-10-26 09:00:00,97.478598541836
2025-10-26 10:00:00,96.7851131252866
2025-10-26 11:00:00,97.4384291586435
2025-10-26 12:00:00,97.5410202271018
2025-10-26 13:00:00,96.7880654852795
2025-10-26 14:00:00,97.5867403555958
2025-10-26 15:00:00,96.9959781829061
2025-10-26 16:00:00,96.6500582187512
2025-10-26 17:00:00,97.686202043076
2025-10-26 18:00:00,97.8468640269534
2025-10-26 19:00:00,98.1073673315317
2025-10-26 20:00:00,97.7135377479221
2025-10-26 21:00:00,96.5586281052281
2025-10-26 22:00:00,97.7517860296565
2025-10-26 23:00:00,96.7310242277523
2025-10-27 00:00:00,96.8250904478145
2025-10-27 01:00:00,97.3862764969846
2025-10-27 02:00:00,95.4333551578552
2025-10-27 03:00:00,95.9615019119204
2025-10-27 04:00:00,96.0206890271642
2025-10-27 05:00:00,95.8188277905927
2025-10-27 06:00:00,96.3803905942186
2025-10-27 07:00:00,95.9755874176793
2025-10-27 08:00:00,96.1062688444004
2025-10-27 09:00:00,97.0965374278316
2025-10-27 10:00:00,95.8798759884724
2025-10-27 11:00:00,97.2751354580817
2025-10-27 12:00:00,96.5213564364723
2025-10-27 13:00:00,95.9597410133013
2025-10-27 14:00:00,97.0555940530868
2025-10-27 15:00:00,96.3324190660298
2025-10-27 16:00:00,94.8310890263196
2025-10-27 17:00:00,94.8533741276241
2025-10-27 18:00:00,94.3791069467518
2025-10-27 19:00:00,
2025-10-27 20:00:00,
2025-10-27 21:00:00,
2025-10-27 22:00:00,
2025-10-27 23:00:00,95.4237052099572
2025-10-28 00:00:00,95.7635703354923
2025-10-28 01:00:00,95.2283170066455
2025-10-28 02:00:00,96.3229992816907
2025-10-28 03:00:00,95.1253087759752
2025-10-28 04:00:00,97.4816701512419
2025-10-28 05:00:00,94.8678656626361
2025-10-28 06:00:00,96.3352552196004
2025-10-28 07:00:00,95.6970198829454
2025-10-28 08:00:00,94.0145523399156
2025-10-28 09:00:00,96.48492074723
2025-10-28 10:00:00,94.6663487417161
2025-10-28 11:00:00,95.7837457743956
2025-10-28 12:00:00,96.9029495516753
2025-10-28 13:00:00,95.8761582492905
2025-10-28 14:00:00,96.3678136830891
2025-10-28 15:00:00,95.0516173162401
2025-10-28 16:00:00,96.6755924452148
2025-10-28 17:00:00,96.2315111860103
2025-10-28 18:00:00,97.3990421840062
2025-10-28 19:00:00,97.2357537774075
2025-10-28 20:00:00,107.13317540984
2025-10-28 21:00:00,95.2295884609258
2025-10-28 22:00:00,94.9190293789613
2025-10-28 23:00:00,96.2937652145485
2025-10-29 00:00:00,94.2894796007859
2025-10-29 12:00:00,93.9615899544192
2025-10-29 13:00:00,94.8466725568749
2025-10-29 14:00:00,96.5206262475414
2025-10-29 15:00:00,95.6937441884326
2025-10-29 16:00:00,94.5010652022707
2025-10-29 17:00:00,93.9713129311193
2025-10-29 18:00:00,95.7587064636407
2025-10-29 19:00:00,95.0874090884796
2025-10-29 20:00:00,97.5583019515464
2025-10-29 21:00:00,95.4797784271081
2025-10-29 22:00:00,96.0610335921959
2025-10-29 23:00:00,95.65579760369
2025-10-30 00:00:00,95.0139619184596
2025-10-30 01:00:00,94.6311868911538
2025-10-30 02:00:00,94.973698404172
2025-10-30 03:00:00,94.7499580363408
2025-10-30 04:00:00,94.6446911097771
2025-10-30 05:00:00,95.9841865185885
2025-10-30 06:00:00,
2025-10-30 07:00:00,
2025-10-30 08:00:00,
2025-10-30 09:00:00,
2025-10-30 10:00:00,
2025-10-30 11:00:00,94.2272031357038
2025-10-30 12:00:00,93.9720748235311
2025-10-30 13:00:00,95.2758843643961
2025-10-30 14:00:00,95.5183095551986
2025-10-30 15:00:00,95.7591829979201
2025-10-30 16:00:00,94.9426237599236
2025-10-30 17:00:00,95.3960449750592
2025-10-30 18:00:00,94.6037738256672
2025-10-30 19:00:00,95.57296747061
2025-10-30 20:00:00,95.3610280059326
2025-10-30 21:00:00,94.5899152876047
2025-10-30 22:00:00,93.8805438235609
2025-10-30 23:00:00,95.135926044158
2025-10-31 00:00:00,93.9555932177343
2025-10-31 01:00:00,94.8380033260017
2025-10-31 02:00:00,93.4786272230884
2025-10-31 03:00:00,94.8613169950817
2025-10-31 04:00:00,72.9837228932845
2025-10-31 05:00:00,93.9542936963341
2025-10-31 06:00:00,93.9871017124906
2025-10-31 07:00:00,94.2384679341853
2025-10-31 08:00:00,96.1775583400179
2025-10-31 09:00:00,92.1806418917595
2025-10-31 10:00:00,93.8809049769293
2025-10-31 11:00:00,94.8329851722684
2025-10-31 12:00:00,94.0047599819487
2025-10-31 13:00:00,93.1071682268054
2025-10-31 14:00:00,94.3090760704614
2025-10-31 15:00:00,92.7551250203467
2025-10-31 16:00:00,94.5286169662133
2025-10-31 17:00:00,94.4968642462137
2025-10-31 18:00:00,93.2678355558194
2025-10-31 19:00:00,94.7666010310289
2025-10-31 20:00:00,93.8544188837435
2025-10-31 21:00:00,93.5755540825279
2025-10-31 22:00:00,95.6566381654762
2025-10-31 23:00:00,94.3071607616929
2025-11-01 00:00:00,95.9788232652995
2025-11-01 01:00:00,95.4716947076962
2025-11-01 02:00:00,94.8461387312961
2025-11-01 03:00:00,92.3444109383378
2025-11-01 04:00:00,94.7670660906228
2025-11-01 05:00:00,93.4133640629818
2025-11-01 06:00:00,94.0830370404568
2025-11-01 07:00:00,94.082874517871
2025-11-01 08:00:00,92.7481003751072
2025-11-01 10:00:00,93.2139329064087
2025-11-01 11:00:00,92.9898920061419
2025-11-01 12:00:00,94.2288940107281
2025-11-01 13:00:00,92.1799613712436
2025-11-01 14:00:00,92.3990317929222
2025-11-01 15:00:00,93.7604243466392
2025-11-01 16:00:00,93.3045805944445
2025-11-01 17:00:00,94.6089391410968
2025-11-01 18:00:00,94.9323243172709
2025-11-01 19:00:00,93.967632760459
2025-11-01 20:00:00,93.5477568143616
2025-11-01 21:00:00,93.551511344984
2025-11-01 22:00:00,94.4452741639471
2025-11-01 23:00:00,94.2411272874819
2025-11-02 00:00:00,93.7935075506927
2025-11-02 01:00:00,93.1911576217954
2025-11-02 02:00:00,94.4537422723723
2025-11-02 03:00:00,91.6685437575451
2025-11-02 15:00:00,96.2921493930338
2025-11-02 16:00:00,94.377212789898
2025-11-02 17:00:00,93.7158653231469
2025-11-02 18:00:00,94.1479009854378
2025-11-02 19:00:00,92.1905725269188
2025-11-02 20:00:00,93.1474772047946
2025-11-02 21:00:00,94.0472348667074
2025-11-02 22:00:00,92.6090865448102
2025-11-02 23:00:00,94.0047869039128
2025-11-03 00:00:00,
2025-11-03 01:00:00,
2025-11-03 02:00:00,
2025-11-03 03:00:00,
2025-11-03 04:00:00,
2025-11-03 05:00:00,93.0613362680963
2025-11-03 06:00:00,93.302304614509
2025-11-03 07:00:00,94.8244837067089
2025-11-03 08:00:00,93.694441538504
2025-11-03 09:00:00,93.5323650559012
2025-11-03 10:00:00,91.0913327900278
2025-11-03 11:00:00,93.1759745280596
2025-11-03 12:00:00,91.531174815783
2025-11-03 13:00:00,94.7861136460988
2025-11-03 14:00:00,93.6312525732218
2025-11-03 15:00:00,92.212588919551
2025-11-03 16:00:00,92.6075322857952
2025-11-03 17:00:00,92.0980699305514
2025-11-03 18:00:00,94.7162449494355
2025-11-03 19:00:00,90.7780964787003
2025-11-03 20:00:00,95.3063918424902
2025-11-03 21:00:00,94.6464369524915
2025-11-03 22:00:00,94.0442455483479
2025-11-03 23:00:00,92.8058037267089
2025-11-04 00:00:00,93.8696610611676
2025-11-04 01:00:00,92.1008546086175
2025-11-04 02:00:00,92.0746632530825
2025-11-04 03:00:00,93.387444043521
2025-11-04 04:00:00,95.2714086975715
2025-11-04 05:00:00,92.8952801954597
2025-11-04 06:00:00,92.499737173002
2025-11-04 07:00:00,94.2461877340685
2025-11-04 08:00:00,91.4365552865362
2025-11-04 09:00:00,92.4013346537218
2025-11-04 10:00:00,92.8099797976546
2025-11-04 11:00:00,92.8978552938921
2025-11-04 12:00:00,92.209900658702
2025-11-04 13:00:00,91.7367108977302
2025-11-04 14:00:00,92.4803090112021
2025-11-04 15:00:00,92.9214201200792
2025-11-04 16:00:00,93.8248185226931
2025-11-04 17:00:00,91.5258381628178
2025-11-04 18:00:00,90.42376869786
2025-11-04 19:00:00,93.9156566041953
2025-11-04 20:00:00,91.5977063277392
2025-11-04 21:00:00,94.6929766415848
2025-11-04 22:00:00,93.2269680948029
2025-11-04 23:00:00,93.3931199560902
2025-11-05 00:00:00,90.8736634078785
2025-11-05 01:00:00,91.0449437015472
2025-11-05 02:00:00,93.3448476054694
2025-11-05 03:00:00,93.047477224807
2025-11-05 04:00:00,91.3922632600021
2025-11-05 05:00:00,92.9902624492834
2025-11-05 06:00:00,
2025-11-05 07:00:00,
2025-11-05 08:00:00,
2025-11-05 10:00:00,
2025-11-05 11:00:00,93.0396219560245
2025-11-05 12:00:00,92.4470508371621
2025-11-05 13:00:00,92.0742731380104
2025-11-06 01:00:00,90.2516638200568
2025-11-06 02:00:00,90.8891209681847
2025-11-06 03:00:00,92.8413497270484
2025-11-06 04:00:00,89.2059712683589
2025-11-06 05:00:00,
2025-11-06 06:00:00,
2025-11-06 07:00:00,90.8668640232828
2025-11-06 08:00:00,92.1261160725399
2025-11-06 09:00:00,90.6339617584579
2025-11-06 10:00:00,91.9464421804043
2025-11-06 11:00:00,
2025-11-06 12:00:00,
2025-11-06 13:00:00,
2025-11-06 14:00:00,
2025-11-06 15:00:00,92.1660983934885
2025-11-06 16:00:00,92.4537951938674
2025-11-06 17:00:00,91.3103107263339
2025-11-06 18:00:00,91.9607830882612
2025-11-06 19:00:00,93.8357154722842
2025-11-06 20:00:00,90.3602100452258
2025-11-06 21:00:00,92.5523401578569
2025-11-06 22:00:00,93.8731186819957
2025-11-06 23:00:00,90.5981604505395
2025-11-07 00:00:00,88.9867728422259
2025-11-07 01:00:00,90.7919487093561
2025-11-07 02:00:00,93.8899117851122
2025-11-07 03:00:00,92.7973436612939
2025-11-07 04:00:00,90.6976639842513
2025-11-07 05:00:00,89.2382876707879
2025-11-07 06:00:00,90.6564684189868
2025-11-07 07:00:00,92.2474038183054
2025-11-07 08:00:00,92.5081533286182
2025-11-07 09:00:00,90.3338081422581
2025-11-07 10:00:00,89.9678180457641
2025-11-07 11:00:00,90.1590882801902
2025-11-07 12:00:00,91.9150576346986
2025-11-07 13:00:00,90.0989123499352
2025-11-07 14:00:00,93.074212061969
2025-11-07 15:00:00,91.8085810456082
2025-11-07 16:00:00,90.2614355893848
2025-11-07 17:00:00,90.046949374788
2025-11-07 18:00:00,92.2956877068989
2025-11-07 19:00:00,90.2923540051108
2025-11-07 20:00:00,91.5580357362065
2025-11-07 21:00:00,91.9309252030523
2025-11-07 22:00:00,93.8078219098877
2025-11-07 23:00:00,91.0951422124935
2025-11-08 00:00:00,91.2431682853553
2025-11-08 01:00:00,91.009013014653
2025-11-08 02:00:00,92.1902128907612
2025-11-08 03:00:00,89.1533032542705
2025-11-08 04:00:00,92.3428820638597
2025-11-08 05:00:00,89.444442284072
2025-11-08 06:00:00,93.1938164856166
2025-11-08 07:00:00,91.1207168710555
2025-11-08 08:00:00,89.7433485114015
2025-11-08 09:00:00,90.7240895097933
2025-11-08 10:00:00,90.3096903069719
2025-11-08 11:00:00,91.6495639473387
2025-11-08 12:00:00,90.4844949262653
2025-11-08 13:00:00,92.0013956781566
2025-11-08 14:00:00,90.1692241941845
2025-11-08 15:00:00,91.0253254012505
2025-11-08 16:00:00,90.9932259084397
2025-11-08 17:00:00,90.7044584079591
2025-11-08 18:00:00,90.3111598925474
2025-11-08 19:00:00,90.9157980271007
2025-11-08 20:00:00,92.2869442661693
2025-11-08 21:00:00,91.3578121563494
2025-11-08 22:00:00,91.0973970476884
2025-11-08 23:00:00,88.4739534343065
2025-11-09 00:00:00,89.4825497550238
2025-11-09 01:00:00,89.3373465610187
2025-11-09 02:00:00,89.4890681183765
2025-11-09 03:00:00,89.5569382607034
2025-11-09 04:00:00,91.0516857447076
2025-11-09 05:00:00,88.3500473548898
2025-11-09 06:00:00,90.244287055676
2025-11-09 07:00:00,88.9365196072542
2025-11-09 08:00:00,89.3035899502791
2025-11-09 09:00:00,91.1016662148221
2025-11-09 10:00:00,90.5974494998538
2025-11-09 11:00:00,89.4416771338045
2025-11-09 12:00:00,90.3366980143193
2025-11-09 13:00:00,91.4385517529426
2025-11-09 14:00:00,90.1971186632868
2025-11-09 15:00:00,89.7735511459358
2025-11-09 16:00:00,90.9325468482382
2025-11-09 17:00:00,90.437029828801
2025-11-09 18:00:00,92.2344051072464
2025-11-09 19:00:00,89.7974338930875
2025-11-09 20:00:00,89.6230757512246
2025-11-09 21:00:00,90.4092097387318
2025-11-09 22:00:00,90.931755464961
2025-11-09 23:00:00,93.0304809218246
2025-11-10 00:00:00,82.7615644686029
2025-11-10 01:00:00,91.738183033103
2025-11-10 02:00:00,91.0056071655605
2025-11-10 03:00:00,90.8731243457039
2025-11-10 04:00:00,92.7258443155516
2025-11-10 05:00:00,89.151686937045
2025-11-10 06:00:00,90.220775199279
2025-11-10 07:00:00,91.3891655991375
2025-11-10 08:00:00,89.3710870031903
2025-11-10 09:00:00,88.6060817680346
2025-11-10 12:00:00,89.8236128844692
2025-11-10 13:00:00,89.0620718470587
2025-11-10 15:00:00,88.8081115040262
2025-11-10 16:00:00,89.7161094914691
2025-11-10 17:00:00,86.9105286281709
2025-11-10 18:00:00,89.1853434677722
2025-11-10 19:00:00,89.6715728680034
2025-11-10 20:00:00,87.9491194502264
2025-11-10 21:00:00,87.8741849957227
2025-11-10 22:00:00,90.965922325761
2025-11-10 23:00:00,90.7843655726979
2025-11-11 00:00:00,89.0480810649173
2025-11-11 01:00:00,87.2003501808595
2025-11-11 02:00:00,90.6474744586255
2025-11-11 03:00:00,90.5841571896798
2025-11-11 04:00:00,87.9713500650284
2025-11-11 05:00:00,89.9128640751205
2025-11-11 06:00:00,89.4182508019587
2025-11-11 07:00:00,90.9011669294191
2025-11-11 08:00:00,90.3235595728676
2025-11-11 10:00:00,89.8519686793387
2025-11-11 21:00:00,89.4590572845934
2025-11-11 22:00:00,87.8919061140476
2025-11-11 23:00:00,91.4492874096434
2025-11-12 00:00:00,88.1238796213594
2025-11-12 01:00:00,88.3480682715953
2025-11-12 02:00:00,88.1174989915644
2025-11-12 03:00:00,87.4369590441767
2025-11-12 04:00:00,89.7026369257282
2025-11-12 05:00:00,88.5012514664032
2025-11-12 06:00:00,89.5949372604002
2025-11-12 07:00:00,89.7343781099382
2025-11-12 08:00:00,90.3365642810678
2025-11-12 09:00:00,88.5330837913439
2025-11-12 10:00:00,88.814167922438
2025-11-12 11:00:00,90.9479812821484
2025-11-12 12:00:00,91.0957860046296
2025-11-12 13:00:00,87.6234721708024
2025-11-12 14:00:00,89.4543306134333
2025-11-12 15:00:00,90.2007525632363
2025-11-12 16:00:00,88.7383245501063
2025-11-12 17:00:00,86.5463224459064
2025-11-12 18:00:00,89.6637464917603
2025-11-12 19:00:00,88.0416649479476
2025-11-12 20:00:00,88.9005147269313
2025-11-12 21:00:00,89.0905984692684
2025-11-12 22:00:00,91.4185894684483
2025-11-12 23:00:00,
2025-11-13 00:00:00,
2025-11-13 01:00:00,
2025-11-13 02:00:00,88.8998510349258
2025-11-13 03:00:00,87.969464154831
2025-11-13 04:00:00,89.359699540735
2025-11-13 05:00:00,89.1330650772213
2025-11-13 06:00:00,88.2392667931137
2025-11-13 08:00:00,88.8854424289711
2025-11-13 09:00:00,87.6595003905255
2025-11-13 10:00:00,88.7331398986879
2025-11-13 11:00:00,89.5870938759153
2025-11-13 12:00:00,87.4598548107535
2025-11-13 13:00:00,88.2138933330987
2025-11-13 14:00:00,87.9004662701895
2025-11-13 15:00:00,88.5630416695701
2025-11-13 16:00:00,88.5313399728761
2025-11-13 17:00:00,90.1546735122274
2025-11-13 18:00:00,89.6648897485141
2025-11-13 19:00:00,88.6420606797764
2025-11-13 20:00:00,90.9691334096505
2025-11-13 21:00:00,89.1242973185098
2025-11-13 22:00:00,89.6104201136357
2025-11-13 23:00:00,89.3749273158583
2025-11-14 00:00:00,88.4498526874093
2025-11-14 01:00:00,87.2643134245093
2025-11-14 02:00:00,88.2925959621724
2025-11-14 03:00:00,88.7273248062284
2025-11-14 04:00:00,88.9023103051122
2025-11-14 05:00:00,86.8367189560862
2025-11-14 06:00:00,88.3689418016037
2025-11-14 07:00:00,88.1165614610814
2025-11-14 08:00:00,88.512324221416
2025-11-14 09:00:00,86.2829642987879
2025-11-14 10:00:00,88.2285388474737
2025-11-14 11:00:00,88.2417608211178
2025-11-14 12:00:00,90.4858574139968
2025-11-14 13:00:00,87.4433194377774
2025-11-14 14:00:00,89.2894004865291
2025-11-14 15:00:00,91.4842780781099
2025-11-14 16:00:00,87.0837588762095
2025-11-14 17:00:00,86.1859613437358
2025-11-14 18:00:00,87.5721289374806
2025-11-14 19:00:00,89.0830414593505
2025-11-14 20:00:00,87.6964612486261
2025-11-14 21:00:00,88.3159584213087
2025-11-14 22:00:00,88.205034407596
2025-11-14 23:00:00,88.0229382184307
2025-11-15 00:00:00,84.8186984204643
2025-11-15 01:00:00,88.1948552283988
2025-11-15 02:00:00,88.0956299162463
2025-11-15 03:00:00,89.6709442311854
2025-11-15 04:00:00,85.64944720266
2025-11-15 05:00:00,85.4441363428531
2025-11-15 07:00:00,86.555521546905
2025-11-15 08:00:00,89.9843891707903
2025-11-15 09:00:00,88.171320589913
2025-11-15 10:00:00,88.2356512960458
2025-11-15 11:00:00,86.7366750967465
2025-11-15 12:00:00,89.174246447846
2025-11-15 13:00:00,87.9458525844872
2025-11-15 14:00:00,88.3076788902746
2025-11-15 15:00:00,87.6335063337109
2025-11-15 16:00:00,90.0656280181048
2025-11-15 17:00:00,87.9985674159995
2025-11-15 18:00:00,85.2302903253481
2025-11-15 19:00:00,87.7893593604575
2025-11-15 20:00:00,87.6855022379201
2025-11-15 21:00:00,88.1990272038945
2025-11-15 22:00:00,89.0349343707491
2025-11-15 23:00:00,88.168763106808
2025-11-16 00:00:00,87.7991948148185
2025-11-16 01:00:00,85.8343119107925
2025-11-16 02:00:00,85.8533064240928
2025-11-16 03:00:00,86.1842044730154
2025-11-16 04:00:00,87.1085435954335
2025-11-16 15:00:00,87.13739426568
2025-11-16 16:00:00,86.3443233310802
2025-11-16 17:00:00,102.704670422081
2025-11-16 18:00:00,86.109744909589
2025-11-16 19:00:00,89.045517046792
2025-11-16 20:00:00,86.3937553841801
2025-11-16 21:00:00,86.7208661768165
2025-11-16 22:00:00,87.8351051677021
2025-11-16 23:00:00,86.4777647424549
2025-11-17 00:00:00,88.0914853442591
2025-11-17 01:00:00,86.3997809024419
2025-11-17 02:00:00,85.1658631009417
2025-11-17 03:00:00,88.4465181688904
2025-11-17 04:00:00,86.3561477330266
2025-11-17 05:00:00,87.3338990062932
2025-11-17 06:00:00,88.1176551507306
2025-11-17 07:00:00,86.7135724865086
2025-11-17 08:00:00,86.9518072464102
2025-11-17 09:00:00,86.3461368639804
2025-11-17 10:00:00,87.2114636402691
2025-11-17 11:00:00,87.8550493598463
2025-11-17 12:00:00,84.4079857757804
2025-11-17 13:00:00,86.1090437376473
2025-11-17 14:00:00,86.3532331509271
2025-11-17 15:00:00,85.0048204019856
2025-11-17 16:00:00,88.1207288929205
2025-11-17 17:00:00,85.8153237630043
2025-11-17 18:00:00,88.7028021865906
2025-11-17 19:00:00,84.6669088849893
2025-11-17 20:00:00,85.4061699673306
2025-11-17 21:00:00,87.3147999471958
2025-11-17 22:00:00,85.0614805484635
2025-11-17 23:00:00,86.7108332294891
2025-11-18 00:00:00,86.1036095570152
2025-11-18 01:00:00,85.6004864946588
2025-11-18 02:00:00,85.9780309048762
2025-11-18 03:00:00,84.8011438720201
2025-11-18 04:00:00,83.8756772932115
2025-11-18 05:00:00,87.1835471901364
2025-11-18 06:00:00,87.1328252465771
2025-11-18 07:00:00,87.5030572925128
2025-11-18 08:00:00,83.9053271634567
2025-11-18 09:00:00,87.350820300576
2025-11-18 10:00:00,85.4873363668265
2025-11-18 11:00:00,84.6646149632186
2025-11-18 12:00:00,84.7359208456441
2025-11-18 13:00:00,84.2630888883766
2025-11-18 14:00:00,88.5571925264322
2025-11-18 15:00:00,85.4040968064162
2025-11-18 16:00:00,84.3383509708306
2025-11-18 17:00:00,84.355662742338
2025-11-18 18:00:00,85.5484612627464
2025-11-18 19:00:00,84.2619658196845
2025-11-18 20:00:00,83.0113599499704
2025-11-18 21:00:00,85.5764471151992
2025-11-18 22:00:00,85.7496178852357
2025-11-18 23:00:00,85.455333860575
2025-11-19 00:00:00,84.383591617999
2025-11-19 01:00:00,84.4870663503977
2025-11-19 02:00:00,86.4793437605262
2025-11-19 03:00:00,85.9098666199094
2025-11-19 04:00:00,87.0908155197884
2025-11-19 05:00:00,86.4336242865863
2025-11-19 06:00:00,84.7074016140813
2025-11-19 07:00:00,86.7731576258743
2025-11-19 09:00:00,86.1385633986629
2025-11-19 10:00:00,83.5842237216066
2025-11-19 11:00:00,84.7314857831048
2025-11-19 12:00:00,84.7103831870985
2025-11-19 13:00:00,84.6861720211429
2025-11-19 14:00:00,87.404435789524
2025-11-19 15:00:00,83.6246599052302
2025-11-19 16:00:00,84.6987062338751
2025-11-19 17:00:00,82.9449931434638
2025-11-19 18:00:00,83.8879257629452
2025-11-19 19:00:00,64.8067969731034
2025-11-19 20:00:00,83.6863228201532
2025-11-19 21:00:00,85.2840639995481
2025-11-19 22:00:00,86.189338228482
2025-11-19 23:00:00,84.6432715703798
2025-11-20 00:00:00,83.8287790467732
2025-11-20 01:00:00,85.9440999617575
2025-11-20 02:00:00,84.749789573122
2025-11-20 03:00:00,83.6348579922238
2025-11-20 04:00:00,85.3470212331495
2025-11-20 05:00:00,83.8232266737507
2025-11-20 06:00:00,82.0040989543338
2025-11-20 07:00:00,84.5335271719895
2025-11-20 08:00:00,84.1415173380835
2025-11-20 09:00:00,84.0881677032035
2025-11-20 10:00:00,85.3682660914229
2025-11-20 11:00:00,86.1776523791941
2025-11-20 12:00:00,84.3288239767337
2025-11-20 13:00:00,84.514480800653
2025-11-20 14:00:00,84.5353187754928
2025-11-20 15:00:00,85.190954422396
2025-11-20 16:00:00,100.55430800223
2025-11-20 17:00:00,82.8061550519031
2025-11-20 18:00:00,82.7288884303298
2025-11-20 19:00:00,84.9879155132153
2025-11-20 20:00:00,85.0323838488053
2025-11-20 21:00:00,85.5890242513739
2025-11-20 22:00:00,83.2854053294171
2025-11-20 23:00:00,85.4201740372889
2025-11-21 00:00:00,85.8534518842455
2025-11-21 01:00:00,83.3003768075772
2025-11-21 02:00:00,85.0775679072146
2025-11-21 03:00:00,83.5612743241326
2025-11-21 04:00:00,87.464474328597
2025-11-21 05:00:00,84.7675060748211
2025-11-21 06:00:00,81.8559774203455
2025-11-21 08:00:00,84.2576525020068
2025-11-21 09:00:00,84.9933904071957
2025-11-21 10:00:00,84.753485705542
2025-11-21 11:00:00,85.3897176520372
2025-11-21 12:00:00,81.8490289169292
2025-11-21 13:00:00,83.949747037153
2025-11-22 01:00:00,84.1264378718368
2025-11-22 02:00:00,82.8294673800952
2025-11-22 03:00:00,81.9481947156385
2025-11-22 04:00:00,85.3532507355207
2025-11-22 05:00:00,85.5260745272297
2025-11-22 06:00:00,84.1321984458124
2025-11-22 07:00:00,85.2422476725602
2025-11-22 08:00:00,85.6651609323183
2025-11-22 09:00:00,84.3177999503875
2025-11-22 10:00:00,85.121466034126
2025-11-22 11:00:00,84.3090054952251
2025-11-22 12:00:00,83.1059012466228
2025-11-22 13:00:00,83.5824489823903
2025-11-22 14:00:00,84.0434162244575
2025-11-22 15:00:00,83.8794594933487
2025-11-22 16:00:00,81.8636959651183
2025-11-22 17:00:00,84.425911931831
2025-11-22 18:00:00,82.9406489881709
2025-11-22 19:00:00,82.1691400858219
2025-11-22 20:00:00,83.9068035130421
2025-11-22 21:00:00,82.7952682555672
2025-11-22 22:00:00,84.3484303087381
2025-11-22 23:00:00,83.8055245029356
2025-11-23 00:00:00,85.4784962363045
2025-11-23 01:00:00,84.079348524962
2025-11-23 02:00:00,85.1661814461642
2025-11-23 03:00:00,83.8986843442209
2025-11-23 04:00:00,83.1770077730666
2025-11-23 05:00:00,82.6235901761906
2025-11-23 07:00:00,82.9296946284117
2025-11-23 08:00:00,86.1431804400352
2025-11-23 09:00:00,82.281129465394
2025-11-23 10:00:00,80.1549038664832
2025-11-23 11:00:00,82.38172568117
2025-11-23 12:00:00,82.2128281979428
2025-11-23 13:00:00,82.7878814707677
2025-11-23 14:00:00,83.7785391327338
2025-11-23 15:00:00,82.8160068193802
2025-11-23 16:00:00,81.9760482327455
2025-11-23 17:00:00,82.2692991415325
2025-11-23 18:00:00,82.2731666016572
2025-11-23 19:00:00,83.0895808748568
2025-11-23 20:00:00,82.2431449306772
2025-11-23 21:00:00,81.7356043774251
2025-11-23 22:00:00,85.7567292349488
2025-11-23 23:00:00,83.9100969611939
2025-11-24 00:00:00,81.3018045865696
2025-11-24 01:00:00,81.912988488587
2025-11-24 02:00:00,81.7173052772992
2025-11-24 03:00:00,82.2437786068923
2025-11-24 04:00:00,83.6323532983663
2025-11-24 05:00:00,81.2277555615761
2025-11-24 06:00:00,84.126671612064
2025-11-24 07:00:00,81.9922388112857
2025-11-24 08:00:00,91.944657567774
2025-11-24 09:00:00,83.5167242053477
2025-11-24 10:00:00,79.3347468087927
2025-11-24 11:00:00,83.4303909759292
2025-11-24 12:00:00,84.854231061517
2025-11-24 13:00:00,83.3235116576405
2025-11-24 14:00:00,81.9462808116307
2025-11-24 15:00:00,82.354747322322
2025-11-24 16:00:00,83.1031342462849
2025-11-24 17:00:00,82.8041976323335
2025-11-24 18:00:00,82.1075882014275
2025-11-24 19:00:00,81.5836678394827
2025-11-24 20:00:00,81.2358575231004
2025-11-24 21:00:00,83.022116279707
2025-11-24 22:00:00,83.7277493127385
2025-11-24 23:00:00,81.9535845190241
2025-11-25 00:00:00,83.2371788063507
2025-11-25 01:00:00,81.7963591191629
2025-11-25 02:00:00,83.8845182275659
2025-11-25 03:00:00,80.2680684715627
2025-11-25 04:00:00,83.83295593252
2025-11-25 05:00:00,67.4658781941213
2025-11-25 06:00:00,81.4281769655106
2025-11-25 07:00:00,81.5264568296358
2025-11-25 08:00:00,83.0272594748689
2025-11-25 09:00:00,81.6993125720909
2025-11-25 10:00:00,83.2918056918734
2025-11-25 11:00:00,82.5205406187798
2025-11-25 12:00:00,83.3474195381015
2025-11-25 13:00:00,83.8122615863329
2025-11-25 14:00:00,82.9573444294075
2025-11-25 15:00:00,82.0953156735206
2025-11-25 16:00:00,80.8599221932028
2025-11-26 04:00:00,80.0642076499832
2025-11-26 05:00:00,81.9486180431988
2025-11-26 06:00:00,81.4629114279165
2025-11-26 07:00:00,82.1653612422237
2025-11-26 08:00:00,82.4065137544965
2025-11-26 09:00:00,81.9527175887395
2025-11-26 10:00:00,79.9949141253667
2025-11-26 11:00:00,83.4270053039778
2025-11-26 12:00:00,82.0422173176637
2025-11-26 13:00:00,60.9286381218419
2025-11-26 14:00:00,80.3508161685111
2025-11-26 15:00:00,79.250475949144
2025-11-26 16:00:00,80.905186276983
2025-11-26 17:00:00,79.8645740090774
2025-11-26 18:00:00,79.5199156173129
2025-11-26 19:00:00,79.4881167631506
2025-11-26 20:00:00,81.2590137006037
2025-11-26 21:00:00,81.7470332969017
2025-11-26 22:00:00,80.0541347089083
2025-11-26 23:00:00,81.5673079034492
2025-11-27 00:00:00,80.5077924109293
2025-11-27 01:00:00,80.7133182091802
2025-11-27 02:00:00,80.7766290364605
2025-11-27 03:00:00,82.5767496764877
2025-11-27 04:00:00,83.523805222116
2025-11-27 05:00:00,79.7877704548899
2025-11-27 06:00:00,81.7254298361253
2025-11-27 07:00:00,82.1596263388312
2025-11-27 08:00:00,82.060448996962
2025-11-27 09:00:00,78.4064177364307
2025-11-27 10:00:00,83.3221751923446
2025-11-27 11:00:00,81.3784460149476
2025-11-27 12:00:00,80.1988397103974
2025-11-27 13:00:00,81.9908923738946
2025-11-27 14:00:00,78.6903223135335
2025-11-27 15:00:00,81.4898443280575
2025-11-27 16:00:00,80.002303715099
2025-11-27 17:00:00,81.4049188220151
2025-11-27 18:00:00,81.5348517162221
2025-11-27 19:00:00,80.4847916368582
2025-11-27 20:00:00,81.7840837655443
2025-11-27 21:00:00,82.6630786566469
2025-11-27 22:00:00,80.6848471904572
2025-11-27 23:00:00,81.718700841577
2025-11-28 00:00:00,80.9968103210826
2025-11-28 01:00:00,82.7310802405896
2025-11-28 02:00:00,81.3218704649935
2025-11-28 03:00:00,81.8081415620697
2025-11-28 04:00:00,80.7992857929172
2025-11-28 05:00:00,80.805594489885
2025-11-28 06:00:00,80.4541674877644
2025-11-28 07:00:00,80.2164072994244
2025-11-28 08:00:00,82.3505698596891
2025-11-28 09:00:00,82.1550052649506
2025-11-28 10:00:00,79.7230941094525
2025-11-28 11:00:00,78.7229413469865
2025-11-28 12:00:00,81.2882138299201
2025-11-28 13:00:00,80.8762330566206
2025-11-28 14:00:00,81.2217695221356
2025-11-28 15:00:00,78.0019109471551
2025-11-28 16:00:00,80.865424955322
2025-11-28 17:00:00,85.7870934678276
2025-11-28 18:00:00,80.7041345354112
2025-11-28 19:00:00,80.443608946115
2025-11-28 20:00:00,81.0691208848042
2025-11-28 21:00:00,81.3401108417843
2025-11-28 22:00:00,80.5075367326944
2025-11-28 23:00:00,81.1282529120414
2025-11-29 00:00:00,79.7213012449025
2025-11-29 01:00:00,77.2457407929393
2025-11-29 02:00:00,82.6705864566834
2025-11-29 03:00:00,78.5215623517373
2025-11-29 04:00:00,79.6043568552201
2025-11-29 05:00:00,80.990532683026
2025-11-29 06:00:00,80.999690215505
2025-11-29 07:00:00,81.0591617773372
2025-11-29 08:00:00,81.0740490948513
2025-11-29 09:00:00,79.7093917930884
2025-11-29 10:00:00,80.7529242615743
2025-11-29 11:00:00,82.3682342895595
2025-11-29 12:00:00,79.7434825380117
2025-11-29 13:00:00,78.5533210458576
2025-11-29 14:00:00,78.3466018603695
2025-11-29 15:00:00,81.4122131487202
2025-11-29 16:00:00,79.7452997914506
2025-11-29 17:00:00,79.2222640801014
2025-11-29 18:00:00,79.2277261263613
2025-11-29 21:00:00,78.3894833577233
2025-11-29 22:00:00,80.323587385653
2025-11-29 23:00:00,78.3880556618977
2025-11-30 00:00:00,79.4232978820245
2025-11-30 01:00:00,79.0417225589741
2025-11-30 02:00:00,79.5351096794696
2025-11-30 03:00:00,79.558049640486
2025-11-30 04:00:00,78.1924507587796
2025-11-30 05:00:00,77.8710706361371
2025-11-30 06:00:00,77.8078854408089
2025-11-30 07:00:00,77.6632596359111
2025-11-30 08:00:00,78.8818492688784
2025-11-30 09:00:00,78.3143130235675
2025-11-30 10:00:00,78.169860388518
2025-11-30 11:00:00,76.22568087577
2025-11-30 12:00:00,79.4778437466513
2025-11-30 13:00:00,79.5864779399271
2025-11-30 14:00:00,79.1957750763459
2025-11-30 15:00:00,78.2909737632061
2025-11-30 16:00:00,78.0200575037568
2025-11-30 17:00:00,78.246102792035
2025-11-30 18:00:00,80.5581583292682
2025-11-30 19:00:00,80.8478828339485
2025-11-30 20:00:00,81.081185018756
2025-11-30 21:00:00,79.6292531347656
2025-11-30 22:00:00,79.5774910558494
2025-11-30 23:00:00,77.7057518456075
2025-12-01 00:00:00,76.6210636990879
2025-12-01 01:00:00,77.7992552480547
2025-12-01 02:00:00,77.7944248049167
2025-12-01 03:00:00,78.3950800507876
2025-12-01 04:00:00,77.6347593589593
2025-12-01 05:00:00,77.6101300641466
2025-12-01 07:00:00,78.4599229017451
2025-12-01 08:00:00,78.241232761219
2025-12-01 09:00:00,78.3004106660356
2025-12-01 10:00:00,78.3112586500596
2025-12-01 11:00:00,78.5084506870606
2025-12-01 12:00:00,77.6702741186916
2025-12-01 13:00:00,77.7489380172856
2025-12-01 14:00:00,77.9677455097303
2025-12-01 15:00:00,77.9657459685333
2025-12-01 16:00:00,77.5896774200425
2025-12-01 17:00:00,77.7934493249218
2025-12-01 18:00:00,78.2568766989526
2025-12-01 19:00:00,78.1065394530967
2025-12-01 20:00:00,77.8000271684204
2025-12-01 21:00:00,77.6698362841643
2025-12-01 22:00:00,77.8789061090336
2025-12-02 10:00:00,77.2077824329449
2025-12-02 11:00:00,77.5108445695048
2025-12-02 12:00:00,76.7568857979246
2025-12-02 13:00:00,77.301904962508
2025-12-02 14:00:00,77.0756729690174
2025-12-02 15:00:00,77.9979614849649
2025-12-02 16:00:00,77.3499606741973
2025-12-02 17:00:00,77.6833760016662
2025-12-02 18:00:00,77.7976356145432
2025-12-02 19:00:00,77.8483737871198
2025-12-02 20:00:00,78.0387312352955
2025-12-02 21:00:00,76.1923745902172
2025-12-02 22:00:00,76.725528229151
2025-12-02 23:00:00,76.8577169138003
2025-12-03 00:00:00,75.6304983797439
2025-12-03 01:00:00,76.4310818956509
2025-12-03 02:00:00,76.254489976345
2025-12-03 03:00:00,75.690550534045
2025-12-03 04:00:00,75.4510901807167
2025-12-03 05:00:00,62.6470274768256
2025-12-03 07:00:00,76.0369350783558
2025-12-03 08:00:00,75.679809241979
2025-12-03 09:00:00,75.8566195548972
2025-12-03 10:00:00,76.0651141945937
2025-12-03 11:00:00,75.5998323205969
2025-12-03 12:00:00,62.6984802272553
2025-12-03 13:00:00,76.4731665773988
2025-12-03 14:00:00,76.1068889562042
2025-12-03 15:00:00,76.4792824129122
2025-12-03 16:00:00,75.602486395189
2025-12-03 17:00:00,76.289980042457
2025-12-03 18:00:00,76.0412852036251
2025-12-03 19:00:00,76.4622065979532
2025-12-03 20:00:00,75.2286355357693
2025-12-03 21:00:00,75.5472765138259
2025-12-03 22:00:00,76.4733063192508
2025-12-03 23:00:00,76.2889990390067
2025-12-04 00:00:00,75.3012340382245
2025-12-04 01:00:00,75.5096755984132
2025-12-04 02:00:00,76.5064367485268
2025-12-04 03:00:00,75.0316037964985
2025-12-04 04:00:00,75.8626553352788
2025-12-04 05:00:00,76.070970404778
2025-12-04 06:00:00,75.4893799588841
2025-12-04 07:00:00,76.0580118061092
2025-12-04 08:00:00,75.896310595194
2025-12-04 09:00:00,75.9389026705396
2025-12-04 10:00:00,76.1042313670918
2025-12-04 11:00:00,76.0288484230647
2025-12-04 12:00:00,75.3404691860185
2025-12-04 13:00:00,75.2314945641871
2025-12-04 14:00:00,76.0763795200549
2025-12-04 15:00:00,74.9145734617375
2025-12-04 16:00:00,76.1328390255492
2025-12-04 17:00:00,75.9479573798485
2025-12-04 18:00:00,75.3824456754148
2025-12-04 19:00:00,75.9879993053716
2025-12-04 20:00:00,75.8070466638694
2025-12-04 21:00:00,75.7833692220788
2025-12-04 22:00:00,75.1309668988289
2025-12-04 23:00:00,75.9089425465895
2025-12-05 00:00:00,74.720618235814
2025-12-05 01:00:00,74.2322049198401
2025-12-05 02:00:00,74.9393369683039
2025-12-05 03:00:00,74.229350801461
2025-12-05 04:00:00,74.7006318384439
2025-12-05 05:00:00,75.059830927146
2025-12-05 06:00:00,73.9567493009472
2025-12-05 07:00:00,74.3527236143458
2025-12-05 09:00:00,74.6707015339422
2025-12-05 10:00:00,73.817539905303
2025-12-05 11:00:00,74.6458190903542
2025-12-05 12:00:00,74.3461653183429
2025-12-05 13:00:00,73.86564649844
2025-12-05 14:00:00,73.9990324421561
2025-12-05 15:00:00,94.4352946056704
2025-12-05 16:00:00,74.3486376458525
2025-12-05 17:00:00,74.0310117094706
2025-12-05 18:00:00,74.73737189437
2025-12-05 19:00:00,74.6682031345687
2025-12-05 20:00:00,73.7475506474965
2025-12-05 21:00:00,74.1581279057591
2025-12-05 22:00:00,74.0218808688333
2025-12-05 23:00:00,74.6320986667778
2025-12-06 00:00:00,73.5446309810417
2025-12-06 01:00:00,74.6173253812058
2025-12-06 02:00:00,73.7803345241978
2025-12-06 11:00:00,74.1525626905481
2025-12-06 13:00:00,74.3138206906366
2025-12-06 14:00:00,74.4069104346727
2025-12-06 15:00:00,73.3828429742543
2025-12-06 16:00:00,73.6014219328037
2025-12-06 17:00:00,73.8096809512272
2025-12-06 18:00:00,73.5476877637173
2025-12-06 19:00:00,74.3755878646541
2025-12-06 20:00:00,73.1626441022768
2025-12-06 21:00:00,74.0164483943865
2025-12-06 22:00:00,73.3151437492506
2025-12-06 23:00:00,73.6501211504533
2025-12-07 00:00:00,73.664541162672
2025-12-07 01:00:00,73.3203708407888
2025-12-07 02:00:00,73.3059079749647
2025-12-07 03:00:00,72.9900747944893
2025-12-07 04:00:00,73.1270616400794
2025-12-07 05:00:00,73.5567172415857
2025-12-07 07:00:00,73.6010806526573
2025-12-07 08:00:00,73.2849818410782
2025-12-07 09:00:00,73.2878343744588
2025-12-07 10:00:00,73.3354744045344
2025-12-07 11:00:00,73.3625764050279
2025-12-07 12:00:00,73.3580290548663
2025-12-07 13:00:00,73.2928769533264
2025-12-07 14:00:00,73.1702284898243
2025-12-07 15:00:00,72.7233827242401
2025-12-07 16:00:00,73.1317168591641
2025-12-07 17:00:00,72.9293541319579
2025-12-07 18:00:00,73.192613509723
2025-12-07 19:00:00,72.1929842735996
2025-12-07 20:00:00,72.804053071417
2025-12-07 21:00:00,73.6509215567552
2025-12-07 22:00:00,72.2637012510079
2025-12-07 23:00:00,73.3575160933356
2025-12-08 00:00:00,72.7584927972885
2025-12-08 01:00:00,73.6672156800591
2025-12-08 02:00:00,72.085975999411
2025-12-08 03:00:00,72.7213912254364
2025-12-08 04:00:00,72.9985467525959
2025-12-08 05:00:00,73.0878322514302
2025-12-08 06:00:00,73.5484363031144
2025-12-08 07:00:00,73.6703972811308
2025-12-08 08:00:00,73.361992819368
2025-12-08 09:00:00,73.3246945505325
2025-12-08 10:00:00,72.6467445553374
2025-12-08 11:00:00,73.833313890093
2025-12-08 12:00:00,72.4278136674355
2025-12-08 13:00:00,73.5997063472628
2025-12-08 14:00:00,72.677171057902
2025-12-08 15:00:00,73.578375915981
2025-12-08 16:00:00,73.7164532800027
2025-12-08 17:00:00,72.4147299846979
2025-12-08 18:00:00,73.0096775107954
2025-12-08 19:00:00,
2025-12-08 20:00:00,
2025-12-08 21:00:00,
2025-12-08 22:00:00,73.4638795922807
2025-12-08 23:00:00,73.0677065470481
2025-12-09 00:00:00,72.3094634193848
2025-12-09 12:00:00,72.9302268130731
2025-12-09 13:00:00,72.1707159156568
2025-12-09 14:00:00,72.4404912089291
2025-12-09 15:00:00,60.2290059949144
2025-12-09 16:00:00,72.5312351952262
2025-12-09 17:00:00,71.7287260222047
2025-12-09 18:00:00,72.2749360581717
2025-12-09 19:00:00,72.7758238246856
2025-12-09 20:00:00,72.1976188250258
2025-12-09 21:00:00,72.1889350088051
2025-12-09 22:00:00,72.4572291019227
2025-12-09 23:00:00,71.6618578938569
2025-12-10 00:00:00,71.1855002379046
2025-12-10 01:00:00,70.8096733466697
2025-12-10 02:00:00,70.7265024600575
2025-12-10 03:00:00,70.6325175350607
2025-12-10 04:00:00,71.2624933264795
2025-12-10 05:00:00,70.9617357407732
2025-12-10 06:00:00,71.034908323884
2025-12-10 07:00:00,71.4808778125632
2025-12-10 08:00:00,70.6211391137151
2025-12-10 09:00:00,71.1865645704111
2025-12-10 10:00:00,70.8310352626957
2025-12-10 11:00:00,71.0080394440194
2025-12-10 12:00:00,71.1454959121905
2025-12-10 13:00:00,70.3953485759071
2025-12-10 14:00:00,70.6237259549058
2025-12-10 15:00:00,71.3131255306343
2025-12-10 16:00:00,70.7986283754708
2025-12-10 17:00:00,70.7267293761461
2025-12-10 18:00:00,70.5789909046625
2025-12-10 19:00:00,70.9578682054056
2025-12-10 20:00:00,71.0085659014204
2025-12-10 21:00:00,71.4951323186834
2025-12-10 22:00:00,71.1547890527317
2025-12-10 23:00:00,70.9013126840814
2025-12-11 00:00:00,69.9747873729116
2025-12-11 01:00:00,70.9016658770385
2025-12-11 02:00:00,70.7740382443124
2025-12-11 03:00:00,70.3486729785444
2025-12-11 04:00:00,70.0569711505168
2025-12-11 05:00:00,55.6910305759926
2025-12-11 06:00:00,70.5590336165081
2025-12-11 07:00:00,70.2102777407562
2025-12-11 08:00:00,70.6995915702669
2025-12-11 09:00:00,71.1980648548301
2025-12-11 10:00:00,71.3919727101524
2025-12-11 11:00:00,71.01078307672
2025-12-11 12:00:00,71.115251633084
2025-12-11 13:00:00,71.3353792679543
2025-12-11 14:00:00,70.9032023644369
2025-12-11 15:00:00,71.4911538840211
2025-12-11 16:00:00,70.4644349812063
2025-12-11 17:00:00,70.4455003557477
2025-12-11 18:00:00,71.5796974599266
2025-12-11 19:00:00,
2025-12-11 20:00:00,71.5302236776044
2025-12-11 21:00:00,70.5352247384574
2025-12-11 22:00:00,70.7434799221399
2025-12-11 23:00:00,70.4307411288543
2025-12-12 00:00:00,70.691253342554
2025-12-12 01:00:00,69.494494427831
2025-12-12 02:00:00,70.7152417778605
2025-12-12 03:00:00,70.4178350683084
2025-12-12 04:00:00,70.493439443902
2025-12-12 05:00:00,69.5158487243989
2025-12-12 06:00:00,70.2054479877031
2025-12-12 07:00:00,70.5703691841885
2025-12-13 23:00:00,69.128704918705
2025-12-14 00:00:00,69.1078170122654
2025-12-14 01:00:00,
2025-12-14 02:00:00,
2025-12-14 03:00:00,
2025-12-14 04:00:00,69.5697173696297
2025-12-14 05:00:00,69.5217927683376
2025-12-14 06:00:00,70.0168269063948
2025-12-14 07:00:00,70.1529452636489
2025-12-14 08:00:00,68.7678428244447
2025-12-14 09:00:00,70.2617520177707
2025-12-14 10:00:00,69.5059940577725
2025-12-14 11:00:00,69.7033446337856
2025-12-14 12:00:00,69.6235961811288
2025-12-14 13:00:00,70.4114034705225
2025-12-14 14:00:00,69.4799548476685
2025-12-14 15:00:00,69.6807908181093
2025-12-14 16:00:00,69.7079824742732
2025-12-14 17:00:00,70.5378739071819
2025-12-14 18:00:00,70.0946354984781
2025-12-14 19:00:00,68.9858617611401
2025-12-14 20:00:00,69.7794579395626
2025-12-14 21:00:00,70.4251690319329
2025-12-14 22:00:00,69.6602047078273
2025-12-14 23:00:00,69.9174580125417
2025-12-15 00:00:00,68.0722461183983
2025-12-15 01:00:00,68.0995161254176
2025-12-15 02:00:00,67.7427939220438
2025-12-15 03:00:00,68.2764554491104
2025-12-15 04:00:00,68.4409135665705
2025-12-15 05:00:00,68.3741279902973
2025-12-15 06:00:00,68.7331834700867
2025-12-15 07:00:00,68.3939405879026
2025-12-15 08:00:00,68.7771140290497
2025-12-15 09:00:00,68.8077893208848
2025-12-15 10:00:00,68.7669110785141
2025-12-15 11:00:00,68.0300959363438
2025-12-15 12:00:00,68.0143007716613
2025-12-15 13:00:00,67.983095864241
2025-12-15 14:00:00,68.1517082224554
2025-12-15 15:00:00,67.9261971340005
2025-12-15 16:00:00,68.2348915140471
2025-12-15 17:00:00,68.1586652573266
2025-12-15 18:00:00,68.60349042346
2025-12-15 19:00:00,68.0054118639835
2025-12-15 20:00:00,68.7347153957456
2025-12-15 21:00:00,67.3675496020133
2025-12-15 22:00:00,67.7784329248223
2025-12-15 23:00:00,68.4575800770059
2025-12-16 00:00:00,67.4376777464826
2025-12-16 01:00:00,67.0443489756765
2025-12-16 02:00:00,66.4617023291877
2025-12-16 03:00:00,67.4917608874997
2025-12-16 04:00:00,67.1544567045489
2025-12-16 05:00:00,67.9990530990906
2025-12-16 06:00:00,67.2740461588774
2025-12-16 07:00:00,67.6307718507239
2025-12-16 08:00:00,66.9618157697712
2025-12-16 09:00:00,67.1716506355818
2025-12-16 10:00:00,67.1978820255918
2025-12-16 11:00:00,67.6061525523865
2025-12-16 12:00:00,67.412841631888
2025-12-16 13:00:00,66.911903000726
2025-12-16 14:00:00,67.8450759750362
2025-12-16 15:00:00,66.9268648193789
2025-12-16 16:00:00,67.1059212075567
2025-12-16 17:00:00,66.6163198337517
2025-12-16 18:00:00,66.8030266927344
2025-12-16 19:00:00,56.8931121056712
2025-12-16 20:00:00,68.167671281225
2025-12-16 21:00:00,66.9366732858751
2025-12-16 22:00:00,67.1381186635177
2025-12-16 23:00:00,67.5683806664802
2025-12-17 00:00:00,67.0102825226438
2025-12-17 01:00:00,66.940053763115
2025-12-17 02:00:00,66.8547854118291
2025-12-17 03:00:00,66.6841818560327
2025-12-17 04:00:00,66.8578519432389
2025-12-17 05:00:00,49.0623448910865
2025-12-17 06:00:00,66.8057274848941
2025-12-17 07:00:00,67.5221741846727
2025-12-17 08:00:00,67.1297349377939
2025-12-17 09:00:00,66.768584244787
2025-12-17 10:00:00,66.9551343702526
2025-12-17 11:00:00,66.3937317900738
2025-12-17 12:00:00,67.059229219549
2025-12-17 13:00:00,66.7221658367671
2025-12-17 14:00:00,67.051246326251
2025-12-17 15:00:00,67.0293083467429
2025-12-17 16:00:00,66.4409195725134
2025-12-17 17:00:00,67.5379970316132
2025-12-17 18:00:00,66.973400943936
2025-12-17 19:00:00,66.2882336014785
2025-12-17 20:00:00,67.0522159559499
2025-12-17 21:00:00,67.0643389122404
2025-12-17 22:00:00,66.9009636314944
2025-12-17 23:00:00,66.7191303720404
2025-12-18 00:00:00,66.4896042848376
2025-12-18 01:00:00,66.3104981255351
2025-12-18 02:00:00,66.356411262715
2025-12-18 03:00:00,65.444452257484
2025-12-18 04:00:00,66.773233933519
2025-12-18 05:00:00,65.8560463412106
2025-12-18 06:00:00,66.3547327100477
2025-12-18 08:00:00,66.0516948511288
2025-12-18 09:00:00,65.9623316741509
2025-12-18 21:00:00,65.9960539514157
2025-12-18 23:00:00,66.1237820158948
2025-12-19 00:00:00,66.5403395454512
2025-12-19 01:00:00,65.804815122005
2025-12-19 02:00:00,66.1856315200951
2025-12-19 03:00:00,64.6136720711742
2025-12-19 04:00:00,65.8338552024058
2025-12-19 05:00:00,65.5480257251935
2025-12-19 06:00:00,65.1697249608096
2025-12-19 08:00:00,65.5748276647863
2025-12-19 09:00:00,64.8701652215716
2025-12-19 10:00:00,65.7919929504306
2025-12-19 11:00:00,64.9116293896638
2025-12-19 12:00:00,65.3058742415038
2025-12-19 13:00:00,
2025-12-19 14:00:00,
2025-12-19 15:00:00,
2025-12-19 16:00:00,
2025-12-19 17:00:00,65.8632190994832
2025-12-19 18:00:00,65.5058859741181
2025-12-19 20:00:00,65.037396518692
2025-12-19 21:00:00,65.4125845704578
2025-12-19 22:00:00,65.1149184354179
2025-12-19 23:00:00,65.5594031456276
2025-12-20 00:00:00,64.3287973267249
2025-12-20 01:00:00,65.3356423550245
2025-12-20 02:00:00,65.9175793986609
2025-12-20 03:00:00,65.0717431819152
2025-12-20 04:00:00,65.6369424022605
2025-12-20 05:00:00,65.2567794727376
2025-12-20 06:00:00,64.9237492893211
2025-12-20 08:00:00,65.149590676314
2025-12-20 10:00:00,65.0551520955911
2025-12-20 11:00:00,64.5083230474267
2025-12-20 12:00:00,64.9483280102879
2025-12-20 13:00:00,65.1527444627021
2025-12-20 14:00:00,65.364756206212
2025-12-20 15:00:00,66.1100030373079
2025-12-20 16:00:00,65.0911875773963
2025-12-20 17:00:00,64.7287237813552
2025-12-20 18:00:00,64.3238165026711
2025-12-20 19:00:00,65.2201511793691
2025-12-20 20:00:00,64.832459869835
2025-12-20 21:00:00,64.6821408858446
2025-12-20 22:00:00,64.9943378715884
2025-12-20 23:00:00,65.9884073794209
2025-12-21 00:00:00,65.8328308165941
2025-12-21 01:00:00,65.0082433373818
2025-12-21 02:00:00,64.9008964979538
2025-12-21 03:00:00,64.7833922452212
2025-12-21 04:00:00,64.1123127227979
2025-12-21 05:00:00,65.4440437496347
2025-12-21 06:00:00,65.1690909376112
2025-12-21 07:00:00,65.4270744245326
2025-12-21 09:00:00,65.5227879991702
2025-12-21 10:00:00,65.9644298266394
2025-12-21 11:00:00,65.0562544338693
2025-12-21 12:00:00,65.6289578602551
2025-12-21 13:00:00,64.0039923210495
2025-12-21 14:00:00,64.5365753940875
2025-12-21 15:00:00,64.1378790302279
2025-12-21 16:00:00,65.1446945249727
2025-12-21 17:00:00,64.4655987324777
2025-12-21 18:00:00,64.8397593265392
2025-12-21 19:00:00,64.69047667075
2025-12-21 20:00:00,65.1398111128823
2025-12-21 21:00:00,64.9678394804829
2025-12-21 22:00:00,65.2355354477207
2025-12-21 23:00:00,64.2674518826626
2025-12-22 00:00:00,
2025-12-22 01:00:00,
2025-12-22 02:00:00,
2025-12-22 03:00:00,
2025-12-22 04:00:00,
2025-12-22 16:00:00,
2025-12-22 17:00:00,
2025-12-22 18:00:00,
2025-12-22 20:00:00,
2025-12-22 21:00:00,
2025-12-22 22:00:00,
2025-12-22 23:00:00,
2025-12-23 00:00:00,69.4748563193767
2025-12-23 01:00:00,70.0388130142486
2025-12-23 02:00:00,69.5100933711152
2025-12-23 03:00:00,69.4766682012245
2025-12-23 04:00:00,69.4385594888053
2025-12-23 05:00:00,69.7619412261036
2025-12-23 06:00:00,69.8021824448271
2025-12-23 08:00:00,69.2644695695395
2025-12-23 09:00:00,69.367671319544
2025-12-23 10:00:00,69.3429208322727
2025-12-23 11:00:00,69.3005366483021
2025-12-23 12:00:00,69.426607278732
2025-12-23 13:00:00,69.2887452682191
2025-12-23 14:00:00,69.4561007096416
2025-12-23 15:00:00,69.530711042038
2025-12-23 16:00:00,69.2522924370775
2025-12-23 17:00:00,69.2996170219275
2025-12-23 18:00:00,69.7211223643796
2025-12-23 20:00:00,69.8514888106146
2025-12-23 21:00:00,69.8046465659817
2025-12-23 22:00:00,69.6195050566491
2025-12-23 23:00:00,69.2617317778179
2025-12-24 00:00:00,69.0217540597919
2025-12-24 01:00:00,68.4223304253198
2025-12-24 02:00:00,68.9064704132998
2025-12-24 03:00:00,68.9800988280015
2025-12-24 04:00:00,68.7214361264192
2025-12-24 05:00:00,68.7385164823284
2025-12-24 06:00:00,68.7005449245185
2025-12-24 08:00:00,69.007015330305
2025-12-24 10:00:00,68.5431929259785
2025-12-24 11:00:00,69.0523803299048
2025-12-24 12:00:00,69.0120000818677
2025-12-24 13:00:00,68.6874530435048
2025-12-24 14:00:00,68.9058030614694
2025-12-24 15:00:00,69.0924183384603
2025-12-24 16:00:00,68.5787455197272
2025-12-24 17:00:00,69.2302634183823
2025-12-24 18:00:00,68.8677133249456
2025-12-24 20:00:00,68.9562020386519
2025-12-24 21:00:00,68.7178836802272
2025-12-24 22:00:00,68.9700113294055
2025-12-24 23:00:00,68.739747184834
2025-12-25 00:00:00,68.807732496165
2025-12-25 01:00:00,68.1673598775886
2025-12-25 02:00:00,68.2869778014553
2025-12-25 03:00:00,68.5643366210238
2025-12-25 04:00:00,68.1861243373273
2025-12-25 05:00:00,68.5378988422064
2025-12-25 08:00:00,68.0653949048231
2025-12-25 09:00:00,68.8411181263163
2025-12-25 10:00:00,68.5468649651142
2025-12-25 11:00:00,67.9783358847316
2025-12-25 12:00:00,68.6798037057378
2025-12-25 13:00:00,68.459063696099
2025-12-25 14:00:00,68.1728017279053
2025-12-25 15:00:00,68.4921792296937
2025-12-25 16:00:00,68.206354716187
2025-12-25 17:00:00,68.1461603275879
2025-12-25 18:00:00,68.2529338846124
2025-12-25 20:00:00,68.2011147842678
2025-12-25 21:00:00,68.2585385408909
2025-12-25 22:00:00,68.5754495408354
2025-12-25 23:00:00,68.0587285037337
2025-12-26 00:00:00,67.5711714430111
2025-12-26 02:00:00,67.2894241763974
2025-12-26 11:00:00,67.5678902894442
2025-12-26 12:00:00,68.5802434321107
2025-12-26 13:00:00,67.6276205691528
2025-12-26 14:00:00,67.9231850313324
2025-12-26 15:00:00,67.9622963545693
2025-12-26 16:00:00,67.7996461679379
2025-12-26 17:00:00,67.3615073089707
2025-12-26 18:00:00,67.163382400963
2025-12-26 20:00:00,68.248219429579
2025-12-26 21:00:00,67.0044462645266
2025-12-26 22:00:00,67.1901320282208
2025-12-26 23:00:00,67.0075706573498
2025-12-27 00:00:00,66.2983286792113
2025-12-27 01:00:00,67.2695516724654
2025-12-27 02:00:00,66.5246611216113
2025-12-27 03:00:00,66.4999577414815
2025-12-27 04:00:00,65.7771243092203
2025-12-27 05:00:00,66.4276197018563
2025-12-27 06:00:00,67.4356016819252
2025-12-27 08:00:00,66.818510943416
2025-12-27 09:00:00,66.0879503912922
2025-12-27 10:00:00,66.733721918204
2025-12-27 11:00:00,66.7063828787766
2025-12-27 12:00:00,66.5112843298812
2025-12-27 13:00:00,66.7543600145388
2025-12-27 14:00:00,66.7604759048184
2025-12-27 15:00:00,66.9471897072236
2025-12-27 16:00:00,
2025-12-27 17:00:00,66.1312055089524
2025-12-27 18:00:00,66.3817161210587
2025-12-27 20:00:00,65.9122895063071
2025-12-27 21:00:00,66.4648651858903
2025-12-27 22:00:00,66.0980859210036
2025-12-27 23:00:00,66.4000843273201
2025-12-28 00:00:00,65.5559181355765
2025-12-28 01:00:00,66.5624204947862
2025-12-28 02:00:00,66.6658183827716
2025-12-28 03:00:00,65.3272415323018
2025-12-28 04:00:00,66.0648687050271
2025-12-28 05:00:00,66.405808861356
2025-12-28 06:00:00,65.6773780277904
2025-12-28 08:00:00,65.3910439243684
2025-12-28 09:00:00,65.2457961666327
2025-12-28 10:00:00,67.153067478722
2025-12-28 11:00:00,65.7804759530095
2025-12-28 12:00:00,65.9864527617878
2025-12-28 13:00:00,66.150054319776
2025-12-28 14:00:00,66.8060963575762
2025-12-29 01:00:00,65.9080926481455
2025-12-29 02:00:00,65.7524459616791
2025-12-29 03:00:00,64.6721792404725
2025-12-29 04:00:00,66.1889205075024
2025-12-29 05:00:00,65.2571908708227
2025-12-29 06:00:00,65.9549605384121
2025-12-29 09:00:00,82.4998631948967
2025-12-29 11:00:00,65.2089924302103
2025-12-29 12:00:00,64.8718750895546
2025-12-29 13:00:00,63.9751636895862
2025-12-29 14:00:00,65.3168619685032
2025-12-29 15:00:00,66.765507033097
2025-12-29 16:00:00,65.0645366070929
2025-12-29 17:00:00,64.9145846807765
2025-12-29 18:00:00,66.0187771997002
2025-12-29 20:00:00,65.1632366596137
2025-12-29 21:00:00,64.8168301244121
2025-12-29 22:00:00,65.5353803312021
2025-12-29 23:00:00,65.5434677572061
2025-12-30 00:00:00,64.1329355572049
2025-12-30 01:00:00,64.6098756797047
2025-12-30 02:00:00,63.9135618507486
2025-12-30 03:00:00,64.2857312049858
2025-12-30 04:00:00,64.6355205133462
2025-12-30 05:00:00,64.5345273084441
2025-12-30 06:00:00,64.8026552037443
2025-12-30 08:00:00,64.9952438892366
2025-12-30 09:00:00,64.6716690668558
2025-12-30 10:00:00,63.7618475619969
2025-12-30 11:00:00,63.9324217483597
2025-12-30 12:00:00,64.6709715190054
2025-12-30 13:00:00,63.9808276648104
2025-12-30 14:00:00,64.6397546126116
2025-12-30 15:00:00,64.4709185293549
2025-12-30 16:00:00,64.963633869484
2025-12-30 17:00:00,64.4824605935718
2025-12-30 18:00:00,65.0107699285205
2025-12-30 19:00:00,65.1402694811506
2025-12-30 20:00:00,64.253697585623
2025-12-30 21:00:00,63.9500097661764
2025-12-30 22:00:00,63.9607146724709
2025-12-30 23:00:00,64.1193222838824
2025-12-31 00:00:00,63.0453922573784
2025-12-31 01:00:00,63.4731437579799
2025-12-31 02:00:00,64.0527542465864
2025-12-31 03:00:00,64.0708405724751
2025-12-31 04:00:00,63.9046149950293
2025-12-31 05:00:00,64.1332898070905
2025-12-31 06:00:00,63.6682502759057
2025-12-31 08:00:00,62.7599748037301
2025-12-31 09:00:00,63.7401247568484
2025-12-31 10:00:00,63.2994039341506
2025-12-31 11:00:00,63.9367881088797
2025-12-31 12:00:00,63.7430063029053
2025-12-31 13:00:00,63.4432430635834
2025-12-31 14:00:00,62.9336380540357
2025-12-31 15:00:00,64.0846609501589
2025-12-31 16:00:00,63.7571969451507
2025-12-31 17:00:00,63.6040894722605
2025-12-31 18:00:00,63.3345637181806
2025-12-31 20:00:00,63.6772736474546
2025-12-31 21:00:00,63.4892154618594
2025-12-31 22:00:00,63.5983730987778
2025-12-31 23:00:00,63.9132006531796
2026-01-01 00:00:00,63.8052542299761
2026-01-01 01:00:00,62.7629542615769
2026-01-01 02:00:00,63.5454191324767
2026-01-01 03:00:00,62.9445234557412
2026-01-01 04:00:00,62.8536758722113
2026-01-01 05:00:00,62.7135575380359
2026-01-01 06:00:00,62.8200536535835
2026-01-01 07:00:00,62.8725098117752
2026-01-01 08:00:00,62.8071456214097
2026-01-01 09:00:00,63.3932042301654
2026-01-01 10:00:00,62.7197285450694
2026-01-01 11:00:00,63.2550673916053
2026-01-01 12:00:00,63.0549040397829
2026-01-01 13:00:00,63.3865026712319
2026-01-01 14:00:00,64.1616352687578
2026-01-01 15:00:00,63.6981656325494
2026-01-01 17:00:00,62.7786907466395
2026-01-02 02:00:00,62.6128414295918
2026-01-02 04:00:00,62.0859807448669
2026-01-02 05:00:00,62.4718056117135
2026-01-02 06:00:00,62.3815223763991
2026-01-02 07:00:00,62.331361705968
2026-01-02 08:00:00,61.4177488561549
2026-01-02 09:00:00,61.7809977307801
2026-01-02 10:00:00,62.42489660789
2026-01-02 11:00:00,62.6019739220161
2026-01-02 12:00:00,62.2853427309121
2026-01-02 13:00:00,62.0651370733857
2026-01-02 14:00:00,63.0754354195777
2026-01-02 15:00:00,62.5686366665838
2026-01-02 16:00:00,62.2001619961173
2026-01-02 17:00:00,62.1364272677144
2026-01-02 18:00:00,62.0786818351879
2026-01-02 19:00:00,62.4281945689494
2026-01-02 20:00:00,62.6877750307628
2026-01-02 21:00:00,61.6165162401896
2026-01-02 22:00:00,62.4409729973118
2026-01-02 23:00:00,62.140949968315
2026-01-03 00:00:00,62.0136877192947
2026-01-03 01:00:00,61.0119119246341
2026-01-03 02:00:00,61.2606153870762
2026-01-03 03:00:00,62.2320510475886
2026-01-03 04:00:00,62.141077708507
2026-01-03 05:00:00,61.4797440586565
2026-01-03 06:00:00,61.7690651290483
2026-01-03 07:00:00,61.1857620704997
2026-01-03 08:00:00,61.3231988664651
2026-01-03 09:00:00,61.5825157376294
2026-01-03 10:00:00,61.3030752723187
2026-01-03 11:00:00,61.5417948954804
2026-01-03 12:00:00,62.2380224921625
2026-01-03 13:00:00,62.1409659569287
2026-01-03 14:00:00,61.103113630516
2026-01-03 15:00:00,61.7323844137381
2026-01-03 16:00:00,61.7827288675515
2026-01-03 17:00:00,61.2347373145147
2026-01-03 18:00:00,62.4010286496546
2026-01-03 19:00:00,62.0515584836881
2026-01-03 20:00:00,61.5600720756895
2026-01-03 21:00:00,62.1755228469914
2026-01-03 22:00:00,61.5359223026043
2026-01-03 23:00:00,61.070287635012
2026-01-04 00:00:00,60.8425617050845
2026-01-04 01:00:00,60.2613899996504
2026-01-04 02:00:00,60.4847318393557
2026-01-04 03:00:00,60.5161476498501
2026-01-04 04:00:00,60.8553702805497
2026-01-04 05:00:00,60.8314120239943
2026-01-04 06:00:00,60.2491062680904
2026-01-04 07:00:00,60.705723728672
2026-01-04 08:00:00,61.5353625129527
2026-01-04 09:00:00,60.5333617454675
2026-01-04 10:00:00,61.3167587362945
2026-01-04 11:00:00,61.1080207628659
2026-01-04 12:00:00,60.089295929098
2026-01-04 13:00:00,60.8307880233912
2026-01-04 14:00:00,60.0944659106348
2026-01-04 15:00:00,61.0341696414108
2026-01-04 16:00:00,60.6731608230743
2026-01-04 17:00:00,60.6772046306973
2026-01-04 18:00:00,58.0562865049731
2026-01-04 20:00:00,60.9451945109236
2026-01-04 21:00:00,60.8179977380916
2026-01-04 22:00:00,60.5490513485819
2026-01-04 23:00:00,60.5771695659902
2026-01-05 00:00:00,61.5150491607672
2026-01-05 01:00:00,61.0212614427307
2026-01-05 02:00:00,60.7562441741965
2026-01-05 03:00:00,60.9088533057591
2026-01-05 04:00:00,60.1457083830892
2026-01-05 05:00:00,60.7088545144378
2026-01-05 06:00:00,59.6221767635968
2026-01-05 08:00:00,59.9661762932795
2026-01-05 10:00:00,60.3181532419713
2026-01-05 11:00:00,60.9358170231979
2026-01-05 12:00:00,60.4331989032084
2026-01-05 13:00:00,60.4253154095224
2026-01-05 14:00:00,60.5367148142122
2026-01-05 15:00:00,60.1628104469502
2026-01-05 16:00:00,60.4664291690588
2026-01-05 17:00:00,60.9780153057087
2026-01-05 18:00:00,60.7854431311916
2026-01-05 20:00:00,60.4715008456424
2026-01-05 21:00:00,60.8117621407008
2026-01-05 22:00:00,60.2459123028425
2026-01-05 23:00:00,60.4594257133975
2026-01-06 00:00:00,59.6239042584923
2026-01-06 01:00:00,60.1618758602215
2026-01-06 02:00:00,59.9678263505935
2026-01-06 03:00:00,59.3469578667627
2026-01-06 04:00:00,60.0108999877989
2026-01-06 05:00:00,59.0092529512298
2026-01-06 06:00:00,77.2231709438618
2026-01-06 08:00:00,51.3873673640526
2026-01-06 20:00:00,59.9314123617746
2026-01-06 21:00:00,59.7984894847958
2026-01-06 22:00:00,59.2322754714693
2026-01-06 23:00:00,59.9933641761574
2026-01-07 00:00:00,59.5737968936748
2026-01-07 01:00:00,59.1048292488016
2026-01-07 02:00:00,59.7602353782292
2026-01-07 03:00:00,58.9487362603006
2026-01-07 04:00:00,59.6099836906947
2026-01-07 05:00:00,59.720128788113
2026-01-07 06:00:00,59.200235598206
2026-01-07 08:00:00,59.4391910093345
2026-01-07 09:00:00,59.1058703102428
2026-01-07 10:00:00,59.0364898479293
2026-01-07 11:00:00,59.9613233075774
2026-01-07 12:00:00,60.1301781068014
2026-01-07 13:00:00,59.2242820468163
2026-01-07 14:00:00,58.6383496856642
2026-01-07 15:00:00,58.9902478039444
2026-01-07 16:00:00,59.2242434394351
2026-01-07 17:00:00,58.8709911790217
2026-01-07 18:00:00,59.7049783717777
2026-01-07 20:00:00,58.7836422093777
2026-01-07 21:00:00,59.2381781666044
2026-01-07 22:00:00,60.2147481554257
2026-01-07 23:00:00,59.2895852313907
2026-01-08 00:00:00,57.1161397476775
2026-01-08 01:00:00,57.4240221841918
2026-01-08 02:00:00,57.50432048183
2026-01-08 03:00:00,57.8527051010224
2026-01-08 04:00:00,58.3617791858176
2026-01-08 05:00:00,58.1439236058001
2026-01-08 06:00:00,58.0057835059667
2026-01-08 08:00:00,58.4693539344293
2026-01-08 10:00:00,58.3982111329453
2026-01-08 11:00:00,57.8088676167882
2026-01-08 12:00:00,43.2205797769479
2026-01-08 13:00:00,57.5192640835629
2026-01-08 14:00:00,58.0171301454014
2026-01-08 15:00:00,57.2997464253397
2026-01-08 16:00:00,57.2938721152012
2026-01-08 17:00:00,57.7021022457099
2026-01-08 18:00:00,58.0078767716997
2026-01-08 20:00:00,62.5238313894266
2026-01-08 21:00:00,58.0786189166762
2026-01-08 22:00:00,57.7909192960224
2026-01-08 23:00:00,57.6497223081959
2026-01-09 00:00:00,57.105022071937
2026-01-09 01:00:00,57.6291640250169
2026-01-09 02:00:00,56.5456476278101
2026-01-09 03:00:00,56.8240260095256
2026-01-09 04:00:00,57.869742833883
2026-01-09 05:00:00,58.0463190997263
2026-01-09 06:00:00,56.5961196497903
2026-01-09 08:00:00,57.1741490375209
2026-01-09 09:00:00,57.4981361849518
2026-01-09 10:00:00,57.3021812385801
2026-01-09 11:00:00,56.9924141198919
2026-01-09 12:00:00,56.3172720775211
2026-01-09 13:00:00,57.8671468549816
2026-01-09 14:00:00,66.2576888615696
2026-01-09 15:00:00,56.3463649403819
2026-01-09 16:00:00,56.8069737902407
2026-01-09 17:00:00,57.1327977797055
2026-01-09 18:00:00,57.2564031394708
2026-01-09 20:00:00,57.449119364811
2026-01-09 21:00:00,57.0319796899012
2026-01-09 22:00:00,57.2381789730396
2026-01-09 23:00:00,57.0418924876514
2026-01-10 00:00:00,56.7967839632696
2026-01-10 01:00:00,56.9584876675499
2026-01-10 02:00:00,56.9199455089496
2026-01-10 03:00:00,56.8370118147299
2026-01-10 04:00:00,57.0647149116539
2026-01-10 05:00:00,56.9400794785925
2026-01-10 08:00:00,56.589814601649
2026-01-10 09:00:00,57.3823982050384
2026-01-10 10:00:00,56.3408974163548
2026-01-10 11:00:00,56.6855262977548
2026-01-10 14:00:00,57.3922610284494
2026-01-10 15:00:00,56.3596397216908
2026-01-10 16:00:00,57.5860101649126
2026-01-10 17:00:00,57.2247003396187
2026-01-10 18:00:00,56.9130031606143
2026-01-10 20:00:00,56.7928724789074
2026-01-10 21:00:00,57.2253984158355
2026-01-10 22:00:00,57.1102421469628
2026-01-10 23:00:00,57.0275139333832
2026-01-11 00:00:00,55.5565164115066
2026-01-11 01:00:00,55.5602188838327
2026-01-11 02:00:00,56.0418307768731
2026-01-11 03:00:00,56.2180703213319
2026-01-11 04:00:00,
2026-01-11 05:00:00,
2026-01-11 06:00:00,
2026-01-11 08:00:00,56.3798215208954
2026-01-11 09:00:00,56.28962883967
2026-01-11 10:00:00,56.1872735356603
2026-01-11 11:00:00,55.7540941342336
2026-01-11 12:00:00,55.7206377147027
2026-01-11 13:00:00,55.755149923836
2026-01-11 14:00:00,55.8223449669529
2026-01-11 15:00:00,55.9203694180855
2026-01-11 16:00:00,55.3649462125765
2026-01-11 17:00:00,56.0536321968217
2026-01-11 18:00:00,55.9903818890231
2026-01-11 20:00:00,55.7681183425736
2026-01-11 21:00:00,55.9694894633883
2026-01-11 22:00:00,56.4090953807142
2026-01-11 23:00:00,56.5880364729587
2026-01-12 00:00:00,54.9680504925992
2026-01-12 01:00:00,55.3686227891859
2026-01-12 02:00:00,54.6733741149094
2026-01-12 03:00:00,55.1509402522615
2026-01-12 04:00:00,54.9422350620903
2026-01-12 05:00:00,55.0379697808484
2026-01-12 06:00:00,54.8940078303463
2026-01-12 08:00:00,55.0327199650731
2026-01-12 09:00:00,55.1174965120095
2026-01-12 10:00:00,55.1137305092483
2026-01-12 11:00:00,54.2083405018391
2026-01-12 12:00:00,55.1131395576164
2026-01-12 13:00:00,55.448630957751
2026-01-13 01:00:00,54.5810995228844
2026-01-13 02:00:00,54.6093531634435
2026-01-13 03:00:00,55.2597062785188
2026-01-13 04:00:00,54.6601919213499
2026-01-13 05:00:00,54.2944249609654
2026-01-13 06:00:00,55.1897321788292
2026-01-13 08:00:00,54.1672009642445
2026-01-13 09:00:00,55.1293032638256
2026-01-13 10:00:00,55.1202236549707
2026-01-13 11:00:00,55.2966138283088
2026-01-13 12:00:00,54.6540994631355
2026-01-13 13:00:00,55.7774328107147
2026-01-13 14:00:00,54.9201020439835
2026-01-13 15:00:00,54.5430079033821
2026-01-13 16:00:00,54.5769860878286
2026-01-13 17:00:00,55.0479183647262
2026-01-13 18:00:00,54.8093941002286
2026-01-13 20:00:00,54.4546325430954
2026-01-13 21:00:00,54.9705954757632
2026-01-13 22:00:00,54.5367247455279
2026-01-13 23:00:00,54.8102438894429
2026-01-14 00:00:00,53.8248009164533
2026-01-14 01:00:00,53.6926838417569
2026-01-14 02:00:00,53.179002783245
2026-01-14 03:00:00,52.9796311278572
2026-01-14 04:00:00,54.1780328848883
2026-01-14 05:00:00,54.020350352757
2026-01-14 06:00:00,53.9647940558618
2026-01-14 08:00:00,53.4869891873856
2026-01-14 09:00:00,52.9219073932666
2026-01-14 10:00:00,53.6882476700343
2026-01-14 11:00:00,53.9233212771502
2026-01-14 12:00:00,53.737742326297
2026-01-14 13:00:00,53.3066569838609
2026-01-14 14:00:00,53.766128017482
2026-01-14 15:00:00,53.2474513922116
2026-01-14 16:00:00,53.8204385940794
2026-01-14 17:00:00,53.7604892218163
2026-01-14 18:00:00,53.3736124463999
2026-01-14 20:00:00,53.4855542885084
2026-01-14 21:00:00,52.7868614755843
2026-01-14 22:00:00,53.430019539098
2026-01-14 23:00:00,53.0634173921657
2026-01-15 00:00:00,52.4010352712437
2026-01-15 01:00:00,52.1925930193616
2026-01-15 02:00:00,52.593055649656
2026-01-15 03:00:00,52.4946312676004
2026-01-15 04:00:00,57.4687865336599
2026-01-15 05:00:00,53.2070252480639
2026-01-15 06:00:00,52.7527075228661
2026-01-15 08:00:00,53.2077654816882
2026-01-15 09:00:00,52.7899436772503
2026-01-15 10:00:00,52.0698047659116
2026-01-15 11:00:00,52.3781582002604
2026-01-15 12:00:00,52.3217507297864
2026-01-15 13:00:00,52.7990040144014
2026-01-15 14:00:00,52.1354302673646
2026-01-15 15:00:00,52.0866561244315
2026-01-15 16:00:00,53.2526782986273
2026-01-15 17:00:00,52.9506270307829
2026-01-15 18:00:00,51.4807378124936
2026-01-15 20:00:00,53.1573303399488
2026-01-15 21:00:00,53.042737037596
2026-01-15 22:00:00,51.9988991964992
2026-01-15 23:00:00,51.6236532696343
2026-01-16 00:00:00,51.2035997610195
2026-01-16 01:00:00,51.4999966073508
2026-01-16 02:00:00,51.9648191336339
2026-01-16 03:00:00,51.7581764722994
2026-01-16 04:00:00,51.9402121968639
2026-01-16 05:00:00,51.4171994188933
2026-01-16 06:00:00,51.688535720221
2026-01-16 08:00:00,51.1692933490893
2026-01-16 10:00:00,51.1102404267292
2026-01-16 11:00:00,51.7015614664688
2026-01-16 12:00:00,51.6512401556268
2026-01-16 13:00:00,50.906693871874
2026-01-16 14:00:00,51.5366959280656
2026-01-16 15:00:00,51.6373591628652
2026-01-17 02:00:00,50.7437975402129
2026-01-17 03:00:00,49.7782242193139
2026-01-17 04:00:00,50.538919315661
2026-01-17 05:00:00,49.3715996665238
2026-01-17 06:00:00,50.5929855765442
2026-01-17 08:00:00,51.2582206157481
2026-01-17 09:00:00,49.8294607418399
2026-01-17 12:00:00,50.695820040214
2026-01-17 13:00:00,50.6228210791052
2026-01-17 14:00:00,50.5711226046678
2026-01-17 15:00:00,50.0742753618092
2026-01-17 16:00:00,50.2352880717181
2026-01-17 17:00:00,50.128958386501
2026-01-17 18:00:00,50.6669166707486
2026-01-17 19:00:00,50.4896028203639
2026-01-17 20:00:00,50.1618524011858
2026-01-17 21:00:00,50.5265438510672
2026-01-17 22:00:00,50.2270415435746
2026-01-17 23:00:00,50.6259578276618
2026-01-18 00:00:00,50.250323934421
2026-01-18 01:00:00,49.5072867617691
2026-01-18 02:00:00,49.900436350008
2026-01-18 03:00:00,50.1261005027346
2026-01-18 04:00:00,50.4785131235825
2026-01-18 05:00:00,49.7157147846633
2026-01-18 06:00:00,49.5923950077131
2026-01-18 08:00:00,49.7221527947064
2026-01-18 09:00:00,48.773087071736
2026-01-18 10:00:00,50.1496943008415
2026-01-18 21:00:00,49.3129684641599
2026-01-18 22:00:00,49.8268404401482
2026-01-18 23:00:00,48.9516652023908
2026-01-19 00:00:00,49.2717562907066
2026-01-19 01:00:00,49.5720316958502
2026-01-19 02:00:00,49.3761508883902
2026-01-19 03:00:00,49.1533921387002
2026-01-19 04:00:00,49.2884852683355
2026-01-19 05:00:00,49.349296039088
2026-01-19 06:00:00,49.5917833115017
2026-01-19 08:00:00,49.4732466909276
2026-01-19 09:00:00,49.3641978074921
2026-01-19 11:00:00,49.1415409375923
2026-01-19 12:00:00,50.0224447543789
2026-01-19 13:00:00,49.3907788138589
2026-01-19 14:00:00,48.6982800803356
2026-01-19 15:00:00,49.8256113945366
2026-01-19 16:00:00,49.5804366753265
2026-01-19 17:00:00,49.6551259323491
2026-01-19 18:00:00,48.9145230574536
2026-01-19 20:00:00,49.3139919199007
2026-01-19 21:00:00,49.9781149256927
2026-01-19 22:00:00,49.4097508240246
2026-01-19 23:00:00,49.6714344750246
2026-01-20 00:00:00,49.4807024025439
2026-01-20 06:00:00,49.6231628580265
2026-01-20 12:00:00,48.3592015838432
2026-01-20 18:00:00,49.3231314585305
2026-01-21 00:00:00,48.0635933438426
2026-01-21 06:00:00,48.4973365122271
2026-01-21 12:00:00,47.9753807128245
2026-01-21 18:00:00,48.3681183305305
2026-01-22 00:00:00,47.1929595866688
2026-01-22 06:00:00,47.9440871819808
2026-01-22 12:00:00,47.9824491287512
2026-01-22 18:00:00,47.3222870831564
2026-01-23 00:00:00,47.7201756229033
2026-01-23 06:00:00,46.906767113751
2026-01-23 12:00:00,47.7318309354536
2026-01-23 18:00:00,46.4155415633524
2026-01-24 00:00:00,46.4537454309472
2026-01-24 06:00:00,46.8966980511018
2026-01-24 12:00:00,46.1901654163971
2026-01-24 18:00:00,46.5597430084287
2026-01-25 00:00:00,45.7205664501868
2026-01-25 06:00:00,45.9502632997998
2026-01-25 12:00:00,45.7083406462979
2026-01-25 18:00:00,45.4466461062841
2026-01-26 00:00:00,45.4794512897617
2026-01-26 06:00:00,44.7921426598266
2026-01-26 12:00:00,45.0179649938483
2026-01-26 18:00:00,45.0768029190204
2026-01-27 00:00:00,45.1460322708152
2026-01-27 06:00:00,45.3625518826149
2026-01-27 12:00:00,45.427363401555
2026-01-27 18:00:00,45.0273618422618
2026-01-28 00:00:00,45.1428183465743
2026-01-28 06:00:00,44.6983563809213
2026-01-28 12:00:00,44.4667475017124
2026-01-28 18:00:00,44.436734250036
2026-01-29 00:00:00,44.9616478508771
2026-01-29 06:00:00,44.6428904033571
2026-01-29 12:00:00,44.3454624554662
2026-01-29 18:00:00,44.3909181014453
2026-01-30 00:00:00,43.355091110972
2026-01-30 06:00:00,43.9860640080851
2026-01-30 12:00:00,43.7976235206555
2026-01-30 18:00:00,43.4807428623575
2026-01-31 00:00:00,42.3096071947121
2026-01-31 06:00:00,43.0050782162609
2026-01-31 12:00:00,43.2274563493825
2026-01-31 18:00:00,43.4981560204361
2026-02-01 00:00:00,43.4085408800984
2026-02-01 06:00:00,42.8015129514335
2026-02-01 12:00:00,42.5174458251318
2026-02-01 18:00:00,42.5006110216838
2026-02-02 00:00:00,42.3675070768443
2026-02-02 06:00:00,42.0171950415749
2026-02-02 12:00:00,42.4249673335808
2026-02-02 18:00:00,41.5551769476237
2026-02-03 00:00:00,41.7094196907683
2026-02-03 06:00:00,41.4166475192643
2026-02-03 12:00:00,42.4733099568698
2026-02-03 18:00:00,42.2455884929375
2026-02-04 00:00:00,41.1988122316582
2026-02-04 06:00:00,41.4704087416929
2026-02-04 12:00:00,41.7728934860439
2026-02-04 18:00:00,
2026-02-05 00:00:00,
2026-02-05 06:00:00,
2026-02-05 12:00:00,40.52149387371
2026-02-05 18:00:00,40.6852306609051
2026-02-06 00:00:00,40.2355027175628
2026-02-06 06:00:00,40.655728141064
2026-02-06 12:00:00,40.3694782498969
2026-02-06 18:00:00,40.8037689540838
2026-02-07 00:00:00,39.4211427994098
2026-02-07 06:00:00,39.647637231939
2026-02-07 12:00:00,40.0097304732995
2026-02-07 18:00:00,39.40537368734
2026-02-08 00:00:00,
2026-02-08 06:00:00,
2026-02-08 12:00:00,
2026-02-08 18:00:00,
2026-02-09 00:00:00,68.2820869276966
2026-02-09 06:00:00,67.9401043538227
2026-02-09 12:00:00,68.2360917641409
2026-02-09 18:00:00,68.1189889299961
2026-02-10 00:00:00,68.0987984783634
2026-02-10 06:00:00,68.0298471972917
2026-02-10 12:00:00,67.9127550557809
2026-02-10 18:00:00,68.7698977484697
2026-02-11 00:00:00,68.3343409466253
2026-02-11 06:00:00,68.4454246318831
2026-02-11 12:00:00,68.4168392403714
2026-02-11 18:00:00,68.410954840775
2026-02-12 00:00:00,66.861885709162
2026-02-12 06:00:00,66.8290727816312
2026-02-12 12:00:00,66.9308689395549
2026-02-12 18:00:00,68.0287818918251
2026-02-13 00:00:00,66.1892498000993
2026-02-13 06:00:00,66.6867935680554
2026-02-13 12:00:00,66.3105481917479
2026-02-13 18:00:00,66.045603871662
2026-02-14 00:00:00,66.0570359041178
2026-02-14 06:00:00,66.0557350879513
2026-02-14 12:00:00,65.3392630258968
2026-02-14 18:00:00,65.0168080970522
2026-02-15 00:00:00,64.6833016407428
2026-02-15 06:00:00,64.4803925118843
2026-02-15 12:00:00,64.2407138554928
2026-02-15 18:00:00,64.1777350124692
2026-02-16 00:00:00,63.9596665308672
2026-02-16 06:00:00,64.7181551861137
2026-02-16 12:00:00,64.1087433892433
2026-02-16 18:00:00,63.7017525098908
2026-02-17 00:00:00,64.2059306124534
2026-02-17 06:00:00,63.6767564662011
2026-02-17 12:00:00,63.4734770715219
2026-02-17 18:00:00,64.1738926755486
2026-02-18 00:00:00,63.4738037454319
2026-02-18 06:00:00,63.3562446567838
2026-02-18 12:00:00,63.1369975663971
2026-02-18 18:00:00,63.555921482151
2026-02-19 00:00:00,63.2383133222737
2026-02-19 06:00:00,63.1674262759807
2026-02-19 12:00:00,63.2613392614154
2026-02-19 18:00:00,62.9498681062188
2026-02-20 00:00:00,62.6135326878818
2026-02-20 06:00:00,62.9526688928485
2026-02-20 12:00:00,63.0234418423386
2026-02-20 18:00:00,62.6273410128579
2026-02-21 00:00:00,62.0571063678718
2026-02-21 06:00:00,61.7834409903478
2026-02-21 12:00:00,61.8157760274627
2026-02-21 18:00:00,62.2557175424503
2026-02-22 00:00:00,61.579740589875
2026-02-22 06:00:00,61.3616198381397
2026-02-22 12:00:00,61.4012783723775
2026-02-22 18:00:00,61.2411401042231
2026-02-23 00:00:00,60.4495168128381
2026-02-23 06:00:00,60.9460542890858
2026-02-23 12:00:00,60.9072876528289
2026-02-23 18:00:00,60.7549229375021
2026-02-24 00:00:00,60.4692726411333
2026-02-24 06:00:00,61.0118502943435
2026-02-24 12:00:00,60.2748289974716
2026-02-24 18:00:00,60.4850019926014
2026-02-25 00:00:00,59.776429107587
2026-02-25 06:00:00,59.6122457406194
2026-02-25 12:00:00,59.6931076033696
2026-02-25 18:00:00,59.2711369913188
2026-02-26 00:00:00,59.3355522286969
2026-02-26 06:00:00,59.5706186529096
2026-02-26 12:00:00,59.4080612019157
2026-02-26 18:00:00,58.991211494319
2026-02-27 00:00:00,58.5802878018744
2026-02-27 06:00:00,58.7921864625369
2026-02-27 12:00:00,59.2106064397335
2026-02-27 18:00:00,58.7911823732987
2026-02-28 00:00:00,58.6212299227547
2026-02-28 06:00:00,57.817112175242
2026-02-28 12:00:00,58.4048620328464
2026-02-28 18:00:00,58.9960036794145
2026-03-01 00:00:00,57.9782623514984
2026-03-01 06:00:00,58.6386321058
2026-03-01 12:00:00,57.8665457851811
2026-03-01 18:00:00,58.255983655593
2026-03-02 00:00:00,57.8703835691753
2026-03-02 06:00:00,58.5598076351725
2026-03-02 12:00:00,57.7338736007167
2026-03-02 18:00:00,57.4513479068993
2026-03-03 00:00:00,57.7247911014902
2026-03-03 06:00:00,58.0575836189696
2026-03-03 12:00:00,59.1288962665588
2026-03-03 18:00:00,58.4872184713353
2026-03-04 00:00:00,57.6157851159651
2026-03-04 06:00:00,58.6932843616644
2026-03-04 12:00:00,57.2423631453501
2026-03-04 18:00:00,
2026-03-05 00:00:00,56.7952633250839
2026-03-05 06:00:00,57.9206825476664
2026-03-05 12:00:00,56.69341854286
2026-03-05 18:00:00,56.5577190763718
2026-03-06 00:00:00,57.406722853742
2026-03-06 06:00:00,56.8205802744465
2026-03-06 12:00:00,57.8337640189493
2026-03-06 18:00:00,55.8234876305514
2026-03-07 00:00:00,56.9578407626769
2026-03-07 06:00:00,55.6582215708989
2026-03-07 12:00:00,56.8004665725415
2026-03-07 18:00:00,57.8209520682319
2026-03-08 00:00:00,45.9632794842505
2026-03-08 06:00:00,67.3943914447219
2026-03-08 12:00:00,55.4371546539482
2026-03-08 18:00:00,57.5334107304423
2026-03-09 00:00:00,55.2243801982994
2026-03-09 06:00:00,54.7176174269718
2026-03-09 12:00:00,56.2978152790452
2026-03-09 18:00:00,57.4702740125704
2026-03-10 00:00:00,55.6079277792238
2026-03-10 06:00:00,56.3412622123969
2026-03-10 12:00:00,56.5189603311479
2026-03-10 18:00:00,55.529420172054
2026-03-11 00:00:00,55.3014546835617
2026-03-11 06:00:00,54.6322269025528
2026-03-11 12:00:00,55.7122416382623
2026-03-11 18:00:00,55.6601666112851
2026-03-12 00:00:00,55.0959265906503
2026-03-12 06:00:00,55.2970266842472
2026-03-12 12:00:00,55.5967031298309
2026-03-12 18:00:00,55.0705752433641
2026-03-13 00:00:00,54.0942595869399
2026-03-13 06:00:00,54.1589960655763
2026-03-13 12:00:00,54.1651561126119
2026-03-13 18:00:00,54.4750647865327
2026-03-14 00:00:00,55.3556750877679
2026-03-14 06:00:00,55.8678031344743
2026-03-14 12:00:00,52.9631713277878
2026-03-14 18:00:00,53.7212683446831
2026-03-15 00:00:00,53.7032837213371
2026-03-15 06:00:00,52.8450318655673
2026-03-15 12:00:00,53.2911033003002
2026-03-15 18:00:00,54.8983063621969
2026-03-16 00:00:00,53.5928296040858
2026-03-16 06:00:00,53.5589949560585
2026-03-16 12:00:00,55.507830689961
2026-03-16 18:00:00,53.1852930313111
2026-03-17 00:00:00,53.9817975219292
2026-03-17 06:00:00,53.5892636827662
2026-03-17 12:00:00,52.5255490891921
2026-03-17 18:00:00,42.5033046937783
2026-03-18 00:00:00,54.041078635181
2026-03-18 06:00:00,53.8464553540888
2026-03-18 12:00:00,52.296714711592
2026-03-18 18:00:00,52.9911050370739
2026-03-19 00:00:00,67.3962174083609
2026-03-19 06:00:00,53.1385611980827
2026-03-19 12:00:00,51.7604875693633
2026-03-19 18:00:00,52.6875791988891
2026-03-20 00:00:00,52.3324153545568
2026-03-20 06:00:00,53.7182259372404
2026-03-20 12:00:00,52.7844642392538
2026-03-20 18:00:00,51.8761104695848
2026-03-21 00:00:00,52.6608490177729
2026-03-21 06:00:00,52.0338584883475
2026-03-21 12:00:00,51.5389410708125
2026-03-21 18:00:00,52.2046220890171
2026-03-22 00:00:00,51.9082894729397
2026-03-22 06:00:00,52.1544275236421
2026-03-22 12:00:00,53.1460207394594
2026-03-22 18:00:00,51.5102895160355
2026-03-23 00:00:00,51.1415026717123
2026-03-23 06:00:00,
2026-03-23 12:00:00,
2026-03-23 18:00:00,
2026-03-24 00:00:00,
2026-03-24 06:00:00,50.1702100731567
2026-03-24 12:00:00,51.6098536288814
2026-03-24 18:00:00,50.7914007538638
2026-03-25 00:00:00,
2026-03-25 06:00:00,
2026-03-25 12:00:00,
2026-03-25 18:00:00,
2026-03-26 00:00:00,68.7686358237495
2026-03-26 06:00:00,68.9455579724701
2026-03-26 12:00:00,69.1609862186988
2026-03-26 18:00:00,68.5598846618718
2026-03-27 00:00:00,68.4944539258996
2026-03-27 06:00:00,68.2931998391511
2026-03-27 12:00:00,68.012476301947
2026-03-27 18:00:00,68.2934967229462
2026-03-28 00:00:00,67.5743463862312
2026-03-28 06:00:00,67.8248145862142
2026-03-28 12:00:00,68.2899154230621
2026-03-28 18:00:00,68.1957917154341
2026-03-29 00:00:00,66.8510149881162
2026-03-29 06:00:00,67.7558980789791
2026-03-29 12:00:00,66.8966314567414
2026-03-29 18:00:00,68.1804481515029
2026-03-30 00:00:00,67.6531057946116
2026-03-30 06:00:00,68.312465359289
2026-03-30 12:00:00,66.7706993128377
2026-03-30 18:00:00,66.9107996326953
2026-03-31 00:00:00,66.3296813239583
2026-03-31 06:00:00,67.3657516810476
2026-03-31 12:00:00,65.8801769008878
2026-03-31 18:00:00,67.5903552849444
2026-04-01 00:00:00,66.7960064898453
2026-04-01 06:00:00,65.9353168301755
2026-04-01 12:00:00,66.0228917759918
2026-04-01 18:00:00,67.1117654170239
2026-04-02 00:00:00,64.7608524623352
2026-04-02 06:00:00,64.6424263013695
2026-04-02 12:00:00,67.0204824626012
2026-04-02 18:00:00,64.82337051127
2026-04-03 00:00:00,66.9519487612155
2026-04-03 06:00:00,65.0788660131292
2026-04-03 12:00:00,65.555024053421
2026-04-03 18:00:00,64.6462530496055
2026-04-04 00:00:00,65.4803516199946
2026-04-04 06:00:00,65.8358055941566
2026-04-04 12:00:00,66.1711957680627
2026-04-04 18:00:00,66.9001261507311
2026-04-05 00:00:00,64.75180953406
2026-04-05 06:00:00,66.1347246600879
2026-04-05 12:00:00,65.4044215569997
2026-04-05 18:00:00,64.2511401738747
2026-04-06 00:00:00,63.1056415050915
2026-04-06 06:00:00,62.9088872429237
2026-04-06 12:00:00,64.1666607982608
2026-04-06 18:00:00,63.8867316139253
2026-04-07 00:00:00,65.2626658661913
2026-04-07 06:00:00,63.8899073926848
2026-04-07 12:00:00,62.0819010818197
2026-04-07 18:00:00,64.9714831988864
2026-04-08 00:00:00,63.9755900656639
2026-04-08 06:00:00,64.4523390400135
2026-04-08 12:00:00,63.7551279499677
2026-04-08 18:00:00,64.391043194552
2026-04-09 00:00:00,63.0122299419857
2026-04-09 06:00:00,64.429567373153
2026-04-09 12:00:00,64.4226879923263
2026-04-09 18:00:00,63.8895412198992
2026-04-10 00:00:00,63.7363420556862
2026-04-10 06:00:00,64.138553513852
2026-04-10 12:00:00,62.7321058605879
2026-04-10 18:00:00,63.9129069852035
