time,per
2024-04-03 01:00:05,108.717644876774
2024-04-03 02:00:05,108.508046557199
2024-04-03 03:00:05,108.624395419865
2024-04-03 04:00:05,108.659839033236
2024-04-03 05:00:05,108.94967232582
2024-04-03 06:00:05,108.794955839223
2024-04-03 07:00:05,108.730683624874
2024-04-03 08:00:05,108.605301773391
2024-04-03 09:00:05,108.603538459128
2024-04-03 10:00:05,108.599385466914
2024-04-03 11:00:05,108.526513882363
2024-04-03 12:00:05,108.756957545828
2024-04-03 13:00:05,108.692834669076
2024-04-03 14:00:05,108.708614840511
2024-04-03 15:00:05,108.556190760315
2024-04-03 16:00:05,109.183299067336
2024-04-03 17:00:05,108.554184984024
2024-04-03 18:00:05,109.192525219068
2024-04-03 19:00:05,108.550782676102
2024-04-03 20:00:05,108.646756756315
2024-04-03 21:00:05,108.522324444149
2024-04-03 22:00:05,108.45621179311
2024-04-03 23:00:05,109.211043579085
2024-04-04 00:00:03,108.9206686342
2024-04-04 01:00:05,108.523990503004
2024-04-04 02:00:05,108.494647410095
2024-04-04 03:00:05,108.651322322407
2024-04-04 04:00:05,108.600549003159
2024-04-04 05:00:05,108.508785431331
2024-04-04 06:00:05,108.083185113483
2024-04-04 07:00:05,108.587074940882
2024-04-04 08:00:05,108.763983556043
2024-04-04 09:00:05,108.134718706864
2024-04-04 10:00:05,108.418844747048
2024-04-04 11:00:05,109.042703596333
2024-04-04 12:00:05,108.636161584885
2024-04-04 13:00:05,108.189462004133
2024-04-04 14:00:05,108.255335758116
2024-04-04 15:00:05,108.885458235971
2024-04-04 16:00:05,108.538389857941
2024-04-04 17:00:05,108.611406253391
2024-04-04 18:00:05,108.709451473775
2024-04-04 19:00:05,108.484333107072
2024-04-04 21:00:05,107.931152421742
2024-04-04 22:00:05,108.456844523878
2024-04-04 23:00:05,108.366103024582
2024-04-05 00:00:03,108.593240855675
2024-04-05 01:00:05,108.374211119447
2024-04-05 02:00:05,108.309557291285
2024-04-05 03:00:05,108.266993056437
2024-04-05 04:00:05,108.48629155183
2024-04-05 05:00:05,108.581911927609
2024-04-05 06:00:05,108.604436984878
2024-04-05 07:00:05,108.016029850845
2024-04-05 08:00:05,108.408494433236
2024-04-05 10:00:05,108.20810992437
2024-04-05 11:00:05,108.311984114515
2024-04-05 12:00:05,108.156632802748
2024-04-05 13:00:05,108.39835137196
2024-04-05 14:00:05,108.651085265884
2024-04-05 15:00:05,108.69986365303
2024-04-05 16:00:05,108.358698632414
2024-04-05 17:00:05,107.958796666097
2024-04-05 18:00:05,108.287763727378
2024-04-05 19:00:05,108.096312463336
2024-04-05 20:00:05,108.366804545077
2024-04-05 21:00:05,108.15146123512
2024-04-05 22:00:05,108.17447768725
2024-04-05 23:00:05,107.993096366085
2024-04-06 00:00:02,108.180997075295
2024-04-06 01:00:05,107.937208210034
2024-04-06 02:00:05,107.906251071758
2024-04-06 03:00:05,108.503748298089
2024-04-06 04:00:05,108.01007382913
2024-04-06 05:00:05,107.863876956462
2024-04-06 06:00:05,107.836817633058
2024-04-06 07:00:05,108.179441718911
2024-04-06 08:00:05,108.084018374207
2024-04-06 09:00:05,108.146818039812
2024-04-06 10:00:05,108.085178285262
2024-04-06 11:00:05,108.56021877643
2024-04-06 12:00:05,108.00725137483
2024-04-06 13:00:05,108.185488628438
2024-04-06 14:00:05,108.58751200618
2024-04-06 15:00:05,107.962636488775
2024-04-06 16:00:05,108.622031671726
2024-04-06 17:00:05,107.836684357831
2024-04-06 18:00:05,108.207211549674
2024-04-06 19:00:05,108.14868310391
2024-04-06 20:00:05,108.1031510494
2024-04-06 21:00:05,107.685725899511
2024-04-06 22:00:05,107.713971518088
2024-04-06 23:00:05,108.468159401632
2024-04-07 00:00:02,107.586321003585
2024-04-07 01:00:05,108.009588858813
2024-04-07 02:00:05,108.415630219416
2024-04-07 03:00:05,108.296082661673
2024-04-07 04:00:05,107.674812717214
2024-04-07 05:00:05,108.228461423751
2024-04-07 06:00:05,108.582168655953
2024-04-07 07:00:05,108.045900052368
2024-04-07 08:00:05,108.060272664105
2024-04-07 09:00:05,107.456343784958
2024-04-07 10:00:05,108.447574453199
2024-04-07 11:00:05,107.362304717897
2024-04-07 12:00:05,107.872552110462
2024-04-07 13:00:05,107.931340415246
2024-04-07 14:00:05,107.562816028931
2024-04-07 15:00:05,107.689354367573
2024-04-07 16:00:05,107.974707946317
2024-04-07 17:00:05,107.656030716264
2024-04-07 18:00:05,107.429721540253
2024-04-07 19:00:05,108.324370219655
2024-04-07 20:00:05,108.161367893953
2024-04-07 21:00:05,108.298390875152
2024-04-07 22:00:05,108.341344446461
2024-04-07 23:00:05,108.281454481904
2024-04-08 00:00:02,107.985224562683
2024-04-08 01:00:05,108.500961445836
2024-04-08 02:00:05,108.043642375656
2024-04-08 03:00:05,108.208719461473
2024-04-08 04:00:05,107.75091077395
2024-04-08 05:00:05,108.322072714974
2024-04-08 06:00:05,107.950412406895
2024-04-08 07:00:05,108.168075707474
2024-04-08 09:00:05,108.303748160898
2024-04-08 10:00:05,108.01245867315
2024-04-08 11:00:05,107.122537972753
2024-04-08 12:00:05,108.058898165216
2024-04-08 13:00:05,108.175987716501
2024-04-08 14:00:05,107.966553338478
2024-04-08 15:00:05,107.916937584215
2024-04-08 16:00:05,107.63351966278
2024-04-08 17:00:05,107.876517250615
2024-04-08 18:00:05,107.870809999984
2024-04-08 19:00:05,107.954730491224
2024-04-08 20:00:05,107.662587924378
2024-04-08 21:00:05,107.987480764756
2024-04-08 22:00:05,107.94229238244
2024-04-08 23:00:05,107.661629193574
2024-04-09 00:00:02,107.962458614995
2024-04-09 01:00:05,107.253030605052
2024-04-09 02:00:05,107.128978750602
2024-04-09 03:00:05,108.362621650772
2024-04-09 04:00:05,107.724513163982
2024-04-09 05:00:05,107.956079413335
2024-04-09 06:00:05,107.75920358345
2024-04-09 07:00:05,107.694257223857
2024-04-09 08:00:05,108.124696760856
2024-04-09 16:00:05,108.307272389062
2024-04-09 18:00:05,107.939766007565
2024-04-09 19:00:05,107.353044452292
2024-04-09 20:00:05,107.832674871736
2024-04-09 21:00:05,107.972679816988
2024-04-09 22:00:05,107.97956330199
2024-04-10 14:00:05,107.585471004263
2024-04-10 15:00:05,107.065012888554
2024-04-10 16:00:05,107.717927853928
2024-04-10 17:00:05,107.20253191907
2024-04-10 18:00:05,107.186926944619
2024-04-10 19:00:05,107.39148206785
2024-04-10 20:00:05,107.296296938232
2024-04-10 21:00:05,107.663388465733
2024-04-10 22:00:05,106.610367334648
2024-04-10 23:00:05,107.104626730759
2024-04-11 00:00:00,106.921418551179
2024-04-11 01:00:05,107.256478803464
2024-04-11 02:00:05,106.749148119423
2024-04-11 03:00:05,107.187786966234
2024-04-11 04:00:05,107.076314522657
2024-04-11 05:00:05,107.686817372742
2024-04-11 06:00:05,107.280241089725
2024-04-11 07:00:05,106.668941291781
2024-04-11 08:00:05,107.2933793228
2024-04-11 09:00:05,107.135284611199
2024-04-11 10:00:05,107.493256707804
2024-04-11 12:00:05,
2024-04-12 22:00:09,
2024-04-12 23:00:09,
2024-04-13 00:00:01,
2024-04-13 01:00:09,
2024-04-13 02:00:09,106.75809349932
2024-04-13 03:00:09,106.509799826579
2024-04-13 04:00:09,85.2221862299145
2024-04-13 15:00:09,106.722345718703
2024-04-13 16:00:09,107.498129922106
2024-04-13 17:00:09,106.433959897532
2024-04-13 18:00:09,106.780613192897
2024-04-13 19:00:09,106.459859600974
2024-04-13 20:00:09,107.05519627069
2024-04-13 21:00:09,107.390728873247
2024-04-13 22:00:09,106.300288238897
2024-04-13 23:00:09,106.607936614892
2024-04-14 00:00:00,106.752859205224
2024-04-14 01:00:09,106.286664640179
2024-04-14 02:00:09,106.294954077363
2024-04-14 03:00:09,106.335762805762
2024-04-14 04:00:09,106.267065615369
2024-04-14 05:00:09,106.541238644014
2024-04-14 06:00:09,106.522580754084
2024-04-14 07:00:09,106.86544795673
2024-04-14 08:00:09,106.334167465453
2024-04-14 10:00:09,106.282733416541
2024-04-14 11:00:09,106.327884519848
2024-04-14 12:00:09,107.070808210969
2024-04-14 13:00:09,107.00511219784
2024-04-14 14:00:09,106.859504829122
2024-04-14 15:00:09,106.394414440324
2024-04-14 16:00:09,107.322613607809
2024-04-14 17:00:09,106.927445590435
2024-04-14 18:00:09,106.433590702798
2024-04-14 19:00:09,106.013298882214
2024-04-14 20:00:09,106.058341878783
2024-04-14 21:00:09,106.033532947465
2024-04-14 22:00:09,107.053984361058
2024-04-14 23:00:09,
2024-04-15 00:00:00,106.410132251025
2024-04-15 01:00:09,106.526826276141
2024-04-15 02:00:09,106.058071042188
2024-04-15 03:00:09,106.516472816506
2024-04-15 04:00:09,106.58021682757
2024-04-15 05:00:09,106.077505658424
2024-04-15 06:00:09,106.025264069387
2024-04-15 07:00:09,106.700805279012
2024-04-15 08:00:09,106.192072861129
2024-04-15 09:00:09,105.672966480141
2024-04-15 10:00:09,106.104204169068
2024-04-15 11:00:09,106.902166590582
2024-04-15 12:00:09,105.965727847423
2024-04-15 13:00:09,106.021591691832
2024-04-15 14:00:09,106.314080050154
2024-04-15 15:00:09,106.073972335451
2024-04-15 16:00:09,106.164034325971
2024-04-15 17:00:09,106.207851811359
2024-04-15 18:00:09,106.908811187875
2024-04-15 19:00:09,106.455329574301
2024-04-15 20:00:09,106.168757036028
2024-04-15 21:00:09,106.41551006853
2024-04-15 22:00:09,106.340401774006
2024-04-15 23:00:09,106.512351594468
2024-04-16 00:00:01,106.381266862611
2024-04-16 01:00:09,106.057807207641
2024-04-16 02:00:09,106.177419738917
2024-04-16 03:00:09,106.036817863847
2024-04-16 04:00:09,106.123321336782
2024-04-16 05:00:09,106.369546026138
2024-04-16 06:00:09,106.164169190019
2024-04-16 07:00:09,105.812100618287
2024-04-16 08:00:09,
2024-04-16 09:00:09,
2024-04-16 10:00:09,
2024-04-16 11:00:09,
2024-04-16 12:00:01,106.04170119898
2024-04-16 13:00:01,106.208358455665
2024-04-16 14:00:01,106.567602272908
2024-04-16 15:00:01,105.663600444634
2024-04-16 16:00:01,105.820988310921
2024-04-16 17:00:01,106.487402688991
2024-04-16 18:00:01,105.785845019167
2024-04-16 19:00:01,106.111758141508
2024-04-16 20:00:01,106.211037231354
2024-04-16 21:00:01,106.101052311407
2024-04-16 22:00:01,106.289236130955
2024-04-16 23:00:01,106.184299065183
2024-04-17 00:00:00,105.632546846926
2024-04-17 01:00:01,106.077009500078
2024-04-17 02:00:01,105.846445503975
2024-04-17 03:00:01,105.96602905245
2024-04-17 04:00:01,106.243024696159
2024-04-17 05:00:01,106.041115291115
2024-04-17 06:00:01,106.033161099572
2024-04-17 07:00:01,106.342946646144
2024-04-17 19:00:00,106.20726065997
2024-04-17 20:00:00,105.649159304433
2024-04-17 21:00:00,106.035629554395
2024-04-17 22:00:00,106.259837789161
2024-04-17 23:00:00,106.421870730289
2024-04-18 00:00:00,105.464555806648
2024-04-18 01:00:00,105.530308882906
2024-04-18 02:00:00,105.947885572282
2024-04-18 03:00:00,105.57359787984
2024-04-18 04:00:00,106.050389398563
2024-04-18 05:00:00,105.501486656869
2024-04-18 06:00:00,105.617781425648
2024-04-18 07:00:00,105.934644551403
2024-04-18 08:00:00,105.991324359135
2024-04-18 09:00:00,105.848338901068
2024-04-18 10:00:00,105.734665946455
2024-04-18 11:00:00,105.864245346785
2024-04-18 12:00:00,105.643562897507
2024-04-18 13:00:00,106.003812206177
2024-04-18 14:00:00,105.394814170114
2024-04-18 15:00:00,105.712457974264
2024-04-18 16:00:00,105.396542036719
2024-04-18 17:00:00,105.29030314693
2024-04-18 18:00:00,105.791848800903
2024-04-18 19:00:00,105.856389663765
2024-04-18 20:00:00,99.2468124472396
2024-04-18 21:00:00,105.536100093133
2024-04-18 22:00:00,105.401234049896
2024-04-18 23:00:00,106.030970267255
2024-04-19 00:00:00,105.357264795129
2024-04-19 01:00:00,104.877337272509
2024-04-19 02:00:00,81.4219797768676
2024-04-19 03:00:00,105.245998378273
2024-04-19 04:00:00,105.210779239986
2024-04-19 05:00:00,105.528308711896
2024-04-19 06:00:00,105.431303705115
2024-04-19 07:00:00,104.704565356083
2024-04-19 08:00:00,105.58237041928
2024-04-19 09:00:00,105.521885484127
2024-04-19 10:00:00,105.221144081228
2024-04-19 11:00:00,105.19399967628
2024-04-19 12:00:00,84.3859861413521
2024-04-19 13:00:00,104.580808861499
2024-04-19 14:00:00,105.758314346716
2024-04-19 15:00:00,105.076143603852
2024-04-19 16:00:00,105.252014197513
2024-04-19 17:00:00,105.488240579238
2024-04-19 18:00:00,105.48079108117
2024-04-19 19:00:00,104.717150636952
2024-04-19 20:00:00,105.447530334486
2024-04-19 21:00:00,105.10663734756
2024-04-19 22:00:00,105.331733953924
2024-04-19 23:00:00,105.407428534907
2024-04-20 00:00:00,105.215359490361
2024-04-20 01:00:00,104.45483328918
2024-04-20 02:00:00,104.586788430151
2024-04-20 03:00:00,105.309535344477
2024-04-20 04:00:00,104.679674093701
2024-04-20 05:00:00,104.226462111336
2024-04-20 06:00:00,104.911610658121
2024-04-20 08:00:00,105.514690901019
2024-04-20 09:00:00,104.70355879261
2024-04-20 10:00:00,104.240921720591
2024-04-20 11:00:00,104.976200642904
2024-04-20 12:00:00,104.625188825628
2024-04-20 13:00:00,104.433091181779
2024-04-20 14:00:00,104.379457840743
2024-04-20 15:00:00,104.498829491812
2024-04-20 16:00:00,104.944356649745
2024-04-20 17:00:00,105.277013967557
2024-04-20 18:00:00,104.763065378418
2024-04-20 19:00:00,105.487535885283
2024-04-20 20:00:00,105.17997123538
2024-04-20 21:00:00,104.764668764539
2024-04-20 22:00:00,105.14992701464
2024-04-20 23:00:00,105.144930576573
2024-04-21 00:00:00,104.850567106902
2024-04-21 01:00:00,104.502440126738
2024-04-21 02:00:00,104.7943202949
2024-04-21 03:00:00,82.4031000751155
2024-04-21 04:00:00,104.066083442911
2024-04-21 06:00:00,104.9539324255
2024-04-21 07:00:00,104.860437420364
2024-04-21 08:00:00,105.144775497495
2024-04-21 09:00:00,104.942345446529
2024-04-21 10:00:00,104.484018377901
2024-04-21 11:00:00,104.366852123679
2024-04-21 12:00:00,104.269217382273
2024-04-21 13:00:00,
2024-04-21 14:00:00,
2024-04-21 15:00:00,
2024-04-21 16:00:00,104.822025912691
2024-04-21 17:00:00,105.144665187056
2024-04-21 18:00:00,104.823397828887
2024-04-21 19:00:00,104.488856628691
2024-04-21 20:00:00,104.429458954613
2024-04-21 21:00:00,104.01464958246
2024-04-21 22:00:00,
2024-04-21 23:00:00,104.858828147598
2024-04-22 00:00:00,104.55698054136
2024-04-22 00:00:01,104.433332411003
2024-04-22 01:00:00,104.371678668614
2024-04-22 02:00:00,104.287182125958
2024-04-22 03:00:00,104.854497857228
2024-04-22 04:00:00,104.348138763503
2024-04-22 05:00:00,103.71940860669
2024-04-22 06:00:00,104.465932352444
2024-04-22 07:00:00,103.758306223625
2024-04-22 08:00:00,103.8638602603
2024-04-22 10:00:00,104.142810081966
2024-04-22 12:00:07,104.441858387542
2024-04-22 13:00:07,104.184688869617
2024-04-22 14:00:07,104.324680939322
2024-04-22 15:00:07,103.607269712302
2024-04-22 16:00:07,104.197834747357
2024-04-22 17:00:07,104.450585641161
2024-04-22 18:00:07,104.761134724668
2024-04-22 19:00:07,103.670867661523
2024-04-22 20:00:07,95.9275124918257
2024-04-22 21:00:07,103.826668162983
2024-04-22 22:00:07,104.855834784612
2024-04-22 23:00:07,
2024-04-23 00:00:00,
2024-04-23 01:00:07,
2024-04-23 02:00:07,103.96449565592
2024-04-23 03:00:07,104.004659182412
2024-04-23 04:00:07,103.880692115762
2024-04-23 05:00:07,103.841235202909
2024-04-23 06:00:07,103.956818761287
2024-04-23 07:00:07,104.232049716496
2024-04-23 08:00:07,104.374229233639
2024-04-23 09:00:07,103.791754191679
2024-04-23 10:00:07,103.826621497493
2024-04-23 11:00:07,104.088709031041
2024-04-23 12:00:07,103.73004216906
2024-04-23 13:00:07,103.600357108395
2024-04-24 16:00:08,103.12112956031
2024-04-24 17:00:08,103.70448765984
2024-04-24 18:00:08,103.291010082307
2024-04-24 19:00:08,102.978713247957
2024-04-24 20:00:08,103.991981918077
2024-04-24 21:00:08,103.859741655249
2024-04-24 22:00:08,103.955010052011
2024-04-24 23:00:08,104.186069615256
2024-04-25 00:00:00,103.181042795008
2024-04-25 01:00:08,103.928476276852
2024-04-25 02:00:08,103.760849388171
2024-04-25 03:00:08,103.346472178304
2024-04-25 04:00:08,104.118474508025
2024-04-25 05:00:08,103.532914238754
2024-04-25 06:00:08,103.675538157616
2024-04-25 07:00:08,102.666412646151
2024-04-25 08:00:08,103.315690463479
2024-04-25 09:00:08,103.401443156167
2024-04-25 10:00:08,103.236190562806
2024-04-25 11:00:08,103.324146121051
2024-04-25 12:00:08,103.299861225243
2024-04-25 13:00:08,129.649999582697
2024-04-25 14:00:08,103.677892021958
2024-04-25 15:00:08,103.550787985641
2024-04-25 16:00:08,103.38224543725
2024-04-25 17:00:08,104.128170361835
2024-04-25 18:00:08,104.137936356842
2024-04-25 19:00:08,103.183671610871
2024-04-25 20:00:08,103.3431422672
2024-04-25 21:00:08,103.550255333563
2024-04-25 22:00:08,103.16839555415
2024-04-25 23:00:08,103.194843798959
2024-04-26 00:00:01,103.454787593552
2024-04-26 01:00:08,103.162369924639
2024-04-26 02:00:08,103.26991068909
2024-04-26 03:00:08,103.65643767422
2024-04-26 04:00:08,102.864069785264
2024-04-26 05:00:08,102.845700289824
2024-04-26 06:00:08,132.923621523353
2024-04-26 07:00:08,103.438385391846
2024-04-26 08:00:08,103.155532482256
2024-04-26 09:00:08,103.387832662337
2024-04-26 10:00:08,103.087380550027
2024-04-26 11:00:08,102.750960136325
2024-04-26 12:00:08,103.075958529895
2024-04-26 13:00:08,103.197594881514
2024-04-26 14:00:08,102.751608001829
2024-04-26 15:00:08,103.554421395899
2024-04-26 16:00:08,103.437867461904
2024-04-26 17:00:04,102.771131865796
2024-04-26 18:00:04,102.6964192445
2024-04-26 19:00:04,102.475890903972
2024-04-26 20:00:04,103.190745425804
2024-04-26 21:00:04,103.255257741406
2024-04-26 22:00:04,103.113648552954
2024-04-26 23:00:04,103.178967104939
2024-04-27 00:00:00,102.431679824641
2024-04-27 01:00:04,102.695766467646
2024-04-27 02:00:04,102.854316142385
2024-04-27 03:00:04,103.254616470129
2024-04-27 04:00:04,102.699762550483
2024-04-27 05:00:04,102.435757451788
2024-04-27 06:00:04,103.004660954483
2024-04-27 07:00:04,102.829344338074
2024-04-27 08:00:04,102.407853962075
2024-04-27 10:00:04,102.774504935894
2024-04-27 11:00:04,103.219063762144
2024-04-28 00:00:01,102.861791894879
2024-04-28 01:00:04,102.360201258489
2024-04-28 02:00:04,102.399722974933
2024-04-28 03:00:04,102.424024761516
2024-04-28 04:00:04,102.327303207128
2024-04-28 05:00:04,102.499704305759
2024-04-28 06:00:04,102.815871075403
2024-04-28 07:00:04,102.477901388632
2024-04-28 08:00:04,102.761153461234
2024-04-28 09:00:04,102.490662977673
2024-04-28 11:00:04,102.676921371469
2024-04-28 12:00:04,102.582978075482
2024-04-28 13:00:04,102.301695814251
2024-04-28 14:00:04,102.454011638026
2024-04-28 15:00:04,102.413846192594
2024-04-28 16:00:04,102.662616613054
2024-04-28 17:00:04,102.277418362594
2024-04-28 18:00:04,102.476138301472
2024-04-28 19:00:04,102.405878036097
2024-04-28 20:00:04,102.429684312692
2024-04-28 21:00:04,102.157759827642
2024-04-28 22:00:04,102.655328163968
2024-04-28 23:00:04,102.837300356837
2024-04-29 00:00:00,102.507306830519
2024-04-29 01:00:04,102.383620075827
2024-04-29 02:00:04,102.662907192068
2024-04-29 03:00:04,102.314047023205
2024-04-29 04:00:04,102.921108871531
2024-04-29 05:00:04,102.690750209739
2024-04-29 06:00:04,102.518859204802
2024-04-29 07:00:04,102.831941612797
2024-04-29 08:00:04,102.007121906776
2024-04-29 09:00:04,102.552764849595
2024-04-29 10:00:04,102.28322927583
2024-04-29 11:00:04,101.74215794585
2024-04-29 12:00:04,102.472290945856
2024-04-29 13:00:04,102.250485044396
2024-04-29 14:00:04,102.821180206853
2024-04-29 15:00:04,102.357544715811
2024-05-14 14:00:08,103.141783621236
2024-05-14 15:00:08,103.363862485755
2024-05-14 16:00:08,102.909861943177
2024-05-14 17:00:08,102.008897530047
2024-05-14 18:00:08,101.646087427719
2024-05-14 19:00:08,101.096913690722
2024-05-14 20:00:08,102.976675955111
2024-05-14 21:00:08,100.295786543458
2024-05-14 22:00:08,99.758692995228
2024-05-14 23:00:08,102.10111855507
2024-05-15 00:00:00,102.493800437878
2024-05-15 01:00:08,102.191794507064
2024-05-15 02:00:08,100.882913970738
2024-05-15 03:00:08,103.052362447162
2024-05-15 04:00:08,103.411348740065
2024-05-15 05:00:08,101.050606834625
2024-05-15 06:00:08,101.96063710201
2024-05-15 07:00:08,102.137355767099
2024-05-15 08:00:08,102.898853752386
2024-05-15 11:00:08,103.390494581066
2024-05-15 12:00:08,101.901837598472
2024-05-15 13:00:08,102.11440560222
2024-05-15 14:00:08,100.528100074081
2024-05-15 15:00:08,102.684225924215
2024-05-15 16:00:08,100.992442723024
2024-05-15 17:00:08,101.805120158334
2024-05-15 18:00:08,101.40582652042
2024-05-15 19:00:08,102.939665222308
2024-05-15 20:00:08,100.208073805406
2024-05-15 21:00:08,103.713592055408
2024-05-15 22:00:08,101.523271337412
2024-05-15 23:00:08,101.855157009187
2024-05-16 00:00:00,101.500724224696
2024-05-16 01:00:08,103.682560171669
2024-05-16 02:00:08,101.537297830701
2024-05-16 03:00:08,103.504324424801
2024-05-16 04:00:08,101.061968750081
2024-05-16 05:00:08,99.3505246525017
2024-05-16 06:00:08,100.568914153282
2024-05-16 07:00:08,101.418206788739
2024-05-16 08:00:08,102.837603841225
2024-05-16 10:00:08,101.949338827378
2024-05-17 03:00:08,100.95468996911
2024-05-17 05:00:08,100.049501513088
2024-05-17 06:00:08,100.916501453362
2024-05-17 07:00:08,101.757121692273
2024-05-17 08:00:08,101.013100013989
2024-05-17 09:00:08,101.413629569983
2024-05-17 10:00:08,100.999530173374
2024-05-17 11:00:08,101.229979737174
2024-05-17 12:00:08,101.425761611877
2024-05-17 13:00:08,102.718951372089
2024-05-17 14:00:08,100.72627341871
2024-05-17 15:00:08,103.813815184816
2024-05-17 16:00:08,87.106384640464
2024-05-17 17:00:08,101.32137722163
2024-05-17 18:00:08,101.012311500242
2024-05-17 19:00:08,99.8926925045721
2024-05-17 20:00:08,101.158691667174
2024-05-17 21:00:08,102.278059962683
2024-05-17 22:00:08,101.473006237033
2024-05-17 23:00:08,101.219575313384
2024-05-18 00:00:00,98.0240983938083
2024-05-18 01:00:08,103.481375028474
2024-05-18 02:00:08,100.634501856605
2024-05-18 03:00:08,101.439821895455
2024-05-18 04:00:08,100.98412723965
2024-05-18 05:00:08,100.632175407409
2024-05-18 06:00:08,100.387122274378
2024-05-18 07:00:08,101.178077439847
2024-05-18 09:00:08,101.599028196136
2024-05-18 10:00:08,101.430934723073
2024-05-18 11:00:08,
2024-05-18 12:00:08,
2024-05-18 13:00:08,102.371842936216
2024-05-18 14:00:08,99.9180834132317
2024-05-18 15:00:08,98.8287874837761
2024-05-18 16:00:08,101.424843753009
2024-05-18 17:00:08,100.781521828769
2024-05-18 18:00:08,102.510736670982
2024-05-18 19:00:08,101.135598276499
2024-05-18 20:00:08,98.6227670026935
2024-05-18 21:00:08,103.3108638624
2024-05-18 22:00:08,101.234552356638
2024-05-18 23:00:08,99.7146544386361
2024-05-19 00:00:01,
2024-05-19 01:00:08,
2024-05-19 02:00:08,
2024-05-19 03:00:08,
2024-05-19 04:00:08,
2024-05-19 05:00:08,
2024-05-19 06:00:08,
2024-05-19 07:00:08,
2024-05-19 09:00:08,
2024-05-19 10:00:08,
2024-05-19 11:00:08,
2024-05-19 12:00:08,
2024-05-19 13:00:08,
2024-05-19 14:00:08,
2024-05-19 15:00:08,
2024-05-19 16:00:08,
2024-05-19 17:00:08,
2024-05-19 18:00:08,
2024-05-19 19:00:08,
2024-05-19 20:00:08,
2024-05-19 21:00:08,
2024-05-19 22:00:08,
2024-05-19 23:00:08,
2024-05-20 00:00:00,115.722894717087
2024-05-20 01:00:08,115.206694804229
2024-05-20 02:00:08,115.602567558448
2024-05-20 03:00:08,115.382436692524
2024-05-20 04:00:08,115.524153889981
2024-05-20 05:00:08,115.363349104821
2024-05-20 06:00:08,115.794978437021
2024-05-20 07:00:08,116.509214644993
2024-05-20 09:00:08,84.21985367878
2024-05-20 10:00:08,115.560112116562
2024-05-20 11:00:08,
2024-05-20 12:00:08,
2024-05-20 13:00:08,
2024-05-20 14:00:08,
2024-05-20 15:00:08,
2024-05-20 16:00:08,114.925440349922
2024-05-20 17:00:08,116.018901346839
2024-05-20 18:00:08,115.077712872251
2024-05-21 06:00:08,115.273348155396
2024-05-21 09:00:08,115.369696287945
2024-05-21 11:00:08,115.734973045858
2024-05-21 12:00:08,115.834306579553
2024-05-21 13:00:08,116.425541451722
2024-05-21 14:00:08,115.433701565845
2024-05-21 15:00:08,115.224140031191
2024-05-21 16:00:08,115.470275808318
2024-05-21 17:00:08,115.721126472985
2024-05-21 18:00:08,116.589209953415
2024-05-21 19:00:08,115.748869974312
2024-05-21 20:00:08,115.56489861933
2024-05-21 21:00:08,115.884508527566
2024-05-21 22:00:08,115.175926675145
2024-05-21 23:00:08,115.744308617667
2024-05-22 00:00:02,115.356192669768
2024-05-22 01:00:08,
2024-05-22 02:00:08,
2024-05-22 03:00:08,
2024-05-22 04:00:08,
2024-05-22 05:00:08,116.853552267714
2024-05-22 06:00:08,115.671123010305
2024-05-22 07:00:08,115.366434167865
2024-05-22 09:00:08,115.760374431325
2024-05-22 10:00:08,116.748379370661
2024-05-22 11:00:08,114.985608606307
2024-05-22 12:00:08,115.940167356244
2024-05-22 13:00:08,115.904564351529
2024-05-22 14:00:08,115.064507090037
2024-05-22 15:00:08,88.6587551353619
2024-05-22 16:00:08,115.576130073441
2024-05-22 17:00:08,114.662878484118
2024-05-22 18:00:08,115.879045610545
2024-05-22 19:00:08,115.269785314927
2024-05-22 20:00:08,115.585107188397
2024-05-22 21:00:08,115.946325238655
2024-05-22 22:00:08,115.383765288318
2024-05-22 23:00:08,115.770984634206
2024-05-23 00:00:01,115.480105723501
2024-05-23 01:00:08,116.607724232645
2024-05-23 02:00:08,115.893650782202
2024-05-23 03:00:08,116.990119955901
2024-05-23 04:00:08,112.747317969878
2024-05-23 05:00:08,116.190937611728
2024-05-23 06:00:08,115.231138690153
2024-05-23 07:00:08,115.023757661242
2024-05-23 08:00:08,113.741847535801
2024-05-23 09:00:08,116.726705322219
2024-05-23 10:00:08,115.280161993581
2024-05-23 11:00:08,117.936910590976
2024-05-23 12:00:08,114.809542761903
2024-05-23 13:00:08,118.408692083187
2024-05-23 14:00:08,117.217812391548
2024-05-23 15:00:08,114.697710696248
2024-05-23 16:00:08,116.417493131919
2024-05-23 17:00:08,114.517030697874
2024-05-23 18:00:08,114.579950890114
2024-05-23 19:00:08,117.016055692641
2024-05-23 20:00:08,113.828424486262
2024-05-23 21:00:08,115.03873126645
2024-05-23 22:00:08,116.804743274124
2024-05-23 23:00:08,115.824246549963
2024-05-24 00:00:02,114.353603589246
2024-05-24 01:00:08,115.03396011179
2024-05-24 02:00:08,116.486742547965
2024-05-24 03:00:08,115.011258012372
2024-05-24 04:00:08,115.556827493613
2024-05-24 05:00:08,114.94018835796
2024-05-24 06:00:08,115.141127633156
2024-05-24 07:00:08,115.24950488115
2024-05-24 08:00:08,115.770637773235
2024-05-24 09:00:08,115.44037420466
2024-05-24 10:00:08,113.326267544348
2024-05-24 11:00:08,116.23454826506
2024-05-24 12:00:08,114.570903027428
2024-05-24 13:00:08,117.408243945985
2024-05-24 14:00:08,114.59834422134
2024-05-24 15:00:08,115.995452272036
2024-05-24 16:00:08,115.448947268995
2024-05-24 17:00:08,116.689656979623
2024-05-24 18:00:08,116.039413491175
2024-05-24 19:00:08,116.00633232647
2024-05-24 21:00:08,115.800751129873
2024-05-24 22:00:08,116.242245879213
2024-05-25 00:00:01,114.801200454414
2024-05-25 12:00:08,115.774410246185
2024-05-25 13:00:08,116.340200757274
2024-05-25 14:00:08,114.37012332002
2024-05-25 15:00:08,114.514511503506
2024-05-25 16:00:08,115.688516626589
2024-05-25 17:00:08,114.206759513897
2024-05-25 18:00:08,112.974327342689
2024-05-25 19:00:08,114.562440517746
2024-05-25 20:00:08,115.573522734172
2024-05-25 21:00:08,115.296755496307
2024-05-25 22:00:08,117.306559049759
2024-05-25 23:00:08,114.953320219757
2024-05-26 00:00:00,117.458004767568
2024-05-26 00:00:01,117.128436908545
2024-05-26 01:00:08,116.657400281254
2024-05-26 02:00:08,115.005237487615
2024-05-26 03:00:08,116.639698262809
2024-05-26 04:00:08,115.090807292689
2024-05-26 05:00:08,115.296373311444
2024-05-26 06:00:08,115.271666667771
2024-05-26 07:00:08,116.369402503936
2024-05-26 09:00:08,117.115484760624
2024-05-26 10:00:08,114.095398290965
2024-05-26 11:00:08,115.016554316624
2024-05-26 12:00:08,114.781641851162
2024-05-26 13:00:08,115.46596470606
2024-05-26 14:00:08,117.55449528454
2024-05-26 15:00:08,116.293357841451
2024-05-26 16:00:08,114.953824067479
2024-05-26 17:00:08,114.486844692518
2024-05-26 18:00:08,114.011776312445
2024-05-26 19:00:08,116.098285005303
2024-05-26 20:00:08,117.654255189526
2024-05-26 21:00:08,114.80075197741
2024-05-26 22:00:08,115.133061487824
2024-05-26 23:00:08,116.516342690342
2024-05-27 00:00:02,114.84772812546
2024-05-27 01:00:08,114.801302848203
2024-05-27 02:00:08,114.72754527878
2024-05-27 03:00:08,115.735482606399
2024-05-27 04:00:08,116.162275276238
2024-05-27 05:00:08,114.798644231431
2024-05-27 06:00:08,115.840695720218
2024-05-27 08:00:08,114.894426723979
2024-05-27 11:00:08,113.50452841696
2024-05-27 12:00:08,116.109930011241
2024-05-27 13:00:08,115.77541407753
2024-05-27 14:00:07,114.383206463187
2024-05-27 16:00:07,117.261116296323
2024-05-27 17:00:07,117.254794653618
2024-05-27 18:00:07,117.4037340578
2024-05-27 19:00:07,116.350879579277
2024-05-27 20:00:07,113.44236654768
2024-05-27 21:00:07,116.947681637551
2024-05-27 22:00:07,113.967736354737
2024-05-27 23:00:07,117.091136485471
2024-05-28 01:00:07,115.702271606708
2024-05-28 02:00:07,114.545280288755
2024-05-28 03:00:07,114.767033196069
2024-05-28 04:00:07,113.503597249713
2024-05-28 05:00:07,114.705818229847
2024-05-28 06:00:07,117.054185612121
2024-05-28 08:00:07,114.425828104287
2024-05-28 10:00:07,
2024-05-28 11:00:07,
2024-05-28 12:00:07,
2024-05-28 14:00:07,
2024-05-28 15:00:07,
2024-05-28 16:00:07,114.931440951979
2024-05-28 17:00:07,116.163316863772
2024-05-28 18:00:07,115.027645916865
2024-05-28 19:00:07,115.615862981447
2024-05-28 20:00:07,115.092296380008
2024-05-28 21:00:07,115.229696527405
2024-05-28 22:00:07,115.044532113218
2024-05-28 23:00:07,115.322104742272
2024-05-29 12:00:05,115.581265895112
2024-05-29 13:00:05,113.720934087471
2024-05-29 14:00:05,115.507751824875
2024-05-29 15:00:05,115.356594647783
2024-05-29 16:00:05,114.426044259875
2024-05-29 17:00:05,114.812551846319
2024-05-29 18:00:05,117.312675573458
2024-05-29 19:00:05,116.064954341546
2024-05-29 20:00:05,115.070202298561
2024-05-29 21:00:05,115.664493368511
2024-05-29 22:00:05,114.187843066974
2024-05-29 23:00:05,116.67570050166
2024-05-30 00:00:01,114.866579343659
2024-05-30 01:00:05,115.081640970691
2024-05-30 02:00:05,114.714881409979
2024-05-30 03:00:05,114.098458014084
2024-05-30 04:00:05,116.416730944292
2024-05-30 05:00:05,116.354310546229
2024-05-30 06:00:05,113.180200177225
2024-05-30 10:00:05,113.734166141909
2024-05-30 11:00:08,114.873121612632
2024-05-30 12:00:08,114.428694023533
2024-05-30 13:00:08,115.691096679869
2024-05-30 14:00:08,116.64700996864
2024-05-30 15:00:05,114.595376518554
2024-05-30 16:00:05,114.086897197892
2024-05-30 17:00:05,116.519148060381
2024-05-30 18:00:05,116.136322790097
2024-05-30 19:00:05,115.39017793531
2024-05-30 20:00:05,114.654919913807
2024-05-30 21:00:05,114.970358040617
2024-05-30 22:00:05,115.063134050548
2024-05-30 23:00:05,115.80311751406
2024-05-31 01:00:05,116.235458477929
2024-05-31 02:00:05,115.127995663052
2024-05-31 03:00:05,115.691406983086
2024-05-31 04:00:05,117.568388000051
2024-05-31 05:00:05,114.7389861858
2024-05-31 06:00:05,136.542766625993
2024-05-31 07:00:05,114.293251021908
2024-05-31 08:00:05,115.02497630219
2024-05-31 09:00:05,114.86431554737
2024-05-31 10:00:05,113.382132586438
2024-05-31 11:00:08,116.103715366944
2024-05-31 12:00:08,115.159925865587
2024-05-31 13:00:08,114.510163360068
2024-05-31 14:00:08,115.086395534367
2024-05-31 15:00:08,115.136168435584
2024-05-31 16:00:08,113.38557935438
2024-05-31 17:00:08,115.89145829629
2024-05-31 18:00:08,114.386817530789
2024-05-31 19:00:08,115.828678539498
2024-05-31 20:00:08,114.55632139562
2024-05-31 21:00:08,115.047739168119
2024-05-31 22:00:08,115.663177189118
2024-05-31 23:00:08,114.787528179073
2024-06-01 00:00:01,117.993667711404
2024-06-01 01:00:08,113.332577570798
2024-06-01 02:00:08,114.671323141277
2024-06-01 03:00:08,116.180222349345
2024-06-01 04:00:08,120.687749841502
2024-06-01 05:00:08,115.157787249934
2024-06-01 06:00:08,113.633859419662
2024-06-01 07:00:08,115.901519055511
2024-06-01 08:00:08,118.777152887654
2024-06-01 09:00:08,111.332268799585
2024-06-03 10:00:07,114.214518396688
2024-06-03 11:00:07,116.615391114833
2024-06-03 12:00:07,112.56164822425
2024-06-03 13:00:07,115.021009420019
2024-06-03 14:00:07,113.073403350431
2024-06-03 15:00:07,115.554006970928
2024-06-03 16:00:07,112.026659816061
2024-06-03 17:00:07,117.596872384056
2024-06-03 18:00:07,114.289186613172
2024-06-03 19:00:07,114.669547039722
2024-06-03 20:00:07,118.372934606237
2024-06-03 21:00:07,114.037022625805
2024-06-03 22:00:07,114.864232877529
2024-06-03 23:00:07,115.564895437325
2024-06-04 00:00:00,115.792116177706
2024-06-04 01:00:07,113.826686568577
2024-06-04 02:00:07,116.328151895807
2024-06-04 03:00:07,108.380510881407
2024-06-04 04:00:07,115.685244675336
2024-06-04 05:00:07,117.002194424848
2024-06-04 06:00:07,111.218997143063
2024-06-04 07:00:07,112.02109047912
2024-06-04 08:00:07,112.412905823801
2024-06-04 09:00:07,111.658857994964
2024-06-04 10:00:05,119.90230560877
2024-06-04 11:00:05,112.774729224851
2024-06-04 12:00:05,118.649991240212
2024-06-04 13:00:05,119.04983074311
2024-06-04 14:00:05,114.415475852914
2024-06-04 15:00:05,119.731904115807
2024-06-04 16:00:05,115.180643824042
2024-06-04 17:00:05,116.551179441166
2024-06-04 18:00:05,114.795806855797
2024-06-04 19:00:05,113.024929364987
2024-06-04 20:00:05,115.532267291957
2024-06-04 21:00:05,114.76866970865
2024-06-04 22:00:05,114.833795752477
2024-06-04 23:00:05,116.350172167618
2024-06-05 00:00:00,115.100680967212
2024-06-05 01:00:05,111.907570902163
2024-06-05 02:00:05,114.246490409853
2024-06-05 03:00:05,117.393515615599
2024-06-05 04:00:05,117.122388383768
2024-06-05 05:00:05,117.785261098552
2024-06-05 06:00:05,119.555707017539
2024-06-05 07:00:05,117.752531502308
2024-06-05 08:00:05,114.590242361552
2024-06-05 09:00:05,119.386880937172
2024-06-05 10:00:05,112.769170484421
2024-06-05 11:00:05,118.385660285169
2024-06-05 12:00:05,118.558281835685
2024-06-05 13:00:05,115.111161808059
2024-06-05 14:00:05,117.534250148593
2024-06-05 15:00:05,116.586859142717
2024-06-05 16:00:05,114.714744149308
2024-06-05 17:00:05,113.535785427498
2024-06-05 18:00:05,110.62228053764
2024-06-05 19:00:05,116.94624761674
2024-06-05 20:00:05,112.313805219519
2024-06-05 21:00:05,111.485249367393
2024-06-05 22:00:05,116.281942277309
2024-06-05 23:00:05,114.810392831177
2024-06-06 00:00:00,109.953369533308
2024-06-06 01:00:05,118.357676798958
2024-06-06 02:00:05,118.844288714964
2024-06-06 03:00:05,116.600039647486
2024-06-06 04:00:05,112.874643206903
2024-06-06 05:00:05,111.083700835894
2024-06-06 06:00:05,113.70130819057
2024-06-06 07:00:05,108.027971363554
2024-06-06 08:00:05,114.440828925635
2024-06-06 18:00:05,110.612955750515
2024-06-06 19:00:05,112.111899551557
2024-06-06 21:00:05,118.313615278768
2024-06-06 22:00:05,117.085530560565
2024-06-06 23:00:05,120.045674962589
2024-06-07 00:00:00,114.929499047975
2024-06-07 01:00:05,112.584054752196
2024-06-07 02:00:05,114.413051608567
2024-06-07 03:00:05,112.901742211347
2024-06-07 04:00:05,116.762588408735
2024-06-07 05:00:05,113.064250320653
2024-06-07 06:00:05,114.951973122145
2024-06-07 07:00:05,121.32329701768
2024-06-07 08:00:05,114.323016457311
2024-06-07 10:00:05,115.157142564855
2024-06-07 11:00:05,111.356619531207
2024-06-07 12:00:05,122.453000612712
2024-06-07 13:00:05,
2024-06-07 14:00:05,
2024-06-07 15:00:05,
2024-06-07 16:00:05,
2024-06-07 17:00:05,89.7056596104306
2024-06-07 18:00:05,120.197489163908
2024-06-07 19:00:05,120.294842117758
2024-06-07 20:00:05,117.038108715504
2024-06-07 21:00:05,115.565094006354
2024-06-07 22:00:05,116.257367716336
2024-06-07 23:00:05,116.983877256355
2024-06-08 00:00:01,113.028054441339
2024-06-08 01:00:05,112.762077156027
2024-06-08 02:00:05,118.06228518261
2024-06-08 03:00:05,108.490352237935
2024-06-08 04:00:05,112.625224553081
2024-06-08 05:00:05,114.658844281978
2024-06-08 06:00:05,115.053658770428
2024-06-08 07:00:05,117.846086469426
2024-06-08 08:00:05,114.844107934934
2024-06-08 10:00:05,112.530059431763
2024-06-08 11:00:05,
2024-06-08 12:00:05,
2024-06-08 13:00:05,
2024-06-08 14:00:05,116.699836404362
2024-06-08 15:00:05,111.9342333116
2024-06-08 16:00:05,108.77469991183
2024-06-08 17:00:05,116.384731470676
2024-06-08 18:00:05,113.997281525236
2024-06-08 19:00:05,115.889549415352
2024-06-08 20:00:05,121.570274087039
2024-06-08 21:00:05,114.635413879468
2024-06-08 22:00:05,115.876778353164
2024-06-08 23:00:05,112.379967141328
2024-06-09 00:00:01,113.874508604963
2024-06-09 01:00:05,114.596899379656
2024-06-09 02:00:05,120.918386374902
2024-06-09 03:00:05,114.26472331113
2024-06-09 04:00:05,116.74868166054
2024-06-09 05:00:05,112.187375537641
2024-06-09 06:00:05,115.08952530959
2024-06-09 08:00:05,112.173625180532
2024-06-09 09:00:05,111.149987059915
2024-06-09 10:00:05,115.979630990746
2024-06-09 11:00:05,112.95354457059
2024-06-09 12:00:05,116.33028273546
2024-06-09 13:00:05,120.183012246877
2024-06-09 14:00:05,114.04827839725
2024-06-09 15:00:05,116.002150343593
2024-06-09 16:00:05,113.043942994059
2024-06-09 17:00:05,116.856261604794
2024-06-09 18:00:05,113.899814670684
2024-06-09 19:00:05,120.308015834505
2024-06-09 20:00:05,111.752474160063
2024-06-09 21:00:05,115.806603832335
2024-06-09 22:00:05,112.628956133047
2024-06-09 23:00:05,115.606371670507
2024-06-10 00:00:02,119.109087894207
2024-06-10 01:00:05,111.609996920437
2024-06-10 02:00:05,118.000816010392
2024-06-10 03:00:05,119.155868096431
2024-06-10 04:00:05,117.191548684332
2024-06-10 05:00:05,118.760040790619
2024-06-10 06:00:05,120.508766220501
2024-06-10 07:00:05,116.343304650341
2024-06-10 08:00:05,120.609338240322
2024-06-10 09:00:05,116.228306116677
2024-06-10 10:00:05,116.269746422295
2024-06-10 11:00:05,117.753159966799
2024-06-10 12:00:05,117.04531104472
2024-06-10 13:00:05,116.25053616485
2024-06-10 22:00:05,120.836924082248
2024-06-11 00:00:02,114.58998306591
2024-06-11 01:00:05,118.904092517451
2024-06-11 02:00:05,
2024-06-11 03:00:05,
2024-06-11 04:00:05,
2024-06-11 05:00:05,116.518263194873
2024-06-11 06:00:05,116.8378040874
2024-06-11 08:00:05,
2024-06-11 09:00:05,
2024-06-11 10:00:05,111.308835508265
2024-06-11 11:00:05,116.577341621297
2024-06-11 12:00:05,112.759942563504
2024-06-11 13:00:05,119.115608452992
2024-06-11 14:00:05,118.463443399623
2024-06-11 15:00:05,113.352331756311
2024-06-11 16:00:05,119.178840198746
2024-06-11 17:00:05,116.904482544134
2024-06-11 18:00:05,114.252602499837
2024-06-11 19:00:05,110.184045211291
2024-06-11 20:00:05,118.289223543089
2024-06-11 21:00:05,117.722090395967
2024-06-11 22:00:05,113.670230624664
2024-06-11 23:00:05,114.808407781664
2024-06-12 00:00:01,119.555357729265
2024-06-12 01:00:05,112.072254015061
2024-06-12 02:00:05,113.675203754961
2024-06-12 03:00:05,115.378775369006
2024-06-12 04:00:05,116.165191424665
2024-06-12 05:00:05,111.183901860907
2024-06-12 06:00:05,110.573370914873
2024-06-12 07:00:05,118.44316437828
2024-06-12 08:00:05,112.891307978705
2024-06-12 09:00:05,112.51122601963
2024-06-12 10:00:05,121.089811363892
2024-06-12 11:00:05,118.2249702038
2024-06-12 12:00:05,118.044001812101
2024-06-12 13:00:05,114.428079134832
2024-06-12 14:00:05,110.732418578068
2024-06-12 15:00:05,118.236970912944
2024-06-12 16:00:05,112.592527142238
2024-06-12 17:00:05,113.518407536451
2024-06-12 18:00:05,115.376617886588
2024-06-12 19:00:05,114.787118131497
2024-06-12 20:00:05,111.039402663769
2024-06-12 21:00:05,114.768169836032
2024-06-12 22:00:05,113.723680267256
2024-06-12 23:00:05,116.961356427227
2024-06-13 00:00:01,114.300208186584
2024-06-13 01:00:05,114.878864410184
2024-06-13 02:00:05,113.555814399443
2024-06-13 03:00:05,110.641264711289
2024-06-13 04:00:05,112.418963167577
2024-06-13 05:00:05,115.516679049559
2024-06-13 06:00:05,113.182636624784
2024-06-13 07:00:05,116.227400596439
2024-06-13 08:00:05,119.638525272707
2024-06-13 09:00:05,114.58093821363
2024-06-13 10:00:05,115.449996971161
2024-06-13 11:00:05,113.267859325046
2024-06-13 12:00:05,117.655225799036
2024-06-13 13:00:05,118.269237397912
2024-06-13 14:00:05,116.099289513811
2024-06-13 15:00:05,112.490295935292
2024-06-13 16:00:05,118.262019844356
2024-06-13 17:00:05,116.414539017199
2024-06-13 18:00:05,112.916368269657
2024-06-13 19:00:05,112.567871903171
2024-06-13 20:00:05,108.876093850993
2024-06-13 21:00:05,118.507218979707
2024-06-13 22:00:05,111.099172807295
2024-06-13 23:00:05,114.693388939432
2024-06-14 00:00:02,113.755544189839
2024-06-14 01:00:05,117.033663188061
2024-06-14 02:00:05,115.584825859399
2024-06-14 03:00:05,116.843567507269
2024-06-14 04:00:05,116.385184532754
2024-06-14 05:00:05,113.1565350612
2024-06-14 06:00:05,114.357113739669
2024-06-14 07:00:05,116.657421170687
2024-06-14 08:00:05,113.225027029036
2024-06-14 09:00:05,117.790852656978
2024-06-14 10:00:05,116.893201159507
2024-06-14 11:00:05,116.155067853768
2024-06-14 12:00:05,116.772671206582
2024-06-14 13:00:05,115.211961332413
2024-06-14 14:00:05,118.135125467876
2024-06-14 16:00:05,112.457660306338
2024-06-15 03:00:05,134.532879792978
2024-06-15 04:00:05,116.20682060737
2024-06-15 05:00:05,116.717480066
2024-06-15 06:00:05,109.446879759
2024-06-15 07:00:05,117.919384882668
2024-06-15 08:00:05,112.122527810746
2024-06-15 12:00:05,94.7406795527391
2024-06-15 13:00:05,113.569043996619
2024-06-15 14:00:05,116.320450663096
2024-06-15 15:00:05,115.328317594751
2024-06-15 16:00:05,114.15639939656
2024-06-15 17:00:05,116.912113784624
2024-06-15 18:00:05,113.620957556089
2024-06-15 19:00:05,114.913828185455
2024-06-15 20:00:05,119.040466865126
2024-06-15 21:00:05,111.636492568079
2024-06-15 22:00:05,113.400314086617
2024-06-15 23:00:05,116.356909381177
2024-06-16 00:00:02,114.489985117592
2024-06-16 01:00:05,113.533020338579
2024-06-16 02:00:05,113.819764910615
2024-06-16 03:00:05,120.389550377299
2024-06-16 04:00:05,115.568727824576
2024-06-16 05:00:05,115.44268725461
2024-06-16 06:00:05,114.332904835987
2024-06-16 07:00:05,108.386990344174
2024-06-16 08:00:05,117.585876974198
2024-06-16 09:00:05,117.093833751812
2024-06-16 10:00:05,114.334636878228
2024-06-16 11:00:05,113.139739864656
2024-06-16 12:00:05,111.872937454022
2024-06-16 13:00:05,108.382174706008
2024-06-16 14:00:05,113.728326561423
2024-06-16 15:00:05,115.934341954539
2024-06-16 16:00:05,111.169903357341
2024-06-16 17:00:05,118.006411805334
2024-06-16 18:00:05,113.42349042785
2024-06-16 19:00:05,118.851048328509
2024-06-16 20:00:05,114.841033826486
2024-06-16 21:00:05,111.027854890245
2024-06-16 22:00:05,107.785927421054
2024-06-16 23:00:05,113.827905344942
2024-06-17 01:00:05,112.414243817142
2024-06-17 02:00:05,114.031708593331
2024-06-17 03:00:05,114.29091995811
2024-06-17 04:00:05,116.432827608389
2024-06-17 05:00:05,116.730991865456
2024-06-17 06:00:05,115.233285176504
2024-06-17 08:00:05,119.243324809241
2024-06-17 09:00:05,107.896470059193
2024-06-17 10:00:05,113.436607013608
2024-06-17 11:00:05,113.014351676705
2024-06-17 12:00:05,120.332755369894
2024-06-17 13:00:05,110.133906198004
2024-06-17 14:00:05,121.185266030296
2024-06-17 15:00:05,111.12994062428
2024-06-17 16:00:05,112.409031906024
2024-06-17 17:00:05,116.462789453325
2024-06-17 18:00:05,112.857495402037
2024-06-17 19:00:05,114.895122533012
2024-06-17 20:00:05,111.129542131083
2024-06-17 21:00:05,
2024-06-17 22:00:05,112.22820332659
2024-06-17 23:00:05,113.278527555778
2024-06-18 00:00:02,112.027284682039
2024-06-18 01:00:05,112.217890154904
2024-06-18 02:00:05,112.482378446826
2024-06-18 03:00:05,116.774978813012
2024-06-18 04:00:05,112.613836032416
2024-06-18 05:00:05,112.83105012957
2024-06-18 06:00:05,112.557714662873
2024-06-18 07:00:05,116.706919681478
2024-06-18 08:00:05,109.118900499423
2024-06-18 09:00:05,116.167977019497
2024-06-18 10:00:05,110.379346875304
2024-06-18 11:00:05,115.80432616126
2024-06-18 12:00:05,118.635333306554
2024-06-18 13:00:05,115.744690871218
2024-06-18 14:00:05,112.030075728894
2024-06-18 15:00:05,112.8251521759
2024-06-18 16:00:05,116.534095591107
2024-06-18 17:00:05,112.837849872739
2024-06-18 18:00:05,110.514547121765
2024-06-18 19:00:05,115.861549026934
2024-06-19 08:00:05,107.48772336557
2024-06-19 10:00:05,118.363963235684
2024-06-19 11:00:05,112.813372413613
2024-06-19 12:00:05,112.894680609137
2024-06-19 13:00:05,111.039011683809
2024-06-19 14:00:05,113.670754103451
2024-06-19 15:00:05,116.338541512183
2024-06-19 16:00:05,115.442802131467
2024-06-19 17:00:05,113.148915040264
2024-06-19 18:00:05,111.146711703014
2024-06-19 19:00:05,111.009821262028
2024-06-19 20:00:05,109.133775112096
2024-06-19 21:00:05,110.033559451273
2024-06-19 22:00:05,114.376085082962
2024-06-19 23:00:05,116.806592027235
2024-06-20 00:00:02,116.955748604343
2024-06-20 01:00:05,117.872134912081
2024-06-20 02:00:05,112.171784219416
2024-06-20 03:00:05,115.494052910888
2024-06-20 04:00:05,113.018449214445
2024-06-20 05:00:05,111.928759665085
2024-06-20 06:00:05,112.732184325435
2024-06-20 07:00:05,116.957876742446
2024-06-20 08:00:05,114.68040544654
2024-06-20 09:00:05,110.975445806511
2024-06-20 10:00:05,
2024-06-20 11:00:05,
2024-06-20 12:00:05,
2024-06-20 13:00:05,
2024-06-20 14:00:05,111.868043755884
2024-06-20 15:00:05,115.182654081257
2024-06-20 16:00:05,111.608695782767
2024-06-20 17:00:05,115.955116551876
2024-06-20 18:00:05,111.052108515857
2024-06-20 19:00:05,114.522894461677
2024-06-20 20:00:05,116.502063343614
2024-06-20 21:00:05,113.153155176354
2024-06-20 22:00:05,115.351230592166
2024-06-20 23:00:05,116.383976222106
2024-06-21 00:00:00,116.794901868333
2024-06-21 01:00:05,116.049672139745
2024-06-21 02:00:05,111.18475987727
2024-06-21 03:00:05,118.71036665696
2024-06-21 04:00:05,112.149676100857
2024-06-21 05:00:05,115.934261643221
2024-06-21 06:00:05,117.060379894102
2024-06-21 07:00:05,112.515764031966
2024-06-21 09:00:05,108.426972391328
2024-06-21 10:00:05,112.901680629494
2024-06-21 11:00:05,116.965748234488
2024-06-21 12:00:05,110.471219122213
2024-06-21 13:00:05,113.986405403237
2024-06-21 14:00:05,110.965377421811
2024-06-21 15:00:05,118.011515880388
2024-06-21 16:00:05,114.227754158914
2024-06-21 17:00:05,115.945837014781
2024-06-21 18:00:05,117.428715846105
2024-06-21 19:00:05,110.920259259311
2024-06-21 20:00:05,114.265420093958
2024-06-21 21:00:05,110.898504054346
2024-06-21 22:00:05,112.060016078642
2024-06-21 23:00:05,113.020618030902
2024-06-22 00:00:00,113.718291336416
2024-06-22 01:00:05,115.547217474372
2024-06-22 02:00:05,114.751240503675
2024-06-22 03:00:05,115.07919339461
2024-06-22 04:00:05,113.821332066416
2024-06-22 05:00:05,84.7045261156821
2024-06-22 06:00:05,113.979935017546
2024-06-22 07:00:05,112.920171055449
2024-06-22 08:00:05,116.759423720629
2024-06-22 09:00:05,114.195317394833
2024-06-22 10:00:05,115.848278854368
2024-06-22 11:00:05,114.277018587348
2024-06-22 12:00:05,109.299533249775
2024-06-22 13:00:05,106.821530546263
2024-06-22 14:00:05,113.001479486375
2024-06-22 15:00:05,113.895692455303
2024-06-22 16:00:05,112.029043849346
2024-06-22 17:00:05,113.998990518787
2024-06-22 18:00:05,117.350317539294
2024-06-22 19:00:05,113.281467450169
2024-06-22 20:00:05,117.626526342871
2024-06-22 21:00:05,111.832522380114
2024-06-23 11:00:05,117.075897668756
2024-06-23 12:00:05,115.699091163475
2024-06-23 13:00:05,115.484106843129
2024-06-23 14:00:05,110.241536938907
2024-06-23 15:00:05,112.386884198167
2024-06-23 16:00:05,110.377024838649
2024-06-23 17:00:05,114.862634972093
2024-06-23 18:00:05,115.506051558478
2024-06-23 19:00:05,111.948371029668
2024-06-23 20:00:05,112.996187612905
2024-06-23 21:00:05,111.69140200289
2024-06-23 22:00:05,112.637343979701
2024-06-23 23:00:05,114.0068090288
2024-06-24 00:00:01,114.957191285245
2024-06-24 01:00:05,110.465561032031
2024-06-24 02:00:05,112.618043324799
2024-06-24 03:00:05,113.293455642926
2024-06-24 04:00:05,114.303921523971
2024-06-24 05:00:05,116.791117881639
2024-06-24 06:00:05,111.753714324338
2024-06-24 07:00:05,115.699822633062
2024-06-24 08:00:05,112.695416415035
2024-06-24 09:00:05,116.007944585288
2024-06-24 10:00:05,112.488523557131
2024-06-24 11:00:05,112.473346247513
2024-06-24 12:00:05,113.502315008971
2024-06-24 13:00:05,110.051885686116
2024-06-24 14:00:05,112.320908319979
2024-06-24 15:00:05,107.123865578665
2024-06-24 16:00:05,111.224596942073
2024-06-24 17:00:05,111.875136191948
2024-06-24 18:00:05,108.046600828898
2024-06-24 19:00:05,106.513672410438
2024-06-24 20:00:05,113.684335733872
2024-06-24 21:00:05,114.360872551042
2024-06-24 22:00:05,113.667028399145
2024-06-24 23:00:05,111.241959511342
2024-06-25 00:00:00,112.126128812466
2024-06-25 01:00:05,111.8028808798
2024-06-25 02:00:05,111.866773252838
2024-06-25 03:00:05,110.322135402841
2024-06-25 04:00:05,114.103091934588
2024-06-25 05:00:05,121.29444091735
2024-06-25 06:00:05,111.896287267211
2024-06-25 07:00:05,114.47315968069
2024-06-25 08:00:05,111.440637845923
2024-06-25 09:00:05,114.928528723619
2024-06-25 10:00:05,114.924920956688
2024-06-25 11:00:05,116.472263133482
2024-06-25 12:00:05,112.545683893023
2024-06-25 13:00:05,119.951598921551
2024-06-25 14:00:05,111.331178003824
2024-06-25 15:00:05,113.241870482334
2024-06-25 16:00:05,116.075578715184
2024-06-25 17:00:05,109.71856242759
2024-06-25 18:00:05,110.12393656397
2024-06-25 19:00:05,111.74223961317
2024-06-25 20:00:05,110.0528856293
2024-06-25 21:00:05,117.214076341645
2024-06-25 22:00:05,113.463239560983
2024-06-25 23:00:05,107.846555073643
2024-06-26 00:00:00,110.931508848229
2024-06-26 01:00:05,118.519798826768
2024-06-26 02:00:05,115.132700901871
2024-06-26 03:00:05,115.241967943414
2024-06-26 04:00:05,116.012144085448
2024-06-26 05:00:05,111.445961350606
2024-06-26 06:00:05,109.34277704198
2024-06-26 07:00:05,115.655886436879
2024-06-26 08:00:05,116.555740125836
2024-06-26 09:00:05,111.651110852904
2024-06-26 10:00:05,112.180587850971
2024-06-26 11:00:05,114.046457219937
2024-06-26 12:00:05,113.791006087778
2024-06-26 13:00:05,111.426762539617
2024-06-26 14:00:05,108.963399034382
2024-06-26 15:00:05,113.669105306849
2024-06-26 16:00:05,114.804670780594
2024-06-26 17:00:05,110.207235122713
2024-06-26 18:00:05,119.128771544776
2024-06-26 19:00:05,107.561585746135
2024-06-26 20:00:05,114.657494250739
2024-06-26 21:00:05,110.466306205877
2024-06-26 22:00:05,111.344411877614
2024-06-26 23:00:05,112.376483693198
2024-06-27 00:00:01,111.757882781065
2024-06-27 01:00:05,116.74491316839
2024-06-27 02:00:05,108.420998694812
2024-06-27 14:00:05,120.838320145781
2024-06-27 15:00:05,113.047124174334
2024-06-27 16:00:05,109.125666091111
2024-06-27 17:00:05,109.695306260404
2024-06-27 18:00:05,118.952241099467
2024-06-27 19:00:05,112.51371994224
2024-06-27 20:00:05,109.413534102718
2024-06-27 21:00:05,113.753170519458
2024-06-27 22:00:05,114.596938070391
2024-06-27 23:00:05,107.457244679293
2024-06-28 00:00:01,118.77905147582
2024-06-28 01:00:05,114.727620856806
2024-06-28 02:00:05,114.802679434701
2024-06-28 03:00:05,115.137700638702
2024-06-28 04:00:05,109.417943297368
2024-06-28 05:00:05,111.62341854617
2024-06-28 06:00:05,116.989820203093
2024-06-28 07:00:05,111.003446656903
2024-06-28 08:00:05,117.035057347667
2024-06-28 09:00:05,113.669387451521
2024-06-28 10:00:05,116.346925067939
2024-06-28 11:00:05,111.53641891848
2024-06-28 12:00:05,112.567790928719
2024-06-28 13:00:05,116.600005818212
2024-06-28 14:00:05,115.956365272274
2024-06-28 15:00:05,111.522792521971
2024-06-28 16:00:05,115.87961686803
2024-06-28 17:00:05,115.505850232727
2024-06-28 18:00:05,114.94948232026
2024-06-28 19:00:05,109.367544806432
2024-06-28 20:00:05,118.288550075522
2024-06-28 21:00:05,115.015795442465
2024-06-28 22:00:05,112.685153454909
2024-06-28 23:00:05,116.776885238846
2024-06-29 00:00:01,108.998773454086
2024-06-29 01:00:05,108.726578609145
2024-06-29 02:00:05,112.592711290489
2024-06-29 03:00:05,104.320917963036
2024-06-29 04:00:05,115.057080696647
2024-06-29 05:00:05,110.667155229373
2024-06-29 06:00:05,111.525287300552
2024-06-29 07:00:05,114.850407480889
2024-06-29 08:00:05,114.4572889488
2024-06-29 09:00:05,112.620788546038
2024-06-29 10:00:05,111.373669308469
2024-06-29 11:00:05,112.99178239123
2024-06-29 12:00:05,114.863444077298
2024-06-29 13:00:05,
2024-06-29 14:00:05,
2024-06-29 15:00:05,
2024-06-29 16:00:05,114.632985110024
2024-06-29 17:00:05,116.598641723672
2024-06-29 18:00:05,111.172515338324
2024-06-29 19:00:05,113.786912185616
2024-06-29 20:00:05,114.240865826864
2024-06-29 21:00:05,114.438031546882
2024-06-29 22:00:05,113.849560596378
2024-06-29 23:00:05,112.766508954353
2024-06-30 00:00:01,116.306486741571
2024-06-30 01:00:05,111.334971680258
2024-06-30 02:00:05,114.636808818547
2024-06-30 03:00:05,110.76253713546
2024-06-30 04:00:05,108.349695327611
2024-06-30 05:00:05,115.42665533948
2024-06-30 06:00:05,111.946405547816
2024-06-30 07:00:05,106.246007124891
2024-06-30 08:00:05,89.5178043837709
2024-06-30 09:00:05,115.004465623037
2024-06-30 10:00:05,112.738272355187
2024-06-30 11:00:05,110.344180119684
2024-06-30 12:00:05,118.238842521471
2024-06-30 13:00:05,115.883511420471
2024-06-30 14:00:05,110.834345923244
2024-06-30 15:00:05,112.407054404568
2024-06-30 16:00:05,111.49139136895
2024-06-30 17:00:05,111.967834682466
2024-06-30 18:00:05,112.111604537794
2024-06-30 19:00:05,111.251628334447
2024-06-30 20:00:05,110.917438227018
2024-06-30 21:00:05,115.771935220878
2024-06-30 22:00:05,118.113800202416
2024-06-30 23:00:05,109.995569061576
2024-07-01 00:00:00,105.864858604779
2024-07-01 01:00:05,114.068782375803
2024-07-01 02:00:05,101.646727858771
2024-07-01 03:00:05,113.157658730977
2024-07-01 04:00:05,109.821951199604
2024-07-01 05:00:05,115.641628584134
2024-07-01 06:00:05,115.123042761308
2024-07-01 07:00:05,110.873053808779
2024-07-01 21:00:03,109.717391685153
2024-07-01 22:00:03,110.727746634284
2024-07-01 23:00:03,112.558649830833
2024-07-02 00:00:00,106.121113515146
2024-07-02 01:00:03,111.110527912441
2024-07-02 02:00:03,112.335849830815
2024-07-02 03:00:03,113.481675231773
2024-07-02 04:00:03,111.074920583963
2024-07-02 05:00:03,110.879414746753
2024-07-02 06:00:03,117.120806255649
2024-07-02 07:00:03,111.363125489204
2024-07-02 08:00:03,113.828459439375
2024-07-02 10:00:03,109.218919548585
2024-07-02 11:00:03,105.151070685346
2024-07-02 12:00:03,107.363874834196
2024-07-02 13:00:03,117.809485542612
2024-07-02 14:00:03,109.718802125033
2024-07-02 15:00:03,111.574758723179
2024-07-02 16:00:03,112.849432680381
2024-07-02 17:00:03,109.972703063649
2024-07-02 18:00:03,111.628637113283
2024-07-02 19:00:03,106.280832302913
2024-07-02 20:00:03,112.33306600224
2024-07-02 21:00:03,113.938898465287
2024-07-02 22:00:03,110.978370300912
2024-07-02 23:00:03,114.033670893728
2024-07-03 00:00:01,106.773550441886
2024-07-03 01:00:03,110.981010711528
2024-07-03 02:00:03,113.555394576589
2024-07-03 03:00:03,107.767304077365
2024-07-03 04:00:03,107.006050510634
2024-07-03 05:00:03,113.714569046618
2024-07-03 06:00:03,111.061336748817
2024-07-03 07:00:03,113.816332635551
2024-07-03 08:00:03,111.253692190939
2024-07-03 09:00:03,111.892862921772
2024-07-03 10:00:03,108.801666484937
2024-07-03 11:00:03,115.263762350614
2024-07-03 12:00:03,115.101941935237
2024-07-03 13:00:03,114.169185362152
2024-07-03 14:00:03,113.092890707515
2024-07-03 15:00:03,115.028991678366
2024-07-03 16:00:03,110.072632393405
2024-07-03 17:00:03,113.359368535666
2024-07-03 18:00:03,109.459314373729
2024-07-03 19:00:03,113.480464193716
2024-07-03 20:00:03,
2024-07-03 21:00:03,
2024-07-03 22:00:03,
2024-07-03 23:00:03,
2024-07-04 00:00:00,114.558716322453
2024-07-04 01:00:03,112.477934270454
2024-07-04 02:00:03,109.27898203274
2024-07-04 03:00:03,113.8757300155
2024-07-04 04:00:03,117.059408532047
2024-07-04 05:00:03,112.526256485597
2024-07-04 06:00:03,107.44140600083
2024-07-04 07:00:03,112.059118352311
2024-07-04 08:00:03,112.761283837912
2024-07-04 09:00:03,113.489813440876
2024-07-04 10:00:03,113.78036674192
2024-07-04 11:00:03,112.889414616411
2024-07-04 12:00:03,115.527475714793
2024-07-04 13:00:03,108.770356674765
2024-07-04 14:00:03,118.111488535842
2024-07-04 15:00:03,116.142534178926
2024-07-04 16:00:03,109.659591769574
2024-07-04 17:00:03,110.341951241137
2024-07-04 18:00:03,113.145113944834
2024-07-05 00:00:03,109.310860463905
2024-07-05 06:00:03,109.000883094645
2024-07-05 12:00:03,109.694352387948
2024-07-05 18:00:03,115.192524363166
2024-07-06 00:00:03,112.43888693329
2024-07-06 06:00:03,110.294781219308
2024-07-06 12:00:03,114.982224186923
2024-07-06 18:00:03,110.137907569924
2024-07-07 00:00:03,114.229066717679
2024-07-07 06:00:03,110.944341348315
2024-07-07 12:00:03,112.96412751752
2024-07-07 18:00:03,118.344959245326
2024-07-08 00:00:03,110.598892785005
2024-07-08 06:00:03,112.1177485692
2024-07-08 12:00:03,113.826163391642
2024-07-08 18:00:03,108.069866915161
2024-07-09 00:00:03,110.478264998467
2024-07-09 06:00:03,108.080455502173
2024-07-09 12:00:03,114.710029333833
2024-07-09 18:00:03,112.919771569463
2024-07-10 00:00:03,110.495403439314
2024-07-10 06:00:03,109.8575786141
2024-07-10 12:00:03,105.258108684517
2024-07-10 18:00:03,106.000496310171
2024-07-11 00:00:03,108.176139475509
2024-07-11 06:00:03,111.784759085587
2024-07-11 12:00:03,108.168707278097
2024-07-11 18:00:03,107.744992213706
2024-07-12 00:00:03,112.427883756787
2024-07-12 06:00:03,115.432506927356
2024-07-12 12:00:03,113.822663197292
2024-07-12 18:00:03,106.229927456318
2024-07-13 00:00:03,111.567505804697
2024-07-13 06:00:03,114.432319072001
2024-07-13 12:00:03,108.621371379387
2024-07-13 18:00:03,108.966174340607
2024-07-14 00:00:03,109.653900259804
2024-07-14 06:00:03,108.526936621364
2024-07-14 12:00:03,109.437019167572
2024-07-14 18:00:03,115.544723054315
2024-07-15 00:00:03,111.003745577853
2024-07-15 06:00:03,111.076952463644
2024-07-15 12:00:03,113.14106397309
2024-07-15 18:00:03,108.754658688287
2024-07-16 00:00:03,110.401032887899
2024-07-16 06:00:03,107.363537175349
2024-07-16 12:00:03,107.482568671078
2024-07-16 18:00:03,110.716377126886
2024-07-17 00:00:03,109.880124039547
2024-07-17 06:00:03,107.783635312364
2024-07-17 12:00:03,109.866093519963
2024-07-17 18:00:03,114.603242068597
2024-07-18 00:00:03,
2024-07-18 06:00:03,
2024-07-18 12:00:03,
2024-07-18 18:00:03,
2024-07-19 00:00:03,119.786109541481
2024-07-19 06:00:03,116.951255706626
2024-07-19 12:00:03,117.501094945167
2024-07-19 18:00:03,118.971780128924
2024-07-20 00:00:03,116.590638528807
2024-07-20 06:00:03,117.36935602952
2024-07-20 12:00:03,118.998752821783
2024-07-20 18:00:03,121.788899220241
2024-07-21 00:00:03,117.468995488262
2024-07-21 06:00:03,116.644422784157
2024-07-21 12:00:03,119.420162082623
2024-07-21 18:00:03,116.698992777598
2024-07-22 00:00:03,121.410010298677
2024-07-22 06:00:03,122.83623731454
2024-07-22 12:00:03,120.692754350075
2024-07-22 18:00:03,120.708037753345
2024-07-23 00:00:03,118.99467321618
2024-07-23 06:00:03,116.81897755637
2024-07-23 12:00:03,118.446553507968
2024-07-23 18:00:03,119.094402365428
2024-07-24 00:00:03,112.291780315917
2024-07-24 06:00:03,117.336035596352
2024-07-24 12:00:03,118.16197240272
2024-07-24 18:00:03,117.600895430893
2024-07-25 00:00:03,117.276900158607
2024-07-25 06:00:03,117.575269101658
2024-07-25 12:00:03,117.901034038192
2024-07-25 18:00:03,113.933979856783
2024-07-26 00:00:03,118.266881405998
2024-07-26 06:00:03,118.065791982213
2024-07-26 12:00:03,114.690318477882
2024-07-26 18:00:03,121.817730192202
2024-07-27 00:00:03,118.105427213584
2024-07-27 06:00:03,117.003238409128
2024-07-27 12:00:03,117.308144019077
2024-07-27 18:00:03,119.494295111187
2024-07-28 00:00:03,118.31238222072
2024-07-28 06:00:03,116.458402694601
2024-07-28 12:00:03,114.813525375609
2024-07-28 18:00:03,121.157179435125
2024-07-29 00:00:03,108.967491448092
2024-07-29 06:00:03,122.073385952779
2024-07-29 12:00:03,122.174066335875
2024-07-29 18:00:03,119.113529307087
2024-07-30 00:00:03,119.139062669508
2024-07-30 06:00:03,121.107973079847
2024-07-30 12:00:03,119.249229626207
2024-07-30 18:00:03,115.810649749024
2024-07-31 00:00:03,119.098674138968
2024-07-31 06:00:03,117.269283942992
2024-07-31 12:00:03,116.023045133778
2024-07-31 18:00:03,119.677668217993
2024-08-01 00:00:03,119.133171313963
2024-08-01 06:00:03,83.735395581264
2024-08-01 12:00:03,117.477272947006
2024-08-01 18:00:03,117.307383098517
2024-08-02 00:00:03,116.711771002818
2024-08-02 06:00:03,116.575906198891
2024-08-02 12:00:03,118.498970338413
2024-08-02 18:00:03,115.02070095262
2024-08-03 00:00:03,117.6701575505
2024-08-03 06:00:03,117.808415825493
2024-08-03 12:00:03,116.362107173822
2024-08-03 18:00:03,117.143367779275
2024-08-04 00:00:03,115.4710583466
2024-08-04 06:00:03,117.989744282129
2024-08-04 12:00:03,117.078693980672
2024-08-04 18:00:03,116.619613458983
2024-08-05 00:00:03,116.322261715533
2024-08-05 06:00:03,115.624180050922
2024-08-05 12:00:03,117.420541827576
2024-08-05 18:00:03,116.811106798603
2024-08-06 00:00:03,116.287824765304
2024-08-06 06:00:03,116.602981349589
2024-08-06 12:00:03,116.38209439764
2024-08-06 18:00:03,117.100001736891
2024-08-07 00:00:03,118.98422874004
2024-08-07 06:00:03,116.934069179999
2024-08-07 12:00:03,119.133357075807
2024-08-07 18:00:03,116.648194107831
2024-08-08 00:00:03,116.695236238042
2024-08-08 06:00:03,116.485723514938
2024-08-08 12:00:03,115.958508178343
2024-08-08 18:00:03,115.003575051524
2024-08-09 00:00:03,115.105779274472
2024-08-09 06:00:03,114.692993575877
2024-08-09 12:00:03,115.781026430059
2024-08-09 18:00:03,116.206457346271
2024-08-10 00:00:03,117.11638450699
2024-08-10 06:00:03,117.804187701151
2024-08-10 12:00:03,115.595081068276
2024-08-10 18:00:03,114.653508001078
2024-08-11 00:00:03,115.186577565716
2024-08-11 06:00:03,115.798683253793
2024-08-11 12:00:03,117.304634430916
2024-08-11 18:00:03,116.173529529834
2024-08-12 00:00:03,118.10232721896
2024-08-12 06:00:03,117.886565565138
2024-08-12 12:00:03,117.662857748899
2024-08-12 18:00:03,117.327743190077
2024-08-13 00:00:03,115.993952067146
2024-08-13 06:00:03,117.339015754289
2024-08-13 12:00:03,115.708407003752
2024-08-13 18:00:03,117.078973001295
2024-08-14 00:00:03,117.930814052641
2024-08-14 06:00:03,116.543061188096
2024-08-14 12:00:03,116.491582541852
2024-08-14 18:00:03,115.755931908067
2024-08-15 00:00:03,116.638000836163
2024-08-15 06:00:03,116.356386672139
2024-08-15 12:00:03,
2024-08-15 18:00:03,
2024-08-16 00:00:03,116.213198862174
2024-08-16 06:00:03,115.927044621163
2024-08-16 12:00:03,116.525682116146
2024-08-16 18:00:03,115.501017010122
2024-08-17 00:00:03,114.378077741021
2024-08-17 06:00:03,115.225278403444
2024-08-17 12:00:03,116.42080746836
2024-08-17 18:00:03,116.931479203324
2024-08-18 00:00:03,108.816118857095
2024-08-18 06:00:03,116.956708446131
2024-08-18 12:00:03,115.174406034803
2024-08-18 18:00:03,117.573104775039
2024-08-19 00:00:03,117.568789972852
2024-08-19 06:00:03,116.49034332537
2024-08-19 12:00:03,116.594776690672
2024-08-19 18:00:03,116.939309503281
2024-08-20 00:00:03,113.770167044878
2024-08-20 06:00:03,116.556892995969
2024-08-20 12:00:03,116.89214359058
2024-08-20 18:00:03,117.666592577712
2024-08-21 00:00:03,115.129724975913
2024-08-21 06:00:03,116.999570879367
2024-08-21 12:00:03,116.20149509912
2024-08-21 18:00:03,115.904208691685
2024-08-22 00:00:03,114.411357060772
2024-08-22 06:00:03,114.929950325237
2024-08-22 12:00:03,116.049891708777
2024-08-22 18:00:03,113.500144511872
2024-08-23 00:00:03,113.966428884428
2024-08-23 06:00:03,115.308671936412
2024-08-23 12:00:03,114.590018515548
2024-08-23 18:00:03,114.023652644346
2024-08-24 00:00:03,116.462005170149
2024-08-24 06:00:03,116.637995336107
2024-08-24 12:00:03,115.263090837188
2024-08-24 18:00:03,115.065766931119
2024-08-25 00:00:03,113.349375716205
2024-08-25 06:00:03,116.237551310858
2024-08-25 12:00:03,114.66793101577
2024-08-25 18:00:03,114.823615785365
2024-08-26 00:00:03,116.221655142428
2024-08-26 06:00:03,115.816238502545
2024-08-26 15:00:01,115.076034182622
2024-08-26 16:00:01,115.778415923843
2024-08-26 17:00:01,114.862649959873
2024-08-26 18:00:01,116.435184065787
2024-08-26 19:00:01,115.128696312802
2024-08-26 20:00:01,115.413822688942
2024-08-26 21:00:01,116.587473808347
2024-08-26 22:00:01,114.272714226283
2024-08-26 23:00:01,114.899230096099
2024-08-27 00:00:00,114.884111915343
2024-08-27 01:00:01,115.262585476513
2024-08-27 02:00:01,114.681096869724
2024-08-27 03:00:01,114.394547591022
2024-08-27 04:00:01,113.37211638768
2024-08-27 05:00:01,116.134884290203
2024-08-27 06:00:01,113.782335169888
2024-08-27 07:00:01,116.180624789584
2024-08-27 08:00:01,115.562179350219
2024-08-27 09:00:01,116.113762984775
2024-08-27 10:00:01,115.180802957477
2024-08-27 11:00:01,114.554535380432
2024-08-27 12:00:01,115.618473382761
2024-08-27 13:00:01,115.869207142639
2024-08-27 14:00:01,116.062249460747
2024-08-27 15:00:01,115.953491721432
2024-08-27 16:00:01,116.431244348401
2024-08-27 17:00:01,116.11090373159
2024-08-27 18:00:01,114.915391193375
2024-08-27 19:00:01,117.193306863767
2024-08-27 20:00:01,115.311315470531
2024-08-27 21:00:01,114.452876582744
2024-08-27 22:00:01,115.498342041301
2024-08-27 23:00:01,114.893028002196
2024-08-28 00:00:01,117.547274514597
2024-08-28 01:00:01,114.295464854959
2024-08-28 02:00:01,114.040917154984
2024-08-28 03:00:01,115.403446032693
2024-08-28 04:00:01,113.766945724268
2024-08-28 05:00:01,116.846027451127
2024-08-28 06:00:01,
2024-08-28 07:00:01,115.706674463643
2024-08-28 08:00:01,114.607701420678
2024-08-28 09:00:01,114.155206158044
2024-08-28 10:00:01,115.377612977274
2024-08-28 11:00:01,117.17748835639
2024-08-28 12:00:01,115.166536480919
2024-08-28 13:00:01,114.122704886786
2024-08-28 14:00:01,112.176067810335
2024-08-28 15:00:01,115.815033682662
2024-08-28 16:00:01,114.501417435003
2024-08-28 17:00:01,113.94824739573
2024-08-28 18:00:01,115.135324910074
2024-08-28 19:00:01,113.408220084365
2024-08-28 20:00:01,116.077302583032
2024-08-28 21:00:01,113.538811956487
2024-08-29 13:00:01,113.651688769749
2024-08-29 14:00:01,113.770730130231
2024-08-29 15:00:01,115.524811732777
2024-08-29 16:00:01,115.8879258722
2024-08-29 17:00:01,113.73741832427
2024-08-29 18:00:01,114.788363679146
2024-08-29 19:00:01,116.546897934889
2024-08-29 20:00:01,116.865644527674
2024-08-29 21:00:01,114.00600326358
2024-08-29 22:00:01,116.874804944607
2024-08-29 23:00:01,113.043673397597
2024-08-30 00:00:00,114.90944477875
2024-08-30 01:00:01,115.330883636455
2024-08-30 02:00:01,114.394746201531
2024-08-30 03:00:01,115.124121227948
2024-08-30 04:00:01,114.704120178074
2024-08-30 05:00:01,114.817674609651
2024-08-30 06:00:01,114.684802195581
2024-08-30 07:00:01,113.453953786448
2024-08-30 08:00:01,115.812769918417
2024-08-30 12:00:01,113.331829264785
2024-08-30 14:00:01,115.723198026256
2024-08-30 15:00:01,82.4447108167978
2024-08-30 16:00:01,114.53627510718
2024-08-30 17:00:01,115.548572340944
2024-08-30 18:00:01,114.705792178894
2024-08-30 19:00:01,114.878118493182
2024-08-30 20:00:01,113.715834957642
2024-08-30 21:00:01,117.0272532706
2024-08-30 22:00:01,115.288107742859
2024-08-30 23:00:01,116.15463298607
2024-08-31 00:00:00,114.846216943627
2024-08-31 01:00:01,114.09071243683
2024-08-31 02:00:01,116.358913443632
2024-08-31 03:00:01,115.334302974752
2024-08-31 04:00:01,114.117818698726
2024-08-31 05:00:01,117.035219450445
2024-08-31 06:00:01,115.42670753767
2024-08-31 07:00:01,113.954026335258
2024-08-31 08:00:01,114.189262405959
2024-08-31 10:00:01,113.761781649137
2024-08-31 11:00:01,114.278046295344
2024-08-31 12:00:01,115.009462941807
2024-08-31 13:00:01,116.056512750633
2024-08-31 14:00:01,115.23100847235
2024-08-31 15:00:01,115.913802720783
2024-08-31 16:00:01,114.999657697172
2024-08-31 17:00:01,116.327375654113
2024-08-31 18:00:01,111.920614782906
2024-08-31 19:00:01,114.642550011873
2024-08-31 20:00:01,114.832695961733
2024-08-31 21:00:01,115.404958430782
2024-08-31 22:00:01,114.543817747039
2024-08-31 23:00:01,116.574754647808
2024-09-01 00:00:01,114.991364800419
2024-09-01 01:00:01,113.179055833541
2024-09-01 02:00:01,115.639502392629
2024-09-01 03:00:01,114.840267010552
2024-09-01 04:00:01,115.238205267727
2024-09-01 05:00:01,115.380132025219
2024-09-01 06:00:01,113.877145156588
2024-09-01 07:00:01,114.505664331098
2024-09-01 08:00:01,113.749548184067
2024-09-01 09:00:01,116.010090454355
2024-09-01 10:00:01,114.056848406762
2024-09-01 11:00:01,114.763193374261
2024-09-01 12:00:01,114.795912315499
2024-09-01 13:00:01,114.285888630275
2024-09-01 14:00:01,113.598541777938
2024-09-01 15:00:01,114.336536607258
2024-09-01 16:00:01,113.855042996089
2024-09-02 15:00:01,115.352002102258
2024-09-02 16:00:01,112.650280434916
2024-09-02 17:00:01,113.362235205367
2024-09-02 18:00:01,113.263518372672
2024-09-02 19:00:01,112.861934654821
2024-09-02 20:00:01,114.966550003486
2024-09-02 21:00:01,115.358741716043
2024-09-02 22:00:01,116.342331723473
2024-09-02 23:00:01,116.123289185571
2024-09-03 00:00:00,112.089938196068
2024-09-03 01:00:01,113.859003976689
2024-09-03 02:00:01,114.482489201157
2024-09-03 03:00:01,114.105056335453
2024-09-03 04:00:01,113.959222012123
2024-09-03 05:00:01,115.189235715373
2024-09-03 06:00:01,114.606142282738
2024-09-03 07:00:01,114.38591385374
2024-09-03 08:00:01,114.95086170785
2024-09-03 09:00:01,113.84244564003
2024-09-03 10:00:01,113.954530781369
2024-09-03 11:00:01,116.409954249695
2024-09-03 12:00:01,113.363172299838
2024-09-03 13:00:01,91.1185857446475
2024-09-03 14:00:01,114.669368905274
2024-09-03 15:00:01,111.225099692004
2024-09-03 16:00:01,113.528047239608
2024-09-03 17:00:01,115.044824226772
2024-09-03 18:00:01,114.604488256771
2024-09-03 19:00:01,115.081195954851
2024-09-03 20:00:01,117.258896159638
2024-09-03 21:00:01,114.500105165661
2024-09-03 22:00:01,114.512964945384
2024-09-03 23:00:01,113.229202158713
2024-09-04 00:00:00,115.445173954509
2024-09-04 01:00:01,114.145781023266
2024-09-04 02:00:01,110.990353387382
2024-09-04 03:00:01,113.444305759571
2024-09-04 04:00:01,115.011267501202
2024-09-04 05:00:01,113.922854462676
2024-09-04 06:00:01,112.835500101106
2024-09-04 07:00:01,113.090856767066
2024-09-04 08:00:01,115.608359551113
2024-09-04 09:00:01,114.235766663947
2024-09-04 10:00:01,114.262981725798
2024-09-04 11:00:01,114.321947110563
2024-09-04 12:00:01,113.479320245391
2024-09-04 13:00:01,115.646032743277
2024-09-04 14:00:01,115.209765863428
2024-09-04 15:00:01,112.570709446693
2024-09-04 16:00:01,113.854499505759
2024-09-04 17:00:01,115.782361142168
2024-09-04 18:00:01,114.561832793273
2024-09-04 19:00:01,114.922849857118
2024-09-04 20:00:01,113.829548945819
2024-09-04 21:00:01,115.010654680624
2024-09-04 22:00:01,113.426969418843
2024-09-04 23:00:01,115.23656575738
2024-09-05 00:00:00,114.18718455643
2024-09-05 01:00:01,113.506033863045
2024-09-05 02:00:01,113.628487185793
2024-09-05 03:00:01,114.476205613257
2024-09-05 04:00:01,112.552633274592
2024-09-05 05:00:01,114.060948423182
2024-09-05 06:00:01,113.020380158417
2024-09-05 07:00:01,114.058573099139
2024-09-05 08:00:01,113.682722591933
2024-09-05 10:00:01,111.636539355616
2024-09-05 11:00:01,114.462814289653
2024-09-05 12:00:01,114.70234278009
2024-09-05 13:00:01,114.056318052493
2024-09-05 14:00:01,112.529203717826
2024-09-05 15:00:01,114.833561547134
2024-09-05 16:00:01,113.226155900023
2024-09-05 17:00:01,113.38237378491
2024-09-05 18:00:01,113.414825180313
2024-09-05 19:00:01,113.711649870889
2024-09-05 20:00:01,113.712965966501
2024-09-05 21:00:01,113.032931203391
2024-09-05 22:00:01,111.466487852882
2024-09-05 23:00:01,115.257331306501
2024-09-06 00:00:00,114.392347617876
2024-09-06 01:00:01,113.571533438118
2024-09-06 02:00:01,113.349396633646
2024-09-06 03:00:01,113.94685873178
2024-09-06 04:00:01,114.084022701061
2024-09-06 05:00:01,115.039437827337
2024-09-06 06:00:01,113.879747140004
2024-09-06 18:00:01,112.454404096838
2024-09-06 19:00:01,113.59970186098
2024-09-06 20:00:01,112.942233709569
2024-09-06 21:00:01,113.77136768277
2024-09-06 22:00:01,113.38368418233
2024-09-06 23:00:01,114.466070066263
2024-09-07 00:00:00,113.452354030373
2024-09-07 01:00:01,114.897201823843
2024-09-07 02:00:01,114.414897475381
2024-09-07 03:00:01,112.561186115214
2024-09-07 04:00:01,114.417264571316
2024-09-07 05:00:01,112.919624781682
2024-09-07 06:00:01,112.284332251263
2024-09-07 07:00:01,113.707924312648
2024-09-07 08:00:01,112.787648588678
2024-09-07 09:00:01,113.584387948914
2024-09-07 10:00:01,113.207568355668
2024-09-07 11:00:01,115.350192683682
2024-09-07 12:00:01,113.270779780614
2024-09-07 13:00:01,113.777798230884
2024-09-07 14:00:01,114.502815408119
2024-09-07 15:00:01,111.615409564696
2024-09-07 16:00:01,113.062025013269
2024-09-07 17:00:01,114.293682441186
2024-09-07 18:00:01,129.218060125307
2024-09-07 19:00:01,114.212873717823
2024-09-07 20:00:01,112.682067476
2024-09-07 21:00:01,112.642855368894
2024-09-07 22:00:01,112.397373381903
2024-09-07 23:00:01,112.315334695296
2024-09-08 00:00:01,113.325366466694
2024-09-08 01:00:01,113.194898488916
2024-09-08 02:00:01,113.518090956473
2024-09-08 03:00:01,113.438547144456
2024-09-08 04:00:01,104.653605704634
2024-09-08 05:00:01,113.206929458394
2024-09-08 06:00:01,116.095154571364
2024-09-08 07:00:01,113.59416424883
2024-09-08 08:00:01,115.104015559045
2024-09-08 09:00:01,112.783090765579
2024-09-08 10:00:01,114.37044205462
2024-09-08 11:00:01,109.60835904922
2024-09-08 12:00:01,111.426890489303
2024-09-08 13:00:01,112.876997469725
2024-09-08 14:00:01,112.282820265781
2024-09-08 15:00:01,115.111939977067
2024-09-08 16:00:01,111.804186129733
2024-09-08 17:00:01,111.892385353262
2024-09-08 18:00:01,114.500935648074
2024-09-08 19:00:01,114.195646222421
2024-09-08 20:00:01,112.566884705516
2024-09-08 21:00:01,113.13924271834
2024-09-08 22:00:01,110.847272982971
2024-09-08 23:00:01,113.151261903085
2024-09-09 00:00:00,114.260058233502
2024-09-09 01:00:01,112.851205149747
2024-09-09 02:00:01,
2024-09-09 03:00:01,
2024-09-09 04:00:01,
2024-09-09 05:00:01,
2024-09-09 06:00:01,111.718139915292
2024-09-09 07:00:01,113.139609556599
2024-09-09 08:00:01,113.823634662915
2024-09-09 09:00:01,111.278405293784
2024-09-09 10:00:01,113.200464838374
2024-09-09 11:00:01,113.428626288986
2024-09-09 12:00:01,111.561038000153
2024-09-09 13:00:01,114.750872329923
2024-09-09 14:00:01,111.590622269046
2024-09-09 15:00:01,113.528988764862
2024-09-09 16:00:01,114.440832971015
2024-09-09 17:00:01,111.273878511434
2024-09-09 18:00:01,110.614805895347
2024-09-09 19:00:01,110.820629611889
2024-09-09 20:00:01,112.265516957463
2024-09-09 21:00:01,113.028709847628
2024-09-09 22:00:01,112.225304790755
2024-09-09 23:00:01,
2024-09-10 00:00:01,
2024-09-10 01:00:01,114.323744237133
2024-09-10 02:00:01,114.20347502958
2024-09-10 03:00:01,112.628128055582
2024-09-10 04:00:01,111.254713871441
2024-09-10 05:00:01,112.537254213065
2024-09-10 06:00:01,112.621659592052
2024-09-10 07:00:01,110.874716717337
2024-09-10 08:00:01,113.031092457368
2024-09-10 10:00:01,113.082085559126
2024-09-10 11:00:01,111.861107567726
2024-09-11 00:00:02,111.108278578837
2024-09-11 01:00:01,112.471762880385
2024-09-11 02:00:01,113.386399826968
2024-09-11 03:00:01,111.709972274153
2024-09-11 04:00:01,110.172920654508
2024-09-11 05:00:01,110.655797036007
2024-09-11 06:00:01,109.850639903145
2024-09-11 07:00:01,111.684627903478
2024-09-11 08:00:08,113.20286979507
2024-09-11 09:00:08,112.774587797578
2024-09-11 10:00:08,111.50453326005
2024-09-11 11:00:08,113.956856276051
2024-09-11 12:00:08,112.407173678108
2024-09-11 13:00:08,111.875194556764
2024-09-11 14:00:08,110.086363819934
2024-09-11 15:00:08,112.391555901725
2024-09-11 16:00:08,112.45586927666
2024-09-11 17:00:08,109.504194921235
2024-09-11 18:00:08,113.302364732258
2024-09-11 19:00:08,108.960121277613
2024-09-11 20:00:08,110.829645979811
2024-09-11 21:00:08,110.981747540495
2024-09-11 22:00:08,113.237251292702
2024-09-11 23:00:08,101.065749410657
2024-09-12 00:00:00,113.557555885974
2024-09-12 01:00:08,109.956728474191
2024-09-12 02:00:08,112.445525068173
2024-09-12 03:00:08,111.331692420397
2024-09-12 04:00:08,111.756814181567
2024-09-12 05:00:08,109.547999683771
2024-09-12 06:00:08,111.422660087807
2024-09-12 07:00:08,93.5578127708119
2024-09-12 08:00:08,110.474571916523
2024-09-12 10:00:08,109.979820067532
2024-09-12 11:00:08,81.834469201325
2024-09-12 12:00:08,110.575857585998
2024-09-12 13:00:08,111.718773024166
2024-09-12 14:00:08,110.643798974397
2024-09-12 15:00:08,110.574849711282
2024-09-12 16:00:08,111.539971662828
2024-09-12 17:00:08,111.054526889966
2024-09-12 18:00:08,112.353444078839
2024-09-12 19:00:08,111.809929273976
2024-09-12 20:00:08,110.033858206428
2024-09-12 21:00:08,110.701578454102
2024-09-12 22:00:08,110.665979314295
2024-09-12 23:00:08,113.050199213732
2024-09-13 00:00:00,110.205837315409
2024-09-13 01:00:08,110.448565584085
2024-09-13 02:00:08,107.4932573692
2024-09-13 03:00:08,112.858287189688
2024-09-13 04:00:08,109.249059400286
2024-09-13 05:00:08,111.10254848038
2024-09-13 06:00:08,110.219464917264
2024-09-13 07:00:08,109.930899982396
2024-09-13 08:00:08,108.8651528793
2024-09-13 09:00:08,109.670802263214
2024-09-13 10:00:08,109.425026311558
2024-09-13 11:00:08,111.147385734592
2024-09-13 12:00:08,110.530241334656
2024-09-13 13:00:08,109.743016956098
2024-09-13 14:00:08,110.264186290686
2024-09-13 15:00:08,110.036879563233
2024-09-13 16:00:08,109.039073027792
2024-09-13 17:00:08,111.008161412078
2024-09-13 18:00:08,110.936940383089
2024-09-13 19:00:08,110.228526020133
2024-09-13 20:00:08,110.648593591057
2024-09-13 21:00:08,109.75302843946
2024-09-13 22:00:08,110.594739881176
2024-09-13 23:00:08,108.944865334233
2024-09-14 00:00:00,109.240520602034
2024-09-14 01:00:08,109.639833311242
2024-09-14 02:00:08,111.885645205197
2024-09-14 03:00:08,110.918361557639
2024-09-14 04:00:08,109.520279644489
2024-09-14 05:00:08,108.307960291656
2024-09-14 06:00:08,110.09882016861
2024-09-14 07:00:08,110.666516354549
2024-09-14 08:00:08,110.570707292018
2024-09-14 21:00:08,111.406670289757
2024-09-14 22:00:08,109.852949552311
2024-09-14 23:00:08,110.481215870222
2024-09-15 01:00:08,85.3426582238372
2024-09-15 02:00:08,109.432859437256
2024-09-15 03:00:08,109.539737348836
2024-09-15 04:00:08,108.564493852399
2024-09-15 05:00:08,109.963468574327
2024-09-15 06:00:08,109.450909574031
2024-09-15 07:00:08,108.082951375066
2024-09-15 08:00:08,109.498373525857
2024-09-15 09:00:08,109.27321237569
2024-09-15 10:00:08,107.051581712197
2024-09-15 11:00:08,109.854470282862
2024-09-15 12:00:08,108.273984084073
2024-09-15 13:00:08,109.06401083901
2024-09-15 14:00:08,107.955182729995
2024-09-15 15:00:08,108.900137087529
2024-09-15 16:00:08,110.630288587392
2024-09-15 17:00:08,108.156786768006
2024-09-15 18:00:08,106.898174023351
2024-09-15 19:00:08,
2024-09-15 20:00:08,
2024-09-15 21:00:08,109.329033645364
2024-09-15 22:00:08,108.970606317
2024-09-15 23:00:08,109.711533503783
2024-09-16 00:00:00,108.531535618873
2024-09-16 01:00:08,107.848532888331
2024-09-16 02:00:08,107.035808811148
2024-09-16 03:00:08,108.337485981587
2024-09-16 04:00:08,108.367906692262
2024-09-16 05:00:08,106.609540744648
2024-09-16 06:00:08,109.479371041742
2024-09-16 07:00:08,109.383463272833
2024-09-16 08:00:08,108.478864700996
2024-09-16 09:00:08,107.964001002362
2024-09-16 10:00:08,107.594526442986
2024-09-16 11:00:08,109.457854993354
2024-09-16 12:00:08,109.477799247418
2024-09-16 13:00:08,108.788664986417
2024-09-16 14:00:08,108.731375287402
2024-09-16 15:00:08,106.080334907507
2024-09-16 16:00:08,108.728666914846
2024-09-16 17:00:08,108.499551224092
2024-09-16 18:00:08,109.597035904038
2024-09-16 19:00:08,107.103401292673
2024-09-16 20:00:08,109.613424665189
2024-09-16 21:00:08,107.042615012919
2024-09-16 22:00:08,107.575404029145
2024-09-16 23:00:08,108.581284578907
2024-09-17 00:00:01,107.094302809376
2024-09-17 01:00:08,106.812035485163
2024-09-17 02:00:08,106.975312253379
2024-09-17 03:00:08,108.016064299074
2024-09-17 04:00:08,108.194564932284
2024-09-17 05:00:08,107.872529690991
2024-09-17 06:00:08,107.343813471098
2024-09-17 07:00:08,106.270541484574
2024-09-17 08:00:08,118.7697640267
2024-09-17 09:00:08,109.494893859746
2024-09-17 10:00:08,106.829524457381
2024-09-17 11:00:08,107.390349703513
2024-09-17 12:00:08,107.226551060329
2024-09-17 13:00:08,106.958597591252
2024-09-17 14:00:08,107.692447345197
2024-09-17 15:00:08,107.55888417589
2024-09-17 16:00:08,106.771632089458
2024-09-17 17:00:08,108.499793483913
2024-09-17 18:00:08,107.106933647744
2024-09-17 19:00:08,107.559154876514
2024-09-17 20:00:08,107.700702001082
2024-09-17 21:00:08,105.667502426029
2024-09-17 22:00:08,109.827030012056
2024-09-17 23:00:08,106.65619799705
2024-09-18 00:00:01,107.380518936833
2024-09-18 01:00:08,107.297492273194
2024-09-18 02:00:08,106.288227605193
2024-09-18 03:00:08,107.144026595645
2024-09-18 04:00:08,107.185524783945
2024-09-18 05:00:08,108.91578868983
2024-09-18 06:00:08,107.418695500987
2024-09-18 07:00:08,108.378679487614
2024-09-18 08:00:08,107.354015114446
2024-09-18 09:00:08,107.417746465467
2024-09-18 10:00:08,107.100858771516
2024-09-18 11:00:08,106.113279187426
2024-09-18 12:00:08,107.565665761584
2024-09-18 13:00:08,107.125859064012
2024-09-18 14:00:08,107.770518340244
2024-09-18 15:00:08,107.784133622393
2024-09-19 03:00:08,108.365138974735
2024-09-19 04:00:08,105.993012214095
2024-09-19 05:00:08,107.532194911301
2024-09-19 06:00:08,106.640104205513
2024-09-19 07:00:08,106.965594369339
2024-09-19 08:00:08,106.324151112803
2024-09-19 09:00:08,106.08513475532
2024-09-19 10:00:08,106.339125024625
2024-09-19 11:00:08,107.254578604287
2024-09-19 12:00:08,108.300583290888
2024-09-19 13:00:08,105.988542494472
2024-09-19 14:00:08,107.994111796067
2024-09-19 15:00:08,107.365983631985
2024-09-19 16:00:08,107.709450430886
2024-09-19 17:00:08,107.569942679804
2024-09-19 18:00:08,107.721867663114
2024-09-19 19:00:08,109.765467636413
2024-09-19 20:00:08,106.448101968887
2024-09-19 21:00:08,107.832768574581
2024-09-19 22:00:08,105.766756838396
2024-09-19 23:00:08,108.136262607245
2024-09-20 00:00:01,106.623661688845
2024-09-20 01:00:08,104.463822418128
2024-09-20 02:00:08,107.21809238666
2024-09-20 03:00:08,103.379649607012
2024-09-20 04:00:08,107.419934766976
2024-09-20 05:00:08,81.2842680690429
2024-09-20 06:00:08,105.548122453153
2024-09-20 07:00:08,105.724599401018
2024-09-20 08:00:08,105.309884509281
2024-09-20 09:00:08,106.963404247211
2024-09-20 10:00:08,106.363550626408
2024-09-20 11:00:08,108.483023559707
2024-09-20 12:00:08,104.314472814518
2024-09-20 13:00:08,106.944360803871
2024-09-20 14:00:08,107.706832981934
2024-09-20 15:00:08,106.839409702586
2024-09-20 16:00:08,107.745655794602
2024-09-20 17:00:08,106.61414124895
2024-09-20 18:00:08,106.091887481241
2024-09-20 19:00:08,105.759745731452
2024-09-20 20:00:08,106.857358249513
2024-09-20 21:00:08,107.683243922323
2024-09-20 22:00:08,106.857880753063
2024-09-20 23:00:08,106.658155607318
2024-09-21 00:00:01,
2024-09-21 01:00:08,
2024-09-21 02:00:08,
2024-09-21 03:00:08,
2024-09-21 04:00:08,
2024-09-21 05:00:08,
2024-09-21 06:00:08,
2024-09-21 07:00:08,
2024-09-21 08:00:08,
2024-09-21 09:00:08,
2024-09-21 10:00:08,
2024-09-21 11:00:08,
2024-09-21 12:00:08,
2024-09-21 13:00:08,
2024-09-21 14:00:08,
2024-09-21 15:00:08,
2024-09-21 16:00:08,
2024-09-21 17:00:08,
2024-09-21 18:00:08,
2024-09-21 19:00:08,
2024-09-21 20:00:08,
2024-09-21 21:00:08,
2024-09-21 22:00:08,
2024-09-21 23:00:08,
2024-09-22 00:00:01,111.816909962508
2024-09-22 01:00:08,113.22107531181
2024-09-22 02:00:08,113.389048371759
2024-09-22 03:00:08,113.694693950483
2024-09-22 04:00:08,113.135616627225
2024-09-22 05:00:08,112.874580614394
2024-09-22 06:00:08,113.226802452702
2024-09-22 07:00:08,113.827617538112
2024-09-22 09:00:08,113.411660011405
2024-09-22 10:00:08,112.246134048541
2024-09-22 11:00:08,112.268123302243
2024-09-22 12:00:08,112.513058225041
2024-09-22 13:00:08,112.172257797088
2024-09-22 14:00:08,112.594723708445
2024-09-22 15:00:08,113.482568101777
2024-09-22 16:00:08,112.337950501943
2024-09-22 17:00:08,113.026469918344
2024-09-22 18:00:08,111.854641115034
2024-09-22 19:00:08,112.519992439164
2024-09-22 20:00:08,143.871359831693
2024-09-23 05:00:08,112.415208951256
2024-09-23 07:00:08,113.877657252791
2024-09-23 08:00:08,112.898029122301
2024-09-23 09:00:08,113.005014789194
2024-09-23 10:00:08,112.27273955801
2024-09-23 11:00:08,112.311756369907
2024-09-23 12:00:08,113.161575746304
2024-09-23 13:00:08,112.173609141158
2024-09-23 14:00:08,112.554363165868
2024-09-23 15:00:08,111.537165955898
2024-09-23 16:00:08,111.697335440508
2024-09-23 17:00:08,111.977178531687
2024-09-23 18:00:08,113.258850761943
2024-09-23 19:00:08,113.039173681927
2024-09-23 20:00:08,112.904431015073
2024-09-23 21:00:08,112.741875692083
2024-09-23 22:00:08,112.255511917498
2024-09-23 23:00:08,112.359605018042
2024-09-24 00:00:00,112.557244714926
2024-09-24 01:00:08,112.342029641909
2024-09-24 02:00:08,111.578182523115
2024-09-24 03:00:08,111.87786417599
2024-09-24 04:00:08,111.285899725722
2024-09-24 05:00:08,111.371783542039
2024-09-24 06:00:08,111.598875900067
2024-09-24 07:00:08,110.825040092914
2024-09-24 08:00:08,111.948559324657
2024-09-24 09:00:08,111.698958368424
2024-09-24 10:00:08,111.484388334569
2024-09-24 11:00:08,110.453725933305
2024-09-24 12:00:08,111.029300756921
2024-09-24 13:00:08,111.645984854618
2024-09-24 14:00:08,112.002393012703
2024-09-24 15:00:08,111.751194104064
2024-09-24 16:00:08,111.507608437436
2024-09-24 17:00:08,111.233272140102
2024-09-24 18:00:08,111.553148048827
2024-09-24 19:00:08,111.716382561694
2024-09-24 20:00:08,112.563010694071
2024-09-24 21:00:08,112.109889680409
2024-09-24 22:00:08,111.081801336932
2024-09-24 23:00:08,111.901099184301
2024-09-25 00:00:02,109.9631949341
2024-09-25 01:00:08,110.139104218564
2024-09-25 02:00:08,112.24009229577
2024-09-25 03:00:08,111.603550457648
2024-09-25 04:00:08,112.352786302149
2024-09-25 05:00:08,111.948043501512
2024-09-25 06:00:08,110.288050798083
2024-09-25 07:00:08,113.166630548103
2024-09-25 08:00:08,112.190667418884
2024-09-25 09:00:08,112.530242625308
2024-09-25 10:00:08,112.752556314594
2024-09-25 11:00:08,112.082485170861
2024-09-25 12:00:08,112.040879664689
2024-09-25 13:00:08,112.960816727066
2024-09-25 14:00:08,107.923653419617
2024-09-25 15:00:08,113.186731264607
2024-09-25 16:00:08,112.971880292273
2024-09-25 17:00:08,112.585534483564
2024-09-25 18:00:08,110.686976064339
2024-09-25 19:00:08,109.979126957087
2024-09-25 20:00:08,109.545029262266
2024-09-25 21:00:08,111.327746514795
2024-09-25 22:00:08,112.15033466329
2024-09-25 23:00:08,111.914554691159
2024-09-26 00:00:01,110.215214866609
2024-09-26 01:00:08,112.358116752583
2024-09-26 02:00:08,111.006963941409
2024-09-26 03:00:08,109.051564749606
2024-09-26 04:00:08,110.803657330719
2024-09-26 05:00:08,109.46048346465
2024-09-26 06:00:08,107.971720600845
2024-09-26 07:00:08,110.293309441385
2024-09-26 08:00:08,110.704518364328
2024-09-26 09:00:08,110.633773104558
2024-09-26 10:00:08,111.773576292382
2024-09-26 11:00:08,110.791349581644
2024-09-26 12:00:08,111.001305334314
2024-09-26 13:00:08,110.263920413508
2024-09-26 14:00:08,108.996871232195
2024-09-26 15:00:08,110.621065593681
2024-09-26 16:00:08,110.419468495155
2024-09-26 17:00:08,110.590554877413
2024-09-26 18:00:08,110.126609501886
2024-09-26 19:00:08,110.502132917317
2024-09-26 20:00:08,111.471559647513
2024-09-26 21:00:08,109.784940948331
2024-09-26 23:00:08,111.435659134036
2024-09-27 11:00:08,109.446291527848
2024-09-27 13:00:08,110.703716427538
2024-09-27 14:00:08,108.098943580887
2024-09-27 15:00:08,110.491859256832
2024-09-27 16:00:08,108.515939031637
2024-09-27 17:00:08,99.9205432757615
2024-09-27 18:00:08,110.217277384463
2024-09-27 19:00:08,110.92499022841
2024-09-27 20:00:08,109.433925291832
2024-09-27 21:00:08,108.947783095721
2024-09-27 22:00:08,110.082629136798
2024-09-27 23:00:08,109.76241599534
2024-09-28 00:00:01,108.108664854648
2024-09-28 01:00:08,108.413168684524
2024-09-28 02:00:08,106.958262863041
2024-09-28 03:00:08,107.727483470089
2024-09-28 04:00:08,106.633027130337
2024-09-28 05:00:08,107.899621121353
2024-09-28 06:00:08,107.715934462943
2024-09-28 07:00:08,109.671350640954
2024-09-28 09:00:08,109.204469388941
2024-09-28 10:00:08,105.714255429346
2024-09-28 11:00:08,108.392562403339
2024-09-28 12:00:08,109.205702432061
2024-09-28 13:00:08,109.335309462247
2024-09-28 14:00:08,108.200879780749
2024-09-28 15:00:08,108.536684657946
2024-09-28 16:00:08,106.435151960722
2024-09-28 17:00:08,108.67956164965
2024-09-28 18:00:08,107.309823476229
2024-09-28 19:00:08,108.514421373572
2024-09-28 20:00:08,107.809910867882
2024-09-28 21:00:08,107.112527227918
2024-09-28 22:00:08,107.29732840859
2024-09-28 23:00:08,110.050486627415
2024-09-29 00:00:01,108.379652625596
2024-09-29 01:00:08,108.204488413846
2024-09-29 02:00:08,108.479451501046
2024-09-29 03:00:08,107.351947329565
2024-09-29 04:00:08,106.204767892125
2024-09-29 05:00:08,107.0778945808
2024-09-29 06:00:08,107.812590201789
2024-09-29 07:00:08,106.914396547357
2024-09-29 08:00:08,106.623009575839
2024-09-29 09:00:08,107.619099138924
2024-09-29 10:00:08,106.331596218379
2024-09-29 11:00:08,106.835470221553
2024-09-29 12:00:08,107.312122388488
2024-09-29 13:00:08,107.309271882785
2024-09-29 14:00:08,108.564635430956
2024-09-29 15:00:08,107.275444506956
2024-09-29 16:00:08,105.725664088083
2024-09-29 17:00:08,107.499129650019
2024-09-29 18:00:08,106.861485495694
2024-09-29 19:00:08,105.517556515288
2024-09-29 20:00:08,107.434771044402
2024-09-29 21:00:08,107.151168838927
2024-09-29 22:00:08,106.268133584778
2024-09-29 23:00:08,105.818275367922
2024-09-30 00:00:02,104.887495472772
2024-09-30 01:00:08,105.648326728964
2024-09-30 02:00:08,106.800974458745
2024-09-30 03:00:08,107.276911312241
2024-09-30 04:00:08,104.518965022165
2024-09-30 05:00:08,105.031503799492
2024-09-30 06:00:08,106.566410767534
2024-09-30 07:00:08,105.298134478179
2024-09-30 08:00:08,107.817013805068
2024-09-30 09:00:08,107.537081738382
2024-09-30 10:00:08,105.016653175236
2024-09-30 11:00:08,107.527804360959
2024-09-30 12:00:08,106.887826570828
2024-09-30 13:00:08,105.904541694249
2024-09-30 14:00:08,106.605423208469
2024-09-30 15:00:08,106.533520635186
2024-09-30 16:00:08,106.193595142933
2024-09-30 17:00:08,104.176028403884
2024-09-30 18:00:08,104.286601318448
2024-09-30 19:00:08,105.470843031529
2024-09-30 20:00:08,105.943042134597
2024-09-30 21:00:08,106.690593125298
2024-09-30 22:00:08,107.525738002088
2024-09-30 23:00:08,104.721950614246
2024-10-01 01:00:08,105.08064724568
2024-10-01 02:00:08,105.175314443708
2024-10-01 14:00:08,106.486205599749
2024-10-01 15:00:08,107.420096724878
2024-10-01 16:00:08,106.88754799902
2024-10-01 17:00:08,104.447597374363
2024-10-01 18:00:08,105.173610629375
2024-10-01 19:00:08,103.762974970416
2024-10-01 20:00:08,104.969403888917
2024-10-01 21:00:08,105.925606568671
2024-10-01 22:00:08,105.939498459868
2024-10-01 23:00:08,104.53264006283
2024-10-02 00:00:01,104.684252284539
2024-10-02 01:00:08,105.476621021789
2024-10-02 02:00:08,106.50664038645
2024-10-02 03:00:08,104.91489380879
2024-10-02 04:00:08,104.960440941361
2024-10-02 05:00:08,104.859288435347
2024-10-02 06:00:08,104.405887018034
2024-10-02 07:00:08,105.082074667697
2024-10-02 08:00:08,104.540249687362
2024-10-02 09:00:08,105.241172875591
2024-10-02 10:00:08,105.010781804384
2024-10-02 11:00:08,104.484718607956
2024-10-02 12:00:08,105.05978821329
2024-10-02 13:00:08,105.220430878439
2024-10-02 14:00:08,106.262479650756
2024-10-02 15:00:08,106.308980621129
2024-10-02 16:00:08,106.53084628675
2024-10-02 17:00:08,107.336866403262
2024-10-02 18:00:08,106.961072335332
2024-10-02 19:00:08,104.292203660115
2024-10-02 20:00:08,106.253728927716
2024-10-02 21:00:08,105.136492403088
2024-10-02 22:00:08,104.977538886597
2024-10-02 23:00:08,106.573111094966
2024-10-03 00:00:02,106.161199882074
2024-10-03 01:00:08,104.258089937305
2024-10-03 02:00:08,106.155648136355
2024-10-03 03:00:08,104.617602186889
2024-10-03 04:00:08,103.838143399628
2024-10-03 05:00:08,105.33311823648
2024-10-03 06:00:08,104.716991025485
2024-10-03 07:00:08,103.54334332948
2024-10-03 08:00:08,104.320124295847
2024-10-03 09:00:08,106.156492786636
2024-10-03 10:00:08,105.218475026764
2024-10-03 11:00:08,104.846679498414
2024-10-03 12:00:08,105.004511755504
2024-10-03 13:00:08,102.694811985098
2024-10-03 14:00:08,105.025922818532
2024-10-03 15:00:08,105.948621462066
2024-10-03 16:00:08,105.479215869429
2024-10-03 17:00:08,103.773800056115
2024-10-03 18:00:08,104.541695661249
2024-10-03 19:00:08,105.576290189232
2024-10-03 20:00:08,104.650875002994
2024-10-03 21:00:08,104.310238215128
2024-10-03 22:00:08,104.304277149139
2024-10-03 23:00:08,103.99161542966
2024-10-04 00:00:01,104.842162252676
2024-10-04 01:00:08,104.330965082173
2024-10-04 02:00:08,104.818772339715
2024-10-04 03:00:08,101.978762248032
2024-10-04 04:00:08,103.998437779546
2024-10-04 05:00:08,106.092518057075
2024-10-04 06:00:08,104.926277170695
2024-10-04 07:00:08,105.626835278027
2024-10-04 08:00:08,103.361428848523
2024-10-04 09:00:08,104.719947709406
2024-10-04 10:00:08,104.748883933752
2024-10-04 11:00:08,104.966082906587
2024-10-04 12:00:08,104.203259233051
2024-10-04 13:00:08,103.275176507663
2024-10-04 14:00:08,103.087376602381
2024-10-04 15:00:08,104.271469795768
2024-10-04 16:00:08,104.922772839785
2024-10-04 17:00:08,105.336538262895
2024-10-04 18:00:08,105.355766586045
2024-10-04 19:00:08,104.072276848215
2024-10-04 20:00:08,104.525653991175
2024-10-04 21:00:08,103.326946987159
2024-10-04 22:00:08,101.9379129947
2024-10-04 23:00:08,103.922255116616
2024-10-05 00:00:01,104.262082039996
2024-10-05 01:00:08,104.064765664134
2024-10-05 02:00:08,103.876854159345
2024-10-05 03:00:08,103.953511634311
2024-10-05 04:00:08,104.596048472637
2024-10-05 05:00:08,103.902632904274
2024-10-05 06:00:08,103.571845851826
2024-10-05 07:00:08,104.951825411246
2024-10-05 08:00:08,103.342060092277
2024-10-05 19:00:08,104.655155553899
2024-10-05 20:00:08,104.899373030014
2024-10-05 21:00:08,105.447557220669
2024-10-05 22:00:08,105.393440116537
2024-10-05 23:00:08,104.79975518868
2024-10-06 00:00:00,102.822316499296
2024-10-06 01:00:08,104.017642830176
2024-10-06 02:00:08,102.808408512286
2024-10-06 03:00:08,104.89387437277
2024-10-06 04:00:08,103.315045958862
2024-10-06 05:00:08,102.79829529709
2024-10-06 06:00:08,103.741184534138
2024-10-06 07:00:08,103.738140531064
2024-10-06 08:00:08,103.581438857718
2024-10-06 09:00:08,102.598537051963
2024-10-06 10:00:08,102.289452736242
2024-10-06 11:00:08,103.432475497954
2024-10-06 12:00:08,102.569093502442
2024-10-06 13:00:08,103.502629766105
2024-10-06 14:00:08,103.713192926175
2024-10-06 15:00:08,103.254375609581
2024-10-06 16:00:08,104.322036103461
2024-10-06 17:00:08,104.145544416418
2024-10-06 18:00:08,103.943477608618
2024-10-06 19:00:08,103.735990758675
2024-10-06 20:00:08,105.273648781995
2024-10-06 21:00:08,104.289916648311
2024-10-06 22:00:08,105.011460977073
2024-10-06 23:00:08,103.536388090558
2024-10-07 00:00:00,103.17251522663
2024-10-07 01:00:08,103.699987077027
2024-10-07 03:00:08,104.089932346169
2024-10-07 04:00:08,103.676694072562
2024-10-07 05:00:08,103.222689633192
2024-10-07 06:00:08,103.136368395931
2024-10-07 07:00:08,102.353474727183
2024-10-07 08:00:08,101.686579018519
2024-10-07 10:00:08,102.520646952497
2024-10-07 11:00:08,104.380680347166
2024-10-07 12:00:08,105.29396649265
2024-10-07 13:00:08,104.314134711791
2024-10-07 14:00:08,103.850557097766
2024-10-07 15:00:08,103.304725737632
2024-10-07 16:00:08,102.09989463491
2024-10-07 17:00:08,103.162855605524
2024-10-07 18:00:08,104.082779263537
2024-10-07 19:00:08,104.942362882487
2024-10-07 20:00:08,101.656648827708
2024-10-07 21:00:08,102.927706384798
2024-10-07 22:00:08,102.776240678046
2024-10-07 23:00:08,104.252096476269
2024-10-08 00:00:00,102.814832311726
2024-10-08 01:00:08,101.994096099841
2024-10-08 02:00:08,102.857815777835
2024-10-08 03:00:08,102.780975456508
2024-10-08 04:00:08,103.637088255918
2024-10-08 05:00:08,103.842614276097
2024-10-08 06:00:08,131.482300605954
2024-10-08 07:00:08,102.456250981049
2024-10-08 08:00:08,101.604761080333
2024-10-08 09:00:08,102.507357646983
2024-10-08 10:00:08,102.022434956915
2024-10-08 11:00:08,103.199772759442
2024-10-08 12:00:08,101.544517263712
2024-10-08 13:00:08,102.192067302769
2024-10-08 14:00:08,102.023327352062
2024-10-08 15:00:08,101.998812045208
2024-10-08 16:00:08,101.923958243247
2024-10-08 17:00:08,104.764662659962
2024-10-08 18:00:08,102.59781761129
2024-10-08 19:00:08,93.772846228036
2024-10-08 20:00:08,101.239854584829
2024-10-08 21:00:08,103.207908097411
2024-10-08 22:00:08,101.57145208964
2024-10-08 23:00:08,103.64104266618
2024-10-09 00:00:00,100.738709751354
2024-10-09 01:00:08,102.303001989691
2024-10-09 02:00:08,101.50066126103
2024-10-09 03:00:08,101.515498253263
2024-10-09 04:00:08,102.454009046774
2024-10-09 05:00:08,101.610209874787
2024-10-09 06:00:08,101.092110837998
2024-10-09 07:00:08,102.491614223466
2024-10-09 08:00:08,102.243161528689
2024-10-09 09:00:08,101.226015192708
2024-10-09 10:00:08,102.872097405583
2024-10-09 11:00:08,102.372446725057
2024-10-09 12:00:08,101.525486271388
2024-10-11 05:00:08,101.3235308002
2024-10-11 06:00:08,102.200691065364
2024-10-11 07:00:08,102.192230162445
2024-10-11 08:00:08,100.400637832951
2024-10-11 09:00:08,101.455924142967
2024-10-11 10:00:08,100.312874208999
2024-10-11 11:00:08,101.025634180834
2024-10-11 12:00:08,101.29127033451
2024-10-11 13:00:08,102.714825454704
2024-10-11 14:00:08,102.278517090087
2024-10-11 15:00:08,100.67541445455
2024-10-11 16:00:08,101.723153777477
2024-10-11 17:00:08,102.15588544952
2024-10-11 18:00:08,101.494479121198
2024-10-11 19:00:08,101.303564548496
2024-10-11 20:00:08,99.833081022246
2024-10-11 21:00:08,101.248881393114
2024-10-11 22:00:08,102.102938743651
2024-10-11 23:00:08,102.230136771566
2024-10-12 00:00:02,101.156023058152
2024-10-12 01:00:08,101.830862694386
2024-10-12 02:00:08,101.48452845916
2024-10-12 03:00:08,100.292859751408
2024-10-12 04:00:08,100.735491752345
2024-10-12 05:00:08,101.317857201349
2024-10-12 06:00:08,99.5035152224539
2024-10-12 07:00:08,101.172803471807
2024-10-12 08:00:08,99.3721583586796
2024-10-12 09:00:08,100.633654617831
2024-10-12 10:00:08,102.196464493625
2024-10-12 11:00:08,112.272933436196
2024-10-12 12:00:08,100.783597701123
2024-10-12 13:00:08,100.185232928336
2024-10-12 14:00:08,102.137332878941
2024-10-12 15:00:08,100.915238742755
2024-10-12 16:00:08,100.436367847669
2024-10-12 17:00:08,100.475421888657
2024-10-12 18:00:08,99.3108318360233
2024-10-12 19:00:08,101.514192182204
2024-10-12 20:00:08,101.071120904761
2024-10-12 21:00:08,101.137285673597
2024-10-12 22:00:08,100.460081436034
2024-10-12 23:00:08,99.1505794149487
2024-10-13 00:00:01,111.575834092176
2024-10-13 01:00:08,99.2384273696682
2024-10-13 02:00:08,100.015170872767
2024-10-13 03:00:08,101.426265854775
2024-10-13 04:00:08,99.7469206410665
2024-10-13 05:00:08,100.615044273499
2024-10-13 06:00:08,101.463345343838
2024-10-13 07:00:08,100.433600398021
2024-10-13 08:00:08,101.019745310364
2024-10-13 09:00:08,98.7874294153681
2024-10-13 10:00:08,101.639172120191
2024-10-13 11:00:08,100.321447646652
2024-10-13 12:00:08,102.42874534545
2024-10-13 13:00:08,99.8407293955407
2024-10-13 14:00:08,100.548231440515
2024-10-13 16:00:08,100.732825425257
2024-10-14 04:00:08,99.8880880141681
2024-10-14 05:00:08,100.0966589313
2024-10-14 06:00:08,100.804914823072
2024-10-14 07:00:08,100.165990788773
2024-10-14 08:00:08,100.162640053658
2024-10-14 09:00:08,99.0533143579662
2024-10-14 10:00:08,100.061297336132
2024-10-14 11:00:08,98.9289521836048
2024-10-14 12:00:08,99.1224665029874
2024-10-14 13:00:08,99.2530648202089
2024-10-14 14:00:08,101.23953309116
2024-10-14 15:00:08,100.846723906682
2024-10-14 16:00:08,100.041074796991
2024-10-14 17:00:08,98.1360772633021
2024-10-14 18:00:08,99.9748287259512
2024-10-14 19:00:08,99.5318273442238
2024-10-14 20:00:08,98.0151073316544
2024-10-14 22:00:08,99.458413828949
2024-10-14 23:00:08,100.330909558233
2024-10-15 00:00:01,97.812733251264
2024-10-15 01:00:08,99.8434560703053
2024-10-15 02:00:08,98.394921764365
2024-10-15 03:00:08,100.592982165804
2024-10-15 04:00:08,100.358504634049
2024-10-15 05:00:08,98.3769319049101
2024-10-15 06:00:08,98.6481335245511
2024-10-15 07:00:08,98.8941285444819
2024-10-15 08:00:08,99.6875496668388
2024-10-15 09:00:08,
2024-10-15 10:00:08,99.2629389949166
2024-10-15 11:00:08,99.4396479208705
2024-10-15 12:00:08,98.6877322115675
2024-10-15 13:00:08,98.4664060264563
2024-10-15 14:00:08,99.1550159992513
2024-10-15 15:00:08,99.8438630887614
2024-10-15 16:00:08,98.1976781382561
2024-10-15 17:00:08,100.65285847788
2024-10-15 18:00:08,98.9028190631201
2024-10-15 19:00:08,99.547748436352
2024-10-15 20:00:08,99.702970716852
2024-10-15 21:00:08,98.1343143292005
2024-10-15 22:00:08,100.789540487697
2024-10-15 23:00:08,99.6636991274432
2024-10-16 00:00:02,97.6145983971856
2024-10-16 01:00:08,100.661512063761
2024-10-16 02:00:08,98.1731160889987
2024-10-16 03:00:08,97.4383689870563
2024-10-16 04:00:08,99.9457439334029
2024-10-16 05:00:08,99.6534448908957
2024-10-16 06:00:08,100.930914883989
2024-10-16 07:00:08,98.8115859425805
2024-10-16 08:00:08,100.093447560071
2024-10-16 09:00:08,100.255494944828
2024-10-16 10:00:08,99.199665693319
2024-10-16 11:00:08,98.6678289927563
2024-10-16 12:00:08,99.8657857556945
2024-10-16 15:00:08,98.4822724240557
2024-10-16 16:00:08,98.4362097745966
2024-10-16 17:00:08,98.9665754531509
2024-10-16 18:00:08,99.0895155864411
2024-10-16 19:00:08,99.616234747232
2024-10-16 20:00:08,97.7546469428177
2024-10-16 21:00:08,98.6579063235058
2024-10-16 22:00:08,98.6625786504524
2024-10-16 23:00:08,98.9623835177126
2024-10-17 00:00:02,97.3019327215238
2024-10-17 01:00:08,97.6402812073795
2024-10-17 02:00:08,98.6311018329068
2024-10-17 03:00:08,99.1540331778489
2024-10-17 04:00:08,98.3029934921138
2024-10-17 05:00:08,97.2712507921115
2024-10-17 06:00:08,98.8801956701334
2024-10-17 07:00:08,98.8499253604374
2024-10-17 08:00:08,97.7806288404564
2024-10-17 09:00:08,99.1115637792668
2024-10-17 10:00:08,97.9211030475008
2024-10-17 11:00:08,96.8225672194905
2024-10-17 12:00:08,99.3311247660688
2024-10-17 13:00:08,98.737733682593
2024-10-17 14:00:08,98.99782280733
2024-10-17 15:00:08,98.0000844966976
2024-10-17 16:00:08,98.1648582443535
2024-10-17 17:00:08,100.235831218387
2024-10-17 18:00:08,98.6877175901197
2024-10-17 19:00:08,99.1905889041527
2024-10-17 20:00:08,98.5216974388054
2024-10-17 21:00:08,97.1814359447631
2024-10-17 22:00:08,99.0488786705919
2024-10-18 08:00:08,98.9149178152598
2024-10-18 09:00:08,97.8382148005346
2024-10-18 10:00:08,97.8124174503733
2024-10-18 11:00:08,97.356979332228
2024-10-18 12:00:08,97.862035938558
2024-10-18 13:00:08,97.9978144367428
2024-10-18 14:00:08,97.6204130489686
2024-10-18 15:00:08,99.2577342837357
2024-10-18 16:00:08,99.1991938711902
2024-10-18 17:00:08,96.0357706841632
2024-10-18 18:00:08,98.2391084138542
2024-10-18 19:00:08,98.4817038546439
2024-10-18 20:00:08,99.2818615015978
2024-10-18 21:00:08,
2024-10-18 22:00:08,
2024-10-18 23:00:08,
2024-10-19 00:00:01,
2024-10-19 01:00:08,97.6209064531034
2024-10-19 02:00:08,99.2493675787498
2024-10-19 03:00:08,97.4805054629828
2024-10-19 04:00:08,
2024-10-19 05:00:08,
2024-10-19 06:00:08,
2024-10-19 07:00:08,96.6718827340472
2024-10-19 08:00:08,98.7339810226639
2024-10-19 09:00:08,96.8186892039631
2024-10-19 10:00:08,97.1276560747673
2024-10-19 11:00:08,76.0567789418515
2024-10-19 12:00:08,98.6968251751421
2024-10-19 13:00:08,98.2183649349571
2024-10-19 14:00:08,97.5840230791049
2024-10-19 15:00:08,95.8662886350281
2024-10-19 16:00:08,97.9782985791755
2024-10-19 17:00:08,98.1664238355261
2024-10-19 18:00:08,96.1770529156113
2024-10-19 19:00:08,96.368669508648
2024-10-19 20:00:08,97.1435130193146
2024-10-19 21:00:08,97.2016715175971
2024-10-19 22:00:08,98.4326033641229
2024-10-19 23:00:08,96.8951337596869
2024-10-20 00:00:02,79.9111655531878
2024-10-20 01:00:08,95.9381072467036
2024-10-20 02:00:08,97.7769241196326
2024-10-20 03:00:08,98.6489381809386
2024-10-20 04:00:08,97.5420436142431
2024-10-20 05:00:08,98.4806494445345
2024-10-20 06:00:08,96.9847385493716
2024-10-20 07:00:08,97.6785387337688
2024-10-20 08:00:08,97.2012843603463
2024-10-20 09:00:08,97.5958407943051
2024-10-20 10:00:08,97.3003092817018
2024-10-20 11:00:08,98.5971599880547
2024-10-20 12:00:08,96.7618317189842
2024-10-20 13:00:08,96.8428088109363
2024-10-20 14:00:08,98.2772392889385
2024-10-20 15:00:08,97.5964273662888
2024-10-20 16:00:08,96.495035488389
2024-10-20 17:00:08,97.8395299489616
2024-10-20 18:00:08,96.5373578914272
2024-10-20 19:00:08,95.5681634419108
2024-10-20 20:00:08,96.5473980766652
2024-10-20 21:00:08,96.7691128271999
2024-10-20 22:00:08,96.8695259515098
2024-10-20 23:00:08,98.7849644506928
2024-10-21 00:00:02,97.660686659316
2024-10-21 01:00:08,97.3474972709093
2024-10-21 02:00:08,101.658739917428
2024-10-21 03:00:08,96.3818022893149
2024-10-21 04:00:08,97.2134673219067
2024-10-21 05:00:08,97.9570358246194
2024-10-21 06:00:08,96.6480740066458
2024-10-21 07:00:08,97.5512071587813
2024-10-21 08:00:08,97.1357504787864
2024-10-21 09:00:08,95.4820899135846
2024-10-21 10:00:08,96.1978645220523
2024-10-21 11:00:08,97.7312102915652
2024-10-21 12:00:08,97.0105571687884
2024-10-21 13:00:08,98.9412464761503
2024-10-21 14:00:08,95.2251709434523
2024-10-21 15:00:08,94.9024845767087
2024-10-21 16:00:08,96.3312674801492
2024-10-21 17:00:08,97.7636174583667
2024-10-21 18:00:08,96.3083031396294
2024-10-21 19:00:08,83.2298915031983
2024-10-21 20:00:08,96.310846621425
2024-10-21 21:00:08,98.8459721578988
2024-10-21 22:00:08,99.3874219886842
2024-10-21 23:00:08,97.1183166647922
2024-10-22 00:00:01,96.9007801538678
2024-10-22 12:00:08,96.1662708103484
2024-10-22 13:00:08,96.3700435436586
2024-10-22 14:00:08,95.2313811737007
2024-10-22 15:00:08,96.5136205204872
2024-10-22 16:00:08,96.1969003876166
2024-10-22 17:00:08,95.8126577265398
2024-10-22 18:00:08,98.678619870318
2024-10-22 19:00:08,94.8815659571331
2024-10-22 20:00:08,97.3944226286505
2024-10-22 21:00:08,97.7387255513093
2024-10-22 22:00:08,95.4541182199496
2024-10-22 23:00:08,97.0862657348972
2024-10-23 00:00:00,96.0339318344352
2024-10-23 01:00:00,97.7882945030483
2024-10-23 02:00:00,96.9932032717209
2024-10-23 03:00:00,96.9049661273334
2024-10-23 04:00:00,97.882932736164
2024-10-23 05:00:00,97.5890259272796
2024-10-23 06:00:00,96.973389641527
2024-10-23 07:00:00,95.2948285605419
2024-10-23 08:00:00,97.264998899975
2024-10-23 09:00:00,96.5152479271658
2024-10-23 11:00:00,96.5160092028302
2024-10-23 12:00:00,95.761115605304
2024-10-23 13:00:00,97.8537135379177
2024-10-23 14:00:00,96.6076723306743
2024-10-23 15:00:00,95.4474714777307
2024-10-23 16:00:00,96.4885871956401
2024-10-23 17:00:00,95.3787344426983
2024-10-23 18:00:00,
2024-10-23 19:00:00,
2024-10-23 20:00:00,
2024-10-23 21:00:00,97.9854282629798
2024-10-23 22:00:00,98.2815268193508
2024-10-23 23:00:00,96.331188050744
2024-10-24 00:00:00,97.7433531444562
2024-10-24 01:00:00,97.1126127669974
2024-10-24 02:00:00,
2024-10-24 03:00:00,95.8633881752949
2024-10-24 04:00:00,96.4043502030357
2024-10-24 05:00:00,98.6355054068812
2024-10-24 06:00:00,98.2122780112437
2024-10-24 07:00:00,97.7061103945486
2024-10-24 08:00:00,96.55977209757
2024-10-24 09:00:00,97.5115382200724
2024-10-24 10:00:00,96.4801250915997
2024-10-24 11:00:00,96.3796411623117
2024-10-24 12:00:00,95.5779190030011
2024-10-24 13:00:00,94.636996978805
2024-10-24 14:00:00,96.7894058224132
2024-10-24 15:00:00,97.787265465978
2024-10-24 16:00:00,97.8071079398841
2024-10-24 17:00:00,98.092006438682
2024-10-24 18:00:00,97.4920136966301
2024-10-24 19:00:00,97.3586819404385
2024-10-25 06:00:00,96.0892773663694
2024-10-25 07:00:00,97.1514373290275
2024-10-25 08:00:00,96.7125631857609
2024-10-25 09:00:00,97.0451441766803
2024-10-25 10:00:00,94.7086812416804
2024-10-25 11:00:00,96.8953201379591
2024-10-25 12:00:00,96.4454357271324
2024-10-25 13:00:00,96.8210926599567
2024-10-25 14:00:00,96.5192272834755
2024-10-25 15:00:00,97.7377527237872
2024-10-25 16:00:00,95.995572091316
2024-10-25 17:00:00,96.6922837561205
2024-10-25 18:00:00,96.4915485245309
2024-10-25 19:00:00,97.4010857078834
2024-10-25 20:00:00,98.7905906654692
2024-10-26 07:00:00,96.3308062720045
2024-10-26 08:00:00,96.3659850813267
2024-10-26 09:00:00,95.9515156933
2024-10-26 10:00:00,96.0477092124481
2024-10-26 11:00:00,96.7991319694374
2024-10-26 12:00:00,95.6586693379225
2024-10-26 13:00:00,97.2078021616638
2024-10-26 14:00:00,95.7354202257539
2024-10-26 15:00:00,96.3310123843418
2024-10-26 16:00:00,95.5332431637062
2024-10-26 18:00:00,95.3173587952194
2024-10-26 19:00:00,96.5886783751822
2024-10-26 20:00:00,95.8711700960262
2024-10-26 21:00:00,95.2554734015565
2024-10-26 22:00:00,97.6816969503357
2024-10-26 23:00:00,96.4404874471632
2024-10-27 00:00:00,
2024-10-27 01:00:00,
2024-10-27 02:00:00,
2024-10-27 03:00:00,
2024-10-27 04:00:00,96.3484891204654
2024-10-27 05:00:00,96.6340642883035
2024-10-27 07:00:00,94.5149287476969
2024-10-27 08:00:00,95.0544263819461
2024-10-27 09:00:00,97.1656077314955
2024-10-27 10:00:00,97.1593754728554
2024-10-27 11:00:00,95.6139079499772
2024-10-27 12:00:00,96.5662398687392
2024-10-27 13:00:00,95.7408994573946
2024-10-27 14:00:00,96.2400808572692
2024-10-27 15:00:00,97.3302023435806
2024-10-27 16:00:00,95.5358329248256
2024-10-27 17:00:00,96.4547437498976
2024-10-27 18:00:00,94.9583334193729
2024-10-27 19:00:00,96.5973020962233
2024-10-27 20:00:00,96.3181975295057
2024-10-27 21:00:00,95.6466078998559
2024-10-27 22:00:00,96.1526597659824
2024-10-27 23:00:00,97.0412977921719
2024-10-28 00:00:00,95.3712205906406
2024-10-28 01:00:00,95.1621656504355
2024-10-28 02:00:00,94.8917974590682
2024-10-28 03:00:00,95.0875412644988
2024-10-28 04:00:00,96.9925965203469
2024-10-28 05:00:00,94.8221569330238
2024-10-28 06:00:00,95.4706073960339
2024-10-28 07:00:00,96.1641100393782
2024-10-28 08:00:00,93.8796404359648
2024-10-28 09:00:00,95.8583437580288
2024-10-28 10:00:00,96.6443209749819
2024-10-28 11:00:00,95.74158613449
2024-10-28 12:00:00,94.2901017508086
2024-10-28 13:00:00,95.5716290142435
2024-10-28 14:00:00,95.7765451779641
2024-10-28 15:00:00,96.2440634950136
2024-10-28 16:00:00,95.2773385650852
2024-10-28 17:00:00,95.8896291905646
2024-10-28 18:00:00,94.0380198655706
2024-10-28 19:00:00,95.7526022934368
2024-10-28 20:00:00,95.3745657448229
2024-10-28 21:00:00,94.9097956276713
2024-10-28 22:00:00,95.8292704436137
2024-10-28 23:00:00,94.6105229581091
2024-10-29 00:00:00,95.2208119674395
2024-10-29 01:00:00,94.7802595769206
2024-10-29 02:00:00,93.9436272649939
2024-10-29 03:00:00,95.8774151035396
2024-10-29 04:00:00,95.5143695849563
2024-10-29 05:00:00,93.7144201750636
2024-10-29 06:00:00,95.8978214612409
2024-10-29 07:00:00,94.4625234840256
2024-10-29 08:00:00,94.8741954794317
2024-10-29 09:00:00,94.838474050875
2024-10-29 10:00:00,96.1514464913558
2024-10-29 11:00:00,92.5581066426168
2024-10-29 12:00:00,95.1227377150909
2024-10-29 13:00:00,95.5984181016208
2024-10-29 14:00:00,93.3450549071541
2024-10-29 15:00:00,82.956648813558
2024-10-29 16:00:00,
2024-10-29 17:00:00,
2024-10-29 18:00:00,
2024-10-29 19:00:00,93.6325965017259
2024-10-29 20:00:00,94.9177168977822
2024-10-29 21:00:00,93.9777083954262
2024-10-30 08:00:00,95.6838630029223
2024-10-30 10:00:00,96.199177832263
2024-10-30 11:00:00,105.812970995742
2024-10-30 12:00:00,94.59437879783
2024-10-30 13:00:00,94.3020752376256
2024-10-30 14:00:00,94.8962889211679
2024-10-30 15:00:00,96.0784770903498
2024-10-30 16:00:00,93.7894132897337
2024-10-30 17:00:00,95.5923709186569
2024-10-30 18:00:00,93.4402419289633
2024-10-30 19:00:00,94.4119484324535
2024-10-30 20:00:00,94.4746388863562
2024-10-30 21:00:00,93.5956620025251
2024-10-30 22:00:00,93.417693947774
2024-10-30 23:00:00,94.695421337933
2024-10-31 00:00:00,94.4517738335903
2024-10-31 01:00:00,94.2703950060655
2024-10-31 02:00:00,93.340462155538
2024-10-31 03:00:00,94.72098310566
2024-10-31 04:00:00,93.576955676326
2024-10-31 05:00:00,93.1699435722949
2024-10-31 06:00:00,94.2564921640466
2024-10-31 07:00:00,93.01117040614
2024-10-31 08:00:00,95.3739542644143
2024-10-31 09:00:00,92.4593300863578
2024-10-31 11:00:00,93.7975205141579
2024-10-31 12:00:00,95.1195506210963
2024-10-31 13:00:00,92.3844357297207
2024-10-31 14:00:00,93.93936154248
2024-10-31 15:00:00,93.5728770777978
2024-10-31 16:00:00,92.3102551874907
2024-10-31 17:00:00,93.0049111560247
2024-10-31 18:00:00,94.0348645510704
2024-10-31 19:00:00,93.218894823496
2024-10-31 20:00:00,93.8214254791467
2024-10-31 21:00:00,92.7995955405524
2024-10-31 22:00:00,93.5834304522945
2024-10-31 23:00:00,83.6443797078172
2024-11-01 00:00:00,93.6895511925852
2024-11-01 01:00:00,92.976180509285
2024-11-01 02:00:00,93.9534281655796
2024-11-01 03:00:00,93.8221538206538
2024-11-01 04:00:00,93.1476232615401
2024-11-01 05:00:00,92.9386142153732
2024-11-01 06:00:00,92.4020149804461
2024-11-01 07:00:00,92.2832862466133
2024-11-01 08:00:00,92.733684203048
2024-11-01 09:00:00,94.4442182936768
2024-11-01 10:00:00,93.56423498764
2024-11-01 11:00:00,92.8203963187103
2024-11-01 22:00:00,94.4941196023225
2024-11-01 23:00:00,92.184382662534
2024-11-02 01:00:00,92.7299517013061
2024-11-02 03:00:00,92.5974507967536
2024-11-02 04:00:00,91.9540675773461
2024-11-02 05:00:00,93.5385639948124
2024-11-02 06:00:00,92.2143928835254
2024-11-02 07:00:00,93.0644055288428
2024-11-02 08:00:00,93.0235374129348
2024-11-02 09:00:00,92.6593340896754
2024-11-02 10:00:00,91.9311583784007
2024-11-02 11:00:00,91.5287215345878
2024-11-02 12:00:00,92.7264024489507
2024-11-02 13:00:00,91.5940532555232
2024-11-02 14:00:00,93.2707555835779
2024-11-02 15:00:00,92.5276525148927
2024-11-02 16:00:00,91.8075832329698
2024-11-02 17:00:00,92.1176254312833
2024-11-02 18:00:00,92.3203592444939
2024-11-02 19:00:00,91.9111397711304
2024-11-02 20:00:00,93.1605406799602
2024-11-02 21:00:00,93.061501188647
2024-11-02 22:00:00,92.524521752647
2024-11-02 23:00:00,92.5839134218508
2024-11-03 00:00:00,92.2804691081539
2024-11-03 01:00:00,91.4753571135549
2024-11-03 02:00:00,91.581753427553
2024-11-03 03:00:00,92.119228357413
2024-11-03 04:00:00,90.9769125872302
2024-11-03 05:00:00,91.583341240992
2024-11-03 06:00:00,91.6804549382899
2024-11-03 07:00:00,92.0352236738636
2024-11-03 08:00:00,91.2941506522231
2024-11-03 09:00:00,90.7536033375834
2024-11-03 10:00:00,92.1424083248576
2024-11-03 11:00:00,90.5317072516873
2024-11-03 12:00:00,92.215611730151
2024-11-03 13:00:00,91.138081673496
2024-11-03 14:00:00,91.8865092839023
2024-11-03 15:00:00,91.8799844857934
2024-11-03 16:00:00,91.9638494498884
2024-11-03 17:00:00,91.2464014075738
2024-11-03 18:00:00,91.583313365825
2024-11-03 19:00:00,91.8706681003872
2024-11-03 20:00:00,91.604826795784
2024-11-03 21:00:00,92.2082481372202
2024-11-03 22:00:00,91.5545846428262
2024-11-03 23:00:00,92.7342469390334
2024-11-04 00:00:00,91.7536264807172
2024-11-04 01:00:00,90.6740258942648
2024-11-04 02:00:00,90.2167227477424
2024-11-04 03:00:00,91.0613766763876
2024-11-04 04:00:00,90.2582946197658
2024-11-04 05:00:00,90.7191330758327
2024-11-04 06:00:00,91.3580229239426
2024-11-04 07:00:00,89.8853406001277
2024-11-04 08:00:00,90.6361652738385
2024-11-04 09:00:00,90.4659263656221
2024-11-04 10:00:00,91.040812200819
2024-11-04 11:00:00,91.7252657156634
2024-11-04 12:00:00,91.262341971167
2024-11-04 13:00:00,90.4128041014386
2024-11-04 14:00:00,90.7556704788761
2024-11-04 15:00:00,91.2032599682825
2024-11-04 16:00:00,91.7435960744352
2024-11-04 17:00:00,91.573740423065
2024-11-04 18:00:00,91.7161238490541
2024-11-04 19:00:00,91.7141257946229
2024-11-04 20:00:00,89.9635997714811
2024-11-04 21:00:00,90.8905708237593
2024-11-04 22:00:00,91.385110321468
2024-11-04 23:00:00,91.6357721433939
2024-11-05 00:00:00,90.7789383129908
2024-11-05 01:00:00,90.5758206764128
2024-11-05 02:00:00,89.2452053709056
2024-11-05 03:00:00,90.5262136748061
2024-11-05 04:00:00,89.8910493114584
2024-11-05 05:00:00,88.9125059395789
2024-11-05 06:00:00,89.944304631856
2024-11-05 07:00:00,91.2674495079514
2024-11-05 08:00:00,90.0571622777719
2024-11-05 09:00:00,90.0278325011293
2024-11-05 10:00:00,90.1896627751458
2024-11-05 11:00:00,91.8669600045459
2024-11-05 12:00:00,90.4868897691029
2024-11-05 13:00:00,89.9300389732183
2024-11-06 02:00:00,89.4695327715494
2024-11-06 03:00:00,90.3873245200038
2024-11-06 04:00:00,89.5201497678456
2024-11-06 05:00:00,90.3860592715531
2024-11-06 06:00:00,89.7006090549905
2024-11-06 07:00:00,89.6345586381372
2024-11-06 08:00:00,89.9743932651455
2024-11-06 09:00:00,90.3150835112824
2024-11-06 10:00:00,90.4412275975001
2024-11-06 11:00:00,88.8565046487612
2024-11-06 12:00:00,91.1571903301579
2024-11-06 13:00:00,89.7015909757442
2024-11-06 14:00:00,89.6543370964068
2024-11-06 15:00:00,90.1696346453617
2024-11-06 16:00:00,90.4359175296357
2024-11-06 17:00:00,89.8202844646769
2024-11-06 18:00:00,89.7054591621914
2024-11-08 14:00:00,89.748767952359
2024-11-08 15:00:00,88.8781637590542
2024-11-08 16:00:00,88.5992037053309
2024-11-08 17:00:00,90.0727085247469
2024-11-08 18:00:00,88.7508048977763
2024-11-08 19:00:00,88.9767647892663
2024-11-08 20:00:00,89.0288983717438
2024-11-08 21:00:00,90.1198572695822
2024-11-08 22:00:00,115.936634160892
2024-11-08 23:00:00,90.6812047382078
2024-11-09 00:00:00,88.9473470869758
2024-11-09 01:00:00,88.5876898952109
2024-11-09 02:00:00,88.2481918524979
2024-11-09 03:00:00,88.3779385399743
2024-11-09 04:00:00,89.0827040675601
2024-11-09 05:00:00,89.8095895808695
2024-11-09 06:00:00,65.0148734247
2024-11-09 07:00:00,88.7649414714422
2024-11-09 08:00:00,88.1236850658371
2024-11-09 09:00:00,88.7768356287666
2024-11-09 11:00:00,88.051068199272
2024-11-09 12:00:00,89.2695238956997
2024-11-09 14:00:00,89.3828362747006
2024-11-09 15:00:00,89.0639587980798
2024-11-10 04:00:00,88.2907851700117
2024-11-10 05:00:00,88.501583774994
2024-11-10 06:00:00,88.6815880162366
2024-11-10 07:00:00,88.3026431679164
2024-11-10 08:00:00,87.119092281381
2024-11-10 09:00:00,87.4193397752728
2024-11-10 11:00:00,87.7755629733664
2024-11-10 12:00:00,88.1105430382938
2024-11-10 13:00:00,88.6714759505536
2024-11-10 14:00:00,88.7632412050075
2024-11-10 15:00:00,88.2404921592104
2024-11-10 16:00:00,87.609084965427
2024-11-10 17:00:00,89.4617589378316
2024-11-10 18:00:00,88.1219877016416
2024-11-10 19:00:00,88.0859547070412
2024-11-10 20:00:00,88.2583613019404
2024-11-10 21:00:00,87.4033096422185
2024-11-10 22:00:00,88.2556808428289
2024-11-10 23:00:00,88.3406783947632
2024-11-11 00:00:00,88.0676245492313
2024-11-11 01:00:00,88.2675604990441
2024-11-11 02:00:00,87.4569847082213
2024-11-11 03:00:00,87.8311162497344
2024-11-11 04:00:00,88.3372825278219
2024-11-11 05:00:00,88.0701358584516
2024-11-11 06:00:00,88.880895430413
2024-11-11 07:00:00,88.1763329783955
2024-11-11 08:00:00,87.730690601942
2024-11-11 09:00:00,87.5067168142762
2024-11-11 10:00:00,88.8140413193823
2024-11-11 11:00:00,87.5071943660368
2024-11-11 12:00:00,87.1851114018992
2024-11-11 13:00:00,87.9355899726356
2024-11-11 14:00:00,88.4423130554898
2024-11-11 15:00:00,86.4771669439189
2024-11-11 16:00:00,86.8406631674656
2024-11-11 17:00:00,88.2290704170861
2024-11-11 18:00:00,86.728818514811
2024-11-11 19:00:00,88.0009483254597
2024-11-11 20:00:00,87.8958793764886
2024-11-11 21:00:00,88.6865423745015
2024-11-11 22:00:00,90.0359315122226
2024-11-11 23:00:00,87.244456174825
2024-11-12 00:00:00,87.7572796497703
2024-11-12 01:00:00,87.1334487690937
2024-11-12 02:00:00,87.2553865518124
2024-11-12 03:00:00,86.9205869371192
2024-11-12 04:00:00,88.1908497100758
2024-11-12 05:00:00,88.1852396051253
2024-11-12 06:00:00,87.3889788956149
2024-11-12 07:00:00,87.616160276345
2024-11-12 09:00:00,87.2329086414464
2024-11-12 10:00:00,87.7555741829206
2024-11-12 11:00:00,87.6098850924956
2024-11-12 12:00:00,87.0976829084527
2024-11-12 13:00:00,88.1164567409694
2024-11-12 14:00:00,87.6874414101705
2024-11-12 15:00:00,87.2229092514865
2024-11-12 16:00:00,86.086668633382
2024-11-12 17:00:00,88.0776423488507
2024-11-12 18:00:00,87.1735194207026
2024-11-12 19:00:00,86.9249605414278
2024-11-12 20:00:00,86.9929038463153
2024-11-12 21:00:00,86.8276910915521
2024-11-12 22:00:00,87.6050796823319
2024-11-12 23:00:00,88.1010421659439
2024-11-13 00:00:00,87.0948867679885
2024-11-13 01:00:00,87.8057940891832
2024-11-13 02:00:00,87.8648067463528
2024-11-13 03:00:00,86.4982622494505
2024-11-13 04:00:00,87.361057234415
2024-11-13 05:00:00,87.5089000550896
2024-11-13 06:00:00,86.8041704754502
2024-11-13 07:00:00,87.8886540173635
2024-11-13 08:00:00,88.7658225578843
2024-11-13 09:00:00,87.0344377125543
2024-11-13 10:00:00,87.4469694131709
2024-11-13 11:00:00,87.7331180565299
2024-11-13 12:00:00,87.8203434521831
2024-11-13 13:00:00,87.1037082527473
2024-11-13 14:00:00,88.3963164340587
2024-11-13 15:00:00,87.7955965175158
2024-11-13 16:00:00,86.3432780585551
2024-11-13 17:00:00,87.7221128740904
2024-11-13 19:00:00,86.2671350511981
2024-11-14 06:00:00,87.5228562037102
2024-11-14 07:00:00,87.7490333274245
2024-11-14 08:00:00,88.4150228528139
2024-11-14 09:00:00,87.7247912921727
2024-11-14 10:00:00,86.1490693706058
2024-11-14 11:00:00,87.3619623461084
2024-11-14 12:00:00,87.4980542639858
2024-11-14 13:00:00,87.80463234959
2024-11-14 14:00:00,87.1104956870907
2024-11-14 15:00:00,87.1950519700367
2024-11-14 16:00:00,87.6872089784877
2024-11-14 17:00:00,87.4932284260862
2024-11-14 18:00:00,87.4177667202277
2024-11-14 20:00:00,86.8887639296758
2024-11-14 21:00:00,86.165270380265
2024-11-14 22:00:00,86.8634290866471
2024-11-14 23:00:00,87.0691690473582
2024-11-15 00:00:00,86.5752099921809
2024-11-15 01:00:00,74.0849533115804
2024-11-15 02:00:00,87.0474173483802
2024-11-15 03:00:00,87.2961151875403
2024-11-15 04:00:00,86.7929343264079
2024-11-15 05:00:00,88.0025602315798
2024-11-15 06:00:00,86.2836351279339
2024-11-15 07:00:00,86.5402908714321
2024-11-15 08:00:00,87.9966838672281
2024-11-15 09:00:00,87.5558031903428
2024-11-15 10:00:00,87.3698544271431
2024-11-15 11:00:00,86.6704265001773
2024-11-15 12:00:00,87.4090281619306
2024-11-15 13:00:00,86.6613043461617
2024-11-15 14:00:00,87.0093248332804
2024-11-15 15:00:00,86.0782451779087
2024-11-15 16:00:00,87.1590945015879
2024-11-15 17:00:00,87.8855145357462
2024-11-15 18:00:00,87.5161820275123
2024-11-15 19:00:00,87.2404840917991
2024-11-15 20:00:00,87.7912847514395
2024-11-15 21:00:00,87.3307545907114
2024-11-15 22:00:00,87.42253586397
2024-11-15 23:00:00,86.5010755494067
2024-11-16 00:00:00,87.1259531249172
2024-11-16 01:00:00,85.9092818151071
2024-11-16 02:00:00,86.9604445721745
2024-11-16 03:00:00,86.4623004492129
2024-11-16 04:00:00,86.1640679466302
2024-11-16 05:00:00,87.1850857140496
2024-11-16 06:00:00,87.0233722144938
2024-11-16 07:00:00,86.1092432923947
2024-11-16 08:00:00,87.1366821435769
2024-11-16 09:00:00,86.0761152551326
2024-11-16 10:00:00,86.83098045631
2024-11-16 11:00:00,86.6147593730073
2024-11-16 12:00:00,87.1774664934481
2024-11-16 13:00:00,87.0503306451812
2024-11-16 14:00:00,86.5307364156335
2024-11-16 15:00:00,86.2528361400378
2024-11-16 16:00:00,87.4615731566485
2024-11-16 17:00:00,86.6045645835689
2024-11-16 18:00:00,85.3030404882234
2024-11-16 19:00:00,86.6469739443673
2024-11-16 20:00:00,87.1753932767989
2024-11-16 21:00:00,86.19743537343
2024-11-16 22:00:00,87.7603864801015
2024-11-16 23:00:00,87.6891717158166
2024-11-17 00:00:00,85.5152150904226
2024-11-17 01:00:00,84.8838752056839
2024-11-17 02:00:00,86.1506901006136
2024-11-17 03:00:00,86.3266170597983
2024-11-17 04:00:00,86.7594405399949
2024-11-17 05:00:00,86.6271470984307
2024-11-17 06:00:00,86.7526838180152
2024-11-17 07:00:00,85.5288726922929
2024-11-17 08:00:00,86.1695197017514
2024-11-17 09:00:00,86.879877187742
2024-11-17 10:00:00,86.6656990586508
2024-11-17 11:00:00,86.3924290271998
2024-11-17 12:00:00,87.225503192819
2024-11-17 13:00:00,87.9205490044255
2024-11-17 14:00:00,87.4347109990475
2024-11-17 15:00:00,86.201645647505
2024-11-17 16:00:00,86.8152035374634
2024-11-17 17:00:00,85.8259397791953
2024-11-17 18:00:00,87.2484407716451
2024-11-17 19:00:00,85.1120764168165
2024-11-17 20:00:00,87.3382384983544
2024-11-17 21:00:00,86.2113905440747
2024-11-18 11:00:00,86.2222909918933
2024-11-18 12:00:00,86.1959952459485
2024-11-18 13:00:00,86.2453814921391
2024-11-18 14:00:00,86.1155460029052
2024-11-18 15:00:00,86.0567430850679
2024-11-18 16:00:00,86.2980568275641
2024-11-18 17:00:00,87.193457188348
2024-11-18 18:00:00,87.5226943114002
2024-11-18 19:00:00,86.6354815449282
2024-11-18 20:00:00,87.2521702095936
2024-11-18 21:00:00,87.1509730759546
2024-11-18 22:00:00,86.028505969296
2024-11-18 23:00:00,86.7771208373573
2024-11-19 00:00:00,84.9845461820255
2024-11-19 01:00:00,85.4248464193231
2024-11-19 02:00:00,84.9036646087929
2024-11-19 03:00:00,85.1620877852097
2024-11-19 04:00:00,85.7223674534741
2024-11-19 05:00:00,86.0532022932038
2024-11-19 06:00:00,85.2915340948811
2024-11-19 07:00:00,86.81763026432
2024-11-19 08:00:00,86.496920830903
2024-11-19 09:00:00,85.9279916109853
2024-11-19 10:00:00,85.8514600636764
2024-11-19 11:00:00,85.8540509285863
2024-11-19 12:00:00,85.6405663258824
2024-11-19 13:00:00,86.4879692271888
2024-11-19 14:00:00,85.9347731583928
2024-11-19 15:00:00,85.5007982245784
2024-11-19 16:00:00,85.8944722602964
2024-11-19 17:00:00,86.509567159435
2024-11-19 18:00:00,85.7785757870689
2024-11-19 19:00:00,85.2342256418626
2024-11-19 20:00:00,85.0440110872538
2024-11-19 21:00:00,86.0714976671633
2024-11-19 22:00:00,86.5062683281581
2024-11-19 23:00:00,85.9236670836655
2024-11-20 00:00:00,85.3617136463908
2024-11-20 01:00:00,85.3657381757384
2024-11-20 02:00:00,85.7353914588335
2024-11-20 03:00:00,84.7363996165446
2024-11-20 04:00:00,85.6920097656095
2024-11-20 05:00:00,86.1093120062058
2024-11-20 06:00:00,85.4812047445768
2024-11-20 07:00:00,84.8205584914479
2024-11-20 08:00:00,85.4848292739978
2024-11-20 10:00:00,86.4846867163076
2024-11-20 11:00:00,84.9073977369343
2024-11-20 12:00:00,86.4305213372747
2024-11-20 13:00:00,85.207676494574
2024-11-20 14:00:00,85.8152228921287
2024-11-20 15:00:00,85.634123089407
2024-11-20 16:00:00,86.6551744372443
2024-11-20 17:00:00,86.7708459146447
2024-11-20 18:00:00,86.8546864214561
2024-11-20 19:00:00,85.3450431765479
2024-11-20 20:00:00,85.2174432729755
2024-11-20 21:00:00,85.6958184660105
2024-11-20 22:00:00,85.7586690485898
2024-11-20 23:00:00,85.546748064589
2024-11-21 00:00:00,84.8689896421828
2024-11-21 01:00:00,84.332828363628
2024-11-21 02:00:00,84.6094162564503
2024-11-21 03:00:00,84.5053671816544
2024-11-21 04:00:00,84.2592964870255
2024-11-21 05:00:00,83.3724644297447
2024-11-21 06:00:00,86.031107884303
2024-11-21 07:00:00,84.8069374292809
2024-11-21 08:00:00,83.7703772831362
2024-11-21 09:00:00,84.6846999270914
2024-11-21 10:00:00,83.7447139970726
2024-11-21 11:00:00,83.8914417442507
2024-11-21 12:00:00,84.5783263729304
2024-11-21 13:00:00,84.0183472286185
2024-11-21 14:00:00,84.3836968362671
2024-11-21 15:00:00,84.1351547944063
2024-11-21 16:00:00,84.2390453738699
2024-11-21 17:00:00,84.1944090925979
2024-11-21 18:00:00,84.7201475057902
2024-11-21 19:00:00,84.9593943877318
2024-11-21 20:00:00,85.1617970369228
2024-11-21 21:00:00,84.5191595429324
2024-11-21 22:00:00,84.8165316739722
2024-11-21 23:00:00,84.7074787112921
2024-11-22 11:00:00,83.7179018308313
2024-11-22 12:00:00,84.6365904314536
2024-11-22 13:00:00,83.8984595377267
2024-11-22 14:00:00,83.785206737658
2024-11-22 15:00:00,83.6534389540335
2024-11-22 16:00:00,84.0268699282824
2024-11-22 17:00:00,84.432140294467
2024-11-22 18:00:00,82.7860084928314
2024-11-22 19:00:00,84.3564625905463
2024-11-22 20:00:00,83.7111194223627
2024-11-22 21:00:00,85.2081850919252
2024-11-22 22:00:00,82.8798750087457
2024-11-22 23:00:00,83.5351452475628
2024-11-23 00:00:00,84.0426489566754
2024-11-23 01:00:00,84.3879383112888
2024-11-23 02:00:00,84.1869462640184
2024-11-23 03:00:00,83.9132943381977
2024-11-23 04:00:00,84.8720948906199
2024-11-23 05:00:00,83.6854030789819
2024-11-23 06:00:00,82.9574120456297
2024-11-23 07:00:00,84.3165897904197
2024-11-23 08:00:00,
2024-11-23 09:00:00,
2024-11-23 10:00:00,
2024-11-23 11:00:00,
2024-11-23 12:00:00,84.7759585652319
2024-11-23 13:00:00,84.0695893493556
2024-11-23 14:00:00,83.984110649841
2024-11-23 15:00:00,85.8279135408123
2024-11-23 16:00:00,84.1350150567837
2024-11-23 17:00:00,79.0691861002193
2024-11-23 18:00:00,83.6219915728846
2024-11-23 19:00:00,83.5433680173286
2024-11-23 20:00:00,83.8366086954167
2024-11-23 21:00:00,84.5554339536231
2024-11-23 22:00:00,84.9540476729957
2024-11-23 23:00:00,83.6696987160155
2024-11-24 00:00:00,
2024-11-24 01:00:00,
2024-11-24 02:00:00,
2024-11-24 03:00:00,
2024-11-24 04:00:00,
2024-11-24 05:00:00,
2024-11-24 06:00:00,
2024-11-24 07:00:00,
2024-11-24 08:00:00,
2024-11-24 09:00:00,
2024-11-24 10:00:00,
2024-11-24 11:00:00,
2024-11-24 12:00:00,
2024-11-24 13:00:00,
2024-11-24 14:00:00,
2024-11-24 15:00:00,
2024-11-24 16:00:00,
2024-11-24 17:00:00,
2024-11-24 18:00:00,
2024-11-24 19:00:00,
2024-11-24 20:00:00,
2024-11-24 21:00:00,
2024-11-24 22:00:00,
2024-11-24 23:00:00,
2024-11-25 00:00:00,115.7258481234
2024-11-25 01:00:00,115.718183313312
2024-11-25 02:00:00,115.982918468993
2024-11-25 03:00:00,116.039718986495
2024-11-25 04:00:00,115.990829074306
2024-11-25 05:00:00,115.794428170876
2024-11-25 06:00:00,116.373161245745
2024-11-25 07:00:00,116.120023504163
2024-11-25 08:00:00,115.921845562346
2024-11-25 09:00:00,116.479996876063
2024-11-25 10:00:00,115.356018967205
2024-11-25 11:00:00,115.371424560825
2024-11-25 12:00:00,116.726653705632
2024-11-25 13:00:00,115.880161388466
2024-11-25 14:00:00,115.883991629198
2024-11-25 15:00:00,116.113432880156
2024-11-25 16:00:00,116.009340647833
2024-11-25 17:00:00,116.275678804699
2024-11-25 18:00:00,116.46776228873
2024-11-25 19:00:00,116.21061208821
2024-11-25 20:00:00,115.497978295521
2024-11-25 21:00:00,115.680690071166
2024-11-25 22:00:00,116.166593139941
2024-11-25 23:00:00,116.370837492115
2024-11-26 00:00:00,115.631084763292
2024-11-26 01:00:00,115.649936562534
2024-11-26 02:00:00,115.795904052035
2024-11-26 03:00:00,115.038793734086
2024-11-26 04:00:00,115.437033918231
2024-11-26 05:00:00,115.433507887157
2024-11-26 06:00:00,115.200835001044
2024-11-26 07:00:00,115.998796264817
2024-11-26 08:00:00,115.890872116498
2024-11-26 09:00:00,115.177252325002
2024-11-26 10:00:00,115.41288291948
2024-11-26 11:00:00,115.297176277235
2024-11-26 12:00:00,114.838912283979
2024-11-26 13:00:00,115.347210334743
2024-11-26 14:00:00,115.558108946254
2024-11-26 15:00:00,115.694268178751
2024-11-26 16:00:00,115.33431256809
2024-11-26 17:00:00,115.069573667761
2024-11-26 18:00:00,115.428113692223
2024-11-27 08:00:00,114.814992313579
2024-11-27 09:00:00,114.882806293803
2024-11-27 10:00:00,114.28198706091
2024-11-27 11:00:00,114.924991949869
2024-11-27 12:00:00,114.648526151839
2024-11-27 13:00:00,115.003277684863
2024-11-27 14:00:00,114.867423165879
2024-11-27 16:00:00,114.982873356507
2024-11-27 17:00:00,114.813875915013
2024-11-27 18:00:00,114.456731032962
2024-11-27 19:00:00,114.889710738412
2024-11-27 20:00:00,114.63359679666
2024-11-27 21:00:00,114.868529924797
2024-11-27 22:00:00,114.800553944248
2024-11-27 23:00:00,100.426213791623
2024-11-28 01:00:00,113.152583873787
2024-11-28 02:00:00,112.513600179462
2024-11-28 03:00:00,114.275502487909
2024-11-28 04:00:00,114.057431683488
2024-11-28 05:00:00,113.838781861947
2024-11-28 06:00:00,113.477657873428
2024-11-28 07:00:00,113.676100226487
2024-11-28 08:00:00,114.329626041699
2024-11-28 09:00:00,113.333393356373
2024-11-28 10:00:00,112.893642943884
2024-11-28 11:00:00,114.15986000442
2024-11-28 12:00:00,113.861774224911
2024-11-28 13:00:00,113.792749220518
2024-11-28 14:00:00,113.682222484397
2024-11-28 15:00:00,113.892889061325
2024-11-28 16:00:00,114.50620270211
2024-11-28 17:00:00,114.187405355427
2024-11-28 18:00:00,114.054650826244
2024-11-28 19:00:00,113.929719019636
2024-11-28 20:00:00,112.925141694122
2024-11-28 21:00:00,114.020940111231
2024-11-28 22:00:00,113.108058336454
2024-11-28 23:00:00,113.329314097918
2024-11-29 00:00:00,112.337242448201
2024-11-29 01:00:00,113.969448799238
2024-11-29 02:00:00,112.565839867108
2024-11-29 03:00:00,112.109353971817
2024-11-29 04:00:00,112.480137596872
2024-11-29 05:00:00,113.200785901131
2024-11-29 06:00:00,112.713938892323
2024-11-29 07:00:00,112.586991311742
2024-11-29 08:00:00,112.352063951913
2024-11-29 09:00:00,112.489163298707
2024-11-29 10:00:00,112.669219946624
2024-11-29 11:00:00,113.777452182435
2024-11-29 12:00:00,112.37706754334
2024-11-29 13:00:00,112.615960270662
2024-11-29 14:00:00,112.801233340409
2024-11-29 15:00:00,113.183674487551
2024-11-29 16:00:00,111.974212782868
2024-11-29 17:00:00,113.397368607161
2024-11-29 18:00:00,112.516624562139
2024-11-29 19:00:00,112.411904934289
2024-11-29 20:00:00,112.157359944176
2024-11-29 22:00:00,112.924386278578
2024-11-29 23:00:00,112.67924165234
2024-11-30 00:00:00,112.902305860573
2024-11-30 01:00:00,113.365831256206
2024-11-30 02:00:00,112.451540271437
2024-11-30 03:00:00,113.848402767505
2024-11-30 04:00:00,112.799217919247
2024-11-30 05:00:00,112.661559659776
2024-11-30 06:00:00,113.267096330221
2024-11-30 07:00:00,112.704784136729
2024-11-30 08:00:00,112.386670076426
2024-11-30 09:00:00,113.416139832199
2024-11-30 10:00:00,112.480804893383
2024-11-30 11:00:00,112.044676863616
2024-11-30 12:00:00,113.650884041543
2024-11-30 13:00:00,112.110251969299
2024-11-30 14:00:00,113.486543367306
2024-11-30 15:00:00,113.350746613696
2024-11-30 16:00:00,112.282285893043
2024-11-30 17:00:00,113.581724653387
2024-11-30 18:00:00,112.673675342216
2024-11-30 19:00:00,112.518251652351
2024-11-30 20:00:00,112.654540966073
2024-11-30 21:00:00,113.277133801685
2024-11-30 22:00:00,112.544216735928
2024-11-30 23:00:00,113.027840106461
2024-12-01 00:00:00,112.299291343191
2024-12-01 01:00:00,97.3019329164853
2024-12-01 02:00:00,112.210006540233
2024-12-01 03:00:00,112.312634200239
2024-12-01 04:00:00,112.508940723414
2024-12-01 05:00:00,112.525090111701
2024-12-01 06:00:00,112.652520813002
2024-12-01 07:00:00,112.329391890558
2024-12-01 08:00:00,112.371848132648
2024-12-01 09:00:00,112.265492041206
2024-12-01 10:00:00,112.393572646066
2024-12-01 11:00:00,112.143317008804
2024-12-01 12:00:00,112.062642484417
2024-12-01 13:00:00,112.468228833316
2024-12-01 14:00:00,112.312177408029
2024-12-01 15:00:00,112.34497541316
2024-12-01 16:00:00,112.308964676921
2024-12-01 17:00:00,112.150626643931
2024-12-01 18:00:00,112.600604659807
2024-12-01 19:00:00,112.347742298247
2024-12-02 07:00:00,112.192098714869
2024-12-02 08:00:00,112.298854071784
2024-12-02 09:00:00,112.158599816131
2024-12-02 10:00:00,112.043536626988
2024-12-02 11:00:00,112.525642428019
2024-12-02 12:00:00,112.429727442024
2024-12-02 13:00:00,112.090866741288
2024-12-02 14:00:00,112.266950718254
2024-12-02 15:00:00,112.239780774439
2024-12-02 16:00:00,112.54855662709
2024-12-02 17:00:00,112.280434124509
2024-12-02 18:00:00,112.20844756339
2024-12-02 19:00:00,112.040599521733
2024-12-02 20:00:00,112.391461944052
2024-12-02 21:00:00,112.546421032133
2024-12-02 22:00:00,112.6388393667
2024-12-02 23:00:00,112.703150728543
2024-12-03 00:00:00,111.184813266812
2024-12-03 01:00:00,111.838375051907
2024-12-03 02:00:00,111.529774229121
2024-12-03 03:00:00,111.476109531173
2024-12-03 15:00:00,120.278712770714
2024-12-03 16:00:00,111.316371618275
2024-12-03 17:00:00,111.603427280525
2024-12-03 18:00:00,111.479041449221
2024-12-03 19:00:00,111.42199740933
2024-12-03 20:00:00,111.211314462886
2024-12-03 22:00:00,111.262883069341
2024-12-03 23:00:00,111.32260247973
2024-12-04 00:00:00,111.028151549232
2024-12-04 01:00:00,110.75951333831
2024-12-04 02:00:00,110.643360990223
2024-12-04 03:00:00,110.909638825489
2024-12-04 04:00:00,110.803203258841
2024-12-04 05:00:00,110.951157955548
2024-12-04 06:00:00,110.67768464206
2024-12-04 07:00:00,111.318311946422
2024-12-04 08:00:00,111.090543061553
2024-12-04 09:00:00,110.852690334335
2024-12-04 10:00:00,110.642406245393
2024-12-04 11:00:00,111.158205762893
2024-12-04 12:00:00,110.694508581875
2024-12-04 13:00:00,111.132270855461
2024-12-04 14:00:00,110.920345879374
2024-12-04 15:00:00,110.951792453295
2024-12-04 16:00:00,110.583874072814
2024-12-04 17:00:00,110.788815495601
2024-12-04 18:00:00,80.6902207405597
2024-12-04 19:00:00,110.93172170704
2024-12-04 20:00:00,110.824926098938
2024-12-04 21:00:00,111.141033383147
2024-12-04 22:00:00,110.878622335292
2024-12-04 23:00:00,110.837908679092
2024-12-05 00:00:00,110.619440596298
2024-12-05 01:00:00,110.253071036845
2024-12-05 02:00:00,110.662543663471
2024-12-05 03:00:00,110.505631979381
2024-12-05 04:00:00,110.701813476383
2024-12-05 05:00:00,110.44497609604
2024-12-05 06:00:00,110.54442708453
2024-12-05 07:00:00,110.494784029685
2024-12-05 08:00:00,110.699684718982
2024-12-05 09:00:00,110.127421438802
2024-12-05 11:00:00,110.491898653808
2024-12-05 12:00:00,110.474533914697
2024-12-05 13:00:00,110.297733081109
2024-12-05 14:00:00,110.874949146792
2024-12-05 15:00:00,110.238597460371
2024-12-05 16:00:00,110.527958811511
2024-12-05 17:00:00,110.427173293043
2024-12-05 18:00:00,110.513327149082
2024-12-05 19:00:00,110.379894780895
2024-12-05 20:00:00,110.515238296743
2024-12-05 21:00:00,110.538701071157
2024-12-05 22:00:00,110.868470150196
2024-12-05 23:00:00,110.302604451761
2024-12-06 00:00:00,110.73363738308
2024-12-06 01:00:00,110.486670125303
2024-12-06 02:00:00,110.763901099443
2024-12-06 03:00:00,110.501857910261
2024-12-06 04:00:00,110.644147041504
2024-12-06 05:00:00,110.447441893025
2024-12-06 06:00:00,110.759846044823
2024-12-06 07:00:00,110.396250965743
2024-12-06 08:00:00,110.585765663498
2024-12-06 09:00:00,110.432548117966
2024-12-06 10:00:00,110.502679910974
2024-12-06 11:00:00,110.378123107443
2024-12-06 12:00:00,110.305789350051
2024-12-06 13:00:00,110.449337461195
2024-12-06 14:00:00,110.817034077325
2024-12-06 15:00:00,110.472379934304
2024-12-06 16:00:00,110.804756912196
2024-12-06 17:00:00,110.665654740199
2024-12-06 18:00:00,110.423849272705
2024-12-06 19:00:00,110.352860134534
2024-12-06 20:00:00,110.213819504627
2024-12-06 21:00:00,110.673700624046
2024-12-06 22:00:00,110.383922403606
2024-12-06 23:00:00,110.470826101502
2024-12-07 00:00:00,
2024-12-07 01:00:00,
2024-12-07 02:00:00,110.374149329127
2024-12-07 03:00:00,111.212718344766
2024-12-07 04:00:00,110.846977490154
2024-12-07 16:00:00,110.198434910832
2024-12-07 17:00:00,110.837034300301
2024-12-07 18:00:00,110.541810502651
2024-12-07 19:00:00,110.696933048852
2024-12-07 20:00:00,110.63252215759
2024-12-07 21:00:00,86.1640812685857
2024-12-07 22:00:00,110.832540289964
2024-12-07 23:00:00,110.527866227243
2024-12-08 00:00:00,110.332777512262
2024-12-08 01:00:00,110.311743613821
2024-12-08 02:00:00,110.07631124028
2024-12-08 03:00:00,110.263105488591
2024-12-08 04:00:00,110.308567659367
2024-12-08 05:00:00,110.248813798598
2024-12-08 06:00:00,109.784841910235
2024-12-08 07:00:00,110.301763036092
2024-12-08 08:00:00,110.189667946387
2024-12-08 10:00:00,110.07922883597
2024-12-08 11:00:00,110.469015976717
2024-12-08 12:00:00,110.046802718555
2024-12-08 13:00:00,110.374951597183
2024-12-08 14:00:00,110.340207334225
2024-12-08 15:00:00,110.25021621049
2024-12-08 16:00:00,110.129956314538
2024-12-08 17:00:00,110.077539864696
2024-12-08 18:00:00,110.375625064663
2024-12-08 19:00:00,110.441086150505
2024-12-08 20:00:00,110.184518985556
2024-12-08 21:00:00,109.912185069844
2024-12-08 22:00:00,110.269789218598
2024-12-08 23:00:00,109.995260735266
2024-12-09 00:00:00,110.144394438377
2024-12-09 01:00:00,110.512352170963
2024-12-09 02:00:00,109.90269579394
2024-12-09 03:00:00,110.258941763922
2024-12-09 04:00:00,110.323687998965
2024-12-09 05:00:00,110.291366885132
2024-12-09 06:00:00,110.255201172104
2024-12-09 07:00:00,110.113143253554
2024-12-09 08:00:00,110.021398951418
2024-12-09 09:00:00,110.141681264992
2024-12-09 10:00:00,110.47289153764
2024-12-09 11:00:00,110.449368520203
2024-12-09 12:00:00,110.42680872479
2024-12-09 13:00:00,110.242862178935
2024-12-09 14:00:00,110.280119592134
2024-12-09 15:00:00,110.401543500138
2024-12-09 16:00:00,110.334672623237
2024-12-09 17:00:00,110.013865123409
2024-12-09 18:00:00,110.29649250269
2024-12-09 19:00:00,110.076679231696
2024-12-09 20:00:00,110.095111281566
2024-12-09 21:00:00,110.192902837862
2024-12-09 22:00:00,109.887442264532
2024-12-09 23:00:00,110.18366190764
2024-12-10 00:00:00,110.234396116838
2024-12-10 01:00:00,109.970844812464
2024-12-10 02:00:00,109.949756858134
2024-12-10 04:00:00,110.204938919383
2024-12-10 05:00:00,109.891093801331
2024-12-10 06:00:00,110.021281388521
2024-12-10 07:00:00,110.538579206443
2024-12-10 08:00:00,110.137221020061
2024-12-10 09:00:00,109.925025025388
2024-12-10 10:00:00,109.998831928677
2024-12-10 11:00:00,110.054864585775
2024-12-10 12:00:00,109.820340029173
2024-12-10 23:00:00,109.680712405092
2024-12-11 01:00:00,109.496817623483
2024-12-11 02:00:00,109.677301047183
2024-12-11 03:00:00,109.593551796883
2024-12-11 04:00:00,109.638536995752
2024-12-11 05:00:00,109.453484998297
2024-12-11 06:00:00,109.386777892275
2024-12-11 07:00:00,109.617613400927
2024-12-11 08:00:00,109.649236593498
2024-12-11 09:00:00,109.855343203832
2024-12-11 10:00:00,109.871692794373
2024-12-11 11:00:00,109.60254064354
2024-12-11 12:00:00,109.759050182646
2024-12-11 13:00:00,109.534979777036
2024-12-11 14:00:00,109.868938996598
2024-12-11 15:00:00,109.970491974676
2024-12-11 16:00:00,109.615260607845
2024-12-11 17:00:00,109.206780573864
2024-12-11 18:00:00,109.360508924992
2024-12-11 19:00:00,109.844724958494
2024-12-11 20:00:00,109.643955424218
2024-12-11 22:00:00,109.803664625131
2024-12-11 23:00:00,109.640472411983
2024-12-12 00:00:00,109.048547438223
2024-12-12 01:00:00,109.148032347797
2024-12-12 02:00:00,109.174829933205
2024-12-12 03:00:00,109.481349991145
2024-12-12 04:00:00,109.171769967294
2024-12-12 05:00:00,109.470899286948
2024-12-12 06:00:00,108.781579022913
2024-12-12 07:00:00,109.321210145714
2024-12-12 08:00:00,109.119238510179
2024-12-12 10:00:00,109.275478191765
2024-12-12 11:00:00,108.942047130411
2024-12-12 12:00:00,109.219044795142
2024-12-12 13:00:00,109.146339927656
2024-12-12 14:00:00,109.14089598861
2024-12-12 15:00:00,109.017350069299
2024-12-12 16:00:00,109.194272259849
2024-12-12 17:00:00,109.185880446661
2024-12-12 18:00:00,108.757943584014
2024-12-12 19:00:00,109.122973305124
2024-12-12 20:00:00,109.253335550882
2024-12-12 21:00:00,108.977452632536
2024-12-12 22:00:00,109.3460887601
2024-12-12 23:00:00,109.340174013867
2024-12-13 00:00:00,108.273635342427
2024-12-13 01:00:00,108.130537347482
2024-12-13 02:00:00,108.014730808832
2024-12-13 03:00:00,108.334086470693
2024-12-13 04:00:00,107.9281040835
2024-12-13 05:00:00,107.85977736813
2024-12-13 06:00:00,108.463005267033
2024-12-13 07:00:00,108.049432149889
2024-12-13 08:00:00,108.217185816733
2024-12-13 09:00:00,108.343636772193
2024-12-13 10:00:00,108.373942166969
2024-12-13 11:00:00,108.470702326478
2024-12-13 12:00:00,108.514494595764
2024-12-13 13:00:00,108.425032099115
2024-12-13 14:00:00,108.298176194784
2024-12-13 15:00:00,108.280711896547
2024-12-13 16:00:00,108.097917945162
2024-12-13 17:00:00,108.65528246787
2024-12-13 18:00:00,108.402726168419
2024-12-13 19:00:00,108.253498057849
2024-12-13 20:00:00,107.882868894652
2024-12-13 22:00:00,108.285938342857
2024-12-13 23:00:00,108.106808138567
2024-12-14 00:00:00,107.545563140081
2024-12-14 01:00:00,107.741314431692
2024-12-14 02:00:00,107.628658589458
2024-12-14 03:00:00,107.549930944317
2024-12-14 04:00:00,107.369094291456
2024-12-14 05:00:00,107.735250911432
2024-12-14 06:00:00,107.686212263029
2024-12-14 07:00:00,108.043849957945
2024-12-14 08:00:00,107.673810459366
2024-12-14 09:00:00,107.76968853109
2024-12-14 10:00:00,107.692431103501
2024-12-14 11:00:00,107.671780367485
2024-12-14 12:00:00,107.330589542835
2024-12-14 13:00:00,107.755051562166
2024-12-14 14:00:00,107.72850831816
2024-12-15 01:00:00,107.256507509229
2024-12-15 02:00:00,107.097856009974
2024-12-15 03:00:00,107.267166883921
2024-12-15 04:00:00,107.06693096685
2024-12-15 05:00:00,107.456355008056
2024-12-15 06:00:00,107.245972604445
2024-12-15 07:00:00,106.93585158642
2024-12-15 08:00:00,107.236281442556
2024-12-15 09:00:00,107.406458940822
2024-12-15 10:00:00,107.184810679097
2024-12-15 11:00:00,107.536328571805
2024-12-15 12:00:00,107.225641257892
2024-12-15 13:00:00,107.649237274197
2024-12-15 14:00:00,106.973866578702
2024-12-15 15:00:00,106.917562575935
2024-12-15 16:00:00,107.267431878122
2024-12-15 17:00:00,107.359789842092
2024-12-15 18:00:00,107.332596351159
2024-12-15 19:00:00,106.840154406827
2024-12-15 20:00:00,107.213883777293
2024-12-15 22:00:00,107.183574440325
2024-12-15 23:00:00,106.902132268001
2024-12-16 00:00:00,106.765114991899
2024-12-16 01:00:00,106.901545059076
2024-12-16 02:00:00,135.038948998935
2024-12-16 03:00:00,89.0164201046319
2024-12-16 04:00:00,106.598718141366
2024-12-16 05:00:00,106.442103719862
2024-12-16 06:00:00,106.547104008297
2024-12-16 07:00:00,106.562454062691
2024-12-16 08:00:00,106.891221409213
2024-12-16 09:00:00,106.624261666205
2024-12-16 10:00:00,106.449213617097
2024-12-16 11:00:00,106.801678778773
2024-12-16 12:00:00,106.446381556378
2024-12-16 13:00:00,107.046821990976
2024-12-16 14:00:00,106.561254935774
2024-12-16 15:00:00,118.114384742066
2024-12-16 16:00:00,107.112802090057
2024-12-16 17:00:00,106.71185936082
2024-12-16 18:00:00,106.47766305
2024-12-16 19:00:00,106.880701404973
2024-12-16 20:00:00,106.497640470596
2024-12-16 21:00:00,106.771864384409
2024-12-16 22:00:00,106.682981784983
2024-12-16 23:00:00,106.651278818653
2024-12-17 00:00:00,105.804541443888
2024-12-17 01:00:00,106.170564439588
2024-12-17 02:00:00,83.8073438107994
2024-12-17 03:00:00,93.0294185360252
2024-12-17 04:00:00,106.196841509742
2024-12-17 05:00:00,106.398394707764
2024-12-17 06:00:00,106.025617798804
2024-12-17 07:00:00,105.786659917835
2024-12-17 08:00:00,105.729934422401
2024-12-17 09:00:00,106.027402291258
2024-12-17 10:00:00,106.097383320459
2024-12-17 11:00:00,129.213345211853
2024-12-17 12:00:00,106.254324506053
2024-12-17 13:00:00,105.915440072368
2024-12-17 14:00:00,106.254900638617
2024-12-17 15:00:00,106.462615257739
2024-12-17 16:00:00,106.23462975959
2024-12-17 17:00:00,106.239683839855
2024-12-17 18:00:00,106.433558575067
2024-12-17 19:00:00,106.521386341645
2024-12-17 20:00:00,106.350089095779
2024-12-17 21:00:00,106.107224521609
2024-12-17 22:00:00,106.401813978394
2024-12-17 23:00:00,106.00948302074
2024-12-18 00:00:00,105.166849867519
2024-12-18 02:00:00,105.339091124344
2024-12-18 03:00:00,105.125533201649
2024-12-18 04:00:00,105.29928453075
2024-12-18 05:00:00,105.506180087762
2024-12-18 06:00:00,105.548715472962
2024-12-18 07:00:00,105.531127518215
2024-12-18 08:00:00,105.150945190663
2024-12-18 09:00:00,105.054693468022
2024-12-18 10:00:00,105.131083326515
2024-12-18 11:00:00,105.406454101702
2024-12-18 12:00:00,105.181931219238
2024-12-18 13:00:00,105.199538737379
2024-12-18 14:00:00,105.26296424585
2024-12-18 15:00:00,105.543863350019
2024-12-19 03:00:00,105.207558974631
2024-12-19 04:00:00,104.902644791839
2024-12-19 05:00:00,104.758833900049
2024-12-19 06:00:00,104.910994796313
2024-12-19 07:00:00,104.578345020714
2024-12-19 08:00:00,104.8605322095
2024-12-19 09:00:00,105.247636239831
2024-12-19 10:00:00,104.602537550702
2024-12-19 11:00:00,105.349877840077
2024-12-19 12:00:00,105.171309423924
2024-12-19 13:00:00,105.125804941973
2024-12-19 14:00:00,104.862255415005
2024-12-19 15:00:00,105.286532558646
2024-12-19 16:00:00,104.948464070979
2024-12-19 17:00:00,104.756919834402
2024-12-19 18:00:00,104.868485873612
2024-12-19 19:00:00,104.901151657501
2024-12-19 20:00:00,105.247492390423
2024-12-19 21:00:00,105.213763868334
2024-12-19 22:00:00,105.056684541134
2024-12-19 23:00:00,104.974307943545
2024-12-20 00:00:00,104.578182514139
2024-12-20 01:00:00,104.151077230022
2024-12-20 02:00:00,104.88553038237
2024-12-20 03:00:00,104.283428099827
2024-12-20 04:00:00,104.573447155907
2024-12-20 05:00:00,104.586933519432
2024-12-20 06:00:00,104.350471538042
2024-12-20 07:00:00,103.956917864657
2024-12-20 08:00:00,104.644267929352
2024-12-20 09:00:00,104.541779505949
2024-12-20 10:00:00,104.137357325444
2024-12-20 11:00:00,104.216973947133
2024-12-20 12:00:00,104.37245583065
2024-12-20 13:00:00,104.108233268346
2024-12-20 14:00:00,104.336535831715
2024-12-20 15:00:00,104.422410428896
2024-12-20 16:00:00,104.718401162988
2024-12-20 17:00:00,104.192114079445
2024-12-20 18:00:00,104.541409227405
2024-12-20 19:00:00,104.797896026811
2024-12-20 20:00:00,104.719280387244
2024-12-20 21:00:00,103.914920370363
2024-12-20 22:00:00,104.283923211197
2024-12-20 23:00:00,104.025857193983
2024-12-21 00:00:00,104.105812216922
2024-12-21 01:00:00,103.939158385813
2024-12-21 02:00:00,103.96494562379
2024-12-21 03:00:00,103.830367006225
2024-12-21 04:00:00,104.022244220793
2024-12-21 05:00:00,103.920261299957
2024-12-21 06:00:00,103.663391552694
2024-12-21 07:00:00,103.858573550871
2024-12-21 08:00:00,103.966223208485
2024-12-21 09:00:00,103.827926400932
2024-12-21 10:00:00,103.955149020378
2024-12-21 11:00:00,103.773364053818
2024-12-21 12:00:00,103.853341386407
2024-12-21 13:00:00,104.040113244952
2024-12-21 14:00:00,103.794979867717
2024-12-21 15:00:00,103.849884751206
2024-12-21 16:00:00,104.206519351527
2024-12-21 17:00:00,103.703199925051
2024-12-21 18:00:00,103.994118754732
2024-12-21 19:00:00,103.633719017644
2024-12-21 20:00:00,103.92213009674
2024-12-21 21:00:00,103.550462067955
2024-12-21 22:00:00,103.837677284706
2024-12-21 23:00:00,103.654445487189
2024-12-22 00:00:00,103.640483864744
2024-12-22 01:00:00,103.578186464742
2024-12-22 02:00:00,103.649670310784
2024-12-22 03:00:00,103.394193508256
2024-12-22 04:00:00,103.787419859998
2024-12-22 05:00:00,103.681383831583
2024-12-22 06:00:00,103.908121672412
2024-12-22 07:00:00,103.608616766112
2024-12-22 09:00:00,103.562028643723
2024-12-22 10:00:00,103.292091788693
2024-12-22 11:00:00,103.521821560897
2024-12-22 12:00:00,85.0988956230999
2024-12-22 13:00:00,103.706471852155
2024-12-22 14:00:00,103.628631765099
2024-12-22 15:00:00,103.611532270376
2024-12-22 16:00:00,103.741531877502
2024-12-22 17:00:00,103.743129750525
2024-12-22 18:00:00,103.655442255635
2024-12-22 19:00:00,103.65644877541
2024-12-22 20:00:00,103.803988763926
2024-12-22 21:00:00,103.715238076433
2024-12-22 22:00:00,103.568022907732
2024-12-22 23:00:00,103.557311268379
2024-12-23 00:00:00,103.024675166317
2024-12-23 01:00:00,103.048648617032
2024-12-23 02:00:00,103.069853764299
2024-12-23 03:00:00,102.856773001967
2024-12-23 04:00:00,102.760211679398
2024-12-23 05:00:00,102.757838842594
2024-12-23 06:00:00,103.052288578494
2024-12-23 07:00:00,102.91208232683
2024-12-23 08:00:00,103.085187634758
2024-12-23 09:00:00,102.97091119874
2024-12-23 11:00:00,102.660534157472
2024-12-23 12:00:00,102.86796048414
2024-12-23 23:00:00,102.591574552753
2024-12-24 01:00:00,102.300987200532
2024-12-24 02:00:00,102.428773367446
2024-12-24 03:00:00,102.393594808438
2024-12-24 04:00:00,102.793274957081
2024-12-24 05:00:00,102.490400851407
2024-12-24 06:00:00,102.960224726969
2024-12-24 07:00:00,102.585871634245
2024-12-24 08:00:00,102.517064344937
2024-12-24 09:00:00,102.649305233088
2024-12-24 10:00:00,102.416616523625
2024-12-24 11:00:00,102.592203231146
2024-12-24 12:00:00,102.814672180923
2024-12-24 13:00:00,102.703836733541
2024-12-24 14:00:00,102.68223599823
2024-12-24 15:00:00,102.681804857412
2024-12-24 16:00:00,103.029754777443
2024-12-24 17:00:00,102.543637027507
2024-12-24 18:00:00,102.642966296372
2024-12-24 19:00:00,102.866788136207
2024-12-24 20:00:00,102.974417465961
2024-12-24 21:00:00,102.788315461773
2024-12-24 22:00:00,102.889121881339
2024-12-24 23:00:00,102.75461072491
2024-12-25 00:00:00,102.407056052946
2024-12-25 01:00:00,102.480725522391
2024-12-25 02:00:00,102.461612639685
2024-12-25 03:00:00,102.451349154321
2024-12-25 04:00:00,102.339349851605
2024-12-25 05:00:00,101.953823576673
2024-12-25 06:00:00,102.06003783199
2024-12-25 07:00:00,101.738400682999
2024-12-25 08:00:00,127.638325071585
2024-12-25 09:00:00,102.312421598009
2024-12-25 10:00:00,102.530419936322
2024-12-25 11:00:00,102.100731171859
2024-12-25 12:00:00,102.230632747783
2024-12-25 13:00:00,102.130265259851
2024-12-25 14:00:00,102.234074833701
2024-12-25 15:00:00,102.121145579993
2024-12-25 16:00:00,102.782606543486
2024-12-25 17:00:00,102.40544549813
2024-12-25 18:00:00,102.197400572693
2024-12-25 19:00:00,102.381568419439
2024-12-25 20:00:00,102.420821798703
2024-12-25 21:00:00,102.169150332225
2024-12-25 22:00:00,102.23409852173
2024-12-25 23:00:00,102.384026002933
2024-12-26 00:00:00,101.949517841369
2024-12-26 01:00:00,101.640328896295
2024-12-26 02:00:00,102.283252411333
2024-12-26 03:00:00,101.85981524284
2024-12-26 04:00:00,101.927910736141
2024-12-26 05:00:00,102.047212245739
2024-12-26 06:00:00,102.019658695564
2024-12-26 07:00:00,101.878798461547
2024-12-26 09:00:00,102.364329992222
2024-12-26 10:00:00,101.730604962385
2024-12-26 11:00:00,102.268228510599
2024-12-26 12:00:00,101.817350046609
2024-12-26 13:00:00,101.818957945913
2024-12-26 14:00:00,102.077150443451
2024-12-26 15:00:00,102.176984255674
2024-12-26 16:00:00,101.860249476564
2024-12-26 17:00:00,101.934055482264
2024-12-26 18:00:00,101.93436368426
2024-12-26 19:00:00,101.899626931932
2024-12-26 20:00:00,101.792195556309
2024-12-26 21:00:00,102.224326755484
2024-12-26 22:00:00,101.959670571901
2024-12-26 23:00:00,102.21042424105
2024-12-27 00:00:00,101.249472506419
2024-12-27 01:00:00,101.325090404724
2024-12-27 02:00:00,101.127986808257
2024-12-27 03:00:00,101.121406628236
2024-12-27 04:00:00,100.71203028516
2024-12-27 05:00:00,101.142385021496
2024-12-27 06:00:00,101.293650667862
2024-12-27 07:00:00,101.225708300234
2024-12-27 08:00:00,101.196353381294
2024-12-27 09:00:00,101.188143754177
2024-12-27 10:00:00,101.384071746919
2024-12-27 11:00:00,100.785124362546
2024-12-27 12:00:00,101.256509625834
2024-12-27 13:00:00,101.350905641393
2024-12-27 14:00:00,122.354920430348
2024-12-28 03:00:00,100.37134026493
2024-12-28 04:00:00,100.396153227912
2024-12-28 05:00:00,100.492394667612
2024-12-28 06:00:00,100.436878755243
2024-12-28 07:00:00,100.444312593377
2024-12-28 08:00:00,100.385042158463
2024-12-28 09:00:00,100.657666581661
2024-12-28 10:00:00,100.51134934844
2024-12-28 11:00:00,100.544554953895
2024-12-28 12:00:00,100.479834989336
2024-12-28 13:00:00,100.476286597551
2024-12-28 14:00:00,99.8014638265578
2024-12-28 15:00:00,100.574060856304
2024-12-28 16:00:00,100.414840933657
2024-12-28 17:00:00,
2024-12-28 18:00:00,
2024-12-28 19:00:00,100.077490754909
2024-12-28 20:00:00,100.363809270451
2024-12-28 21:00:00,100.377353205946
2024-12-28 22:00:00,100.144294991412
2024-12-28 23:00:00,100.821215782061
2024-12-29 00:00:00,99.4737583873808
2024-12-29 01:00:00,99.6581232952747
2024-12-29 02:00:00,99.6217200566071
2024-12-29 03:00:00,99.3576281467768
2024-12-29 04:00:00,99.9755916415784
2024-12-29 05:00:00,99.6884016121985
2024-12-29 06:00:00,99.6288077129023
2024-12-29 07:00:00,99.7615194886732
2024-12-29 08:00:00,100.108225464457
2024-12-29 09:00:00,100.056950969092
2024-12-29 10:00:00,99.873332339144
2024-12-29 11:00:00,99.8162090072379
2024-12-29 12:00:00,99.69234846427
2024-12-29 13:00:00,
2024-12-29 14:00:00,
2024-12-29 15:00:00,
2024-12-29 16:00:00,
2024-12-29 17:00:00,
2024-12-29 18:00:00,99.489090877046
2024-12-29 19:00:00,99.6594817220223
2024-12-29 20:00:00,99.8283495679662
2024-12-29 21:00:00,99.5995952867911
2024-12-29 22:00:00,99.4474048874077
2024-12-29 23:00:00,99.7346958705562
2024-12-30 00:00:00,98.6349661756865
2024-12-30 01:00:00,98.7643037917079
2024-12-30 03:00:00,98.712145317249
2024-12-30 04:00:00,98.5476573156327
2024-12-30 05:00:00,98.9171970782632
2024-12-30 06:00:00,98.6798559905764
2024-12-30 07:00:00,98.6722950708118
2024-12-30 08:00:00,98.4991774653019
2024-12-30 09:00:00,119.375614150034
2024-12-30 10:00:00,98.7947399411422
2024-12-30 11:00:00,98.5151532433234
2024-12-30 12:00:00,98.9956215578902
2024-12-30 13:00:00,98.877518296973
2024-12-30 14:00:00,98.8338744190855
2024-12-30 15:00:00,98.4537786358592
2024-12-30 16:00:00,99.0689108552694
2024-12-30 17:00:00,98.9430623271364
2024-12-30 18:00:00,98.6816427060071
2024-12-30 19:00:00,98.7685770552692
2024-12-30 20:00:00,98.5628181332857
2024-12-30 21:00:00,98.907321073298
2024-12-30 22:00:00,98.8253937350313
2024-12-30 23:00:00,98.9350636708272
2024-12-31 00:00:00,98.0715286995178
2024-12-31 01:00:00,
2024-12-31 02:00:00,97.8621102704906
2024-12-31 03:00:00,98.1035858971891
2024-12-31 04:00:00,98.3558723062116
2024-12-31 05:00:00,98.4429508440602
2024-12-31 06:00:00,98.2163447578474
2024-12-31 07:00:00,98.3300640298481
2024-12-31 08:00:00,98.172342113428
2024-12-31 09:00:00,97.8010287970786
2024-12-31 10:00:00,98.1261103295678
2024-12-31 11:00:00,98.0714081762689
2024-12-31 12:00:00,98.2340380479554
2024-12-31 13:00:00,97.9939112217825
2024-12-31 14:00:00,98.0595801671681
2024-12-31 15:00:00,98.702852379325
2024-12-31 16:00:00,98.1925515901631
2024-12-31 17:00:00,98.1106794831518
2024-12-31 18:00:00,97.9805754831314
2024-12-31 19:00:00,98.2575297737765
2024-12-31 20:00:00,98.1858900425258
2024-12-31 21:00:00,97.7365320618362
2024-12-31 22:00:00,97.9443286420013
2024-12-31 23:00:00,98.1990007264349
2025-01-01 00:00:00,97.4914482442639
2025-01-01 01:00:00,97.0058245848868
2025-01-01 02:00:00,97.4210288942179
2025-01-01 03:00:00,97.9342601241592
2025-01-01 04:00:00,97.6931128783914
2025-01-01 05:00:00,97.2690435054925
2025-01-01 06:00:00,98.5991179267844
2025-01-01 07:00:00,97.6946380160161
2025-01-01 08:00:00,98.6042358290581
2025-01-01 10:00:00,97.5223242356122
2025-01-01 11:00:00,98.5369905552618
2025-01-01 12:00:00,98.254135426469
2025-01-01 13:00:00,97.7932299218058
2025-01-01 14:00:00,97.1886880685835
2025-01-01 15:00:00,97.1326126433115
2025-01-01 16:00:00,97.9172901639275
2025-01-01 17:00:00,116.516599760182
2025-01-01 18:00:00,97.7488331303013
2025-01-01 19:00:00,98.0253381409212
2025-01-01 20:00:00,96.8685042970856
2025-01-01 21:00:00,96.8315408776956
2025-01-01 22:00:00,97.9359903721476
2025-01-01 23:00:00,97.7227263753234
2025-01-02 00:00:00,97.536314429638
2025-01-02 01:00:00,96.9844361679654
2025-01-02 02:00:00,97.1705548560559
2025-01-02 03:00:00,96.7905463111842
2025-01-02 04:00:00,97.4917711451785
2025-01-02 05:00:00,97.4675491561111
2025-01-02 06:00:00,97.2342774173506
2025-01-02 07:00:00,97.2007552668166
2025-01-02 08:00:00,96.6953442409931
2025-01-02 09:00:00,96.8355963956088
2025-01-02 10:00:00,97.46861019497
2025-01-02 11:00:00,
2025-01-02 12:00:00,
2025-01-02 13:00:00,
2025-01-02 14:00:00,
2025-01-02 15:00:00,96.61732888206
2025-01-02 16:00:00,96.5481995305309
2025-01-02 17:00:00,98.2864234282728
2025-01-02 18:00:00,97.0616346399536
2025-01-02 19:00:00,96.9807518970926
2025-01-02 20:00:00,96.9099791877612
2025-01-02 21:00:00,98.4338999121593
2025-01-02 22:00:00,97.8830256396482
2025-01-02 23:00:00,97.3776621141887
2025-01-03 00:00:00,96.5999517558516
2025-01-03 01:00:00,96.6817018667469
2025-01-03 02:00:00,96.6543785108609
2025-01-03 03:00:00,96.8210909337489
2025-01-03 04:00:00,96.0955474073796
2025-01-03 05:00:00,95.8598748743211
2025-01-03 06:00:00,95.8239427370864
2025-01-03 07:00:00,95.6132321447624
2025-01-03 08:00:00,96.7060119400173
2025-01-03 09:00:00,95.9638904805923
2025-01-03 10:00:00,95.5435859401429
2025-01-03 11:00:00,96.312281144247
2025-01-03 12:00:00,96.4908592213024
2025-01-03 13:00:00,96.5103571860076
2025-01-03 14:00:00,96.1175393229161
2025-01-03 15:00:00,95.8569824865404
2025-01-03 16:00:00,95.50318085524
2025-01-03 17:00:00,97.0755721798276
2025-01-03 18:00:00,96.4076436711215
2025-01-03 19:00:00,96.0391987017202
2025-01-03 20:00:00,95.4920208220325
2025-01-03 21:00:00,96.1143492039344
2025-01-03 22:00:00,97.0637165745849
2025-01-03 23:00:00,96.539776577552
2025-01-04 00:00:00,95.6874062046743
2025-01-04 01:00:00,96.0454322982067
2025-01-04 02:00:00,95.2275379391366
2025-01-04 03:00:00,96.3230720847317
2025-01-04 04:00:00,95.2943196421914
2025-01-04 05:00:00,96.5526844560139
2025-01-04 06:00:00,95.6000729056758
2025-01-04 09:00:00,96.589706647918
2025-01-04 10:00:00,95.4914296397492
2025-01-04 22:00:00,95.9582456561416
2025-01-04 23:00:00,96.3618517209952
2025-01-05 00:00:00,95.9148776185507
2025-01-05 01:00:00,96.0156678657713
2025-01-05 02:00:00,95.7385560403179
2025-01-05 03:00:00,96.2744387616446
2025-01-05 04:00:00,95.6759592514593
2025-01-05 05:00:00,95.8236622923998
2025-01-05 06:00:00,96.1254895663693
2025-01-05 07:00:00,93.9101257024011
2025-01-05 09:00:00,95.0044719290369
2025-01-05 10:00:00,95.6119456441311
2025-01-05 11:00:00,96.0617020376323
2025-01-05 12:00:00,95.7048133938244
2025-01-05 13:00:00,95.9774998374035
2025-01-05 14:00:00,96.013591766312
2025-01-05 15:00:00,95.8491262681497
2025-01-05 16:00:00,95.7500063675299
2025-01-05 17:00:00,95.3845143972474
2025-01-05 18:00:00,95.6583189359608
2025-01-05 19:00:00,94.9006109503232
2025-01-05 20:00:00,95.3156861084932
2025-01-05 21:00:00,95.3231154309853
2025-01-05 22:00:00,96.0156562405594
2025-01-05 23:00:00,96.1284744067331
2025-01-06 00:00:00,95.2508299510039
2025-01-06 01:00:00,93.4278944063821
2025-01-06 02:00:00,94.408460358838
2025-01-06 03:00:00,94.4546376412318
2025-01-06 04:00:00,95.0045193369013
2025-01-06 05:00:00,95.0305990638173
2025-01-06 06:00:00,94.9805796627224
2025-01-06 07:00:00,95.36792163757
2025-01-06 08:00:00,95.9113335371532
2025-01-06 09:00:00,94.9377405805316
2025-01-06 10:00:00,94.9677256915776
2025-01-06 11:00:00,94.6005989513413
2025-01-06 12:00:00,95.7529964848678
2025-01-06 13:00:00,94.5913671645211
2025-01-06 14:00:00,95.4050720583194
2025-01-06 15:00:00,95.2502445413042
2025-01-06 16:00:00,95.3463972427464
2025-01-06 17:00:00,94.8748258473974
2025-01-06 18:00:00,95.0388058860407
2025-01-06 19:00:00,94.8638511592735
2025-01-06 20:00:00,
2025-01-06 21:00:00,95.6421751819403
2025-01-06 22:00:00,94.5610841021173
2025-01-06 23:00:00,93.9144797287305
2025-01-07 00:00:00,94.2144715944014
2025-01-07 01:00:00,94.7693854127533
2025-01-07 02:00:00,93.5755907945511
2025-01-07 03:00:00,95.0172357807033
2025-01-07 04:00:00,94.7525893049078
2025-01-07 05:00:00,93.7882424110979
2025-01-07 06:00:00,94.5481075249048
2025-01-07 07:00:00,94.487360129201
2025-01-07 08:00:00,94.823229500776
2025-01-07 10:00:00,95.236635014817
2025-01-07 11:00:00,94.1327340209097
2025-01-07 12:00:00,94.5549931422697
2025-01-07 13:00:00,94.0945726054561
2025-01-07 14:00:00,94.8480557236461
2025-01-07 15:00:00,95.4324337073949
2025-01-07 16:00:00,94.6176526131528
2025-01-07 17:00:00,94.6553426595613
2025-01-07 18:00:00,94.668351156947
2025-01-07 19:00:00,94.7856775476024
2025-01-07 20:00:00,94.7750189195138
2025-01-07 21:00:00,95.6182796474295
2025-01-07 22:00:00,94.7097616386549
2025-01-07 23:00:00,93.9844448342744
2025-01-08 00:00:00,94.8283455241243
2025-01-08 01:00:00,93.8973904018971
2025-01-08 02:00:00,94.8456989014869
2025-01-08 03:00:00,94.3726816349638
2025-01-08 04:00:00,94.2202492708547
2025-01-08 05:00:00,94.1016743577258
2025-01-08 06:00:00,94.4411568691634
2025-01-08 07:00:00,93.7337367431803
2025-01-08 08:00:00,94.5276280879155
2025-01-08 09:00:00,94.0735092432163
2025-01-08 10:00:00,94.3118793371366
2025-01-08 11:00:00,94.4893114405923
2025-01-08 12:00:00,94.1679395457676
2025-01-08 13:00:00,94.6796839886518
2025-01-08 14:00:00,94.7356312250778
2025-01-08 15:00:00,94.5842334575997
2025-01-08 16:00:00,94.5423021104052
2025-01-08 17:00:00,93.7757747912138
2025-01-09 04:00:00,93.3251979442749
2025-01-09 05:00:00,93.8935635956634
2025-01-09 06:00:00,93.0530300251086
2025-01-09 07:00:00,93.6592402233483
2025-01-09 08:00:00,93.2959760461275
2025-01-09 09:00:00,93.6372581221769
2025-01-09 10:00:00,92.9487800500437
2025-01-09 11:00:00,93.7453144293392
2025-01-09 12:00:00,93.5965316033106
2025-01-09 13:00:00,94.0069010607795
2025-01-09 14:00:00,94.7224125783388
2025-01-09 15:00:00,94.1589850801821
2025-01-09 16:00:00,93.9870315662877
2025-01-09 17:00:00,93.7594170829968
2025-01-09 18:00:00,94.2593089585415
2025-01-09 19:00:00,93.7017981596253
2025-01-09 20:00:00,93.985175652927
2025-01-09 21:00:00,93.8000776323374
2025-01-09 22:00:00,94.2479809360744
2025-01-09 23:00:00,94.0112837485655
2025-01-10 00:00:00,93.6473039863267
2025-01-10 01:00:00,93.4450285202675
2025-01-10 02:00:00,92.8621087668641
2025-01-10 03:00:00,93.1410375309609
2025-01-10 04:00:00,93.6398922786195
2025-01-10 05:00:00,92.9314120241721
2025-01-10 06:00:00,
2025-01-10 07:00:00,92.1033376135943
2025-01-10 08:00:00,93.5363015876866
2025-01-10 09:00:00,93.4898638201798
2025-01-10 10:00:00,93.7502059998292
2025-01-10 11:00:00,93.3350931206536
2025-01-10 12:00:00,92.9267014732119
2025-01-10 13:00:00,93.269715972993
2025-01-10 14:00:00,93.2919614063627
2025-01-10 15:00:00,102.449018798173
2025-01-10 16:00:00,92.8212291111556
2025-01-10 17:00:00,92.8448391572527
2025-01-10 18:00:00,93.5862361937866
2025-01-10 19:00:00,93.9863398189497
2025-01-10 20:00:00,93.1810023063158
2025-01-10 21:00:00,93.1360880464589
2025-01-10 22:00:00,92.6106007455147
2025-01-10 23:00:00,92.5370243771946
2025-01-11 00:00:00,92.307522119365
2025-01-11 01:00:00,91.8071133247859
2025-01-11 02:00:00,93.0259948563352
2025-01-11 03:00:00,92.6068837474972
2025-01-11 04:00:00,92.7276259781407
2025-01-11 05:00:00,92.086661318882
2025-01-11 06:00:00,92.1891591539321
2025-01-11 07:00:00,92.7708624678471
2025-01-11 08:00:00,91.6339100469322
2025-01-11 09:00:00,92.0366113221757
2025-01-11 11:00:00,92.6121381757688
2025-01-11 12:00:00,92.1607287875054
2025-01-11 13:00:00,93.2076702625021
2025-01-11 14:00:00,92.9091307936494
2025-01-11 15:00:00,91.6998674505409
2025-01-11 16:00:00,93.00601502084
2025-01-11 17:00:00,92.8294410627509
2025-01-11 18:00:00,92.2232997063029
2025-01-11 19:00:00,92.9600445347408
2025-01-11 20:00:00,92.3621028841112
2025-01-11 21:00:00,92.7027397077112
2025-01-11 22:00:00,92.4602262981839
2025-01-11 23:00:00,92.3953809640235
2025-01-12 00:00:00,92.004672622868
2025-01-12 01:00:00,92.550920785916
2025-01-12 02:00:00,91.9460370464502
2025-01-12 03:00:00,92.7870831852621
2025-01-12 04:00:00,92.3593255853931
2025-01-12 05:00:00,92.1817064280335
2025-01-12 06:00:00,91.1668121446045
2025-01-12 07:00:00,91.8879347088552
2025-01-12 08:00:00,91.8361490680007
2025-01-12 09:00:00,92.5036024734641
2025-01-12 10:00:00,91.7834707959509
2025-01-12 11:00:00,92.5677692361265
2025-01-12 12:00:00,92.1861688914064
2025-01-12 13:00:00,91.3815358714632
2025-01-12 14:00:00,92.1165587560232
2025-01-12 15:00:00,91.9972388635428
2025-01-12 16:00:00,92.4282883211707
2025-01-12 17:00:00,91.7000862838306
2025-01-12 18:00:00,92.7021814321008
2025-01-12 19:00:00,91.6645928615696
2025-01-12 20:00:00,91.6875364790892
2025-01-13 09:00:00,91.4939026128202
2025-01-13 10:00:00,91.6193083761687
2025-01-13 11:00:00,91.2231582587329
2025-01-13 12:00:00,91.4539177285005
2025-01-13 13:00:00,92.0560862122941
2025-01-13 14:00:00,91.7886742601383
2025-01-13 15:00:00,91.0073474247575
2025-01-13 16:00:00,91.1174390690501
2025-01-13 17:00:00,91.5810385572809
2025-01-13 18:00:00,91.9497999295095
2025-01-13 19:00:00,91.0327430908498
2025-01-13 20:00:00,90.6557051720563
2025-01-13 21:00:00,92.5638536874575
2025-01-13 22:00:00,91.988815364229
2025-01-13 23:00:00,91.3095414528907
2025-01-14 00:00:00,90.2393756421933
2025-01-14 01:00:00,90.6384212168287
2025-01-14 02:00:00,91.1694434561245
2025-01-14 03:00:00,90.1999834104903
2025-01-14 04:00:00,89.9760276493208
2025-01-14 05:00:00,90.4535140243372
2025-01-14 06:00:00,91.2073526308352
2025-01-14 07:00:00,91.2594127490566
2025-01-14 08:00:00,90.771022728957
2025-01-14 09:00:00,90.2647749408534
2025-01-14 10:00:00,90.4433559039127
2025-01-14 11:00:00,90.2395606412085
2025-01-14 12:00:00,90.517576634398
2025-01-14 13:00:00,90.596717285372
2025-01-14 14:00:00,90.4782775680452
2025-01-14 15:00:00,90.3652765088969
2025-01-14 16:00:00,90.2151147066797
2025-01-14 17:00:00,90.7604555193657
2025-01-14 18:00:00,89.6885594074111
2025-01-14 19:00:00,91.0512079682732
2025-01-14 20:00:00,90.2829234285143
2025-01-14 21:00:00,91.0048026624671
2025-01-14 22:00:00,90.1742691885078
2025-01-14 23:00:00,90.0201894142351
2025-01-15 00:00:00,89.8983906865712
2025-01-15 01:00:00,89.8160830950999
2025-01-15 02:00:00,89.4627135640325
2025-01-15 03:00:00,89.9627859723116
2025-01-15 04:00:00,90.3608075341536
2025-01-15 05:00:00,90.5434993481611
2025-01-15 06:00:00,89.3814485845095
2025-01-15 07:00:00,89.6024697135692
2025-01-15 09:00:00,89.6165312304938
2025-01-15 10:00:00,89.5934906821562
2025-01-15 11:00:00,89.8958934792394
2025-01-15 12:00:00,91.1961375413689
2025-01-15 13:00:00,89.2948333312181
2025-01-15 14:00:00,89.8872796359788
2025-01-15 15:00:00,90.3698021522443
2025-01-15 16:00:00,89.5802123065046
2025-01-15 17:00:00,90.345634796272
2025-01-15 18:00:00,89.6461308104453
2025-01-15 19:00:00,90.4323183138393
2025-01-15 20:00:00,89.2861392347829
2025-01-15 21:00:00,90.9476459548005
2025-01-15 22:00:00,90.3566893417976
2025-01-15 23:00:00,89.6018870174185
2025-01-16 00:00:00,88.7297507738739
2025-01-16 01:00:00,88.3860559457742
2025-01-16 12:00:00,89.2805612490354
2025-01-16 13:00:00,89.4639060327233
2025-01-16 14:00:00,88.1836546374168
2025-01-16 15:00:00,88.5912431074171
2025-01-16 16:00:00,89.3466792863337
2025-01-16 17:00:00,90.0767380234098
2025-01-16 18:00:00,88.9394695867238
2025-01-16 19:00:00,88.8289175274046
2025-01-16 20:00:00,89.2601965346684
2025-01-16 21:00:00,88.3082353934965
2025-01-16 22:00:00,88.7306426033957
2025-01-16 23:00:00,89.4258868915704
2025-01-17 00:00:00,89.7641452193375
2025-01-17 01:00:00,88.6850489196303
2025-01-17 02:00:00,88.447633975064
2025-01-17 03:00:00,88.9554352831586
2025-01-17 04:00:00,89.0686627477891
2025-01-17 05:00:00,89.3117223215983
2025-01-17 07:00:00,88.9533792118882
2025-01-17 08:00:00,88.1324748221413
2025-01-17 09:00:00,88.4725770535014
2025-01-17 10:00:00,88.3713528530894
2025-01-17 11:00:00,89.3844920594976
2025-01-17 12:00:00,88.56185634636
2025-01-17 13:00:00,89.4853995627306
2025-01-17 14:00:00,88.5137990991579
2025-01-17 15:00:00,88.3778498325604
2025-01-17 16:00:00,89.4133808782614
2025-01-17 17:00:00,89.1859546560824
2025-01-17 18:00:00,88.8005788754719
2025-01-17 19:00:00,88.8351440783876
2025-01-17 20:00:00,89.3055956915745
2025-01-17 21:00:00,88.7397187493089
2025-01-17 22:00:00,89.2804621198162
2025-01-17 23:00:00,89.0851327770055
2025-01-18 00:00:00,89.0179127398885
2025-01-18 01:00:00,89.3105123560273
2025-01-18 02:00:00,88.060681540004
2025-01-18 03:00:00,88.8700020040556
2025-01-18 04:00:00,88.6214766994263
2025-01-18 05:00:00,89.3135624831079
2025-01-18 06:00:00,87.7493323169716
2025-01-18 07:00:00,88.1056231207347
2025-01-18 08:00:00,87.5327864617934
2025-01-18 09:00:00,88.1083748539313
2025-01-18 10:00:00,88.0827310519642
2025-01-18 15:00:00,88.4355488827356
2025-01-18 16:00:00,88.9803675018867
2025-01-18 17:00:00,88.4733514177524
2025-01-18 18:00:00,88.5894882693144
2025-01-18 19:00:00,88.2386137513457
2025-01-18 20:00:00,89.531196454642
2025-01-18 21:00:00,88.4584404554758
2025-01-18 22:00:00,88.5209649312102
2025-01-18 23:00:00,89.4002244321887
2025-01-19 00:00:00,87.7706909222635
2025-01-19 01:00:00,88.2448187121934
2025-01-19 02:00:00,88.1579086514747
2025-01-19 03:00:00,88.3134375162861
2025-01-19 04:00:00,87.5991754537722
2025-01-19 05:00:00,87.9434522206075
2025-01-19 06:00:00,
2025-01-19 07:00:00,
2025-01-19 08:00:00,
2025-01-19 09:00:00,
2025-01-19 10:00:00,88.0746877265135
2025-01-19 11:00:00,88.0726595507493
2025-01-19 12:00:00,87.8426907181129
2025-01-19 13:00:00,88.6231210818206
2025-01-20 14:00:00,87.8009706183819
2025-01-20 15:00:00,87.8991341735003
2025-01-20 16:00:00,87.5782334684904
2025-01-20 17:00:00,88.4843163192447
2025-01-20 18:00:00,87.5861927870548
2025-01-20 19:00:00,87.0664165128084
2025-01-20 20:00:00,87.400543634436
2025-01-20 21:00:00,87.8545375704376
2025-01-20 22:00:00,86.4496722916345
2025-01-20 23:00:00,87.5204671647785
2025-01-21 00:00:00,
2025-01-21 01:00:00,
2025-01-21 02:00:00,
2025-01-21 03:00:00,
2025-01-21 04:00:00,
2025-01-21 05:00:00,
2025-01-21 07:00:00,
2025-01-21 08:00:00,
2025-01-21 09:00:00,
2025-01-21 10:00:00,
2025-01-21 11:00:00,
2025-01-21 12:00:00,
2025-01-21 13:00:00,
2025-01-21 14:00:00,
2025-01-21 15:00:00,
2025-01-21 16:00:00,
2025-01-21 17:00:00,
2025-01-21 18:00:00,
2025-01-21 19:00:00,
2025-01-21 20:00:00,
2025-01-21 21:00:00,
2025-01-21 22:00:00,
2025-01-21 23:00:00,
2025-01-22 00:00:00,119.377489393934
2025-01-22 01:00:00,119.142888598668
2025-01-22 02:00:00,118.983931332775
2025-01-22 03:00:00,118.569154682525
2025-01-22 04:00:00,119.264038227556
2025-01-22 05:00:00,118.827753131739
2025-01-22 06:00:00,118.836444368175
2025-01-22 07:00:00,119.678237434422
2025-01-22 08:00:00,119.017738099719
2025-01-22 09:00:00,119.525005422744
2025-01-22 10:00:00,119.256820904499
2025-01-22 11:00:00,119.186584771286
2025-01-22 12:00:00,119.318742137272
2025-01-22 13:00:00,119.151837430429
2025-01-22 14:00:00,119.397210476389
2025-01-22 15:00:00,119.233684617894
2025-01-22 16:00:00,118.993468300224
2025-01-22 17:00:00,118.827635443308
2025-01-22 18:00:00,118.904500042217
2025-01-22 19:00:00,119.081935392772
2025-01-22 20:00:00,118.905285115608
2025-01-22 21:00:00,119.094808735303
2025-01-22 22:00:00,119.203155540614
2025-01-22 23:00:00,119.142830691822
2025-01-23 00:00:00,118.000410097944
2025-01-23 01:00:00,117.808104644694
2025-01-23 02:00:00,118.088560776196
2025-01-23 03:00:00,117.848424419367
2025-01-23 04:00:00,117.614000974658
2025-01-23 05:00:00,118.558777143518
2025-01-23 06:00:00,117.920819312657
2025-01-23 08:00:00,118.031085601268
2025-01-23 09:00:00,118.247385688704
2025-01-23 10:00:00,117.41690064382
2025-01-23 11:00:00,117.859283660776
2025-01-23 12:00:00,118.027620109075
2025-01-23 13:00:00,117.918295772231
2025-01-24 09:00:00,117.854231740267
2025-01-24 10:00:00,117.569321420073
2025-01-24 11:00:00,117.852940756823
2025-01-24 12:00:00,118.129742516678
2025-01-24 13:00:00,117.839858143481
2025-01-24 14:00:00,117.71548388732
2025-01-24 15:00:00,117.288862990327
2025-01-24 16:00:00,117.219747438313
2025-01-24 17:00:00,117.871124933254
2025-01-24 18:00:00,117.298076663868
2025-01-24 19:00:00,117.860722874024
2025-01-24 20:00:00,118.081951319006
2025-01-24 21:00:00,117.565140816563
2025-01-24 22:00:00,117.309216459209
2025-01-24 23:00:00,117.924281743593
2025-01-25 00:00:00,116.716891079723
2025-01-25 01:00:00,117.339051112796
2025-01-25 02:00:00,117.099370859435
2025-01-25 03:00:00,116.39738478364
2025-01-25 04:00:00,117.661284457676
2025-01-25 05:00:00,116.331363211647
2025-01-25 06:00:00,116.912036238464
2025-01-25 07:00:00,116.732891479256
2025-01-25 08:00:00,116.777595839804
2025-01-25 09:00:00,117.13459472606
2025-01-25 11:00:00,116.800053220705
2025-01-25 12:00:00,115.966681569708
2025-01-25 13:00:00,117.411863822205
2025-01-25 14:00:00,117.204969664668
2025-01-25 15:00:00,116.486462804702
2025-01-25 16:00:00,116.031971648868
2025-01-25 17:00:00,116.609570782352
2025-01-25 18:00:00,117.236018165136
2025-01-25 19:00:00,117.044338110288
2025-01-25 20:00:00,149.81116766406
2025-01-25 21:00:00,117.526690232121
2025-01-25 22:00:00,117.531164796216
2025-01-25 23:00:00,116.740629461359
2025-01-26 00:00:00,115.410450963586
2025-01-26 03:00:00,116.538992157965
2025-01-26 04:00:00,116.260170186612
2025-01-26 05:00:00,115.887634285051
2025-01-26 06:00:00,115.92514932185
2025-01-26 07:00:00,115.721313723504
2025-01-26 08:00:00,116.377933628723
2025-01-26 09:00:00,115.094402812446
2025-01-26 10:00:00,116.738695562277
2025-01-26 11:00:00,115.718671802443
2025-01-26 12:00:00,115.598428873674
2025-01-26 13:00:00,116.54928086478
2025-01-26 14:00:00,115.953301543868
2025-01-26 15:00:00,115.45004885742
2025-01-26 16:00:00,116.241556832004
2025-01-26 17:00:00,115.101500403423
2025-01-26 18:00:00,115.255937970402
2025-01-26 19:00:00,116.803687323683
2025-01-26 20:00:00,115.806636070057
2025-01-26 21:00:00,115.96450287516
2025-01-26 22:00:00,114.838766190223
2025-01-26 23:00:00,116.701629661858
2025-01-27 00:00:00,115.967386757327
2025-01-27 01:00:00,115.439590377703
2025-01-27 02:00:00,116.143779275906
2025-01-27 03:00:00,115.410925257685
2025-01-27 04:00:00,116.768367177566
2025-01-27 05:00:00,115.491932058732
2025-01-27 07:00:00,115.921162101072
2025-01-27 08:00:00,116.006528785844
2025-01-27 09:00:00,115.799604049457
2025-01-27 12:00:00,116.304202561555
2025-01-27 13:00:00,115.235215556773
2025-01-27 14:00:00,116.066139235519
2025-01-27 15:00:00,115.489327666079
2025-01-27 16:00:00,116.088174499677
2025-01-27 17:00:00,140.388461830482
2025-01-27 18:00:00,114.905612601477
2025-01-27 19:00:00,115.865571559197
2025-01-27 20:00:00,115.38712678328
2025-01-27 21:00:00,115.699478342363
2025-01-27 22:00:00,115.546099417432
2025-01-27 23:00:00,115.453024995785
2025-01-28 00:00:00,115.559422989893
2025-01-28 01:00:00,115.769720229364
2025-01-28 02:00:00,115.95858125582
2025-01-28 03:00:00,115.314600504901
2025-01-28 04:00:00,114.837940586074
2025-01-28 05:00:00,115.593030606817
2025-01-28 06:00:00,116.077439314725
2025-01-28 07:00:00,115.443968319462
2025-01-28 08:00:00,115.241265587314
2025-01-28 09:00:00,115.724480135054
2025-01-28 10:00:00,115.348584526079
2025-01-28 11:00:00,115.204066021329
2025-01-28 12:00:00,115.771535309859
2025-01-28 13:00:00,115.999505887928
2025-01-28 14:00:00,115.254590963922
2025-01-28 15:00:00,115.493288536542
2025-01-28 16:00:00,115.322863336778
2025-01-29 04:00:00,114.726267901154
2025-01-29 06:00:00,114.757421663516
2025-01-29 07:00:00,114.939925884855
2025-01-29 09:00:00,129.724282314833
2025-01-29 10:00:00,114.041495713159
2025-01-29 11:00:00,115.525060776717
2025-01-29 12:00:00,115.400350684283
2025-01-29 13:00:00,115.761867156011
2025-01-29 14:00:00,114.80963174174
2025-01-29 15:00:00,115.227396264837
2025-01-29 16:00:00,115.211185039804
2025-01-29 17:00:00,115.789430532595
2025-01-29 18:00:00,114.83322131933
2025-01-29 19:00:00,115.536841322842
2025-01-29 20:00:00,115.038818320229
2025-01-29 21:00:00,114.515462523287
2025-01-29 22:00:00,114.55756463054
2025-01-29 23:00:00,114.6137994667
2025-01-30 00:00:00,113.499007369754
2025-01-30 01:00:00,114.491994438655
2025-01-30 02:00:00,114.836015239098
2025-01-30 03:00:00,114.856226586062
2025-01-30 04:00:00,113.889585598495
2025-01-30 05:00:00,114.513731154347
2025-01-30 06:00:00,114.790562548987
2025-01-30 07:00:00,114.500683362268
2025-01-30 08:00:00,115.422810457658
2025-01-30 09:00:00,114.504123282968
2025-01-30 10:00:00,114.964988836727
2025-01-30 11:00:00,113.741371334129
2025-01-30 14:00:00,95.4207833643838
2025-01-30 15:00:00,114.688097181406
2025-01-30 16:00:00,114.857134023092
2025-01-30 17:00:00,113.735062688141
2025-01-30 18:00:00,114.002565321771
2025-01-30 19:00:00,113.986857598342
2025-01-30 20:00:00,114.752907882751
2025-02-03 10:00:00,114.159328845849
2025-02-03 13:00:00,114.062776706012
2025-02-03 14:00:00,113.486514433768
2025-02-04 16:00:00,112.761732652842
2025-02-04 17:00:00,113.179939715133
2025-02-04 18:00:00,113.093620425641
2025-02-04 19:00:00,113.146993754557
2025-02-04 20:00:00,113.274087684691
2025-02-04 21:00:00,112.836713667071
2025-02-05 00:00:00,111.956757938015
2025-02-05 01:00:00,112.628222735
2025-02-05 02:00:00,112.810681867723
2025-02-05 03:00:00,112.964230150964
2025-02-05 04:00:00,112.128498031881
2025-02-05 05:00:00,112.667227228022
2025-02-05 06:00:00,112.622386153621
2025-02-05 07:00:00,111.908733227766
2025-02-05 08:00:00,112.209781735761
2025-02-05 09:00:00,112.826496932414
2025-02-05 17:00:00,112.644434401025
2025-02-05 19:00:00,112.769681749339
2025-02-05 20:00:00,112.214022900937
2025-02-05 21:00:00,112.129440887958
2025-02-05 22:00:00,112.083251364431
2025-02-05 23:00:00,112.156509344835
2025-02-06 03:00:00,112.101276079574
2025-02-06 04:00:00,111.85809000698
2025-02-06 07:00:00,112.126549196829
2025-02-06 08:00:00,112.085877539431
2025-02-06 09:00:00,112.410330994193
2025-02-06 10:00:00,111.798305549454
2025-02-06 11:00:00,111.797300736175
2025-02-06 13:00:00,111.780863728095
2025-02-06 14:00:00,111.57288654107
2025-02-06 15:00:00,112.277222289785
2025-02-06 16:00:00,111.957174253701
2025-02-07 05:00:00,111.925404051002
2025-02-07 06:00:00,112.407335162589
2025-02-07 07:00:00,111.663216757359
2025-02-07 08:00:00,111.534441303583
2025-02-07 09:00:00,112.373747160535
2025-02-07 10:00:00,112.444202043896
2025-02-07 11:00:00,112.218828798718
2025-02-07 12:00:00,111.757034543433
2025-02-07 13:00:00,111.74210170238
2025-02-07 14:00:00,111.533055591481
2025-02-07 15:00:00,111.852141015639
2025-02-07 16:00:00,112.023218537265
2025-02-07 17:00:00,112.083670027257
2025-02-07 18:00:00,112.180916632544
2025-02-07 19:00:00,112.349516917586
2025-02-07 20:00:00,112.130210020622
2025-02-07 21:00:00,112.272839264998
2025-02-07 22:00:00,111.406173286547
2025-02-07 23:00:00,112.367066233784
2025-02-08 00:00:00,111.657473773848
2025-02-08 01:00:00,110.576189208359
2025-02-08 02:00:00,110.753587134389
2025-02-08 03:00:00,111.356248943413
2025-02-08 04:00:00,111.202631564642
2025-02-08 05:00:00,111.724248419375
2025-02-08 06:00:00,111.408808748004
2025-02-08 07:00:00,82.1077689663444
2025-02-08 08:00:00,111.336941802408
2025-02-08 09:00:00,111.442443505611
2025-02-08 10:00:00,111.490303865405
2025-02-08 11:00:00,111.788186768623
2025-02-08 12:00:00,111.465452282057
2025-02-08 13:00:00,111.201851474536
2025-02-08 14:00:00,110.66137562553
2025-02-08 15:00:00,111.27099165719
2025-02-08 16:00:00,111.226191166435
2025-02-08 17:00:00,111.624764225198
2025-02-08 18:00:00,111.225923275854
2025-02-08 19:00:00,111.197096465705
2025-02-08 20:00:00,111.798720905567
2025-02-08 21:00:00,111.280506037112
2025-02-08 22:00:00,111.589640013812
2025-02-08 23:00:00,110.816448368331
2025-02-09 00:00:00,110.611026278382
2025-02-09 01:00:00,110.836512989561
2025-02-09 02:00:00,110.858508555332
2025-02-09 03:00:00,111.269647828938
2025-02-09 04:00:00,110.64515411452
2025-02-09 06:00:00,111.146678995923
2025-02-09 12:00:00,111.287526141542
2025-02-09 13:00:00,111.174471257654
2025-02-09 14:00:00,110.964138651538
2025-02-09 15:00:00,111.613368444523
2025-02-09 16:00:00,110.965910659258
2025-02-09 17:00:00,110.977098930529
2025-02-09 18:00:00,111.096940385441
2025-02-09 19:00:00,110.801758163759
2025-02-09 20:00:00,110.644080857694
2025-02-09 21:00:00,111.146070703172
2025-02-09 22:00:00,110.926996207725
2025-02-09 23:00:00,110.939114894865
2025-02-10 01:00:00,110.637263213827
2025-02-10 02:00:00,110.278080863853
2025-02-10 03:00:00,110.774907222121
2025-02-10 04:00:00,110.437349860196
2025-02-10 05:00:00,110.623730121759
2025-02-10 06:00:00,110.454441043996
2025-02-10 07:00:00,110.000585341562
2025-02-10 08:00:00,110.18690718667
2025-02-10 09:00:00,110.493432378866
2025-02-10 10:00:00,110.431440450299
2025-02-10 11:00:00,109.926967645217
2025-02-10 12:00:00,110.73889173936
2025-02-10 13:00:00,109.890671050411
2025-02-10 14:00:00,110.125419061695
2025-02-10 15:00:00,109.960958903691
2025-02-10 16:00:00,121.04515573297
2025-02-10 17:00:00,110.336020893065
2025-02-10 19:00:00,110.455017395902
2025-02-10 20:00:00,109.776317256798
2025-02-10 21:00:00,109.772255617015
2025-02-10 22:00:00,109.936537509565
2025-02-10 23:00:00,110.472241927074
2025-02-11 00:00:00,109.654944203324
2025-02-11 01:00:00,109.452347985774
2025-02-11 02:00:00,108.960574532304
2025-02-11 03:00:00,109.875763096307
2025-02-11 04:00:00,109.775481065614
2025-02-11 05:00:00,109.852783844266
2025-02-11 06:00:00,109.887109640954
2025-02-11 07:00:00,109.533390635282
2025-02-11 08:00:00,109.906619223929
2025-02-11 09:00:00,110.336378002569
2025-02-11 10:00:00,109.518948495812
2025-02-11 11:00:00,109.405199456059
2025-02-11 12:00:00,109.369803565088
2025-02-11 13:00:00,109.527195974061
2025-02-11 14:00:00,109.62983869872
2025-02-11 15:00:00,109.875890728674
2025-02-11 16:00:00,109.185958598595
2025-02-11 17:00:00,109.432250889689
2025-02-11 18:00:00,109.840809997786
2025-02-11 19:00:00,109.645203825134
2025-02-11 20:00:00,109.601752715512
2025-02-11 21:00:00,110.052545794193
2025-02-11 22:00:00,109.522853045074
2025-02-11 23:00:00,109.373281026724
2025-02-12 00:00:00,108.706725601674
2025-02-12 01:00:00,108.441242760783
2025-02-12 03:00:00,108.734540014524
2025-02-12 04:00:00,108.549329351205
2025-02-12 05:00:00,108.837781621017
2025-02-12 06:00:00,108.495735377254
2025-02-12 08:00:00,109.090227491051
2025-02-12 09:00:00,108.912842131514
2025-02-12 10:00:00,108.5603574716
2025-02-13 01:00:00,107.881823497656
2025-02-13 02:00:00,107.801591297748
2025-02-13 03:00:00,107.721526379314
2025-02-13 04:00:00,108.578854040736
2025-02-13 05:00:00,108.863263293417
2025-02-13 06:00:00,107.926420562383
2025-02-13 07:00:00,107.63297192917
2025-02-13 08:00:00,107.81873707663
2025-02-13 09:00:00,107.884785352427
2025-02-13 10:00:00,107.895741035199
2025-02-13 11:00:00,108.388102220661
2025-02-15 03:00:00,106.945743011001
2025-02-15 04:00:00,107.754475801547
2025-02-15 05:00:00,107.291601370083
2025-02-15 06:00:00,107.521501275254
2025-02-15 07:00:00,107.36186153975
2025-02-15 08:00:00,107.645418323204
2025-02-15 09:00:00,107.577974455489
2025-02-15 10:00:00,107.842556825292
2025-02-15 11:00:00,107.142774113494
2025-02-15 12:00:00,106.82427831952
2025-02-15 13:00:00,107.48897467558
2025-02-15 14:00:00,107.383917719791
2025-02-15 15:00:00,107.448428782337
2025-02-15 16:00:00,107.006601339826
2025-02-15 17:00:00,107.39060814396
2025-02-15 18:00:00,107.425477446498
2025-02-15 19:00:00,107.134595839547
2025-02-15 20:00:00,106.725430811278
2025-02-15 21:00:00,107.142169164926
2025-02-15 22:00:00,107.131451394459
2025-02-15 23:00:00,107.301739682161
2025-02-16 01:00:00,106.632500180402
2025-02-16 02:00:00,105.37800158614
2025-02-16 03:00:00,106.572192489372
2025-02-16 04:00:00,106.35618393666
2025-02-16 05:00:00,106.191838658603
2025-02-16 06:00:00,105.669183153443
2025-02-16 07:00:00,106.443790028441
2025-02-16 08:00:00,106.400319149857
2025-02-16 09:00:00,106.378161428972
2025-02-16 12:00:00,106.208800840718
2025-02-16 13:00:00,105.51738634037
2025-02-16 14:00:00,106.410445361543
2025-02-16 15:00:00,106.510548734554
2025-02-16 16:00:00,106.615409428246
2025-02-16 17:00:00,105.946294206471
2025-02-16 18:00:00,106.043685159363
2025-02-16 19:00:00,106.098741321589
2025-02-16 20:00:00,105.919067339982
2025-02-16 21:00:00,106.048354994594
2025-02-16 22:00:00,106.228575597334
2025-02-16 23:00:00,106.75875634319
2025-02-17 00:00:00,106.022127451026
2025-02-17 01:00:00,106.10169861272
2025-02-17 02:00:00,106.065900118804
2025-02-17 03:00:00,106.143087502876
2025-02-17 04:00:00,106.177986909159
2025-02-17 05:00:00,105.770813528812
2025-02-17 06:00:00,106.150851588994
2025-02-17 07:00:00,106.08558726012
2025-02-17 08:00:00,106.360593932889
2025-02-17 09:00:00,106.149039389114
2025-02-17 10:00:00,106.153769037714
2025-02-17 11:00:00,105.886971631226
2025-02-17 12:00:00,105.942724933778
2025-02-17 13:00:00,105.77118600001
2025-02-17 14:00:00,105.971843706084
2025-02-17 15:00:00,105.600338916787
2025-02-17 16:00:00,105.973226440276
2025-02-17 17:00:00,105.921942402167
2025-02-17 18:00:00,105.845277037747
2025-02-17 19:00:00,106.060069881762
2025-02-17 20:00:00,106.210448910737
2025-02-17 21:00:00,106.077502639579
2025-02-17 22:00:00,105.884416967418
2025-02-17 23:00:00,105.869006888926
2025-02-18 00:00:00,104.626021907737
2025-02-18 01:00:00,104.618168731479
2025-02-18 02:00:00,104.98579195503
2025-02-18 03:00:00,104.62993122646
2025-02-18 04:00:00,104.780883523801
2025-02-18 20:00:00,105.142660132397
2025-02-18 21:00:00,105.260624800699
2025-02-18 22:00:00,105.120458549989
2025-02-18 23:00:00,104.964215415228
2025-02-19 00:00:00,104.322680344704
2025-02-19 01:00:00,104.26546004706
2025-02-19 02:00:00,103.990912911352
2025-02-19 03:00:00,104.00560918574
2025-02-19 04:00:00,104.264818641738
2025-02-19 05:00:00,104.515664654044
2025-02-19 06:00:00,103.923950423334
2025-02-19 07:00:00,104.16596749165
2025-02-19 08:00:00,104.407420342576
2025-02-19 09:00:00,104.025973461703
2025-02-19 11:00:00,104.66300432134
2025-02-19 12:00:00,104.580837843144
2025-02-19 13:00:00,104.286871415489
2025-02-19 14:00:00,103.523925420852
2025-02-19 15:00:00,103.699956326307
2025-02-19 16:00:00,104.59382558041
2025-02-19 17:00:00,104.171013491031
2025-02-19 18:00:00,104.201784846594
2025-02-19 19:00:00,104.199575087381
2025-02-19 20:00:00,104.256244915545
2025-02-19 21:00:00,104.147027019387
2025-02-19 22:00:00,103.976098346555
2025-02-19 23:00:00,104.11705659657
2025-02-20 00:00:00,103.75580930288
2025-02-20 01:00:00,103.572401645737
2025-02-20 02:00:00,103.774225246232
2025-02-20 03:00:00,103.98410544832
2025-02-20 05:00:00,103.738356925014
2025-02-20 06:00:00,103.378866182439
2025-02-20 07:00:00,103.858408041667
2025-02-20 08:00:00,103.381986922966
2025-02-20 09:00:00,103.587519068995
2025-02-20 10:00:00,103.402338378599
2025-02-20 11:00:00,103.553827076093
2025-02-20 12:00:00,103.451604776696
2025-02-20 13:00:00,103.626090357343
2025-02-20 14:00:00,103.251475502866
2025-02-20 15:00:00,103.742201671712
2025-02-20 16:00:00,103.54724818424
2025-02-20 17:00:00,102.989498569999
2025-02-20 18:00:00,103.851850773381
2025-02-20 19:00:00,103.819592825628
2025-02-20 20:00:00,104.024041162772
2025-02-20 21:00:00,103.940957090395
2025-02-20 22:00:00,103.885301757953
2025-02-20 23:00:00,103.952626730999
2025-02-21 00:00:00,102.626284584227
2025-02-21 01:00:00,102.741039001244
2025-02-21 02:00:00,102.77025053172
2025-02-21 03:00:00,103.030119255469
2025-02-21 04:00:00,102.748982805084
2025-02-21 05:00:00,102.357608399612
2025-02-21 06:00:00,102.56647146471
2025-02-21 07:00:00,102.990198984986
2025-02-21 08:00:00,102.657920986189
2025-02-21 09:00:00,102.898081728535
2025-02-21 10:00:00,102.39094983833
2025-02-21 11:00:00,101.803395394826
2025-02-21 12:00:00,102.830237952874
2025-02-21 13:00:00,102.637662442826
2025-02-21 14:00:00,102.489457481474
2025-02-21 15:00:00,102.644253985219
2025-02-21 16:00:00,102.853294036831
2025-02-21 17:00:00,102.841832284592
2025-02-21 18:00:00,102.436958504318
2025-02-21 19:00:00,102.506861693822
2025-02-21 20:00:00,102.870582257863
2025-02-21 21:00:00,102.426722951771
2025-02-21 22:00:00,103.067331387485
2025-02-21 23:00:00,103.147203417103
2025-02-22 00:00:00,102.017627536421
2025-02-22 01:00:00,102.458082765745
2025-02-22 02:00:00,102.314973122117
2025-02-22 03:00:00,102.36503489979
2025-02-22 04:00:00,102.228987806977
2025-02-22 05:00:00,102.246939833648
2025-02-22 06:00:00,101.884258834343
2025-02-22 07:00:00,102.062241311149
2025-02-22 08:00:00,102.436811637037
2025-02-22 09:00:00,101.930271262287
2025-02-22 10:00:00,102.373289199908
2025-02-22 11:00:00,101.905687628263
2025-02-22 12:00:00,102.366746589032
2025-02-22 13:00:00,102.133097871704
2025-02-22 14:00:00,102.246604169729
2025-02-22 15:00:00,102.288393153158
2025-02-22 16:00:00,102.2281691513
2025-02-22 17:00:00,102.160290817807
2025-02-22 18:00:00,102.533195264087
2025-02-22 19:00:00,101.971787645052
2025-02-22 20:00:00,102.475557944228
2025-02-22 21:00:00,102.076661356248
2025-02-22 22:00:00,102.751983193766
2025-02-22 23:00:00,102.457509892985
2025-02-23 00:00:00,101.273716251279
2025-02-23 01:00:00,101.521215589769
2025-02-23 02:00:00,123.584425883846
2025-02-23 03:00:00,101.352872036391
2025-02-23 04:00:00,101.855340129915
2025-02-23 05:00:00,101.345819651492
2025-02-23 06:00:00,101.881050828059
2025-02-23 07:00:00,101.456240681067
2025-02-23 08:00:00,101.740568541005
2025-02-23 09:00:00,101.565503393014
2025-02-23 10:00:00,101.133635996175
2025-02-23 11:00:00,101.250885691378
2025-02-23 12:00:00,101.445009520478
2025-02-23 13:00:00,101.268165008638
2025-02-23 14:00:00,101.288693435055
2025-02-23 15:00:00,101.581487692191
2025-02-23 16:00:00,101.375984429486
2025-02-23 17:00:00,101.497826867312
2025-02-23 18:00:00,101.8405993791
2025-02-23 19:00:00,101.303038401698
2025-02-23 20:00:00,101.822640983694
2025-02-23 21:00:00,101.606442065678
2025-02-23 22:00:00,101.810558954913
2025-02-23 23:00:00,101.350493165724
2025-02-24 00:00:00,100.800289824252
2025-02-24 01:00:00,100.658603585797
2025-02-24 02:00:00,100.814394862084
2025-02-24 03:00:00,101.073958875787
2025-02-24 04:00:00,100.447541007062
2025-02-24 05:00:00,100.878954793096
2025-02-24 06:00:00,100.085917501984
2025-02-24 07:00:00,100.565258192233
2025-02-24 08:00:00,99.9888359934162
2025-02-24 09:00:00,100.710546837117
2025-02-24 10:00:00,100.942096130353
2025-02-24 11:00:00,
2025-02-24 12:00:00,
2025-02-24 13:00:00,
2025-02-24 14:00:00,
2025-02-24 15:00:00,
2025-02-24 16:00:00,101.032891212578
2025-02-24 17:00:00,100.802516446739
2025-02-24 18:00:00,100.741057687975
2025-02-24 19:00:00,71.2388252974791
2025-02-24 20:00:00,101.129682665811
2025-02-24 21:00:00,100.541968787037
2025-02-24 22:00:00,101.004416714552
2025-02-24 23:00:00,100.891626884731
2025-02-25 00:00:00,
2025-02-25 01:00:00,
2025-02-25 02:00:00,
2025-02-25 10:00:00,
2025-02-25 11:00:00,
2025-02-25 12:00:00,
2025-02-25 13:00:00,
2025-02-25 14:00:00,
2025-02-25 15:00:00,
2025-02-25 16:00:00,
2025-02-25 17:00:00,
2025-02-25 18:00:00,
2025-02-25 19:00:00,
2025-02-25 20:00:00,
2025-02-25 21:00:00,
2025-02-25 22:00:00,
2025-02-25 23:00:00,
2025-02-26 00:00:00,110.194752288946
2025-02-26 01:00:00,110.404646700294
2025-02-26 02:00:00,110.170086695608
2025-02-26 03:00:00,110.422574214674
2025-02-26 04:00:00,110.54752727816
2025-02-26 06:00:00,110.297065384334
2025-02-26 07:00:00,110.15682219553
2025-02-26 08:00:00,110.421310958696
2025-02-26 10:00:00,110.223454565606
2025-02-26 11:00:00,110.220988701384
2025-02-26 12:00:00,110.269886798803
2025-02-26 13:00:00,109.802490232464
2025-02-26 14:00:00,110.436800100425
2025-02-26 15:00:00,110.524594434464
2025-02-26 16:00:00,110.171462205321
2025-02-26 17:00:00,110.482493943667
2025-02-26 18:00:00,110.147700367175
2025-02-26 19:00:00,110.509710867594
2025-02-26 20:00:00,110.405855091747
2025-02-26 21:00:00,110.270389787378
2025-02-26 22:00:00,110.275218256408
2025-02-26 23:00:00,110.210947640851
2025-02-27 00:00:00,109.465177509322
2025-02-27 01:00:00,109.686337281919
2025-02-27 02:00:00,109.616173833924
2025-02-27 03:00:00,109.759776400369
2025-02-27 04:00:00,109.764665660423
2025-02-27 05:00:00,109.621005187728
2025-02-27 06:00:00,109.552600249959
2025-02-27 07:00:00,109.867733583805
2025-02-27 08:00:00,109.359680442
2025-02-27 09:00:00,109.807421669066
2025-02-27 10:00:00,109.78847931467
2025-02-27 11:00:00,109.521913475855
2025-02-27 12:00:00,109.471596915916
2025-02-27 13:00:00,109.507520290647
2025-02-27 14:00:00,109.674508156907
2025-02-28 14:00:00,109.52206061452
2025-02-28 15:00:00,109.194867826163
2025-02-28 16:00:00,109.263663683391
2025-02-28 17:00:00,109.3831646696
2025-02-28 18:00:00,109.599151512442
2025-02-28 19:00:00,109.687460423981
2025-02-28 20:00:00,109.650136106331
2025-02-28 21:00:00,109.420641405125
2025-02-28 22:00:00,109.211759501357
2025-02-28 23:00:00,109.470620265799
2025-03-01 00:00:00,108.616894896769
2025-03-01 01:00:00,108.164176943884
2025-03-01 02:00:00,108.654829541847
2025-03-01 03:00:00,108.633704880286
2025-03-01 04:00:00,109.828868073807
2025-03-01 05:00:00,107.95484611442
2025-03-01 06:00:00,107.82663570867
2025-03-01 07:00:00,110.348977300525
2025-03-01 08:00:00,109.608787754862
2025-03-01 09:00:00,107.962104546127
2025-03-01 10:00:00,108.235874322316
2025-03-01 11:00:00,110.604017934304
2025-03-01 12:00:00,109.10377208945
2025-03-01 13:00:00,108.641772364688
2025-03-01 14:00:00,109.28710187097
2025-03-01 15:00:00,109.03059057029
2025-03-01 16:00:00,108.388130664393
2025-03-01 17:00:00,108.726650652748
2025-03-01 18:00:00,108.713313926622
2025-03-01 19:00:00,109.507455587153
2025-03-01 20:00:00,109.023764013853
2025-03-01 21:00:00,108.481555437865
2025-03-01 22:00:00,107.651202302874
2025-03-01 23:00:00,109.762511394745
2025-03-02 00:00:00,107.662531079574
2025-03-02 01:00:00,110.248165014121
2025-03-02 15:00:00,110.08829579405
2025-03-02 16:00:00,108.544971548037
2025-03-02 17:00:00,107.930709740078
2025-03-02 18:00:00,107.616427751297
2025-03-02 20:00:00,109.881007945888
2025-03-02 21:00:00,109.519591978831
2025-03-02 23:00:00,108.775130276598
2025-03-03 01:00:00,108.278973077314
2025-03-03 02:00:00,110.049481363158
2025-03-03 03:00:00,108.218381742046
2025-03-03 04:00:00,110.919139408885
2025-03-03 05:00:00,109.409666748221
2025-03-03 07:00:00,107.225687368583
2025-03-03 08:00:00,108.546251644922
2025-03-03 09:00:00,109.328349015129
2025-03-03 10:00:00,108.533277986417
2025-03-03 11:00:00,107.096972634675
2025-03-04 01:00:00,108.196948782893
2025-03-04 02:00:00,108.42560676941
2025-03-04 03:00:00,109.124994068121
2025-03-04 04:00:00,109.245675695202
2025-03-04 05:00:00,108.196088203757
2025-03-04 06:00:00,108.387163523689
2025-03-04 07:00:00,108.857841101703
2025-03-04 09:00:00,107.170144021773
2025-03-04 11:00:00,108.314152386718
2025-03-04 12:00:00,107.875007352861
2025-03-04 13:00:00,108.086124031233
2025-03-04 14:00:00,108.203800652099
2025-03-04 15:00:00,108.246505824729
2025-03-04 16:00:00,109.028862489626
2025-03-04 17:00:00,107.891276357527
2025-03-04 18:00:00,108.395703613599
2025-03-04 19:00:00,108.215906873489
2025-03-04 20:00:00,108.21655341719
2025-03-04 21:00:00,108.212803159829
2025-03-04 22:00:00,109.267465030559
2025-03-04 23:00:00,108.509967050457
2025-03-05 00:00:00,107.58207767258
2025-03-05 01:00:00,107.867136088847
2025-03-05 02:00:00,107.196305498639
2025-03-05 03:00:00,108.117885282638
2025-03-05 04:00:00,107.372616247369
2025-03-05 05:00:00,108.873845706696
2025-03-05 06:00:00,106.763477588083
2025-03-05 07:00:00,108.167082397577
2025-03-05 08:00:00,109.779011878944
2025-03-05 09:00:00,105.598594670906
2025-03-05 10:00:00,108.531515454415
2025-03-05 11:00:00,108.255917721534
2025-03-05 12:00:00,108.63666331697
2025-03-05 13:00:00,108.679452278332
2025-03-05 14:00:00,108.335235766049
2025-03-05 15:00:00,107.783739439529
2025-03-05 16:00:00,106.802227184414
2025-03-05 17:00:00,108.484184369918
2025-03-05 18:00:00,108.237069061136
2025-03-05 19:00:00,108.299319307979
2025-03-05 20:00:00,107.150381461834
2025-03-05 21:00:00,107.716251788719
2025-03-05 22:00:00,107.5599334252
2025-03-05 23:00:00,107.878335808887
2025-03-06 00:00:00,108.999088772996
2025-03-06 01:00:00,107.812300187715
2025-03-06 02:00:00,107.06207357106
2025-03-06 03:00:00,107.960530426861
2025-03-06 04:00:00,107.410581425061
2025-03-06 05:00:00,106.474395927309
2025-03-06 06:00:00,107.616791792041
2025-03-06 07:00:00,107.790209881899
2025-03-06 10:00:00,108.247199464064
2025-03-06 11:00:00,107.317469116498
2025-03-06 12:00:00,106.244418998099
2025-03-06 13:00:00,106.224616154028
2025-03-06 14:00:00,108.509228739277
2025-03-06 15:00:00,108.51582687145
2025-03-06 16:00:00,107.959700690327
2025-03-06 17:00:00,107.059027487396
2025-03-06 18:00:00,106.960694059329
2025-03-06 19:00:00,109.728210450008
2025-03-06 20:00:00,108.149263452509
2025-03-06 21:00:00,106.79667887747
2025-03-06 22:00:00,107.315099815132
2025-03-06 23:00:00,108.764832902724
2025-03-07 00:00:00,107.359405327997
2025-03-07 01:00:00,108.225647130373
2025-03-07 02:00:00,108.18451175252
2025-03-07 03:00:00,122.33681909393
2025-03-07 04:00:00,107.745711732059
2025-03-07 05:00:00,106.994158685539
2025-03-07 06:00:00,107.924544492403
2025-03-07 07:00:00,109.147828034636
2025-03-07 08:00:00,107.165565787956
2025-03-07 09:00:00,107.651637412933
2025-03-07 10:00:00,107.297518903827
2025-03-07 11:00:00,106.586582090276
2025-03-07 12:00:00,107.301864182516
2025-03-07 13:00:00,107.505303319432
2025-03-07 14:00:00,108.27146243895
2025-03-07 15:00:00,108.522474083879
2025-03-07 16:00:00,107.482945159112
2025-03-07 17:00:00,107.877773696136
2025-03-07 18:00:00,107.309809560293
2025-03-07 19:00:00,107.242965389165
2025-03-07 20:00:00,107.505621295114
2025-03-07 21:00:00,107.171524232421
2025-03-07 22:00:00,109.235212158122
2025-03-07 23:00:00,107.475388736407
2025-03-08 00:00:00,107.797021237517
2025-03-08 01:00:00,107.229116664477
2025-03-08 02:00:00,108.591898950089
2025-03-08 04:00:00,107.696760674554
2025-03-08 05:00:00,105.974986594172
2025-03-08 06:00:00,108.30047724413
2025-03-08 07:00:00,106.627824552452
2025-03-08 08:00:00,108.38876557891
2025-03-08 09:00:00,108.634137793893
2025-03-08 10:00:00,106.343543393672
2025-03-08 11:00:00,108.167875564024
2025-03-08 12:00:00,107.513577767209
2025-03-08 13:00:00,105.922474003658
2025-03-08 14:00:00,107.712213769697
2025-03-08 15:00:00,107.282359971853
2025-03-08 16:00:00,108.279516849445
2025-03-08 17:00:00,107.817312391117
2025-03-08 18:00:00,107.478144782425
2025-03-08 19:00:00,106.145957388228
2025-03-08 20:00:00,107.714654375289
2025-03-08 21:00:00,107.361530838421
2025-03-08 22:00:00,107.704961118009
2025-03-08 23:00:00,106.346612193389
2025-03-09 00:00:00,107.454068595449
2025-03-09 01:00:00,107.417885245172
2025-03-09 02:00:00,108.849746910632
2025-03-09 03:00:00,106.439409509649
2025-03-09 04:00:00,107.913748120493
2025-03-09 05:00:00,106.868411327361
2025-03-09 06:00:00,105.934742812382
2025-03-09 07:00:00,106.780007030809
2025-03-09 08:00:00,107.536787220122
2025-03-09 22:00:00,107.497044002753
2025-03-10 00:00:00,107.115360029195
2025-03-10 01:00:00,
2025-03-10 02:00:00,
2025-03-10 03:00:00,
2025-03-10 04:00:00,
2025-03-10 05:00:00,
2025-03-10 08:00:00,106.634439024286
2025-03-10 10:00:00,108.710360284094
2025-03-10 12:00:00,106.184206570698
2025-03-10 13:00:00,106.757747024634
2025-03-10 14:00:00,104.124538739225
2025-03-10 15:00:00,107.599669846051
2025-03-10 16:00:00,106.263103130368
2025-03-10 17:00:00,107.789569312274
2025-03-10 18:00:00,106.756556241043
2025-03-10 19:00:00,107.094716510129
2025-03-10 20:00:00,106.20865374619
2025-03-10 21:00:00,105.54473139084
2025-03-10 22:00:00,106.096697955771
2025-03-10 23:00:00,107.936416681057
2025-03-11 01:00:00,106.981156330781
2025-03-11 02:00:00,107.411236164394
2025-03-11 03:00:00,106.311472180439
2025-03-11 04:00:00,107.887629900098
2025-03-11 07:00:00,107.574441664503
2025-03-11 08:00:00,105.985251673898
2025-03-11 09:00:00,108.089973851126
2025-03-11 10:00:00,108.172914721663
2025-03-11 11:00:00,106.604862179213
2025-03-11 12:00:00,106.631455500267
2025-03-11 13:00:00,106.269720695079
2025-03-11 14:00:00,107.676551852517
2025-03-11 15:00:00,109.063250395206
2025-03-11 16:00:00,107.91483163671
2025-03-11 17:00:00,106.068867952256
2025-03-11 18:00:00,106.569601330721
2025-03-11 19:00:00,106.991936909559
2025-03-11 21:00:00,106.826394120352
2025-03-11 22:00:00,107.153689836703
2025-03-11 23:00:00,106.995060558099
2025-03-12 00:00:00,106.54181787711
2025-03-12 01:00:00,107.628105517887
2025-03-12 02:00:00,106.813445884078
2025-03-12 03:00:00,107.686267813279
2025-03-12 04:00:00,106.508041871801
2025-03-12 05:00:00,105.880552840371
2025-03-12 06:00:00,107.460794782484
2025-03-12 07:00:00,106.630204568527
2025-03-12 11:00:00,106.69566101782
2025-03-12 12:00:00,108.061610027856
2025-03-12 13:00:00,107.385158978859
2025-03-12 14:00:00,106.69475411402
2025-03-12 15:00:00,107.441270871164
2025-03-12 16:00:00,106.426476278626
2025-03-12 17:00:00,107.315713423573
2025-03-12 18:00:00,107.093530387765
2025-03-12 19:00:00,107.451366256556
2025-03-12 20:00:00,106.927512115081
2025-03-12 21:00:00,107.978549358441
2025-03-12 22:00:00,104.083965908899
2025-03-12 23:00:00,107.48516218342
2025-03-13 00:00:00,106.442513163109
2025-03-13 02:00:00,105.853817138889
2025-03-13 03:00:00,106.386686397261
2025-03-13 04:00:00,106.443153472586
2025-03-13 05:00:00,105.71747573937
2025-03-13 06:00:00,105.738434091766
2025-03-13 07:00:00,106.872459571082
2025-03-13 08:00:00,105.161364674413
2025-03-13 09:00:00,107.164998225222
2025-03-13 10:00:00,105.595946916585
2025-03-13 11:00:00,107.105993857896
2025-03-13 12:00:00,106.906530352517
2025-03-13 13:00:00,134.641647134683
2025-03-13 14:00:00,107.543049003567
2025-03-13 15:00:00,104.658674900728
2025-03-13 16:00:00,106.927065081028
2025-03-13 17:00:00,107.051407880631
2025-03-13 18:00:00,105.92936475981
2025-03-13 19:00:00,106.365133277839
2025-03-13 20:00:00,105.580977906879
2025-03-13 21:00:00,107.211107965322
2025-03-13 22:00:00,106.569210865875
2025-03-13 23:00:00,106.086692011547
2025-03-14 13:00:00,107.24839222445
2025-03-14 14:00:00,106.500274885159
2025-03-14 15:00:00,105.818543150486
2025-03-14 16:00:00,106.495551670637
2025-03-14 17:00:00,107.554306325942
2025-03-14 18:00:00,105.647742854887
2025-03-14 19:00:00,107.073005650803
2025-03-14 20:00:00,105.170165189989
2025-03-14 21:00:00,105.961990035439
2025-03-14 22:00:00,107.324326836581
2025-03-14 23:00:00,105.838460668556
2025-03-15 00:00:00,106.18296261597
2025-03-15 01:00:00,106.688208733116
2025-03-15 02:00:00,105.971205089758
2025-03-15 03:00:00,105.555438390997
2025-03-15 04:00:00,106.896874735287
2025-03-15 05:00:00,105.472634823036
2025-03-15 06:00:00,104.447186424223
2025-03-15 07:00:00,105.453073762738
2025-03-15 08:00:00,105.555930515429
2025-03-15 09:00:00,106.882512515725
2025-03-15 10:00:00,105.016920208092
2025-03-15 11:00:00,106.114714914504
2025-03-15 12:00:00,105.440405532527
2025-03-15 13:00:00,106.29387643966
2025-03-15 14:00:00,104.407647181228
2025-03-15 15:00:00,106.390219095608
2025-03-15 16:00:00,106.197040901594
2025-03-15 17:00:00,105.326728322933
2025-03-15 18:00:00,106.050077475997
2025-03-15 19:00:00,105.114165303698
2025-03-15 20:00:00,107.444186205008
2025-03-15 21:00:00,106.311699399689
2025-03-15 22:00:00,104.435694039897
2025-03-15 23:00:00,104.71224342019
2025-03-16 00:00:00,104.221561814559
2025-03-16 01:00:00,105.746792783265
2025-03-16 02:00:00,105.514258259335
2025-03-16 03:00:00,105.819237591544
2025-03-16 05:00:00,105.646847835158
2025-03-16 06:00:00,106.024448868901
2025-03-16 07:00:00,106.935341143236
2025-03-16 08:00:00,104.690420132266
2025-03-16 09:00:00,104.267901569978
2025-03-16 10:00:00,105.599206966704
2025-03-16 12:00:00,104.626899177592
2025-03-16 13:00:00,105.07184436857
2025-03-16 14:00:00,105.791978335214
2025-03-16 15:00:00,105.101975761777
2025-03-16 16:00:00,106.373602386167
2025-03-16 17:00:00,105.648723848863
2025-03-16 18:00:00,106.409714819023
2025-03-16 19:00:00,105.445878704589
2025-03-16 20:00:00,104.124174742962
2025-03-16 21:00:00,104.858085391526
2025-03-16 22:00:00,106.332391000968
2025-03-16 23:00:00,106.169699437023
2025-03-17 00:00:00,104.197895203817
2025-03-17 01:00:00,104.979028095651
2025-03-17 02:00:00,104.073741154422
2025-03-17 03:00:00,105.05595154359
2025-03-17 04:00:00,105.51125441065
2025-03-17 05:00:00,103.640194681303
2025-03-17 06:00:00,105.215505047669
2025-03-17 07:00:00,105.711312524714
2025-03-17 08:00:00,104.93620615476
2025-03-17 09:00:00,105.188581089381
2025-03-17 10:00:00,105.318402174348
2025-03-17 11:00:00,110.318111207632
2025-03-17 12:00:00,103.746703840842
2025-03-17 13:00:00,105.659786097902
2025-03-17 14:00:00,105.021138441816
2025-03-17 15:00:00,104.269556738301
2025-03-17 16:00:00,104.990654814101
2025-03-17 17:00:00,104.333265736092
2025-03-17 18:00:00,104.078535439146
2025-03-17 19:00:00,105.68922570963
2025-03-17 20:00:00,103.857782497066
2025-03-17 21:00:00,103.738212114501
2025-03-17 22:00:00,103.404170656261
2025-03-17 23:00:00,104.843223429814
2025-03-18 00:00:00,105.531318077852
2025-03-18 01:00:00,104.222439000615
2025-03-18 02:00:00,103.68186294207
2025-03-18 03:00:00,102.868632327922
2025-03-18 04:00:00,104.509175324074
2025-03-18 06:00:00,105.789323323836
2025-03-18 07:00:00,104.799580645192
2025-03-18 08:00:00,102.938325442692
2025-03-18 09:00:00,104.868378662648
2025-03-18 10:00:00,102.20574459006
2025-03-18 11:00:00,107.125054454727
2025-03-18 12:00:00,106.139538206787
2025-03-18 13:00:00,105.049138978552
2025-03-18 14:00:00,104.999929655215
2025-03-18 15:00:00,103.860004491314
2025-03-18 16:00:00,104.360520010757
2025-03-18 17:00:00,105.073202832594
2025-03-18 18:00:00,104.184698971085
2025-03-18 19:00:00,104.252188216077
2025-03-18 20:00:00,103.101969963704
2025-03-18 21:00:00,103.31182105456
2025-03-18 22:00:00,105.108917404221
2025-03-18 23:00:00,104.431319479256
2025-03-19 00:00:00,103.942576202523
2025-03-19 01:00:00,103.443461106877
2025-03-19 02:00:00,105.217791329288
2025-03-19 14:00:00,104.322368465567
2025-03-19 15:00:00,102.848154447667
2025-03-19 16:00:00,104.595291653917
2025-03-19 17:00:00,103.208032374517
2025-03-19 18:00:00,105.433652663676
2025-03-19 19:00:00,104.078712526885
2025-03-19 20:00:00,104.644479349801
2025-03-19 21:00:00,102.756628220624
2025-03-19 22:00:00,102.948843622468
2025-03-19 23:00:00,103.5592002725
2025-03-20 00:00:00,103.80613284234
2025-03-20 01:00:00,103.739919003197
2025-03-20 02:00:00,104.334529110582
2025-03-20 03:00:00,103.544654203309
2025-03-20 04:00:00,104.31032016735
2025-03-20 05:00:00,102.083545075119
2025-03-20 06:00:00,103.601298956544
2025-03-20 07:00:00,103.216233279288
2025-03-20 08:00:00,103.612612432707
2025-03-20 09:00:00,104.109059149224
2025-03-20 10:00:00,102.880849106278
2025-03-20 11:00:00,103.111626129991
2025-03-20 12:00:00,104.29906430146
2025-03-20 13:00:00,104.270079551597
2025-03-21 12:00:00,104.702934083899
2025-03-21 13:00:00,104.447816912306
2025-03-21 14:00:00,103.390379039765
2025-03-21 15:00:00,
2025-03-21 16:00:00,103.355086379447
2025-03-21 17:00:00,103.486301934154
2025-03-21 18:00:00,104.861658869921
2025-03-21 19:00:00,103.345723248278
2025-03-21 20:00:00,104.441166626681
2025-03-21 21:00:00,103.099111884145
2025-03-21 22:00:00,103.032572891613
2025-03-21 23:00:00,101.541511788697
2025-03-22 00:00:00,104.139579927666
2025-03-22 01:00:00,102.090464976531
2025-03-22 02:00:00,102.129903237973
2025-03-22 03:00:00,103.957080917657
2025-03-22 04:00:00,103.190841060725
2025-03-22 05:00:00,101.795691139428
2025-03-22 07:00:00,102.226618267271
2025-03-22 08:00:00,103.430626025948
2025-03-22 09:00:00,
2025-03-22 10:00:00,102.979938702005
2025-03-22 11:00:00,104.003114365542
2025-03-22 12:00:00,104.428673114465
2025-03-22 13:00:00,103.21268963726
2025-03-22 14:00:00,102.70915356403
2025-03-22 15:00:00,104.096670077341
2025-03-22 16:00:00,103.872288402978
2025-03-22 17:00:00,103.757560767796
2025-03-22 18:00:00,103.153615177721
2025-03-22 19:00:00,101.387650933725
2025-03-22 20:00:00,105.490752538521
2025-03-22 21:00:00,103.693364113908
2025-03-22 22:00:00,102.378386993727
2025-03-22 23:00:00,102.17415623536
2025-03-23 00:00:00,102.620635144815
2025-03-23 01:00:00,102.85979387706
2025-03-23 02:00:00,101.188285348053
2025-03-23 03:00:00,104.154402224515
2025-03-23 04:00:00,102.328448507522
2025-03-23 06:00:00,103.822214747028
2025-03-23 07:00:00,104.062795346784
2025-03-23 08:00:00,103.831945313107
2025-03-23 09:00:00,103.556254624027
2025-03-23 10:00:00,102.585902787169
2025-03-23 11:00:00,103.916516356678
2025-03-23 12:00:00,103.166512512072
2025-03-23 13:00:00,103.315910516071
2025-03-23 14:00:00,103.062075762045
2025-03-23 15:00:00,102.123030529675
2025-03-23 16:00:00,101.886467146014
2025-03-23 17:00:00,103.233928074637
2025-03-23 18:00:00,102.205321506555
2025-03-23 19:00:00,102.600516984416
2025-03-23 20:00:00,102.054877923339
2025-03-23 21:00:00,103.83171669136
2025-03-23 22:00:00,103.149586383591
2025-03-23 23:00:00,103.062511820503
2025-03-24 00:00:00,100.825503069633
2025-03-24 01:00:00,102.154351665177
2025-03-24 02:00:00,101.125861983882
2025-03-24 03:00:00,105.523478212971
2025-03-24 05:00:00,101.620804141406
2025-03-24 06:00:00,101.264884423022
2025-03-24 07:00:00,102.880223147422
2025-03-24 08:00:00,103.038598962216
2025-03-24 09:00:00,102.877480756484
2025-03-24 10:00:00,102.241715398184
2025-03-24 11:00:00,100.907045565849
2025-03-24 12:00:00,103.280827671606
2025-03-24 13:00:00,101.663907588
2025-03-24 14:00:00,103.129173615411
2025-03-24 15:00:00,101.927491410355
2025-03-24 16:00:00,102.239403406576
2025-03-24 17:00:00,101.020498228959
2025-03-24 18:00:00,101.945570126996
2025-03-24 19:00:00,103.043021728531
2025-03-24 20:00:00,102.359729506587
2025-03-24 21:00:00,101.434111756925
2025-03-24 22:00:00,103.232171673456
2025-03-24 23:00:00,102.40435448918
2025-03-25 00:00:00,103.955459086818
2025-03-25 01:00:00,103.192423665058
2025-03-25 02:00:00,103.85316676219
2025-03-25 03:00:00,101.508234001293
2025-03-25 04:00:00,102.543170884833
2025-03-25 05:00:00,101.813139014049
2025-03-25 06:00:00,101.376404867523
2025-03-25 07:00:00,102.924679241019
2025-03-25 08:00:00,103.853018854972
2025-03-25 09:00:00,101.095693768775
2025-03-25 10:00:00,103.266248512364
2025-03-25 11:00:00,102.035544532598
2025-03-25 12:00:00,102.772592701413
2025-03-25 13:00:00,102.633881738347
2025-03-25 14:00:00,103.334509067428
2025-03-25 15:00:00,101.69320404872
2025-03-25 16:00:00,103.901885984092
2025-03-25 17:00:00,102.385330011614
2025-03-25 18:00:00,101.972857372814
2025-03-25 19:00:00,119.693679188431
2025-03-25 20:00:00,103.62612250131
2025-03-26 08:00:00,101.076200314234
2025-03-26 09:00:00,102.544908341817
2025-03-26 10:00:00,101.924990831759
2025-03-26 11:00:00,103.91954348206
2025-03-26 12:00:00,102.032469549336
2025-03-26 13:00:00,101.911177356793
2025-03-26 14:00:00,102.091893454717
2025-03-26 15:00:00,101.612104016731
2025-03-26 16:00:00,102.360666647695
2025-03-26 17:00:00,102.916737026379
2025-03-26 18:00:00,101.783741827775
2025-03-26 19:00:00,102.463991826361
2025-03-26 20:00:00,103.512763809976
2025-03-26 21:00:00,101.69105586608
2025-03-26 22:00:00,102.103012589128
2025-03-26 23:00:00,103.743809460137
2025-03-27 00:00:00,101.868137644345
2025-03-27 01:00:00,102.501136259282
2025-03-27 02:00:00,104.45625051456
2025-03-27 03:00:00,101.972111493732
2025-03-27 04:00:00,102.167630605723
2025-03-27 05:00:00,101.387320194259
2025-03-27 06:00:00,104.17227821618
2025-03-27 07:00:00,100.801542527421
2025-03-27 08:00:00,103.177090084306
2025-03-27 09:00:00,100.635073458208
2025-03-27 10:00:00,100.73106222903
2025-03-27 11:00:00,101.527171527287
2025-03-27 12:00:00,101.699411299536
2025-03-27 13:00:00,100.425907182557
2025-03-27 14:00:00,102.477803277942
2025-03-27 15:00:00,102.252200974699
2025-03-27 16:00:00,100.756220838313
2025-03-27 17:00:00,101.36991089964
2025-03-27 18:00:00,101.591407039922
2025-03-27 19:00:00,101.844426001755
2025-03-27 20:00:00,101.700516997973
2025-03-27 21:00:00,100.992664334289
2025-03-27 22:00:00,101.986522118228
2025-03-27 23:00:00,100.721063608788
2025-03-28 00:00:00,101.541688369699
2025-03-28 01:00:00,101.137758892701
2025-03-28 02:00:00,102.473820995448
2025-03-28 04:00:00,101.806813737242
2025-03-28 05:00:00,99.7817459123984
2025-03-28 06:00:00,100.856656981438
2025-03-28 07:00:00,102.243785440471
2025-03-28 08:00:00,101.656945555672
2025-03-28 09:00:00,101.581104963279
2025-03-28 10:00:00,101.083646480537
2025-03-28 11:00:00,102.585089560538
2025-03-28 12:00:00,100.889944449934
2025-03-28 13:00:00,103.116064351718
2025-03-28 14:00:00,102.48784678223
2025-03-28 15:00:00,102.592026490506
2025-03-28 16:00:00,101.02634030599
2025-03-28 17:00:00,101.281944592756
2025-03-28 18:00:00,102.662480452706
2025-03-28 19:00:00,102.083194098266
2025-03-28 20:00:00,102.77871524188
2025-03-28 21:00:00,100.169840533994
2025-03-28 22:00:00,102.564764891425
2025-03-28 23:00:00,100.079994853344
2025-03-29 00:00:00,100.010719090819
2025-03-29 01:00:00,101.686421131297
2025-03-29 02:00:00,101.825406132353
2025-03-29 03:00:00,99.4757149063873
2025-03-29 04:00:00,101.07205800672
2025-03-29 05:00:00,99.3519326397509
2025-03-29 06:00:00,100.544985276022
2025-03-29 07:00:00,100.312090653997
2025-03-29 08:00:00,100.287923357604
2025-03-29 09:00:00,99.4832348859154
2025-03-29 15:00:00,100.651623118532
2025-03-29 16:00:00,102.635997185232
2025-03-29 17:00:00,102.653336703854
2025-03-29 18:00:00,102.064592288896
2025-03-29 19:00:00,101.418665149055
2025-03-29 20:00:00,100.911154585234
2025-03-29 21:00:00,101.92703243957
2025-03-29 22:00:00,101.153296190957
2025-03-29 23:00:00,100.112102606643
2025-03-30 00:00:00,99.842094948401
2025-03-30 01:00:00,101.459375945681
2025-03-30 02:00:00,101.683509222802
2025-03-30 03:00:00,100.556648930408
2025-03-30 05:00:00,101.210888345048
2025-03-30 06:00:00,100.091356867047
2025-03-30 07:00:00,100.956551379919
2025-03-30 08:00:00,100.40445806837
2025-03-30 09:00:00,99.9222633162182
2025-03-30 10:00:00,100.029226090385
2025-03-30 11:00:00,100.884801690979
2025-03-30 12:00:00,100.623733550297
2025-03-30 13:00:00,102.050610154782
2025-03-30 14:00:00,100.156986235908
2025-03-30 15:00:00,100.584004809707
2025-03-30 16:00:00,100.734784872304
2025-03-30 17:00:00,100.176597442392
2025-03-30 18:00:00,100.412161562252
2025-03-30 19:00:00,100.33597874521
2025-03-30 20:00:00,100.635758793132
2025-03-30 21:00:00,99.775941604191
2025-03-30 22:00:00,98.2982747645747
2025-03-30 23:00:00,99.0330940421841
2025-03-31 00:00:00,100.174073430227
2025-03-31 01:00:00,100.719767809932
2025-03-31 02:00:00,100.818919658334
2025-03-31 03:00:00,100.986243361261
2025-03-31 04:00:00,99.9600581297128
2025-03-31 05:00:00,85.2588863843871
2025-03-31 06:00:00,99.990733830807
2025-03-31 07:00:00,101.021229284655
2025-03-31 08:00:00,102.412671723881
2025-03-31 09:00:00,100.464842012292
2025-03-31 10:00:00,100.410277935044
2025-03-31 11:00:00,101.759662766339
2025-03-31 12:00:00,100.712159792611
2025-03-31 13:00:00,100.733845169632
2025-03-31 14:00:00,101.829716054369
2025-03-31 15:00:00,98.9292964982166
2025-03-31 16:00:00,101.032374678473
2025-03-31 17:00:00,100.675284669399
2025-03-31 18:00:00,99.4024649804926
2025-03-31 19:00:00,100.201764523229
2025-03-31 20:00:00,99.9420394609055
2025-03-31 21:00:00,99.8604648057646
2025-03-31 22:00:00,99.9568928594217
2025-03-31 23:00:00,102.242466885349
2025-04-01 00:00:00,100.782385358885
2025-04-01 01:00:00,100.672330350941
2025-04-01 02:00:00,100.012239161712
2025-04-01 03:00:00,100.057835802531
2025-04-01 12:00:00,100.314757696751
2025-04-01 13:00:00,100.612618827952
2025-04-01 14:00:00,100.412319932653
2025-04-01 15:00:00,100.310996578533
2025-04-01 16:00:00,100.080729923623
2025-04-01 17:00:00,100.309909212808
2025-04-01 18:00:00,100.371648281366
2025-04-01 19:00:00,100.569937120803
2025-04-01 20:00:00,100.41862728973
2025-04-01 21:00:00,100.438778534387
2025-04-01 22:00:00,99.9208728069757
2025-04-01 23:00:00,100.088381341389
2025-04-02 00:00:00,100.617331594074
2025-04-02 01:00:00,99.7957569332581
2025-04-02 02:00:00,100.165543692704
2025-04-02 03:00:00,100.304721270091
2025-04-02 04:00:00,100.277990034824
2025-04-02 05:00:00,100.387803152675
2025-04-02 06:00:00,100.440624931455
2025-04-02 07:00:00,99.7649172043589
2025-04-02 08:00:00,100.032045689743
2025-04-02 09:00:00,100.474915317769
2025-04-02 10:00:00,99.9814189412126
2025-04-02 11:00:00,100.000275650549
2025-04-02 12:00:00,100.086578671589
2025-04-02 13:00:00,100.392222406939
2025-04-02 14:00:00,100.396727132
2025-04-02 15:00:00,99.9930724673605
2025-04-02 16:00:00,100.316683805699
2025-04-02 17:00:00,100.228740874857
2025-04-02 18:00:00,100.42269114078
2025-04-02 19:00:00,99.9584373993261
2025-04-02 20:00:00,100.488737391362
2025-04-02 21:00:00,100.089659991108
2025-04-02 22:00:00,100.601582673703
2025-04-02 23:00:00,99.7902229660367
2025-04-03 00:00:00,99.9155396727825
2025-04-03 02:00:00,99.8526172728297
2025-04-03 03:00:00,100.470445468056
2025-04-03 04:00:00,100.392007357992
2025-04-03 05:00:00,100.060190189892
2025-04-03 06:00:00,99.9335292907194
2025-04-03 07:00:00,99.735272737975
2025-04-03 08:00:00,99.804845767997
2025-04-03 09:00:00,99.9771338975114
2025-04-03 10:00:00,99.9020156093629
2025-04-03 11:00:00,100.637697018048
2025-04-03 12:00:00,99.9507053523599
2025-04-03 13:00:00,100.07018040149
2025-04-03 14:00:00,100.295066579787
2025-04-03 15:00:00,99.454784867357
2025-04-03 16:00:00,99.714749119238
2025-04-03 17:00:00,99.9392537113911
2025-04-03 18:00:00,99.6557006232456
2025-04-03 19:00:00,99.2138898582987
2025-04-03 20:00:00,99.5122064251644
2025-04-03 21:00:00,99.9144576631019
2025-04-03 22:00:00,99.4921167407509
2025-04-03 23:00:00,100.156723745823
2025-04-04 00:00:00,99.7365131500756
2025-04-04 01:00:00,99.6984965836074
2025-04-04 02:00:00,100.020187040422
2025-04-04 03:00:00,100.213004566554
2025-04-04 04:00:00,99.3062030270717
2025-04-04 05:00:00,99.9542973253658
2025-04-04 06:00:00,99.381278492617
2025-04-04 07:00:00,99.3346608863077
2025-04-04 08:00:00,99.3099260818248
2025-04-04 09:00:00,99.2174080895894
2025-04-04 10:00:00,99.7387886763364
2025-04-04 11:00:00,99.3703150430956
2025-04-04 12:00:00,98.5685400402024
2025-04-04 13:00:00,99.4331336306784
2025-04-04 14:00:00,99.6910893727648
2025-04-04 15:00:00,99.1361784883894
2025-04-04 16:00:00,99.5535493956921
2025-04-04 17:00:00,99.7595013635089
2025-04-04 18:00:00,99.7018740828974
2025-04-04 19:00:00,99.3399042109858
2025-04-04 20:00:00,99.4741993006382
2025-04-04 21:00:00,99.6681781158488
2025-04-04 22:00:00,99.5678495536137
2025-04-04 23:00:00,99.5972476488086
2025-04-05 00:00:00,99.146198119771
2025-04-05 01:00:00,99.1171058562717
2025-04-05 02:00:00,99.7260177646239
2025-04-05 03:00:00,98.7565081903576
2025-04-05 04:00:00,99.5546685466741
2025-04-05 05:00:00,98.9116373389428
2025-04-05 06:00:00,99.2978040237796
2025-04-05 07:00:00,99.372901601215
2025-04-05 08:00:00,99.0669786558329
2025-04-05 09:00:00,99.1712231515352
2025-04-05 10:00:00,99.192812912319
2025-04-05 11:00:00,99.1735710057554
2025-04-05 12:00:00,99.2442408454098
2025-04-05 13:00:00,99.3074403064337
2025-04-05 14:00:00,98.951951040351
2025-04-05 15:00:00,99.2217929287895
2025-04-05 16:00:00,99.7473406848056
2025-04-05 17:00:00,99.2032962485728
2025-04-05 18:00:00,98.3581977357484
2025-04-05 19:00:00,98.3517029515756
2025-04-05 20:00:00,99.3519084031637
2025-04-05 21:00:00,99.554912077643
2025-04-05 22:00:00,99.4638593417174
2025-04-05 23:00:00,99.3402145208786
2025-04-06 00:00:00,99.1119609422148
2025-04-06 01:00:00,72.0295211328453
2025-04-06 02:00:00,98.7669667939823
2025-04-06 03:00:00,98.9685153677745
2025-04-06 04:00:00,98.5744637459127
2025-04-06 05:00:00,99.0566757235291
2025-04-06 06:00:00,99.4692151104128
2025-04-06 07:00:00,98.8886377303021
2025-04-06 08:00:00,98.228720784033
2025-04-06 09:00:00,98.6676146133797
2025-04-06 10:00:00,98.4577132650855
2025-04-06 11:00:00,98.9495461198378
2025-04-06 12:00:00,99.0837474689205
2025-04-06 13:00:00,98.8274731096748
2025-04-06 14:00:00,99.0000191590598
2025-04-06 15:00:00,99.088730941719
2025-04-06 16:00:00,99.016901696272
2025-04-06 17:00:00,98.4869231878519
2025-04-06 18:00:00,98.974937077887
2025-04-06 19:00:00,98.801105969695
2025-04-06 20:00:00,98.4599055625158
2025-04-06 21:00:00,98.9281073756368
2025-04-06 22:00:00,98.6677326681418
2025-04-06 23:00:00,99.1975418850473
2025-04-07 00:00:00,98.138691397071
2025-04-07 01:00:00,98.8665436675526
2025-04-07 02:00:00,98.6271828219581
2025-04-07 03:00:00,78.8739665215986
2025-04-07 04:00:00,98.9322831150372
2025-04-07 06:00:00,98.5042709049312
2025-04-09 12:00:00,97.9789114913117
2025-04-09 13:00:00,98.4240544883802
2025-04-09 14:00:00,98.1421127388205
2025-04-09 15:00:00,98.6012936433719
2025-04-09 16:00:00,98.4604465489876
2025-04-09 17:00:00,98.545853914209
2025-04-09 18:00:00,97.8802327770792
2025-04-09 19:00:00,98.2683708642721
2025-04-09 20:00:00,98.5179107218536
2025-04-09 21:00:00,98.9655829623482
2025-04-09 22:00:00,98.3642397683769
2025-04-09 23:00:00,97.0137025184352
2025-04-10 00:00:00,98.0910889503934
2025-04-10 03:00:00,97.4712618368444
2025-04-10 04:00:00,97.7166492480085
2025-04-10 05:00:00,98.4851472585509
2025-04-10 06:00:00,97.5323048355641
2025-04-10 07:00:00,97.8288505581121
2025-04-10 08:00:00,98.2063535903358
2025-04-10 09:00:00,97.5259445724555
2025-04-10 10:00:00,97.6865711066148
2025-04-10 11:00:00,97.686484683449
2025-04-10 12:00:00,97.5436483014761
2025-04-10 13:00:00,98.4041756032484
2025-04-10 14:00:00,97.8738448882612
2025-04-10 15:00:00,97.7382382724765
2025-04-10 16:00:00,98.2016925216189
2025-04-10 17:00:00,98.4905290942152
2025-04-10 18:00:00,98.1605822994516
2025-04-10 19:00:00,97.994061902934
2025-04-10 20:00:00,98.4941424915827
2025-04-10 21:00:00,97.8888646506999
2025-04-10 22:00:00,97.5148995054061
2025-04-10 23:00:00,98.30326659507
2025-04-11 00:00:00,97.361300087407
2025-04-11 01:00:00,97.6605990975668
2025-04-11 02:00:00,97.5328265876123
2025-04-11 03:00:00,97.6814086369068
2025-04-11 05:00:00,97.5569904232963
2025-04-11 06:00:00,97.8568754567098
2025-04-11 07:00:00,97.6899712172307
2025-04-11 08:00:00,97.784543045902
2025-04-11 09:00:00,97.8378402850215
2025-04-11 10:00:00,97.9238641577947
2025-04-11 11:00:00,97.7251925285974
2025-04-11 12:00:00,97.8852818968995
2025-04-11 13:00:00,97.4893697781874
2025-04-11 14:00:00,93.5627410130353
2025-04-11 15:00:00,78.3192183120682
2025-04-11 16:00:00,97.7705935225314
2025-04-11 17:00:00,97.8833748315308
2025-04-11 18:00:00,98.0261861170035
2025-04-11 19:00:00,97.9697448657566
2025-04-11 20:00:00,97.5136119082007
2025-04-11 21:00:00,97.6442941115934
2025-04-11 22:00:00,98.0587301577709
2025-04-11 23:00:00,97.9292049820542
2025-04-12 00:00:00,97.9867767166177
2025-04-12 01:00:00,97.1444716431188
2025-04-12 02:00:00,96.8442756278478
2025-04-12 03:00:00,97.1875423947421
2025-04-12 04:00:00,97.6597403458377
2025-04-12 05:00:00,97.7341764876911
2025-04-12 06:00:00,97.4653898070843
2025-04-12 07:00:00,126.126524240436
2025-04-12 08:00:00,97.9250270393839
2025-04-12 09:00:00,97.8497554393821
2025-04-12 10:00:00,96.8543968737764
2025-04-12 11:00:00,97.6275518723926
2025-04-12 12:00:00,97.3640828058618
2025-04-12 13:00:00,97.3326327096323
2025-04-12 14:00:00,97.1945135802344
2025-04-12 15:00:00,97.4524791008174
2025-04-12 16:00:00,97.7474732520383
2025-04-12 17:00:00,96.8579560128955
2025-04-12 18:00:00,97.5313465634248
2025-04-12 20:00:00,97.5619630707534
2025-04-13 09:00:00,96.7644392355224
2025-04-13 10:00:00,97.2571066041175
2025-04-13 11:00:00,97.3988191369586
2025-04-13 12:00:00,97.1792546567569
2025-04-13 13:00:00,97.3038752378184
2025-04-13 14:00:00,97.3462023249138
2025-04-13 15:00:00,97.0670132479829
2025-04-13 16:00:00,97.0383957550815
2025-04-13 17:00:00,97.5041985228055
2025-04-13 18:00:00,96.7005522850711
2025-04-13 19:00:00,97.2288680654274
2025-04-13 20:00:00,97.1369292945907
2025-04-13 21:00:00,96.8953060465813
2025-04-13 22:00:00,97.395113298547
2025-04-13 23:00:00,96.5795819268494
2025-04-14 00:00:00,97.2124140851043
2025-04-14 01:00:00,96.4885864846225
2025-04-14 02:00:00,96.8770532986908
2025-04-14 03:00:00,97.4427390819543
2025-04-14 04:00:00,97.0801291259174
2025-04-14 05:00:00,96.6614850732414
2025-04-14 06:00:00,96.9999104372191
2025-04-14 07:00:00,96.9024755645691
2025-04-14 08:00:00,97.3662224562947
2025-04-14 09:00:00,97.2235330994854
2025-04-14 10:00:00,97.1522045670651
2025-04-14 11:00:00,96.5091379985226
2025-04-14 12:00:00,96.7940446953306
2025-04-14 13:00:00,97.0209966343794
2025-04-14 14:00:00,97.1990904201247
2025-04-14 15:00:00,96.7399086944106
2025-04-14 16:00:00,97.1689757655873
2025-04-14 17:00:00,96.9634353540055
2025-04-14 18:00:00,96.882186334491
2025-04-14 19:00:00,97.81263469128
2025-04-14 20:00:00,96.6785869138157
2025-04-14 21:00:00,96.8264493429691
2025-04-14 22:00:00,97.3242620919821
2025-04-14 23:00:00,97.1924791441173
2025-04-15 00:00:00,
2025-04-15 01:00:00,
2025-04-15 02:00:00,
2025-04-15 03:00:00,
2025-04-15 05:00:00,
2025-04-15 06:00:00,
2025-04-15 07:00:00,
2025-04-15 08:00:00,
2025-04-15 10:00:00,
2025-04-15 11:00:00,
2025-04-15 12:00:00,
2025-04-15 13:00:00,
2025-04-15 14:00:00,
2025-04-15 15:00:00,
2025-04-15 16:00:00,
2025-04-15 17:00:00,
2025-04-15 18:00:00,
2025-04-15 19:00:00,
2025-04-15 20:00:00,
2025-04-15 21:00:00,
2025-04-15 22:00:00,
2025-04-15 23:00:00,
2025-04-16 00:00:00,
2025-04-16 01:00:00,96.1965957945465
2025-04-16 02:00:00,75.4784228065988
2025-04-16 03:00:00,103.641186669417
2025-04-16 04:00:00,103.648407498165
2025-04-16 05:00:00,103.761829500334
2025-04-16 06:00:00,103.54171497325
2025-04-16 07:00:00,104.128875896034
2025-04-16 08:00:00,103.999914587589
2025-04-16 09:00:00,103.774239570521
2025-04-16 10:00:00,103.8157298005
2025-04-16 11:00:00,104.073912469042
2025-04-16 12:00:00,103.702142734646
2025-04-16 13:00:00,103.58948276092
2025-04-16 14:00:00,103.569262617195
2025-04-16 15:00:00,103.66295079601
2025-04-16 16:00:00,103.711443183227
2025-04-16 17:00:00,103.641608183517
2025-04-16 18:00:00,103.776175237349
2025-04-16 19:00:00,103.46197568665
2025-04-16 20:00:00,103.718133324621
2025-04-16 21:00:00,103.729117844296
2025-04-16 22:00:00,103.807528842536
2025-04-16 23:00:00,104.051838474232
2025-04-17 12:00:00,103.668118038532
2025-04-17 13:00:00,103.743492849573
2025-04-17 14:00:00,103.849587485472
2025-04-17 15:00:00,103.636916568074
2025-04-17 16:00:00,103.485445321703
2025-04-17 17:00:00,103.78751155619
2025-04-17 18:00:00,103.480588566658
2025-04-17 19:00:00,103.468082495349
2025-04-17 20:00:00,103.674123582225
2025-04-17 21:00:00,103.856411716661
2025-04-17 22:00:00,103.860739440858
2025-04-17 23:00:00,103.398942106795
2025-04-18 00:00:00,103.19492077973
2025-04-18 01:00:00,103.290097038602
2025-04-18 02:00:00,103.20519561421
2025-04-18 03:00:00,103.560284009941
2025-04-18 04:00:00,102.894013084449
2025-04-18 05:00:00,103.457922608547
2025-04-18 06:00:00,103.335978027721
2025-04-18 07:00:00,103.305103860177
2025-04-18 08:00:00,103.350973368852
2025-04-18 09:00:00,103.101988656084
2025-04-18 10:00:00,103.566494271301
2025-04-18 11:00:00,103.215434992573
2025-04-18 12:00:00,103.340913521749
2025-04-18 13:00:00,103.485263728788
2025-04-18 14:00:00,103.09707839971
2025-04-18 15:00:00,103.428089567881
2025-04-18 16:00:00,103.212181824364
2025-04-18 17:00:00,103.340047480215
2025-04-18 18:00:00,103.457792682381
2025-04-18 19:00:00,103.185314664969
2025-04-18 20:00:00,103.416413035985
2025-04-18 21:00:00,103.506753774274
2025-04-18 22:00:00,103.360897755817
2025-04-18 23:00:00,103.373764854794
2025-04-19 00:00:00,103.248489632175
2025-04-19 12:00:00,103.827187895276
2025-04-19 13:00:00,102.687351399591
2025-04-19 14:00:00,103.068050261216
2025-04-19 15:00:00,103.644375195911
2025-04-19 16:00:00,102.96133805209
2025-04-19 17:00:00,103.290057425479
2025-04-19 18:00:00,103.054554648774
2025-04-19 19:00:00,103.019578452998
2025-04-19 20:00:00,103.80502304853
2025-04-19 21:00:00,102.769875911779
2025-04-19 22:00:00,103.621210622916
2025-04-19 23:00:00,102.438478170885
2025-04-20 00:00:00,103.328612649129
2025-04-20 01:00:00,103.186948829819
2025-04-20 02:00:00,103.07354597632
2025-04-20 03:00:00,102.233360379416
2025-04-20 04:00:00,102.27246025597
2025-04-20 05:00:00,103.059040029526
2025-04-20 06:00:00,102.000426781378
2025-04-20 07:00:00,102.872421385308
2025-04-20 08:00:00,102.819781553804
2025-04-20 09:00:00,103.068204772208
2025-04-20 10:00:00,102.907264770171
2025-04-20 11:00:00,102.534506781015
2025-04-20 12:00:00,103.010371743167
2025-04-20 13:00:00,103.207505565584
2025-04-20 14:00:00,103.011095723407
2025-04-20 15:00:00,103.276451163723
2025-04-20 16:00:00,103.202881825381
2025-04-20 17:00:00,102.451269124757
2025-04-20 18:00:00,102.785270488272
2025-04-20 19:00:00,102.904357256903
2025-04-20 20:00:00,102.818147717254
2025-04-20 21:00:00,103.322729520049
2025-04-20 22:00:00,102.37363036901
2025-04-20 23:00:00,103.385504303377
2025-04-21 00:00:00,102.801725300591
2025-04-21 01:00:00,102.780617145263
2025-04-21 02:00:00,102.784798108057
2025-04-21 03:00:00,102.971638294728
2025-04-21 04:00:00,102.443497600698
2025-04-21 05:00:00,102.775419692571
2025-04-21 06:00:00,103.145817818333
2025-04-21 07:00:00,102.611663874641
2025-04-21 08:00:00,102.653448587419
2025-04-21 09:00:00,102.410151538478
2025-04-21 10:00:00,102.893792768334
2025-04-21 11:00:00,103.127287460636
2025-04-21 12:00:00,102.518685825862
2025-04-21 13:00:00,102.548457149751
2025-04-21 14:00:00,102.603803680909
2025-04-21 15:00:00,102.759676883623
2025-04-21 16:00:00,102.005937479445
2025-04-21 17:00:00,103.021992020276
2025-04-21 18:00:00,102.729195818756
2025-04-21 19:00:00,102.599846996198
2025-04-21 20:00:00,102.630462454463
2025-04-21 21:00:00,102.27685708785
2025-04-21 22:00:00,102.961106293303
2025-04-21 23:00:00,102.969251176866
2025-04-22 00:00:00,102.314792068034
2025-04-22 01:00:00,102.084125980897
2025-04-22 02:00:00,102.258476985069
2025-04-22 03:00:00,102.20534919098
2025-04-22 04:00:00,102.303411236398
2025-04-22 05:00:00,102.228150383579
2025-04-22 06:00:00,102.216604678833
2025-04-22 07:00:00,102.066915791003
2025-04-22 08:00:00,102.861239514317
2025-04-22 15:00:00,102.15837204582
2025-04-22 16:00:00,102.113668725642
2025-04-22 17:00:00,102.296297834284
2025-04-22 18:00:00,101.96467811279
2025-04-22 19:00:00,101.717313132352
2025-04-22 20:00:00,102.078078820656
2025-04-22 21:00:00,102.316864107686
2025-04-22 22:00:00,102.393269309145
2025-04-22 23:00:00,102.373091377738
2025-04-23 00:00:00,101.840958699922
2025-04-23 01:00:00,102.250421637148
2025-04-23 02:00:00,101.516756031468
2025-04-23 03:00:00,102.039848505371
2025-04-23 04:00:00,101.939473926729
2025-04-23 05:00:00,102.207378499797
2025-04-23 06:00:00,102.005009071377
2025-04-23 09:00:00,102.292900399394
2025-04-23 10:00:00,101.660058145754
2025-04-23 11:00:00,102.152576212476
2025-04-23 12:00:00,101.848285649961
2025-04-23 13:00:00,101.805626588739
2025-04-23 14:00:00,102.005888308709
2025-04-23 15:00:00,101.269701089415
2025-04-23 16:00:00,101.772306307884
2025-04-23 17:00:00,102.048422144901
2025-04-23 18:00:00,101.554651368897
2025-04-23 19:00:00,102.435811298582
2025-04-23 20:00:00,101.604777707243
2025-04-23 21:00:00,101.817330400927
2025-04-23 22:00:00,101.727313847674
2025-04-23 23:00:00,102.310334384726
2025-04-24 00:00:00,101.552392568702
2025-04-24 01:00:00,101.615792394213
2025-04-24 02:00:00,101.713364037015
2025-04-24 03:00:00,101.655280444583
2025-04-24 04:00:00,101.738676422687
2025-04-24 05:00:00,101.978909915956
2025-04-24 06:00:00,101.273453557732
2025-04-24 07:00:00,101.721268504093
2025-04-24 08:00:00,101.865709413264
2025-04-24 09:00:00,101.387294760413
2025-04-24 10:00:00,102.025855395602
2025-04-24 11:00:00,101.478512467859
2025-04-24 12:00:00,101.61788529774
2025-04-24 13:00:00,101.800263447798
2025-04-24 14:00:00,101.687123961883
2025-04-24 15:00:00,101.67379070934
2025-04-24 16:00:00,101.924138040954
2025-04-24 17:00:00,101.75001722251
2025-04-24 18:00:00,101.709986055243
2025-04-24 19:00:00,102.069761660658
2025-04-24 21:00:00,102.130613694335
2025-04-25 08:00:00,100.907046974742
2025-04-25 09:00:00,101.456752401887
2025-04-25 10:00:00,101.338363427632
2025-04-25 11:00:00,101.649187630354
2025-04-25 12:00:00,100.76834038599
2025-04-25 13:00:00,101.62671582247
2025-04-25 14:00:00,100.880198285833
2025-04-25 15:00:00,101.982118281581
2025-04-25 16:00:00,101.503664704065
2025-04-25 17:00:00,101.208104371216
2025-04-25 18:00:00,101.163710715886
2025-04-25 19:00:00,101.403317054302
2025-04-25 20:00:00,100.470549546487
2025-04-25 21:00:00,101.300753254015
2025-04-25 22:00:00,100.971376989816
2025-04-25 23:00:00,101.735059164792
2025-04-26 00:00:00,101.233959362769
2025-04-26 01:00:00,100.782893969453
2025-04-26 02:00:00,101.058236156618
2025-04-26 03:00:00,100.608909093949
2025-04-26 04:00:00,100.832645029652
2025-04-26 05:00:00,101.152138946262
2025-04-26 06:00:00,100.883412553048
2025-04-26 07:00:00,101.071330161126
2025-04-26 08:00:00,100.682113976267
2025-04-26 09:00:00,101.002668226134
2025-04-26 11:00:00,101.458192707173
2025-04-26 12:00:00,100.477025569922
2025-04-26 13:00:00,100.74005493532
2025-04-26 14:00:00,101.318565317618
2025-04-26 15:00:00,101.162008702609
2025-04-26 16:00:00,100.982155403297
2025-04-26 17:00:00,100.901439059761
2025-04-26 18:00:00,101.152906874332
2025-04-26 19:00:00,100.619157831692
2025-04-26 20:00:00,101.333913452407
2025-04-26 21:00:00,100.839463570939
2025-04-26 22:00:00,101.455159197117
2025-04-26 23:00:00,100.276081056601
2025-04-27 00:00:00,101.047677867136
2025-04-27 01:00:00,100.762643008914
2025-04-27 02:00:00,100.635883677185
2025-04-27 03:00:00,100.842600847816
2025-04-27 04:00:00,101.051447569656
2025-04-27 05:00:00,100.745163007434
2025-04-27 06:00:00,101.052369630313
2025-04-27 07:00:00,101.357753052449
2025-04-27 08:00:00,101.104488299775
2025-04-27 09:00:00,100.466439601761
2025-04-27 10:00:00,100.69780731097
2025-04-27 11:00:00,100.350599544011
2025-04-27 12:00:00,100.554530177164
2025-04-27 13:00:00,100.448328277179
2025-04-27 14:00:00,
2025-04-27 15:00:00,100.425529083705
2025-04-27 16:00:00,100.505407928444
2025-04-27 17:00:00,100.87299826726
2025-04-27 18:00:00,101.101748850198
2025-04-27 19:00:00,100.869021511424
2025-04-27 20:00:00,101.213150380926
2025-04-27 21:00:00,100.699778507573
2025-04-27 22:00:00,101.078858038322
2025-04-27 23:00:00,100.808104536623
2025-04-28 00:00:00,100.012633146298
2025-04-28 01:00:00,100.280152544829
2025-04-28 02:00:00,100.262531958668
2025-04-28 03:00:00,108.679235249584
2025-04-28 04:00:00,100.270678374849
2025-04-28 05:00:00,100.38641690257
2025-04-28 06:00:00,99.7714748009465
2025-04-28 07:00:00,100.519122158755
2025-04-28 08:00:00,100.113608028348
2025-04-28 09:00:00,100.833222254879
2025-04-28 21:00:00,100.560664231951
2025-04-28 22:00:00,100.002412032804
2025-04-28 23:00:00,100.582807300759
2025-04-29 00:00:00,99.4245937975825
2025-04-29 01:00:00,99.6988630100665
2025-04-29 02:00:00,100.18286723057
2025-04-29 03:00:00,100.19382205501
2025-04-29 04:00:00,99.4197731441073
2025-04-29 06:00:00,99.811346469094
2025-04-29 07:00:00,99.3795899675601
2025-04-29 08:00:00,100.44209901747
2025-04-29 09:00:00,99.5000903708726
2025-04-29 10:00:00,99.5768588495006
2025-04-29 11:00:00,100.509798694078
2025-04-29 12:00:00,99.3451555612815
2025-04-29 13:00:00,99.6625308472562
2025-04-29 14:00:00,100.240981815281
2025-04-29 15:00:00,100.074266056804
2025-04-29 16:00:00,99.8663249814337
2025-04-29 17:00:00,99.6793947182432
2025-04-29 18:00:00,100.202832592885
2025-04-29 19:00:00,99.6343367057414
2025-04-29 20:00:00,99.2608023077103
2025-04-29 21:00:00,100.186055018721
2025-04-29 22:00:00,100.041648339219
2025-04-29 23:00:00,99.9239361099626
2025-04-30 00:00:00,99.7111131501464
2025-04-30 01:00:00,99.8950340075841
2025-04-30 02:00:00,99.899900494405
2025-04-30 03:00:00,99.5444411820541
2025-04-30 04:00:00,99.7618423145419
2025-04-30 05:00:00,99.948130897905
2025-04-30 06:00:00,99.4312481851234
2025-04-30 07:00:00,100.167182184496
2025-04-30 08:00:00,99.263164545457
2025-04-30 09:00:00,99.8043884474766
2025-04-30 10:00:00,99.6976619907387
2025-04-30 11:00:00,99.6443351790386
2025-04-30 12:00:00,99.9133080752327
2025-04-30 13:00:00,100.182001665338
2025-04-30 14:00:00,99.5587230637812
2025-04-30 15:00:00,99.7179573535034
2025-04-30 16:00:00,100.025936279423
2025-04-30 17:00:00,99.7238933429191
2025-04-30 18:00:00,99.3171567022099
2025-04-30 19:00:00,99.8093345624788
2025-04-30 20:00:00,99.3292561813103
2025-04-30 21:00:00,99.6967130693099
2025-04-30 22:00:00,99.4673245083336
2025-04-30 23:00:00,99.7526667515836
2025-05-01 00:00:00,99.2031992945473
2025-05-01 01:00:00,97.5799193686599
2025-05-01 02:00:00,98.8128710084862
2025-05-01 03:00:00,97.9555749743325
2025-05-01 04:00:00,98.4076465220419
2025-05-01 06:00:00,100.515163004771
2025-05-01 07:00:00,98.0028993176404
2025-05-01 08:00:00,98.4716761312632
2025-05-01 09:00:00,99.2506382811157
2025-05-01 10:00:00,100.450451372247
2025-05-01 11:00:00,99.2722081014692
2025-05-01 12:00:00,100.314793476076
2025-05-01 13:00:00,99.0970271504713
2025-05-01 14:00:00,101.33739391559
2025-05-01 15:00:00,99.9802584621597
2025-05-01 16:00:00,98.9437745327119
2025-05-01 17:00:00,100.929558028152
2025-05-01 18:00:00,100.546271220148
2025-05-01 19:00:00,
2025-05-01 20:00:00,
2025-05-01 21:00:00,
2025-05-01 22:00:00,
2025-05-01 23:00:00,98.3983502606258
2025-05-02 00:00:00,96.8905526977923
2025-05-02 01:00:00,100.934978936082
2025-05-02 02:00:00,99.3125201477612
2025-05-02 03:00:00,99.775848525335
2025-05-02 04:00:00,99.542015905676
2025-05-02 05:00:00,98.9637141750649
2025-05-02 06:00:00,97.7173343615482
2025-05-02 07:00:00,99.9572151078244
2025-05-02 08:00:00,98.1442418114533
2025-05-02 09:00:00,99.3130498444445
2025-05-02 10:00:00,98.9314533994769
2025-05-02 11:00:00,99.4886981081905
2025-05-03 01:00:00,98.0241380906709
2025-05-03 02:00:00,98.6696560819868
2025-05-03 03:00:00,99.5822899070062
2025-05-03 04:00:00,100.28000426913
2025-05-03 05:00:00,97.1627188333028
2025-05-03 06:00:00,98.858776766988
2025-05-03 07:00:00,97.854483370056
2025-05-03 08:00:00,99.9838389459563
2025-05-03 09:00:00,99.8318108112255
2025-05-03 10:00:00,99.2031187921201
2025-05-03 11:00:00,99.4802355659249
2025-05-03 12:00:00,98.5449071725573
2025-05-03 13:00:00,98.9178651131556
2025-05-03 14:00:00,99.2009162753844
2025-05-03 15:00:00,99.6647929073315
2025-05-03 16:00:00,98.7177439747652
2025-05-03 17:00:00,97.8316940250002
2025-05-03 18:00:00,99.3043997901136
2025-05-03 19:00:00,98.334024078481
2025-05-03 20:00:00,99.4048040867218
2025-05-03 21:00:00,97.5208911130631
2025-05-03 22:00:00,100.899245697675
2025-05-03 23:00:00,98.2707680751875
2025-05-04 00:00:00,100.108638708085
2025-05-04 01:00:00,98.9214213867622
2025-05-04 02:00:00,98.6655850008432
2025-05-04 03:00:00,98.5538282367704
2025-05-04 04:00:00,97.6963289794807
2025-05-04 05:00:00,100.447116570302
2025-05-04 06:00:00,97.8576610985681
2025-05-04 07:00:00,98.6765250098294
2025-05-04 08:00:00,98.3539687255456
2025-05-04 09:00:00,99.4469914212081
2025-05-04 10:00:00,98.3105932300347
2025-05-04 11:00:00,100.34948104743
2025-05-04 12:00:00,98.7614650417454
2025-05-04 13:00:00,97.6248168926579
2025-05-04 14:00:00,101.136908082956
2025-05-04 15:00:00,98.4456467694503
2025-05-04 16:00:00,100.658636363636
2025-05-04 17:00:00,99.7201814875857
2025-05-04 18:00:00,97.9164344382005
2025-05-04 19:00:00,97.5705428346942
2025-05-04 20:00:00,97.6278145246785
2025-05-04 21:00:00,98.2068389743205
2025-05-04 22:00:00,98.6601487102922
2025-05-04 23:00:00,97.7616639364769
2025-05-05 00:00:00,112.758460594939
2025-05-05 01:00:00,97.873295827929
2025-05-05 02:00:00,98.0925747205406
2025-05-05 03:00:00,98.6028732271937
2025-05-05 04:00:00,97.6770921570824
2025-05-05 06:00:00,99.1150733307799
2025-05-05 21:00:00,96.7979234774336
2025-05-05 22:00:00,97.8854813590439
2025-05-05 23:00:00,98.2944323440422
2025-05-06 00:00:00,98.4891361326018
2025-05-06 01:00:00,97.8382024776213
2025-05-06 02:00:00,98.4712843064556
2025-05-06 03:00:00,92.5755214045271
2025-05-06 04:00:00,98.3309251515781
2025-05-06 05:00:00,96.8168115495198
2025-05-06 06:00:00,97.1623775750892
2025-05-06 07:00:00,97.7280509457178
2025-05-06 08:00:00,99.3953375904725
2025-05-06 09:00:00,95.9436911443828
2025-05-06 10:00:00,98.850623395313
2025-05-06 11:00:00,98.3793417773014
2025-05-06 12:00:00,98.1299058987621
2025-05-06 13:00:00,98.5002696753492
2025-05-06 14:00:00,98.4474309756368
2025-05-06 15:00:00,97.9599114863408
2025-05-06 16:00:00,96.3068594290945
2025-05-06 17:00:00,98.2139269146504
2025-05-06 18:00:00,97.7732865894949
2025-05-06 19:00:00,97.5472913186332
2025-05-06 20:00:00,97.7400470502946
2025-05-06 21:00:00,95.7517780017971
2025-05-06 22:00:00,99.6913419673489
2025-05-06 23:00:00,98.1166155255088
2025-05-07 00:00:00,94.7572538980155
2025-05-07 01:00:00,97.9164558874
2025-05-07 02:00:00,96.2037452721735
2025-05-07 03:00:00,97.7336136902988
2025-05-07 04:00:00,97.7199305131806
2025-05-07 05:00:00,96.9636634785121
2025-05-07 06:00:00,95.8460136379956
2025-05-07 07:00:00,98.1011495724272
2025-05-07 08:00:00,97.3697217648018
2025-05-07 09:00:00,96.1151361954989
2025-05-07 10:00:00,95.7948228950871
2025-05-07 11:00:00,97.2161949377786
2025-05-07 12:00:00,100.321437359474
2025-05-07 13:00:00,96.6369222381569
2025-05-07 14:00:00,96.3753213111502
2025-05-07 16:00:00,96.4762247518164
2025-05-07 17:00:00,97.5705416876731
2025-05-07 18:00:00,94.9839703077959
2025-05-07 19:00:00,98.2159258042477
2025-05-07 20:00:00,97.5223716196629
2025-05-07 21:00:00,96.9592028023151
2025-05-07 22:00:00,117.249384102215
2025-05-07 23:00:00,98.1737959862762
2025-05-08 00:00:00,97.5070104606641
2025-05-08 01:00:00,98.1585919277289
2025-05-08 02:00:00,95.412325940893
2025-05-08 03:00:00,72.8447842287875
2025-05-08 04:00:00,96.1140621848574
2025-05-08 05:00:00,97.2917762136
2025-05-08 06:00:00,98.2819887698619
2025-05-08 07:00:00,98.9793083850279
2025-05-08 08:00:00,97.9875634264076
2025-05-08 09:00:00,95.111688578562
2025-05-08 10:00:00,97.223504099069
2025-05-08 11:00:00,96.5438763265687
2025-05-08 12:00:00,95.5079945584699
2025-05-08 13:00:00,95.9090845232516
2025-05-08 14:00:00,97.3222170486916
2025-05-08 15:00:00,96.740993928718
2025-05-08 16:00:00,98.3193975257788
2025-05-08 17:00:00,96.6133538569035
2025-05-08 18:00:00,97.223042148848
2025-05-08 19:00:00,94.6637220374409
2025-05-08 20:00:00,96.0997033641909
2025-05-08 21:00:00,96.1326369398793
2025-05-08 22:00:00,98.0179973544252
2025-05-08 23:00:00,97.6810707365762
2025-05-09 00:00:00,95.9323579099794
2025-05-09 01:00:00,96.5581473948276
2025-05-09 02:00:00,96.5868795791988
2025-05-09 03:00:00,97.8242119598103
2025-05-09 04:00:00,96.5718375819232
2025-05-09 05:00:00,95.8692253767904
2025-05-09 06:00:00,95.0691255334404
2025-05-09 07:00:00,97.3157479618243
2025-05-09 08:00:00,96.211216928219
2025-05-09 09:00:00,96.8027373660102
2025-05-09 10:00:00,96.0755605302697
2025-05-09 11:00:00,95.6643872712743
2025-05-09 12:00:00,95.285550505536
2025-05-09 13:00:00,96.8999878716553
2025-05-09 14:00:00,95.5068564087299
2025-05-09 15:00:00,96.1288225185959
2025-05-09 16:00:00,95.7412981105517
2025-05-09 17:00:00,96.0011611866196
2025-05-09 18:00:00,97.9938300763183
2025-05-09 19:00:00,97.1831317588335
2025-05-09 20:00:00,95.3628705507594
2025-05-09 21:00:00,96.9311696176463
2025-05-09 22:00:00,
2025-05-09 23:00:00,
2025-05-10 00:00:00,
2025-05-10 01:00:00,93.3056912032552
2025-05-10 02:00:00,96.3666717597104
2025-05-10 03:00:00,94.1394109145039
2025-05-10 04:00:00,96.7863134828036
2025-05-10 05:00:00,96.4265654048067
2025-05-10 06:00:00,94.661847937878
2025-05-10 08:00:00,94.4178142373857
2025-05-10 09:00:00,96.0420218244172
2025-05-10 10:00:00,96.5767661412568
2025-05-10 11:00:00,94.9859189960341
2025-05-10 12:00:00,96.3815467506696
2025-05-10 13:00:00,94.6647988566516
2025-05-10 14:00:00,94.8966172340419
2025-05-10 15:00:00,97.6008661382294
2025-05-10 16:00:00,96.9385781059737
2025-05-10 17:00:00,95.4535606880649
2025-05-10 18:00:00,95.0541484955476
2025-05-10 19:00:00,92.9126142806636
2025-05-10 20:00:00,96.6547755956055
2025-05-11 06:00:00,94.5354029161931
2025-05-11 08:00:00,94.1639872524813
2025-05-11 09:00:00,95.61564146144
2025-05-11 10:00:00,96.1043351163349
2025-05-11 11:00:00,94.6669387075112
2025-05-11 12:00:00,95.9276470219213
2025-05-11 13:00:00,95.6572590038991
2025-05-11 14:00:00,95.2459255299142
2025-05-11 15:00:00,94.2882163638721
2025-05-11 16:00:00,96.7273628421416
2025-05-11 17:00:00,95.9547714864179
2025-05-11 18:00:00,95.8909783401502
2025-05-11 19:00:00,96.7995985423592
2025-05-11 20:00:00,97.0407647006672
2025-05-11 21:00:00,93.9548218025713
2025-05-11 22:00:00,93.3866180560051
2025-05-11 23:00:00,95.4280861828051
2025-05-12 00:00:00,94.792193055056
2025-05-12 01:00:00,96.0632321468729
2025-05-12 02:00:00,95.4249021869712
2025-05-12 03:00:00,95.1494256105882
2025-05-12 04:00:00,77.8195918852623
2025-05-12 05:00:00,91.6004435093201
2025-05-12 06:00:00,94.5885078936459
2025-05-12 07:00:00,93.9884070124214
2025-05-12 08:00:00,94.5103245462925
2025-05-12 09:00:00,94.4879415185551
2025-05-12 10:00:00,95.3350956671335
2025-05-12 11:00:00,94.156870646662
2025-05-12 12:00:00,94.5982024041366
2025-05-12 13:00:00,95.0867620347053
2025-05-12 14:00:00,94.9348940520892
2025-05-12 15:00:00,
2025-05-12 16:00:00,
2025-05-12 17:00:00,
2025-05-12 18:00:00,
2025-05-12 19:00:00,
2025-05-12 20:00:00,95.5140930590905
2025-05-12 21:00:00,94.7404781816317
2025-05-12 22:00:00,97.1904146707186
2025-05-12 23:00:00,93.0355012000546
2025-05-13 00:00:00,94.4643249889666
2025-05-13 01:00:00,94.0590676724711
2025-05-13 02:00:00,94.808488202458
2025-05-13 03:00:00,94.4209185734263
2025-05-13 04:00:00,97.3726813101725
2025-05-13 05:00:00,96.3313233743046
2025-05-13 08:00:00,95.852377083179
2025-05-13 10:00:00,95.6992910984385
2025-05-13 11:00:00,94.7328910442453
2025-05-13 12:00:00,95.0877419206385
2025-05-13 13:00:00,95.3346916355437
2025-05-13 14:00:00,95.0718291452165
2025-05-13 15:00:00,96.620063882715
2025-05-13 16:00:00,95.8767566459289
2025-05-13 17:00:00,95.0955703025462
2025-05-13 18:00:00,95.9412033253311
2025-05-13 19:00:00,95.813411370687
2025-05-13 20:00:00,95.4769563989363
2025-05-13 21:00:00,96.7112731391143
2025-05-13 22:00:00,94.8994145185046
2025-05-13 23:00:00,96.8406371009216
2025-05-14 00:00:00,96.4822972597518
2025-05-14 01:00:00,94.5907998348728
2025-05-14 02:00:00,96.0251770134069
2025-05-14 03:00:00,94.4999833292132
2025-05-14 04:00:00,95.2640187125901
2025-05-14 05:00:00,93.7279623349671
2025-05-14 06:00:00,94.3943841228637
2025-05-14 07:00:00,95.081242430289
2025-05-14 08:00:00,95.3475938983876
2025-05-14 09:00:00,95.5956936602284
2025-05-14 10:00:00,94.4030980256053
2025-05-14 11:00:00,97.6272408792625
2025-05-14 12:00:00,93.9988416386299
2025-05-14 13:00:00,94.8343093341643
2025-05-14 14:00:00,96.8785565711855
2025-05-14 15:00:00,95.3507624794661
2025-05-14 16:00:00,95.1014762356699
2025-05-14 17:00:00,95.590927693826
2025-05-14 18:00:00,95.9438507893319
2025-05-14 19:00:00,93.9711568424368
2025-05-14 20:00:00,96.0605931106431
2025-05-14 21:00:00,95.1723530625601
2025-05-14 22:00:00,97.5359889295543
2025-05-14 23:00:00,95.5496923126448
2025-05-15 00:00:00,94.1178375401155
2025-05-15 01:00:00,94.7374779994287
2025-05-15 02:00:00,95.8357673997303
2025-05-15 04:00:00,95.7526369402634
2025-05-15 05:00:00,95.3368864083428
2025-05-15 06:00:00,95.2116460394776
2025-05-15 07:00:00,93.8512959935614
2025-05-15 08:00:00,97.439002473949
2025-05-15 09:00:00,94.2601843720365
2025-05-15 10:00:00,93.7196655086079
2025-05-15 11:00:00,95.8484821396781
2025-05-15 12:00:00,96.6986614510335
2025-05-15 13:00:00,94.0382788432202
2025-05-15 14:00:00,95.6675202791138
2025-05-15 15:00:00,94.5478307758866
2025-05-15 17:00:00,95.6838286841936
2025-05-16 05:00:00,93.5786555900668
2025-05-16 06:00:00,94.1959011663314
2025-05-16 07:00:00,93.7400239534772
2025-05-16 08:00:00,94.2101841768445
2025-05-16 09:00:00,95.293995149052
2025-05-16 10:00:00,95.3252147157025
2025-05-16 11:00:00,93.0037032243927
2025-05-16 18:00:00,93.9944838608998
2025-05-16 19:00:00,94.6412446897196
2025-05-16 20:00:00,92.2103795834971
2025-05-16 21:00:00,94.3608416709733
2025-05-16 22:00:00,94.4528250409254
2025-05-16 23:00:00,94.0669486691051
2025-05-17 00:00:00,93.546284594874
2025-05-17 01:00:00,94.3051742991177
2025-05-17 02:00:00,93.2377301339589
2025-05-17 03:00:00,94.2975353327509
2025-05-17 04:00:00,93.267009766586
2025-05-17 05:00:00,94.5003550801595
2025-05-17 06:00:00,93.5892577547276
2025-05-17 12:00:00,93.2394992099717
2025-05-17 13:00:00,95.3875589474896
2025-05-17 14:00:00,93.7096759240486
2025-05-17 15:00:00,94.2302026786171
2025-05-17 16:00:00,93.928218498305
2025-05-17 17:00:00,92.9173323956052
2025-05-17 18:00:00,93.6523456418718
2025-05-17 19:00:00,94.0921275608077
2025-05-17 20:00:00,93.6282785878871
2025-05-17 21:00:00,93.949372348303
2025-05-17 22:00:00,93.3890142250542
2025-05-17 23:00:00,93.7213192435847
2025-05-18 00:00:00,92.9753786820248
2025-05-18 01:00:00,93.2683495304227
2025-05-18 02:00:00,94.7343318712333
2025-05-18 03:00:00,93.5307777109478
2025-05-18 04:00:00,94.4299701380896
2025-05-18 05:00:00,94.4105682522891
2025-05-18 06:00:00,95.1488513103736
2025-05-18 07:00:00,94.5397478835043
2025-05-18 08:00:00,94.781871214789
2025-05-18 09:00:00,93.8407307607575
2025-05-18 10:00:00,93.2902042126736
2025-05-18 11:00:00,92.0894854068537
2025-05-18 12:00:00,93.2479961010298
2025-05-18 13:00:00,94.5501234626025
2025-05-18 14:00:00,96.1004034384318
2025-05-18 15:00:00,93.9788792892032
2025-05-18 16:00:00,92.5144422860279
2025-05-18 17:00:00,94.4748743692557
2025-05-18 18:00:00,95.2871056901624
2025-05-18 19:00:00,91.8068763593147
2025-05-18 20:00:00,92.8941846379641
2025-05-18 21:00:00,94.4777821677602
2025-05-18 22:00:00,94.3983047748148
2025-05-18 23:00:00,95.1212260523171
2025-05-19 00:00:00,92.0975086483485
2025-05-19 01:00:00,93.7800290821523
2025-05-19 02:00:00,92.4138180875058
2025-05-19 03:00:00,94.0315905090451
2025-05-19 04:00:00,93.4955764020626
2025-05-19 05:00:00,92.9680856331446
2025-05-19 07:00:00,92.6891711488196
2025-05-19 08:00:00,100.654265895438
2025-05-19 09:00:00,93.2073283733175
2025-05-19 10:00:00,93.9322079151239
2025-05-19 11:00:00,94.059289637722
2025-05-19 12:00:00,94.0822251742706
2025-05-19 13:00:00,90.5898120668916
2025-05-19 14:00:00,92.2265523742984
2025-05-19 15:00:00,92.4767398935605
2025-05-19 16:00:00,93.7396716766061
2025-05-19 17:00:00,93.4239504392806
2025-05-19 18:00:00,93.9097676946935
2025-05-19 19:00:00,94.3580512299224
2025-05-19 20:00:00,94.1648878218659
2025-05-19 21:00:00,94.0598502091848
2025-05-19 22:00:00,93.5743728568002
2025-05-19 23:00:00,93.1288765098431
2025-05-20 00:00:00,93.2244570647273
2025-05-20 01:00:00,94.4231388812225
2025-05-20 02:00:00,92.8915615398166
2025-05-20 03:00:00,93.3566572094047
2025-05-20 04:00:00,92.1234313293806
2025-05-20 05:00:00,93.1995013434145
2025-05-20 06:00:00,92.4729630280084
2025-05-20 07:00:00,93.9817960444666
2025-05-20 20:00:00,92.8003480265171
2025-05-20 21:00:00,94.4272486770531
2025-05-20 22:00:00,93.2239809829339
2025-05-20 23:00:00,92.1637080927111
2025-05-21 00:00:00,93.3082446490354
2025-05-21 01:00:00,92.3885970775455
2025-05-21 02:00:00,92.7444286217975
2025-05-21 03:00:00,92.537912028436
2025-05-21 04:00:00,92.1042374821377
2025-05-21 05:00:00,92.4141282526542
2025-05-21 07:00:00,92.4250795832466
2025-05-21 08:00:00,92.2230833825838
2025-05-21 09:00:00,77.1413824945866
2025-05-21 10:00:00,93.4761865482481
2025-05-21 11:00:00,93.3712556007522
2025-05-21 12:00:00,92.6685868931693
2025-05-21 13:00:00,94.6710889329458
2025-05-21 14:00:00,92.687535065721
2025-05-21 15:00:00,91.1179567082858
2025-05-21 16:00:00,93.7753287638554
2025-05-21 17:00:00,92.5941908001136
2025-05-21 18:00:00,93.7328476102321
2025-05-21 19:00:00,92.0297747599643
2025-05-21 20:00:00,92.530755239061
2025-05-21 21:00:00,92.5521965432646
2025-05-21 22:00:00,93.1720993750065
2025-05-21 23:00:00,92.3934932478595
2025-05-22 00:00:00,92.686158300124
2025-05-22 01:00:00,92.5875099648528
2025-05-22 02:00:00,93.1328534210059
2025-05-22 03:00:00,92.4577005466853
2025-05-22 04:00:00,91.0261465381927
2025-05-22 05:00:00,93.9519135635974
2025-05-22 06:00:00,93.0852980230405
2025-05-22 07:00:00,92.80603776257
2025-05-22 08:00:00,93.5749655181908
2025-05-22 09:00:00,90.8186637888691
2025-05-22 10:00:00,91.7098378556685
2025-05-22 11:00:00,91.7019821369772
2025-05-22 12:00:00,93.72528437163
2025-05-22 13:00:00,92.2614429702681
2025-05-22 14:00:00,92.4013410644117
2025-05-22 15:00:00,91.3205729003944
2025-05-22 16:00:00,92.569585766523
2025-05-22 17:00:00,92.5904002433449
2025-05-22 18:00:00,92.4351780957872
2025-05-22 19:00:00,97.0949044754901
2025-05-22 20:00:00,91.8514823891843
2025-05-22 21:00:00,92.6367204982575
2025-05-22 22:00:00,92.7378325430045
2025-05-22 23:00:00,90.4561850859626
2025-05-23 00:00:00,78.7727073694344
2025-05-23 01:00:00,92.2165151139591
2025-05-23 02:00:00,109.986658203173
2025-05-23 03:00:00,90.2785263314553
2025-05-23 04:00:00,91.4240223148178
2025-05-23 05:00:00,91.5897052300274
2025-05-23 06:00:00,92.1100700069438
2025-05-23 07:00:00,90.2757452015901
2025-05-23 09:00:00,91.4739406389437
2025-05-23 10:00:00,92.3282550398609
2025-05-23 11:00:00,90.7751857841685
2025-05-23 12:00:00,91.5695367406532
2025-05-23 13:00:00,99.6158330191437
2025-05-23 14:00:00,91.9990254515795
2025-05-23 15:00:00,91.1933207635509
2025-05-23 16:00:00,93.8721683463297
2025-05-23 17:00:00,91.2349501120918
2025-05-23 18:00:00,91.8716889501336
2025-05-23 19:00:00,91.2870899174618
2025-05-23 20:00:00,92.6381323232444
2025-05-23 21:00:00,92.0216340821975
2025-05-23 22:00:00,91.4289957697968
2025-05-23 23:00:00,92.1763806337029
2025-05-24 00:00:00,91.3818308424448
2025-05-24 01:00:00,91.6453565255086
2025-05-24 02:00:00,93.5877352043209
2025-05-24 03:00:00,90.035831495428
2025-05-24 04:00:00,91.4095132559888
2025-05-24 05:00:00,91.4230299062479
2025-05-24 06:00:00,91.3308563325486
2025-05-24 07:00:00,91.6823926997874
2025-05-24 08:00:00,91.3634867393187
2025-05-24 09:00:00,91.4448729865317
2025-05-24 11:00:00,92.4354915377344
2025-05-25 00:00:00,90.5802005951223
2025-05-25 01:00:00,91.0478933787414
2025-05-25 02:00:00,90.133816191713
2025-05-25 04:00:00,92.8660182344534
2025-05-25 05:00:00,91.6995747210999
2025-05-25 06:00:00,90.5118769057194
2025-05-25 07:00:00,91.1200384306623
2025-05-25 08:00:00,90.1333607632282
2025-05-25 09:00:00,90.2590647041207
2025-05-25 10:00:00,90.8025903199748
2025-05-25 11:00:00,92.3339542850063
2025-05-25 12:00:00,90.853400530748
2025-05-25 13:00:00,
2025-05-25 14:00:00,
2025-05-25 15:00:00,
2025-05-25 16:00:00,
2025-05-25 17:00:00,92.4467206664289
2025-05-25 18:00:00,91.2721112286645
2025-05-25 19:00:00,91.3480597177608
2025-05-25 20:00:00,103.124358752814
2025-05-25 21:00:00,90.1364055233447
2025-05-25 22:00:00,92.7362966046038
2025-05-25 23:00:00,91.0548906023915
2025-05-26 00:00:00,90.5339760295583
2025-05-26 01:00:00,92.5245336512769
2025-05-26 02:00:00,91.3470058471311
2025-05-26 03:00:00,91.8898939676754
2025-05-26 04:00:00,92.115428852236
2025-05-26 05:00:00,89.0135758587758
2025-05-26 06:00:00,90.9340344766157
2025-05-26 07:00:00,90.9501736512869
2025-05-26 08:00:00,88.6957357516414
2025-05-26 09:00:00,89.428427918134
2025-05-26 10:00:00,91.7595905243105
2025-05-26 11:00:00,91.5312250716224
2025-05-26 12:00:00,89.8038124507261
2025-05-26 13:00:00,90.5946754880871
2025-05-26 14:00:00,89.7703798793128
2025-05-26 15:00:00,91.7400903601069
2025-05-26 16:00:00,90.4787246873833
2025-05-26 17:00:00,91.188324854737
2025-05-26 18:00:00,90.6709345444302
2025-05-26 19:00:00,90.1761076349704
2025-05-26 20:00:00,91.9424710395034
2025-05-26 21:00:00,90.6849526761916
2025-05-26 22:00:00,92.6690083908911
2025-05-27 11:00:00,89.6599232829211
2025-05-27 13:00:00,91.6109142306605
2025-05-27 14:00:00,89.2021703682529
2025-05-27 15:00:00,91.258109416392
2025-05-27 16:00:00,89.2170914981578
2025-05-27 17:00:00,90.4443482461808
2025-05-27 18:00:00,90.2488470902172
2025-05-27 19:00:00,88.5122330410521
2025-05-27 20:00:00,91.3012164613723
2025-05-27 21:00:00,89.1648563034365
2025-05-27 22:00:00,89.7911245758629
2025-05-27 23:00:00,89.692082462074
2025-05-28 00:00:00,89.251860210433
2025-05-28 01:00:00,88.1477904314164
2025-05-28 02:00:00,88.3812393099356
2025-05-28 03:00:00,89.5571631875748
2025-05-28 04:00:00,89.588104348363
2025-05-28 05:00:00,89.8141640692584
2025-05-28 06:00:00,90.8897131863283
2025-05-28 07:00:00,89.790317462561
2025-05-28 08:00:00,
2025-05-28 18:00:00,
2025-05-28 19:00:00,
2025-05-28 20:00:00,
2025-05-28 21:00:00,90.0297304014378
2025-05-28 22:00:00,89.5964294956778
2025-05-28 23:00:00,90.4286790410264
2025-05-29 00:00:00,90.275541369853
2025-05-29 01:00:00,90.0831912930077
2025-05-29 02:00:00,90.5939566303317
2025-05-29 03:00:00,89.5543069138503
2025-05-29 04:00:00,88.796259745095
2025-05-29 05:00:00,90.5980389838904
2025-05-29 07:00:00,90.3918449786416
2025-05-29 08:00:00,89.2266773283049
2025-05-29 09:00:00,89.2392006721119
2025-05-29 10:00:00,88.8409863563657
2025-05-29 11:00:00,92.3138114724066
2025-05-29 12:00:00,91.25214816023
2025-05-29 13:00:00,89.3451534047767
2025-05-29 14:00:00,90.0281386542142
2025-05-29 15:00:00,88.8796726454613
2025-05-29 16:00:00,82.3951052806908
2025-05-29 17:00:00,90.6613350010341
2025-05-29 18:00:00,89.3885049497768
2025-05-29 19:00:00,90.5926134394954
2025-05-29 20:00:00,89.7915737434222
2025-05-29 21:00:00,89.372830700807
2025-05-29 22:00:00,89.3319325798933
2025-05-29 23:00:00,90.1971866352407
2025-05-30 00:00:00,88.8885302482829
2025-05-30 01:00:00,89.3133113148093
2025-05-30 02:00:00,88.878981866837
2025-05-30 03:00:00,89.4476874966459
2025-05-30 04:00:00,92.3116342285601
2025-05-30 05:00:00,91.1573247086899
2025-05-30 06:00:00,89.9966155214802
2025-05-30 11:00:00,90.7006097106308
2025-05-30 12:00:00,89.0314901887315
2025-05-30 13:00:00,90.2692368910696
2025-05-30 14:00:00,88.970644033462
2025-05-30 15:00:00,89.4108910293465
2025-05-30 16:00:00,87.7544273533475
2025-05-30 17:00:00,88.6934653852944
2025-05-30 18:00:00,89.3248497651492
2025-05-30 19:00:00,88.4889119051631
2025-05-30 20:00:00,90.1634985056415
2025-05-30 21:00:00,80.8505612050836
2025-05-30 22:00:00,87.54443370453
2025-05-30 23:00:00,87.0432998229373
2025-05-31 00:00:00,101.030587614171
2025-05-31 01:00:00,88.4319991586703
2025-05-31 02:00:00,88.5690338498666
2025-05-31 03:00:00,90.2906302250316
2025-05-31 04:00:00,88.7241668743528
2025-05-31 05:00:00,88.4124521212519
2025-05-31 06:00:00,90.8273395790968
2025-05-31 12:00:00,89.1314851454
2025-05-31 13:00:00,89.9718661323173
2025-05-31 14:00:00,90.2297498988033
2025-05-31 15:00:00,88.180016803077
2025-05-31 16:00:00,88.468800480457
2025-05-31 17:00:00,89.4360351755737
2025-05-31 18:00:00,88.8339502919302
2025-05-31 19:00:00,88.0941548555354
2025-05-31 20:00:00,88.3282073828183
2025-05-31 21:00:00,89.1306628696253
2025-05-31 22:00:00,91.065268875364
2025-05-31 23:00:00,88.3853428710325
2025-06-01 00:00:00,88.2800595478933
2025-06-01 01:00:00,87.2123718417444
2025-06-01 02:00:00,90.5027322409804
2025-06-01 03:00:00,84.6357684053214
2025-06-01 04:00:00,87.6458714098254
2025-06-01 05:00:00,87.1236662775529
2025-06-01 06:00:00,86.5389075829229
2025-06-01 07:00:00,89.9153219670531
2025-06-01 08:00:00,87.1953511959261
2025-06-01 09:00:00,89.75802889113
2025-06-01 10:00:00,91.0306014514512
2025-06-01 23:00:00,82.9305680419645
2025-06-02 01:00:00,84.8686774345135
2025-06-02 02:00:00,87.435464600207
2025-06-02 04:00:00,88.525238813614
2025-06-02 05:00:00,90.0615080298255
2025-06-02 06:00:00,90.088473463257
2025-06-02 07:00:00,84.0417059023798
2025-06-02 08:00:00,89.4155961712525
2025-06-02 09:00:00,88.636393654257
2025-06-02 10:00:00,87.331463310058
2025-06-02 11:00:00,83.2905294577412
2025-06-02 12:00:00,83.7189932269161
2025-06-02 13:00:00,83.0629615940108
2025-06-02 14:00:00,86.8313114136655
2025-06-02 15:00:00,84.1293650712116
2025-06-02 16:00:00,88.6544189395392
2025-06-02 17:00:00,87.6977306516906
2025-06-02 18:00:00,90.5584161396266
2025-06-02 19:00:00,85.1465302237661
2025-06-02 20:00:00,85.7084743607937
2025-06-02 21:00:00,92.4940572433673
2025-06-02 22:00:00,90.3003575037677
2025-06-02 23:00:00,
2025-06-03 00:00:00,90.469401997211
2025-06-03 01:00:00,90.6533866592241
2025-06-03 02:00:00,87.8152088212689
2025-06-03 03:00:00,89.3104461343159
2025-06-03 04:00:00,88.421013259853
2025-06-03 05:00:00,87.1557014772238
2025-06-03 06:00:00,81.8231179411592
2025-06-03 07:00:00,90.9795971859555
2025-06-03 08:00:00,86.7578756385132
2025-06-03 09:00:00,87.2248093115053
2025-06-03 10:00:00,88.6236221914674
2025-06-03 11:00:00,91.1391146256482
2025-06-03 12:00:00,90.843591560096
2025-06-03 13:00:00,87.2347587605981
2025-06-03 14:00:00,90.6190388034168
2025-06-03 15:00:00,87.396670841078
2025-06-03 16:00:00,94.4557292335294
2025-06-03 17:00:00,90.6763079019915
2025-06-03 18:00:00,89.2523647140366
2025-06-03 19:00:00,85.7552151434435
2025-06-03 20:00:00,91.0616269916083
2025-06-03 21:00:00,77.881851262999
2025-06-03 22:00:00,86.4548759643517
2025-06-03 23:00:00,87.4777244405842
2025-06-04 00:00:00,86.5687979897627
2025-06-04 01:00:00,87.4875595650342
2025-06-04 02:00:00,84.1414056383297
2025-06-04 03:00:00,92.7409679857793
2025-06-04 05:00:00,86.8424974367315
2025-06-04 06:00:00,86.6242212248779
2025-06-04 07:00:00,84.8810978828541
2025-06-04 08:00:00,88.3277671753939
2025-06-04 09:00:00,87.3753132064697
2025-06-04 10:00:00,83.6632897052626
2025-06-04 11:00:00,87.5903107769172
2025-06-04 12:00:00,97.9537194328767
2025-06-04 13:00:00,93.5196778412518
2025-06-04 14:00:00,89.0801503203789
2025-06-04 15:00:00,88.1160681997776
2025-06-04 16:00:00,87.4033016355565
2025-06-04 17:00:00,91.1859004812767
2025-06-04 18:00:00,84.0903258242124
2025-06-04 19:00:00,87.237110646457
2025-06-04 20:00:00,86.4258114019426
2025-06-04 21:00:00,91.8752973340449
2025-06-04 22:00:00,86.9941135771541
2025-06-04 23:00:00,84.0234268278785
2025-06-05 00:00:00,91.6325344272093
2025-06-05 01:00:00,89.4440350400547
2025-06-05 02:00:00,87.9552449314274
2025-06-05 03:00:00,87.4086378348155
2025-06-05 04:00:00,86.9305554021141
2025-06-05 05:00:00,84.5141490170558
2025-06-05 06:00:00,89.2638139939225
2025-06-05 07:00:00,87.6116189710563
2025-06-05 08:00:00,89.5823083597179
2025-06-05 09:00:00,90.2686569629427
2025-06-05 20:00:00,87.210664965595
2025-06-05 21:00:00,86.9002341572207
2025-06-05 22:00:00,91.7059283549559
2025-06-05 23:00:00,88.9605522175488
2025-06-06 00:00:00,90.0708359310656
2025-06-06 01:00:00,92.9952992464522
2025-06-06 02:00:00,92.5318772781047
2025-06-06 03:00:00,86.8209581131447
2025-06-06 04:00:00,92.0473008126223
2025-06-06 05:00:00,90.6440044072266
2025-06-06 06:00:00,88.5504188759987
2025-06-06 07:00:00,87.2971374280214
2025-06-06 08:00:00,83.1637836611068
2025-06-06 09:00:00,86.1814726606082
2025-06-06 10:00:00,91.8580826018307
2025-06-06 11:00:00,87.626207701102
2025-06-06 12:00:00,85.281264626139
2025-06-06 13:00:00,83.645651835688
2025-06-06 14:00:00,86.6130393173298
2025-06-06 15:00:00,88.6190356349827
2025-06-06 16:00:00,86.8192211427357
2025-06-06 17:00:00,89.9844105587577
2025-06-06 18:00:00,85.211531775646
2025-06-06 19:00:00,88.6192948217194
2025-06-06 20:00:00,86.2127079676024
2025-06-06 21:00:00,88.2319886915185
2025-06-06 22:00:00,86.3016409611807
2025-06-06 23:00:00,87.9990903441293
2025-06-07 00:00:00,89.1448885665417
2025-06-07 01:00:00,88.0739953202114
2025-06-07 02:00:00,88.4823890723363
2025-06-07 03:00:00,88.7880390016703
2025-06-07 04:00:00,88.324988638735
2025-06-07 05:00:00,86.465503591631
2025-06-07 06:00:00,87.2721792766353
2025-06-07 12:00:00,88.1077857351233
2025-06-07 23:00:00,89.7153629464649
2025-06-08 00:00:00,91.6888485083286
2025-06-08 01:00:00,83.7616286602852
2025-06-08 02:00:00,89.0321460147317
2025-06-08 04:00:00,92.6335601696018
2025-06-08 05:00:00,89.4162840083726
2025-06-08 06:00:00,90.9633805327362
2025-06-08 07:00:00,85.2017232140025
2025-06-08 08:00:00,90.7742405886227
2025-06-08 09:00:00,92.7680308391721
2025-06-08 10:00:00,85.8834915230411
2025-06-08 11:00:00,85.3088617210719
2025-06-08 12:00:00,85.1278024504961
2025-06-08 13:00:00,89.5520853429604
2025-06-08 14:00:00,89.9067024772402
2025-06-08 15:00:00,84.5955837896896
2025-06-08 16:00:00,82.5036477552697
2025-06-08 17:00:00,85.6586219284732
2025-06-08 18:00:00,91.900769607914
2025-06-08 19:00:00,85.8142286672633
2025-06-08 20:00:00,88.3098702151355
2025-06-08 21:00:00,91.3897035645286
2025-06-08 22:00:00,87.7540798631131
2025-06-08 23:00:00,83.707115292092
2025-06-09 00:00:00,93.1681784754197
2025-06-09 01:00:00,89.4127811322452
2025-06-09 02:00:00,90.5052634925114
2025-06-09 03:00:00,90.6555873209364
2025-06-09 04:00:00,91.7087452010998
2025-06-09 05:00:00,88.5770784258728
2025-06-09 06:00:00,85.6818167971355
2025-06-09 07:00:00,88.8891830381645
2025-06-09 08:00:00,89.8573362203702
2025-06-09 09:00:00,86.5536956535388
2025-06-09 10:00:00,84.5583455348756
2025-06-09 11:00:00,86.7384639955759
2025-06-09 12:00:00,92.0509357728417
2025-06-09 13:00:00,84.5927550416713
2025-06-09 14:00:00,85.7118614656399
2025-06-09 15:00:00,107.780666954439
2025-06-09 16:00:00,87.8858544738075
2025-06-09 17:00:00,92.022143484559
2025-06-09 18:00:00,85.2180882339632
2025-06-09 19:00:00,90.1013541249575
2025-06-09 20:00:00,87.2214382653537
2025-06-09 21:00:00,91.8517288870977
2025-06-09 22:00:00,85.7256986535048
2025-06-09 23:00:00,87.9831125335529
2025-06-10 00:00:00,84.5924756136506
2025-06-10 01:00:00,90.918418468926
2025-06-10 02:00:00,89.7529736772074
2025-06-10 03:00:00,87.993573214115
2025-06-10 04:00:00,86.6039434077508
2025-06-10 05:00:00,89.1090184563267
2025-06-10 06:00:00,83.7432415743973
2025-06-10 07:00:00,89.488906383501
2025-06-10 08:00:00,89.3860344580456
2025-06-10 09:00:00,91.6902701786473
2025-06-10 10:00:00,90.3031160920142
2025-06-10 11:00:00,82.4326038912325
2025-06-10 12:00:00,88.9638995040672
2025-06-10 13:00:00,86.8963392479745
2025-06-10 14:00:00,87.725585564936
2025-06-10 15:00:00,88.3989651385321
2025-06-10 16:00:00,87.461361030904
2025-06-10 17:00:00,90.7932036470697
2025-06-10 18:00:00,84.71513445938
2025-06-10 19:00:00,87.8110014288178
2025-06-10 20:00:00,91.3707965046931
2025-06-10 21:00:00,85.5484280631366
2025-06-10 22:00:00,87.9533096800462
2025-06-10 23:00:00,83.3676721805414
2025-06-11 00:00:00,85.5509892998433
2025-06-11 01:00:00,82.694372066287
2025-06-11 02:00:00,88.5207052048177
2025-06-11 03:00:00,63.6308390315568
2025-06-11 04:00:00,89.3986939749782
2025-06-11 05:00:00,86.9645190172161
2025-06-11 06:00:00,89.8183862614664
2025-06-11 07:00:00,90.4552773229381
2025-06-11 08:00:00,87.6964480679703
2025-06-11 09:00:00,87.6658318141424
2025-06-11 10:00:00,85.6486916834737
2025-06-11 11:00:00,87.6896993084046
2025-06-11 12:00:00,87.4535002140813
2025-06-12 01:00:00,67.4340770204815
2025-06-12 02:00:00,82.7176306162859
2025-06-12 03:00:00,86.2035042469879
2025-06-12 04:00:00,86.7982203630046
2025-06-12 05:00:00,92.6029854943576
2025-06-12 06:00:00,83.0856764631047
2025-06-12 07:00:00,91.583099624176
2025-06-12 08:00:00,88.607171872438
2025-06-12 09:00:00,93.8479983005069
2025-06-12 10:00:00,82.8643517143603
2025-06-12 11:00:00,89.2407264853778
2025-06-12 12:00:00,88.7449224011617
2025-06-12 13:00:00,85.9274521649363
2025-06-12 14:00:00,82.5292510431714
2025-06-12 15:00:00,85.3907666003986
2025-06-12 16:00:00,83.046617790352
2025-06-12 17:00:00,84.8022849131578
2025-06-12 18:00:00,85.6103052631993
2025-06-12 19:00:00,90.1857279006693
2025-06-12 20:00:00,84.5402737509716
2025-06-12 21:00:00,85.8415930229327
2025-06-12 22:00:00,79.2138572365655
2025-06-12 23:00:00,91.588517947938
2025-06-13 00:00:00,88.7370371569472
2025-06-13 01:00:00,86.4250411654903
2025-06-13 02:00:00,86.486038503361
2025-06-13 03:00:00,89.1423902440955
2025-06-13 04:00:00,89.0470531989872
2025-06-13 05:00:00,84.1640713614321
2025-06-13 06:00:00,83.1921840524072
2025-06-13 07:00:00,84.2908202101925
2025-06-13 08:00:00,87.9274426317015
2025-06-13 09:00:00,90.1265806835874
2025-06-13 10:00:00,90.856321361048
2025-06-13 11:00:00,84.5565198942056
2025-06-13 12:00:00,93.605917904401
2025-06-13 13:00:00,91.3192899608413
2025-06-13 14:00:00,86.6201094021529
2025-06-13 15:00:00,88.8930810272264
2025-06-13 16:00:00,91.9200355032226
2025-06-13 17:00:00,91.2488130528501
2025-06-13 18:00:00,83.5602859260839
2025-06-13 19:00:00,85.1682476878308
2025-06-13 20:00:00,86.9590428450712
2025-06-13 21:00:00,90.3068409973773
2025-06-13 22:00:00,86.6267524138735
2025-06-13 23:00:00,89.5928256448667
2025-06-14 00:00:00,
2025-06-14 01:00:00,
2025-06-14 02:00:00,
2025-06-14 03:00:00,
2025-06-14 04:00:00,
2025-06-14 10:00:00,
2025-06-14 11:00:00,
2025-06-14 12:00:00,
2025-06-14 13:00:00,
2025-06-14 14:00:00,
2025-06-14 15:00:00,
2025-06-14 16:00:00,
2025-06-14 17:00:00,
2025-06-14 18:00:00,
2025-06-14 19:00:00,
2025-06-14 20:00:00,
2025-06-14 21:00:00,
2025-06-14 22:00:00,
2025-06-14 23:00:00,
2025-06-15 00:00:00,104.279611663441
2025-06-15 11:00:00,104.216035748573
2025-06-15 13:00:00,101.416570943105
2025-06-15 14:00:00,97.515267803661
2025-06-15 15:00:00,105.324331131311
2025-06-15 16:00:00,107.049953443983
2025-06-15 17:00:00,104.196778905472
2025-06-15 18:00:00,105.604113513477
2025-06-15 19:00:00,103.814390931555
2025-06-15 20:00:00,105.06014166208
2025-06-15 21:00:00,103.877014748657
2025-06-15 22:00:00,104.277456381882
2025-06-15 23:00:00,103.662116475842
2025-06-16 00:00:00,104.811366944032
2025-06-16 01:00:00,105.195997505844
2025-06-16 02:00:00,104.208854767461
2025-06-16 03:00:00,105.196386666105
2025-06-16 04:00:00,106.785802135482
2025-06-16 05:00:00,103.523740152785
2025-06-16 06:00:00,104.234538440169
2025-06-16 08:00:00,107.704004922672
2025-06-16 09:00:00,107.587682648963
2025-06-16 10:00:00,102.505045265268
2025-06-16 11:00:00,103.661519873723
2025-06-16 12:00:00,103.190350605259
2025-06-16 13:00:00,103.935686078741
2025-06-16 14:00:00,104.588139461586
2025-06-16 15:00:00,104.866407535722
2025-06-16 16:00:00,101.979938276159
2025-06-16 17:00:00,103.28228825722
2025-06-16 18:00:00,102.692844875617
2025-06-16 19:00:00,105.335215309622
2025-06-16 20:00:00,103.673855108973
2025-06-16 21:00:00,103.386337711976
2025-06-16 22:00:00,105.496242038724
2025-06-16 23:00:00,102.419770428082
2025-06-17 00:00:00,104.732739846779
2025-06-17 01:00:00,104.305818921655
2025-06-17 02:00:00,104.348996434072
2025-06-17 03:00:00,103.69462302685
2025-06-17 04:00:00,104.892918917619
2025-06-17 05:00:00,103.369830071612
2025-06-17 06:00:00,102.985798390217
2025-06-17 07:00:00,106.048690362415
2025-06-17 08:00:00,101.798767547369
2025-06-17 09:00:00,104.793687159893
2025-06-17 10:00:00,103.445630777785
2025-06-17 11:00:00,103.666908437515
2025-06-17 12:00:00,104.775669584085
2025-06-17 13:00:00,103.288488447827
2025-06-17 14:00:00,107.48601791943
2025-06-17 15:00:00,105.34608330476
2025-06-17 16:00:00,104.702902219769
2025-06-17 17:00:00,102.651066175788
2025-06-17 18:00:00,104.826899055883
2025-06-17 19:00:00,105.98006305889
2025-06-17 20:00:00,105.2894164089
2025-06-17 21:00:00,104.761041796738
2025-06-17 22:00:00,104.759417907222
2025-06-17 23:00:00,104.584853354327
2025-06-18 00:00:00,105.341062075644
2025-06-18 01:00:00,103.016664392757
2025-06-18 02:00:00,102.430219219978
2025-06-18 03:00:00,105.775026781849
2025-06-18 04:00:00,106.042334445919
2025-06-18 05:00:00,101.156681004833
2025-06-18 07:00:00,104.743592064379
2025-06-18 08:00:00,104.846794249236
2025-06-18 09:00:00,103.507720306049
2025-06-18 10:00:00,96.6253039661042
2025-06-18 11:00:00,99.0672268812017
2025-06-18 12:00:00,107.774464015047
2025-06-18 13:00:00,104.76299460081
2025-06-18 14:00:00,107.567322344729
2025-06-18 15:00:00,106.054417528101
2025-06-18 16:00:00,104.318020387567
2025-06-18 17:00:00,107.62789592997
2025-06-18 18:00:00,119.159866832882
2025-06-18 19:00:00,107.421292753676
2025-06-18 20:00:00,110.433729841817
2025-06-18 21:00:00,106.254545553107
2025-06-18 22:00:00,106.482157494535
2025-06-18 23:00:00,105.754583111811
2025-06-19 00:00:00,109.437838534342
2025-06-19 01:00:00,103.682965359218
2025-06-19 02:00:00,108.321664774687
2025-06-19 03:00:00,102.752094817978
2025-06-19 04:00:00,106.522206485616
2025-06-19 05:00:00,104.454106295524
2025-06-19 06:00:00,102.072352255704
2025-06-19 07:00:00,107.532154809258
2025-06-19 08:00:00,106.771067455478
2025-06-19 09:00:00,102.373903591894
2025-06-19 10:00:00,107.151536459974
2025-06-19 11:00:00,105.491169527767
2025-06-19 12:00:00,106.104211264928
2025-06-19 13:00:00,105.624086320084
2025-06-19 14:00:00,103.866229711222
2025-06-19 22:00:00,109.768909793433
2025-06-20 00:00:00,104.931806371715
2025-06-20 01:00:00,108.854779393806
2025-06-20 02:00:00,99.4498149195573
2025-06-20 03:00:00,105.456853349305
2025-06-20 04:00:00,101.294949284737
2025-06-20 05:00:00,102.776528657007
2025-06-20 06:00:00,101.288908570651
2025-06-20 07:00:00,105.513218991419
2025-06-20 08:00:00,104.431512715385
2025-06-20 09:00:00,108.100623314575
2025-06-20 10:00:00,104.237366743026
2025-06-20 11:00:00,102.188131254864
2025-06-20 12:00:00,103.042211540055
2025-06-20 13:00:00,104.360916024181
2025-06-20 14:00:00,106.357124464018
2025-06-20 15:00:00,99.7769736460286
2025-06-20 16:00:00,103.732354108476
2025-06-20 17:00:00,104.899744733945
2025-06-20 18:00:00,107.483541552602
2025-06-20 19:00:00,103.958415810001
2025-06-20 20:00:00,
2025-06-20 21:00:00,
2025-06-20 22:00:00,
2025-06-20 23:00:00,
2025-06-21 00:00:00,107.633302117869
2025-06-21 01:00:00,95.2576022496042
2025-06-21 02:00:00,111.13866259129
2025-06-21 03:00:00,103.1790228572
2025-06-21 04:00:00,107.914634169875
2025-06-21 05:00:00,105.90881540874
2025-06-21 06:00:00,104.763186599766
2025-06-21 07:00:00,97.8262599731568
2025-06-21 08:00:00,104.556307987369
2025-06-21 09:00:00,106.223969565015
2025-06-21 10:00:00,103.959911213159
2025-06-21 11:00:00,105.571054989751
2025-06-21 12:00:00,101.005976811969
2025-06-21 13:00:00,102.584119891301
2025-06-21 14:00:00,105.285386155678
2025-06-21 15:00:00,102.917940220112
2025-06-21 16:00:00,105.179649637392
2025-06-21 17:00:00,100.58868107434
2025-06-21 18:00:00,101.64294643446
2025-06-21 19:00:00,103.443819621689
2025-06-21 20:00:00,103.969548470402
2025-06-21 21:00:00,101.388120169519
2025-06-21 22:00:00,103.632808156472
2025-06-21 23:00:00,100.205884069316
2025-06-22 00:00:00,101.499881067698
2025-06-22 01:00:00,103.528460214999
2025-06-22 02:00:00,102.384204612051
2025-06-22 03:00:00,101.820317013386
2025-06-22 05:00:00,107.3992190717
2025-06-22 06:00:00,99.8120426418211
2025-06-22 07:00:00,75.8268604549506
2025-06-22 08:00:00,106.332757536386
2025-06-22 09:00:00,104.291767226462
2025-06-22 10:00:00,104.114670540604
2025-06-22 11:00:00,100.953381862279
2025-06-22 12:00:00,100.810771529436
2025-06-22 13:00:00,101.266178648785
2025-06-22 14:00:00,103.526880816469
2025-06-22 15:00:00,103.598622858982
2025-06-22 16:00:00,98.2623811366303
2025-06-22 17:00:00,105.761564003477
2025-06-22 18:00:00,106.038625448356
2025-06-22 19:00:00,100.584263649951
2025-06-22 20:00:00,100.846167689478
2025-06-22 21:00:00,102.822426456464
2025-06-22 22:00:00,102.688133976681
2025-06-22 23:00:00,105.332408289646
2025-06-23 00:00:00,131.056001725858
2025-06-23 01:00:00,106.216592440716
2025-06-23 02:00:00,107.433343811369
2025-06-23 03:00:00,105.410970284874
2025-06-23 04:00:00,100.176706356052
2025-06-23 05:00:00,97.2966307418564
2025-06-23 06:00:00,101.058012777884
2025-06-23 07:00:00,104.867235522241
2025-06-23 08:00:00,
2025-06-23 09:00:00,
2025-06-23 10:00:00,
2025-06-23 11:00:00,
2025-06-23 12:00:00,
2025-06-23 13:00:00,104.614079880215
2025-06-24 02:00:00,100.435664097474
2025-06-24 03:00:00,100.982083409803
2025-06-24 04:00:00,99.3015277248674
2025-06-24 05:00:00,101.807297505703
2025-06-24 06:00:00,106.2782290652
2025-06-24 07:00:00,104.134561932769
2025-06-24 08:00:00,106.294078367784
2025-06-24 09:00:00,105.792671369137
2025-06-24 10:00:00,104.596964602445
2025-06-24 11:00:00,101.246648430094
2025-06-24 12:00:00,105.965093166608
2025-06-24 13:00:00,104.671624951889
2025-06-24 14:00:00,99.1164203669498
2025-06-24 15:00:00,100.227475351562
2025-06-24 16:00:00,105.283962702792
2025-06-24 17:00:00,102.941882444654
2025-06-24 18:00:00,107.317596004357
2025-06-24 19:00:00,99.9728700916027
2025-06-24 20:00:00,102.345246801454
2025-06-24 21:00:00,98.7668734608496
2025-06-24 22:00:00,106.371773768938
2025-06-24 23:00:00,100.131590133236
2025-06-25 00:00:00,96.2997019700661
2025-06-25 01:00:00,102.494595827937
2025-06-25 02:00:00,110.321859595132
2025-06-25 03:00:00,104.192265356168
2025-06-25 04:00:00,102.930561466766
2025-06-25 05:00:00,104.318748383669
2025-06-25 06:00:00,101.947299759563
2025-06-25 07:00:00,103.334704692255
2025-06-25 08:00:00,107.894126185242
2025-06-25 09:00:00,103.009369123275
2025-06-25 10:00:00,107.121933356275
2025-06-25 11:00:00,108.353771073014
2025-06-25 12:00:00,100.742363421707
2025-06-25 13:00:00,103.099587654528
2025-06-25 14:00:00,104.636039626586
2025-06-25 16:00:00,103.177772933375
2025-06-26 03:00:00,100.034450830645
2025-06-26 04:00:00,107.08012069122
2025-06-26 05:00:00,101.910294211941
2025-06-26 06:00:00,112.0789393309
2025-06-26 07:00:00,106.091590344221
2025-06-26 08:00:00,104.620172714058
2025-06-26 09:00:00,108.074994916852
2025-06-26 10:00:00,100.418932260061
2025-06-26 11:00:00,104.412107545114
2025-06-26 12:00:00,103.958521784851
2025-06-26 13:00:00,99.1358123842907
2025-06-26 14:00:00,100.021710854319
2025-06-26 15:00:00,98.1957285435304
2025-06-26 16:00:00,102.067021355551
2025-06-26 17:00:00,106.829651058581
2025-06-26 18:00:00,100.71685186111
2025-06-26 19:00:00,106.231915851689
2025-06-26 20:00:00,99.7838031835167
2025-06-26 21:00:00,106.901834874052
2025-06-26 22:00:00,107.739824082889
2025-06-26 23:00:00,105.353151827369
2025-06-27 00:00:00,104.559629504199
2025-06-27 01:00:00,107.985571897027
2025-06-27 02:00:00,105.010032509152
2025-06-27 03:00:00,80.3233084859771
2025-06-27 04:00:00,101.6173461804
2025-06-27 05:00:00,101.95975686944
2025-06-27 06:00:00,100.249717569148
2025-06-27 07:00:00,103.347541843197
2025-06-27 08:00:00,104.669201884017
2025-06-27 09:00:00,104.810812000257
2025-06-27 10:00:00,98.9236697447032
2025-06-27 11:00:00,105.24240445167
2025-06-27 12:00:00,101.02724274006
2025-06-27 13:00:00,101.06193822754
2025-06-27 14:00:00,102.943840144288
2025-06-27 15:00:00,106.118523217609
2025-06-27 16:00:00,104.83672376996
2025-06-27 17:00:00,95.2548558029768
2025-06-27 18:00:00,103.854833677348
2025-06-27 19:00:00,104.386593669242
2025-06-27 20:00:00,101.665307176525
2025-06-27 21:00:00,105.999592890536
2025-06-27 22:00:00,100.625003151226
2025-06-27 23:00:00,110.65810334855
2025-06-28 00:00:00,100.040408381436
2025-06-28 01:00:00,101.029266022988
2025-06-28 02:00:00,106.848139160071
2025-06-28 03:00:00,102.362712210374
2025-06-28 04:00:00,100.42495252971
2025-06-28 05:00:00,103.066937860063
2025-06-28 07:00:00,101.042002134146
2025-06-28 08:00:00,99.8025474216699
2025-06-28 09:00:00,108.905674689243
2025-06-28 10:00:00,104.622788523329
2025-06-28 11:00:00,100.838721846537
2025-06-28 12:00:00,103.43830306105
2025-06-28 13:00:00,100.443777957864
2025-06-28 14:00:00,106.003504615138
2025-06-28 15:00:00,101.277616877137
2025-06-28 16:00:00,109.784556998784
2025-06-29 06:00:00,104.760686353289
2025-06-29 07:00:00,105.068389865873
2025-06-29 08:00:00,102.979771593895
2025-06-29 09:00:00,107.964048238212
2025-06-29 10:00:00,103.873440477942
2025-06-29 11:00:00,105.304191061846
2025-06-29 12:00:00,102.050702956559
2025-06-29 13:00:00,103.063445310174
2025-06-29 14:00:00,100.173292942942
2025-06-29 15:00:00,100.524082015171
2025-06-29 16:00:00,102.325817282323
2025-06-29 17:00:00,98.7114826965354
2025-06-29 18:00:00,99.3771302499381
2025-06-29 19:00:00,105.178679701809
2025-06-29 20:00:00,100.495347717039
2025-06-29 21:00:00,102.683733301242
2025-06-29 22:00:00,103.165325936815
2025-06-29 23:00:00,101.474420414572
2025-06-30 00:00:00,103.968421763108
2025-06-30 01:00:00,77.6130778754011
2025-06-30 02:00:00,104.896027469158
2025-06-30 03:00:00,102.358999618856
2025-06-30 04:00:00,106.909453691998
2025-06-30 05:00:00,97.5924186255775
2025-06-30 06:00:00,99.5109410516946
2025-06-30 08:00:00,101.282579544016
2025-06-30 09:00:00,105.106170201343
2025-06-30 10:00:00,102.360659422623
2025-06-30 11:00:00,101.973247194131
2025-06-30 12:00:00,98.4211187974504
2025-06-30 13:00:00,100.800164868076
2025-06-30 14:00:00,102.156886889741
2025-06-30 15:00:00,100.46252486838
2025-06-30 16:00:00,98.4400182722055
2025-06-30 17:00:00,98.7700526395908
2025-06-30 18:00:00,109.179784570403
2025-06-30 19:00:00,99.6476258785099
2025-06-30 20:00:00,102.648200220976
2025-06-30 21:00:00,100.53116646926
2025-06-30 22:00:00,105.643770626571
2025-06-30 23:00:00,100.533170755149
2025-07-01 00:00:00,106.130807910679
2025-07-01 01:00:00,98.7598048669232
2025-07-01 02:00:00,100.588112077391
2025-07-01 03:00:00,104.366522857098
2025-07-01 04:00:00,100.245061765718
2025-07-01 05:00:00,106.873655179859
2025-07-01 06:00:00,100.141569624843
2025-07-01 07:00:00,96.8070970516446
2025-07-01 08:00:00,96.3738331745878
2025-07-01 09:00:00,105.123745372421
2025-07-01 12:00:00,102.281795445386
2025-07-01 13:00:00,105.333729650704
2025-07-01 14:00:00,103.106878149916
2025-07-01 15:00:00,99.8726721985576
2025-07-01 16:00:00,103.703301014034
2025-07-01 17:00:00,102.455434409408
2025-07-01 18:00:00,98.8737112068888
2025-07-01 19:00:00,105.142154271175
2025-07-01 20:00:00,106.251731847839
2025-07-01 21:00:00,103.483688656048
2025-07-01 22:00:00,106.589274932273
2025-07-01 23:00:00,103.31814365362
2025-07-02 00:00:00,107.859282299126
2025-07-02 01:00:00,
2025-07-02 02:00:00,
2025-07-02 03:00:00,
2025-07-02 04:00:00,
2025-07-02 05:00:00,
2025-07-02 06:00:00,103.016687068881
2025-07-02 07:00:00,96.6225722109236
2025-07-02 09:00:00,105.271404959087
2025-07-02 10:00:00,102.563186273018
2025-07-02 11:00:00,103.215696865975
2025-07-02 12:00:00,98.2708856528148
2025-07-02 13:00:00,99.4095998749428
2025-07-02 14:00:00,100.934682234307
2025-07-02 15:00:00,109.150912053611
2025-07-02 16:00:00,99.2903445110136
2025-07-02 17:00:00,99.4777669709423
2025-07-02 18:00:00,103.197896101989
2025-07-02 19:00:00,102.587674136872
2025-07-02 20:00:00,95.8463967048408
2025-07-02 21:00:00,104.608130185563
2025-07-02 22:00:00,96.4363387368354
2025-07-02 23:00:00,102.467086742045
2025-07-03 00:00:00,101.841194080269
2025-07-03 01:00:00,101.500422772419
2025-07-03 02:00:00,106.361318413138
2025-07-03 03:00:00,98.840264705099
2025-07-03 04:00:00,101.504260333248
2025-07-03 05:00:00,102.432928484729
2025-07-03 06:00:00,101.454298058003
2025-07-03 07:00:00,103.133042367319
2025-07-03 08:00:00,98.8472769554799
2025-07-03 09:00:00,102.255186307116
2025-07-03 10:00:00,106.226113288721
2025-07-03 11:00:00,95.9347324630493
2025-07-03 12:00:00,102.458144307502
2025-07-03 13:00:00,100.454614889439
2025-07-03 14:00:00,98.0591966989807
2025-07-03 15:00:00,101.085795771663
2025-07-03 16:00:00,98.2501791066596
2025-07-03 17:00:00,101.626681406417
2025-07-03 18:00:00,109.207817557439
2025-07-03 19:00:00,104.642788439744
2025-07-03 20:00:00,100.739894168763
2025-07-03 21:00:00,100.801896014748
2025-07-03 22:00:00,98.999751090521
2025-07-03 23:00:00,105.900384797579
2025-07-04 00:00:00,103.897096660813
2025-07-04 01:00:00,100.054936719789
2025-07-04 15:00:00,101.755763336799
2025-07-04 16:00:00,102.848494819749
2025-07-04 17:00:00,101.133247953454
2025-07-04 18:00:00,102.889289368036
2025-07-04 19:00:00,100.348812361924
2025-07-04 20:00:00,98.0872493455177
2025-07-04 21:00:00,99.3136277367242
2025-07-04 22:00:00,102.723673885042
2025-07-04 23:00:00,101.029555062209
2025-07-05 00:00:00,97.7284749451458
2025-07-05 01:00:00,99.4058648614954
2025-07-05 02:00:00,104.773627196988
2025-07-05 03:00:00,99.8380578875224
2025-07-05 04:00:00,105.77365954869
2025-07-05 05:00:00,102.842883410584
2025-07-05 06:00:00,99.8945391353008
2025-07-05 07:00:00,102.691734314194
2025-07-05 08:00:00,102.121560131753
2025-07-05 09:00:00,102.418686317597
2025-07-05 10:00:00,90.4232753580539
2025-07-05 11:00:00,99.1204895358283
2025-07-05 12:00:00,103.703681741103
2025-07-05 13:00:00,102.357396819692
2025-07-05 14:00:00,100.527200472048
2025-07-05 15:00:00,105.287399882575
2025-07-05 16:00:00,101.58277498831
2025-07-05 17:00:00,100.282852058472
2025-07-05 18:00:00,108.540674501102
2025-07-05 19:00:00,99.771965246977
2025-07-05 20:00:00,98.7911806216054
2025-07-05 21:00:00,102.67008988316
2025-07-05 22:00:00,99.6637580998926
2025-07-05 23:00:00,103.811710290678
2025-07-06 00:00:00,100.372203043833
2025-07-06 01:00:00,103.082503635191
2025-07-06 02:00:00,95.913220649293
2025-07-06 03:00:00,101.251779805501
2025-07-06 04:00:00,101.969828371376
2025-07-06 05:00:00,106.705362316062
2025-07-06 06:00:00,106.011383458081
2025-07-06 09:00:00,
2025-07-06 10:00:00,103.430780900663
2025-07-06 11:00:00,100.15077699454
2025-07-06 12:00:00,100.400374402554
2025-07-06 13:00:00,98.3716520824279
2025-07-06 14:00:00,101.619545374829
2025-07-06 15:00:00,99.6251572914871
2025-07-06 16:00:00,104.12984739325
2025-07-06 17:00:00,107.13585405493
2025-07-06 18:00:00,101.581945063296
2025-07-06 19:00:00,103.286187776576
2025-07-06 20:00:00,103.704580697808
2025-07-06 21:00:00,101.380577081809
2025-07-06 22:00:00,100.644502093986
2025-07-06 23:00:00,95.4149807368843
2025-07-07 00:00:00,106.234039422493
2025-07-07 01:00:00,101.46982371981
2025-07-07 02:00:00,99.2399115036903
2025-07-07 15:00:00,104.788690937556
2025-07-07 16:00:00,102.16676360742
2025-07-07 17:00:00,101.717589879111
2025-07-07 18:00:00,104.20826976463
2025-07-07 19:00:00,95.2617735190893
2025-07-07 20:00:00,100.357343199408
2025-07-07 21:00:00,99.0057512719882
2025-07-07 22:00:00,101.459992169414
2025-07-07 23:00:00,100.302753845306
2025-07-08 00:00:00,85.0246783773476
2025-07-08 01:00:00,101.0025716497
2025-07-08 02:00:00,102.790088053045
2025-07-08 03:00:00,100.925075057798
2025-07-08 04:00:00,100.472107054946
2025-07-08 05:00:00,104.47602823474
2025-07-08 07:00:00,99.9241365223366
2025-07-08 08:00:00,102.918113370664
2025-07-08 09:00:00,66.9467843632893
2025-07-08 10:00:00,100.818893744345
2025-07-08 11:00:00,102.266117220525
2025-07-08 12:00:00,96.8213873232671
2025-07-08 13:00:00,103.874417378047
2025-07-08 14:00:00,107.576762562904
2025-07-08 15:00:00,105.134668715966
2025-07-08 16:00:00,106.698317696139
2025-07-08 17:00:00,102.973398683411
2025-07-08 18:00:00,93.1777945620571
2025-07-08 19:00:00,100.520468135661
2025-07-08 20:00:00,100.706031593551
2025-07-08 21:00:00,100.347609563581
2025-07-08 22:00:00,104.140094103966
2025-07-08 23:00:00,99.6916006407967
2025-07-09 00:00:00,103.436642379158
2025-07-09 01:00:00,100.960190226708
2025-07-09 02:00:00,94.7670746614797
2025-07-09 03:00:00,101.334082124394
2025-07-09 04:00:00,101.383181583265
2025-07-09 05:00:00,94.0799455629928
2025-07-09 06:00:00,103.664838205298
2025-07-09 07:00:00,101.130483642161
2025-07-09 08:00:00,105.934246505343
2025-07-09 09:00:00,99.4383159834294
2025-07-09 10:00:00,99.6749965265335
2025-07-09 11:00:00,95.6409564859127
2025-07-09 12:00:00,102.890140002204
2025-07-09 13:00:00,98.2879933797338
2025-07-09 14:00:00,100.302375780487
2025-07-09 15:00:00,101.67515585894
2025-07-09 16:00:00,93.6492994946278
2025-07-09 17:00:00,102.87665995318
2025-07-09 18:00:00,103.750637336051
2025-07-09 19:00:00,101.432890598425
2025-07-09 20:00:00,102.102590945398
2025-07-09 21:00:00,101.568814627599
2025-07-09 22:00:00,100.009087448621
2025-07-09 23:00:00,100.502809987934
2025-07-10 00:00:00,106.146270004378
2025-07-10 01:00:00,102.221214180038
2025-07-10 02:00:00,96.0311879549277
2025-07-10 03:00:00,103.238325526433
2025-07-10 04:00:00,109.198316561123
2025-07-10 05:00:00,97.6850909660868
2025-07-10 06:00:00,103.845610546394
2025-07-10 07:00:00,103.514028807108
2025-07-10 08:00:00,104.765390116269
2025-07-10 09:00:00,83.937041819338
2025-07-10 10:00:00,102.883308932246
2025-07-10 11:00:00,103.860369269541
2025-07-10 12:00:00,98.54693074126
2025-07-10 13:00:00,99.6133503518887
2025-07-10 14:00:00,101.758166233558
2025-07-10 15:00:00,102.599934143964
2025-07-10 16:00:00,102.531911521816
2025-07-10 17:00:00,98.7567963822515
2025-07-10 18:00:00,99.1341540906005
2025-07-10 19:00:00,98.7059348896917
2025-07-10 20:00:00,104.434029863081
2025-07-10 21:00:00,105.598488797351
2025-07-10 22:00:00,103.843167110802
2025-07-10 23:00:00,103.184390475344
2025-07-11 00:00:00,101.992860962366
2025-07-11 01:00:00,100.302954087191
2025-07-11 02:00:00,96.4406085785857
2025-07-11 03:00:00,99.2535603890197
2025-07-11 04:00:00,96.1100558965049
2025-07-11 05:00:00,96.8156757722396
2025-07-11 18:00:00,101.198906838281
2025-07-11 19:00:00,97.0023291368914
2025-07-11 20:00:00,100.824803975204
2025-07-11 21:00:00,101.163619309778
2025-07-11 22:00:00,101.561913448447
2025-07-11 23:00:00,98.5265701786226
2025-07-12 00:00:00,102.380663416524
2025-07-12 01:00:00,100.699789164697
2025-07-12 02:00:00,99.688934749201
2025-07-12 03:00:00,101.074294509062
2025-07-12 04:00:00,103.402443911062
2025-07-12 05:00:00,102.045487921314
2025-07-12 07:00:00,102.602059257339
2025-07-12 08:00:00,96.957056151241
2025-07-12 09:00:00,99.741875435522
2025-07-12 10:00:00,105.264950721468
2025-07-12 11:00:00,105.655879453846
2025-07-12 12:00:00,97.5503255465465
2025-07-12 13:00:00,100.050728109
2025-07-12 14:00:00,95.076802293758
2025-07-12 15:00:00,100.929540430013
2025-07-12 16:00:00,100.813356885209
2025-07-12 17:00:00,105.779024619137
2025-07-12 18:00:00,100.501468249418
2025-07-12 19:00:00,102.576696427406
2025-07-12 20:00:00,
2025-07-12 21:00:00,
2025-07-12 22:00:00,
2025-07-12 23:00:00,
2025-07-13 00:00:00,101.012831706621
2025-07-13 01:00:00,104.014440558525
2025-07-13 02:00:00,105.04507752351
2025-07-13 03:00:00,96.4617708884909
2025-07-13 04:00:00,102.929608378287
2025-07-13 05:00:00,102.316798351979
2025-07-13 06:00:00,96.0019522210393
2025-07-13 07:00:00,102.065062751836
2025-07-13 08:00:00,97.8557505065708
2025-07-13 09:00:00,104.416615938994
2025-07-13 10:00:00,104.064777707112
2025-07-13 11:00:00,102.513747940472
2025-07-13 12:00:00,101.078461603017
2025-07-13 13:00:00,98.2449697124181
2025-07-13 14:00:00,101.452704318733
2025-07-13 15:00:00,99.532099234348
2025-07-13 16:00:00,100.619621376327
2025-07-13 17:00:00,102.333911115908
2025-07-13 18:00:00,100.332763322673
2025-07-13 19:00:00,102.594321786985
2025-07-13 20:00:00,96.3615126828451
2025-07-13 21:00:00,103.071623966355
2025-07-13 22:00:00,99.6403248348048
2025-07-13 23:00:00,100.446075575213
2025-07-14 00:00:00,94.7357981571659
2025-07-14 01:00:00,98.8873723819757
2025-07-14 02:00:00,94.3107873697376
2025-07-14 03:00:00,102.647289232941
2025-07-14 04:00:00,99.4406440166779
2025-07-14 06:00:00,95.8904400059789
2025-07-14 07:00:00,98.4220734399522
2025-07-14 08:00:00,102.087712407176
2025-07-14 09:00:00,96.9828819592727
2025-07-14 10:00:00,104.839024153538
2025-07-14 11:00:00,101.390223429305
2025-07-14 12:00:00,93.9019320305505
2025-07-14 13:00:00,104.243942168158
2025-07-14 14:00:00,108.166790772803
2025-07-14 15:00:00,98.5502760025272
2025-07-14 16:00:00,88.5412114595336
2025-07-14 17:00:00,99.5418820075446
2025-07-14 18:00:00,100.319012680716
2025-07-14 19:00:00,98.6532962731569
2025-07-14 20:00:00,94.0089636529151
2025-07-14 21:00:00,99.0492320687316
2025-07-14 22:00:00,99.1855341581842
2025-07-14 23:00:00,102.319960193491
2025-07-15 00:00:00,98.8928949212537
2025-07-15 01:00:00,102.885449519826
2025-07-15 02:00:00,100.137044774619
2025-07-15 03:00:00,101.489632256638
2025-07-15 04:00:00,95.2303962497106
2025-07-15 05:00:00,98.9031028778292
2025-07-15 06:00:00,94.1959966411073
2025-07-15 07:00:00,102.76916129458
2025-07-15 08:00:00,102.006719370358
2025-07-15 09:00:00,100.267602647253
2025-07-15 10:00:00,93.9175176064988
2025-07-15 11:00:00,98.8540196459885
2025-07-15 12:00:00,102.234092921562
2025-07-15 13:00:00,102.056542322314
2025-07-15 14:00:00,100.93157929162
2025-07-15 15:00:00,98.5837323061578
2025-07-15 16:00:00,93.5200713802211
2025-07-15 17:00:00,94.9426175335697
2025-07-15 18:00:00,99.2070950053482
2025-07-15 19:00:00,100.717005966544
2025-07-15 20:00:00,101.258570433679
2025-07-15 21:00:00,101.69156183599
2025-07-15 22:00:00,101.367521406794
2025-07-15 23:00:00,101.981135667988
2025-07-16 00:00:00,94.9969428212691
2025-07-16 01:00:00,96.1523357430146
2025-07-16 02:00:00,102.190191529293
2025-07-16 03:00:00,95.1378815919473
2025-07-16 04:00:00,105.270548818192
2025-07-16 05:00:00,101.137497981912
2025-07-16 06:00:00,100.05903079116
2025-07-16 07:00:00,100.149697565719
2025-07-16 21:00:00,100.134745046677
2025-07-16 22:00:00,100.954705805216
2025-07-16 23:00:00,100.977922983919
2025-07-17 00:00:00,100.32484232677
2025-07-17 01:00:00,89.7913887459211
2025-07-17 02:00:00,105.100911191253
2025-07-17 03:00:00,94.7015047954317
2025-07-17 04:00:00,99.1959450361158
2025-07-17 05:00:00,103.455186737846
2025-07-17 06:00:00,100.345486017156
2025-07-17 07:00:00,98.7908609068768
2025-07-17 08:00:00,100.648309592688
2025-07-17 09:00:00,95.8555722142073
2025-07-17 10:00:00,100.360880350201
2025-07-17 11:00:00,101.442371008259
2025-07-17 13:00:00,97.9402091226233
2025-07-18 01:00:00,96.9444904502346
2025-07-18 02:00:00,95.9768735406598
2025-07-18 03:00:00,95.7628476664426
2025-07-18 04:00:00,100.322125666292
2025-07-18 05:00:00,99.5038500336021
2025-07-18 06:00:00,101.655152002854
2025-07-18 08:00:00,98.898444157748
2025-07-18 09:00:00,97.9541467894101
2025-07-18 10:00:00,99.2414904262077
2025-07-18 11:00:00,97.9782747800158
2025-07-18 12:00:00,103.515816737402
2025-07-18 13:00:00,104.577640260219
2025-07-18 14:00:00,104.440206319316
2025-07-18 15:00:00,97.418630560413
2025-07-18 16:00:00,101.363759821358
2025-07-18 17:00:00,101.520672147052
2025-07-18 18:00:00,105.584486246517
2025-07-18 19:00:00,94.3341821904856
2025-07-18 20:00:00,98.8010212200109
2025-07-18 21:00:00,103.749421844188
2025-07-18 22:00:00,100.785716321139
2025-07-18 23:00:00,89.7672068357324
2025-07-19 00:00:00,104.939480732099
2025-07-19 01:00:00,98.7124471035611
2025-07-19 02:00:00,102.314606072067
2025-07-19 03:00:00,96.4969382582358
2025-07-19 04:00:00,100.171520280597
2025-07-19 05:00:00,98.7190466787763
2025-07-19 06:00:00,98.7626125645428
2025-07-19 07:00:00,103.528638526037
2025-07-19 08:00:00,104.690649811933
2025-07-19 09:00:00,99.9323954909506
2025-07-19 10:00:00,95.0152061636127
2025-07-19 11:00:00,107.565951367253
2025-07-19 12:00:00,100.451785417094
2025-07-19 13:00:00,102.660783732188
2025-07-19 14:00:00,101.223477283962
2025-07-19 15:00:00,77.3366759763404
2025-07-19 16:00:00,103.281418116695
2025-07-19 17:00:00,97.4386695820313
2025-07-19 18:00:00,100.37971351425
2025-07-19 19:00:00,94.6861663907595
2025-07-19 20:00:00,101.97041764842
2025-07-19 21:00:00,96.6119365289048
2025-07-19 22:00:00,93.0698301700073
2025-07-19 23:00:00,97.6303153286139
2025-07-20 00:00:00,101.795196280543
2025-07-20 01:00:00,103.254751373793
2025-07-20 02:00:00,100.239185666849
2025-07-20 03:00:00,101.394538209846
2025-07-20 04:00:00,106.37030192474
2025-07-20 05:00:00,102.78974702584
2025-07-20 06:00:00,93.9523706054123
2025-07-20 07:00:00,101.833886970129
2025-07-20 08:00:00,96.1726309864901
2025-07-20 09:00:00,102.541625079235
2025-07-20 10:00:00,102.372327132252
2025-07-20 11:00:00,101.293400897693
2025-07-20 12:00:00,101.846108074803
2025-07-20 13:00:00,97.3402791074145
2025-07-20 14:00:00,97.0663052056114
2025-07-20 15:00:00,98.085265987819
2025-07-20 16:00:00,98.3649441097318
2025-07-20 17:00:00,103.169101216485
2025-07-20 18:00:00,104.341567644113
2025-07-20 19:00:00,101.619732888633
2025-07-20 20:00:00,99.0607102270549
2025-07-20 21:00:00,100.510945516859
2025-07-20 22:00:00,99.7411897403397
2025-07-20 23:00:00,100.301519082961
2025-07-21 00:00:00,90.5550102703826
2025-07-21 01:00:00,98.4090868031079
2025-07-21 02:00:00,100.98742695838
2025-07-21 03:00:00,103.94496924003
2025-07-21 04:00:00,96.5991801369972
2025-07-21 05:00:00,98.0304496810146
2025-07-21 06:00:00,102.982711389847
2025-07-21 07:00:00,96.5944472602283
2025-07-21 09:00:00,95.2803214972755
2025-07-21 10:00:00,82.9854317720439
2025-07-21 11:00:00,102.323720755104
2025-07-21 12:00:00,
2025-07-21 13:00:00,
2025-07-21 14:00:00,
2025-07-21 15:00:00,
2025-07-21 16:00:00,100.900261570641
2025-07-22 06:00:00,104.755822957256
2025-07-22 07:00:00,106.266477120817
2025-07-22 08:00:00,
2025-07-22 09:00:00,
2025-07-22 10:00:00,91.3931224073935
2025-07-22 11:00:00,100.065755855092
2025-07-22 12:00:00,99.9731609175061
2025-07-22 13:00:00,103.158565866464
2025-07-22 14:00:00,102.324499882421
2025-07-22 15:00:00,104.357233040035
2025-07-22 16:00:00,96.2726853406336
2025-07-22 17:00:00,92.5914823391092
2025-07-22 18:00:00,100.81842347172
2025-07-22 19:00:00,96.5126717895011
2025-07-22 20:00:00,97.1254382845588
2025-07-22 21:00:00,96.9203711549774
2025-07-22 22:00:00,104.187608816357
2025-07-22 23:00:00,105.518262982652
2025-07-23 00:00:00,101.401757865468
2025-07-23 01:00:00,97.0280535083192
2025-07-23 02:00:00,97.3260442849027
2025-07-23 03:00:00,102.576012156564
2025-07-23 04:00:00,101.555759533333
2025-07-23 05:00:00,97.4814894720515
2025-07-23 06:00:00,98.65661735902
2025-07-23 07:00:00,94.2380903751084
2025-07-23 08:00:00,100.010153576744
2025-07-23 09:00:00,100.294660527687
2025-07-23 10:00:00,95.2736490600985
2025-07-23 11:00:00,100.385463425562
2025-07-23 12:00:00,99.1230913577027
2025-07-23 13:00:00,101.910763695283
2025-07-23 14:00:00,100.837021188116
2025-07-23 15:00:00,94.3093097927965
2025-07-23 16:00:00,99.2640491871774
2025-07-23 17:00:00,100.13105805444
2025-07-23 18:00:00,98.049556645684
2025-07-23 19:00:00,96.2903094553375
2025-07-23 20:00:00,94.8666282815364
2025-07-23 21:00:00,95.9742308991158
2025-07-23 22:00:00,100.074193735373
2025-07-23 23:00:00,94.5906964152097
2025-07-24 00:00:00,100.162987368581
2025-07-24 01:00:00,99.2060224587513
2025-07-24 02:00:00,96.1105441299809
2025-07-24 03:00:00,100.190715167092
2025-07-24 04:00:00,96.7117212915877
2025-07-24 05:00:00,98.8809146989904
2025-07-24 06:00:00,99.0951424828203
2025-07-24 07:00:00,100.29597549294
2025-07-24 08:00:00,101.379750908677
2025-07-24 10:00:00,100.423821950242
2025-07-24 11:00:00,96.087398368798
2025-07-24 12:00:00,97.9188112939065
2025-07-24 13:00:00,98.687071504723
2025-07-24 14:00:00,
2025-07-24 15:00:00,
2025-07-24 16:00:00,
2025-07-24 17:00:00,
2025-07-24 18:00:00,
2025-07-24 19:00:00,97.3862211339279
2025-07-24 20:00:00,99.8373359505786
2025-07-24 21:00:00,100.857793033416
2025-07-24 22:00:00,91.5891823511553
2025-07-24 23:00:00,107.431191976837
2025-07-25 00:00:00,97.2487867056123
2025-07-25 01:00:00,104.195529284866
2025-07-25 02:00:00,103.976863314879
2025-07-25 03:00:00,98.2754958917309
2025-07-25 04:00:00,102.561922643028
2025-07-25 05:00:00,97.1356961443214
2025-07-25 06:00:00,101.030571439834
2025-07-25 07:00:00,97.413406074602
2025-07-25 08:00:00,99.3758723021502
2025-07-25 09:00:00,100.845499640099
2025-07-25 10:00:00,96.31004186261
2025-07-25 11:00:00,96.9854310666125
2025-07-25 12:00:00,99.1668151908251
2025-07-25 13:00:00,99.0187099052401
2025-07-25 14:00:00,97.1421919319085
2025-07-25 15:00:00,101.09046830033
2025-07-25 16:00:00,103.21098771182
2025-07-25 17:00:00,92.5005572850154
2025-07-25 18:00:00,101.641444555163
2025-07-25 19:00:00,97.8413003548369
2025-07-26 07:00:00,95.2410004650525
2025-07-26 08:00:00,100.853975950185
2025-07-26 09:00:00,97.3342232039456
2025-07-26 11:00:00,98.793538834779
2025-07-26 12:00:00,107.971110194646
2025-07-26 13:00:00,97.1062092473281
2025-07-26 14:00:00,98.6022408595593
2025-07-26 15:00:00,98.7764924479514
2025-07-26 16:00:00,100.444938459618
2025-07-26 17:00:00,97.4469712607988
2025-07-26 18:00:00,103.070465739282
2025-07-26 19:00:00,79.0784208648113
2025-07-26 20:00:00,97.5409410178277
2025-07-26 21:00:00,97.7747897795663
2025-07-26 22:00:00,103.382288741078
2025-07-26 23:00:00,94.3849034793969
2025-07-27 00:00:00,98.8393249958463
2025-07-27 01:00:00,102.067358543966
2025-07-27 02:00:00,94.4589230989336
2025-07-27 03:00:00,99.3155189532776
2025-07-27 04:00:00,97.0570841360024
2025-07-27 05:00:00,98.1568381294745
2025-07-27 06:00:00,97.3117327389989
2025-07-27 07:00:00,99.616233210932
2025-07-27 08:00:00,102.026816351224
2025-07-27 09:00:00,105.206312530347
2025-07-27 10:00:00,99.8008798514666
2025-07-27 11:00:00,99.8801950682578
2025-07-27 12:00:00,100.506622314139
2025-07-27 13:00:00,97.6255510771414
2025-07-27 14:00:00,104.264091597562
2025-07-27 15:00:00,99.2081662378303
2025-07-27 16:00:00,101.909279766443
2025-07-27 17:00:00,102.758477034923
2025-07-27 18:00:00,95.0394120464705
2025-07-27 19:00:00,101.479612965867
2025-07-27 20:00:00,97.5509527008785
2025-07-27 21:00:00,98.0226043258879
2025-07-27 22:00:00,97.4386772076664
2025-07-27 23:00:00,96.8111273623097
2025-07-28 00:00:00,101.630159174824
2025-07-28 01:00:00,98.3313793704257
2025-07-28 02:00:00,101.25052769993
2025-07-28 03:00:00,98.0417466865501
2025-07-28 04:00:00,98.1335862942888
2025-07-28 05:00:00,98.2192636745556
2025-07-28 06:00:00,99.0532184915704
2025-07-28 07:00:00,101.657693612733
2025-07-28 08:00:00,97.726571702272
2025-07-28 09:00:00,99.3389102145401
2025-07-28 10:00:00,98.2061364888997
2025-07-28 11:00:00,97.2279685093673
2025-07-28 12:00:00,99.713682800535
2025-07-28 13:00:00,94.5716965982517
2025-07-28 14:00:00,97.4858903554561
2025-07-28 15:00:00,98.3991634451051
2025-07-28 16:00:00,93.945821123485
2025-07-28 17:00:00,99.1376558763885
2025-07-28 18:00:00,101.973141509043
2025-07-28 19:00:00,98.4646479391146
2025-07-28 20:00:00,94.8190872191332
2025-07-28 21:00:00,99.532888325855
2025-07-28 22:00:00,102.974576111226
2025-07-28 23:00:00,101.211322320335
2025-07-29 00:00:00,98.2691691921871
2025-07-29 01:00:00,101.708237962827
2025-07-29 02:00:00,99.0417577367009
2025-07-29 03:00:00,103.585830702476
2025-07-29 04:00:00,96.3191629733297
2025-07-29 05:00:00,95.8770144382107
2025-07-29 06:00:00,97.9654667365541
2025-07-29 07:00:00,99.4865239677813
2025-07-29 08:00:00,96.2100649445001
2025-07-29 09:00:00,95.524620280149
2025-07-29 10:00:00,91.9790020022408
2025-07-29 11:00:00,97.42986793417
2025-07-29 12:00:00,95.6823124712264
2025-07-29 13:00:00,95.1508848353703
2025-07-29 14:00:00,96.1804577844439
2025-07-29 15:00:00,99.409212797762
2025-07-29 16:00:00,96.9823601501446
2025-07-29 17:00:00,100.808230135344
2025-07-29 18:00:00,91.2133749507842
2025-07-29 19:00:00,94.6180019470498
2025-07-29 20:00:00,96.5013820370592
2025-07-29 21:00:00,94.1432108614891
2025-07-29 22:00:00,97.4154393969489
2025-07-29 23:00:00,97.1487974604806
2025-07-30 00:00:00,97.6811815579183
2025-07-30 01:00:00,101.489366000476
2025-07-30 02:00:00,120.959332790371
2025-07-30 03:00:00,94.8565800021523
2025-07-30 04:00:00,95.1164549223268
2025-07-30 05:00:00,93.8378090832626
2025-07-30 06:00:00,93.6862973266426
2025-07-30 22:00:00,97.5945483062033
2025-07-30 23:00:00,98.1006295940697
2025-07-31 00:00:00,96.5517145825364
2025-07-31 01:00:00,93.7928978931506
2025-07-31 02:00:00,97.3161958589763
2025-07-31 03:00:00,96.1896593525844
2025-07-31 04:00:00,100.336905975707
2025-07-31 05:00:00,96.413775629271
2025-07-31 06:00:00,95.7245949878261
2025-07-31 07:00:00,96.4157525327577
2025-07-31 08:00:00,95.5854556015668
2025-07-31 09:00:00,92.4810912946075
2025-07-31 10:00:00,92.9537850716157
2025-07-31 11:00:00,95.353038328179
2025-07-31 12:00:00,99.6142381902184
2025-07-31 13:00:00,97.7953918713739
2025-07-31 14:00:00,97.4749937956914
2025-07-31 15:00:00,98.4496722437917
2025-07-31 16:00:00,100.876538145289
2025-07-31 17:00:00,93.1206596788495
2025-07-31 18:00:00,96.3842961617433
2025-07-31 19:00:00,102.075574681561
2025-07-31 20:00:00,95.0219439471363
2025-07-31 21:00:00,94.2887521554664
2025-07-31 22:00:00,101.642270663854
2025-07-31 23:00:00,101.422008021072
2025-08-01 00:00:00,97.5716935376323
2025-08-01 01:00:00,97.4116964312479
2025-08-01 02:00:00,97.4998052277944
2025-08-01 03:00:00,97.1710595294898
2025-08-01 04:00:00,98.2803341759041
2025-08-01 05:00:00,99.3549852867943
2025-08-01 06:00:00,98.882412161063
2025-08-01 07:00:00,100.494042122008
2025-08-01 08:00:00,100.257915038064
2025-08-01 09:00:00,99.0305494298285
2025-08-01 10:00:00,
2025-08-01 11:00:00,
2025-08-01 12:00:00,
2025-08-01 13:00:00,
2025-08-01 14:00:00,
2025-08-01 15:00:00,97.7006752585035
2025-08-02 04:00:00,98.7502074655401
2025-08-02 05:00:00,98.4946201639977
2025-08-02 06:00:00,98.5403271426483
2025-08-02 07:00:00,97.2655013805503
2025-08-02 08:00:00,97.4351548777865
2025-08-02 09:00:00,97.6808606246281
2025-08-02 10:00:00,97.9593103846284
2025-08-02 11:00:00,98.4291573126085
2025-08-02 12:00:00,99.2681920439587
2025-08-02 13:00:00,98.7217235704946
2025-08-02 14:00:00,96.7325205136734
2025-08-02 15:00:00,96.6112502577144
2025-08-02 16:00:00,98.4864663548435
2025-08-02 17:00:00,97.1614403200741
2025-08-02 18:00:00,95.9997175627184
2025-08-02 19:00:00,98.8569269494893
2025-08-02 21:00:00,97.5552451587379
2025-08-02 22:00:00,97.1903345538203
2025-08-02 23:00:00,97.3558087717388
2025-08-03 00:00:00,97.8683830200595
2025-08-03 01:00:00,98.8375216482876
2025-08-03 02:00:00,94.9008861567194
2025-08-03 03:00:00,99.2387219435366
2025-08-03 04:00:00,
2025-08-03 05:00:00,97.5979317851168
2025-08-03 06:00:00,97.3437327339085
2025-08-03 07:00:00,97.4476718287109
2025-08-03 08:00:00,94.7521417410493
2025-08-03 09:00:00,96.5910904515831
2025-08-03 11:00:00,100.157740690038
2025-08-03 12:00:00,98.8917439613349
2025-08-03 13:00:00,100.026115665869
2025-08-04 20:00:00,96.9756608297163
2025-08-04 21:00:00,98.2386880747223
2025-08-04 22:00:00,99.3938100679134
2025-08-04 23:00:00,96.0390743553786
2025-08-05 00:00:00,98.2802971672513
2025-08-05 01:00:00,99.5307501608561
2025-08-05 02:00:00,96.2926058286146
2025-08-05 03:00:00,98.2131378683521
2025-08-05 04:00:00,95.9142078357126
2025-08-05 05:00:00,98.3392776330036
2025-08-05 06:00:00,96.4330932109628
2025-08-05 08:00:00,97.4353563292549
2025-08-05 09:00:00,96.6826726672796
2025-08-05 11:00:00,96.893624010487
2025-08-05 12:00:00,95.3073507549214
2025-08-05 13:00:00,95.8830204339437
2025-08-05 14:00:00,99.2097514831192
2025-08-05 15:00:00,97.1006706471059
2025-08-05 16:00:00,98.935270207405
2025-08-05 17:00:00,97.1394479204318
2025-08-05 18:00:00,99.0288883877133
2025-08-05 19:00:00,96.5157778785609
2025-08-05 20:00:00,97.7346763285943
2025-08-05 21:00:00,99.0381740731216
2025-08-05 22:00:00,97.4141889746998
2025-08-05 23:00:00,98.1616459909913
2025-08-06 00:00:00,98.0854274436321
2025-08-06 01:00:00,98.1682132283538
2025-08-06 02:00:00,95.3153923708278
2025-08-06 03:00:00,125.13131227618
2025-08-06 04:00:00,95.9039086882228
2025-08-06 05:00:00,94.8673136641933
2025-08-06 06:00:00,96.5031997405554
2025-08-06 07:00:00,97.3877478621004
2025-08-06 08:00:00,96.7355948658352
2025-08-06 09:00:00,96.5629471749456
2025-08-06 10:00:00,95.4903553066761
2025-08-06 11:00:00,95.9184150279237
2025-08-06 12:00:00,98.2506748116669
2025-08-06 13:00:00,96.82754104284
2025-08-07 03:00:00,96.2024560496656
2025-08-07 04:00:00,96.7149364439334
2025-08-07 05:00:00,96.0350645523686
2025-08-07 06:00:00,96.9232542303229
2025-08-07 09:00:00,97.9411150424469
2025-08-07 10:00:00,98.9512893240651
2025-08-07 11:00:00,97.9242204543121
2025-08-07 12:00:00,98.0667914585162
2025-08-07 13:00:00,96.4473525616617
2025-08-07 14:00:00,95.3974023830524
2025-08-07 15:00:00,96.3975505120115
2025-08-07 16:00:00,96.4809417048146
2025-08-07 17:00:00,96.8472543490924
2025-08-07 18:00:00,97.851138212716
2025-08-07 19:00:00,99.4778329648116
2025-08-07 20:00:00,96.3648671605687
2025-08-07 21:00:00,97.2162500785421
2025-08-07 22:00:00,97.397502284573
2025-08-07 23:00:00,99.4537218284775
2025-08-08 00:00:00,95.5129771550585
2025-08-08 01:00:00,98.368817600472
2025-08-08 02:00:00,96.7918583086403
2025-08-08 03:00:00,98.7265653872657
2025-08-08 04:00:00,97.7640524754024
2025-08-08 05:00:00,98.8990089404214
2025-08-08 06:00:00,97.1765730980873
2025-08-08 07:00:00,93.862181551145
2025-08-08 08:00:00,97.9025194803534
2025-08-08 09:00:00,97.0516842902073
2025-08-08 10:00:00,97.6926813227346
2025-08-08 11:00:00,95.8681458889795
2025-08-08 12:00:00,96.5684892030328
2025-08-08 13:00:00,97.261821414921
2025-08-08 14:00:00,96.7210829898835
2025-08-08 15:00:00,99.4743437664072
2025-08-08 16:00:00,98.0773073265474
2025-08-08 17:00:00,97.917844248366
2025-08-08 18:00:00,96.9034733285017
2025-08-08 19:00:00,97.4764421518314
2025-08-08 20:00:00,96.1122067031663
2025-08-08 21:00:00,98.4278618093589
2025-08-08 22:00:00,98.6290272538882
2025-08-08 23:00:00,97.6400525836324
2025-08-09 00:00:00,95.8375261859578
2025-08-09 01:00:00,95.5840798703898
2025-08-09 02:00:00,96.1827346988337
2025-08-09 03:00:00,96.3434460237386
2025-08-09 04:00:00,96.4149852788735
2025-08-09 05:00:00,97.1652853202605
2025-08-09 06:00:00,96.8010762630884
2025-08-09 07:00:00,80.0449359000276
2025-08-09 08:00:00,96.2339641647667
2025-08-09 09:00:00,97.0026685435029
2025-08-09 10:00:00,98.0359310839692
2025-08-09 11:00:00,97.5058973525346
2025-08-09 12:00:00,98.6714996507578
2025-08-09 13:00:00,96.1869356390332
2025-08-09 14:00:00,96.8074282528673
2025-08-09 15:00:00,97.0325821337829
2025-08-09 16:00:00,98.5725020021245
2025-08-09 17:00:00,96.8744105404374
2025-08-09 18:00:00,97.4484236767636
2025-08-09 19:00:00,97.4902821066867
2025-08-09 20:00:00,97.3425467296699
2025-08-09 21:00:00,97.4007125557704
2025-08-09 22:00:00,96.0962659268027
2025-08-10 11:00:00,95.2051854681514
2025-08-10 12:00:00,98.2068054372161
2025-08-10 13:00:00,98.4668689800949
2025-08-10 14:00:00,98.2836568722108
2025-08-10 15:00:00,96.4256072765166
2025-08-10 16:00:00,96.9463364344263
2025-08-10 17:00:00,94.4219198297732
2025-08-10 18:00:00,97.6171266527843
2025-08-10 19:00:00,97.2860393270209
2025-08-10 20:00:00,95.2429179395885
2025-08-10 21:00:00,95.8831169918973
2025-08-10 22:00:00,96.1382282681701
2025-08-10 23:00:00,96.6723162644342
2025-08-11 00:00:00,95.3281708068447
2025-08-11 01:00:00,98.2173182148723
2025-08-11 02:00:00,96.9657850420334
2025-08-11 03:00:00,95.6645657678727
2025-08-11 04:00:00,96.6341144354432
2025-08-11 05:00:00,98.1369772067839
2025-08-11 06:00:00,98.2631768745138
2025-08-11 08:00:00,96.0970770538231
2025-08-11 09:00:00,97.587015508931
2025-08-11 10:00:00,95.752235751002
2025-08-11 11:00:00,94.1291038963098
2025-08-11 12:00:00,97.3287434820907
2025-08-11 13:00:00,97.2464395489764
2025-08-11 14:00:00,96.2716005064502
2025-08-11 15:00:00,97.5467549178706
2025-08-11 16:00:00,96.6133465901516
2025-08-11 17:00:00,108.872175485554
2025-08-11 18:00:00,97.1617231242901
2025-08-11 19:00:00,98.2101631511013
2025-08-11 20:00:00,96.2540293862201
2025-08-11 21:00:00,98.2661637697511
2025-08-11 22:00:00,97.1751738501387
2025-08-11 23:00:00,94.9377315929423
2025-08-12 00:00:00,97.7330184770118
2025-08-12 01:00:00,95.9744962218991
2025-08-12 02:00:00,97.4909174919143
2025-08-12 03:00:00,96.8962832546533
2025-08-12 04:00:00,97.6679667380321
2025-08-12 05:00:00,99.1198673719743
2025-08-12 06:00:00,97.6824247446844
2025-08-12 07:00:00,97.6682601282411
2025-08-12 08:00:00,97.9791754003598
2025-08-12 09:00:00,98.463761161449
2025-08-12 10:00:00,96.5467838952561
2025-08-12 11:00:00,96.2517875383218
2025-08-12 12:00:00,96.340881222974
2025-08-12 13:00:00,97.0797071671973
2025-08-12 14:00:00,95.9720414330779
2025-08-12 15:00:00,98.3815994904806
2025-08-12 16:00:00,97.458597875414
2025-08-12 17:00:00,96.5882709326129
2025-08-12 18:00:00,95.8593098631913
2025-08-12 19:00:00,97.1776727701649
2025-08-12 20:00:00,96.4355456036051
2025-08-12 21:00:00,97.0688686963794
2025-08-12 22:00:00,97.8279070815036
2025-08-12 23:00:00,97.0058534622598
2025-08-13 00:00:00,95.1135861389592
2025-08-13 01:00:00,97.1701120129099
2025-08-13 02:00:00,97.7641008097433
2025-08-13 03:00:00,97.7826841337968
2025-08-13 04:00:00,99.2610570577999
2025-08-13 05:00:00,97.2273858480006
2025-08-13 06:00:00,95.4791719571466
2025-08-13 07:00:00,97.3334848324179
2025-08-13 08:00:00,97.2890254874707
2025-08-13 10:00:00,94.772655564426
2025-08-13 22:00:00,96.7408064294093
2025-08-13 23:00:00,96.9675882361949
2025-08-14 00:00:00,95.8496252856298
2025-08-14 01:00:00,97.8547770078308
2025-08-14 02:00:00,95.8414159842841
2025-08-14 03:00:00,95.614530935389
2025-08-14 04:00:00,98.7158564659996
2025-08-14 05:00:00,96.9672854725661
2025-08-14 06:00:00,96.7051101913467
2025-08-14 07:00:00,97.2856558872422
2025-08-14 08:00:00,97.8364195545439
2025-08-14 10:00:00,96.2514792935766
2025-08-14 11:00:00,
2025-08-14 12:00:00,
2025-08-14 13:00:00,
2025-08-14 14:00:00,
2025-08-14 15:00:00,
2025-08-14 16:00:00,96.4307399948594
2025-08-14 17:00:00,95.7736820196147
2025-08-14 18:00:00,97.4803100237048
2025-08-14 19:00:00,98.2154411501629
2025-08-14 20:00:00,96.1875276401572
2025-08-14 21:00:00,96.9496921243627
2025-08-14 22:00:00,96.8388194067333
2025-08-14 23:00:00,96.7975963332673
2025-08-15 00:00:00,114.183320904638
2025-08-15 01:00:00,97.0081073237674
2025-08-15 02:00:00,96.8996453380699
2025-08-15 03:00:00,94.2718634762357
2025-08-15 04:00:00,97.133800114206
2025-08-15 05:00:00,96.9094059142374
2025-08-15 06:00:00,95.9785163645341
2025-08-15 07:00:00,98.2255246621708
2025-08-15 08:00:00,96.3599046321986
2025-08-15 09:00:00,96.6260901034031
2025-08-15 11:00:00,97.0387776275609
2025-08-15 12:00:00,97.5032274132866
2025-08-15 13:00:00,95.5759528323113
2025-08-15 14:00:00,96.9448469547594
2025-08-15 15:00:00,95.0581823906188
2025-08-15 16:00:00,96.5520977399054
2025-08-15 17:00:00,96.1312320901808
2025-08-15 18:00:00,96.7237890857024
2025-08-15 19:00:00,96.4863847484546
2025-08-15 20:00:00,97.2658049581972
2025-08-15 21:00:00,96.7045202480503
2025-08-15 22:00:00,94.9298221925867
2025-08-15 23:00:00,97.0339337701167
2025-08-16 00:00:00,
2025-08-16 01:00:00,93.646739481791
2025-08-16 02:00:00,96.418093445772
2025-08-16 03:00:00,96.2352638701848
2025-08-16 04:00:00,97.8269656746092
2025-08-16 05:00:00,96.7755396110464
2025-08-16 06:00:00,96.7037730656303
2025-08-16 07:00:00,95.5934274198558
2025-08-16 08:00:00,94.8435014155123
2025-08-16 09:00:00,95.4664566202731
2025-08-16 10:00:00,97.8362915349905
2025-08-16 11:00:00,97.6396054696287
2025-08-16 12:00:00,96.3291849351449
2025-08-16 13:00:00,95.261147628891
2025-08-16 14:00:00,96.8327175521156
2025-08-16 15:00:00,96.6056618957441
2025-08-16 16:00:00,95.5947981683676
2025-08-16 17:00:00,98.0205410771637
2025-08-16 18:00:00,95.9148243059802
2025-08-16 19:00:00,96.7321105803332
2025-08-16 20:00:00,97.4167876892716
2025-08-16 21:00:00,96.898859606908
2025-08-16 22:00:00,95.8240177009013
2025-08-16 23:00:00,94.8017219928423
2025-08-17 00:00:00,94.8095479348127
2025-08-17 01:00:00,95.2981128411572
2025-08-17 13:00:00,97.486065812977
2025-08-17 15:00:00,95.433305932787
2025-08-17 16:00:00,96.6147323260848
2025-08-17 17:00:00,96.6417712404047
2025-08-17 18:00:00,96.5972506849486
2025-08-17 19:00:00,96.8012352405776
2025-08-17 20:00:00,96.2431864080403
2025-08-17 21:00:00,96.2834373582337
2025-08-17 22:00:00,97.812809131422
2025-08-17 23:00:00,96.9976781516713
2025-08-18 00:00:00,97.7811560634675
2025-08-18 01:00:00,95.7301622265364
2025-08-18 02:00:00,97.6309748397732
2025-08-18 03:00:00,96.4374568506616
2025-08-18 04:00:00,95.7345323523747
2025-08-18 05:00:00,97.5479583594221
2025-08-18 06:00:00,98.9437865752508
2025-08-18 07:00:00,95.8106287950553
2025-08-18 08:00:00,98.3993176039878
2025-08-18 09:00:00,93.6391989944128
2025-08-18 10:00:00,97.2293148268498
2025-08-18 11:00:00,97.0229257539289
2025-08-18 12:00:00,97.2623847057799
2025-08-18 13:00:00,94.2718787757105
2025-08-18 14:00:00,96.5806273435883
2025-08-18 15:00:00,94.6460502971873
2025-08-18 16:00:00,96.5526947013956
2025-08-18 17:00:00,96.1412505921054
2025-08-18 18:00:00,96.2602849779353
2025-08-18 19:00:00,97.2366202072964
2025-08-18 20:00:00,97.0008551442924
2025-08-18 21:00:00,95.9655507704111
2025-08-18 22:00:00,94.7299238508103
2025-08-18 23:00:00,96.7769010965572
2025-08-19 00:00:00,
2025-08-19 01:00:00,
2025-08-19 02:00:00,
2025-08-19 03:00:00,
2025-08-19 04:00:00,
2025-08-19 05:00:00,
2025-08-19 06:00:00,
2025-08-19 07:00:00,
2025-08-19 08:00:00,
2025-08-19 09:00:00,
2025-08-19 10:00:00,
2025-08-19 11:00:00,
2025-08-19 12:00:00,
2025-08-19 13:00:00,
2025-08-19 14:00:00,
2025-08-19 15:00:00,
2025-08-19 16:00:00,
2025-08-19 17:00:00,
2025-08-19 18:00:00,
2025-08-19 19:00:00,
2025-08-19 20:00:00,
2025-08-19 21:00:00,
2025-08-19 22:00:00,
2025-08-19 23:00:00,
2025-08-20 00:00:00,101.306746048625
2025-08-20 01:00:00,101.159588185369
2025-08-20 02:00:00,102.352124711887
2025-08-20 03:00:00,99.6718251151485
2025-08-20 04:00:00,100.553324607606
2025-08-20 05:00:00,101.012278310872
2025-08-20 06:00:00,100.73063459965
2025-08-20 07:00:00,101.363351163048
2025-08-20 08:00:00,100.774092855729
2025-08-20 09:00:00,102.458464285641
2025-08-20 10:00:00,101.234257626345
2025-08-20 12:00:00,101.328721910229
2025-08-20 13:00:00,101.356674385226
2025-08-20 14:00:00,102.426924779155
2025-08-20 15:00:00,101.875814688837
2025-08-20 16:00:00,113.85747221705
2025-08-20 17:00:00,100.203086386623
2025-08-20 18:00:00,101.2577101342
2025-08-20 19:00:00,100.798270791944
2025-08-20 20:00:00,100.844165828251
2025-08-20 21:00:00,101.644712197172
2025-08-20 22:00:00,100.961946126064
2025-08-20 23:00:00,100.872332225441
2025-08-21 00:00:00,101.435592286442
2025-08-21 01:00:00,101.258856905227
2025-08-21 02:00:00,101.007506793252
2025-08-21 03:00:00,100.983727292149
2025-08-21 04:00:00,101.239135631242
2025-08-21 05:00:00,101.166480141051
2025-08-21 15:00:00,100.674829531988
2025-08-21 17:00:00,101.124984645626
2025-08-21 18:00:00,100.694057482884
2025-08-21 19:00:00,100.800897275196
2025-08-21 20:00:00,100.347574044093
2025-08-21 21:00:00,101.024796087602
2025-08-21 22:00:00,101.298975434191
2025-08-21 23:00:00,101.190954429286
2025-08-22 00:00:00,100.808935500546
2025-08-22 01:00:00,101.186283022136
2025-08-22 02:00:00,99.7032536328926
2025-08-22 03:00:00,100.851603155783
2025-08-22 04:00:00,100.580604509443
2025-08-22 05:00:00,100.454041483397
2025-08-22 06:00:00,101.108879287468
2025-08-22 07:00:00,101.269336656635
2025-08-22 08:00:00,101.139166293615
2025-08-22 09:00:00,100.547167980842
2025-08-22 10:00:00,101.861224015109
2025-08-22 11:00:00,100.647047913494
2025-08-22 12:00:00,100.376693025288
2025-08-22 13:00:00,101.050876799195
2025-08-22 14:00:00,100.166570594367
2025-08-22 15:00:00,105.429177436192
2025-08-22 16:00:00,100.6291775763
2025-08-22 17:00:00,101.092512392244
2025-08-22 18:00:00,100.229038359788
2025-08-22 19:00:00,100.66917987657
2025-08-22 20:00:00,99.6376021049915
2025-08-22 21:00:00,101.015119624828
2025-08-22 22:00:00,100.350250426571
2025-08-22 23:00:00,100.377118146309
2025-08-23 00:00:00,99.4345203849687
2025-08-23 01:00:00,99.7837609459408
2025-08-23 02:00:00,99.1389363311205
2025-08-23 03:00:00,101.04474874056
2025-08-23 05:00:00,100.088731640631
2025-08-23 06:00:00,102.293895783541
2025-08-23 07:00:00,100.355129056048
2025-08-23 08:00:00,101.32599171816
2025-08-23 09:00:00,100.778256862834
2025-08-23 10:00:00,101.332181199869
2025-08-23 11:00:00,99.5114104743464
2025-08-23 12:00:00,103.667062720922
2025-08-23 13:00:00,100.702248202618
2025-08-23 14:00:00,100.412319910868
2025-08-23 15:00:00,100.262649774626
2025-08-23 16:00:00,99.8018735437862
2025-08-23 17:00:00,99.9843712862814
2025-08-23 18:00:00,100.410651556117
2025-08-23 19:00:00,100.405771904924
2025-08-23 20:00:00,100.425322474274
2025-08-23 21:00:00,100.52565690545
2025-08-23 22:00:00,102.920024919675
2025-08-23 23:00:00,103.509972515792
2025-08-24 00:00:00,100.357589744452
2025-08-24 01:00:00,99.8014991576448
2025-08-24 02:00:00,97.3184236532093
2025-08-24 03:00:00,89.5127247889734
2025-08-24 04:00:00,101.053156744249
2025-08-24 05:00:00,101.960303447837
2025-08-24 06:00:00,100.370210031909
2025-08-24 07:00:00,99.7098295439324
2025-08-24 08:00:00,101.074342469275
2025-08-24 09:00:00,100.669868644425
2025-08-24 10:00:00,100.203710589892
2025-08-24 11:00:00,99.6911051480891
2025-08-24 12:00:00,99.2253835480527
2025-08-24 13:00:00,100.207187591802
2025-08-24 14:00:00,100.858023089831
2025-08-24 15:00:00,100.773126314996
2025-08-24 16:00:00,100.48346121852
2025-08-24 17:00:00,100.038447354455
2025-08-24 18:00:00,99.6758249225614
2025-08-24 19:00:00,99.430682145588
2025-08-24 20:00:00,102.291645095705
2025-08-24 21:00:00,102.544963417066
2025-08-24 22:00:00,98.8720781952661
2025-08-24 23:00:00,101.551634137268
2025-08-25 00:00:00,100.628130159838
2025-08-25 01:00:00,101.606314858256
2025-08-25 02:00:00,100.013812126869
2025-08-25 03:00:00,99.0540583051397
2025-08-25 04:00:00,101.402555417669
2025-08-25 05:00:00,103.985516392705
2025-08-25 08:00:00,99.8173242180985
2025-08-25 09:00:00,100.696493759978
2025-08-25 10:00:00,96.9022948375847
2025-08-25 11:00:00,100.03154797844
2025-08-25 12:00:00,101.139763185502
2025-08-25 13:00:00,101.299910919022
2025-08-25 14:00:00,100.4217380466
2025-08-25 15:00:00,101.26289010149
2025-08-25 16:00:00,99.9222375396991
2025-08-25 17:00:00,100.492165729442
2025-08-25 18:00:00,100.387852921169
2025-08-25 19:00:00,102.954405145208
2025-08-26 08:00:00,99.6803208461199
2025-08-26 09:00:00,100.031331257777
2025-08-26 10:00:00,100.585824469724
2025-08-26 11:00:00,100.20826715523
2025-08-26 12:00:00,101.874515264426
2025-08-26 13:00:00,100.02729809096
2025-08-26 14:00:00,101.782110730233
2025-08-26 15:00:00,101.749726436386
2025-08-26 16:00:00,100.684995161363
2025-08-26 17:00:00,100.489308924524
2025-08-26 18:00:00,98.8020412028318
2025-08-26 19:00:00,99.0493531295362
2025-08-26 20:00:00,
2025-08-26 21:00:00,
2025-08-26 22:00:00,
2025-08-26 23:00:00,99.3452216883748
2025-08-27 00:00:00,99.3882823594001
2025-08-27 01:00:00,100.677322005613
2025-08-27 02:00:00,100.474801551895
2025-08-27 03:00:00,99.0605190276996
2025-08-27 04:00:00,98.4884802224469
2025-08-27 05:00:00,99.4670012995709
2025-08-27 06:00:00,71.3453558638035
2025-08-27 07:00:00,100.903887056032
2025-08-27 08:00:00,102.581602030205
2025-08-27 09:00:00,99.0783036649168
2025-08-27 10:00:00,99.0300387009605
2025-08-27 11:00:00,99.5026146136433
2025-08-27 12:00:00,100.2135521243
2025-08-27 13:00:00,104.179058712411
2025-08-27 14:00:00,100.921090610585
2025-08-27 15:00:00,98.7344834332788
2025-08-27 16:00:00,99.6554485145339
2025-08-28 04:00:00,98.6913048702746
2025-08-28 05:00:00,100.455374560534
2025-08-28 06:00:00,97.6811496185066
2025-08-28 07:00:00,100.195163428257
2025-08-28 08:00:00,100.5902730346
2025-08-28 09:00:00,98.7922865522142
2025-08-28 10:00:00,98.2876331904103
2025-08-28 11:00:00,98.6800865665525
2025-08-28 12:00:00,102.079314712038
2025-08-28 13:00:00,101.126695598335
2025-08-28 14:00:00,99.7420640483583
2025-08-28 15:00:00,100.578178020341
2025-08-28 16:00:00,101.846535131091
2025-08-28 17:00:00,99.9912896346355
2025-08-28 18:00:00,99.5507821180851
2025-08-28 19:00:00,99.3680733430692
2025-08-28 20:00:00,98.8512253670741
2025-08-28 21:00:00,98.3799495802048
2025-08-28 22:00:00,99.0773824962485
2025-08-28 23:00:00,100.367030733244
2025-08-29 00:00:00,99.5600064614614
2025-08-29 01:00:00,99.4228981484366
2025-08-29 02:00:00,98.3411527599926
2025-08-29 03:00:00,100.132562624524
2025-08-29 04:00:00,101.14959739622
2025-08-29 05:00:00,99.4247417909321
2025-08-29 06:00:00,99.825553644721
2025-08-29 07:00:00,99.7063817247974
2025-08-29 08:00:00,99.4238427348366
2025-08-29 09:00:00,99.5446559906392
2025-08-29 10:00:00,99.8634061471679
2025-08-29 11:00:00,98.6357277959118
2025-08-29 12:00:00,100.276863870485
2025-08-29 13:00:00,100.457248406742
2025-08-29 14:00:00,99.0106486195148
2025-08-29 15:00:00,98.6805599008261
2025-08-29 16:00:00,100.72908571678
2025-08-29 17:00:00,99.2139045654558
2025-08-29 18:00:00,100.334480200114
2025-08-29 19:00:00,99.4862665672443
2025-08-29 20:00:00,98.598651762572
2025-08-29 21:00:00,100.370888953621
2025-08-29 22:00:00,99.8736313000367
2025-08-29 23:00:00,102.79598998957
2025-08-30 00:00:00,98.544736251228
2025-08-30 01:00:00,98.3197969261822
2025-08-30 02:00:00,99.4443569329387
2025-08-30 03:00:00,100.243384305079
2025-08-30 04:00:00,99.7454776781308
2025-08-30 05:00:00,100.779570179675
2025-08-30 06:00:00,98.3213194459952
2025-08-30 07:00:00,100.59938654739
2025-08-30 08:00:00,99.2782218711691
2025-08-30 09:00:00,99.2896568003634
2025-08-30 10:00:00,100.789561165514
2025-08-30 11:00:00,100.536248539773
2025-08-30 12:00:00,101.088827655308
2025-08-30 13:00:00,99.3194414286826
2025-08-30 14:00:00,101.032433232861
2025-08-30 15:00:00,99.9671833041968
2025-08-30 16:00:00,99.2262871845164
2025-08-30 17:00:00,101.631814296048
2025-08-30 18:00:00,99.6195205515777
2025-08-30 19:00:00,98.7743156726522
2025-08-30 20:00:00,99.5978524486474
2025-08-30 21:00:00,100.199696262607
2025-08-30 22:00:00,100.971973149065
2025-08-30 23:00:00,100.598451032138
2025-08-31 00:00:00,100.176734122981
2025-08-31 01:00:00,98.6641512147602
2025-08-31 02:00:00,100.661337074007
2025-08-31 03:00:00,101.33496473995
2025-08-31 04:00:00,99.6397457670861
2025-08-31 05:00:00,101.242046390301
2025-08-31 06:00:00,98.9552211950553
2025-08-31 07:00:00,99.4390967806075
2025-08-31 08:00:00,99.3926448460252
2025-08-31 09:00:00,99.1153682327987
2025-08-31 10:00:00,100.125118960471
2025-08-31 11:00:00,100.635958539409
2025-08-31 12:00:00,99.9072148205247
2025-08-31 13:00:00,99.9286829516252
2025-08-31 14:00:00,99.8668973388125
2025-08-31 15:00:00,97.7907292943533
2025-08-31 16:00:00,102.432800313856
2025-08-31 17:00:00,100.444272833125
2025-08-31 18:00:00,100.932086516306
2025-08-31 20:00:00,100.64008778355
2025-08-31 21:00:00,98.5062130128468
2025-08-31 22:00:00,99.6865767922087
2025-08-31 23:00:00,99.1631874063333
2025-09-01 00:00:00,98.769887629096
2025-09-01 01:00:00,99.1046583946665
2025-09-01 02:00:00,
2025-09-01 03:00:00,
2025-09-01 04:00:00,101.722655112249
2025-09-01 05:00:00,99.4758169970058
2025-09-01 06:00:00,98.9414383346981
2025-09-01 07:00:00,100.466725880108
2025-09-01 08:00:00,98.9552364110052
2025-09-01 09:00:00,98.3152509205905
2025-09-01 10:00:00,99.4525579646844
2025-09-01 11:00:00,99.5548572003927
2025-09-01 12:00:00,99.5301109135191
2025-09-01 13:00:00,97.7507644353728
2025-09-01 14:00:00,97.215305275181
2025-09-01 15:00:00,97.9617476593665
2025-09-01 16:00:00,98.819595211241
2025-09-01 17:00:00,110.929732105173
2025-09-01 18:00:00,101.040003230541
2025-09-01 19:00:00,101.051776710109
2025-09-01 20:00:00,99.8002790497982
2025-09-01 21:00:00,99.009451047306
2025-09-01 22:00:00,97.1321038741409
2025-09-01 23:00:00,99.5078448959273
2025-09-02 00:00:00,98.7418707478185
2025-09-02 01:00:00,99.0598744209259
2025-09-02 02:00:00,97.5539862290484
2025-09-02 03:00:00,99.3947741140563
2025-09-02 04:00:00,98.5011319619495
2025-09-02 05:00:00,99.0449023719113
2025-09-02 08:00:00,98.7165740201238
2025-09-02 11:00:00,96.717203881506
2025-09-02 12:00:00,96.2341184105377
2025-09-02 13:00:00,100.654767931383
2025-09-02 14:00:00,99.5424559992488
2025-09-02 15:00:00,97.1263371287879
2025-09-02 16:00:00,98.3446240744936
2025-09-02 17:00:00,98.4259870448241
2025-09-02 18:00:00,97.9061445673209
2025-09-02 19:00:00,96.7541620009106
2025-09-03 07:00:00,96.8363376849934
2025-09-03 08:00:00,98.4512614755885
2025-09-03 09:00:00,96.2609111929362
2025-09-03 10:00:00,97.0622964556316
2025-09-03 11:00:00,97.4125628040355
2025-09-03 12:00:00,95.6452378865223
2025-09-03 13:00:00,99.2231454832283
2025-09-03 14:00:00,97.294225657754
2025-09-03 15:00:00,96.8953786274918
2025-09-03 16:00:00,97.3720488690674
2025-09-03 17:00:00,97.8123797551669
2025-09-03 18:00:00,98.184739134408
2025-09-03 19:00:00,97.9266563988145
2025-09-03 20:00:00,99.5785392176826
2025-09-03 21:00:00,98.8549469740865
2025-09-03 22:00:00,97.6479771740277
2025-09-03 23:00:00,96.4480206705905
2025-09-04 00:00:00,96.5690721091028
2025-09-04 01:00:00,95.3620164115774
2025-09-04 02:00:00,95.8462091838458
2025-09-04 03:00:00,96.06970672497
2025-09-04 04:00:00,97.022467564763
2025-09-04 18:00:00,95.6267716768657
2025-09-04 19:00:00,95.6193532334282
2025-09-04 20:00:00,99.9990419963397
2025-09-04 21:00:00,96.6501814096804
2025-09-04 22:00:00,96.9909515445619
2025-09-04 23:00:00,100.238923972949
2025-09-05 00:00:00,94.4801099954634
2025-09-05 01:00:00,95.7334305716002
2025-09-05 02:00:00,97.5904518010548
2025-09-05 03:00:00,95.6996925302133
2025-09-05 04:00:00,96.6854807860147
2025-09-05 05:00:00,98.4606368283347
2025-09-05 06:00:00,95.8884080260796
2025-09-05 07:00:00,95.2486696421354
2025-09-05 08:00:00,96.0931105705227
2025-09-05 09:00:00,95.9801400477962
2025-09-05 10:00:00,96.2705517180824
2025-09-05 11:00:00,94.9888763686266
2025-09-05 12:00:00,96.4821306548886
2025-09-05 13:00:00,96.5350974893916
2025-09-05 14:00:00,97.2111933729281
2025-09-05 15:00:00,111.346118008883
2025-09-05 16:00:00,95.1498844417233
2025-09-05 17:00:00,96.9040584325444
2025-09-05 18:00:00,97.1587045466661
2025-09-05 19:00:00,96.4031535594155
2025-09-05 20:00:00,95.5472016669325
2025-09-05 21:00:00,96.2509358203464
2025-09-05 22:00:00,96.6266334639226
2025-09-05 23:00:00,95.386704772763
2025-09-06 00:00:00,93.5637991836842
2025-09-06 01:00:00,96.0857965183175
2025-09-06 02:00:00,96.7533645142143
2025-09-06 03:00:00,95.4891726501631
2025-09-06 04:00:00,93.6374566822203
2025-09-06 05:00:00,96.4767307540035
2025-09-06 06:00:00,95.3330210256495
2025-09-06 07:00:00,97.3472831559233
2025-09-06 08:00:00,97.3267416288588
2025-09-06 09:00:00,95.0127708687642
2025-09-06 10:00:00,94.9661606060763
2025-09-06 11:00:00,97.6690803323475
2025-09-06 12:00:00,95.1609865930196
2025-09-06 13:00:00,98.6799386420806
2025-09-06 14:00:00,96.2590235852211
2025-09-06 15:00:00,97.0333158850476
2025-09-06 16:00:00,96.7778016187413
2025-09-06 17:00:00,95.9016417561962
2025-09-06 18:00:00,96.8228453718746
2025-09-06 19:00:00,93.8847273870278
2025-09-06 20:00:00,94.9447305006456
2025-09-06 21:00:00,95.8265889415769
2025-09-06 22:00:00,95.3449415993127
2025-09-06 23:00:00,96.3274108779216
2025-09-07 00:00:00,94.8748351108379
2025-09-07 01:00:00,94.106104664529
2025-09-07 02:00:00,93.7644858276206
2025-09-07 03:00:00,94.539965074803
2025-09-07 04:00:00,95.0603651123379
2025-09-07 05:00:00,95.5546305313509
2025-09-07 07:00:00,94.7917416926565
2025-09-07 08:00:00,93.3214636583701
2025-09-07 09:00:00,97.5213164630406
2025-09-07 10:00:00,94.9506293963016
2025-09-07 11:00:00,95.1925440173389
2025-09-07 12:00:00,94.3316735782057
2025-09-07 13:00:00,95.3699894394469
2025-09-07 14:00:00,94.825216085014
2025-09-07 15:00:00,95.3588338707017
2025-09-07 16:00:00,93.3598427552884
2025-09-07 17:00:00,95.1546570253996
2025-09-07 18:00:00,94.9428747764705
2025-09-07 19:00:00,95.1186010765513
2025-09-07 20:00:00,94.6509946829306
2025-09-07 21:00:00,95.3562277397164
2025-09-07 22:00:00,95.8812787186615
2025-09-07 23:00:00,95.9879503602307
2025-09-08 00:00:00,94.5199744565466
2025-09-08 01:00:00,93.808298235155
2025-09-08 02:00:00,93.816557732811
2025-09-08 04:00:00,93.6694078370671
2025-09-08 13:00:00,94.3988268402433
2025-09-08 14:00:00,95.1150085524557
2025-09-08 15:00:00,94.5102510086623
2025-09-08 16:00:00,93.9304086345404
2025-09-08 17:00:00,93.1698044990133
2025-09-08 18:00:00,96.6241584037086
2025-09-08 19:00:00,95.5678846561669
2025-09-08 20:00:00,109.967214999291
2025-09-08 21:00:00,93.8658895432994
2025-09-08 22:00:00,95.8847868917123
2025-09-08 23:00:00,93.6138174896426
2025-09-09 00:00:00,95.9348408119841
2025-09-09 01:00:00,95.9434926073526
2025-09-09 02:00:00,92.7317219344716
2025-09-09 03:00:00,95.8175302391496
2025-09-09 04:00:00,94.7058200085596
2025-09-09 05:00:00,92.0152226864894
2025-09-09 06:00:00,92.983736300625
2025-09-09 07:00:00,93.5739380578189
2025-09-09 08:00:00,93.1724282148312
2025-09-09 09:00:00,95.8082553156181
2025-09-09 22:00:00,94.3154705397645
2025-09-09 23:00:00,93.7170276547184
2025-09-10 00:00:00,94.3651022824582
2025-09-10 01:00:00,92.7276514887851
2025-09-10 02:00:00,94.5109782698031
2025-09-10 03:00:00,92.9253979156688
2025-09-10 04:00:00,93.7352474418403
2025-09-10 05:00:00,92.1121258829738
2025-09-10 06:00:00,92.8143405303794
2025-09-10 07:00:00,94.8634186878537
2025-09-10 08:00:00,94.2822291605871
2025-09-10 09:00:00,93.818813272436
2025-09-10 10:00:00,93.4154987981043
2025-09-10 11:00:00,93.0163511132577
2025-09-10 12:00:00,93.9504919883758
2025-09-10 13:00:00,93.5101338813925
2025-09-10 14:00:00,93.4070317716381
2025-09-10 15:00:00,93.7899830629554
2025-09-10 16:00:00,93.4473622944042
2025-09-10 17:00:00,94.434888804824
2025-09-10 18:00:00,93.8998677856444
2025-09-10 19:00:00,92.4471772009417
2025-09-10 20:00:00,93.8578990248292
2025-09-10 21:00:00,92.9374436088393
2025-09-10 22:00:00,93.017738443291
2025-09-10 23:00:00,92.9834475043796
2025-09-11 00:00:00,94.2516312015295
2025-09-11 01:00:00,92.7724974326082
2025-09-11 02:00:00,92.7719579396557
2025-09-11 03:00:00,96.0139235586978
2025-09-11 04:00:00,93.2373506413794
2025-09-11 05:00:00,93.278974215199
2025-09-11 06:00:00,94.4173273238845
2025-09-11 07:00:00,91.6844012638557
2025-09-11 08:00:00,93.9406199654993
2025-09-11 09:00:00,94.6103107816654
2025-09-11 10:00:00,91.8606183065175
2025-09-11 11:00:00,92.7555342989672
2025-09-11 12:00:00,92.4758374636739
2025-09-11 13:00:00,93.7505072499176
2025-09-11 14:00:00,92.8623328876981
2025-09-11 15:00:00,93.5187639244945
2025-09-11 16:00:00,93.3663869920325
2025-09-11 17:00:00,93.6906692178512
2025-09-11 18:00:00,92.5825123420376
2025-09-11 19:00:00,94.6084681452691
2025-09-11 20:00:00,92.2536125224608
2025-09-11 21:00:00,95.0618857214497
2025-09-11 22:00:00,95.0321430484111
2025-09-11 23:00:00,93.5134209863891
2025-09-12 00:00:00,94.8003978013334
2025-09-12 01:00:00,101.871427248596
2025-09-12 02:00:00,92.8771666751727
2025-09-12 03:00:00,93.6680565329453
2025-09-12 04:00:00,94.666291197457
2025-09-12 05:00:00,93.9291947816529
2025-09-12 06:00:00,90.5131224030141
2025-09-12 07:00:00,92.4367277760777
2025-09-12 09:00:00,92.2603631379707
2025-09-12 10:00:00,92.9195392669336
2025-09-12 11:00:00,92.779057971945
2025-09-12 12:00:00,93.9675932883286
2025-09-12 13:00:00,92.1680424072766
2025-09-12 14:00:00,92.7058909068275
2025-09-12 15:00:00,92.6787029489122
2025-09-12 16:00:00,92.8066081563708
2025-09-12 17:00:00,94.0466647325045
2025-09-12 18:00:00,91.9432519784475
2025-09-12 19:00:00,94.4810280686355
2025-09-12 20:00:00,92.0722005862526
2025-09-12 21:00:00,93.1285333205566
2025-09-12 22:00:00,91.3932985275358
2025-09-12 23:00:00,91.5078966220835
2025-09-13 00:00:00,90.7909867315092
2025-09-13 01:00:00,92.5714823313536
2025-09-13 02:00:00,93.3207703220255
2025-09-13 03:00:00,92.0613942233888
2025-09-13 04:00:00,93.2122313914259
2025-09-13 05:00:00,92.3631044428637
2025-09-13 06:00:00,94.1051093183667
2025-09-13 07:00:00,93.0174677326866
2025-09-13 08:00:00,91.1996858981382
2025-09-13 09:00:00,91.0569328882953
2025-09-13 10:00:00,91.465432786925
2025-09-13 11:00:00,95.3427992185143
2025-09-13 12:00:00,93.0768315865957
2025-09-14 00:00:00,92.0260244512438
2025-09-14 01:00:00,91.1542363213417
2025-09-14 02:00:00,92.5858129813761
2025-09-14 03:00:00,91.6727984427534
2025-09-14 04:00:00,91.2527933032468
2025-09-14 05:00:00,91.3508951531212
2025-09-14 06:00:00,92.5805037144173
2025-09-14 07:00:00,89.304123943988
2025-09-14 08:00:00,93.5735446121284
2025-09-14 09:00:00,94.9506180493681
2025-09-14 10:00:00,92.5178302984201
2025-09-14 11:00:00,92.1923936603761
2025-09-14 12:00:00,92.9556074245596
2025-09-14 13:00:00,90.9084437374836
2025-09-14 14:00:00,91.4169828458377
2025-09-14 15:00:00,91.64847921303
2025-09-14 16:00:00,91.3547848805906
2025-09-14 17:00:00,90.9414144597581
2025-09-14 18:00:00,90.7721700456238
2025-09-14 19:00:00,92.099840001681
2025-09-14 20:00:00,92.5387970482519
2025-09-14 21:00:00,90.9769199024882
2025-09-14 22:00:00,93.6013171699446
2025-09-14 23:00:00,92.4307294148619
2025-09-15 00:00:00,90.0009948914028
2025-09-15 01:00:00,79.8225679243754
2025-09-15 02:00:00,91.8872175899904
2025-09-15 03:00:00,89.4227389452218
2025-09-15 04:00:00,90.347990247822
2025-09-15 05:00:00,90.0484906294275
2025-09-15 06:00:00,88.4652253029962
2025-09-15 07:00:00,90.0489097522712
2025-09-15 08:00:00,90.1947870032827
2025-09-15 09:00:00,91.8890885500699
2025-09-15 10:00:00,93.2795143311559
2025-09-15 11:00:00,90.3661094239783
2025-09-15 12:00:00,92.4133514350725
2025-09-15 13:00:00,92.4357503861103
2025-09-15 14:00:00,91.3414591602013
2025-09-15 15:00:00,90.4063998494741
2025-09-15 16:00:00,92.0286182743962
2025-09-15 17:00:00,91.5524891650424
2025-09-15 18:00:00,91.9053587707568
2025-09-15 19:00:00,92.7717563368945
2025-09-15 20:00:00,90.3339816675031
2025-09-15 21:00:00,91.9127674828309
2025-09-15 22:00:00,91.398020231434
2025-09-15 23:00:00,90.6604718032022
2025-09-16 00:00:00,90.9905916865835
2025-09-16 01:00:00,91.623509453559
2025-09-16 02:00:00,90.2288874144593
2025-09-16 03:00:00,91.31152552846
2025-09-16 04:00:00,91.5531793788991
2025-09-16 05:00:00,88.2074249293191
2025-09-16 06:00:00,90.4753071059811
2025-09-16 07:00:00,91.132539399016
2025-09-16 08:00:00,88.948678356769
2025-09-16 09:00:00,91.4425452268053
2025-09-16 10:00:00,92.2384078352195
2025-09-16 11:00:00,88.9949885525168
2025-09-16 12:00:00,91.4792628625719
2025-09-16 13:00:00,91.090023138032
2025-09-16 14:00:00,91.6610945234909
2025-09-16 15:00:00,89.9897197606281
2025-09-16 16:00:00,91.1789494707051
2025-09-16 17:00:00,91.7230963868941
2025-09-16 18:00:00,90.9943854046361
2025-09-16 19:00:00,89.5709545276157
2025-09-16 20:00:00,91.1686391574638
2025-09-16 21:00:00,91.669128117403
2025-09-16 22:00:00,90.7267568837142
2025-09-16 23:00:00,90.0695999939188
2025-09-17 00:00:00,91.6455916770288
2025-09-17 01:00:00,89.596092863442
2025-09-17 02:00:00,88.9519202462024
2025-09-17 03:00:00,88.4031411294258
2025-09-17 04:00:00,91.0880072102433
2025-09-17 05:00:00,93.4072100207324
2025-09-17 06:00:00,91.9975242911567
2025-09-17 07:00:00,91.1422294903265
2025-09-17 08:00:00,89.2564171630696
2025-09-17 09:00:00,88.9070772295742
2025-09-17 10:00:00,91.8270198443609
2025-09-17 11:00:00,89.9525218149536
2025-09-17 12:00:00,90.4926742796192
2025-09-17 13:00:00,91.0275054391079
2025-09-17 14:00:00,88.880720642532
2025-09-17 16:00:00,90.7538846237567
2025-09-18 04:00:00,89.8943542419703
2025-09-18 05:00:00,91.0558678827118
2025-09-18 06:00:00,90.3278204327918
2025-09-18 08:00:00,89.7090190523939
2025-09-18 09:00:00,87.9309532665517
2025-09-18 10:00:00,89.1136615821358
2025-09-18 11:00:00,88.4663284686139
2025-09-18 12:00:00,89.8970839467425
2025-09-18 13:00:00,89.9138476867884
2025-09-18 14:00:00,89.7987451510865
2025-09-18 15:00:00,89.594872522478
2025-09-18 16:00:00,91.7514756034213
2025-09-18 17:00:00,89.9675925921051
2025-09-18 18:00:00,90.3880173174821
2025-09-18 19:00:00,89.1557687814782
2025-09-18 20:00:00,90.5983861456169
2025-09-18 21:00:00,91.2427557274531
2025-09-18 22:00:00,91.139042227651
2025-09-18 23:00:00,89.4767168477842
2025-09-19 00:00:00,89.6507636797191
2025-09-19 01:00:00,89.7107779401531
2025-09-19 02:00:00,90.050506293308
2025-09-19 03:00:00,87.9321311355831
2025-09-19 04:00:00,89.6192406175047
2025-09-19 05:00:00,91.5347820607784
2025-09-19 06:00:00,88.4425694775735
2025-09-19 07:00:00,87.7562221273815
2025-09-19 08:00:00,89.3918942805792
2025-09-19 09:00:00,107.97829315004
2025-09-19 10:00:00,92.0782140126968
2025-09-19 11:00:00,91.0465543394277
2025-09-19 12:00:00,91.2703033218857
2025-09-19 13:00:00,88.1868005098319
2025-09-19 14:00:00,88.3541165284312
2025-09-19 15:00:00,88.5644463818146
2025-09-19 16:00:00,89.5151988605328
2025-09-19 17:00:00,89.0754990208451
2025-09-19 18:00:00,87.6992051174156
2025-09-19 19:00:00,89.5005890522736
2025-09-19 20:00:00,89.6392373903992
2025-09-19 21:00:00,90.1142598035511
2025-09-19 22:00:00,88.8121028655632
2025-09-19 23:00:00,88.1252368549135
2025-09-20 00:00:00,87.6110259359495
2025-09-20 01:00:00,87.4623519481422
2025-09-20 02:00:00,87.7821574893956
2025-09-20 03:00:00,89.1008182649686
2025-09-20 04:00:00,87.0198519262657
2025-09-20 05:00:00,86.7245329771862
2025-09-20 06:00:00,88.8814471845293
2025-09-20 07:00:00,88.8670495948712
2025-09-20 09:00:00,88.9401761415568
2025-09-20 10:00:00,89.6331138993753
2025-09-20 11:00:00,87.6690340929887
2025-09-20 12:00:00,87.403966057127
2025-09-20 13:00:00,87.3127947349808
2025-09-20 14:00:00,87.8073741730856
2025-09-20 15:00:00,85.0563721036463
2025-09-20 16:00:00,86.7081133014947
2025-09-20 17:00:00,86.7950157675408
2025-09-20 18:00:00,88.886529852782
2025-09-20 19:00:00,89.4880454859825
2025-09-20 20:00:00,88.7920978468209
2025-09-20 21:00:00,88.2223731291943
2025-09-20 22:00:00,88.2212999001746
2025-09-20 23:00:00,89.68104153137
2025-09-21 00:00:00,89.4960015403719
2025-09-21 01:00:00,85.3999851547448
2025-09-21 02:00:00,86.7435088970311
2025-09-21 03:00:00,88.8832257550937
2025-09-21 04:00:00,86.0630372809538
2025-09-21 05:00:00,86.7302563136302
2025-09-21 06:00:00,87.3004758991022
2025-09-21 07:00:00,87.6880365456948
2025-09-21 08:00:00,86.7355653518501
2025-09-21 09:00:00,86.4482913079144
2025-09-21 10:00:00,87.7593691382072
2025-09-21 11:00:00,87.173345133381
2025-09-21 12:00:00,89.4569603728524
2025-09-21 13:00:00,86.8484335901282
2025-09-21 14:00:00,86.0226399030259
2025-09-21 15:00:00,86.5511095426166
2025-09-21 16:00:00,85.1208157734306
2025-09-21 17:00:00,
2025-09-21 18:00:00,
2025-09-22 07:00:00,
2025-09-22 08:00:00,
2025-09-22 09:00:00,
2025-09-22 10:00:00,86.9204341940267
2025-09-22 11:00:00,85.7500984261423
2025-09-22 12:00:00,
2025-09-22 13:00:00,84.6485538284377
2025-09-22 14:00:00,86.5993795429117
2025-09-22 15:00:00,84.9320293319739
2025-09-22 16:00:00,85.1928062672559
2025-09-22 17:00:00,84.7974075921252
2025-09-22 18:00:00,85.93620923182
2025-09-22 19:00:00,85.5380158991053
2025-09-22 20:00:00,85.9600533542324
2025-09-22 21:00:00,87.7709677849805
2025-09-22 22:00:00,87.1730629464955
2025-09-22 23:00:00,87.2828314056244
2025-09-23 00:00:00,85.3910892170345
2025-09-23 01:00:00,84.4459428016062
2025-09-23 02:00:00,87.842739175672
2025-09-23 03:00:00,85.5481604495819
2025-09-23 04:00:00,85.1382841392023
2025-09-23 05:00:00,85.6163809344842
2025-09-23 06:00:00,85.7699573490458
2025-09-23 07:00:00,65.1189620542038
2025-09-23 08:00:00,84.0980743175577
2025-09-23 09:00:00,84.1239125137487
2025-09-23 10:00:00,86.0075960981411
2025-09-23 11:00:00,85.1682322643858
2025-09-23 12:00:00,85.036605339798
2025-09-23 13:00:00,85.2048149637417
2025-09-23 14:00:00,84.3119400124295
2025-09-23 15:00:00,85.9849525452074
2025-09-23 16:00:00,86.2054927611088
2025-09-23 17:00:00,85.4907022548982
2025-09-24 07:00:00,86.3109331319645
2025-09-24 08:00:00,84.5588304460917
2025-09-24 09:00:00,84.0106273685241
2025-09-24 10:00:00,85.9438790672178
2025-09-24 11:00:00,84.0139514756106
2025-09-24 12:00:00,84.3936455765391
2025-09-24 13:00:00,84.0926275438876
2025-09-24 14:00:00,84.6489407386647
2025-09-24 15:00:00,83.9712295832946
2025-09-24 16:00:00,85.5942388537036
2025-09-24 17:00:00,83.6887187418911
2025-09-24 18:00:00,84.8478320574324
2025-09-24 19:00:00,84.9241506748638
2025-09-24 20:00:00,83.1056645736275
2025-09-24 21:00:00,84.1418712520937
2025-09-24 22:00:00,85.5049054676777
2025-09-24 23:00:00,84.8431687251332
2025-09-25 00:00:00,84.8850736828669
2025-09-25 01:00:00,82.9675781908661
2025-09-25 02:00:00,84.4558689326999
2025-09-25 03:00:00,84.9556676704919
2025-09-25 04:00:00,82.8507680142051
2025-09-25 05:00:00,83.316038922117
2025-09-25 06:00:00,84.2254167597597
2025-09-25 07:00:00,82.9737466686152
2025-09-25 08:00:00,81.6410033858432
2025-09-25 09:00:00,84.3864862094704
2025-09-25 10:00:00,84.3069540281269
2025-09-25 11:00:00,83.4388940241834
2025-09-25 12:00:00,85.0126371408478
2025-09-25 13:00:00,84.1906630766564
2025-09-25 14:00:00,83.2051101064738
2025-09-25 15:00:00,82.5502596243918
2025-09-25 16:00:00,84.371869521004
2025-09-25 17:00:00,84.3693120508465
2025-09-25 18:00:00,83.8796891598036
2025-09-25 19:00:00,85.0471014747218
2025-09-25 20:00:00,84.6501993787518
2025-09-25 21:00:00,81.5005233161907
2025-09-25 22:00:00,84.174444991072
2025-09-25 23:00:00,84.8119638423333
2025-09-26 00:00:00,83.5809458571209
2025-09-26 01:00:00,81.9550363981496
2025-09-26 02:00:00,83.9187936592239
2025-09-26 03:00:00,83.5125893083924
2025-09-26 04:00:00,82.1029361893163
2025-09-26 05:00:00,82.8602426044681
2025-09-26 06:00:00,83.4811099459004
2025-09-26 08:00:00,83.1681194976932
2025-09-26 09:00:00,84.9357946511478
2025-09-26 10:00:00,82.5724599200658
2025-09-26 11:00:00,84.6911015186913
2025-09-26 12:00:00,82.8011757652916
2025-09-26 13:00:00,82.68778907398
2025-09-26 14:00:00,83.5765645288467
2025-09-26 15:00:00,83.1449171257795
2025-09-26 16:00:00,83.0928966954011
2025-09-26 17:00:00,81.1349557002906
2025-09-26 18:00:00,81.2822592379036
2025-09-26 19:00:00,84.604757965926
2025-09-26 20:00:00,82.1511519205301
2025-09-26 21:00:00,83.3537942831539
2025-09-26 22:00:00,83.1236368116495
2025-09-26 23:00:00,81.9572215044861
2025-09-27 00:00:00,82.185667674911
2025-09-27 01:00:00,81.2838806816128
2025-09-27 02:00:00,83.1415972876056
2025-09-27 03:00:00,82.0744667000522
2025-09-27 04:00:00,82.1731250212012
2025-09-27 05:00:00,83.6755925622953
2025-09-27 06:00:00,98.1606349911818
2025-09-27 07:00:00,82.7065713883161
2025-09-27 08:00:00,82.6133115284459
2025-09-27 09:00:00,83.070692597564
2025-09-27 10:00:00,82.1822668714452
2025-09-27 11:00:00,81.4128953021656
2025-09-27 12:00:00,82.1281217070612
2025-09-27 13:00:00,82.0458360263571
2025-09-27 14:00:00,82.0541780782856
2025-09-27 15:00:00,82.7799323025494
2025-09-27 16:00:00,83.1932869599652
2025-09-27 17:00:00,80.2475888391802
2025-09-27 18:00:00,82.919452714963
2025-09-27 19:00:00,82.8270488824066
2025-09-28 10:00:00,81.1747271177112
2025-09-28 11:00:00,80.2695300637119
2025-09-28 12:00:00,81.4476096239844
2025-09-28 13:00:00,85.0199987556589
2025-09-28 14:00:00,81.2141473296293
2025-09-28 15:00:00,80.7117162045892
2025-09-28 16:00:00,79.7176908922371
2025-09-28 17:00:00,80.8072480717966
2025-09-28 18:00:00,81.7526656235197
2025-09-28 19:00:00,82.4665542004889
2025-09-28 20:00:00,81.6968847683915
2025-09-28 21:00:00,83.4083537628491
2025-09-28 22:00:00,80.7734370617581
2025-09-28 23:00:00,80.0104527547623
2025-09-29 00:00:00,82.338400847575
2025-09-29 01:00:00,80.4292440481574
2025-09-29 02:00:00,82.6698111631645
2025-09-29 03:00:00,79.4642651256002
2025-09-29 04:00:00,79.4882544462643
2025-09-29 05:00:00,81.0994378674088
2025-09-29 06:00:00,81.3737510154333
2025-09-29 07:00:00,81.0218941193545
2025-09-29 08:00:00,81.4646123944484
2025-09-29 09:00:00,81.084364000389
2025-09-29 10:00:00,80.4472722639141
2025-09-29 11:00:00,79.7411636996951
2025-09-29 12:00:00,80.3787757493376
2025-09-29 13:00:00,81.7682429982548
2025-09-29 14:00:00,84.0961536128948
2025-09-29 15:00:00,81.4552946223133
2025-09-29 16:00:00,81.1006801244056
2025-09-29 17:00:00,79.3750122721993
2025-09-29 18:00:00,81.3133204281512
2025-09-29 19:00:00,81.7577121706277
2025-09-29 20:00:00,82.0556339609101
2025-09-29 21:00:00,82.4049123011281
2025-09-29 22:00:00,81.3241648251832
2025-09-29 23:00:00,79.7483644474818
2025-09-30 00:00:00,82.1433943715863
2025-09-30 01:00:00,82.2300309327869
2025-09-30 02:00:00,81.0132638080769
2025-09-30 03:00:00,80.1299083739571
2025-09-30 04:00:00,80.5019220032598
2025-09-30 05:00:00,79.2239763193593
2025-09-30 07:00:00,79.6381034183681
2025-09-30 08:00:00,80.8259670634895
2025-09-30 09:00:00,80.75841647825
2025-09-30 10:00:00,77.8744680734537
2025-09-30 11:00:00,81.415808744236
2025-09-30 12:00:00,80.5525469881902
2025-09-30 13:00:00,81.7093257842593
2025-09-30 14:00:00,81.5213040378655
2025-09-30 15:00:00,78.9327964103607
2025-09-30 16:00:00,80.8050952611054
2025-09-30 17:00:00,81.975814675764
2025-09-30 18:00:00,80.4139946588764
2025-09-30 19:00:00,81.4347641842508
2025-09-30 20:00:00,79.7310060610797
2025-09-30 21:00:00,79.636480987888
2025-09-30 22:00:00,77.2998199923227
2025-09-30 23:00:00,80.3317157446785
2025-10-01 01:00:00,80.1039492632756
2025-10-01 02:00:00,80.5173388390123
2025-10-01 03:00:00,79.7625943369776
2025-10-01 06:00:00,79.7135983759373
2025-10-01 07:00:00,80.6431454486498
2025-10-01 08:00:00,79.7976041635379
2025-10-01 09:00:00,78.7801960565303
2025-10-01 10:00:00,80.1979360046214
2025-10-01 11:00:00,81.2070065027654
2025-10-01 12:00:00,80.2461500032759
2025-10-01 13:00:00,81.3944284409736
2025-10-01 14:00:00,80.2923875980326
2025-10-01 15:00:00,80.5773807219019
2025-10-01 23:00:00,80.2070512081936
2025-10-02 10:00:00,78.9650386349766
2025-10-02 11:00:00,79.3902694674159
2025-10-02 12:00:00,78.2270509003894
2025-10-02 13:00:00,79.0382842980586
2025-10-02 14:00:00,78.6404798578066
2025-10-02 15:00:00,80.5011080346855
2025-10-02 16:00:00,78.3824079178172
2025-10-02 17:00:00,80.2376007250717
2025-10-02 18:00:00,79.1730052560381
2025-10-02 19:00:00,78.9674516666062
2025-10-02 20:00:00,80.1182067109779
2025-10-02 21:00:00,78.9432678087121
2025-10-02 22:00:00,79.8475375851428
2025-10-02 23:00:00,78.4119501733934
2025-10-03 00:00:00,78.8560491870496
2025-10-03 01:00:00,79.4973458946813
2025-10-03 02:00:00,77.9112631044737
2025-10-03 04:00:00,76.5331242460847
2025-10-03 05:00:00,80.8895233468297
2025-10-03 06:00:00,76.3648491384273
2025-10-03 07:00:00,79.0719320911398
2025-10-03 11:00:00,78.9477962029998
2025-10-03 12:00:00,79.3626738850595
2025-10-03 13:00:00,77.9500567686623
2025-10-03 14:00:00,80.244908486959
2025-10-03 15:00:00,78.1374113132531
2025-10-03 16:00:00,77.5391611488987
2025-10-03 17:00:00,77.1318049822179
2025-10-03 18:00:00,96.5664718602584
2025-10-03 19:00:00,78.2255940933736
2025-10-03 20:00:00,78.1880147166392
2025-10-03 21:00:00,79.3764513943279
2025-10-03 22:00:00,78.940136481489
2025-10-03 23:00:00,78.935084763303
2025-10-04 00:00:00,77.6528241716735
2025-10-04 01:00:00,78.3945505002233
2025-10-04 02:00:00,77.9637112275526
2025-10-04 03:00:00,79.7176808057883
2025-10-04 04:00:00,77.2601902478243
2025-10-04 05:00:00,75.2797329567636
2025-10-04 06:00:00,75.0387078125771
2025-10-04 07:00:00,78.3436691505669
2025-10-04 08:00:00,78.5370744913145
2025-10-04 09:00:00,77.6670395268914
2025-10-04 10:00:00,78.8228046389687
2025-10-04 11:00:00,75.7578477352826
2025-10-04 12:00:00,96.6672229849593
2025-10-04 13:00:00,77.8489274315146
2025-10-04 14:00:00,77.8735187094575
2025-10-04 15:00:00,78.2121787545893
2025-10-04 16:00:00,78.7351593965666
2025-10-04 17:00:00,77.8320325126671
2025-10-04 18:00:00,76.499312574554
2025-10-04 19:00:00,79.4897673865605
2025-10-04 20:00:00,77.211029013985
2025-10-04 21:00:00,77.6398267392864
2025-10-04 22:00:00,76.8540232378604
2025-10-04 23:00:00,78.2204288610587
2025-10-05 00:00:00,76.2159173307341
2025-10-05 01:00:00,76.4814553479429
2025-10-05 02:00:00,77.5424262507495
2025-10-05 03:00:00,76.7257405576433
2025-10-05 04:00:00,76.3909251529639
2025-10-05 05:00:00,77.0653505725162
2025-10-05 06:00:00,77.6929503345145
2025-10-05 07:00:00,76.6225606313529
2025-10-05 08:00:00,75.9053504931157
2025-10-05 09:00:00,76.4426872475327
2025-10-05 10:00:00,77.1678762586559
2025-10-05 11:00:00,77.0961942940706
2025-10-05 12:00:00,76.0518638465011
2025-10-05 13:00:00,76.8015428486635
2025-10-05 14:00:00,75.876218270744
2025-10-05 15:00:00,75.066366625385
2025-10-05 16:00:00,78.197235946035
2025-10-05 17:00:00,77.3150896952109
2025-10-05 18:00:00,77.1423626176516
2025-10-05 19:00:00,76.9955177757549
2025-10-05 20:00:00,77.0421373035656
2025-10-05 21:00:00,75.3082493579193
2025-10-05 23:00:00,75.9726755072579
2025-10-08 21:00:00,76.4974033829018
2025-10-08 23:00:00,75.2005453165254
2025-10-09 00:00:00,74.04096868176
2025-10-09 01:00:00,76.0022063647981
2025-10-09 02:00:00,73.6614615649386
2025-10-09 03:00:00,80.789798847934
2025-10-09 04:00:00,74.254342513937
2025-10-09 05:00:00,74.3926956295232
2025-10-09 06:00:00,74.673980765286
2025-10-09 07:00:00,75.1607916601444
2025-10-09 08:00:00,75.1231566274966
2025-10-09 09:00:00,74.7520990448936
2025-10-09 10:00:00,75.7795582791983
2025-10-09 11:00:00,74.6956034486708
2025-10-09 12:00:00,74.2007486866599
2025-10-09 13:00:00,73.5715905868573
2025-10-09 14:00:00,75.5155389314947
2025-10-09 15:00:00,75.2965788675351
2025-10-09 16:00:00,73.907669020494
2025-10-09 17:00:00,73.2982039295867
2025-10-09 18:00:00,74.608385115162
2025-10-09 19:00:00,73.488773117271
2025-10-09 20:00:00,74.0418171578543
2025-10-09 21:00:00,75.8054941600366
2025-10-09 22:00:00,75.2704514324126
2025-10-09 23:00:00,75.0331371250624
2025-10-10 00:00:00,73.0452028689094
2025-10-10 01:00:00,73.2586253678095
2025-10-10 13:00:00,73.6867444625213
2025-10-10 14:00:00,74.2906383074373
2025-10-10 15:00:00,72.6944586856411
2025-10-10 16:00:00,75.9899685326294
2025-10-10 17:00:00,74.6581121637233
2025-10-10 18:00:00,72.6862160679951
2025-10-10 19:00:00,72.9838224173293
2025-10-10 20:00:00,72.4757680463605
2025-10-10 21:00:00,72.1919934727681
2025-10-10 22:00:00,73.4982415594231
2025-10-10 23:00:00,72.9158017924291
2025-10-11 00:00:00,72.0718447878499
2025-10-11 01:00:00,74.1056362922567
2025-10-11 02:00:00,73.3024694765149
2025-10-11 03:00:00,72.3985087651305
2025-10-11 04:00:00,70.9239801005615
2025-10-11 05:00:00,72.9022528570689
2025-10-11 06:00:00,74.2018151595089
2025-10-11 07:00:00,64.8166466317389
2025-10-11 08:00:00,74.9422563025642
2025-10-11 09:00:00,72.8468078907561
2025-10-11 10:00:00,73.491471395774
2025-10-11 11:00:00,72.3272034329144
2025-10-11 12:00:00,73.4697997410386
2025-10-11 13:00:00,73.8316955195278
2025-10-11 14:00:00,73.6404868933403
2025-10-11 15:00:00,71.8502974294197
2025-10-11 16:00:00,72.0281780877124
2025-10-11 17:00:00,72.9206563095058
2025-10-11 18:00:00,74.9112011763124
2025-10-11 19:00:00,73.0904699748598
2025-10-11 20:00:00,73.5604883832106
2025-10-11 21:00:00,74.3414870392312
2025-10-11 22:00:00,72.7945450875375
2025-10-11 23:00:00,72.6631948974044
2025-10-12 00:00:00,72.3474952046755
2025-10-12 01:00:00,72.7285623803379
2025-10-12 02:00:00,71.2428620393382
2025-10-12 03:00:00,72.3637511405656
2025-10-12 04:00:00,72.7916069817918
2025-10-12 05:00:00,71.63671839366
2025-10-12 06:00:00,73.0576335536898
2025-10-12 07:00:00,73.2102905613416
2025-10-12 09:00:00,72.8009178411961
2025-10-12 10:00:00,72.0814471910754
2025-10-12 11:00:00,71.5667365945167
2025-10-12 12:00:00,73.3920732389225
2025-10-12 13:00:00,72.4787441799972
2025-10-12 14:00:00,72.4401959431758
2025-10-12 15:00:00,71.776522333223
2025-10-12 16:00:00,73.4716420083309
2025-10-12 17:00:00,73.0555370560734
2025-10-12 18:00:00,73.0882674025852
2025-10-12 19:00:00,71.3815854136048
2025-10-12 20:00:00,73.6553404943933
2025-10-12 21:00:00,72.3365480221237
2025-10-12 22:00:00,72.7706068784933
2025-10-12 23:00:00,73.5118748331706
2025-10-13 00:00:00,73.2518922039825
2025-10-13 01:00:00,71.784868001504
2025-10-13 02:00:00,72.4088048489566
2025-10-13 03:00:00,69.0123833243954
2025-10-13 04:00:00,71.8340046019421
2025-10-13 05:00:00,72.0908866065736
2025-10-13 06:00:00,71.2138395379224
2025-10-13 07:00:00,70.3549636928868
2025-10-13 08:00:00,71.0963982710734
2025-10-13 09:00:00,73.238403429918
2025-10-13 10:00:00,71.1595051755605
2025-10-13 11:00:00,71.2812853819233
2025-10-13 12:00:00,72.3219728813154
2025-10-13 13:00:00,70.9783821195156
2025-10-13 14:00:00,71.0394797826298
2025-10-13 15:00:00,62.8578113048286
2025-10-13 16:00:00,72.5231565015815
2025-10-13 17:00:00,72.2396371764116
2025-10-13 18:00:00,72.2522678222339
2025-10-13 19:00:00,72.1033680644382
2025-10-13 20:00:00,71.7239999850089
2025-10-13 21:00:00,72.2276821489157
2025-10-13 22:00:00,72.7915923894666
2025-10-13 23:00:00,72.7094830812437
2025-10-14 00:00:00,71.3515040351448
2025-10-14 01:00:00,70.4068173465584
2025-10-14 02:00:00,72.1157871272975
2025-10-14 03:00:00,71.7346372781899
2025-10-14 16:00:00,69.1016384695902
2025-10-14 17:00:00,70.5821706157808
2025-10-14 18:00:00,71.620178826958
2025-10-14 19:00:00,70.8345117094732
2025-10-14 20:00:00,70.8553359986142
2025-10-14 21:00:00,71.3930815372941
2025-10-14 22:00:00,71.8705865814407
2025-10-14 23:00:00,70.5638782864053
2025-10-15 00:00:00,70.2069340124501
2025-10-15 01:00:00,69.3322941212185
2025-10-15 02:00:00,71.7468535740273
2025-10-15 03:00:00,71.1672905753833
2025-10-15 04:00:00,69.3940978701276
2025-10-15 05:00:00,70.0104673048078
2025-10-15 06:00:00,69.6867683192167
2025-10-15 07:00:00,70.7781835372857
2025-10-15 08:00:00,70.3799091374903
2025-10-15 09:00:00,69.74219707356
2025-10-15 10:00:00,72.2597681617597
2025-10-15 11:00:00,72.1981227722652
2025-10-15 12:00:00,69.5357405452268
2025-10-15 13:00:00,69.8197791571862
2025-10-15 14:00:00,70.6594571370762
2025-10-15 15:00:00,71.9364499615256
2025-10-15 16:00:00,71.5941898176251
2025-10-15 17:00:00,69.9688244932764
2025-10-15 18:00:00,71.0883529247021
2025-10-15 19:00:00,71.7086135916405
2025-10-15 20:00:00,69.411062153115
2025-10-15 21:00:00,69.2863786983456
2025-10-15 22:00:00,70.7999572761259
2025-10-15 23:00:00,71.4243160977797
2025-10-16 00:00:00,69.356632939088
2025-10-16 01:00:00,69.9230341573882
2025-10-16 02:00:00,69.8791066644601
2025-10-16 03:00:00,69.3403989696925
2025-10-16 04:00:00,86.7463424517676
2025-10-16 05:00:00,69.4534602583115
2025-10-16 06:00:00,67.9026449468083
2025-10-16 07:00:00,69.0596157840561
2025-10-16 09:00:00,68.679677586435
2025-10-16 10:00:00,69.2323571205936
2025-10-16 11:00:00,71.4528546133589
2025-10-16 12:00:00,70.1860372871029
2025-10-16 13:00:00,69.753171707633
2025-10-16 14:00:00,70.5850139439878
2025-10-16 15:00:00,69.8542030667497
2025-10-17 02:00:00,70.9617384584116
2025-10-17 03:00:00,69.1143436354322
2025-10-17 04:00:00,70.6372979299413
2025-10-17 05:00:00,68.1747782932624
2025-10-17 06:00:00,69.2570729739372
2025-10-17 07:00:00,71.592553756852
2025-10-17 08:00:00,
2025-10-17 09:00:00,
2025-10-17 10:00:00,
2025-10-17 11:00:00,
2025-10-17 12:00:00,67.9114931004576
2025-10-17 13:00:00,69.7078301418339
2025-10-17 14:00:00,70.4930020365823
2025-10-17 15:00:00,69.3495514916777
2025-10-17 16:00:00,68.2949459438599
2025-10-17 17:00:00,70.5501559871271
2025-10-17 18:00:00,67.6474234321345
2025-10-17 19:00:00,69.4541957444994
2025-10-17 20:00:00,68.9294368459034
2025-10-17 21:00:00,69.5624427231055
2025-10-17 22:00:00,71.1561784469904
2025-10-17 23:00:00,69.9334448888428
2025-10-18 00:00:00,67.659933504206
2025-10-18 01:00:00,68.2479173694302
2025-10-18 02:00:00,69.4447535019735
2025-10-18 03:00:00,69.0980207724112
2025-10-18 04:00:00,68.6484945221533
2025-10-18 05:00:00,69.3848668942417
2025-10-18 06:00:00,69.2401123933086
2025-10-18 07:00:00,68.8701442598531
2025-10-18 08:00:00,69.0086892714839
2025-10-18 09:00:00,69.2151467177255
2025-10-18 10:00:00,69.6405671213189
2025-10-18 11:00:00,68.705812827587
2025-10-18 12:00:00,68.487973705635
2025-10-18 13:00:00,69.2982786644838
2025-10-18 14:00:00,71.7171867377569
2025-10-18 15:00:00,68.5596252501217
2025-10-18 16:00:00,88.4457850110072
2025-10-18 17:00:00,68.7145937105438
2025-10-18 18:00:00,69.5924218369831
2025-10-18 19:00:00,68.6734739935461
2025-10-18 20:00:00,68.6576783030148
2025-10-18 21:00:00,69.3488454567856
2025-10-18 22:00:00,67.8975085273554
2025-10-18 23:00:00,68.3946237401024
2025-10-19 00:00:00,67.5226204854724
2025-10-19 01:00:00,69.0602450503925
2025-10-19 02:00:00,67.4093154107353
2025-10-19 03:00:00,69.7424918414619
2025-10-19 04:00:00,68.7333176482128
2025-10-19 05:00:00,67.9826848183911
2025-10-19 06:00:00,68.1684328056516
2025-10-19 07:00:00,69.0347704445377
2025-10-19 08:00:00,68.540268738634
2025-10-19 09:00:00,67.9271160300033
2025-10-19 10:00:00,68.8580064578582
2025-10-19 11:00:00,68.2078517897952
2025-10-19 12:00:00,68.6127447819205
2025-10-19 13:00:00,67.0959519831504
2025-10-19 14:00:00,68.3679427373201
2025-10-20 03:00:00,66.7545212170634
2025-10-20 04:00:00,67.7824077782914
2025-10-20 05:00:00,66.0940528769969
2025-10-20 06:00:00,67.4424741515575
2025-10-20 07:00:00,68.2224831925582
2025-10-20 09:00:00,68.4886081556516
2025-10-20 10:00:00,65.9535283892677
2025-10-20 11:00:00,66.9943062363393
2025-10-20 12:00:00,68.2052226659751
2025-10-20 13:00:00,66.8009908227248
2025-10-20 14:00:00,69.8298571356908
2025-10-20 15:00:00,68.1087863895826
2025-10-20 16:00:00,67.5399123333976
2025-10-20 17:00:00,66.517629731442
2025-10-20 18:00:00,66.5104894129633
2025-10-20 19:00:00,68.7962276403707
2025-10-20 20:00:00,66.6931975291824
2025-10-20 21:00:00,66.4557834698474
2025-10-20 22:00:00,66.4967408327068
2025-10-20 23:00:00,66.7215046880406
2025-10-21 00:00:00,67.5611463742397
2025-10-21 01:00:00,66.833403442749
2025-10-21 02:00:00,66.9622092329253
2025-10-21 03:00:00,67.0111669011212
2025-10-21 04:00:00,67.598359440891
2025-10-21 05:00:00,68.1645670289337
2025-10-21 06:00:00,67.1222863207259
2025-10-21 07:00:00,54.3554593705066
2025-10-21 08:00:00,67.7406341605137
2025-10-21 09:00:00,69.1036375300522
2025-10-21 10:00:00,67.0379124449931
2025-10-21 11:00:00,68.5312247812321
2025-10-21 12:00:00,69.820057731204
2025-10-21 13:00:00,66.8613500757965
2025-10-21 14:00:00,67.7019461811032
2025-10-21 15:00:00,66.161672840598
2025-10-21 16:00:00,66.5090638470095
2025-10-21 17:00:00,67.7456572629761
2025-10-21 18:00:00,68.2709023916601
2025-10-21 19:00:00,67.4376593089354
2025-10-21 20:00:00,68.3641250434545
2025-10-21 21:00:00,67.1007599885249
2025-10-21 22:00:00,66.5572759525338
2025-10-21 23:00:00,68.2486972688544
2025-10-22 00:00:00,66.2877997599651
2025-10-22 01:00:00,67.5105524512615
2025-10-22 02:00:00,65.00622226708
2025-10-22 03:00:00,65.9768976330136
2025-10-22 04:00:00,66.6863432300097
2025-10-22 05:00:00,66.8558531233353
2025-10-22 06:00:00,67.2392930553527
2025-10-22 07:00:00,66.8435884853327
2025-10-22 08:00:00,66.4175662160805
2025-10-22 09:00:00,67.3884547895286
2025-10-22 10:00:00,68.3229627194161
2025-10-22 11:00:00,67.8054425509347
2025-10-22 12:00:00,64.9202267467481
2025-10-22 13:00:00,66.2253700683617
2025-10-22 14:00:00,67.0384917154727
2025-10-22 15:00:00,68.13791160859
2025-10-22 16:00:00,65.0789932261421
2025-10-22 17:00:00,67.1577835467352
2025-10-22 18:00:00,69.3664358257397
2025-10-22 19:00:00,66.5971646268516
2025-10-22 20:00:00,67.1878177692989
2025-10-22 21:00:00,65.0233217798306
2025-10-22 22:00:00,67.5445199289826
2025-10-22 23:00:00,66.8111023219948
2025-10-23 00:00:00,65.9299997291699
2025-10-23 01:00:00,65.5348651798413
2025-10-23 02:00:00,65.9429972831868
2025-10-23 03:00:00,64.6269763532679
2025-10-23 04:00:00,63.8710736513035
2025-10-23 05:00:00,64.3823247111571
2025-10-23 06:00:00,65.5566369113532
2025-10-23 07:00:00,63.8054708895753
2025-10-23 08:00:00,65.7362671248111
2025-10-23 09:00:00,66.7021823682267
2025-10-23 10:00:00,66.4138737680445
2025-10-23 11:00:00,64.6810957017695
2025-10-23 12:00:00,65.4381748309295
2025-10-23 13:00:00,66.0286497199686
2025-10-23 14:00:00,65.7852532852839
2025-10-23 15:00:00,66.4926874872345
2025-10-23 16:00:00,65.4080905007309
2025-10-24 05:00:00,64.9762910500174
2025-10-24 06:00:00,62.9478256570251
2025-10-24 07:00:00,65.5031797586871
2025-10-24 08:00:00,64.5769908223757
2025-10-24 09:00:00,63.5562374509936
2025-10-24 10:00:00,63.9641247024708
2025-10-24 11:00:00,69.3781480762932
2025-10-24 12:00:00,63.6560460165218
2025-10-24 13:00:00,65.3579740855806
2025-10-24 14:00:00,63.1722618296841
2025-10-24 15:00:00,65.0782078085296
2025-10-24 16:00:00,64.0397949806351
2025-10-24 17:00:00,63.1326606438545
2025-10-24 18:00:00,63.6293939045482
2025-10-24 19:00:00,64.5379536239266
2025-10-24 20:00:00,64.507056158001
2025-10-24 21:00:00,63.2506547511417
2025-10-24 22:00:00,65.8271042060344
2025-10-24 23:00:00,64.0461986666801
2025-10-25 00:00:00,63.6003370879855
2025-10-25 01:00:00,64.1947097390996
2025-10-25 02:00:00,64.810406404584
2025-10-25 03:00:00,64.9336722787826
2025-10-25 04:00:00,64.5934346094845
2025-10-25 05:00:00,64.5061322471658
2025-10-25 06:00:00,66.0841409556183
2025-10-25 07:00:00,65.3392221016831
2025-10-25 08:00:00,63.7769681126846
2025-10-25 09:00:00,65.0699814189066
2025-10-25 10:00:00,64.3821448199903
2025-10-25 11:00:00,65.4009883106449
2025-10-25 12:00:00,63.2469935702518
2025-10-25 13:00:00,62.4672924165321
2025-10-25 14:00:00,64.504625381441
2025-10-25 15:00:00,64.7133155371624
2025-10-25 16:00:00,64.251627509201
2025-10-25 17:00:00,63.2494796371992
2025-10-25 18:00:00,64.5669158344501
2025-10-25 19:00:00,64.6904056945626
2025-10-25 20:00:00,65.0082632631406
2025-10-25 21:00:00,63.8778698092992
2025-10-25 22:00:00,63.3056329534318
2025-10-25 23:00:00,64.2497649283403
2025-10-26 00:00:00,63.4624410234945
2025-10-26 01:00:00,63.5219911964085
2025-10-26 02:00:00,64.7510497406642
2025-10-26 03:00:00,63.3352974454109
2025-10-26 04:00:00,62.6840443340258
2025-10-26 05:00:00,63.0790272562913
2025-10-26 06:00:00,63.422937250907
2025-10-26 07:00:00,
2025-10-26 08:00:00,
2025-10-26 09:00:00,
2025-10-26 10:00:00,64.3661663589104
2025-10-26 11:00:00,62.8908207494617
2025-10-26 12:00:00,63.8135495373745
2025-10-26 13:00:00,64.7806686382228
2025-10-26 14:00:00,64.725994685926
2025-10-26 15:00:00,64.0056608008637
2025-10-26 16:00:00,63.7476934942096
2025-10-26 17:00:00,64.6550046163437
2025-10-26 18:00:00,64.1849496057322
2025-10-26 19:00:00,63.4441150458791
2025-10-26 20:00:00,62.3875172152861
2025-10-26 21:00:00,63.7041644931404
2025-10-26 22:00:00,62.568165092709
2025-10-26 23:00:00,63.6889525440588
2025-10-27 00:00:00,63.8219366140921
2025-10-27 01:00:00,63.7057058088413
2025-10-27 02:00:00,63.8513412180789
2025-10-27 03:00:00,64.3461010633736
2025-10-27 04:00:00,63.8139133851638
2025-10-27 05:00:00,61.4573919463399
2025-10-27 06:00:00,63.1685151911763
2025-10-27 07:00:00,63.9855818776491
2025-10-27 08:00:00,63.0610758653614
2025-10-27 09:00:00,64.7437613630486
2025-10-27 10:00:00,63.8395841830933
2025-10-27 11:00:00,64.5950701575547
2025-10-27 12:00:00,63.8816610944538
2025-10-27 13:00:00,62.8915415796635
2025-10-27 14:00:00,61.9359662831566
2025-10-27 15:00:00,63.8715717898245
2025-10-27 16:00:00,64.2274119831747
2025-10-27 17:00:00,62.6402359657578
2025-10-27 18:00:00,64.1592957554298
2025-10-27 19:00:00,64.5485649741367
2025-10-27 20:00:00,64.7723207750344
2025-10-28 08:00:00,62.2169717254836
2025-10-28 09:00:00,62.624608646716
2025-10-28 10:00:00,62.6327503999575
2025-10-28 11:00:00,63.2520105411703
2025-10-28 12:00:00,62.6659382768011
2025-10-28 13:00:00,62.6853728402161
2025-10-28 14:00:00,62.7596100984932
2025-10-28 15:00:00,63.6808292824767
2025-10-28 16:00:00,62.1700968276851
2025-10-28 17:00:00,63.2605383492951
2025-10-28 18:00:00,63.772621410439
2025-10-28 19:00:00,62.7994669229025
2025-10-28 20:00:00,62.4475813719068
2025-10-28 21:00:00,63.0139507960387
2025-10-28 22:00:00,61.7272734149534
2025-10-28 23:00:00,63.9453411898494
2025-10-29 00:00:00,61.0183340627915
2025-10-29 01:00:00,63.013377757721
2025-10-29 02:00:00,62.4555583287694
2025-10-29 03:00:00,61.7123604690013
2025-10-29 04:00:00,62.7384359921058
2025-10-29 05:00:00,62.1857499194615
2025-10-29 06:00:00,64.0479777632196
2025-10-29 07:00:00,62.2630645482233
2025-10-29 08:00:00,62.0308686691538
2025-10-29 09:00:00,78.2651927895434
2025-10-29 10:00:00,52.4297730986761
2025-10-29 11:00:00,60.5625152056114
2025-10-29 12:00:00,60.3384181637704
2025-10-29 13:00:00,61.9397640595495
2025-10-29 14:00:00,61.6353950247373
2025-10-29 15:00:00,62.295336557503
2025-10-29 16:00:00,63.3319453306792
2025-10-29 17:00:00,61.3393683092386
2025-10-29 18:00:00,60.31399322962
2025-10-29 19:00:00,61.9811801155937
2025-10-29 20:00:00,63.0905410971059
2025-10-29 21:00:00,61.4779699696295
2025-10-29 22:00:00,62.7033834896633
2025-10-29 23:00:00,62.3121206485401
2025-10-30 00:00:00,61.1479857309129
2025-10-30 01:00:00,60.8996016274733
2025-10-30 02:00:00,61.0594459241889
2025-10-30 03:00:00,63.7528892387921
2025-10-30 04:00:00,61.0955986627791
2025-10-30 05:00:00,60.2639084057919
2025-10-30 06:00:00,60.9741592915615
2025-10-30 08:00:00,59.3580184971274
2025-10-30 09:00:00,63.1368919714253
2025-10-30 10:00:00,60.0152270918145
2025-10-30 11:00:00,62.1744515264123
2025-10-30 12:00:00,60.4937178818215
2025-10-30 13:00:00,61.1101247556431
2025-10-30 14:00:00,61.7107360641092
2025-10-30 15:00:00,61.3196870842075
2025-10-30 16:00:00,61.1622806192493
2025-10-30 17:00:00,59.8810141364148
2025-10-30 18:00:00,62.1737544820257
2025-10-30 19:00:00,59.3976550652331
2025-10-30 20:00:00,60.0276601441815
2025-10-30 21:00:00,60.9180377278957
2025-10-30 22:00:00,63.787907892632
2025-10-30 23:00:00,59.1939186307107
2025-10-31 00:00:00,61.4005676451561
2025-10-31 01:00:00,60.8666199733804
2025-10-31 02:00:00,62.2380878271941
2025-10-31 03:00:00,62.8196659850824
2025-10-31 04:00:00,60.8056332693339
2025-10-31 05:00:00,60.3473971892467
2025-10-31 06:00:00,60.1733845701939
2025-10-31 07:00:00,60.1384966689404
2025-10-31 08:00:00,62.3313295132278
2025-10-31 09:00:00,62.6708994077769
2025-10-31 10:00:00,60.0700360849426
2025-10-31 11:00:00,60.3238461007595
2025-10-31 12:00:00,62.3967290106342
2025-10-31 13:00:00,61.1479805591154
2025-10-31 14:00:00,60.5613853171268
2025-10-31 15:00:00,61.2087542661015
2025-10-31 16:00:00,63.0274439198624
2025-10-31 17:00:00,61.455855977839
2025-10-31 18:00:00,59.9658905000249
2025-10-31 19:00:00,61.3236308009023
2025-10-31 20:00:00,61.350292223283
2025-10-31 22:00:00,60.5196409450301
2025-11-01 10:00:00,61.2627603235369
2025-11-01 11:00:00,61.1813955219001
2025-11-01 12:00:00,61.3279813350336
2025-11-01 13:00:00,60.3672816129051
2025-11-01 14:00:00,60.8706668669234
2025-11-01 15:00:00,60.1758470457735
2025-11-01 16:00:00,61.1215283444503
2025-11-01 17:00:00,61.643159889193
2025-11-01 18:00:00,61.0961591822426
2025-11-01 19:00:00,59.8966530972406
2025-11-01 20:00:00,60.2983214232561
2025-11-01 21:00:00,60.241315637734
2025-11-01 22:00:00,60.1854444998556
2025-11-01 23:00:00,59.9772120688633
2025-11-02 00:00:00,59.2668310096123
2025-11-02 01:00:00,60.7885778100557
2025-11-02 02:00:00,61.0153663032518
2025-11-02 03:00:00,60.8386216812951
2025-11-02 04:00:00,59.7778519789031
2025-11-02 05:00:00,60.681293251047
2025-11-02 06:00:00,60.2625658539149
2025-11-02 07:00:00,60.2736185471116
2025-11-02 08:00:00,60.1535860997586
2025-11-02 09:00:00,60.3289507427248
2025-11-02 10:00:00,59.9623725706614
2025-11-02 11:00:00,60.0873938246211
2025-11-02 12:00:00,60.0394114382921
2025-11-02 13:00:00,59.579181540358
2025-11-02 14:00:00,60.647522663595
2025-11-02 15:00:00,60.6074747841608
2025-11-02 16:00:00,58.5468258921857
2025-11-02 17:00:00,71.7345124238962
2025-11-02 18:00:00,60.7804863002209
2025-11-02 19:00:00,60.9637821578574
2025-11-02 20:00:00,59.7873566093743
2025-11-02 21:00:00,60.2839476775989
2025-11-02 22:00:00,60.2294117849001
2025-11-02 23:00:00,59.3023041621965
2025-11-03 00:00:00,59.6057056626002
2025-11-03 01:00:00,60.4196128841708
2025-11-03 02:00:00,60.2144745652652
2025-11-03 03:00:00,60.8021832978681
2025-11-03 04:00:00,60.4425696599296
2025-11-03 05:00:00,59.7108635282606
2025-11-03 06:00:00,60.5948371214048
2025-11-03 07:00:00,60.2040424112246
2025-11-03 08:00:00,59.9096504825083
2025-11-03 09:00:00,60.0115824739185
2025-11-03 10:00:00,59.9793127029972
2025-11-03 11:00:00,59.5081363034407
2025-11-03 12:00:00,60.2739944578129
2025-11-03 13:00:00,60.1348952456799
2025-11-03 14:00:00,60.0751270037374
2025-11-03 15:00:00,60.0276089243235
2025-11-03 16:00:00,60.5625059105764
2025-11-03 17:00:00,61.0762692659674
2025-11-03 18:00:00,61.2102777919341
2025-11-03 19:00:00,60.4594937937516
2025-11-03 20:00:00,59.8517916911413
2025-11-03 21:00:00,60.2431677805826
2025-11-03 22:00:00,60.5095200380565
2025-11-03 23:00:00,59.2285129298416
2025-11-04 00:00:00,60.6420976317527
2025-11-04 01:00:00,60.2419304522469
2025-11-04 02:00:00,59.9502063982491
2025-11-04 03:00:00,59.6243019190338
2025-11-04 04:00:00,60.0861439180521
2025-11-04 05:00:00,60.886851144886
2025-11-04 06:00:00,60.692125836133
2025-11-04 07:00:00,61.0255198020216
2025-11-04 08:00:00,59.4931648213526
2025-11-04 20:00:00,61.1194282651793
2025-11-04 21:00:00,59.2249358799778
2025-11-04 22:00:00,58.8183359248615
2025-11-04 23:00:00,58.8023192155043
2025-11-05 00:00:00,60.0378765224489
2025-11-05 01:00:00,59.6205470187996
2025-11-05 02:00:00,59.4370327510721
2025-11-05 03:00:00,59.0072408769223
2025-11-05 04:00:00,58.2629217597448
2025-11-05 05:00:00,58.9317089747625
2025-11-05 06:00:00,59.1764331233577
2025-11-05 07:00:00,58.2933357048798
2025-11-05 09:00:00,58.8194522486417
2025-11-05 10:00:00,59.5590726749216
2025-11-05 11:00:00,58.1359202914671
2025-11-05 12:00:00,59.1710379923965
2025-11-05 13:00:00,58.5259656590924
2025-11-05 14:00:00,58.2263965334824
2025-11-05 15:00:00,58.9354226594746
2025-11-05 16:00:00,60.1059105990187
2025-11-05 17:00:00,59.808993626238
2025-11-05 18:00:00,60.2781169328537
2025-11-05 19:00:00,59.1233885260402
2025-11-05 20:00:00,59.3773963929251
2025-11-05 21:00:00,58.507206956275
2025-11-05 22:00:00,59.6242347933117
2025-11-05 23:00:00,59.165750870631
2025-11-06 00:00:00,
2025-11-06 01:00:00,
2025-11-06 02:00:00,
2025-11-06 03:00:00,
2025-11-06 04:00:00,
2025-11-06 05:00:00,
2025-11-06 06:00:00,
2025-11-06 07:00:00,
2025-11-06 08:00:00,
2025-11-06 09:00:00,
2025-11-06 11:00:00,
2025-11-06 12:00:00,
2025-11-06 13:00:00,
2025-11-06 14:00:00,
2025-11-06 15:00:00,
2025-11-06 16:00:00,
2025-11-06 17:00:00,
2025-11-06 18:00:00,
2025-11-06 19:00:00,
2025-11-06 20:00:00,
2025-11-06 21:00:00,
2025-11-06 22:00:00,
2025-11-06 23:00:00,
2025-11-07 00:00:00,73.7789937789926
2025-11-07 01:00:00,74.1667294319774
2025-11-07 02:00:00,73.9921979407745
2025-11-07 03:00:00,73.6366997048499
2025-11-07 04:00:00,73.8561181432873
2025-11-07 05:00:00,73.3327181489556
2025-11-07 06:00:00,73.9086303496984
2025-11-07 07:00:00,74.1224178446859
2025-11-07 08:00:00,73.9464965934936
2025-11-07 09:00:00,73.9621510035389
2025-11-07 10:00:00,74.5154290241505
2025-11-07 11:00:00,73.6465442004036
2025-11-07 12:00:00,73.9275619131771
2025-11-07 13:00:00,73.8187394052751
2025-11-07 14:00:00,73.391546252151
2025-11-07 15:00:00,73.3669613482449
2025-11-07 16:00:00,73.6798013311491
2025-11-07 17:00:00,73.6814644858351
2025-11-07 18:00:00,73.7926111172381
2025-11-07 19:00:00,73.9551527348857
2025-11-07 20:00:00,74.0327730140825
2025-11-07 21:00:00,74.1803499053828
2025-11-07 22:00:00,73.3355391890806
2025-11-07 23:00:00,74.0960149265177
2025-11-08 00:00:00,73.2993273006556
2025-11-08 01:00:00,73.0256758062719
2025-11-08 02:00:00,73.1680613922986
2025-11-08 03:00:00,72.6049168000498
2025-11-08 04:00:00,73.3224583511764
2025-11-08 05:00:00,73.5391315124347
2025-11-08 06:00:00,73.087243576644
2025-11-08 07:00:00,72.8834670889547
2025-11-08 08:00:00,73.3248124500933
2025-11-08 10:00:00,72.9541237369606
2025-11-08 11:00:00,72.7542721051473
2025-11-08 12:00:00,73.2175699351632
2025-11-08 13:00:00,62.2916469816069
2025-11-08 14:00:00,73.272548401105
2025-11-08 15:00:00,73.1484301136972
2025-11-08 16:00:00,73.0291182971096
2025-11-08 17:00:00,72.9883506295234
2025-11-08 18:00:00,73.2197680579481
2025-11-08 19:00:00,73.2130362238643
2025-11-08 20:00:00,73.3178450986944
2025-11-08 21:00:00,72.7703516758352
2025-11-08 22:00:00,73.3735614192387
2025-11-08 23:00:00,73.308038279032
2025-11-09 00:00:00,71.7126283206595
2025-11-09 01:00:00,72.4306836637707
2025-11-09 02:00:00,72.4776790814145
2025-11-09 03:00:00,72.3222900665356
2025-11-09 04:00:00,72.3074436522707
2025-11-09 05:00:00,72.6972849610388
2025-11-09 06:00:00,71.3383362802016
2025-11-09 07:00:00,72.0698884056269
2025-11-09 08:00:00,72.0080825380859
2025-11-09 09:00:00,71.9299325259894
2025-11-09 11:00:00,88.7492836911362
2025-11-09 12:00:00,71.9212761212773
2025-11-09 13:00:00,72.0891549495136
2025-11-09 14:00:00,72.0342914546315
2025-11-09 15:00:00,72.2898027926913
2025-11-09 16:00:00,71.9859693889318
2025-11-09 17:00:00,72.6121168336855
2025-11-09 18:00:00,72.999541218172
2025-11-09 19:00:00,72.2734001352705
2025-11-09 20:00:00,72.0725562623203
2025-11-09 21:00:00,72.4206136328429
2025-11-09 22:00:00,72.0250012143482
2025-11-09 23:00:00,72.1193252463777
2025-11-10 00:00:00,69.4001276220921
2025-11-10 01:00:00,71.8354366834554
2025-11-10 02:00:00,71.6667572711853
2025-11-10 03:00:00,70.5628664572539
2025-11-10 04:00:00,71.2504119923843
2025-11-10 16:00:00,71.7157748437784
2025-11-10 17:00:00,71.5179971450014
2025-11-10 18:00:00,71.5242082610636
2025-11-10 19:00:00,71.2284264629788
2025-11-10 20:00:00,70.7898342746111
2025-11-10 21:00:00,70.6149355987525
2025-11-10 22:00:00,71.4005559715001
2025-11-10 23:00:00,71.3285735636598
2025-11-11 00:00:00,70.7357465141319
2025-11-11 01:00:00,71.5355471595151
2025-11-11 02:00:00,70.3461737120774
2025-11-11 03:00:00,70.7753344383146
2025-11-11 04:00:00,70.0432201751511
2025-11-11 05:00:00,71.1388621970595
2025-11-11 06:00:00,70.7590990735894
2025-11-11 07:00:00,70.7783533040639
2025-11-11 09:00:00,71.0723609724339
2025-11-11 10:00:00,71.2039084721517
2025-11-11 11:00:00,71.3746432284571
2025-11-11 12:00:00,70.3272496297551
2025-11-11 13:00:00,71.4785720226572
2025-11-11 14:00:00,70.6512558182137
2025-11-11 15:00:00,69.4726432359119
2025-11-11 16:00:00,71.9884892125656
2025-11-11 17:00:00,70.420011870672
2025-11-11 18:00:00,70.1326774314559
2025-11-11 19:00:00,70.362434314251
2025-11-11 20:00:00,70.0240589528535
2025-11-11 21:00:00,71.234789167123
2025-11-11 22:00:00,70.0644663353124
2025-11-11 23:00:00,70.9717745432084
2025-11-12 00:00:00,68.6206998412454
2025-11-12 01:00:00,68.9758961766609
2025-11-12 02:00:00,70.1441109426903
2025-11-12 03:00:00,69.5021658102226
2025-11-12 04:00:00,70.4383203093106
2025-11-12 05:00:00,69.3614300948631
2025-11-12 06:00:00,71.0829257547618
2025-11-12 07:00:00,70.2176542769855
2025-11-12 08:00:00,68.8525512829865
2025-11-12 09:00:00,70.1368562676417
2025-11-12 10:00:00,69.0143177250455
2025-11-12 11:00:00,70.7383652170314
2025-11-12 12:00:00,69.7329241244455
2025-11-12 13:00:00,70.4874653020472
2025-11-12 14:00:00,69.7606700446176
2025-11-12 15:00:00,69.9662753176752
2025-11-12 16:00:00,70.638827082494
2025-11-12 17:00:00,69.4465176003232
2025-11-12 18:00:00,70.1528107939391
2025-11-12 19:00:00,69.8492129407182
2025-11-12 20:00:00,70.0216694785548
2025-11-12 21:00:00,70.5365719621869
2025-11-12 22:00:00,70.602226409593
2025-11-12 23:00:00,70.8067894239248
2025-11-13 00:00:00,69.3552759312673
2025-11-13 01:00:00,69.4181869485712
2025-11-13 02:00:00,70.1573813296305
2025-11-13 03:00:00,70.8232003688292
2025-11-13 04:00:00,69.9687435959197
2025-11-13 05:00:00,69.8743333904237
2025-11-13 06:00:00,69.7276210043672
2025-11-13 07:00:00,70.0000078987893
2025-11-13 08:00:00,69.9701911702876
2025-11-13 09:00:00,70.4326740267183
2025-11-13 10:00:00,70.293719039122
2025-11-13 11:00:00,68.7988765722908
2025-11-13 12:00:00,68.9193982411702
2025-11-13 13:00:00,69.7208714708098
2025-11-13 14:00:00,70.2010441327507
2025-11-13 15:00:00,69.147327561404
2025-11-13 16:00:00,69.993112069568
2025-11-13 17:00:00,70.0148949316891
2025-11-13 18:00:00,70.2339663968638
2025-11-13 19:00:00,70.4052201089159
2025-11-13 20:00:00,68.8260166649083
2025-11-13 21:00:00,69.2738240469852
2025-11-13 22:00:00,69.6127913817797
2025-11-13 23:00:00,70.287243026822
2025-11-14 00:00:00,69.333120471249
2025-11-14 01:00:00,69.1825964032681
2025-11-14 02:00:00,69.3810739878221
2025-11-14 03:00:00,68.4729866570081
2025-11-14 04:00:00,68.605379813953
2025-11-14 05:00:00,68.4472830204531
2025-11-14 10:00:00,69.2725462523327
2025-11-14 11:00:00,69.0601880384666
2025-11-14 12:00:00,68.8795178456699
2025-11-14 13:00:00,68.9849081317716
2025-11-14 14:00:00,70.4713448734663
2025-11-14 15:00:00,70.1336525241449
2025-11-14 16:00:00,69.9184242886276
2025-11-14 17:00:00,69.2659093889128
2025-11-14 18:00:00,69.4926853134465
2025-11-14 19:00:00,57.2615478450216
2025-11-14 20:00:00,70.5163877079479
2025-11-14 21:00:00,69.9150173702121
2025-11-14 22:00:00,68.793689974787
2025-11-14 23:00:00,70.6128767760973
2025-11-15 00:00:00,68.0356618092408
2025-11-15 01:00:00,68.6512539118362
2025-11-15 02:00:00,69.3315385983819
2025-11-15 03:00:00,68.4074500295959
2025-11-15 04:00:00,68.3271832310875
2025-11-15 06:00:00,67.2071407090569
2025-11-15 07:00:00,69.156648174487
2025-11-15 08:00:00,68.2290069812191
2025-11-15 09:00:00,69.2553569624573
2025-11-15 10:00:00,68.6301181483329
2025-11-15 11:00:00,68.2131783566386
2025-11-15 12:00:00,67.5066730024915
2025-11-15 13:00:00,68.6997530577788
2025-11-15 14:00:00,67.9643221010192
2025-11-15 15:00:00,69.9512315119978
2025-11-15 16:00:00,68.9496708812615
2025-11-15 17:00:00,68.8728723240279
2025-11-15 18:00:00,68.2927498981929
2025-11-15 19:00:00,68.5225796590034
2025-11-15 20:00:00,68.4246644799756
2025-11-15 21:00:00,69.982409329696
2025-11-15 22:00:00,67.8480763641966
2025-11-15 23:00:00,67.9209310408567
2025-11-16 00:00:00,68.105369494592
2025-11-16 01:00:00,66.9455440533076
2025-11-16 02:00:00,68.0623276284261
2025-11-16 03:00:00,67.0672675135333
2025-11-16 04:00:00,68.2289081738622
2025-11-16 05:00:00,68.129450267642
2025-11-16 06:00:00,68.1876812395608
2025-11-16 07:00:00,68.5246076575489
2025-11-16 08:00:00,67.5974339390893
2025-11-16 09:00:00,67.1710987088693
2025-11-16 10:00:00,67.6498438516043
2025-11-16 11:00:00,68.5648361041696
2025-11-16 12:00:00,68.3820614843411
2025-11-16 13:00:00,67.4472667904453
2025-11-16 14:00:00,67.0461838526943
2025-11-16 15:00:00,68.3366043497902
2025-11-16 16:00:00,67.0457626997333
2025-11-16 17:00:00,67.8511022546201
2025-11-16 18:00:00,68.4036194183885
2025-11-16 19:00:00,67.4180990141249
2025-11-16 20:00:00,67.8185080347825
2025-11-16 21:00:00,67.6752311430119
2025-11-16 22:00:00,67.7420710917968
2025-11-16 23:00:00,67.5667640232995
2025-11-17 00:00:00,66.6628047074345
2025-11-17 01:00:00,66.9445717525405
2025-11-17 02:00:00,67.2675886010263
2025-11-17 03:00:00,66.3614256834153
2025-11-17 04:00:00,67.4416226821598
2025-11-17 05:00:00,66.6716569328593
2025-11-17 06:00:00,67.7422113075515
2025-11-17 07:00:00,67.0850272575992
2025-11-17 08:00:00,67.1522760133328
2025-11-17 09:00:00,66.6918487915903
2025-11-17 10:00:00,67.7147810436964
2025-11-17 11:00:00,66.9764732331837
2025-11-17 12:00:00,66.0757733837452
2025-11-17 13:00:00,67.2825161332524
2025-11-17 14:00:00,66.9524519989791
2025-11-17 15:00:00,66.8115511319407
2025-11-17 16:00:00,68.2255207041347
2025-11-17 17:00:00,66.9635100515772
2025-11-17 18:00:00,67.1933207292333
2025-11-17 19:00:00,67.1625224028213
2025-11-17 20:00:00,67.1014950648057
2025-11-17 21:00:00,67.4184543232269
2025-11-17 22:00:00,66.4307061484138
2025-11-17 23:00:00,67.7719497137565
2025-11-18 00:00:00,66.8184022861755
2025-11-18 01:00:00,66.5430108902443
2025-11-18 02:00:00,65.7559875198041
2025-11-18 03:00:00,65.3628170159387
2025-11-18 04:00:00,66.9797602358909
2025-11-18 05:00:00,66.7137381298882
2025-11-18 06:00:00,66.4211648424577
2025-11-18 07:00:00,66.8183164515166
2025-11-18 08:00:00,65.3316364717895
2025-11-18 09:00:00,66.668797234537
2025-11-18 10:00:00,65.5321497367703
2025-11-18 11:00:00,64.8222120830149
2025-11-18 12:00:00,66.1651750970586
2025-11-18 13:00:00,66.3906439465229
2025-11-18 14:00:00,66.5241599331213
2025-11-18 15:00:00,66.0126466438684
2025-11-18 16:00:00,66.1143211457669
2025-11-18 17:00:00,65.1896933426319
2025-11-18 18:00:00,66.2377577040066
2025-11-18 19:00:00,66.0184716390579
2025-11-18 20:00:00,66.5791286416783
2025-11-18 21:00:00,65.8885087688556
2025-11-18 22:00:00,66.3630452535082
2025-11-18 23:00:00,66.3026543754069
2025-11-19 00:00:00,66.4378059135961
2025-11-19 01:00:00,66.1909924607774
2025-11-19 02:00:00,65.4296213702857
2025-11-19 03:00:00,65.0322578135862
2025-11-19 04:00:00,76.0753233781821
2025-11-19 05:00:00,66.3904952068084
2025-11-19 06:00:00,65.3416713665393
2025-11-19 08:00:00,65.1327044645563
2025-11-19 09:00:00,65.9366713627789
2025-11-19 10:00:00,66.164831521066
2025-11-19 11:00:00,66.8187196923992
2025-11-19 12:00:00,66.0476975924302
2025-11-19 13:00:00,65.7546074415679
2025-11-19 14:00:00,66.0589767335733
2025-11-19 15:00:00,65.4424923369449
2025-11-19 16:00:00,65.3096996515945
2025-11-19 17:00:00,64.8822148774942
2025-11-19 18:00:00,65.4809044790746
2025-11-19 19:00:00,65.433161021083
2025-11-19 20:00:00,65.26296344341
2025-11-19 21:00:00,65.5208932934658
2025-11-19 22:00:00,66.593666037622
2025-11-19 23:00:00,64.5636166177278
2025-11-20 00:00:00,65.4385430996192
2025-11-20 01:00:00,65.1759621113526
2025-11-20 02:00:00,65.4430936727569
2025-11-20 03:00:00,65.1667822768149
2025-11-20 04:00:00,65.475060507512
2025-11-20 05:00:00,65.2045113188111
2025-11-20 06:00:00,65.7407747270627
2025-11-20 07:00:00,64.9107151621839
2025-11-20 08:00:00,66.3119084945454
2025-11-20 20:00:00,65.3026820896581
2025-11-20 21:00:00,66.1829810513707
2025-11-20 22:00:00,65.0267643072346
2025-11-20 23:00:00,64.8146364820794
2025-11-21 00:00:00,65.0428195330117
2025-11-21 01:00:00,64.8383346303421
2025-11-21 02:00:00,65.1301925872373
2025-11-21 03:00:00,64.6991723928488
2025-11-21 04:00:00,63.9399926040845
2025-11-21 05:00:00,65.1464244210737
2025-11-21 06:00:00,65.1490751510583
2025-11-21 07:00:00,65.0580190344035
2025-11-21 08:00:00,63.9557358454029
2025-11-21 09:00:00,65.1663034624751
2025-11-21 10:00:00,64.7702149091645
2025-11-21 11:00:00,64.8081459517861
2025-11-21 12:00:00,64.4036146624208
2025-11-21 13:00:00,64.7439341978357
2025-11-21 14:00:00,65.4753792665062
2025-11-21 15:00:00,66.3669563669535
2025-11-21 16:00:00,64.1444306362265
2025-11-21 17:00:00,65.6494432398094
2025-11-21 18:00:00,64.764582874832
2025-11-21 19:00:00,65.2150500354577
2025-11-21 20:00:00,64.9409112428083
2025-11-21 21:00:00,64.5462894477376
2025-11-21 22:00:00,65.2128640340788
2025-11-21 23:00:00,64.858973985869
2025-11-22 00:00:00,64.869545801642
2025-11-22 01:00:00,64.58620305622
2025-11-22 02:00:00,65.0580663754053
2025-11-22 03:00:00,65.8117393648197
2025-11-22 04:00:00,64.2798132644398
2025-11-22 05:00:00,64.375247026288
2025-11-22 06:00:00,64.970386368898
2025-11-22 07:00:00,64.2829953812136
2025-11-22 08:00:00,65.9619022162111
2025-11-22 09:00:00,64.9842458808595
2025-11-22 10:00:00,64.3685521670923
2025-11-22 11:00:00,64.786346184853
2025-11-22 12:00:00,65.4075086227118
2025-11-22 13:00:00,65.4039015574457
2025-11-22 14:00:00,64.4641161921946
2025-11-22 15:00:00,64.3196813961609
2025-11-22 16:00:00,63.9627607857773
2025-11-22 17:00:00,64.5225842062615
2025-11-22 18:00:00,63.9723184505289
2025-11-22 19:00:00,64.4802689371849
2025-11-22 20:00:00,64.6316922854768
2025-11-22 21:00:00,64.011630137743
2025-11-22 22:00:00,64.3598532308279
2025-11-22 23:00:00,64.9606827419522
2025-11-23 00:00:00,63.6330395491125
2025-11-23 01:00:00,64.4754950777486
2025-11-23 02:00:00,64.0366873394627
2025-11-23 03:00:00,64.2976211067588
2025-11-23 04:00:00,60.7249304966659
2025-11-23 06:00:00,65.1475292291799
2025-11-23 07:00:00,63.9541097308464
2025-11-23 08:00:00,64.0562648084793
2025-11-23 09:00:00,64.5464472089891
2025-11-23 10:00:00,62.9435865255516
2025-11-23 11:00:00,64.0945857493386
2025-11-23 12:00:00,64.7302069893798
2025-11-23 13:00:00,64.5762693780569
2025-11-23 14:00:00,62.4686573883912
2025-11-23 15:00:00,63.4767147690536
2025-11-23 16:00:00,64.4364537244335
2025-11-23 17:00:00,64.3805866293753
2025-11-23 18:00:00,64.1231133782396
2025-11-23 19:00:00,63.9744114092733
2025-11-23 20:00:00,80.1595707363515
2025-11-23 21:00:00,63.6946220688522
2025-11-23 22:00:00,65.3767645543669
2025-11-23 23:00:00,64.2227763726515
2025-11-24 00:00:00,62.7334671752088
2025-11-24 01:00:00,64.5169677146602
2025-11-24 02:00:00,65.0016587217873
2025-11-24 03:00:00,63.5802397540625
2025-11-24 04:00:00,63.9321959059421
2025-11-24 05:00:00,64.1113055512999
2025-11-24 06:00:00,64.9335597247163
2025-11-24 07:00:00,63.4976794242579
2025-11-24 08:00:00,63.0627183964507
2025-11-24 09:00:00,63.2505764896038
2025-11-24 10:00:00,62.3755307732743
2025-11-24 22:00:00,64.7788732135323
2025-11-24 23:00:00,63.4984488378762
2025-11-25 00:00:00,63.5864986645086
2025-11-25 01:00:00,61.7668197804403
2025-11-25 02:00:00,63.6739771056605
2025-11-25 03:00:00,62.7672144136571
2025-11-25 04:00:00,62.4184117461262
2025-11-25 05:00:00,63.4292816188507
2025-11-25 06:00:00,62.8145779631379
2025-11-25 07:00:00,62.9430270477398
2025-11-25 08:00:00,61.9417844041231
2025-11-25 09:00:00,63.6111273046244
2025-11-25 10:00:00,63.2871949824337
2025-11-25 11:00:00,63.8762747427689
2025-11-25 12:00:00,62.4701354326806
2025-11-25 13:00:00,64.0845433893067
2025-11-25 14:00:00,61.6027799003295
2025-11-25 15:00:00,62.7795164858708
2025-11-25 16:00:00,62.0808525817634
2025-11-25 17:00:00,63.8144541826692
2025-11-25 18:00:00,63.3470748341462
2025-11-25 19:00:00,62.8846601762183
2025-11-25 20:00:00,61.7558517121397
2025-11-25 21:00:00,64.0362575524677
2025-11-25 22:00:00,62.3048368729226
2025-11-25 23:00:00,62.6123835299462
2025-11-26 00:00:00,61.8051102162157
2025-11-26 01:00:00,62.6447743679319
2025-11-26 02:00:00,62.1598317074077
2025-11-26 03:00:00,62.383349789495
2025-11-26 04:00:00,62.6472131461276
2025-11-26 05:00:00,62.4789956673414
2025-11-26 06:00:00,62.5407513746264
2025-11-26 07:00:00,62.8842893807333
2025-11-26 08:00:00,63.1323698549905
2025-11-26 09:00:00,62.5163292654235
2025-11-26 10:00:00,62.4422062409532
2025-11-26 11:00:00,62.6692888918537
2025-11-26 12:00:00,62.2982707325917
2025-11-26 13:00:00,62.8800747280505
2025-11-26 14:00:00,61.8364222268811
2025-11-26 15:00:00,62.7189326511582
2025-11-26 16:00:00,62.8289178417615
2025-11-26 17:00:00,62.6367510089247
2025-11-26 18:00:00,62.8866504893391
2025-11-26 19:00:00,61.1181497954069
2025-11-26 20:00:00,61.7048668179196
2025-11-26 21:00:00,63.5648326271373
2025-11-26 22:00:00,62.2358719647239
2025-11-26 23:00:00,61.6362676478081
2025-11-27 00:00:00,61.631411751243
2025-11-27 01:00:00,62.0325948391603
2025-11-27 02:00:00,61.1306004372583
2025-11-27 03:00:00,61.1118453465712
2025-11-27 04:00:00,61.340306388297
2025-11-27 05:00:00,61.3177608668517
2025-11-27 06:00:00,63.0735498508142
2025-11-27 07:00:00,61.4885083861761
2025-11-27 08:00:00,62.7135982418592
2025-11-27 09:00:00,61.4899011208462
2025-11-27 10:00:00,61.5694962653457
2025-11-27 11:00:00,61.6032176074139
2025-11-27 12:00:00,62.2256483509434
2025-11-27 13:00:00,62.4786237184494
2025-11-27 14:00:00,62.2503021881545
2025-11-27 15:00:00,62.4543211429983
2025-11-27 16:00:00,62.6101505172191
2025-11-27 17:00:00,62.1705264200879
2025-11-27 18:00:00,61.4123225483031
2025-11-27 19:00:00,63.0631828059127
2025-11-27 20:00:00,61.3881796040519
2025-11-27 21:00:00,61.9282067352135
2025-11-27 22:00:00,61.6582029726654
2025-11-27 23:00:00,60.5405388259123
2025-11-28 00:00:00,61.0745463699412
2025-11-28 01:00:00,60.439054140082
2025-11-28 02:00:00,61.441255560718
2025-11-28 03:00:00,60.8382943556321
2025-11-28 04:00:00,59.9086228782531
2025-11-28 05:00:00,62.6478378077154
2025-11-28 06:00:00,60.8978612220931
2025-11-28 07:00:00,59.7478298959968
2025-11-28 08:00:00,61.9791134493234
2025-11-28 09:00:00,59.9944756060108
2025-11-28 10:00:00,60.543096587751
2025-11-28 11:00:00,60.9181340678478
2025-11-28 12:00:00,60.0118483641211
2025-11-28 13:00:00,61.5628734718653
2025-11-29 01:00:00,60.1916010239695
2025-11-29 02:00:00,60.8789106076263
2025-11-29 03:00:00,59.9101992237652
2025-11-29 04:00:00,60.0282551194562
2025-11-29 05:00:00,59.3811849987573
2025-11-29 06:00:00,59.6255831075275
2025-11-29 07:00:00,59.89995831558
2025-11-29 08:00:00,60.0562396118092
2025-11-29 09:00:00,60.3698112972517
2025-11-29 10:00:00,60.4316222734509
2025-11-29 11:00:00,60.8448816536213
2025-11-29 12:00:00,59.1297557652099
2025-11-29 13:00:00,60.9627373230205
2025-11-29 14:00:00,58.9734465091805
2025-11-29 15:00:00,59.0791179955161
2025-11-29 16:00:00,59.5501742012
2025-11-29 17:00:00,60.1440149700424
2025-11-29 18:00:00,59.2519397097696
2025-11-29 19:00:00,61.224516877168
2025-11-29 20:00:00,76.0205167582676
2025-11-29 21:00:00,59.6617107558674
2025-11-29 22:00:00,60.112929088615
2025-11-29 23:00:00,59.7881678503839
2025-11-30 00:00:00,59.4204559060325
2025-11-30 01:00:00,59.5517560133163
2025-11-30 02:00:00,59.8734592933693
2025-11-30 03:00:00,58.6011058485907
2025-11-30 04:00:00,59.9984100326803
2025-11-30 05:00:00,59.0906005453862
2025-11-30 06:00:00,59.161257390537
2025-11-30 07:00:00,60.145019088556
2025-11-30 08:00:00,57.9724871239947
2025-11-30 09:00:00,58.2216247531856
2025-11-30 10:00:00,59.1141411543229
2025-11-30 12:00:00,59.7547317872613
2025-11-30 13:00:00,59.5790018811668
2025-11-30 14:00:00,59.8102322538472
2025-11-30 15:00:00,59.7934784405653
2025-11-30 17:00:00,59.5677919874224
2025-11-30 19:00:00,59.4469455916066
2025-12-01 00:00:00,58.8426289012728
2025-12-01 01:00:00,58.8387718121585
2025-12-01 02:00:00,59.0887958442251
2025-12-01 03:00:00,58.8030262379776
2025-12-01 04:00:00,59.0180448627028
2025-12-01 06:00:00,58.9453664887743
2025-12-01 07:00:00,58.8111750348629
2025-12-01 08:00:00,58.5869830650112
2025-12-01 09:00:00,59.062589340764
2025-12-01 10:00:00,59.0913596956351
2025-12-01 11:00:00,59.0612729037112
2025-12-01 12:00:00,59.0134374467194
2025-12-01 13:00:00,58.7439874577138
2025-12-01 14:00:00,59.1128839767739
2025-12-01 15:00:00,58.6359904732901
2025-12-01 16:00:00,58.8362633399358
2025-12-01 17:00:00,58.824248996145
2025-12-01 18:00:00,59.0003106039228
2025-12-01 19:00:00,58.7277281019406
2025-12-01 20:00:00,58.9481874210416
2025-12-01 21:00:00,58.9647829890571
2025-12-01 22:00:00,58.8041402284522
2025-12-01 23:00:00,58.851872173325
2025-12-02 00:00:00,57.802251237852
2025-12-02 01:00:00,57.7792259473811
2025-12-02 02:00:00,57.8923000960581
2025-12-02 03:00:00,58.0613936251701
2025-12-02 04:00:00,57.8150019771756
2025-12-02 05:00:00,57.9446590067436
2025-12-02 06:00:00,58.0193375376673
2025-12-02 07:00:00,58.0276920854777
2025-12-02 08:00:00,58.0944102970238
2025-12-02 09:00:00,57.9189558489607
2025-12-02 10:00:00,57.9960256453257
2025-12-02 11:00:00,57.8465085425392
2025-12-02 12:00:00,57.9979794963699
2025-12-02 13:00:00,57.5691168742929
2025-12-02 14:00:00,58.1519485341912
2025-12-02 15:00:00,57.9109754767198
2025-12-02 16:00:00,58.2814969034814
2025-12-02 17:00:00,52.0212780095865
2025-12-02 18:00:00,58.0097002666474
2025-12-02 19:00:00,58.1965074859268
2025-12-02 20:00:00,57.9104077386436
2025-12-02 21:00:00,57.6789559801538
2025-12-02 22:00:00,58.0808025416437
2025-12-02 23:00:00,58.0365622998692
2025-12-03 00:00:00,56.9373904905711
2025-12-03 01:00:00,56.4641399607635
2025-12-03 02:00:00,57.2052931939927
2025-12-03 03:00:00,57.1206511505074
2025-12-03 04:00:00,56.9822137247738
2025-12-03 06:00:00,56.8538862550874
2025-12-03 07:00:00,57.1328501077829
2025-12-03 08:00:00,57.3237780011744
2025-12-03 09:00:00,56.9994610156941
2025-12-03 10:00:00,57.128082717779
2025-12-03 11:00:00,56.8859360817939
2025-12-03 12:00:00,57.0957255828727
2025-12-03 13:00:00,57.1875499195708
2025-12-03 14:00:00,57.3222511053736
2025-12-03 15:00:00,56.8959195209971
2025-12-03 16:00:00,56.9044024074152
2025-12-03 17:00:00,57.1013154368785
2025-12-03 18:00:00,57.0642486090961
2025-12-03 19:00:00,57.1332946883621
2025-12-03 20:00:00,56.6672427393314
2025-12-03 21:00:00,56.7893171280014
2025-12-03 22:00:00,56.7989899470008
2025-12-03 23:00:00,57.2450304885556
2025-12-04 00:00:00,56.354160682446
2025-12-04 01:00:00,56.2056761555784
2025-12-04 02:00:00,56.1977111093836
2025-12-04 03:00:00,56.3035555865939
2025-12-04 04:00:00,56.018568049517
2025-12-04 05:00:00,56.1207383553573
2025-12-04 06:00:00,56.0633315616806
2025-12-04 07:00:00,56.0110856233864
2025-12-04 08:00:00,55.7502237287052
2025-12-04 09:00:00,56.0521052449009
2025-12-04 10:00:00,56.1188966244191
2025-12-04 11:00:00,56.1286282095369
2025-12-04 12:00:00,56.0148766217624
2025-12-04 13:00:00,56.1690000233851
2025-12-04 14:00:00,55.9031054249974
2025-12-04 15:00:00,56.4500958662158
2025-12-04 16:00:00,72.4895524021054
2025-12-04 17:00:00,56.2170668059344
2025-12-04 18:00:00,55.7632154364931
2025-12-05 06:00:00,55.6473564138869
2025-12-05 07:00:00,55.54306459149
2025-12-05 08:00:00,55.3333116084969
2025-12-05 09:00:00,55.1186324547252
2025-12-05 10:00:00,50.4170350114579
2025-12-05 11:00:00,55.2160317264729
2025-12-05 12:00:00,55.8098111762753
2025-12-05 13:00:00,43.2581986774892
2025-12-05 14:00:00,55.4567739075979
2025-12-05 15:00:00,55.2245689146826
2025-12-05 16:00:00,55.7080736967998
2025-12-05 17:00:00,55.6863151906966
2025-12-05 18:00:00,55.3262712473869
2025-12-05 19:00:00,55.3333398998851
2025-12-05 20:00:00,55.5799766427318
2025-12-05 21:00:00,55.4422652379662
2025-12-05 22:00:00,55.2454324280206
2025-12-05 23:00:00,55.5978661063817
2025-12-06 00:00:00,55.0070598889384
2025-12-06 01:00:00,54.3546500903863
2025-12-06 02:00:00,54.8299943494303
2025-12-06 03:00:00,54.9687535979607
2025-12-06 04:00:00,54.9202448781542
2025-12-06 05:00:00,54.9832871848209
2025-12-06 06:00:00,54.8138055150889
2025-12-06 07:00:00,54.5877433647068
2025-12-06 08:00:00,54.4777126972079
2025-12-06 09:00:00,54.7036015105623
2025-12-06 10:00:00,55.0446291822758
2025-12-06 11:00:00,54.8445610600767
2025-12-06 12:00:00,54.6083634850977
2025-12-06 13:00:00,54.9593111147284
2025-12-06 14:00:00,54.8402530867673
2025-12-06 15:00:00,54.6807114455173
2025-12-06 16:00:00,54.8247841867904
2025-12-06 17:00:00,54.5930079283763
2025-12-06 18:00:00,54.6418898222161
2025-12-06 19:00:00,55.0334229803012
2025-12-06 20:00:00,54.3493932340555
2025-12-06 21:00:00,55.1165793276377
2025-12-06 22:00:00,54.5039922933598
2025-12-06 23:00:00,54.585437111377
2025-12-07 00:00:00,54.1052158550735
2025-12-07 01:00:00,54.028385553041
2025-12-07 02:00:00,54.1183914164375
2025-12-07 03:00:00,54.004119661716
2025-12-07 04:00:00,54.1762464062262
2025-12-07 06:00:00,54.1556624133849
2025-12-07 07:00:00,53.9750663131845
2025-12-07 08:00:00,54.2333170737878
2025-12-07 09:00:00,54.1743674625471
2025-12-07 10:00:00,54.0811403105351
2025-12-07 11:00:00,53.9355964288233
2025-12-07 12:00:00,54.0881976437369
2025-12-07 13:00:00,54.3913891004695
2025-12-07 14:00:00,53.9020378213233
2025-12-07 15:00:00,54.0288279069463
2025-12-07 16:00:00,54.1774781954136
2025-12-07 17:00:00,53.9158856618159
2025-12-07 18:00:00,53.7220715904326
2025-12-07 19:00:00,54.006187460711
2025-12-07 20:00:00,54.252154947457
2025-12-08 08:00:00,53.8611294798835
2025-12-08 09:00:00,53.4848228366802
2025-12-08 10:00:00,53.4320014557042
2025-12-08 11:00:00,53.9297148128109
2025-12-08 12:00:00,54.0329083843641
2025-12-08 13:00:00,53.8437071597484
2025-12-08 14:00:00,53.4726282299279
2025-12-08 15:00:00,53.8488263760962
2025-12-08 16:00:00,53.7850051214044
2025-12-08 17:00:00,53.757806335301
2025-12-08 18:00:00,53.5360939190332
2025-12-08 19:00:00,53.2734134809039
2025-12-08 20:00:00,53.7376862640903
2025-12-08 21:00:00,53.6755900446033
2025-12-08 22:00:00,53.8655569269092
2025-12-08 23:00:00,53.8348558823346
2025-12-09 00:00:00,53.0664977397991
2025-12-09 01:00:00,53.4580563695783
2025-12-09 02:00:00,53.6108949626373
2025-12-09 03:00:00,53.3912367321871
2025-12-09 04:00:00,53.1734838328863
2025-12-09 05:00:00,53.3941053464255
2025-12-09 06:00:00,53.4079238071294
2025-12-09 08:00:00,53.2941673165988
2025-12-09 09:00:00,53.4018307035149
2025-12-09 11:00:00,53.5461677212258
2025-12-09 12:00:00,53.2769920311566
2025-12-09 13:00:00,53.4729129809581
2025-12-09 14:00:00,53.61195932787
2025-12-09 15:00:00,53.4056626294253
2025-12-09 16:00:00,53.6801904668403
2025-12-09 17:00:00,53.3485279094875
2025-12-09 18:00:00,53.7264441431984
2025-12-09 19:00:00,53.3812346715438
2025-12-09 20:00:00,53.1010102701523
2025-12-09 21:00:00,53.1388338019369
2025-12-09 22:00:00,52.9982535598218
2025-12-09 23:00:00,53.2029471732878
2025-12-10 00:00:00,52.5380334199378
2025-12-10 01:00:00,52.4363285660322
2025-12-10 02:00:00,52.6417950769895
2025-12-10 03:00:00,52.553077154711
2025-12-10 04:00:00,50.115105508324
2025-12-10 05:00:00,52.5174782006102
2025-12-10 06:00:00,52.6662193012759
2025-12-10 07:00:00,52.6940956481772
2025-12-10 08:00:00,52.8514082784075
2025-12-10 09:00:00,52.2869082578426
2025-12-10 10:00:00,52.3885187407787
2025-12-10 11:00:00,52.8064352022628
2025-12-10 12:00:00,52.7291405643616
2025-12-10 13:00:00,52.4814601711357
2025-12-10 14:00:00,52.7448426637793
2025-12-10 15:00:00,52.4093146537516
2025-12-10 16:00:00,52.5610759460437
2025-12-10 17:00:00,52.6657655393452
2025-12-10 18:00:00,52.5243782529565
2025-12-10 19:00:00,52.2909107237666
2025-12-10 20:00:00,52.3718866155435
2025-12-10 21:00:00,52.4075574716519
2025-12-10 22:00:00,52.6106641619514
2025-12-10 23:00:00,52.6037810923946
2025-12-11 00:00:00,52.3073067453481
2025-12-11 01:00:00,51.7420894785087
2025-12-11 02:00:00,51.9941135678434
2025-12-11 03:00:00,51.6594034422008
2025-12-11 04:00:00,52.0594160266718
2025-12-11 05:00:00,52.1799262803721
2025-12-11 06:00:00,
2025-12-11 07:00:00,
2025-12-11 08:00:00,51.9218791355285
2025-12-11 09:00:00,52.1689616994746
2025-12-11 10:00:00,52.1651165627125
2025-12-11 11:00:00,52.0741947987006
2025-12-11 12:00:00,51.8726125763587
2025-12-11 13:00:00,52.2991432381586
2025-12-11 14:00:00,51.7350509380044
2025-12-11 15:00:00,51.8837358128716
2025-12-11 16:00:00,51.8874010346889
2025-12-11 17:00:00,51.7063410280438
2025-12-11 18:00:00,52.3015188100343
2025-12-11 19:00:00,52.128114593738
2025-12-11 20:00:00,51.7837966892446
2025-12-11 22:00:00,52.0265427245973
2025-12-12 09:00:00,51.1930293315118
2025-12-12 10:00:00,51.4278295172605
2025-12-12 11:00:00,51.1072815612309
2025-12-12 12:00:00,
2025-12-12 13:00:00,
2025-12-12 14:00:00,51.5111446478354
2025-12-12 15:00:00,51.2363896660123
2025-12-12 16:00:00,51.1860608858125
2025-12-12 17:00:00,51.3071611386242
2025-12-12 18:00:00,51.686954354053
2025-12-12 19:00:00,51.3940360458696
2025-12-12 20:00:00,51.1260792106907
2025-12-12 21:00:00,51.4333739153553
2025-12-12 22:00:00,51.7195055507166
2025-12-12 23:00:00,51.3531045754583
2025-12-13 00:00:00,51.0327996600565
2025-12-13 01:00:00,51.3377131728181
2025-12-13 02:00:00,50.965529304782
2025-12-13 03:00:00,51.0570213151066
2025-12-13 04:00:00,51.1868492908757
2025-12-13 05:00:00,51.2120228813519
2025-12-13 06:00:00,51.3442922702102
2025-12-13 07:00:00,51.255624439043
2025-12-13 08:00:00,
2025-12-13 09:00:00,
2025-12-13 10:00:00,
2025-12-13 11:00:00,50.9602886763376
2025-12-13 12:00:00,51.1832871813393
2025-12-13 13:00:00,51.2156706439576
2025-12-13 14:00:00,51.4597686514805
2025-12-13 15:00:00,51.3704096070946
2025-12-13 16:00:00,51.5881383127763
2025-12-13 17:00:00,51.0809496959748
2025-12-13 18:00:00,50.8148025277749
2025-12-13 19:00:00,51.0721910856941
2025-12-13 20:00:00,51.0679618657714
2025-12-13 21:00:00,51.0169053291068
2025-12-13 22:00:00,51.1993832549375
2025-12-13 23:00:00,51.2230542259297
2025-12-14 00:00:00,50.6395288493586
2025-12-14 01:00:00,50.3621314256217
2025-12-14 02:00:00,50.4971513631375
2025-12-14 03:00:00,50.3050915446165
2025-12-14 04:00:00,50.6863211451608
2025-12-14 05:00:00,50.8692479407617
2025-12-14 06:00:00,50.5623640837644
2025-12-14 07:00:00,50.4852323603902
2025-12-14 08:00:00,50.3603223092747
2025-12-14 09:00:00,50.7851574011516
2025-12-14 10:00:00,50.2178092706372
2025-12-14 11:00:00,50.5803835928236
2025-12-14 12:00:00,50.7569026086653
2025-12-14 13:00:00,50.5359850592216
2025-12-14 14:00:00,50.4427453346128
2025-12-14 15:00:00,35.8719153792366
2025-12-14 16:00:00,50.5672405502686
2025-12-14 17:00:00,50.2923422465684
2025-12-14 18:00:00,50.9465943831751
2025-12-14 19:00:00,50.4066994555398
2025-12-14 20:00:00,50.6853259554333
2025-12-14 21:00:00,50.2155012872147
2025-12-14 22:00:00,50.7559594005106
2025-12-14 23:00:00,50.9164556518925
2025-12-15 00:00:00,50.6541989224112
2025-12-15 01:00:00,50.5533476937466
2025-12-15 02:00:00,50.7861518467247
2025-12-15 03:00:00,50.4279030331505
2025-12-15 04:00:00,50.6062777404893
2025-12-15 05:00:00,50.7278899815836
2025-12-15 06:00:00,50.6220461138761
2025-12-15 07:00:00,50.3902140722466
2025-12-15 08:00:00,50.7430419116978
2025-12-15 09:00:00,50.3522627807479
2025-12-15 10:00:00,50.5502230373095
2025-12-15 11:00:00,50.5341138590653
2025-12-15 12:00:00,50.3932770127985
2025-12-15 13:00:00,50.4602095121359
2025-12-15 14:00:00,50.4100840196904
2025-12-15 15:00:00,50.2576263383853
2025-12-15 16:00:00,51.0899863823272
2025-12-15 17:00:00,50.5968034207095
2025-12-15 18:00:00,50.3934337161725
2025-12-15 19:00:00,50.4699697875144
2025-12-15 20:00:00,50.3829624517009
2025-12-15 21:00:00,50.6544623431643
2025-12-15 22:00:00,50.5124452662064
2025-12-15 23:00:00,50.6562323700477
2025-12-16 00:00:00,50.0117106891762
2025-12-16 11:00:00,50.474334647182
2025-12-16 12:00:00,50.335879016467
2025-12-16 13:00:00,50.4640269895536
2025-12-16 14:00:00,50.2102011229335
2025-12-16 15:00:00,49.9380055989366
2025-12-16 16:00:00,50.3180102862097
2025-12-16 17:00:00,49.8772465549307
2025-12-16 18:00:00,50.2909231356915
2025-12-16 19:00:00,50.0632588958961
2025-12-16 20:00:00,50.2258151404367
2025-12-16 21:00:00,50.2515171127402
2025-12-16 22:00:00,50.1268448098203
2025-12-16 23:00:00,50.3554619186117
2025-12-17 00:00:00,49.6468207975723
2025-12-17 01:00:00,49.1927135247273
2025-12-17 02:00:00,49.5293638618981
2025-12-17 03:00:00,49.2801571557535
2025-12-17 04:00:00,49.2901551517467
2025-12-17 05:00:00,49.2421267126873
2025-12-17 06:00:00,49.4304484466066
2025-12-17 07:00:00,49.3536056352933
2025-12-17 08:00:00,49.4935609533936
2025-12-17 09:00:00,49.1132110455907
2025-12-17 10:00:00,49.6724829111275
2025-12-17 15:00:00,49.1643365105184
2025-12-17 16:00:00,49.3846014003901
2025-12-17 17:00:00,49.1988672145653
2025-12-17 18:00:00,49.084001645696
2025-12-17 19:00:00,49.7004335830852
2025-12-17 20:00:00,49.4125963363033
2025-12-17 21:00:00,49.3307748336592
2025-12-17 22:00:00,49.2742969398834
2025-12-17 23:00:00,49.4833688883554
2025-12-18 00:00:00,48.9587845573653
2025-12-18 01:00:00,49.0708716146238
2025-12-18 02:00:00,49.0421286321129
2025-12-18 03:00:00,49.1730519301831
2025-12-18 04:00:00,49.3242914006648
2025-12-18 05:00:00,48.7179089977011
2025-12-18 06:00:00,49.0371242683387
2025-12-18 07:00:00,49.1554074459001
2025-12-18 08:00:00,48.9729937783606
2025-12-18 09:00:00,48.7323537333238
2025-12-18 10:00:00,48.9911095779987
2025-12-18 11:00:00,48.9109616898015
2025-12-18 12:00:00,49.0876944492297
2025-12-18 13:00:00,49.1692331506122
2025-12-18 14:00:00,48.6540317764015
2025-12-18 15:00:00,49.2134639766265
2025-12-18 16:00:00,49.1563821000925
2025-12-18 17:00:00,49.4104542756293
2025-12-18 18:00:00,48.9042223498218
2025-12-18 19:00:00,49.4880144715365
2025-12-18 20:00:00,49.0024739149253
2025-12-18 21:00:00,48.6252048555258
2025-12-18 22:00:00,48.5468160159891
2025-12-18 23:00:00,49.092190632438
2025-12-19 00:00:00,48.8153461016182
2025-12-19 01:00:00,58.669727831495
2025-12-19 02:00:00,48.5112035234847
2025-12-19 03:00:00,48.3330006868489
2025-12-19 04:00:00,48.4073184108153
2025-12-19 05:00:00,48.5675259524707
2025-12-19 06:00:00,48.3803652123735
2025-12-19 07:00:00,48.2743586256065
2025-12-19 08:00:00,48.557610950002
2025-12-19 09:00:00,48.7016980756751
2025-12-19 10:00:00,48.6653618171819
2025-12-19 11:00:00,48.4518537491236
2025-12-19 12:00:00,48.7097167837957
2025-12-19 13:00:00,48.6918797734799
2025-12-19 14:00:00,48.604206009567
2025-12-19 15:00:00,48.7414761641894
2025-12-19 16:00:00,48.5810615564283
2025-12-19 17:00:00,48.4916792915263
2025-12-19 18:00:00,48.5122552672468
2025-12-19 19:00:00,48.6685951833079
2025-12-19 20:00:00,48.7415145525386
2025-12-19 21:00:00,48.4153689746759
2025-12-19 22:00:00,48.8466760370704
2025-12-19 23:00:00,48.7643597435274
2025-12-20 00:00:00,48.0078235702621
2025-12-20 01:00:00,48.0965516076458
2025-12-20 02:00:00,47.8007360417701
2025-12-20 03:00:00,47.9593893004798
2025-12-20 04:00:00,48.199515087358
2025-12-20 05:00:00,48.236769949561
2025-12-20 06:00:00,48.0233946550927
2025-12-20 07:00:00,48.0794206547256
2025-12-20 08:00:00,47.7618037960801
2025-12-20 09:00:00,48.0975975079432
2025-12-20 10:00:00,47.7909023090095
2025-12-20 11:00:00,47.728149253631
2025-12-20 12:00:00,59.5260087173935
2025-12-20 13:00:00,48.0705861237494
2025-12-20 14:00:00,47.9654456450313
2025-12-20 15:00:00,47.3442186196053
2025-12-20 16:00:00,48.0276320456181
2025-12-20 17:00:00,47.9262823454295
2025-12-20 18:00:00,48.1259117707849
2025-12-20 19:00:00,47.8936895474322
2025-12-20 20:00:00,47.672804424273
2025-12-20 21:00:00,48.0313992199312
2025-12-20 22:00:00,47.8197415437442
2025-12-20 23:00:00,48.1760564926729
2025-12-21 00:00:00,46.9434970030448
2025-12-21 11:00:00,47.3283779395602
2025-12-21 12:00:00,47.2595495519164
2025-12-21 13:00:00,47.4455381470196
2025-12-21 14:00:00,47.8295519607595
2025-12-21 15:00:00,47.2086191116106
2025-12-21 16:00:00,47.4368050287279
2025-12-21 17:00:00,47.662849345682
2025-12-21 18:00:00,47.347883844239
2025-12-21 19:00:00,47.1653913812151
2025-12-21 20:00:00,47.5345022643799
2025-12-21 21:00:00,47.5213886356474
2025-12-21 22:00:00,47.1678489086828
2025-12-21 23:00:00,47.3592065667494
2025-12-22 00:00:00,46.4425442275205
2025-12-22 01:00:00,46.9493551052943
2025-12-22 02:00:00,51.8260850094651
2025-12-22 03:00:00,46.5843565426156
2025-12-22 04:00:00,46.9225853083303
2025-12-22 05:00:00,46.4680315593969
2025-12-22 06:00:00,46.8181984737824
2025-12-22 07:00:00,47.1495336869732
2025-12-22 08:00:00,46.4636394033955
2025-12-22 09:00:00,46.9645521259043
2025-12-22 10:00:00,46.6269101963378
2025-12-22 11:00:00,46.7443587153029
2025-12-22 12:00:00,46.7645041867374
2025-12-22 13:00:00,46.4824875339673
2025-12-22 14:00:00,46.8226217711326
2025-12-22 15:00:00,46.6266471728071
2025-12-22 16:00:00,46.8765359310515
2025-12-22 17:00:00,46.7552405415148
2025-12-22 18:00:00,46.5951771692712
2025-12-22 19:00:00,46.7245831878729
2025-12-22 20:00:00,46.8567536424562
2025-12-22 21:00:00,46.6764934965014
2025-12-22 22:00:00,46.7523648902345
2025-12-22 23:00:00,46.809967232077
2025-12-23 00:00:00,45.8421499298933
2025-12-23 01:00:00,45.7471301179969
2025-12-23 02:00:00,45.7429727652049
2025-12-23 03:00:00,45.568897950587
2025-12-23 04:00:00,46.3948879398571
2025-12-23 05:00:00,45.8161799461165
2025-12-23 06:00:00,49.2649881459511
2025-12-23 07:00:00,45.8730456329286
2025-12-23 08:00:00,46.2276424853707
2025-12-23 09:00:00,45.9152737338806
2025-12-23 10:00:00,45.7440735100908
2025-12-23 11:00:00,56.0968211510102
2025-12-23 12:00:00,46.2009777163922
2025-12-23 13:00:00,46.3085457492186
2025-12-23 14:00:00,46.9918339392463
2025-12-23 15:00:00,45.9619168398506
2025-12-23 16:00:00,46.1827705755128
2025-12-23 17:00:00,46.2531840860533
2025-12-23 18:00:00,45.7722154445248
2025-12-23 19:00:00,45.5053703259583
2025-12-23 20:00:00,46.2287027552117
2025-12-23 21:00:00,46.4332984248086
2025-12-23 22:00:00,46.0179691092666
2025-12-23 23:00:00,46.3085356798399
2025-12-24 00:00:00,45.7134326803291
2025-12-24 01:00:00,45.1579567346277
2025-12-24 02:00:00,45.5971338297829
2025-12-24 03:00:00,45.5929543076713
2025-12-24 04:00:00,45.7307265092933
2025-12-24 05:00:00,45.3311371010964
2025-12-24 06:00:00,45.4760874197349
2025-12-24 07:00:00,45.6364090548408
2025-12-24 08:00:00,45.9564781537157
2025-12-24 09:00:00,45.5111446356839
2025-12-24 10:00:00,45.5186118188064
2025-12-24 11:00:00,45.3868162495892
2025-12-24 12:00:00,44.9581672867037
2025-12-24 13:00:00,45.6042091634505
2025-12-24 14:00:00,45.5452834326067
2025-12-24 15:00:00,45.402451386947
2025-12-24 16:00:00,45.397210965506
2025-12-24 17:00:00,41.8334607711989
2025-12-24 18:00:00,45.2410355085943
2025-12-24 19:00:00,45.4033287626187
2025-12-24 20:00:00,45.4037077177062
2025-12-25 07:00:00,44.9961854385741
2025-12-25 08:00:00,45.1550033501684
2025-12-25 15:00:00,44.8524577712201
2025-12-25 16:00:00,44.8732241716588
2025-12-25 17:00:00,44.9489556208538
2025-12-25 18:00:00,44.896545349299
2025-12-25 19:00:00,44.7740884508886
2025-12-25 20:00:00,44.7061559320441
2025-12-25 21:00:00,44.665061164302
2025-12-25 22:00:00,44.5841939402578
2025-12-25 23:00:00,44.8338096104314
2025-12-26 00:00:00,44.5560841255154
2025-12-26 01:00:00,44.6240732878167
2025-12-26 02:00:00,45.0417343233311
2025-12-26 03:00:00,45.0188711615113
2025-12-26 04:00:00,44.392167941696
2025-12-26 05:00:00,44.7521836307797
2025-12-26 06:00:00,44.7834112376821
2025-12-26 07:00:00,44.5367851431316
2025-12-26 08:00:00,44.557868983432
2025-12-26 09:00:00,44.8235608598245
2025-12-26 10:00:00,44.5997375882172
2025-12-26 11:00:00,44.6632204028091
2025-12-26 12:00:00,44.6555209605954
2025-12-26 13:00:00,44.7393479140856
2025-12-26 14:00:00,44.8306308240108
2025-12-26 15:00:00,45.0058875548222
2025-12-26 16:00:00,44.7562799579582
2025-12-26 17:00:00,44.8770811596534
2025-12-26 18:00:00,44.1977017755283
2025-12-26 19:00:00,44.4608191743264
2025-12-26 20:00:00,44.7464421476634
2025-12-26 21:00:00,44.877500806867
2025-12-26 22:00:00,44.8781295539024
2025-12-26 23:00:00,44.9157931859322
2025-12-27 00:00:00,43.9917247635008
2025-12-27 01:00:00,44.3135607641701
2025-12-27 02:00:00,44.1779108018781
2025-12-27 03:00:00,44.0772261320618
2025-12-27 04:00:00,44.1645822438323
2025-12-27 05:00:00,40.1755405094662
2025-12-27 06:00:00,44.3455007231431
2025-12-27 07:00:00,44.3264401962765
2025-12-27 08:00:00,44.4478363624259
2025-12-27 09:00:00,44.3783734978681
2025-12-27 10:00:00,44.4262582958545
2025-12-27 11:00:00,44.0515222356312
2025-12-27 12:00:00,44.1445274781096
2025-12-27 13:00:00,44.2750914363049
2025-12-27 14:00:00,44.0226700435577
2025-12-27 15:00:00,43.8674419589139
2025-12-27 16:00:00,43.853725949548
2025-12-27 17:00:00,44.3826974048484
2025-12-27 18:00:00,44.1946359872086
2025-12-27 19:00:00,44.4337653563021
2025-12-27 20:00:00,44.2090356396736
2025-12-27 21:00:00,44.3114489598654
2025-12-27 22:00:00,44.2961555028024
2025-12-27 23:00:00,44.4364848040118
2025-12-28 00:00:00,43.3268004845797
2025-12-28 01:00:00,43.5098911482581
2025-12-28 02:00:00,43.501314041503
2025-12-28 03:00:00,43.6860698245795
2025-12-28 04:00:00,43.3103172143305
2025-12-28 05:00:00,43.8202405710154
2025-12-28 06:00:00,43.4877328320673
2025-12-28 07:00:00,43.6962689538399
2025-12-28 08:00:00,37.0981023952532
2025-12-28 09:00:00,43.2168512214964
2025-12-28 10:00:00,43.1986737018349
2025-12-28 11:00:00,43.4083496063577
2025-12-28 12:00:00,43.622346081615
2025-12-28 13:00:00,43.5491982129257
2025-12-28 14:00:00,43.7310101425881
2025-12-28 15:00:00,43.4825057535401
2025-12-28 16:00:00,43.6573950800696
2025-12-28 17:00:00,43.474033067112
2025-12-28 18:00:00,43.3721758201308
2025-12-28 19:00:00,43.4789565081272
2025-12-28 20:00:00,43.7577591206116
2025-12-28 21:00:00,43.5689953967757
2025-12-28 22:00:00,43.7603347335674
2025-12-28 23:00:00,43.3224712843395
2025-12-29 00:00:00,42.8857603162305
2025-12-29 01:00:00,42.8372527918903
2025-12-29 02:00:00,42.9169495181224
2025-12-29 03:00:00,43.0248683660039
2025-12-29 04:00:00,43.3542730705213
2025-12-29 05:00:00,43.058621165973
2025-12-29 06:00:00,43.1397011799533
2025-12-29 08:00:00,43.1329847156817
2025-12-29 09:00:00,43.3903985279756
2025-12-29 10:00:00,42.9422298494209
2025-12-29 11:00:00,42.9278700615481
2025-12-29 12:00:00,43.1287348306757
2025-12-29 13:00:00,43.0740449659149
2025-12-29 14:00:00,43.0284002749322
2025-12-29 15:00:00,43.2105391809773
2025-12-29 16:00:00,42.9975082870688
2025-12-29 17:00:00,43.098970545921
2025-12-29 18:00:00,43.3275290562772
2025-12-29 19:00:00,42.9921332516517
2025-12-29 20:00:00,43.5067243644964
2025-12-29 21:00:00,42.8484680934856
2025-12-29 22:00:00,43.0070147117821
2025-12-29 23:00:00,43.0301096041909
2025-12-30 00:00:00,41.9039757242261
2025-12-30 01:00:00,41.7220615395955
2025-12-30 02:00:00,41.9412066160913
2025-12-30 03:00:00,41.9353902536873
2025-12-30 04:00:00,42.2777143716947
2025-12-30 05:00:00,41.8146630800858
2025-12-30 06:00:00,42.0714073752258
2025-12-30 07:00:00,42.1291284555538
2025-12-30 08:00:00,41.7285261690883
2025-12-30 09:00:00,41.7720286524238
2025-12-30 10:00:00,41.9287300226294
2025-12-30 11:00:00,41.8874370894237
2025-12-30 12:00:00,41.5808834449843
2025-12-30 13:00:00,41.7615256102868
2025-12-30 14:00:00,41.4628115207149
2025-12-30 15:00:00,42.027758177745
2025-12-30 16:00:00,41.9742867753759
2025-12-30 17:00:00,42.1114935391099
2025-12-30 18:00:00,42.0644880125128
2025-12-30 19:00:00,41.9774080430972
2025-12-30 20:00:00,42.0352070281847
2025-12-30 21:00:00,41.6748129801064
2025-12-30 22:00:00,41.5518964671618
2025-12-30 23:00:00,42.059877474949
2025-12-31 00:00:00,41.6304461308501
2025-12-31 01:00:00,41.5873394179761
2025-12-31 02:00:00,41.4280338151592
2025-12-31 03:00:00,41.4896807938686
2025-12-31 04:00:00,41.673427975998
2025-12-31 05:00:00,41.3725267515941
2025-12-31 07:00:00,42.0153983764434
2025-12-31 08:00:00,41.3743917804535
2025-12-31 09:00:00,41.407463345025
2025-12-31 10:00:00,41.3913436797282
2025-12-31 22:00:00,41.3554072716974
2025-12-31 23:00:00,41.5243022349585
2026-01-01 00:00:00,41.4966625497169
2026-01-01 01:00:00,41.5799597991
2026-01-01 02:00:00,41.2625883050651
2026-01-01 03:00:00,41.8778560691611
2026-01-01 04:00:00,41.4648035727875
2026-01-01 05:00:00,41.6339335993958
2026-01-01 06:00:00,41.4126188277241
2026-01-01 07:00:00,41.3982021684902
2026-01-01 08:00:00,40.8073318648379
2026-01-01 09:00:00,47.4957404375192
2026-01-01 10:00:00,41.6339357821882
2026-01-01 11:00:00,41.3288735894898
2026-01-01 12:00:00,42.1337170229284
2026-01-01 13:00:00,40.5554758443533
2026-01-01 14:00:00,41.1743366591791
2026-01-01 15:00:00,40.6139192230947
2026-01-01 16:00:00,41.6385999830641
2026-01-01 17:00:00,40.9294741269742
2026-01-01 18:00:00,41.0221235194948
2026-01-01 19:00:00,39.8925433563486
2026-01-01 20:00:00,40.9920473933923
2026-01-01 21:00:00,41.0369801423498
2026-01-01 22:00:00,41.2146934159176
2026-01-01 23:00:00,41.2535055313121
2026-01-02 00:00:00,
2026-01-02 01:00:00,
2026-01-02 02:00:00,
2026-01-02 03:00:00,41.0095395372851
2026-01-02 04:00:00,41.1208294015479
2026-01-02 06:00:00,41.142232066183
2026-01-02 07:00:00,42.033654702134
2026-01-02 08:00:00,40.9744860709748
2026-01-02 09:00:00,41.73484593107
2026-01-02 10:00:00,41.1103803822127
2026-01-02 11:00:00,41.2422918622029
2026-01-02 12:00:00,40.5157872287978
2026-01-02 13:00:00,41.4656532735862
2026-01-02 14:00:00,41.3755412904845
2026-01-02 15:00:00,41.4714240686598
2026-01-02 16:00:00,41.4900692291058
2026-01-02 17:00:00,41.0614354609333
2026-01-02 18:00:00,40.9912660319891
2026-01-02 19:00:00,41.5365715092265
2026-01-02 20:00:00,41.693012417038
2026-01-02 21:00:00,41.6416370103124
2026-01-02 22:00:00,40.9979870617766
2026-01-02 23:00:00,41.4346527067475
2026-01-03 00:00:00,40.8636911140441
2026-01-03 01:00:00,40.6856987815819
2026-01-03 02:00:00,40.2823454563569
2026-01-03 03:00:00,39.8743936566344
2026-01-03 04:00:00,40.3874695643536
2026-01-03 05:00:00,40.6568978430085
2026-01-03 06:00:00,39.6684436552879
2026-01-03 07:00:00,40.7900516152494
2026-01-03 08:00:00,40.7254485845093
2026-01-03 10:00:00,40.5422680412497
2026-01-03 11:00:00,40.5716221824917
2026-01-03 12:00:00,41.2096006098528
2026-01-03 13:00:00,40.6161762437389
2026-01-03 16:00:00,40.9693362737226
2026-01-04 17:00:00,39.8504296165044
2026-01-04 18:00:00,40.4705725372539
2026-01-04 19:00:00,40.5864595793453
2026-01-04 20:00:00,40.6018649681246
2026-01-04 21:00:00,40.1170884035655
2026-01-04 22:00:00,40.1721331847805
2026-01-04 23:00:00,39.8319023829599
2026-01-05 00:00:00,39.9208130489525
2026-01-05 01:00:00,39.1850700947979
2026-01-05 02:00:00,39.6764428467697
2026-01-05 13:00:00,39.9069706904413
2026-01-05 15:00:00,39.8425824739444
2026-01-05 16:00:00,39.5623822152069
2026-01-05 17:00:00,40.1949950959071
2026-01-05 18:00:00,39.1151476573084
2026-01-05 19:00:00,39.4467925333444
2026-01-05 20:00:00,39.3065731884435
2026-01-05 21:00:00,38.7089651454017
2026-01-05 22:00:00,39.8146651552468
2026-01-05 23:00:00,39.9586325529937
2026-01-06 00:00:00,38.2615485273309
2026-01-06 01:00:00,38.7538490866125
2026-01-06 02:00:00,38.6750476853438
2026-01-06 03:00:00,39.6210656381544
2026-01-06 04:00:00,39.0211133891739
2026-01-06 05:00:00,38.7695449034262
2026-01-06 06:00:00,38.3554244179651
2026-01-06 07:00:00,38.2498263861916
2026-01-06 08:00:00,39.0324798296506
2026-01-06 09:00:00,38.5454424938351
2026-01-06 10:00:00,38.6860943327175
2026-01-06 11:00:00,38.3256243732684
2026-01-06 12:00:00,39.4682743048369
2026-01-06 13:00:00,38.5388575944081
2026-01-06 14:00:00,38.6216344547987
2026-01-06 15:00:00,39.2703515217737
2026-01-06 16:00:00,39.166665729108
2026-01-06 17:00:00,38.1582790033292
2026-01-06 18:00:00,38.833816351583
2026-01-06 19:00:00,38.7856852607586
2026-01-06 20:00:00,38.7402322139182
2026-01-06 21:00:00,38.4557520597191
2026-01-06 22:00:00,38.2696196161195
2026-01-06 23:00:00,39.0487628104692
2026-01-07 00:00:00,38.4825286777132
2026-01-07 01:00:00,37.9611549530588
2026-01-07 02:00:00,39.2660089168988
2026-01-07 03:00:00,38.3406818648295
2026-01-07 04:00:00,38.5488613820076
2026-01-07 05:00:00,37.8143424287501
2026-01-07 06:00:00,38.9118170419298
2026-01-07 07:00:00,38.5672694655849
2026-01-07 08:00:00,34.5337866077768
2026-01-07 09:00:00,38.1818082645634
2026-01-07 10:00:00,38.1570342521379
2026-01-07 11:00:00,38.5611313181288
2026-01-07 12:00:00,37.7588574377252
2026-01-07 13:00:00,39.896557806487
2026-01-07 14:00:00,38.080334870654
2026-01-07 15:00:00,38.2690095161734
2026-01-07 16:00:00,39.4124283719169
2026-01-07 17:00:00,38.459278963655
2026-01-07 18:00:00,37.9570514075224
2026-01-07 19:00:00,37.8574258231861
2026-01-07 20:00:00,38.2035558266582
2026-01-07 21:00:00,38.1292601631531
2026-01-07 22:00:00,38.3022993787585
2026-01-07 23:00:00,38.5456030070781
2026-01-08 00:00:00,
2026-01-08 01:00:00,
2026-01-08 02:00:00,
2026-01-08 03:00:00,
2026-01-08 04:00:00,
2026-01-08 05:00:00,
2026-01-08 06:00:00,
2026-01-08 07:00:00,
2026-01-08 09:00:00,
2026-01-08 10:00:00,
2026-01-08 11:00:00,
2026-01-08 12:00:00,
2026-01-08 13:00:00,
2026-01-08 14:00:00,
2026-01-08 15:00:00,
2026-01-08 16:00:00,
2026-01-08 17:00:00,
2026-01-08 18:00:00,
2026-01-08 19:00:00,
2026-01-08 20:00:00,
2026-01-08 21:00:00,
2026-01-08 22:00:00,
2026-01-08 23:00:00,
2026-01-09 00:00:00,65.8439667565617
2026-01-09 01:00:00,65.7694204760628
2026-01-09 02:00:00,66.2481636747115
2026-01-09 03:00:00,65.6511057199901
2026-01-09 04:00:00,65.9782536063464
2026-01-09 05:00:00,66.0899832934016
2026-01-09 16:00:00,65.8050212075793
2026-01-09 17:00:00,66.1142594345526
2026-01-09 18:00:00,66.3435321249664
2026-01-09 19:00:00,65.9152899720048
2026-01-09 20:00:00,65.8838008220229
2026-01-09 21:00:00,66.0564802386656
2026-01-09 22:00:00,66.3069429819551
2026-01-09 23:00:00,65.8276705987166
2026-01-10 00:00:00,65.3682664366695
2026-01-10 01:00:00,65.0242471033042
2026-01-10 02:00:00,65.7231838077369
2026-01-10 03:00:00,65.3374101169024
2026-01-10 04:00:00,65.1330407656224
2026-01-10 06:00:00,65.1329221174251
2026-01-10 07:00:00,65.161173811909
2026-01-10 08:00:00,65.4746958135582
2026-01-10 12:00:00,65.3537650217803
2026-01-10 13:00:00,65.2558581796333
2026-01-10 14:00:00,65.2610164894856
2026-01-10 15:00:00,65.1198163909729
2026-01-10 16:00:00,65.344996120926
2026-01-10 17:00:00,65.645814691321
2026-01-10 18:00:00,65.3745856599363
2026-01-10 19:00:00,65.26469426693
2026-01-10 20:00:00,64.7318353206139
2026-01-10 21:00:00,65.7093668320017
2026-01-10 22:00:00,65.3594642972844
2026-01-10 23:00:00,65.5493299068563
2026-01-11 00:00:00,64.8105439056751
2026-01-11 01:00:00,64.4606965448979
2026-01-11 02:00:00,
2026-01-11 03:00:00,
2026-01-11 04:00:00,
2026-01-11 05:00:00,
2026-01-11 06:00:00,
2026-01-11 08:00:00,
2026-01-11 19:00:00,64.6078632419332
2026-01-11 20:00:00,64.4578762464127
2026-01-11 21:00:00,64.1641329370371
2026-01-11 22:00:00,64.529399860784
2026-01-11 23:00:00,64.8484768647936
2026-01-12 00:00:00,64.4971094036533
2026-01-12 01:00:00,63.9161821732861
2026-01-12 02:00:00,64.3032589819123
2026-01-12 03:00:00,64.7846910507504
2026-01-12 04:00:00,64.3369244512557
2026-01-12 05:00:00,64.4628477824739
2026-01-12 06:00:00,64.2120999435428
2026-01-12 07:00:00,64.6477379520284
2026-01-12 09:00:00,64.0204697516257
2026-01-12 10:00:00,64.5280649243841
2026-01-12 11:00:00,63.4594327683525
2026-01-12 12:00:00,65.4922543688479
2026-01-12 13:00:00,64.7088969247384
2026-01-12 14:00:00,63.7397494933672
2026-01-12 15:00:00,64.048852695479
2026-01-12 16:00:00,56.2430964997584
2026-01-12 17:00:00,64.8843654816683
2026-01-12 18:00:00,64.1773590821098
2026-01-12 19:00:00,64.557941003346
2026-01-12 20:00:00,64.7390720278265
2026-01-12 21:00:00,64.2376093629721
2026-01-12 22:00:00,63.9316695498003
2026-01-12 23:00:00,63.5545457558574
2026-01-13 00:00:00,64.295777826146
2026-01-13 01:00:00,64.0284651842748
2026-01-13 02:00:00,63.8249902420036
2026-01-13 03:00:00,63.5008530250593
2026-01-13 04:00:00,62.7100488853244
2026-01-13 05:00:00,63.5672539170222
2026-01-13 06:00:00,64.0978633995887
2026-01-13 07:00:00,64.1625247499622
2026-01-13 08:00:00,63.5188658292628
2026-01-13 09:00:00,63.44456635556
2026-01-13 11:00:00,63.9537179249928
2026-01-13 12:00:00,64.3045886883436
2026-01-13 13:00:00,63.3168719040653
2026-01-13 14:00:00,63.8569969386668
2026-01-13 15:00:00,64.1298221286523
2026-01-13 16:00:00,64.144262378888
2026-01-13 17:00:00,63.4746270966057
2026-01-13 18:00:00,51.7460084890668
2026-01-13 19:00:00,63.2667025261134
2026-01-13 20:00:00,62.9285146246523
2026-01-13 21:00:00,63.2511066987498
2026-01-13 22:00:00,63.5985343364042
2026-01-13 23:00:00,63.4718147253262
2026-01-14 00:00:00,61.7552773611555
2026-01-14 01:00:00,62.5837024793007
2026-01-14 02:00:00,62.0021514920798
2026-01-14 03:00:00,62.3840192686904
2026-01-14 04:00:00,63.6962139626303
2026-01-14 05:00:00,62.8870619308083
2026-01-14 06:00:00,62.4816860672813
2026-01-14 07:00:00,63.339715735253
2026-01-14 08:00:00,62.3665147772601
2026-01-14 09:00:00,62.4868456649845
2026-01-14 10:00:00,62.4491377139439
2026-01-14 11:00:00,62.843380490274
2026-01-14 12:00:00,63.5312531295648
2026-01-14 13:00:00,62.5922984473105
2026-01-14 14:00:00,62.7176779046527
2026-01-14 15:00:00,62.7275327066391
2026-01-14 16:00:00,62.6429663958689
2026-01-14 17:00:00,63.02838564103
2026-01-14 18:00:00,62.3598114196943
2026-01-14 19:00:00,61.8970130527842
2026-01-14 20:00:00,63.0481791682431
2026-01-14 21:00:00,62.4103538603725
2026-01-14 22:00:00,63.0050220588256
2026-01-14 23:00:00,62.8692319894189
2026-01-15 00:00:00,62.4271802063312
2026-01-15 01:00:00,62.6750988263063
2026-01-15 02:00:00,62.1251854865931
2026-01-15 03:00:00,61.9287426381114
2026-01-15 04:00:00,61.5007715737524
2026-01-15 05:00:00,62.6504916032136
2026-01-15 06:00:00,62.5062627794245
2026-01-15 07:00:00,62.2819957532215
2026-01-15 08:00:00,62.0782424070311
2026-01-15 09:00:00,62.4048078965391
2026-01-15 22:00:00,62.0959239743393
2026-01-15 23:00:00,62.8835334532105
2026-01-16 00:00:00,60.9026099116744
2026-01-16 01:00:00,61.3874042200437
2026-01-16 02:00:00,61.8844512464118
2026-01-16 03:00:00,61.0823038423958
2026-01-16 04:00:00,62.1766347110746
2026-01-16 05:00:00,61.4515414651727
2026-01-16 06:00:00,61.3102631910533
2026-01-16 07:00:00,60.8575975336488
2026-01-16 09:00:00,61.3723398029424
2026-01-16 10:00:00,61.1045583417631
2026-01-16 11:00:00,61.6877995472885
2026-01-16 12:00:00,61.291010588689
2026-01-16 13:00:00,61.7643857391837
2026-01-16 14:00:00,60.7941296982023
2026-01-16 15:00:00,62.3776652383425
2026-01-16 16:00:00,61.9961290829048
2026-01-16 17:00:00,61.0001988584275
2026-01-16 18:00:00,61.2198154408666
2026-01-16 19:00:00,61.2454499786947
2026-01-16 20:00:00,61.0320079581953
2026-01-16 21:00:00,61.3849296212339
2026-01-16 22:00:00,60.8163754241351
2026-01-16 23:00:00,61.6979601959215
2026-01-17 00:00:00,60.9873438179566
2026-01-17 01:00:00,61.1122493194327
2026-01-17 02:00:00,60.86498002556
2026-01-17 03:00:00,61.3977606833168
2026-01-17 04:00:00,62.1083497848615
2026-01-17 05:00:00,60.8550323652444
2026-01-17 06:00:00,61.1647364361776
2026-01-17 07:00:00,61.2457846043536
2026-01-17 08:00:00,61.5388737185672
2026-01-17 09:00:00,61.4105158118866
2026-01-17 10:00:00,61.4250002727017
2026-01-17 11:00:00,62.0495994725571
2026-01-17 15:00:00,61.4803096346388
2026-01-17 17:00:00,62.0304603056524
2026-01-17 18:00:00,61.4294534890398
2026-01-17 19:00:00,61.1940943328663
2026-01-17 20:00:00,61.0420354732002
2026-01-17 21:00:00,61.0544391644907
2026-01-17 22:00:00,61.9253866403536
2026-01-17 23:00:00,61.8615873459165
2026-01-18 00:00:00,59.677453701589
2026-01-18 01:00:00,60.4798183257877
2026-01-18 02:00:00,60.1210997664145
2026-01-18 03:00:00,59.9451320476912
2026-01-18 04:00:00,59.7766960803159
2026-01-18 05:00:00,61.4380574982443
2026-01-18 06:00:00,59.939352436305
2026-01-18 07:00:00,60.207456326803
2026-01-18 08:00:00,60.0620019344923
2026-01-18 10:00:00,60.4603297533895
2026-01-18 11:00:00,60.2980757316423
2026-01-18 12:00:00,60.6999045611286
2026-01-18 13:00:00,77.1964959083714
2026-01-18 14:00:00,60.5719716750447
2026-01-18 15:00:00,60.0258130416728
2026-01-18 16:00:00,60.4232220128667
2026-01-18 17:00:00,60.3857143863918
2026-01-18 18:00:00,60.6373907443856
2026-01-18 19:00:00,60.1958635353264
2026-01-18 20:00:00,60.1696780767423
2026-01-18 21:00:00,60.3785851151966
2026-01-18 22:00:00,60.0960995715815
2026-01-18 23:00:00,60.8690126083888
2026-01-19 00:00:00,60.2857406755389
2026-01-19 01:00:00,59.5367370764768
2026-01-19 02:00:00,59.3342462771357
2026-01-19 03:00:00,59.3791428657354
2026-01-19 04:00:00,60.4932715979078
2026-01-19 05:00:00,59.4488654512824
2026-01-19 06:00:00,58.9715026318402
2026-01-19 07:00:00,
2026-01-19 08:00:00,
2026-01-19 09:00:00,60.2738640491448
2026-01-19 10:00:00,59.0744121940582
2026-01-19 11:00:00,59.4327322776927
2026-01-19 12:00:00,59.5094418944346
2026-01-19 13:00:00,59.9285176907643
2026-01-19 14:00:00,59.0303154319832
2026-01-19 15:00:00,59.4086938752349
2026-01-19 16:00:00,60.3679962672327
2026-01-19 17:00:00,59.6892401295728
2026-01-19 18:00:00,58.6438749465267
2026-01-19 19:00:00,59.0455789417295
2026-01-19 20:00:00,59.0544986406528
2026-01-19 21:00:00,59.4677168163431
2026-01-19 22:00:00,59.5552649601843
2026-01-19 23:00:00,59.2044760789931
2026-01-20 00:00:00,59.4769592354614
2026-01-20 06:00:00,58.8068068522696
2026-01-20 12:00:00,58.8019835881721
2026-01-20 18:00:00,59.0174752901817
2026-01-21 00:00:00,58.1043252398366
2026-01-21 06:00:00,59.0064903454477
2026-01-21 12:00:00,57.8827818414592
2026-01-21 18:00:00,59.1551693917985
2026-01-22 00:00:00,57.8979107998028
2026-01-22 06:00:00,58.6838675979335
2026-01-22 12:00:00,58.1539472343902
2026-01-22 18:00:00,59.551918351437
2026-01-23 00:00:00,57.3146703625793
2026-01-23 06:00:00,57.6153153488976
2026-01-23 12:00:00,57.0665544087611
2026-01-23 18:00:00,57.0682280273642
2026-01-24 00:00:00,56.2127516990877
2026-01-24 06:00:00,56.7438298471374
2026-01-24 12:00:00,57.0561319005085
2026-01-24 18:00:00,57.1235503587057
2026-01-25 00:00:00,55.9841523743453
2026-01-25 06:00:00,56.1057585365646
2026-01-25 12:00:00,56.7956310716813
2026-01-25 18:00:00,56.2647768115241
2026-01-26 00:00:00,55.784385481324
2026-01-26 06:00:00,56.5739819667636
2026-01-26 12:00:00,55.5104694694789
2026-01-26 18:00:00,56.4759443937048
2026-01-27 00:00:00,53.9370755847624
2026-01-27 06:00:00,54.9340141856204
2026-01-27 12:00:00,55.2386767571122
2026-01-27 18:00:00,54.8336153676326
2026-01-28 00:00:00,54.0365974610347
2026-01-28 06:00:00,53.7385897067945
2026-01-28 12:00:00,54.0414650861345
2026-01-28 18:00:00,54.9043573725482
2026-01-29 00:00:00,54.8238254426497
2026-01-29 06:00:00,55.2214415315165
2026-01-29 12:00:00,53.9276187344985
2026-01-29 18:00:00,54.0719482014055
2026-01-30 00:00:00,53.4450716768309
2026-01-30 06:00:00,51.8832396592951
2026-01-30 12:00:00,53.1465588479045
2026-01-30 18:00:00,52.9968631373611
2026-01-31 00:00:00,52.1800210597737
2026-01-31 06:00:00,52.6053728074152
2026-01-31 12:00:00,52.537715023588
2026-01-31 18:00:00,52.8713385519509
2026-02-01 00:00:00,51.5735217269324
2026-02-01 06:00:00,51.637652015271
2026-02-01 12:00:00,51.8058007315709
2026-02-01 18:00:00,51.7575099308908
2026-02-02 00:00:00,51.0125839105254
2026-02-02 06:00:00,51.1456770191129
2026-02-02 12:00:00,51.1622541616073
2026-02-02 18:00:00,51.0231821571274
2026-02-03 00:00:00,49.7794565517947
2026-02-03 06:00:00,50.8066635770538
2026-02-03 12:00:00,50.5926666419517
2026-02-03 18:00:00,49.9704727159299
2026-02-04 00:00:00,49.6432159458293
2026-02-04 06:00:00,49.0134015430303
2026-02-04 12:00:00,49.7994867040522
2026-02-04 18:00:00,49.0207663212622
2026-02-05 00:00:00,48.8119888135854
2026-02-05 06:00:00,48.4001367424869
2026-02-05 12:00:00,48.3280522506954
2026-02-05 18:00:00,48.1378133904345
2026-02-06 00:00:00,47.7916172734265
2026-02-06 06:00:00,48.7329639263548
2026-02-06 12:00:00,55.4304910549591
2026-02-06 18:00:00,48.148942726423
2026-02-07 00:00:00,47.7771052538509
2026-02-07 06:00:00,47.6422432681818
2026-02-07 12:00:00,47.4295738567691
2026-02-07 18:00:00,46.92865102278
2026-02-08 00:00:00,47.1929904646891
2026-02-08 06:00:00,46.7764276194832
2026-02-08 12:00:00,46.1383020994435
2026-02-08 18:00:00,47.162058252077
2026-02-09 00:00:00,46.5841823211785
2026-02-09 06:00:00,46.309339391897
2026-02-09 12:00:00,46.3033531913232
2026-02-09 18:00:00,46.4651960703667
2026-02-10 00:00:00,46.4136091672211
2026-02-10 06:00:00,46.176761618142
2026-02-10 12:00:00,46.736664081934
2026-02-10 18:00:00,46.3934175655132
2026-02-11 00:00:00,45.7074935873013
2026-02-11 06:00:00,45.5519422111596
2026-02-11 12:00:00,45.749708628557
2026-02-11 18:00:00,45.3795414897417
2026-02-12 00:00:00,45.276391593099
2026-02-12 06:00:00,44.8157454198385
2026-02-12 12:00:00,44.530355943538
2026-02-12 18:00:00,45.255766804803
2026-02-13 00:00:00,44.4178307929086
2026-02-13 06:00:00,44.3990614622112
2026-02-13 12:00:00,44.0803330266673
2026-02-13 18:00:00,44.4621751389525
2026-02-14 00:00:00,43.9877419833428
2026-02-14 06:00:00,43.9425084682586
2026-02-14 12:00:00,43.9867380624848
2026-02-14 18:00:00,44.3624061966868
2026-02-15 00:00:00,42.8005478677082
2026-02-15 06:00:00,43.1897880668166
2026-02-15 12:00:00,43.212174933357
2026-02-15 18:00:00,42.9685903829669
2026-02-16 00:00:00,41.539236848391
2026-02-16 06:00:00,41.2627852041054
2026-02-16 12:00:00,42.0154787394368
2026-02-16 18:00:00,41.8475109212025
2026-02-17 00:00:00,40.188643454756
2026-02-17 06:00:00,40.9253521010159
2026-02-17 12:00:00,40.7670791351136
2026-02-17 18:00:00,40.6630638642495
2026-02-18 00:00:00,41.0356960138667
2026-02-18 06:00:00,40.7052289496598
2026-02-18 12:00:00,40.8316887599573
2026-02-18 18:00:00,41.0007006036172
2026-02-19 00:00:00,39.6736779491421
2026-02-19 06:00:00,40.262021850882
2026-02-19 12:00:00,40.5420522894739
2026-02-19 18:00:00,40.6838238789259
2026-02-20 00:00:00,40.219754364169
2026-02-20 06:00:00,39.7036703390854
2026-02-20 12:00:00,39.8344549601497
2026-02-20 18:00:00,40.0363207426533
2026-02-21 00:00:00,39.4823750222115
2026-02-21 06:00:00,39.3341450114778
2026-02-21 12:00:00,39.526381049035
2026-02-21 18:00:00,38.7341990291753
2026-02-22 00:00:00,38.1062973621359
2026-02-22 06:00:00,38.2549852166441
2026-02-22 12:00:00,38.3264998263159
2026-02-22 18:00:00,38.7020420857063
2026-02-23 00:00:00,37.1013862333708
2026-02-23 06:00:00,37.6016909828978
2026-02-23 12:00:00,37.136809766342
2026-02-23 18:00:00,37.4770361365625
2026-02-24 00:00:00,36.6120099403796
2026-02-24 06:00:00,36.7410745448797
2026-02-24 12:00:00,36.7331540952349
2026-02-24 18:00:00,37.235027339937
2026-02-25 00:00:00,36.2121913344634
2026-02-25 06:00:00,36.0783365837068
2026-02-25 12:00:00,36.4762391976425
2026-02-25 18:00:00,36.8320157862098
2026-02-26 00:00:00,
2026-02-26 06:00:00,
2026-02-26 12:00:00,
2026-02-26 18:00:00,
2026-02-27 00:00:00,58.5230198352942
2026-02-27 06:00:00,58.4628787045879
2026-02-27 12:00:00,58.6608000798477
2026-02-27 18:00:00,58.8999132985243
2026-02-28 00:00:00,57.7414157891829
2026-02-28 06:00:00,57.8675913954657
2026-02-28 12:00:00,57.9320590152958
2026-02-28 18:00:00,57.799676534619
2026-03-01 00:00:00,57.4546302554542
2026-03-01 06:00:00,57.4563335776309
2026-03-01 12:00:00,57.6510262769329
2026-03-01 18:00:00,58.3733088441863
2026-03-02 00:00:00,57.8915998454255
2026-03-02 06:00:00,57.3935313276797
2026-03-02 12:00:00,56.6519507313744
2026-03-02 18:00:00,58.7188176908592
2026-03-03 00:00:00,56.5671485930886
2026-03-03 06:00:00,55.8091274008762
2026-03-03 12:00:00,56.6717310669228
2026-03-03 18:00:00,55.5964206240538
2026-03-04 00:00:00,56.5894076984854
2026-03-04 06:00:00,55.9543202875075
2026-03-04 12:00:00,58.0849283214551
2026-03-04 18:00:00,57.6266819037195
2026-03-05 00:00:00,55.6645753085427
2026-03-05 06:00:00,57.0707188566945
2026-03-05 12:00:00,56.951029892125
2026-03-05 18:00:00,56.1907060958025
2026-03-06 00:00:00,55.9734111207964
2026-03-06 06:00:00,56.2379967049595
2026-03-06 12:00:00,57.0154548320793
2026-03-06 18:00:00,56.0074079326011
2026-03-07 00:00:00,56.8294524086125
2026-03-07 06:00:00,56.3939144607334
2026-03-07 12:00:00,54.538116298773
2026-03-07 18:00:00,54.7043072555312
2026-03-08 00:00:00,54.5669377903588
2026-03-08 06:00:00,54.9850087313917
2026-03-08 12:00:00,55.6456368942784
2026-03-08 18:00:00,54.1655196924484
2026-03-09 00:00:00,53.5783139138881
2026-03-09 06:00:00,55.5474112547663
2026-03-09 12:00:00,56.3956074310811
2026-03-09 18:00:00,54.6057756978305
2026-03-10 00:00:00,54.8264153933322
2026-03-10 06:00:00,55.7771490493781
2026-03-10 12:00:00,55.4220337433735
2026-03-10 18:00:00,56.1968971288973
2026-03-11 00:00:00,54.1468428659375
2026-03-11 06:00:00,54.7631100469567
2026-03-11 12:00:00,54.111801259161
2026-03-11 18:00:00,55.3827096033269
2026-03-12 00:00:00,43.2725539605185
2026-03-12 06:00:00,54.3288717042353
2026-03-12 12:00:00,52.3018986940557
2026-03-12 18:00:00,54.0516686856398
2026-03-13 00:00:00,54.6115506182124
2026-03-13 06:00:00,55.3175996868736
2026-03-13 12:00:00,54.6728361302886
2026-03-13 18:00:00,53.873019597647
2026-03-14 00:00:00,54.1905930801138
2026-03-14 06:00:00,54.6923663440428
2026-03-14 12:00:00,54.2952600098986
2026-03-14 18:00:00,54.8770705505624
2026-03-15 00:00:00,53.2762869909339
2026-03-15 06:00:00,53.4271642922452
2026-03-15 12:00:00,53.1358954570602
2026-03-15 18:00:00,61.9541205235319
2026-03-16 00:00:00,53.7613269555106
2026-03-16 06:00:00,54.8468828329982
2026-03-16 12:00:00,52.9429974759311
2026-03-16 18:00:00,53.3753740798505
2026-03-17 00:00:00,52.2265609296773
2026-03-17 06:00:00,53.1218597649823
2026-03-17 12:00:00,53.0698219130051
2026-03-17 18:00:00,53.9272818952076
2026-03-18 00:00:00,51.7438514712253
2026-03-18 06:00:00,53.4697889172921
2026-03-18 12:00:00,51.6457226653798
2026-03-18 18:00:00,52.3005276393588
2026-03-19 00:00:00,52.2165065587497
2026-03-19 06:00:00,52.0148582489643
2026-03-19 12:00:00,53.7801078902404
2026-03-19 18:00:00,52.0319989664895
2026-03-20 00:00:00,50.3374443400379
2026-03-20 06:00:00,51.1004943932307
2026-03-20 12:00:00,52.0346484088157
2026-03-20 18:00:00,52.7682549169608
2026-03-21 00:00:00,51.7976948454372
2026-03-21 06:00:00,53.3604961946384
2026-03-21 12:00:00,52.0153681598394
2026-03-21 18:00:00,51.9579133424277
2026-03-22 00:00:00,52.3128652470951
2026-03-22 06:00:00,50.648140966646
2026-03-22 12:00:00,52.4617156339848
2026-03-22 18:00:00,52.2106587312721
2026-03-23 00:00:00,52.4326835859517
2026-03-23 06:00:00,52.0757619472044
2026-03-23 12:00:00,51.5666395599457
2026-03-23 18:00:00,50.4578082935968
2026-03-24 00:00:00,50.4600914178572
2026-03-24 06:00:00,50.9406562335247
2026-03-24 12:00:00,48.6307716854166
2026-03-24 18:00:00,51.5250031174729
2026-03-25 00:00:00,50.8535849216999
2026-03-25 06:00:00,50.4502561008905
2026-03-25 12:00:00,51.4289967272724
2026-03-25 18:00:00,51.5509442763894
2026-03-26 00:00:00,51.790548318616
2026-03-26 06:00:00,52.2969521031118
2026-03-26 12:00:00,49.8700002632486
2026-03-26 18:00:00,50.272036232471
2026-03-27 00:00:00,49.3583847852614
2026-03-27 06:00:00,49.8845691764774
2026-03-27 12:00:00,50.560505355937
2026-03-27 18:00:00,50.2013143344869
2026-03-28 00:00:00,49.1070754968372
2026-03-28 06:00:00,50.9413693595008
2026-03-28 12:00:00,50.7903947354364
2026-03-28 18:00:00,51.1945315705347
2026-03-29 00:00:00,51.0244495189837
2026-03-29 06:00:00,49.2607826410908
2026-03-29 12:00:00,48.6876396132955
2026-03-29 18:00:00,48.8931299052548
2026-03-30 00:00:00,48.4571219409842
2026-03-30 06:00:00,48.7175567335256
2026-03-30 12:00:00,49.2711420302952
2026-03-30 18:00:00,49.9655278057375
2026-03-31 00:00:00,47.6339927795206
2026-03-31 06:00:00,48.6027336926663
2026-03-31 12:00:00,48.7361797933089
2026-03-31 18:00:00,50.1091760771891
2026-04-01 00:00:00,48.1982702023292
2026-04-01 06:00:00,48.1662101310112
2026-04-01 12:00:00,48.0991889053592
2026-04-01 18:00:00,48.3415018019731
2026-04-02 00:00:00,48.1030799811955
2026-04-02 06:00:00,49.1925385178739
2026-04-02 12:00:00,48.6898689146031
2026-04-02 18:00:00,48.3310554727881
2026-04-03 00:00:00,
2026-04-03 06:00:00,
2026-04-03 12:00:00,
2026-04-03 18:00:00,
2026-04-04 00:00:00,81.5206962967681
2026-04-04 06:00:00,81.8792989287477
2026-04-04 12:00:00,81.7129322434616
2026-04-04 18:00:00,81.5763906321293
2026-04-05 00:00:00,81.7579238451926
2026-04-05 06:00:00,81.2070253511372
2026-04-05 12:00:00,81.3768253603662
2026-04-05 18:00:00,81.5710629709723
2026-04-06 00:00:00,81.1827690680567
2026-04-06 06:00:00,81.506437610425
2026-04-06 12:00:00,81.1924127480823
2026-04-06 18:00:00,81.152991169258
2026-04-07 00:00:00,80.9747155081455
2026-04-07 06:00:00,81.3932145403598
2026-04-07 12:00:00,80.5535998990295
2026-04-07 18:00:00,80.9910388037585
2026-04-08 00:00:00,80.5864127873648
2026-04-08 06:00:00,80.8787216647601
2026-04-08 12:00:00,80.7003068777773
2026-04-08 18:00:00,80.8407609926345
2026-04-09 00:00:00,80.3839603293985
2026-04-09 06:00:00,93.0983525377482
2026-04-09 12:00:00,80.6040556122306
2026-04-09 18:00:00,80.3324664270746
2026-04-10 00:00:00,79.6680382194805
2026-04-10 06:00:00,79.9047737899523
2026-04-10 12:00:00,80.2904266170591
2026-04-10 18:00:00,84.1408778645031
