time,per
2024-04-03 01:00:05,
2024-04-03 02:00:05,
2024-04-03 03:00:05,
2024-04-03 04:00:05,
2024-04-03 05:00:05,
2024-04-03 06:00:05,
2024-04-03 07:00:05,
2024-04-03 08:00:05,
2024-04-03 11:00:05,
2024-04-03 12:00:05,
2024-04-03 13:00:05,
2024-04-03 14:00:05,
2024-04-03 15:00:05,
2024-04-03 16:00:05,
2024-04-03 17:00:05,
2024-04-03 18:00:05,
2024-04-03 19:00:05,
2024-04-03 20:00:05,
2024-04-03 21:00:05,
2024-04-03 22:00:05,
2024-04-03 23:00:05,
2024-04-04 00:00:03,121.324207016988
2024-04-04 01:00:05,121.986723554368
2024-04-04 02:00:05,122.099891686275
2024-04-04 03:00:05,121.337277104584
2024-04-04 04:00:05,121.265993281716
2024-04-04 05:00:05,121.505639900008
2024-04-04 06:00:05,122.222033419171
2024-04-04 07:00:05,121.343548862664
2024-04-04 09:00:05,121.726286473332
2024-04-04 10:00:05,121.383812389247
2024-04-04 11:00:05,121.368611839241
2024-04-04 12:00:05,121.84426691425
2024-04-04 13:00:05,121.234988145344
2024-04-04 14:00:05,121.371854035076
2024-04-04 15:00:05,121.469634271891
2024-04-04 16:00:05,121.92010042169
2024-04-04 17:00:05,121.003950114807
2024-04-04 20:00:05,122.058885772436
2024-04-05 04:00:05,121.698450301576
2024-04-05 05:00:05,121.289428316941
2024-04-05 06:00:05,121.478413438137
2024-04-05 07:00:05,
2024-04-05 08:00:05,
2024-04-05 09:00:05,
2024-04-05 10:00:05,
2024-04-05 11:00:05,121.418913011678
2024-04-05 12:00:05,122.462224682041
2024-04-05 13:00:05,121.377786864334
2024-04-05 14:00:05,121.949202368394
2024-04-05 15:00:05,121.698990957977
2024-04-05 16:00:05,121.380760249326
2024-04-05 17:00:05,121.351465690787
2024-04-05 18:00:05,121.785159880237
2024-04-05 19:00:05,122.045944538082
2024-04-05 20:00:05,121.220763486002
2024-04-05 21:00:05,121.989814164432
2024-04-05 22:00:05,121.888344985222
2024-04-05 23:00:05,121.973632750581
2024-04-06 00:00:02,120.579284894847
2024-04-06 01:00:05,121.540618459093
2024-04-06 02:00:05,121.349758857574
2024-04-06 03:00:05,121.396709227644
2024-04-06 04:00:05,121.269711530482
2024-04-06 05:00:05,121.342176112562
2024-04-06 06:00:05,121.691146185009
2024-04-06 07:00:05,120.901135583804
2024-04-06 08:00:05,121.177585728694
2024-04-06 09:00:05,120.759161183592
2024-04-06 10:00:05,121.067171036815
2024-04-06 11:00:05,121.194956178399
2024-04-06 12:00:05,120.810317660278
2024-04-06 13:00:05,120.970344344862
2024-04-06 14:00:05,120.40708302357
2024-04-06 15:00:05,120.786141428906
2024-04-06 16:00:05,121.296544218036
2024-04-06 17:00:05,120.845640962204
2024-04-06 18:00:05,121.450566388382
2024-04-06 19:00:05,120.517875960946
2024-04-06 20:00:05,120.576851452965
2024-04-06 21:00:05,120.878418599267
2024-04-06 22:00:05,121.463664124285
2024-04-06 23:00:05,120.226156990888
2024-04-07 00:00:02,120.362485186844
2024-04-07 01:00:05,121.687306200183
2024-04-07 03:00:05,122.150078715089
2024-04-07 10:00:05,121.455936626212
2024-04-07 11:00:05,99.4895595453858
2024-04-07 12:00:05,121.41006551204
2024-04-07 13:00:05,121.037740637411
2024-04-07 14:00:05,119.963362573761
2024-04-07 15:00:05,121.366814421428
2024-04-07 16:00:05,120.798334526324
2024-04-07 17:00:05,119.48428065904
2024-04-07 18:00:05,120.068982345503
2024-04-07 19:00:05,118.498810798158
2024-04-07 20:00:05,120.346597638113
2024-04-07 21:00:05,120.260357050851
2024-04-07 22:00:05,122.254433385025
2024-04-07 23:00:05,121.599573105911
2024-04-08 00:00:02,120.595027087653
2024-04-08 01:00:05,119.684681188324
2024-04-08 02:00:05,120.901669358227
2024-04-08 03:00:05,120.680564249185
2024-04-08 04:00:05,120.566885813113
2024-04-08 05:00:05,119.618446686159
2024-04-08 06:00:05,119.245787476855
2024-04-08 07:00:05,120.891882051209
2024-04-08 09:00:05,120.851639813613
2024-04-08 10:00:05,120.42093376978
2024-04-08 12:00:05,120.308560750598
2024-04-08 13:00:05,120.859073275077
2024-04-08 14:00:05,120.647264577247
2024-04-08 15:00:05,119.922031891044
2024-04-08 16:00:05,120.441023693093
2024-04-08 17:00:05,119.540108519646
2024-04-08 18:00:05,120.760292705807
2024-04-08 19:00:05,120.970188010966
2024-04-08 20:00:05,120.630299753825
2024-04-08 21:00:05,121.102697857581
2024-04-08 22:00:05,120.757077753317
2024-04-08 23:00:05,119.683832334401
2024-04-09 00:00:02,120.427135086468
2024-04-09 01:00:05,121.544211459025
2024-04-09 02:00:05,119.722062955902
2024-04-09 03:00:05,120.475926541082
2024-04-09 04:00:05,121.092578679888
2024-04-09 05:00:05,120.536586371404
2024-04-09 06:00:05,121.14574189413
2024-04-09 07:00:05,119.95772447236
2024-04-09 08:00:05,120.135547160331
2024-04-09 09:00:05,119.610321311351
2024-04-09 10:00:05,120.091686997096
2024-04-09 11:00:05,121.123457290419
2024-04-09 12:00:05,120.620214661563
2024-04-09 13:00:05,120.27206864613
2024-04-09 14:00:05,119.94294178705
2024-04-09 15:00:05,119.894544074334
2024-04-09 16:00:05,121.897118999672
2024-04-09 17:00:05,120.576685962795
2024-04-09 18:00:05,120.667135915897
2024-04-09 19:00:05,119.8199041109
2024-04-09 20:00:05,121.252134322881
2024-04-09 21:00:05,120.163684888201
2024-04-09 22:00:05,119.943485561837
2024-04-09 23:00:05,120.432310129672
2024-04-10 00:00:01,121.356438890482
2024-04-10 01:00:05,119.75061594039
2024-04-10 02:00:05,119.495931523372
2024-04-10 03:00:05,119.60942931576
2024-04-10 04:00:05,120.368239802271
2024-04-10 05:00:05,120.07107750232
2024-04-10 06:00:05,121.689610288933
2024-04-10 07:00:05,120.77883698428
2024-04-10 08:00:05,121.647365581989
2024-04-10 09:00:05,120.593589471311
2024-04-10 10:00:05,120.743535709991
2024-04-10 11:00:05,119.703644324195
2024-04-10 12:00:05,120.025624086692
2024-04-10 13:00:05,119.985687597174
2024-04-10 14:00:05,119.793283010102
2024-04-10 15:00:05,119.832316374147
2024-04-10 16:00:05,120.525342571548
2024-04-10 17:00:05,121.057736500998
2024-04-10 18:00:05,118.685530732639
2024-04-10 19:00:05,121.303524387325
2024-04-10 20:00:05,121.453957313983
2024-04-10 21:00:05,121.185847252204
2024-04-10 22:00:05,119.420288668093
2024-04-10 23:00:05,119.951995672598
2024-04-11 00:00:00,120.960951517675
2024-04-11 01:00:05,119.606203802989
2024-04-11 02:00:05,120.362121143671
2024-04-11 03:00:05,120.277433345026
2024-04-11 04:00:05,120.316360456626
2024-04-11 05:00:05,119.984049434
2024-04-11 06:00:05,120.259934339877
2024-04-11 07:00:05,120.239725591629
2024-04-11 08:00:05,120.521241229913
2024-04-11 09:00:05,120.574282230397
2024-04-11 10:00:05,119.519296948208
2024-04-11 12:00:05,119.629048271459
2024-04-11 13:00:05,121.168226225604
2024-04-11 14:00:05,120.805539762554
2024-04-11 15:00:05,119.684684482477
2024-04-11 16:00:05,120.683643311602
2024-04-11 17:00:05,122.166679967154
2024-04-11 18:00:05,118.789072727031
2024-04-11 19:00:05,119.735274547827
2024-04-11 20:00:05,118.462115469666
2024-04-11 21:00:05,121.994084600733
2024-04-11 22:00:05,119.585323497945
2024-04-11 23:00:05,119.658409827253
2024-04-12 00:00:00,120.036377548342
2024-04-12 01:00:05,119.975125119864
2024-04-12 02:00:05,120.142319153053
2024-04-12 03:00:05,119.914334405224
2024-04-12 04:00:05,120.340245934988
2024-04-12 05:00:05,120.279942189022
2024-04-12 06:00:05,119.372940465061
2024-04-12 08:00:05,120.108094456369
2024-04-12 20:00:09,120.523121702013
2024-04-12 21:00:09,119.712099286478
2024-04-12 22:00:09,119.112134248532
2024-04-12 23:00:09,118.657317488663
2024-04-13 00:00:01,117.884420868941
2024-04-13 01:00:09,118.765224606954
2024-04-13 02:00:09,118.043324460779
2024-04-13 03:00:09,120.661285769459
2024-04-13 04:00:09,118.15861873238
2024-04-13 05:00:09,118.853101464158
2024-04-13 06:00:09,118.74224470855
2024-04-13 07:00:09,118.899473712763
2024-04-13 08:00:09,119.675489047994
2024-04-13 11:00:09,120.206050642694
2024-04-13 12:00:09,119.38462123069
2024-04-13 13:00:09,118.785402522367
2024-04-13 14:00:09,118.807455001778
2024-04-13 15:00:09,118.405768206161
2024-04-13 16:00:09,120.469920047979
2024-04-13 17:00:09,119.749355907136
2024-04-13 18:00:09,120.508309311538
2024-04-13 19:00:09,120.206493999795
2024-04-13 20:00:09,119.705754160058
2024-04-13 21:00:09,120.566418346324
2024-04-13 22:00:09,119.413554406779
2024-04-13 23:00:09,120.410225287804
2024-04-14 00:00:00,119.106522629853
2024-04-14 01:00:09,118.805315544539
2024-04-14 02:00:09,118.598392683546
2024-04-14 03:00:09,117.795768047843
2024-04-14 04:00:09,119.064883956202
2024-04-14 05:00:09,119.957493304693
2024-04-14 06:00:09,118.056397724787
2024-04-14 07:00:09,119.913607591054
2024-04-14 08:00:09,117.981477315561
2024-04-14 09:00:09,119.047159828676
2024-04-14 10:00:09,118.43448615837
2024-04-14 11:00:09,120.231418053575
2024-04-14 12:00:09,119.87156065161
2024-04-14 13:00:09,119.038525285585
2024-04-14 14:00:09,119.617281840898
2024-04-14 16:00:09,120.47940188221
2024-04-14 17:00:09,118.602255798085
2024-04-14 18:00:09,119.933914956681
2024-04-14 19:00:09,118.864819448865
2024-04-14 20:00:09,119.228986986757
2024-04-14 21:00:09,120.5429752654
2024-04-14 22:00:09,119.000679067312
2024-04-14 23:00:09,119.121771021131
2024-04-15 00:00:00,118.651722572258
2024-04-15 01:00:09,118.05944803367
2024-04-15 02:00:09,119.139209395858
2024-04-15 03:00:09,119.063250537686
2024-04-15 04:00:09,118.83665161524
2024-04-15 05:00:09,118.746026206235
2024-04-15 06:00:09,119.571157986289
2024-04-15 07:00:09,119.781689547998
2024-04-15 08:00:09,119.089941488412
2024-04-15 09:00:09,119.135778432905
2024-04-15 10:00:09,119.01271848153
2024-04-15 11:00:09,119.449024389259
2024-04-15 12:00:09,119.291229637084
2024-04-15 13:00:09,120.017764006172
2024-04-15 14:00:09,118.6570730806
2024-04-15 15:00:09,118.157729968783
2024-04-15 16:00:09,118.706452236554
2024-04-15 17:00:09,118.847973050827
2024-04-15 18:00:09,118.691909272958
2024-04-15 19:00:09,118.964210348123
2024-04-15 20:00:09,118.164012481247
2024-04-15 21:00:09,119.229975291775
2024-04-15 22:00:09,119.677066153507
2024-04-15 23:00:09,117.79413151832
2024-04-16 00:00:01,117.673108332111
2024-04-16 01:00:09,117.992072844441
2024-04-16 02:00:09,117.955754936208
2024-04-16 03:00:09,118.200446310984
2024-04-16 04:00:09,119.817706267078
2024-04-16 05:00:09,117.939894171443
2024-04-16 06:00:09,119.428844580556
2024-04-16 07:00:09,117.408622360244
2024-04-16 08:00:09,118.921039583881
2024-04-16 21:00:01,117.695932841317
2024-04-16 23:00:01,
2024-04-17 00:00:00,
2024-04-17 01:00:01,
2024-04-17 02:00:01,
2024-04-17 03:00:01,118.766092046515
2024-04-17 04:00:01,117.971264372357
2024-04-17 05:00:01,118.297549560648
2024-04-17 06:00:01,118.925481938955
2024-04-17 07:00:01,119.391619277919
2024-04-17 08:00:01,118.447741885004
2024-04-17 09:00:01,119.535873147795
2024-04-17 10:00:01,118.467760384926
2024-04-17 11:00:01,118.901264523048
2024-04-17 12:00:01,118.657161557925
2024-04-17 13:00:01,117.012929675558
2024-04-17 14:00:01,117.722648932369
2024-04-17 19:00:00,117.724891744875
2024-04-17 20:00:00,119.145817282685
2024-04-17 21:00:00,118.512890722558
2024-04-17 22:00:00,118.791962009585
2024-04-17 23:00:00,147.157047270784
2024-04-18 00:00:00,117.506772382139
2024-04-18 01:00:00,117.141368326182
2024-04-18 02:00:00,117.214154757591
2024-04-18 03:00:00,118.672328486252
2024-04-18 04:00:00,118.681374744019
2024-04-18 05:00:00,117.916675875519
2024-04-18 06:00:00,119.491665138677
2024-04-18 07:00:00,118.370577629474
2024-04-18 08:00:00,119.589953262966
2024-04-18 09:00:00,118.648657934825
2024-04-18 10:00:00,119.768165369439
2024-04-18 11:00:00,117.821035672262
2024-04-18 12:00:00,
2024-04-18 13:00:00,
2024-04-18 14:00:00,
2024-04-18 15:00:00,118.878048475253
2024-04-18 16:00:00,119.304531817588
2024-04-18 17:00:00,118.515066028886
2024-04-18 18:00:00,118.079080303064
2024-04-18 19:00:00,118.862870690745
2024-04-18 20:00:00,118.621531712152
2024-04-18 21:00:00,119.413300091965
2024-04-18 22:00:00,117.730206905329
2024-04-18 23:00:00,119.677350380983
2024-04-19 00:00:00,117.995942226568
2024-04-19 01:00:00,118.150410912479
2024-04-19 02:00:00,118.528744524017
2024-04-19 03:00:00,117.44491827204
2024-04-19 04:00:00,118.199637032488
2024-04-19 05:00:00,
2024-04-19 06:00:00,
2024-04-19 07:00:00,
2024-04-19 08:00:00,
2024-04-19 09:00:00,
2024-04-19 10:00:00,118.491683383682
2024-04-19 11:00:00,118.857723460664
2024-04-19 12:00:00,119.33089567708
2024-04-19 13:00:00,117.782034380799
2024-04-19 14:00:00,118.561863306039
2024-04-19 15:00:00,117.537273258976
2024-04-19 16:00:00,119.301452529723
2024-04-19 17:00:00,118.191022946206
2024-04-19 18:00:00,117.775479036491
2024-04-19 19:00:00,117.611785346709
2024-04-19 20:00:00,117.886213710399
2024-04-19 21:00:00,116.766776860438
2024-04-19 22:00:00,118.298112242965
2024-04-19 23:00:00,119.071512673927
2024-04-20 00:00:00,117.939219719031
2024-04-20 01:00:00,117.682634432504
2024-04-20 02:00:00,118.638823126495
2024-04-20 03:00:00,116.779977398698
2024-04-20 04:00:00,117.300418358575
2024-04-20 05:00:00,118.489476918211
2024-04-20 07:00:00,116.414605433455
2024-04-20 08:00:00,118.037614527364
2024-04-20 09:00:00,116.92570380764
2024-04-20 10:00:00,117.310330476082
2024-04-20 11:00:00,118.111738880159
2024-04-20 12:00:00,117.760741426951
2024-04-20 13:00:00,116.288516597108
2024-04-20 14:00:00,117.81554358485
2024-04-20 15:00:00,117.362736586665
2024-04-20 16:00:00,117.674280040699
2024-04-20 17:00:00,117.735067280123
2024-04-20 18:00:00,116.720896778256
2024-04-20 19:00:00,117.013381759507
2024-04-20 20:00:00,118.267197501154
2024-04-20 21:00:00,118.300916044837
2024-04-20 22:00:00,117.506688199525
2024-04-20 23:00:00,118.037486533138
2024-04-21 00:00:00,117.8009728005
2024-04-21 01:00:00,117.626267152146
2024-04-21 02:00:00,118.51216200684
2024-04-21 03:00:00,117.999466317458
2024-04-21 04:00:00,117.446740486962
2024-04-21 05:00:00,117.687334407538
2024-04-21 06:00:00,117.38307239268
2024-04-21 07:00:00,117.00129120692
2024-04-21 08:00:00,116.247002182724
2024-04-21 09:00:00,116.41222996703
2024-04-21 10:00:00,117.86217880393
2024-04-21 11:00:00,118.726593055672
2024-04-21 12:00:00,117.08897388391
2024-04-21 13:00:00,117.083897276203
2024-04-21 14:00:00,116.197837256679
2024-04-21 15:00:00,
2024-04-21 16:00:00,118.147757306482
2024-04-21 17:00:00,117.899088615006
2024-04-21 18:00:00,116.550042922003
2024-04-21 19:00:00,117.19167774103
2024-04-21 20:00:00,117.17200040017
2024-04-21 21:00:00,117.071747624311
2024-04-21 22:00:00,117.022701757481
2024-04-21 23:00:00,117.429404560831
2024-04-22 00:00:00,116.856205294932
2024-04-22 00:00:01,118.028591539245
2024-04-22 01:00:00,116.898089354197
2024-04-22 02:00:00,115.972512759569
2024-04-22 10:00:00,117.933293980382
2024-04-22 12:00:07,117.247444737016
2024-04-22 13:00:07,117.722459175502
2024-04-22 14:00:07,118.872425749034
2024-04-22 15:00:07,117.125625765463
2024-04-22 16:00:07,118.015000726663
2024-04-22 17:00:07,118.194501548043
2024-04-22 18:00:07,117.414993417294
2024-04-22 19:00:07,117.026468609313
2024-04-22 20:00:07,118.246764097413
2024-04-22 21:00:07,117.430233890383
2024-04-22 22:00:07,117.132055742376
2024-04-22 23:00:07,
2024-04-23 00:00:00,
2024-04-23 01:00:07,
2024-04-23 02:00:07,116.655535839061
2024-04-23 03:00:07,117.386154936907
2024-04-23 04:00:07,117.5672906919
2024-04-23 05:00:07,115.992062900893
2024-04-23 06:00:07,117.676726049485
2024-04-23 07:00:07,117.781795861388
2024-04-23 08:00:07,116.388324763292
2024-04-23 09:00:07,117.103534902782
2024-04-23 10:00:07,117.768855614461
2024-04-23 11:00:07,116.555252601314
2024-04-23 12:00:07,117.616895688279
2024-04-23 13:00:07,118.401792222135
2024-04-24 10:00:06,116.791658138879
2024-04-24 11:00:06,116.261797829
2024-04-24 13:00:08,116.927110184605
2024-04-24 14:00:08,115.880857016507
2024-04-24 15:00:08,117.710098417838
2024-04-24 16:00:08,116.732066020224
2024-04-24 17:00:08,116.619920668585
2024-04-24 18:00:08,116.386467508086
2024-04-24 19:00:08,117.111685976765
2024-04-24 20:00:08,115.341672454183
2024-04-24 21:00:08,118.008166271731
2024-04-24 22:00:08,117.221409996546
2024-04-24 23:00:08,116.4850897579
2024-04-25 00:00:00,116.094442728203
2024-04-25 01:00:08,115.706827751152
2024-04-25 02:00:08,116.765600465875
2024-04-25 03:00:08,116.45272794322
2024-04-25 04:00:08,116.672023662531
2024-04-25 05:00:08,115.907967757929
2024-04-25 06:00:08,116.45591155296
2024-04-25 07:00:08,115.793824019255
2024-04-25 08:00:08,116.731613960468
2024-04-25 09:00:08,116.448665590943
2024-04-25 10:00:08,116.692679948261
2024-04-25 11:00:08,117.439065179823
2024-04-25 12:00:08,115.550712175969
2024-04-25 13:00:08,115.954925120965
2024-04-25 14:00:08,116.662214552182
2024-04-25 15:00:08,117.135955819126
2024-04-25 16:00:08,116.065230415271
2024-04-25 17:00:08,115.111608562434
2024-04-25 18:00:08,116.214742596953
2024-04-25 19:00:08,114.2132373102
2024-04-25 20:00:08,117.780505877765
2024-04-25 21:00:08,114.695096124363
2024-04-25 22:00:08,116.258467526247
2024-04-25 23:00:08,96.3904844274522
2024-04-26 00:00:01,117.46110311563
2024-04-26 01:00:08,116.913126272363
2024-04-26 02:00:08,116.91690990735
2024-04-26 03:00:08,116.464706339438
2024-04-26 04:00:08,115.460843606753
2024-04-26 05:00:08,116.142450832733
2024-04-26 06:00:08,117.212711218557
2024-04-26 07:00:08,116.41767209933
2024-04-26 08:00:08,116.463314019366
2024-04-26 09:00:08,115.914792231858
2024-04-26 10:00:08,117.182408206537
2024-04-26 11:00:08,117.932423779302
2024-04-26 12:00:08,117.148326675849
2024-04-26 14:00:08,117.440910042621
2024-04-27 03:00:04,
2024-04-27 04:00:04,
2024-04-27 05:00:04,116.439737221939
2024-04-27 06:00:04,116.529062428495
2024-04-27 07:00:04,116.525139489519
2024-04-27 09:00:04,114.513782188715
2024-04-27 10:00:04,116.835537576006
2024-04-27 11:00:04,115.540930434145
2024-04-27 12:00:04,116.16099917294
2024-04-27 13:00:04,116.029371750735
2024-04-27 14:00:04,116.175062495909
2024-04-27 15:00:04,116.261268057518
2024-04-27 16:00:04,116.615129436986
2024-04-27 17:00:04,115.772641421306
2024-04-27 18:00:04,117.31963303133
2024-04-27 19:00:04,116.535762075914
2024-04-27 20:00:04,115.768176925829
2024-04-27 21:00:04,116.011795414131
2024-04-27 22:00:04,116.256074563564
2024-04-27 23:00:04,116.169787112572
2024-04-28 00:00:01,116.340735780941
2024-04-28 01:00:04,115.666871349958
2024-04-28 02:00:04,115.455408500139
2024-04-28 03:00:04,116.107651594841
2024-04-28 04:00:04,115.581739766586
2024-04-28 05:00:04,116.618171449854
2024-04-28 06:00:04,116.06099736245
2024-04-28 07:00:04,115.623690957239
2024-04-28 08:00:04,114.708353389843
2024-04-28 10:00:04,117.366195062511
2024-04-28 11:00:04,117.116348746601
2024-04-28 12:00:04,115.767473039837
2024-04-28 13:00:04,116.359159694228
2024-04-28 14:00:04,116.184852561601
2024-04-28 15:00:04,116.967826107412
2024-04-28 16:00:04,115.726492781536
2024-04-28 17:00:04,115.078936457318
2024-04-28 18:00:04,114.788461751925
2024-04-28 19:00:04,116.032682185417
2024-04-28 20:00:04,116.853706591312
2024-04-28 21:00:04,127.141917861217
2024-04-28 22:00:04,115.903488963122
2024-04-28 23:00:04,117.143595338914
2024-04-29 00:00:00,116.255006940951
2024-04-29 01:00:04,115.46728444372
2024-04-29 02:00:04,115.598348447932
2024-04-29 03:00:04,116.007056789677
2024-04-29 04:00:04,116.729445600833
2024-04-29 05:00:04,115.729666214804
2024-04-29 06:00:04,115.688778006353
2024-04-29 07:00:04,117.705726202195
2024-04-29 08:00:04,116.132806629335
2024-04-29 09:00:04,114.537493425233
2024-04-29 10:00:04,115.760063238702
2024-04-29 11:00:04,116.39331629566
2024-04-29 12:00:04,117.123277746381
2024-04-29 13:00:04,115.148972117721
2024-04-29 14:00:04,115.430644316023
2024-04-29 15:00:04,116.168744549332
2024-05-14 14:00:08,116.517816675648
2024-05-14 15:00:08,115.448502817817
2024-05-14 16:00:08,115.040071562047
2024-05-14 17:00:08,116.094626767879
2024-05-14 18:00:08,93.379462970098
2024-05-14 19:00:08,115.209529815317
2024-05-14 20:00:08,115.907168577761
2024-05-14 21:00:08,116.450945813088
2024-05-14 22:00:08,116.266404788307
2024-05-14 23:00:08,115.680357957664
2024-05-15 00:00:00,116.101426597531
2024-05-15 01:00:08,115.528634436707
2024-05-15 02:00:08,114.954345766884
2024-05-15 03:00:08,115.770356533479
2024-05-15 04:00:08,115.262394372466
2024-05-15 05:00:08,115.172903075046
2024-05-15 06:00:08,116.657852007487
2024-05-15 07:00:08,115.325406020044
2024-05-15 08:00:08,116.053733147012
2024-05-15 09:00:08,116.113329550153
2024-05-15 10:00:08,115.159586375468
2024-05-15 11:00:08,116.303352657869
2024-05-15 12:00:08,116.082539679256
2024-05-15 13:00:08,115.476814570463
2024-05-15 14:00:08,115.34021966051
2024-05-15 15:00:08,115.652986564302
2024-05-15 16:00:08,116.006309723165
2024-05-15 17:00:08,115.872709902291
2024-05-16 05:00:08,115.184279473412
2024-05-16 06:00:08,116.068207730097
2024-05-16 07:00:08,115.328726128653
2024-05-16 09:00:08,115.508556461194
2024-05-16 10:00:08,115.112129735158
2024-05-16 11:00:08,116.090995719833
2024-05-16 12:00:08,115.635669545063
2024-05-16 13:00:08,115.577452268728
2024-05-16 14:00:08,115.597861394556
2024-05-16 15:00:08,115.125990994042
2024-05-16 16:00:08,116.119831757084
2024-05-16 17:00:08,115.751807422662
2024-05-16 18:00:08,114.963909514935
2024-05-16 19:00:08,115.004590768793
2024-05-16 20:00:08,115.500540092938
2024-05-16 21:00:08,116.14279178257
2024-05-16 22:00:08,115.377804982459
2024-05-16 23:00:08,115.253377952732
2024-05-17 00:00:00,116.396709387965
2024-05-17 01:00:08,114.884154250215
2024-05-17 02:00:08,114.521880752651
2024-05-17 03:00:08,115.162473107614
2024-05-17 04:00:08,115.224106569016
2024-05-17 05:00:08,115.367351218844
2024-05-17 06:00:08,115.827655202604
2024-05-17 07:00:08,115.844706944807
2024-05-17 08:00:08,115.560271824198
2024-05-17 09:00:08,106.889048358501
2024-05-17 10:00:08,114.2160272525
2024-05-17 11:00:08,114.751156470134
2024-05-17 12:00:08,115.570490541997
2024-05-17 13:00:08,115.836366988625
2024-05-17 14:00:08,115.21676325108
2024-05-17 15:00:08,115.607549703749
2024-05-17 16:00:08,115.772882817134
2024-05-17 17:00:08,115.434445523927
2024-05-17 18:00:08,115.016419635369
2024-05-17 19:00:08,115.428976066969
2024-05-17 20:00:08,114.874715910742
2024-05-17 21:00:08,115.538352003381
2024-05-17 22:00:08,114.367708995807
2024-05-17 23:00:08,115.365474397666
2024-05-18 00:00:00,115.113529346183
2024-05-18 01:00:08,115.736144418394
2024-05-18 02:00:08,115.655601065875
2024-05-18 03:00:08,114.800778625995
2024-05-18 04:00:08,115.353722553147
2024-05-18 05:00:08,116.027649449766
2024-05-18 06:00:08,114.703978607152
2024-05-18 08:00:08,115.927396768086
2024-05-18 09:00:08,115.627586965293
2024-05-18 10:00:08,115.183547196935
2024-05-18 11:00:08,
2024-05-18 12:00:08,
2024-05-18 13:00:08,115.510266623327
2024-05-18 14:00:08,115.51384335777
2024-05-18 15:00:08,114.710698275089
2024-05-18 16:00:08,114.622544838996
2024-05-18 17:00:08,115.190126964662
2024-05-18 18:00:08,114.993391278381
2024-05-18 19:00:08,97.1461603663616
2024-05-18 20:00:08,114.580316659747
2024-05-18 21:00:08,114.855978550771
2024-05-18 22:00:08,115.135736601305
2024-05-18 23:00:08,115.219313320367
2024-05-19 00:00:01,113.976683982081
2024-05-19 01:00:08,115.531421512313
2024-05-19 02:00:08,115.685825027688
2024-05-19 03:00:08,114.159757872302
2024-05-19 04:00:08,115.358408575336
2024-05-19 05:00:08,114.871110459313
2024-05-19 06:00:08,115.934822701533
2024-05-19 08:00:08,114.198215833801
2024-05-19 09:00:08,114.006017713788
2024-05-19 10:00:08,115.250204236867
2024-05-19 11:00:08,115.193243315918
2024-05-19 12:00:08,115.304674381234
2024-05-19 13:00:08,114.777443944963
2024-05-19 14:00:08,114.538596398627
2024-05-19 15:00:08,115.048136799257
2024-05-19 16:00:08,115.378184764532
2024-05-19 17:00:08,115.370034755835
2024-05-19 18:00:08,114.221952575588
2024-05-19 19:00:08,114.991379840601
2024-05-19 20:00:08,114.502620611278
2024-05-20 16:00:08,145.605447620412
2024-05-20 17:00:08,114.419242402969
2024-05-20 18:00:08,114.806279819966
2024-05-20 19:00:08,114.641291633156
2024-05-20 20:00:08,114.93007390455
2024-05-20 21:00:08,114.154151668618
2024-05-20 22:00:08,113.882733053551
2024-05-20 23:00:08,114.795776384864
2024-05-21 00:00:01,113.763141627943
2024-05-21 01:00:08,114.000679281828
2024-05-21 02:00:08,113.584923594099
2024-05-21 03:00:08,114.132863719983
2024-05-21 04:00:08,113.923549504618
2024-05-21 05:00:08,114.470676747765
2024-05-21 06:00:08,113.718322038704
2024-05-21 07:00:08,114.214032399564
2024-05-21 08:00:08,113.338468506553
2024-05-21 09:00:08,113.996014278334
2024-05-21 10:00:08,113.953925430274
2024-05-21 11:00:08,113.428524068703
2024-05-21 12:00:08,114.542432616943
2024-05-21 13:00:08,114.024810233055
2024-05-21 14:00:08,113.755935456193
2024-05-21 15:00:08,114.376271989892
2024-05-21 16:00:08,114.041680778175
2024-05-21 17:00:08,113.494050894762
2024-05-21 18:00:08,114.521254149611
2024-05-21 19:00:08,114.202616633841
2024-05-21 20:00:08,113.477547432335
2024-05-21 21:00:08,114.451045946093
2024-05-21 22:00:08,114.204225283704
2024-05-21 23:00:08,113.749698482632
2024-05-22 00:00:02,113.264212612507
2024-05-22 01:00:08,112.29669588995
2024-05-22 02:00:08,113.185488355153
2024-05-22 03:00:08,114.429000262553
2024-05-22 04:00:08,114.271808180478
2024-05-22 05:00:08,113.8536901607
2024-05-22 06:00:08,114.349356927406
2024-05-22 07:00:08,112.897817552718
2024-05-22 08:00:08,114.019478785993
2024-05-22 09:00:08,114.164357173609
2024-05-22 10:00:08,114.063692191996
2024-05-22 11:00:08,113.944404909941
2024-05-22 12:00:08,114.121164274346
2024-05-22 13:00:08,113.229981792559
2024-05-22 14:00:08,114.138824078826
2024-05-22 15:00:08,114.690250795583
2024-05-22 16:00:08,113.254073663323
2024-05-22 17:00:08,114.333263685198
2024-05-22 18:00:08,113.861733628133
2024-05-22 19:00:08,114.237594003334
2024-05-22 20:00:08,114.055223772095
2024-05-22 21:00:08,114.455170128269
2024-05-22 22:00:08,113.914782608173
2024-05-22 23:00:08,113.616045795307
2024-05-23 00:00:01,114.055777953704
2024-05-23 01:00:08,112.950587045494
2024-05-23 02:00:08,113.558787914023
2024-05-23 03:00:08,113.943656152459
2024-05-23 04:00:08,113.478947178658
2024-05-23 05:00:08,113.117861570543
2024-05-23 06:00:08,114.397750516758
2024-05-23 07:00:08,112.928625959311
2024-05-23 08:00:08,113.513420741503
2024-05-23 11:00:08,113.13361463998
2024-05-23 12:00:08,113.268643370138
2024-05-23 13:00:08,113.25078623927
2024-05-23 14:00:08,113.720084830018
2024-05-23 15:00:08,113.461305000582
2024-05-23 16:00:08,113.007268634268
2024-05-23 17:00:08,113.004312148226
2024-05-23 18:00:08,113.452883091313
2024-05-23 19:00:08,114.284042032776
2024-05-23 20:00:08,113.38182188611
2024-05-23 21:00:08,113.582582600789
2024-05-23 22:00:08,113.972205009802
2024-05-23 23:00:08,113.253740780905
2024-05-24 00:00:02,113.700638480568
2024-05-24 12:00:08,113.676472033314
2024-05-24 14:00:08,112.758366670656
2024-05-24 15:00:08,113.83139004332
2024-05-24 16:00:08,113.009375801388
2024-05-24 17:00:08,112.828644492355
2024-05-24 18:00:08,113.567248126073
2024-05-24 19:00:08,145.085708683185
2024-05-24 20:00:08,113.245670356728
2024-05-24 21:00:08,112.547908889122
2024-05-24 22:00:08,113.488803936922
2024-05-24 23:00:08,113.602228684506
2024-05-25 00:00:01,113.324027849767
2024-05-25 01:00:08,112.264837822228
2024-05-25 02:00:08,112.881377844213
2024-05-25 03:00:08,113.349356496582
2024-05-25 04:00:08,112.966889824026
2024-05-25 05:00:08,112.78760514945
2024-05-25 06:00:08,112.516578528794
2024-05-25 07:00:08,99.9353433972664
2024-05-25 08:00:08,114.077641016723
2024-05-25 09:00:08,113.700063409833
2024-05-25 10:00:08,113.219305408958
2024-05-25 11:00:08,113.236523958691
2024-05-25 12:00:08,112.852472738821
2024-05-25 13:00:08,112.559853779436
2024-05-25 14:00:08,113.063922610426
2024-05-25 15:00:08,113.536903899188
2024-05-25 16:00:08,113.464595142572
2024-05-25 17:00:08,113.369398894677
2024-05-25 18:00:08,87.4121865902764
2024-05-25 19:00:08,112.293556956823
2024-05-25 20:00:08,113.589070246134
2024-05-25 21:00:08,114.057240859484
2024-05-25 22:00:08,113.641752607987
2024-05-25 23:00:08,112.643283954981
2024-05-26 00:00:00,113.192546495931
2024-05-26 00:00:01,
2024-05-26 01:00:08,
2024-05-26 02:00:08,
2024-05-26 03:00:08,
2024-05-26 04:00:08,
2024-05-26 05:00:08,112.451505671202
2024-05-26 06:00:08,112.41915441821
2024-05-26 07:00:08,113.015419071924
2024-05-26 08:00:08,113.042290138824
2024-05-26 09:00:08,112.875855562725
2024-05-26 10:00:08,112.403505886776
2024-05-26 11:00:08,113.009901651333
2024-05-26 12:00:08,112.094102223513
2024-05-26 14:00:08,112.777519612666
2024-05-26 15:00:08,112.562588774082
2024-05-26 16:00:08,112.183800402069
2024-05-26 17:00:08,113.467445717792
2024-05-26 18:00:08,112.760090000864
2024-05-26 19:00:08,112.681272057115
2024-05-26 20:00:08,113.956208639527
2024-05-26 21:00:08,112.21587230889
2024-05-26 22:00:08,113.195802524913
2024-05-26 23:00:08,111.849549097488
2024-05-27 00:00:02,112.79663194285
2024-05-27 01:00:08,112.139165632896
2024-05-27 02:00:08,112.362814232883
2024-05-27 03:00:08,112.225876850163
2024-05-27 04:00:08,112.231422415478
2024-05-27 07:00:08,112.239971432242
2024-05-27 08:00:08,112.078115713653
2024-05-27 09:00:08,112.842540645634
2024-05-27 10:00:08,112.643351390338
2024-05-27 11:00:08,113.177408646668
2024-05-27 12:00:08,112.260749844582
2024-05-27 13:00:08,112.482944542966
2024-05-27 14:00:07,112.645456771914
2024-05-27 15:00:07,111.787603210424
2024-05-27 16:00:07,113.422542542547
2024-05-27 17:00:07,112.163246567749
2024-05-27 18:00:07,112.301681728926
2024-05-27 19:00:07,113.100825377166
2024-05-27 20:00:07,112.67698762998
2024-05-27 21:00:07,112.560787196133
2024-05-27 22:00:07,112.507263933023
2024-05-27 23:00:07,112.2875211323
2024-05-28 00:00:00,112.814418479529
2024-05-28 01:00:07,112.442515655265
2024-05-28 02:00:07,113.299497889337
2024-05-28 03:00:07,111.813872742589
2024-06-01 00:00:01,
2024-06-01 01:00:08,
2024-06-01 03:00:08,
2024-06-01 04:00:08,
2024-06-01 05:00:08,
2024-06-01 07:00:08,
2024-06-03 10:00:07,121.475464834971
2024-06-03 11:00:07,121.440322078921
2024-06-03 12:00:07,121.585253305664
2024-06-03 13:00:07,122.237374115219
2024-06-03 14:00:07,120.102832735686
2024-06-03 15:00:07,120.637225564452
2024-06-03 16:00:07,120.624261861373
2024-06-03 17:00:07,119.461654595965
2024-06-03 18:00:07,120.590589454493
2024-06-03 19:00:07,122.499909959667
2024-06-03 20:00:07,120.486985229671
2024-06-03 21:00:07,119.354118883452
2024-06-03 22:00:07,120.560443229218
2024-06-03 23:00:07,119.816590208777
2024-06-04 00:00:00,120.412456813776
2024-06-04 01:00:07,119.500376565183
2024-06-04 02:00:07,122.80429123535
2024-06-04 03:00:07,120.440408515603
2024-06-04 04:00:07,120.664663465198
2024-06-04 05:00:07,121.738110263065
2024-06-04 06:00:07,120.112295939429
2024-06-04 07:00:07,120.137804144798
2024-06-04 08:00:07,120.711901873963
2024-06-04 09:00:07,120.536919129989
2024-06-04 10:00:05,120.465029158533
2024-06-04 11:00:05,120.948539264552
2024-06-04 12:00:05,
2024-06-04 13:00:05,
2024-06-04 14:00:05,
2024-06-04 15:00:05,
2024-06-04 16:00:05,120.589202453115
2024-06-04 17:00:05,121.393845909287
2024-06-04 18:00:05,120.632075075413
2024-06-04 19:00:05,120.831837611547
2024-06-04 20:00:05,120.348449075261
2024-06-04 21:00:05,121.666900146835
2024-06-04 22:00:05,120.380924875148
2024-06-04 23:00:05,121.208220183227
2024-06-05 00:00:00,120.180457442364
2024-06-05 01:00:05,119.56687317003
2024-06-05 02:00:05,121.765927732298
2024-06-05 03:00:05,122.082847316211
2024-06-05 04:00:05,119.090421470162
2024-06-05 05:00:05,122.77688329571
2024-06-05 06:00:05,122.206904827059
2024-06-05 07:00:05,119.972576726819
2024-06-05 08:00:05,123.179088490819
2024-06-05 09:00:05,121.1116422891
2024-06-05 10:00:05,118.982278822738
2024-06-06 01:00:05,120.429393751152
2024-06-06 02:00:05,120.744051810413
2024-06-06 03:00:05,119.208042328075
2024-06-06 04:00:05,121.407419449742
2024-06-06 05:00:05,123.058279848541
2024-06-06 06:00:05,122.692856108796
2024-06-06 07:00:05,121.360332692188
2024-06-06 08:00:05,122.275436787807
2024-06-06 09:00:05,120.216654487556
2024-06-06 10:00:05,120.76663871075
2024-06-06 11:00:05,120.361156365731
2024-06-06 12:00:05,123.869156334976
2024-06-06 13:00:05,120.058593969966
2024-06-06 14:00:05,119.076429977347
2024-06-06 15:00:05,117.675460940229
2024-06-06 16:00:05,119.922747256807
2024-06-06 17:00:05,122.620473063397
2024-06-06 18:00:05,120.3189688523
2024-06-06 19:00:05,118.206384425534
2024-06-06 20:00:05,116.521059161113
2024-06-06 21:00:05,120.676630070955
2024-06-06 22:00:05,122.115289401865
2024-06-06 23:00:05,120.232199218091
2024-06-07 00:00:00,117.961766175316
2024-06-07 01:00:05,121.381265420577
2024-06-07 02:00:05,123.917286407774
2024-06-07 03:00:05,120.032721013192
2024-06-07 04:00:05,121.313976154377
2024-06-07 05:00:05,122.119539222288
2024-06-07 06:00:05,119.91984356342
2024-06-07 07:00:05,118.304694101081
2024-06-07 08:00:05,119.184152242123
2024-06-07 09:00:05,118.74208251334
2024-06-07 10:00:05,121.379529684858
2024-06-07 11:00:05,119.077786482181
2024-06-07 12:00:05,120.461162311886
2024-06-07 13:00:05,117.580894007632
2024-06-07 14:00:05,119.569363225411
2024-06-07 15:00:05,120.164865121047
2024-06-07 16:00:05,120.689924209944
2024-06-07 17:00:05,121.682933574429
2024-06-07 18:00:05,119.326488700512
2024-06-07 19:00:05,119.730735474201
2024-06-07 20:00:05,122.297890592012
2024-06-07 21:00:05,122.505029901579
2024-06-07 22:00:05,117.739470604918
2024-06-07 23:00:05,120.518286793793
2024-06-08 00:00:01,119.637053075847
2024-06-08 01:00:05,120.644106137248
2024-06-08 02:00:05,120.22378496253
2024-06-08 03:00:05,123.181871645621
2024-06-08 04:00:05,120.862768343075
2024-06-08 05:00:05,121.459289826765
2024-06-08 06:00:05,120.42919080512
2024-06-08 07:00:05,120.384265768354
2024-06-08 09:00:05,118.896647815774
2024-06-08 10:00:05,119.612248660489
2024-06-08 11:00:05,119.318192556006
2024-06-08 12:00:05,122.996663749634
2024-06-08 13:00:05,121.810288003737
2024-06-08 14:00:05,122.944690299704
2024-06-08 15:00:05,118.887421998723
2024-06-08 16:00:05,121.847394152729
2024-06-08 17:00:05,122.069934810636
2024-06-08 18:00:05,120.454118854216
2024-06-08 19:00:05,120.459356379689
2024-06-08 20:00:05,117.526085647809
2024-06-08 21:00:05,121.272759424254
2024-06-08 22:00:05,119.524594782155
2024-06-08 23:00:05,120.863214035931
2024-06-09 00:00:01,122.993165037679
2024-06-09 01:00:05,88.8895007552927
2024-06-09 02:00:05,121.904883723048
2024-06-09 03:00:05,120.438102970137
2024-06-09 04:00:05,118.21440810574
2024-06-09 05:00:05,120.716288902419
2024-06-09 07:00:05,120.950605698133
2024-06-09 08:00:05,118.619542229367
2024-06-09 09:00:05,97.411837765934
2024-06-09 10:00:05,119.776554034749
2024-06-09 11:00:05,120.856965058281
2024-06-09 12:00:05,116.872609134885
2024-06-09 13:00:05,119.639349371645
2024-06-09 14:00:05,121.509782265014
2024-06-09 15:00:05,121.082727355549
2024-06-09 16:00:05,122.538118546312
2024-06-10 05:00:05,118.902753625052
2024-06-10 06:00:05,118.548798113389
2024-06-10 07:00:05,119.902404005335
2024-06-10 08:00:05,123.650746853628
2024-06-10 09:00:05,120.665966007253
2024-06-10 10:00:05,118.664214203736
2024-06-10 11:00:05,119.155668986849
2024-06-10 12:00:05,123.383201107744
2024-06-10 13:00:05,122.795687913831
2024-06-10 14:00:05,118.314661911811
2024-06-10 15:00:05,124.055103487062
2024-06-10 16:00:05,121.842454752861
2024-06-10 17:00:05,119.438116038594
2024-06-10 18:00:05,119.995522663135
2024-06-10 19:00:05,121.217853071297
2024-06-10 20:00:05,117.856631088844
2024-06-10 21:00:05,122.20448173595
2024-06-10 22:00:05,117.058588421196
2024-06-10 23:00:05,121.988821064989
2024-06-11 00:00:02,122.419845148341
2024-06-11 01:00:05,122.05047437759
2024-06-11 02:00:05,118.97912708376
2024-06-11 03:00:05,123.511213927632
2024-06-11 04:00:05,120.209434833829
2024-06-11 05:00:05,121.43340373212
2024-06-11 07:00:05,121.553122759111
2024-06-11 08:00:05,119.456383397884
2024-06-11 09:00:05,120.060507546653
2024-06-11 10:00:05,123.971546033988
2024-06-11 11:00:05,119.409830865914
2024-06-11 12:00:05,121.541184837168
2024-06-11 13:00:05,120.421254640851
2024-06-11 14:00:05,123.221424890017
2024-06-11 15:00:05,119.947177398973
2024-06-11 16:00:05,122.076841745115
2024-06-11 17:00:05,117.198652162025
2024-06-11 18:00:05,117.798172454318
2024-06-11 19:00:05,120.685996885495
2024-06-11 20:00:05,123.511449833352
2024-06-11 21:00:05,118.63857516648
2024-06-11 22:00:05,121.389835885483
2024-06-11 23:00:05,121.630533590201
2024-06-12 00:00:01,119.96577312317
2024-06-12 01:00:05,120.583878692925
2024-06-12 02:00:05,119.735942923027
2024-06-12 03:00:05,119.581011645381
2024-06-12 04:00:05,121.403702745608
2024-06-12 05:00:05,120.499089216994
2024-06-12 06:00:05,119.151531345345
2024-06-12 07:00:05,121.857117635123
2024-06-12 08:00:05,117.865927227326
2024-06-12 11:00:05,117.719829025835
2024-06-12 12:00:05,116.451878357903
2024-06-12 13:00:05,121.081392436218
2024-06-12 14:00:05,118.897976578099
2024-06-12 15:00:05,121.28641743612
2024-06-12 16:00:05,120.445083330434
2024-06-12 17:00:05,121.795563764565
2024-06-12 18:00:05,118.72933481415
2024-06-12 19:00:05,121.218332191339
2024-06-12 20:00:05,118.559919183065
2024-06-12 21:00:05,121.166857061865
2024-06-12 22:00:05,119.041644841384
2024-06-12 23:00:05,116.445736594308
2024-06-13 00:00:01,117.064518992163
2024-06-13 01:00:05,120.419566027247
2024-06-13 02:00:05,121.359221233753
2024-06-13 03:00:05,116.918417490019
2024-06-13 04:00:05,119.365910912266
2024-06-13 05:00:05,121.115972167231
2024-06-13 06:00:05,119.171932847066
2024-06-13 07:00:05,120.803584260116
2024-06-13 08:00:05,119.406291670752
2024-06-13 09:00:05,118.517502404855
2024-06-13 10:00:05,118.221458157856
2024-06-13 11:00:05,120.762886898815
2024-06-13 12:00:05,117.452160492975
2024-06-13 13:00:05,118.606783809215
2024-06-13 14:00:05,119.653860720556
2024-06-13 15:00:05,120.007127814963
2024-06-13 16:00:05,118.944770105526
2024-06-13 17:00:05,120.815931460657
2024-06-13 18:00:05,121.246619930149
2024-06-13 19:00:05,118.915815309392
2024-06-14 10:00:05,119.465772133932
2024-06-14 11:00:05,118.882813991895
2024-06-14 12:00:05,122.723117334218
2024-06-14 13:00:05,118.583206181884
2024-06-14 14:00:05,120.922828221658
2024-06-14 15:00:05,121.375967492576
2024-06-14 16:00:05,119.516008427469
2024-06-14 17:00:05,118.998974770888
2024-06-14 18:00:05,121.120169905374
2024-06-14 19:00:05,118.470039488785
2024-06-14 20:00:05,120.150326209439
2024-06-14 21:00:05,116.834354815815
2024-06-14 22:00:05,122.533922025504
2024-06-14 23:00:05,120.98736856084
2024-06-15 00:00:02,122.921531931665
2024-06-15 01:00:05,117.842076039305
2024-06-15 02:00:05,118.591118753023
2024-06-15 03:00:05,117.860284078926
2024-06-15 04:00:05,119.510574944168
2024-06-15 05:00:05,122.16144646277
2024-06-15 06:00:05,117.099980010847
2024-06-15 07:00:05,119.243496264514
2024-06-15 08:00:05,118.847877460886
2024-06-15 09:00:05,122.55631618141
2024-06-15 10:00:05,122.611103200204
2024-06-15 11:00:05,117.267559849379
2024-06-15 12:00:05,119.359318843516
2024-06-15 13:00:05,121.450262434807
2024-06-15 14:00:05,119.956804580805
2024-06-15 15:00:05,118.622452567943
2024-06-15 16:00:05,121.845079655899
2024-06-15 17:00:05,118.483428043139
2024-06-15 18:00:05,116.073292272454
2024-06-15 19:00:05,118.146653438138
2024-06-15 20:00:05,123.936357234321
2024-06-15 21:00:05,119.530100106502
2024-06-15 22:00:05,123.245628364035
2024-06-15 23:00:05,120.000235938895
2024-06-16 00:00:02,121.125135007657
2024-06-16 01:00:05,118.859335292727
2024-06-16 02:00:05,120.687417917049
2024-06-16 03:00:05,121.448797922867
2024-06-16 04:00:05,120.990201436343
2024-06-16 05:00:05,121.0068779106
2024-06-16 06:00:05,121.060463362919
2024-06-16 07:00:05,119.016593413103
2024-06-16 08:00:05,118.467354483784
2024-06-16 09:00:05,117.734153252143
2024-06-16 10:00:05,121.754581261195
2024-06-16 11:00:05,118.204724747615
2024-06-16 12:00:05,119.709784188846
2024-06-16 13:00:05,119.800479673819
2024-06-16 14:00:05,120.160396999819
2024-06-16 15:00:05,118.727431037073
2024-06-16 16:00:05,121.494470672657
2024-06-16 17:00:05,120.39561928475
2024-06-16 18:00:05,121.292071932181
2024-06-16 19:00:05,123.37162821794
2024-06-16 20:00:05,118.764554724276
2024-06-16 21:00:05,120.44278066922
2024-06-16 22:00:05,118.492793994252
2024-06-16 23:00:05,118.148098348708
2024-06-17 01:00:05,119.144884668026
2024-06-17 02:00:05,116.301208042352
2024-06-17 03:00:05,121.397088037422
2024-06-17 04:00:05,119.102708324784
2024-06-17 05:00:05,120.391179586586
2024-06-17 07:00:05,117.233201063541
2024-06-17 08:00:05,122.957713145246
2024-06-17 09:00:05,119.261169788067
2024-06-17 10:00:05,154.568830938815
2024-06-17 11:00:05,121.441021536203
2024-06-17 12:00:05,122.265981956869
2024-06-17 13:00:05,121.454661923585
2024-06-17 14:00:05,116.134517449743
2024-06-17 15:00:05,119.727505958998
2024-06-17 16:00:05,122.391598861296
2024-06-17 17:00:05,118.582596842841
2024-06-17 18:00:05,120.305630548949
2024-06-17 19:00:05,121.734146063079
2024-06-17 20:00:05,120.549140671643
2024-06-17 21:00:05,119.891252145291
2024-06-17 22:00:05,118.484647302659
2024-06-17 23:00:05,121.462163937452
2024-06-18 01:00:05,119.610568220127
2024-06-18 14:00:05,116.781231082517
2024-06-18 15:00:05,119.047248502849
2024-06-18 16:00:05,120.634901041486
2024-06-18 17:00:05,120.187010998399
2024-06-18 18:00:05,119.384329465316
2024-06-18 19:00:05,122.068786598273
2024-06-18 20:00:05,117.87962092738
2024-06-18 21:00:05,119.129180364967
2024-06-18 22:00:05,116.44693286053
2024-06-18 23:00:05,118.974584876438
2024-06-19 00:00:01,
2024-06-19 01:00:05,119.428343643805
2024-06-19 02:00:05,117.833779420826
2024-06-19 03:00:05,117.143469516181
2024-06-19 04:00:05,
2024-06-19 05:00:05,121.27203669361
2024-06-19 06:00:05,117.099330002471
2024-06-19 07:00:05,119.825140425157
2024-06-19 08:00:05,118.37038001356
2024-06-19 09:00:05,121.745488412521
2024-06-19 10:00:05,116.677866185746
2024-06-19 11:00:05,119.174916030437
2024-06-19 12:00:05,116.852503102781
2024-06-19 13:00:05,117.402371677341
2024-06-19 14:00:05,121.289595277752
2024-06-19 15:00:05,120.456265859091
2024-06-19 16:00:05,122.489617840975
2024-06-19 17:00:05,122.648985017706
2024-06-19 18:00:05,120.75683956817
2024-06-19 19:00:05,120.161749780948
2024-06-19 20:00:05,121.339799396654
2024-06-19 21:00:05,120.745414865547
2024-06-19 22:00:05,119.093343575007
2024-06-19 23:00:05,117.970695737565
2024-06-20 00:00:02,117.297572565865
2024-06-20 01:00:05,120.049002096275
2024-06-20 02:00:05,118.996460516263
2024-06-20 03:00:05,117.921615561235
2024-06-20 04:00:05,118.237380287598
2024-06-20 05:00:05,121.073096724998
2024-06-20 06:00:05,114.467390885152
2024-06-20 07:00:05,120.035272779628
2024-06-20 08:00:05,117.377018807432
2024-06-20 09:00:05,120.729001222109
2024-06-20 10:00:05,117.338712901627
2024-06-20 11:00:05,117.882412841808
2024-06-20 12:00:05,121.650358264705
2024-06-20 13:00:05,119.230534532205
2024-06-20 14:00:05,118.819089391856
2024-06-20 15:00:05,117.203082110508
2024-06-20 16:00:05,121.407029576457
2024-06-20 17:00:05,116.802116441126
2024-06-20 18:00:05,120.034565933685
2024-06-20 19:00:05,114.940705644623
2024-06-20 20:00:05,119.464188964835
2024-06-20 21:00:05,119.088527383178
2024-06-20 22:00:05,120.079507882133
2024-06-20 23:00:05,120.619773026226
2024-06-21 00:00:00,120.273688978039
2024-06-21 01:00:05,118.874775985925
2024-06-21 02:00:05,118.197575709586
2024-06-21 03:00:05,119.679947415426
2024-06-21 04:00:05,118.945148146578
2024-06-21 05:00:05,119.698338550085
2024-06-21 06:00:05,117.479002547164
2024-06-21 09:00:05,
2024-06-21 10:00:05,
2024-06-21 11:00:05,
2024-06-21 12:00:05,
2024-06-21 13:00:05,
2024-06-21 14:00:05,119.848658190352
2024-06-21 15:00:05,118.587335154723
2024-06-21 16:00:05,119.065329316795
2024-06-21 17:00:05,91.6289510707322
2024-06-21 18:00:05,118.621802654409
2024-06-21 19:00:05,120.547568387515
2024-06-21 20:00:05,116.965966997928
2024-06-21 21:00:05,118.862787319749
2024-06-21 22:00:05,117.225663154352
2024-06-21 23:00:05,117.545371116728
2024-06-22 00:00:00,120.174641956688
2024-06-22 01:00:05,116.743858111626
2024-06-22 02:00:05,120.615124064071
2024-06-22 03:00:05,121.75190381651
2024-06-22 04:00:05,118.272980072116
2024-06-22 17:00:05,118.3732173563
2024-06-22 18:00:05,120.79078204601
2024-06-22 19:00:05,116.531116486623
2024-06-22 20:00:05,117.973103918215
2024-06-22 21:00:05,123.496092757967
2024-06-22 22:00:05,117.85352626657
2024-06-22 23:00:05,120.297834877691
2024-06-23 00:00:00,119.184354739217
2024-06-23 01:00:05,118.001340074847
2024-06-23 02:00:05,120.063602184996
2024-06-23 03:00:05,121.612049560317
2024-06-23 04:00:05,119.039345042849
2024-06-23 05:00:05,117.604145063195
2024-06-23 06:00:05,121.610256920883
2024-06-23 10:00:05,120.591375153335
2024-06-23 12:00:05,118.713222773477
2024-06-23 14:00:05,117.605573184576
2024-06-23 17:00:05,119.917477612292
2024-06-23 18:00:05,120.854438103704
2024-06-23 19:00:05,121.870249994757
2024-06-23 20:00:05,115.694585305757
2024-06-23 21:00:05,118.897546895804
2024-06-23 22:00:05,119.714199366066
2024-06-23 23:00:05,120.566798667449
2024-06-24 00:00:01,152.091098660729
2024-06-24 01:00:05,121.074652850416
2024-06-24 02:00:05,119.803043045387
2024-06-24 03:00:05,119.41671961986
2024-06-24 04:00:05,115.250519499651
2024-06-24 07:00:05,119.436912474546
2024-06-24 08:00:05,119.787255676956
2024-06-24 09:00:05,117.493048403708
2024-06-24 10:00:05,118.470475923525
2024-06-24 11:00:05,118.584826444765
2024-06-24 12:00:05,120.583774667956
2024-06-24 13:00:05,122.231995573488
2024-06-24 14:00:05,115.244723230081
2024-06-24 15:00:05,117.808753774248
2024-06-24 16:00:05,120.675215761505
2024-06-24 17:00:05,
2024-06-24 18:00:05,
2024-06-24 19:00:05,
2024-06-24 20:00:05,118.013577583765
2024-06-24 21:00:05,117.053857933893
2024-06-24 22:00:05,118.588536798843
2024-06-24 23:00:05,119.793238707365
2024-06-25 00:00:00,118.425796948962
2024-06-25 01:00:05,117.300830841495
2024-06-25 02:00:05,119.647552796957
2024-06-25 03:00:05,117.905922867558
2024-06-25 04:00:05,118.222292473089
2024-06-25 05:00:05,118.944673546576
2024-06-25 06:00:05,119.337938040142
2024-06-25 07:00:05,117.062479996764
2024-06-25 08:00:05,116.556497543917
2024-06-25 09:00:05,116.112877387356
2024-06-25 10:00:05,117.173262307277
2024-06-25 11:00:05,117.352592611697
2024-06-25 12:00:05,117.771940261296
2024-06-25 13:00:05,118.409989257074
2024-06-25 14:00:05,118.561327329764
2024-06-25 15:00:05,121.204045189974
2024-06-25 16:00:05,123.78300749929
2024-06-25 17:00:05,118.653500309267
2024-06-25 18:00:05,116.785529972683
2024-06-25 19:00:05,119.618039830892
2024-06-25 20:00:05,116.942084501284
2024-06-25 21:00:05,120.806921987227
2024-06-25 22:00:05,115.664700402444
2024-06-25 23:00:05,118.722234408299
2024-06-26 00:00:00,118.564476956348
2024-06-26 01:00:05,119.961412474924
2024-06-26 02:00:05,119.439174006428
2024-06-26 03:00:05,119.683075460515
2024-06-26 04:00:05,120.888153879394
2024-06-26 05:00:05,118.124469891364
2024-06-26 21:00:05,117.951513031572
2024-06-26 23:00:05,117.962820305991
2024-06-27 00:00:01,117.636001947527
2024-06-27 01:00:05,117.159534921675
2024-06-27 04:00:05,117.016178709428
2024-06-27 05:00:05,119.816625246731
2024-06-27 06:00:05,119.396785556095
2024-06-27 07:00:05,115.4072748853
2024-06-27 09:00:05,119.146496093923
2024-06-27 16:00:05,119.474545039405
2024-06-27 17:00:05,116.631195618257
2024-06-27 18:00:05,115.915563165929
2024-06-27 19:00:05,116.972389270526
2024-06-27 20:00:05,119.785127947825
2024-06-27 21:00:05,126.053368520784
2024-06-27 22:00:05,119.912435650169
2024-06-27 23:00:05,118.896428687582
2024-06-28 00:00:01,120.3860034522
2024-06-28 01:00:05,117.799995106197
2024-06-28 02:00:05,118.292838768164
2024-06-28 03:00:05,116.45735251398
2024-06-28 04:00:05,119.487953406139
2024-06-28 05:00:05,121.693988656516
2024-06-28 11:00:05,119.9262768364
2024-06-28 13:00:05,117.581167637489
2024-06-28 15:00:05,119.284728279783
2024-06-28 16:00:05,117.308910112562
2024-06-28 17:00:05,120.905649806385
2024-06-28 18:00:05,116.406052742133
2024-06-28 19:00:05,115.462057297582
2024-06-28 20:00:05,116.902127791817
2024-06-28 21:00:05,117.729614181316
2024-06-28 22:00:05,121.619696570725
2024-06-28 23:00:05,116.158373960945
2024-06-29 00:00:01,117.341761550305
2024-06-29 01:00:05,115.799644671193
2024-06-29 02:00:05,116.220550591452
2024-06-29 03:00:05,119.661692920767
2024-06-29 04:00:05,116.373637162207
2024-06-29 06:00:05,113.799781660972
2024-06-29 07:00:05,117.25635400056
2024-06-29 08:00:05,118.152348266414
2024-06-29 09:00:05,118.984020124954
2024-06-29 10:00:05,118.068502776408
2024-06-29 11:00:05,118.695714495273
2024-06-29 12:00:05,117.258159696696
2024-06-29 13:00:05,116.85718211084
2024-06-29 14:00:05,118.125960279141
2024-06-29 15:00:05,119.424831830295
2024-06-29 16:00:05,117.253941838228
2024-06-29 17:00:05,119.725634106005
2024-06-29 18:00:05,121.967395974149
2024-06-29 19:00:05,117.166454076313
2024-06-29 20:00:05,118.338306406782
2024-06-29 21:00:05,99.4022634512691
2024-06-29 22:00:05,120.964082881374
2024-06-29 23:00:05,117.748577681254
2024-06-30 00:00:01,118.148541552723
2024-06-30 01:00:05,118.237950043848
2024-06-30 02:00:05,118.438580683008
2024-06-30 03:00:05,118.282580924989
2024-06-30 04:00:05,119.001147305506
2024-06-30 05:00:05,118.625569407352
2024-06-30 06:00:05,120.785606868868
2024-06-30 07:00:05,116.240406431258
2024-06-30 08:00:05,120.42048311258
2024-06-30 09:00:05,117.161289936285
2024-06-30 11:00:05,116.341335401166
2024-07-01 02:00:05,120.903009971466
2024-07-01 03:00:05,115.534603426277
2024-07-01 04:00:05,116.3723910181
2024-07-01 05:00:05,117.384799837285
2024-07-01 06:00:05,119.584266353384
2024-07-01 07:00:05,119.564250870184
2024-07-01 08:00:05,115.653710159316
2024-07-01 09:00:05,119.873015631604
2024-07-01 11:00:03,121.664498199445
2024-07-01 12:00:03,119.26205772526
2024-07-01 13:00:03,123.88435075322
2024-07-01 14:00:03,116.876399876424
2024-07-01 15:00:03,119.488497665399
2024-07-01 16:00:03,120.004964577073
2024-07-01 17:00:03,141.151471325817
2024-07-01 18:00:03,116.725767633031
2024-07-01 19:00:03,120.431962855611
2024-07-01 20:00:03,122.037193342694
2024-07-01 21:00:03,117.796187364376
2024-07-01 22:00:03,118.493175259028
2024-07-01 23:00:03,119.122012417372
2024-07-02 00:00:00,119.143140774709
2024-07-02 01:00:03,118.066854947202
2024-07-02 02:00:03,117.834019598514
2024-07-02 03:00:03,118.791308719632
2024-07-02 04:00:03,118.68969289143
2024-07-02 05:00:03,120.098798060441
2024-07-02 06:00:03,117.645869973601
2024-07-02 09:00:03,120.682927560255
2024-07-02 10:00:03,121.551542168142
2024-07-02 11:00:03,120.061373130753
2024-07-02 12:00:03,120.029615783104
2024-07-02 13:00:03,118.703178340422
2024-07-02 14:00:03,115.787759050056
2024-07-02 15:00:03,119.348352275483
2024-07-02 16:00:03,115.042875156596
2024-07-02 17:00:03,117.974683120267
2024-07-02 18:00:03,119.530955871155
2024-07-02 19:00:03,117.878984577526
2024-07-02 20:00:03,120.813413653247
2024-07-02 21:00:03,113.228071236484
2024-07-02 22:00:03,115.932044324943
2024-07-02 23:00:03,117.884641857553
2024-07-03 00:00:01,118.984626334953
2024-07-03 01:00:03,116.713407696037
2024-07-03 02:00:03,118.712184261944
2024-07-03 03:00:03,117.257695451679
2024-07-03 04:00:03,119.3080792815
2024-07-03 05:00:03,118.209509263985
2024-07-03 06:00:03,119.664630609428
2024-07-03 07:00:03,119.67933145564
2024-07-03 08:00:03,116.961095331932
2024-07-03 09:00:03,117.518434436573
2024-07-03 10:00:03,116.476530561869
2024-07-03 11:00:03,119.60451113945
2024-07-03 12:00:03,117.361843867705
2024-07-03 13:00:03,119.246237579989
2024-07-03 14:00:03,115.936258985694
2024-07-03 15:00:03,115.228185639772
2024-07-03 16:00:03,116.089085951858
2024-07-03 17:00:03,119.735280055046
2024-07-03 18:00:03,119.155387368134
2024-07-03 19:00:03,117.760273341451
2024-07-03 20:00:03,119.392108782394
2024-07-03 21:00:03,120.097170094917
2024-07-03 22:00:03,114.300218348072
2024-07-03 23:00:03,118.233320851073
2024-07-04 00:00:00,120.385825465254
2024-07-04 01:00:03,116.923077238222
2024-07-04 02:00:03,114.564933924534
2024-07-04 03:00:03,118.221165228292
2024-07-04 04:00:03,117.089291656062
2024-07-04 05:00:03,124.604545249214
2024-07-04 06:00:03,115.011488011979
2024-07-04 07:00:03,121.739797405565
2024-07-04 11:00:03,116.866880551324
2024-07-04 12:00:03,118.473819107167
2024-07-04 13:00:03,122.018408258298
2024-07-04 14:00:03,117.874513970659
2024-07-04 15:00:03,118.780610266667
2024-07-04 21:00:03,120.440779600762
2024-07-05 03:00:03,114.822748584516
2024-07-05 09:00:03,118.046758711119
2024-07-05 15:00:03,117.029918643043
2024-07-05 21:00:03,115.764060889196
2024-07-06 03:00:03,119.490331468261
2024-07-06 09:00:03,118.505191128464
2024-07-06 15:00:03,113.67459107619
2024-07-06 21:00:03,118.765222309841
2024-07-07 03:00:03,119.277625279864
2024-07-07 09:00:03,118.139244744526
2024-07-07 15:00:03,115.928397630366
2024-07-07 21:00:03,117.297842527408
2024-07-08 03:00:03,121.216365632196
2024-07-08 09:00:03,117.233679729085
2024-07-08 15:00:03,116.730074667126
2024-07-08 21:00:03,118.239611496866
2024-07-09 03:00:03,114.629328587389
2024-07-09 09:00:03,115.884923785298
2024-07-09 15:00:03,117.668827632828
2024-07-09 21:00:03,115.631450659195
2024-07-10 03:00:03,117.10518413512
2024-07-10 09:00:03,115.45927701994
2024-07-10 15:00:03,117.132381580348
2024-07-10 21:00:03,114.579474264207
2024-07-11 03:00:03,115.289183704399
2024-07-11 09:00:03,123.020621122786
2024-07-11 15:00:03,116.513200940146
2024-07-11 21:00:03,115.978202012495
2024-07-12 03:00:03,116.390277431858
2024-07-12 09:00:03,117.375730985741
2024-07-12 15:00:03,116.4704700296
2024-07-12 21:00:03,116.174180312539
2024-07-13 03:00:03,118.883520693882
2024-07-13 09:00:03,115.821344045221
2024-07-13 15:00:03,114.337614986461
2024-07-13 21:00:03,118.36842133556
2024-07-14 03:00:03,115.141453355608
2024-07-14 09:00:03,118.077583979455
2024-07-14 15:00:03,117.244593902711
2024-07-14 21:00:03,117.726112032268
2024-07-15 03:00:03,116.716951614111
2024-07-15 09:00:03,115.418003753876
2024-07-15 15:00:03,116.132611805373
2024-07-15 21:00:03,113.503133890994
2024-07-16 03:00:03,113.500611688708
2024-07-16 09:00:03,113.076170368932
2024-07-16 15:00:03,112.911212206501
2024-07-16 21:00:03,112.535294154507
2024-07-17 03:00:03,118.125438680543
2024-07-17 09:00:03,120.536657849155
2024-07-17 15:00:03,115.09168991287
2024-07-17 21:00:03,114.901051156694
2024-07-18 03:00:03,
2024-07-18 09:00:03,
2024-07-18 15:00:03,
2024-07-18 21:00:03,
2024-07-19 03:00:03,123.131739974102
2024-07-19 09:00:03,122.161260716381
2024-07-19 15:00:03,120.630457073955
2024-07-19 21:00:03,121.967810433206
2024-07-20 03:00:03,120.876175949431
2024-07-20 09:00:03,120.730262487153
2024-07-20 15:00:03,120.397124794491
2024-07-20 21:00:03,122.22658721524
2024-07-21 03:00:03,120.007886801331
2024-07-21 09:00:03,120.520455261159
2024-07-21 15:00:03,120.545458811061
2024-07-21 21:00:03,122.583463226318
2024-07-22 03:00:03,121.869026556501
2024-07-22 09:00:03,121.982913531752
2024-07-22 15:00:03,121.548312560933
2024-07-22 21:00:03,121.216722689951
2024-07-23 03:00:03,122.138220845313
2024-07-23 09:00:03,122.509489735794
2024-07-23 15:00:03,123.442976539304
2024-07-23 21:00:03,125.289684850315
2024-07-24 03:00:03,117.126674303449
2024-07-24 09:00:03,123.613632631076
2024-07-24 15:00:03,122.984342071337
2024-07-24 21:00:03,122.875469731674
2024-07-25 03:00:03,118.828466540946
2024-07-25 09:00:03,120.045564261765
2024-07-25 15:00:03,121.044653121002
2024-07-25 21:00:03,118.277012582774
2024-07-26 03:00:03,119.061164788507
2024-07-26 09:00:03,118.715320026637
2024-07-26 15:00:03,124.254502751091
2024-07-26 21:00:03,118.77949644264
2024-07-27 03:00:03,120.580744156469
2024-07-27 09:00:03,119.762448733374
2024-07-27 15:00:03,121.240928128773
2024-07-27 21:00:03,122.565869350255
2024-07-28 03:00:03,116.722519821674
2024-07-28 09:00:03,116.783461616408
2024-07-28 15:00:03,119.050977448357
2024-07-28 21:00:03,124.198473126266
2024-07-29 03:00:03,125.087143802782
2024-07-29 09:00:03,124.71636542832
2024-07-29 15:00:03,117.005974724273
2024-07-29 21:00:03,118.572090453761
2024-07-30 03:00:03,120.513815436477
2024-07-30 09:00:03,121.826515387103
2024-07-30 15:00:03,126.197055265709
2024-07-30 21:00:03,122.884966892834
2024-07-31 03:00:03,121.055676896697
2024-07-31 09:00:03,121.645083558979
2024-07-31 15:00:03,121.657986984538
2024-07-31 21:00:03,116.811912774971
2024-08-01 03:00:03,123.012131646327
2024-08-01 09:00:03,119.762525236497
2024-08-01 15:00:03,121.229905673666
2024-08-01 21:00:03,124.504261225465
2024-08-02 03:00:03,117.803381992776
2024-08-02 09:00:03,122.096614323086
2024-08-02 15:00:03,147.513888086121
2024-08-02 21:00:03,116.835815543066
2024-08-03 03:00:03,131.221059509675
2024-08-03 09:00:03,124.905748492632
2024-08-03 15:00:03,118.554440709574
2024-08-03 21:00:03,121.035074579208
2024-08-04 03:00:03,122.823638536098
2024-08-04 09:00:03,119.999277686645
2024-08-04 15:00:03,120.023247234322
2024-08-04 21:00:03,115.204557489386
2024-08-05 03:00:03,122.012039875399
2024-08-05 09:00:03,120.356013566342
2024-08-05 15:00:03,117.625236615303
2024-08-05 21:00:03,121.635093064849
2024-08-06 03:00:03,122.149575220268
2024-08-06 09:00:03,118.587418860776
2024-08-06 15:00:03,118.691453673528
2024-08-06 21:00:03,120.630765692829
2024-08-07 03:00:03,124.298221164609
2024-08-07 09:00:03,116.00637528729
2024-08-07 15:00:03,120.734375253463
2024-08-07 21:00:03,117.669006584921
2024-08-08 03:00:03,121.67639203601
2024-08-08 09:00:03,117.788241197183
2024-08-08 15:00:03,116.463074079577
2024-08-08 21:00:03,116.791048937345
2024-08-09 03:00:03,118.303121439878
2024-08-09 09:00:03,124.193952881418
2024-08-09 15:00:03,120.055514607904
2024-08-09 21:00:03,118.91052820796
2024-08-10 03:00:03,117.305390202136
2024-08-10 09:00:03,120.526046333723
2024-08-10 15:00:03,116.378568337274
2024-08-10 21:00:03,122.059184675992
2024-08-11 03:00:03,119.793437795581
2024-08-11 09:00:03,122.514092964182
2024-08-11 15:00:03,123.842490350981
2024-08-11 21:00:03,118.986911599288
2024-08-12 03:00:03,122.127580426692
2024-08-12 09:00:03,120.79169481423
2024-08-12 15:00:03,118.913884113953
2024-08-12 21:00:03,121.417941261401
2024-08-13 03:00:03,117.910695304125
2024-08-13 09:00:03,126.782718534216
2024-08-13 15:00:03,119.713840924299
2024-08-13 21:00:03,113.868349441242
2024-08-14 03:00:03,120.470224348436
2024-08-14 09:00:03,115.244393098458
2024-08-14 15:00:03,117.757998669135
2024-08-14 21:00:03,124.126316757258
2024-08-15 03:00:03,117.381925763292
2024-08-15 09:00:03,119.224008294213
2024-08-15 15:00:03,118.854730809801
2024-08-15 21:00:03,117.453784231402
2024-08-16 03:00:03,122.058388619831
2024-08-16 09:00:03,113.098810565947
2024-08-16 15:00:03,116.763751623144
2024-08-16 21:00:03,120.65443452406
2024-08-17 03:00:03,116.563681698097
2024-08-17 09:00:03,119.518068380103
2024-08-17 15:00:03,117.351329405241
2024-08-17 21:00:03,149.91612171638
2024-08-18 03:00:03,115.6751663475
2024-08-18 09:00:03,115.830308920432
2024-08-18 15:00:03,118.829799540872
2024-08-18 21:00:03,116.787194929141
2024-08-19 03:00:03,121.924962165704
2024-08-19 09:00:03,119.418044860012
2024-08-19 15:00:03,117.816725079564
2024-08-19 21:00:03,116.813288276578
2024-08-20 03:00:03,114.202520557721
2024-08-20 09:00:03,117.503908269408
2024-08-20 15:00:03,118.155507045785
2024-08-20 21:00:03,119.088628337898
2024-08-21 03:00:03,118.242569356584
2024-08-21 09:00:03,117.12254901277
2024-08-21 15:00:03,112.712889176762
2024-08-21 21:00:03,115.371705513329
2024-08-22 03:00:03,116.644535349695
2024-08-22 09:00:03,114.992837482764
2024-08-22 15:00:03,116.661853992407
2024-08-22 21:00:03,116.3063322162
2024-08-23 03:00:03,114.927207634359
2024-08-23 09:00:03,120.262234394758
2024-08-23 15:00:03,115.125192481
2024-08-23 21:00:03,117.528602139295
2024-08-24 03:00:03,117.580299370129
2024-08-24 09:00:03,117.693938362321
2024-08-24 15:00:03,119.91235935106
2024-08-24 21:00:03,120.49780290824
2024-08-25 03:00:03,117.83617530843
2024-08-25 09:00:03,118.046663790529
2024-08-25 15:00:03,111.193637523816
2024-08-25 21:00:03,113.57314969234
2024-08-26 03:00:03,120.067786598861
2024-08-26 15:00:01,117.610262283784
2024-08-26 16:00:01,122.015479450463
2024-08-26 17:00:01,116.796026095205
2024-08-26 18:00:01,115.207004246437
2024-08-26 19:00:01,119.216912906003
2024-08-26 20:00:01,114.587318964261
2024-08-26 21:00:01,115.708584759325
2024-08-26 22:00:01,116.487449907046
2024-08-26 23:00:01,117.160124800584
2024-08-27 00:00:00,115.666948277543
2024-08-27 01:00:01,116.291480163643
2024-08-27 02:00:01,118.185518149766
2024-08-27 03:00:01,118.924157719339
2024-08-27 04:00:01,117.575494674103
2024-08-27 05:00:01,119.742573553738
2024-08-27 06:00:01,116.09470369193
2024-08-27 07:00:01,110.861070129915
2024-08-27 08:00:01,117.685323675159
2024-08-27 09:00:01,120.011563422083
2024-08-27 10:00:01,116.887425614967
2024-08-27 11:00:01,118.935080827226
2024-08-27 12:00:01,119.792349392035
2024-08-27 13:00:01,115.285613092798
2024-08-27 14:00:01,117.433704758893
2024-08-27 15:00:01,113.747951559826
2024-08-27 16:00:01,114.576786497976
2024-08-27 17:00:01,111.884252559152
2024-08-27 18:00:01,119.454144455686
2024-08-27 19:00:01,112.577985416254
2024-08-27 20:00:01,114.882994558311
2024-08-27 21:00:01,116.627311476018
2024-08-27 22:00:01,117.779622460745
2024-08-27 23:00:01,118.137448714188
2024-08-28 00:00:01,120.735911276006
2024-08-28 01:00:01,112.664994792255
2024-08-28 02:00:01,114.906875529014
2024-08-28 15:00:01,118.489204783905
2024-08-28 16:00:01,116.520701132671
2024-08-28 17:00:01,112.814423525402
2024-08-28 18:00:01,150.131458374561
2024-08-28 19:00:01,116.768462510802
2024-08-28 20:00:01,115.870652415429
2024-08-28 21:00:01,116.54817998886
2024-08-28 22:00:01,123.4082667877
2024-08-28 23:00:01,116.913827312072
2024-08-29 00:00:00,114.57309228286
2024-08-29 01:00:01,116.571200051604
2024-08-29 02:00:01,84.8903085818475
2024-08-29 03:00:01,112.649265316019
2024-08-29 04:00:01,116.238914766157
2024-08-29 05:00:01,117.18185024851
2024-08-29 06:00:01,117.661035868442
2024-08-29 07:00:01,118.74846332132
2024-08-29 08:00:01,117.733390679945
2024-08-29 09:00:01,113.440487944408
2024-08-29 10:00:01,114.108873407213
2024-08-29 11:00:01,116.650060873152
2024-08-29 12:00:01,114.520861334465
2024-08-29 13:00:01,114.554448532315
2024-08-29 14:00:01,117.424583630963
2024-08-29 15:00:01,116.92584043306
2024-08-29 16:00:01,115.773340396942
2024-08-29 17:00:01,109.438561577192
2024-08-29 18:00:01,116.697909026337
2024-08-29 19:00:01,116.124968741283
2024-08-29 20:00:01,111.871213635405
2024-08-29 21:00:01,116.322550686888
2024-08-29 22:00:01,116.942089125187
2024-08-29 23:00:01,116.832129946154
2024-08-30 00:00:00,108.707109528599
2024-08-30 01:00:01,115.957640730071
2024-08-30 02:00:01,117.731227850864
2024-08-30 03:00:01,116.523544203478
2024-08-30 04:00:01,117.777178996442
2024-08-30 05:00:01,116.286086212179
2024-08-30 06:00:01,121.745308186385
2024-08-30 07:00:01,117.62591134541
2024-08-30 08:00:01,117.64181821557
2024-08-30 09:00:01,114.796646412364
2024-08-30 10:00:01,121.037697755181
2024-08-30 11:00:01,120.195761731181
2024-08-30 12:00:01,117.142147060714
2024-08-30 13:00:01,120.573361414687
2024-08-30 14:00:01,116.378394799682
2024-08-30 15:00:01,143.193741011481
2024-08-30 16:00:01,115.860287372971
2024-08-30 17:00:01,115.037839027717
2024-08-30 18:00:01,114.080149634555
2024-08-30 19:00:01,118.366955943093
2024-08-30 20:00:01,118.272450829173
2024-08-30 21:00:01,112.004739423874
2024-08-30 22:00:01,115.93541416408
2024-08-30 23:00:01,117.383107633831
2024-08-31 00:00:00,118.960677110643
2024-08-31 01:00:01,117.378811975774
2024-08-31 02:00:01,119.123794998063
2024-08-31 03:00:01,113.686415146774
2024-08-31 04:00:01,114.635563929664
2024-08-31 05:00:01,120.219655249898
2024-08-31 06:00:01,110.939814857843
2024-08-31 07:00:01,115.715681046909
2024-08-31 09:00:01,116.296377448643
2024-08-31 11:00:01,117.145311397872
2024-08-31 12:00:01,113.646770091534
2024-08-31 13:00:01,113.871563231758
2024-08-31 14:00:01,120.758288592481
2024-08-31 15:00:01,119.177436469729
2024-08-31 16:00:01,117.883558698857
2024-08-31 17:00:01,118.920555440281
2024-08-31 18:00:01,111.996405639424
2024-08-31 19:00:01,117.119351504905
2024-08-31 20:00:01,119.047049822099
2024-08-31 21:00:01,121.241578157535
2024-08-31 22:00:01,112.482701323564
2024-08-31 23:00:01,117.435629347799
2024-09-01 00:00:01,116.67638557844
2024-09-01 01:00:01,117.187786408498
2024-09-01 02:00:01,117.279318245121
2024-09-01 03:00:01,116.143808088241
2024-09-01 04:00:01,115.169456983763
2024-09-01 05:00:01,115.459637982616
2024-09-01 06:00:01,116.455583673358
2024-09-02 12:00:01,114.220217093101
2024-09-02 13:00:01,114.690005991443
2024-09-02 14:00:01,113.569966243274
2024-09-02 15:00:01,115.527757705247
2024-09-02 16:00:01,113.823265427269
2024-09-02 17:00:01,114.786899458143
2024-09-02 18:00:01,113.084562823528
2024-09-02 19:00:01,114.162315005596
2024-09-02 20:00:01,114.370322854304
2024-09-02 21:00:01,113.794754008117
2024-09-02 22:00:01,114.596121671495
2024-09-02 23:00:01,115.315535404919
2024-09-03 00:00:00,114.082503959637
2024-09-03 01:00:01,113.465545739909
2024-09-03 02:00:01,
2024-09-03 03:00:01,
2024-09-03 04:00:01,
2024-09-03 05:00:01,
2024-09-03 06:00:01,
2024-09-03 07:00:01,114.62661307927
2024-09-03 08:00:01,113.15340837341
2024-09-03 09:00:01,113.439900071142
2024-09-03 10:00:01,114.568987793915
2024-09-03 11:00:01,114.327940167506
2024-09-03 12:00:01,114.186483281848
2024-09-03 13:00:01,113.807496331488
2024-09-03 14:00:01,114.302518452879
2024-09-03 15:00:01,114.554865487693
2024-09-03 16:00:01,113.544567109766
2024-09-03 17:00:01,114.151811886466
2024-09-03 18:00:01,113.475771159376
2024-09-03 19:00:01,113.786273634772
2024-09-03 20:00:01,113.094922727618
2024-09-03 21:00:01,114.114405482549
2024-09-03 22:00:01,113.861947084367
2024-09-03 23:00:01,114.810012819385
2024-09-04 00:00:00,114.964615055285
2024-09-04 01:00:01,114.915813029451
2024-09-04 02:00:01,114.368414442565
2024-09-04 03:00:01,114.412874652162
2024-09-04 04:00:01,113.66773527859
2024-09-04 05:00:01,113.240799038775
2024-09-04 06:00:01,113.748674064612
2024-09-04 07:00:01,114.212028076683
2024-09-04 08:00:01,113.737361668308
2024-09-04 09:00:01,113.290414182431
2024-09-04 10:00:01,112.923964655788
2024-09-04 11:00:01,114.581977463391
2024-09-04 12:00:01,113.729483821648
2024-09-04 13:00:01,113.814796374351
2024-09-04 14:00:01,114.243832156002
2024-09-04 15:00:01,112.940062798023
2024-09-04 16:00:01,113.560830646767
2024-09-04 17:00:01,113.794617459715
2024-09-04 18:00:01,113.240351224603
2024-09-04 19:00:01,113.205217762679
2024-09-04 20:00:01,114.061252578202
2024-09-04 21:00:01,114.448632893709
2024-09-04 22:00:01,113.117666676913
2024-09-04 23:00:01,113.715900255265
2024-09-05 00:00:00,112.824614372166
2024-09-05 01:00:01,113.655691350862
2024-09-05 02:00:01,113.085036502428
2024-09-05 03:00:01,112.582197334929
2024-09-05 04:00:01,112.859711774699
2024-09-05 05:00:01,112.668480292481
2024-09-05 06:00:01,112.771758301703
2024-09-05 07:00:01,113.310852104418
2024-09-05 08:00:01,113.190624938349
2024-09-05 09:00:01,113.171168642421
2024-09-05 10:00:01,113.877170261341
2024-09-05 11:00:01,112.909143875367
2024-09-05 22:00:01,112.552462486832
2024-09-05 23:00:01,113.021829430672
2024-09-06 00:00:00,112.154096174607
2024-09-06 01:00:01,110.922860071009
2024-09-06 02:00:01,111.771451430214
2024-09-06 03:00:01,111.635247621758
2024-09-06 04:00:01,112.645140875892
2024-09-06 05:00:01,112.171990761315
2024-09-06 06:00:01,111.045853786218
2024-09-06 07:00:01,112.455592771691
2024-09-06 08:00:01,110.543094971535
2024-09-06 09:00:01,110.935461871034
2024-09-06 10:00:01,111.569015697524
2024-09-06 11:00:01,112.961844181346
2024-09-06 12:00:01,112.529576719327
2024-09-06 14:00:01,110.943783415633
2024-09-06 15:00:01,111.676290991996
2024-09-06 16:00:01,111.538371023662
2024-09-06 17:00:01,111.638899472368
2024-09-06 18:00:01,111.512279762867
2024-09-06 19:00:01,112.09766427547
2024-09-06 20:00:01,110.898428112261
2024-09-06 21:00:01,111.345501834751
2024-09-06 22:00:01,110.944489465261
2024-09-06 23:00:01,111.979369060659
2024-09-07 00:00:00,110.053017245081
2024-09-07 01:00:01,111.361695111552
2024-09-07 02:00:01,110.707808687768
2024-09-07 03:00:01,110.144622135275
2024-09-07 04:00:01,111.27341890019
2024-09-07 05:00:01,110.971246264625
2024-09-07 06:00:01,112.72016070287
2024-09-07 07:00:01,110.933975226201
2024-09-07 08:00:01,110.482915991616
2024-09-07 09:00:01,111.427053484495
2024-09-07 10:00:01,110.030298093501
2024-09-07 11:00:01,111.481365406785
2024-09-07 12:00:01,111.145636526563
2024-09-07 13:00:01,110.631835130767
2024-09-07 14:00:01,111.423842414373
2024-09-07 15:00:01,110.864278007567
2024-09-07 16:00:01,110.701776609719
2024-09-07 17:00:01,111.948952544921
2024-09-07 18:00:01,110.495927778775
2024-09-07 19:00:01,111.054034038555
2024-09-07 20:00:01,110.620211827703
2024-09-07 21:00:01,112.113529783292
2024-09-07 22:00:01,110.278595998342
2024-09-07 23:00:01,111.88053088488
2024-09-08 00:00:01,109.866348567758
2024-09-08 01:00:01,108.936459107063
2024-09-08 02:00:01,109.677180188444
2024-09-08 03:00:01,110.789199031816
2024-09-08 04:00:01,110.623475310384
2024-09-08 05:00:01,111.482500976169
2024-09-08 06:00:01,110.54530928871
2024-09-08 07:00:01,109.140909031312
2024-09-08 08:00:01,110.269742119779
2024-09-08 09:00:01,110.362538003772
2024-09-08 10:00:01,110.383987682292
2024-09-08 11:00:01,109.84069247785
2024-09-08 12:00:01,110.117533455692
2024-09-08 13:00:01,110.286572466736
2024-09-08 14:00:01,108.329180989845
2024-09-08 15:00:01,110.799432656419
2024-09-08 16:00:01,109.877593745534
2024-09-08 17:00:01,110.264465250385
2024-09-08 18:00:01,108.047921697224
2024-09-08 19:00:01,109.404800545963
2024-09-08 20:00:01,110.110610284018
2024-09-08 21:00:01,110.116097860849
2024-09-08 22:00:01,108.19770960031
2024-09-08 23:00:01,110.31153305477
2024-09-09 00:00:00,109.180067173461
2024-09-09 01:00:01,110.316118534526
2024-09-09 02:00:01,110.533518602189
2024-09-09 03:00:01,110.620418026132
2024-09-09 04:00:01,109.437786933568
2024-09-09 05:00:01,109.798861417563
2024-09-09 06:00:01,109.994379609692
2024-09-09 07:00:01,109.712025416339
2024-09-09 08:00:01,109.258225408209
2024-09-09 09:00:01,108.494040057143
2024-09-09 10:00:01,110.687569591591
2024-09-09 11:00:01,110.831806811134
2024-09-09 12:00:01,108.680839367479
2024-09-09 13:00:01,110.277726270395
2024-09-10 03:00:01,109.686171921486
2024-09-10 04:00:01,108.807503613649
2024-09-10 05:00:01,109.222593359958
2024-09-10 06:00:01,108.504636406625
2024-09-10 07:00:01,109.880556077142
2024-09-10 08:00:01,108.358516413988
2024-09-10 09:00:01,108.631300605381
2024-09-10 10:00:01,110.45541146485
2024-09-10 11:00:01,109.263730934715
2024-09-10 12:00:01,109.58880258704
2024-09-10 13:00:01,110.027209806133
2024-09-10 14:00:01,109.193758482075
2024-09-10 15:00:01,109.136113129967
2024-09-10 16:00:01,108.629077515438
2024-09-10 17:00:01,108.026338838209
2024-09-10 18:00:01,109.116268958758
2024-09-10 19:00:01,108.007478101357
2024-09-10 20:00:01,109.525895053948
2024-09-10 21:00:01,109.160904932066
2024-09-10 22:00:01,109.475646325349
2024-09-10 23:00:01,108.946823479774
2024-09-11 00:00:02,107.39604588408
2024-09-11 01:00:01,108.752623353892
2024-09-11 02:00:01,108.58711101211
2024-09-11 03:00:01,106.753696805559
2024-09-11 04:00:01,106.708055225178
2024-09-11 05:00:01,109.369951648268
2024-09-11 06:00:01,108.79317246919
2024-09-11 07:00:01,108.225461028662
2024-09-11 08:00:08,107.719905006103
2024-09-11 09:00:08,108.05283786901
2024-09-11 10:00:08,108.581576173121
2024-09-11 11:00:08,107.611966290091
2024-09-11 12:00:08,108.218341782471
2024-09-11 13:00:08,108.615250344071
2024-09-11 14:00:08,108.945247596727
2024-09-11 15:00:08,108.784212793246
2024-09-11 16:00:08,108.093745607787
2024-09-11 17:00:08,107.647006310487
2024-09-11 18:00:08,107.63454569848
2024-09-11 19:00:08,108.885635151592
2024-09-11 20:00:08,107.090072822434
2024-09-11 21:00:08,108.353636557615
2024-09-11 22:00:08,108.364120956886
2024-09-11 23:00:08,108.670791424701
2024-09-12 00:00:00,106.282071275176
2024-09-12 01:00:08,105.66597817454
2024-09-12 02:00:08,106.699239536963
2024-09-12 03:00:08,105.880401607638
2024-09-12 04:00:08,106.29358849281
2024-09-12 05:00:08,
2024-09-12 06:00:08,
2024-09-12 07:00:08,
2024-09-12 08:00:08,
2024-09-12 09:00:08,107.813674372048
2024-09-12 10:00:08,107.042901935325
2024-09-12 11:00:08,108.104223747617
2024-09-12 12:00:08,106.813642599298
2024-09-12 13:00:08,106.127022298791
2024-09-12 14:00:08,107.536556318699
2024-09-12 15:00:08,107.052289476306
2024-09-12 16:00:08,107.106515916589
2024-09-12 17:00:08,104.955569532231
2024-09-12 18:00:08,106.10090390414
2024-09-12 19:00:08,105.966674533079
2024-09-12 20:00:08,106.80435214989
2024-09-12 21:00:08,106.739961649142
2024-09-12 22:00:08,106.855688758684
2024-09-12 23:00:08,106.124519367179
2024-09-13 00:00:00,104.603696954786
2024-09-13 01:00:08,105.14673526107
2024-09-13 02:00:08,105.630686627421
2024-09-13 03:00:08,105.770834813275
2024-09-13 04:00:08,104.649486750728
2024-09-13 05:00:08,105.863407111883
2024-09-13 06:00:08,105.785072559786
2024-09-13 07:00:08,104.910660218293
2024-09-13 08:00:08,105.729231557354
2024-09-13 09:00:08,105.203036542149
2024-09-13 10:00:08,106.829297662904
2024-09-13 11:00:08,105.020597995251
2024-09-13 12:00:08,105.004289456936
2024-09-13 13:00:08,106.88096738989
2024-09-14 02:00:08,105.337477779043
2024-09-14 03:00:08,105.780260797775
2024-09-14 04:00:08,105.93907481548
2024-09-14 05:00:08,105.088253041714
2024-09-14 06:00:08,105.495222303683
2024-09-14 07:00:08,104.976094051972
2024-09-14 09:00:08,105.590218141777
2024-09-14 10:00:08,104.899239887032
2024-09-14 11:00:08,103.993947633568
2024-09-14 12:00:08,105.001722518358
2024-09-14 13:00:08,104.492298346015
2024-09-14 14:00:08,104.723688621311
2024-09-14 15:00:08,105.640090541378
2024-09-14 16:00:08,104.473889259214
2024-09-14 17:00:08,104.875401504306
2024-09-14 18:00:08,105.315391761985
2024-09-14 19:00:08,105.57932309713
2024-09-14 20:00:08,105.964529667218
2024-09-14 21:00:08,105.717350421557
2024-09-14 22:00:08,105.757047003852
2024-09-14 23:00:08,105.90574233131
2024-09-15 01:00:08,106.241548622759
2024-09-15 02:00:08,106.233355711878
2024-09-15 03:00:08,105.567110697961
2024-09-15 04:00:08,104.672584981079
2024-09-15 05:00:08,104.657069028056
2024-09-15 06:00:08,105.096817312779
2024-09-15 07:00:08,104.54411429152
2024-09-15 08:00:08,104.962852715557
2024-09-15 09:00:08,105.222667615379
2024-09-15 10:00:08,105.898381435189
2024-09-15 11:00:08,89.8961344124484
2024-09-15 12:00:08,105.293808181309
2024-09-15 13:00:08,105.243430272853
2024-09-15 14:00:08,104.637231373429
2024-09-15 15:00:08,104.689339894506
2024-09-15 16:00:08,105.298371748899
2024-09-15 17:00:08,106.438690468861
2024-09-15 18:00:08,104.613944758097
2024-09-15 19:00:08,104.962205751572
2024-09-15 20:00:08,105.368174049956
2024-09-15 21:00:08,104.266590624374
2024-09-15 22:00:08,105.116389601012
2024-09-15 23:00:08,104.952482157956
2024-09-16 00:00:00,104.674993124892
2024-09-16 01:00:08,104.281816954605
2024-09-16 02:00:08,103.636310321607
2024-09-16 03:00:08,104.699930134123
2024-09-16 04:00:08,104.02366690371
2024-09-16 05:00:08,104.07907799252
2024-09-16 06:00:08,104.5765355074
2024-09-16 07:00:08,104.928164139809
2024-09-16 08:00:08,104.221337237162
2024-09-16 09:00:08,102.974579487133
2024-09-16 10:00:08,105.596272428017
2024-09-16 11:00:08,104.276375294459
2024-09-16 12:00:08,104.280322459792
2024-09-16 13:00:08,105.495468524974
2024-09-16 14:00:08,104.18660250234
2024-09-16 15:00:08,104.246293869881
2024-09-16 16:00:08,105.524935912743
2024-09-16 17:00:08,104.613417175864
2024-09-16 18:00:08,103.698277567805
2024-09-16 19:00:08,105.088971464369
2024-09-16 20:00:08,105.366287586942
2024-09-16 21:00:08,104.760548568047
2024-09-16 22:00:08,105.175882797707
2024-09-16 23:00:08,104.427859822198
2024-09-17 00:00:01,103.62163966844
2024-09-17 01:00:08,104.234908501461
2024-09-17 02:00:08,103.515523713688
2024-09-17 03:00:08,103.013142505814
2024-09-17 04:00:08,104.466518954943
2024-09-17 05:00:08,103.716694113104
2024-09-17 06:00:08,103.561927724126
2024-09-17 07:00:08,103.930964665124
2024-09-17 08:00:08,103.461281769368
2024-09-17 09:00:08,103.132617761195
2024-09-17 10:00:08,104.050318279318
2024-09-17 11:00:08,103.51956006359
2024-09-17 12:00:08,104.499748023122
2024-09-17 13:00:08,103.93949771259
2024-09-17 14:00:08,104.119560224459
2024-09-17 15:00:08,104.018970521989
2024-09-17 16:00:08,103.44460669204
2024-09-17 17:00:08,103.132930145826
2024-09-17 18:00:08,103.616761478426
2024-09-17 19:00:08,103.924804217031
2024-09-18 06:00:08,104.466780443865
2024-09-18 07:00:08,104.464771079552
2024-09-18 08:00:08,102.8510661937
2024-09-18 09:00:08,103.711248219126
2024-09-18 10:00:08,103.789820827952
2024-09-18 11:00:08,104.579904271227
2024-09-18 12:00:08,102.59679757588
2024-09-18 13:00:08,104.047973273899
2024-09-18 14:00:08,102.816934780238
2024-09-18 15:00:08,103.539627689581
2024-09-18 16:00:08,103.403336498505
2024-09-18 17:00:08,104.114256447838
2024-09-18 18:00:08,103.379891007349
2024-09-18 19:00:08,102.798322965386
2024-09-18 20:00:08,103.21751720154
2024-09-18 21:00:08,103.239181366175
2024-09-18 22:00:08,104.397681113006
2024-09-18 23:00:08,104.40146539978
2024-09-19 00:00:01,102.139608442672
2024-09-19 01:00:08,103.368996150748
2024-09-19 02:00:08,102.766226483275
2024-09-19 03:00:08,102.813754651616
2024-09-19 04:00:08,103.622709130233
2024-09-19 05:00:08,102.804602940695
2024-09-19 06:00:08,103.577876103615
2024-09-19 07:00:08,103.826253892894
2024-09-19 08:00:08,103.694673500268
2024-09-19 09:00:08,102.916938256724
2024-09-19 10:00:08,
2024-09-19 11:00:08,
2024-09-19 12:00:08,
2024-09-19 13:00:08,
2024-09-19 14:00:08,
2024-09-19 15:00:08,102.33432413543
2024-09-19 16:00:08,104.325440296526
2024-09-19 17:00:08,103.185299680121
2024-09-19 18:00:08,103.502723275695
2024-09-19 19:00:08,104.116715132102
2024-09-19 20:00:08,103.979048884373
2024-09-19 21:00:08,102.945237832505
2024-09-19 22:00:08,103.170350953094
2024-09-19 23:00:08,103.355308766482
2024-09-20 00:00:01,102.915460212113
2024-09-20 01:00:08,102.010635465873
2024-09-20 02:00:08,102.399194447305
2024-09-20 03:00:08,90.8573435051708
2024-09-20 04:00:08,102.242528139718
2024-09-20 05:00:08,102.800724822873
2024-09-20 06:00:08,102.824487327956
2024-09-20 07:00:08,102.981041833714
2024-09-20 08:00:08,101.416499302702
2024-09-20 09:00:08,101.363764551706
2024-09-20 10:00:08,103.169467430614
2024-09-20 11:00:08,103.405546019846
2024-09-20 12:00:08,102.291555168995
2024-09-20 13:00:08,102.707019245184
2024-09-20 14:00:08,102.030697134197
2024-09-20 15:00:08,105.989167943031
2024-09-20 16:00:08,103.274204982915
2024-09-20 17:00:08,101.999916624099
2024-09-20 18:00:08,103.023552730565
2024-09-20 19:00:08,102.431755965848
2024-09-20 20:00:08,102.668336963367
2024-09-20 21:00:08,103.00843068398
2024-09-20 22:00:08,102.153462446809
2024-09-20 23:00:08,102.690401219859
2024-09-21 00:00:01,101.97116149396
2024-09-21 01:00:08,102.41142920811
2024-09-21 02:00:08,101.290273897336
2024-09-21 03:00:08,102.857171577713
2024-09-21 04:00:08,
2024-09-21 05:00:08,
2024-09-21 06:00:08,101.89240044043
2024-09-21 07:00:08,101.646206204838
2024-09-21 08:00:08,101.63329013625
2024-09-21 09:00:08,102.287530751225
2024-09-21 10:00:08,101.691490057511
2024-09-21 11:00:08,103.00181177779
2024-09-21 12:00:08,101.558826081006
2024-09-21 13:00:08,101.860246574758
2024-09-21 14:00:08,102.62857273181
2024-09-21 15:00:08,102.296271085586
2024-09-21 16:00:08,102.206702071073
2024-09-21 17:00:08,101.775358025932
2024-09-21 18:00:08,102.705075789302
2024-09-21 19:00:08,102.580272291521
2024-09-21 20:00:08,102.427287287766
2024-09-21 21:00:08,102.117318791659
2024-09-21 22:00:08,101.947749841324
2024-09-22 12:00:08,100.624193621019
2024-09-22 13:00:08,101.389541229322
2024-09-22 14:00:08,101.023649799282
2024-09-22 15:00:08,100.225236836436
2024-09-22 16:00:08,101.764286844732
2024-09-22 17:00:08,100.43404059807
2024-09-22 18:00:08,99.8379396745507
2024-09-22 19:00:08,101.64889778541
2024-09-22 20:00:08,100.478532996522
2024-09-22 21:00:08,101.097406480474
2024-09-22 22:00:08,101.511887033763
2024-09-22 23:00:08,100.085194022241
2024-09-23 00:00:01,100.191647098925
2024-09-23 01:00:08,100.738688533564
2024-09-23 02:00:08,100.579623034928
2024-09-23 03:00:08,100.636346214786
2024-09-23 04:00:08,99.3406621499794
2024-09-23 05:00:08,98.9314328518389
2024-09-23 06:00:08,100.428359264253
2024-09-23 07:00:08,101.754491641377
2024-09-23 08:00:08,100.769286281179
2024-09-23 09:00:08,100.741402486791
2024-09-23 10:00:08,100.902682518432
2024-09-23 11:00:08,100.942106649498
2024-09-23 12:00:08,101.18920692469
2024-09-23 13:00:08,100.728516956666
2024-09-23 14:00:08,99.4691961169275
2024-09-23 15:00:08,100.374081201177
2024-09-23 16:00:08,100.268866894143
2024-09-23 17:00:08,100.575503675972
2024-09-23 18:00:08,101.041031583807
2024-09-23 19:00:08,100.168903858113
2024-09-23 20:00:08,100.707307024954
2024-09-23 21:00:08,100.628057134838
2024-09-23 22:00:08,99.9118776999063
2024-09-23 23:00:08,100.647827348125
2024-09-24 00:00:00,99.2226417158915
2024-09-24 01:00:08,100.403845291374
2024-09-24 02:00:08,100.080986196832
2024-09-24 03:00:08,100.496071675795
2024-09-24 04:00:08,99.3375153455115
2024-09-24 05:00:08,99.3647663298001
2024-09-24 06:00:08,99.7492531794083
2024-09-24 07:00:08,100.919797382493
2024-09-24 08:00:08,100.713045066533
2024-09-24 09:00:08,99.9168941160177
2024-09-24 10:00:08,100.304554391151
2024-09-24 11:00:08,99.7568265786526
2024-09-24 12:00:08,99.300712768095
2024-09-24 13:00:08,101.117275713666
2024-09-24 14:00:08,99.5979406850338
2024-09-24 15:00:08,101.755365508871
2024-09-24 16:00:08,100.127461452944
2024-09-24 17:00:08,100.653864418485
2024-09-24 18:00:08,99.1432049826209
2024-09-24 19:00:08,99.5375854172346
2024-09-24 20:00:08,99.9361190196129
2024-09-24 21:00:08,99.4513527939513
2024-09-24 22:00:08,98.2106917227077
2024-09-24 23:00:08,99.7971757511444
2024-09-25 00:00:02,99.3402785890683
2024-09-25 01:00:08,96.9727074937127
2024-09-25 02:00:08,99.1022210334234
2024-09-25 03:00:08,98.2819630053972
2024-09-25 04:00:08,99.8019112923909
2024-09-25 05:00:08,99.0061074090325
2024-09-25 06:00:08,98.3152745803451
2024-09-25 07:00:08,99.1153179059055
2024-09-25 08:00:08,99.5322513774608
2024-09-25 09:00:08,99.0826124544234
2024-09-25 10:00:08,99.9678881193666
2024-09-25 11:00:08,98.5077281542599
2024-09-25 12:00:08,98.8414651155999
2024-09-25 13:00:08,99.1544268876054
2024-09-25 14:00:08,98.6210172439122
2024-09-25 15:00:08,99.2583054035578
2024-09-25 16:00:08,98.452435089305
2024-09-25 17:00:08,99.4958796303548
2024-09-25 18:00:08,98.9671531292593
2024-09-25 19:00:08,99.5568971222325
2024-09-25 20:00:08,97.6820323079564
2024-09-25 21:00:08,98.5159253295539
2024-09-25 22:00:08,98.3742526757993
2024-09-25 23:00:08,98.5671150722208
2024-09-26 00:00:01,97.931795863728
2024-09-26 01:00:08,98.5791558805165
2024-09-26 02:00:08,99.1507156899298
2024-09-26 14:00:08,99.309638474708
2024-09-26 15:00:08,99.8010847463384
2024-09-26 16:00:08,97.7306190859721
2024-09-26 17:00:08,98.2243218300734
2024-09-26 18:00:08,97.9072103797746
2024-09-26 19:00:08,98.1387404993674
2024-09-26 20:00:08,98.7594010681152
2024-09-26 21:00:08,77.679676788235
2024-09-26 22:00:08,98.5440660980454
2024-09-26 23:00:08,98.1013711562716
2024-09-27 00:00:00,98.2142011263721
2024-09-27 01:00:08,98.4530766886071
2024-09-27 02:00:08,99.0012259524327
2024-09-27 03:00:08,97.0015652808666
2024-09-27 04:00:08,99.2761704752374
2024-09-27 05:00:08,99.0268269277812
2024-09-27 06:00:08,99.1086142185913
2024-09-27 07:00:08,98.0636331776182
2024-09-27 08:00:08,98.2534897200533
2024-09-27 09:00:08,98.197390621225
2024-09-27 10:00:08,98.8149054986539
2024-09-27 11:00:08,98.9965027444481
2024-09-27 12:00:08,97.4110953477128
2024-09-27 13:00:08,98.763686645935
2024-09-27 14:00:08,97.2542907865144
2024-09-27 15:00:08,96.8492241398022
2024-09-27 16:00:08,98.4652451384005
2024-09-27 17:00:08,98.0510949951217
2024-09-27 18:00:08,97.7599744854339
2024-09-27 19:00:08,98.3414692418186
2024-09-27 20:00:08,98.4812148967782
2024-09-27 21:00:08,98.3013931050775
2024-09-27 22:00:08,97.8360185253586
2024-09-27 23:00:08,98.4002763490853
2024-09-28 00:00:01,98.5950225971735
2024-09-28 01:00:08,97.6510341968464
2024-09-28 02:00:08,98.2777080030192
2024-09-28 03:00:08,98.5491037416261
2024-09-28 04:00:08,
2024-09-28 05:00:08,
2024-09-28 06:00:08,
2024-09-28 08:00:08,
2024-09-28 09:00:08,
2024-09-28 10:00:08,97.7078250365267
2024-09-28 11:00:08,98.5282624714009
2024-09-28 12:00:08,
2024-09-28 13:00:08,
2024-09-28 14:00:08,97.8547441231653
2024-09-28 15:00:08,98.3020996485114
2024-09-28 16:00:08,98.8538217275462
2024-09-28 17:00:08,98.9625751225951
2024-09-28 18:00:08,97.8937141183308
2024-09-28 19:00:08,97.5229302479767
2024-09-28 20:00:08,98.0597571971121
2024-09-28 21:00:08,98.9688415200345
2024-09-28 22:00:08,97.8126134676787
2024-09-28 23:00:08,97.3989768214243
2024-09-29 00:00:01,97.1712766782663
2024-09-29 01:00:08,97.4887590422966
2024-09-29 02:00:08,98.3290864401864
2024-09-29 03:00:08,
2024-09-29 04:00:08,98.1595424308839
2024-09-29 05:00:08,97.678768897678
2024-09-29 06:00:08,97.8015582506423
2024-09-29 07:00:08,98.7480612516571
2024-09-29 08:00:08,97.8625873395228
2024-09-29 09:00:08,98.9929285568391
2024-09-29 10:00:08,97.7111942521265
2024-09-29 11:00:08,98.5630109051863
2024-09-29 12:00:08,98.8657036448631
2024-09-29 13:00:08,98.4160065747509
2024-09-29 14:00:08,98.2093946036599
2024-09-29 15:00:08,97.2755833051261
2024-09-29 16:00:08,97.3233540278139
2024-09-29 17:00:08,98.8385869814442
2024-09-29 18:00:08,97.8848826060525
2024-09-29 19:00:08,97.7099592651902
2024-09-29 20:00:08,97.5638896513922
2024-09-29 21:00:08,98.4336801702844
2024-09-29 22:00:08,82.9742815274513
2024-09-29 23:00:08,
2024-09-30 00:00:02,
2024-09-30 01:00:08,
2024-09-30 02:00:08,
2024-09-30 03:00:08,
2024-09-30 04:00:08,
2024-09-30 05:00:08,
2024-09-30 06:00:08,
2024-09-30 19:00:08,
2024-09-30 20:00:08,
2024-09-30 21:00:08,
2024-09-30 22:00:08,
2024-09-30 23:00:08,
2024-10-05 03:00:08,102.23804187721
2024-10-05 04:00:08,101.345914132192
2024-10-05 13:00:08,101.157359759454
2024-10-05 15:00:08,102.125396443982
2024-10-05 16:00:08,101.45884312013
2024-10-05 17:00:08,102.779075787192
2024-10-05 18:00:08,102.305859823765
2024-10-05 19:00:08,103.624733326473
2024-10-05 20:00:08,102.165002747607
2024-10-05 21:00:08,102.27723939474
2024-10-05 22:00:08,102.476026433598
2024-10-05 23:00:08,102.188670341814
2024-10-06 00:00:00,101.315391830259
2024-10-06 01:00:08,101.77197596504
2024-10-06 02:00:08,101.975561102524
2024-10-06 03:00:08,101.804363284679
2024-10-06 04:00:08,100.853047696192
2024-10-06 05:00:08,101.279317274688
2024-10-06 06:00:08,101.055142915671
2024-10-06 07:00:08,100.557999326086
2024-10-06 08:00:08,100.91364855504
2024-10-06 09:00:08,101.808264411202
2024-10-06 10:00:08,100.577887437987
2024-10-06 11:00:08,100.732869424488
2024-10-06 12:00:08,101.952491324826
2024-10-06 13:00:08,101.110809602891
2024-10-06 14:00:08,101.403896693079
2024-10-06 15:00:08,101.663571151916
2024-10-06 16:00:08,101.106178352687
2024-10-06 17:00:08,101.033571831051
2024-10-06 18:00:08,102.085216574239
2024-10-06 19:00:08,100.45465354328
2024-10-06 20:00:08,102.186023925497
2024-10-06 21:00:08,101.702956774775
2024-10-06 22:00:08,101.556877194886
2024-10-06 23:00:08,100.981154070183
2024-10-07 00:00:00,100.717676738253
2024-10-07 01:00:08,100.738315205814
2024-10-07 02:00:08,101.962855209614
2024-10-07 03:00:08,100.105719377949
2024-10-07 04:00:08,101.568334850194
2024-10-07 05:00:08,100.801893193504
2024-10-07 06:00:08,100.283423745482
2024-10-07 07:00:08,101.216738333104
2024-10-07 08:00:08,101.400897764111
2024-10-07 09:00:08,102.647182343503
2024-10-07 10:00:08,101.182140813595
2024-10-07 11:00:08,100.503971076183
2024-10-07 12:00:08,101.242637771952
2024-10-07 13:00:08,102.454594909703
2024-10-07 14:00:08,100.07034511064
2024-10-07 15:00:08,101.030782902983
2024-10-07 16:00:08,100.242551336792
2024-10-07 17:00:08,100.213555579222
2024-10-07 18:00:08,100.261739231646
2024-10-07 19:00:08,100.29828922321
2024-10-07 20:00:08,100.34553175008
2024-10-07 21:00:08,102.176254438114
2024-10-07 22:00:08,102.93060140524
2024-10-07 23:00:08,101.496768217923
2024-10-08 00:00:00,100.098938485668
2024-10-08 01:00:08,100.613533685624
2024-10-08 02:00:08,100.462279775339
2024-10-08 03:00:08,101.231231186342
2024-10-08 04:00:08,100.557772534598
2024-10-08 05:00:08,100.820152527843
2024-10-08 06:00:08,101.548986847895
2024-10-08 07:00:08,101.632465621694
2024-10-08 08:00:08,100.916983591259
2024-10-08 09:00:08,100.782877124693
2024-10-08 10:00:08,101.329157683204
2024-10-08 11:00:08,100.931994316794
2024-10-08 12:00:08,100.02374641816
2024-10-08 13:00:08,100.274695475008
2024-10-08 14:00:08,101.115097987646
2024-10-08 15:00:08,100.513387833192
2024-10-09 05:00:08,99.4520423960209
2024-10-09 06:00:08,98.8240989036318
2024-10-09 07:00:08,99.2184587299746
2024-10-09 08:00:08,100.046643652061
2024-10-09 09:00:08,100.607883459124
2024-10-09 10:00:08,100.653405805071
2024-10-09 11:00:08,99.8493154478649
2024-10-09 12:00:08,100.13535740383
2024-10-09 13:00:08,100.320493440658
2024-10-09 14:00:08,99.7847958431951
2024-10-09 15:00:08,100.763915829522
2024-10-09 16:00:08,100.627296536202
2024-10-09 17:00:08,99.7045446498882
2024-10-09 18:00:08,98.4427138373372
2024-10-09 19:00:08,99.3055407755801
2024-10-09 20:00:08,99.5806614487781
2024-10-09 21:00:08,99.3634694964846
2024-10-09 22:00:08,99.4200088833021
2024-10-09 23:00:08,99.3105277407131
2024-10-10 00:00:00,99.8952501299551
2024-10-10 01:00:08,99.3899990039184
2024-10-10 02:00:08,99.634324019424
2024-10-10 03:00:08,99.8197144716879
2024-10-10 04:00:08,100.322912997826
2024-10-10 05:00:08,99.0484470101463
2024-10-10 06:00:08,98.3830698304431
2024-10-10 08:00:08,99.6916695795413
2024-10-10 09:00:08,99.2380274627768
2024-10-10 10:00:08,99.7869861323599
2024-10-10 11:00:08,98.7974281127505
2024-10-10 12:00:08,98.5952695979129
2024-10-10 13:00:08,98.3722849260875
2024-10-10 14:00:08,98.5708791401545
2024-10-10 15:00:08,99.1639258197047
2024-10-10 16:00:08,99.4773245287933
2024-10-10 17:00:08,99.0652477114174
2024-10-10 18:00:08,99.3110914496988
2024-10-10 19:00:08,98.0609417314315
2024-10-10 21:00:08,98.9294182449298
2024-10-10 22:00:08,98.922499400874
2024-10-10 23:00:08,99.6351665374986
2024-10-11 00:00:01,99.0010129509156
2024-10-11 01:00:08,99.4291286354574
2024-10-11 02:00:08,96.9550058188186
2024-10-11 03:00:08,99.4563676642272
2024-10-11 04:00:08,98.9885278742461
2024-10-11 05:00:08,97.7694869156262
2024-10-11 06:00:08,97.3611907084647
2024-10-11 07:00:08,98.3556597887803
2024-10-11 08:00:08,98.5342279148221
2024-10-11 09:00:08,98.7787544175008
2024-10-11 10:00:08,98.6990766098197
2024-10-11 11:00:08,97.9840739844429
2024-10-11 12:00:08,98.3046099389988
2024-10-11 13:00:08,97.8290021896982
2024-10-11 14:00:08,98.3073493060784
2024-10-11 15:00:08,98.7077944818127
2024-10-11 16:00:08,98.1840495247595
2024-10-11 17:00:08,97.0833742745757
2024-10-11 18:00:08,
2024-10-11 19:00:08,98.5777967898406
2024-10-11 20:00:08,98.8775772067923
2024-10-11 21:00:08,99.4252568191145
2024-10-11 22:00:08,98.6532343272916
2024-10-11 23:00:08,98.1396656311063
2024-10-12 00:00:02,97.4874332842354
2024-10-12 01:00:08,97.7037851842345
2024-10-12 02:00:08,97.6142090044654
2024-10-12 03:00:08,97.0278107907842
2024-10-12 04:00:08,97.4158335604215
2024-10-12 05:00:08,98.5760403116853
2024-10-12 06:00:08,97.1355940019833
2024-10-12 07:00:08,98.9118642848373
2024-10-12 08:00:08,96.5310501159342
2024-10-12 09:00:08,97.4897555652537
2024-10-12 10:00:08,97.988214714304
2024-10-12 11:00:08,99.0837145222723
2024-10-12 12:00:08,97.5024479338724
2024-10-12 13:00:08,96.2933316046807
2024-10-12 14:00:08,98.3600591633775
2024-10-12 15:00:08,97.2460166320647
2024-10-12 16:00:08,97.6911517729898
2024-10-12 17:00:08,97.1255827001868
2024-10-12 19:00:08,96.5041690628462
2024-10-12 20:00:08,96.6295997464422
2024-10-13 07:00:08,97.070675678827
2024-10-13 09:00:08,98.3137395242597
2024-10-13 10:00:08,97.2744988047609
2024-10-13 11:00:08,96.7567127008205
2024-10-13 12:00:08,96.9432342124046
2024-10-13 13:00:08,95.6188671171183
2024-10-13 14:00:08,96.1008989329811
2024-10-13 15:00:08,97.1646594913308
2024-10-13 16:00:08,98.3784008563294
2024-10-13 17:00:08,96.6362446311054
2024-10-13 18:00:08,97.8439775382636
2024-10-13 19:00:08,97.1294589689661
2024-10-13 20:00:08,96.2948506968142
2024-10-13 21:00:08,96.524049458226
2024-10-13 22:00:08,96.6084841249741
2024-10-13 23:00:08,96.2661734588826
2024-10-14 00:00:02,97.0415414913147
2024-10-14 01:00:08,96.0967742125649
2024-10-14 02:00:08,97.2933888747492
2024-10-14 03:00:08,97.5413694704709
2024-10-14 04:00:08,96.7571219642
2024-10-14 05:00:08,96.1970335820224
2024-10-14 06:00:08,96.3581814727333
2024-10-14 07:00:08,96.0962708839428
2024-10-14 08:00:08,96.9642440238441
2024-10-14 09:00:08,97.3532040285261
2024-10-14 10:00:08,95.8476973302482
2024-10-14 11:00:08,96.4427156565361
2024-10-14 12:00:08,95.4415847109451
2024-10-14 13:00:08,97.0514930901119
2024-10-14 14:00:08,97.0319898399198
2024-10-14 15:00:08,96.4378004613232
2024-10-14 16:00:08,96.1240386424296
2024-10-14 17:00:08,97.2137233750594
2024-10-14 18:00:08,96.6536127664088
2024-10-14 19:00:08,96.3021832886727
2024-10-14 21:00:08,96.8420001516107
2024-10-14 22:00:08,97.8116675538738
2024-10-14 23:00:08,97.0255058419924
2024-10-15 00:00:01,96.1050398925677
2024-10-15 01:00:08,90.0696654671572
2024-10-15 02:00:08,97.1284114249366
2024-10-15 03:00:08,96.6797669002191
2024-10-15 04:00:08,96.7702745440434
2024-10-15 05:00:08,96.8197052277871
2024-10-15 06:00:08,
2024-10-15 07:00:08,
2024-10-15 08:00:08,
2024-10-15 09:00:08,
2024-10-15 10:00:08,
2024-10-15 11:00:08,
2024-10-15 12:00:08,
2024-10-15 13:00:08,
2024-10-15 14:00:08,96.6029883667042
2024-10-15 15:00:08,95.3907974876761
2024-10-15 17:00:08,95.8507150477388
2024-10-15 18:00:08,97.1114742029139
2024-10-15 19:00:08,96.0154099257117
2024-10-15 20:00:08,96.7867306869885
2024-10-15 21:00:08,97.1293115117547
2024-10-15 22:00:08,96.2578662438831
2024-10-15 23:00:08,96.4382526077806
2024-10-16 00:00:02,96.8241987306902
2024-10-16 01:00:08,95.6013580069633
2024-10-16 02:00:08,96.3658661813047
2024-10-16 03:00:08,95.3888770584043
2024-10-16 04:00:08,95.889798980532
2024-10-16 05:00:08,96.73912330681
2024-10-16 06:00:08,
2024-10-16 07:00:08,
2024-10-16 08:00:08,
2024-10-16 09:00:08,96.3013904744624
2024-10-16 10:00:08,95.2309677944487
2024-10-16 11:00:08,96.2059001577875
2024-10-16 12:00:08,95.3801390037613
2024-10-16 13:00:08,95.9653574014624
2024-10-16 14:00:08,96.1892915330314
2024-10-16 15:00:08,95.1065323467679
2024-10-16 16:00:08,95.6011445990421
2024-10-16 17:00:08,96.288282497231
2024-10-16 18:00:08,97.252468514454
2024-10-16 19:00:08,95.7855410563904
2024-10-16 20:00:08,96.1737655682555
2024-10-16 21:00:08,95.5883784780306
2024-10-16 22:00:08,95.8454609684321
2024-10-17 00:00:02,95.612172637751
2024-10-17 01:00:08,96.3166422403582
2024-10-17 11:00:08,95.4653204666187
2024-10-17 12:00:08,95.315939620722
2024-10-17 13:00:08,94.4385098520703
2024-10-17 14:00:08,94.8145959632035
2024-10-17 15:00:08,95.5947177647158
2024-10-17 16:00:08,94.7972072517316
2024-10-17 17:00:08,95.6753683909004
2024-10-17 18:00:08,94.7133834451745
2024-10-17 19:00:08,96.3806010500717
2024-10-17 20:00:08,94.6673471112439
2024-10-17 21:00:08,95.3832931492737
2024-10-17 22:00:08,94.9391044952937
2024-10-17 23:00:08,94.5865438668044
2024-10-18 00:00:01,94.3388640235691
2024-10-18 01:00:08,94.8418574687163
2024-10-18 02:00:08,94.6606052346244
2024-10-18 03:00:08,117.640379868892
2024-10-18 04:00:08,94.588252304139
2024-10-18 05:00:08,95.0203077810703
2024-10-18 06:00:08,93.1844502909965
2024-10-18 07:00:08,95.1241492323995
2024-10-18 08:00:08,94.1180629558101
2024-10-18 09:00:08,94.2244854921623
2024-10-18 10:00:08,94.8702115625894
2024-10-18 15:00:08,94.4262457105213
2024-10-18 17:00:08,95.0788118745584
2024-10-18 18:00:08,94.6161374966181
2024-10-18 19:00:08,95.5397822093853
2024-10-18 20:00:08,94.0419622636714
2024-10-18 21:00:08,93.8896605052365
2024-10-18 22:00:08,93.9654041731745
2024-10-18 23:00:08,93.1205699130495
2024-10-19 00:00:01,94.0844523299284
2024-10-19 01:00:08,93.8665074907391
2024-10-19 02:00:08,94.1022225471196
2024-10-19 03:00:08,94.4255577335969
2024-10-19 04:00:08,94.0057881112239
2024-10-19 05:00:08,93.5307035745146
2024-10-19 06:00:08,94.3700738100022
2024-10-19 07:00:08,95.3250070169912
2024-10-19 08:00:08,93.0465179915262
2024-10-19 09:00:08,92.9836390720268
2024-10-19 10:00:08,95.3934443331635
2024-10-19 11:00:08,93.8027689353481
2024-10-19 12:00:08,95.2974743208461
2024-10-19 13:00:08,94.6179950237107
2024-10-19 14:00:08,93.4660002443358
2024-10-19 15:00:08,94.1071181965207
2024-10-19 16:00:08,92.8666950080004
2024-10-19 17:00:08,93.547481347535
2024-10-19 18:00:08,94.4840918428145
2024-10-19 19:00:08,94.6822103838659
2024-10-19 20:00:08,94.9020503415296
2024-10-19 21:00:08,94.1194762815112
2024-10-19 22:00:08,93.7164939990362
2024-10-19 23:00:08,94.3476443934278
2024-10-20 00:00:02,93.5081505376747
2024-10-20 01:00:08,94.2775199948234
2024-10-20 02:00:08,93.9447489655523
2024-10-20 03:00:08,94.2644138466866
2024-10-20 04:00:08,93.2755622493689
2024-10-20 05:00:08,93.7065452445929
2024-10-20 06:00:08,93.864416911126
2024-10-20 07:00:08,94.0263967690854
2024-10-20 08:00:08,93.449541071335
2024-10-20 09:00:08,91.9939052811357
2024-10-20 10:00:08,93.156461375248
2024-10-20 11:00:08,92.2344657095402
2024-10-20 12:00:08,92.7700821654573
2024-10-20 13:00:08,92.2908857714422
2024-10-20 14:00:08,93.5846677428511
2024-10-20 15:00:08,94.2676764466757
2024-10-20 16:00:08,93.5273623158081
2024-10-20 17:00:08,92.5538967576455
2024-10-20 18:00:08,93.5067025994934
2024-10-20 19:00:08,93.1361546855108
2024-10-20 20:00:08,93.8991116999185
2024-10-20 21:00:08,93.6488919083333
2024-10-20 22:00:08,93.5630777755983
2024-10-20 23:00:08,93.1884769643974
2024-10-21 00:00:02,92.6662519992666
2024-10-21 01:00:08,65.611943007668
2024-10-21 02:00:08,93.3862579186335
2024-10-21 04:00:08,93.7130352700658
2024-10-21 16:00:08,93.4152580845041
2024-10-21 17:00:08,92.8323883737818
2024-10-21 18:00:08,92.6217996493898
2024-10-21 19:00:08,94.4003521698381
2024-10-21 20:00:08,92.2946448767504
2024-10-21 21:00:08,93.5136369484808
2024-10-21 22:00:08,94.0792304015447
2024-10-21 23:00:08,93.1059024146883
2024-10-22 00:00:01,92.7163842923954
2024-10-22 01:00:08,92.5567238247962
2024-10-22 02:00:08,92.1042225291149
2024-10-22 03:00:08,93.1589348483974
2024-10-22 07:00:08,91.2962084191294
2024-10-22 08:00:08,92.4875531720441
2024-10-22 10:00:08,98.9645021225336
2024-10-22 11:00:08,92.4910770060301
2024-10-22 12:00:08,92.6160789876704
2024-10-22 13:00:08,91.9003434188022
2024-10-22 14:00:08,92.9126211401188
2024-10-22 15:00:08,92.224783430761
2024-10-22 16:00:08,92.7698322577872
2024-10-22 17:00:08,92.3764772660645
2024-10-22 18:00:08,91.6860920482665
2024-10-22 19:00:08,92.1243961596773
2024-10-22 20:00:08,91.6065223360749
2024-10-22 21:00:08,91.8436112008866
2024-10-22 22:00:08,92.7670559370837
2024-10-22 23:00:08,92.5349056511583
2024-10-23 01:00:00,91.7888925148272
2024-10-23 02:00:00,90.8930977450964
2024-10-23 03:00:00,91.2150726800625
2024-10-23 04:00:00,90.9681830822883
2024-10-23 05:00:00,91.9095597361692
2024-10-23 06:00:00,90.4647311732878
2024-10-23 07:00:00,92.0663084296567
2024-10-23 08:00:00,91.6103956675622
2024-10-23 09:00:00,91.7148897769352
2024-10-23 11:00:00,91.3661300116538
2024-10-23 12:00:00,89.9379302399396
2024-10-23 13:00:00,92.5624744622114
2024-10-23 14:00:00,91.6923527707735
2024-10-23 15:00:00,91.1777517644465
2024-10-23 16:00:00,90.7778182166386
2024-10-23 17:00:00,92.9737927373053
2024-10-23 18:00:00,91.7800682658084
2024-10-23 19:00:00,92.5535789720009
2024-10-23 20:00:00,92.475705278428
2024-10-23 21:00:00,91.7637601786097
2024-10-23 22:00:00,90.9714729846763
2024-10-23 23:00:00,91.4246979602888
2024-10-24 00:00:00,90.8273812851053
2024-10-24 14:00:00,92.1637648139674
2024-10-24 15:00:00,91.9994816086049
2024-10-24 16:00:00,90.4292377301064
2024-10-24 17:00:00,91.7441030141897
2024-10-24 18:00:00,90.5441976456885
2024-10-24 19:00:00,90.6200047169251
2024-10-24 20:00:00,92.6615642697518
2024-10-24 21:00:00,91.8914154698821
2024-10-24 22:00:00,90.2997747078765
2024-10-24 23:00:00,90.9603844893211
2024-10-25 00:00:00,90.4644275641147
2024-10-25 01:00:00,90.772090678095
2024-10-25 02:00:00,91.6641878520557
2024-10-25 03:00:00,90.6220261314354
2024-10-25 04:00:00,91.4374022239069
2024-10-25 05:00:00,91.6361864884559
2024-10-25 06:00:00,90.7123324137195
2024-10-25 07:00:00,91.0045431203505
2024-10-25 08:00:00,91.5056003435488
2024-10-25 12:00:00,91.3046362564482
2024-10-25 13:00:00,90.8690864225566
2024-10-25 14:00:00,91.1505507733971
2024-10-25 15:00:00,89.1154876621887
2024-10-25 16:00:00,90.7830673357388
2024-10-25 19:00:00,91.9433516692207
2024-10-25 20:00:00,90.6509564762359
2024-10-25 21:00:00,91.6015341981743
2024-10-25 22:00:00,91.8157919055106
2024-10-25 23:00:00,91.2372859680622
2024-10-26 00:00:00,89.8069337380819
2024-10-26 01:00:00,90.5021551595918
2024-10-26 02:00:00,90.058924678451
2024-10-26 03:00:00,90.8521286992844
2024-10-26 04:00:00,89.985199181286
2024-10-26 05:00:00,90.6470287584942
2024-10-26 06:00:00,90.0666014110829
2024-10-26 07:00:00,
2024-10-26 08:00:00,
2024-10-26 09:00:00,
2024-10-26 10:00:00,89.6620850024145
2024-10-26 11:00:00,89.9768971983259
2024-10-26 12:00:00,90.3099318257657
2024-10-26 13:00:00,89.1957569098416
2024-10-26 14:00:00,89.8113829167694
2024-10-26 15:00:00,90.3687106595522
2024-10-26 16:00:00,90.6451755192276
2024-10-26 17:00:00,90.0201512963484
2024-10-26 18:00:00,89.7589183682851
2024-10-26 19:00:00,89.6398206587461
2024-10-26 20:00:00,89.9253015310886
2024-10-26 21:00:00,89.9220845596932
2024-10-26 22:00:00,89.7498866092684
2024-10-26 23:00:00,89.2990627027028
2024-10-27 00:00:00,89.7582504091345
2024-10-27 01:00:00,89.0648682423282
2024-10-27 02:00:00,88.3231660029226
2024-10-27 03:00:00,89.160951586729
2024-10-27 04:00:00,89.4569286677032
2024-10-27 06:00:00,89.2950828002205
2024-10-27 07:00:00,89.3482426303223
2024-10-27 08:00:00,89.1250111971503
2024-10-27 09:00:00,89.1909519842659
2024-10-27 10:00:00,89.3062872236501
2024-10-27 11:00:00,89.9411041877866
2024-10-27 12:00:00,89.3149872524584
2024-10-27 13:00:00,89.9680142944686
2024-10-27 14:00:00,88.7489036788976
2024-10-27 15:00:00,89.2037032867386
2024-10-27 16:00:00,89.6714571739293
2024-10-27 17:00:00,90.5033530064963
2024-10-27 18:00:00,89.7214298847064
2024-10-27 19:00:00,89.5175228618011
2024-10-27 20:00:00,89.3449116790077
2024-10-27 21:00:00,89.4944503994378
2024-10-27 22:00:00,88.6061994513365
2024-10-27 23:00:00,89.6948341020656
2024-10-28 00:00:00,88.4904275714993
2024-10-28 01:00:00,88.5548485999424
2024-10-28 02:00:00,88.5493643879657
2024-10-28 03:00:00,88.8741951184688
2024-10-28 04:00:00,89.6744157947383
2024-10-28 05:00:00,88.1034011252682
2024-10-28 06:00:00,90.2764494020726
2024-10-28 07:00:00,89.0259477836601
2024-10-28 08:00:00,89.4979353912116
2024-10-28 09:00:00,89.308289598267
2024-10-28 10:00:00,89.3106315486379
2024-10-28 11:00:00,89.7219539447239
2024-10-28 12:00:00,88.7529197896182
2024-10-28 13:00:00,89.0159228688923
2024-10-28 14:00:00,89.5916060767082
2024-10-28 15:00:00,88.671492629679
2024-10-28 16:00:00,88.3908833986401
2024-10-28 17:00:00,88.6993665671039
2024-10-28 18:00:00,89.0653536544807
2024-10-28 19:00:00,89.5009646822175
2024-10-28 20:00:00,88.274259454051
2024-10-28 21:00:00,89.566419219109
2024-10-28 22:00:00,89.6054661045358
2024-10-28 23:00:00,88.5638119111612
2024-10-29 00:00:00,88.2033686584182
2024-10-29 01:00:00,88.8879566066957
2024-10-29 02:00:00,87.803972110865
2024-10-29 13:00:00,87.2393528645449
2024-10-29 15:00:00,87.7628810923564
2024-10-29 16:00:00,88.0959387815732
2024-10-29 17:00:00,88.2156069721312
2024-10-29 18:00:00,87.4696835253666
2024-10-29 19:00:00,89.6259326811016
2024-10-29 20:00:00,87.8034822143275
2024-10-29 21:00:00,88.7542043675585
2024-10-29 22:00:00,88.1097616176181
2024-10-29 23:00:00,87.7327157086151
2024-10-30 00:00:00,88.0266538469614
2024-10-30 01:00:00,87.2124270790522
2024-10-30 02:00:00,87.6708282443466
2024-10-30 03:00:00,88.0140426761542
2024-10-30 04:00:00,86.9061217016772
2024-10-30 05:00:00,87.4987849250654
2024-10-30 06:00:00,86.9940643397479
2024-10-30 07:00:00,88.2343122797723
2024-10-30 08:00:00,88.4925054900585
2024-10-30 09:00:00,86.7692031980236
2024-10-30 10:00:00,88.5312700691096
2024-10-30 11:00:00,87.7377550192795
2024-10-30 12:00:00,86.8045457478325
2024-10-30 13:00:00,87.6469055819383
2024-10-30 14:00:00,87.0710863594493
2024-10-30 15:00:00,87.7142845447195
2024-10-30 16:00:00,86.6672621450185
2024-10-30 17:00:00,87.3982584046788
2024-10-30 18:00:00,88.8072961913732
2024-10-30 19:00:00,87.5430096026395
2024-10-30 20:00:00,87.6893523120449
2024-10-30 21:00:00,87.8183555466651
2024-10-30 22:00:00,87.3007351449847
2024-10-30 23:00:00,87.7757596544795
2024-10-31 00:00:00,87.2985162815868
2024-10-31 01:00:00,87.3457960074265
2024-10-31 02:00:00,86.5388963514325
2024-10-31 03:00:00,88.3112686920581
2024-10-31 04:00:00,85.7031114165426
2024-10-31 05:00:00,86.8976769403476
2024-10-31 06:00:00,86.8755654049219
2024-10-31 07:00:00,87.9769019232543
2024-10-31 09:00:00,85.2365958228612
2024-10-31 10:00:00,87.2006340336477
2024-10-31 11:00:00,86.695316952062
2024-10-31 12:00:00,87.0348221363834
2024-10-31 13:00:00,87.4599819716255
2024-10-31 14:00:00,87.0617816727953
2024-10-31 15:00:00,66.3853665215747
2024-10-31 16:00:00,86.4832594292958
2024-10-31 17:00:00,86.4608262812751
2024-10-31 18:00:00,88.3931745031344
2024-10-31 19:00:00,88.1533411161095
2024-10-31 20:00:00,86.8289172827438
2024-10-31 21:00:00,87.417233745825
2024-10-31 22:00:00,87.7432444904011
2024-10-31 23:00:00,86.6043694528421
2024-11-01 00:00:00,84.9414279911906
2024-11-01 01:00:00,86.7626414035899
2024-11-02 17:00:00,85.1804665786611
2024-11-02 18:00:00,85.2044016330046
2024-11-02 19:00:00,85.7703181571002
2024-11-02 20:00:00,84.7899117971927
2024-11-02 21:00:00,84.5910323222532
2024-11-02 22:00:00,85.3516626026752
2024-11-02 23:00:00,84.9393711775699
2024-11-03 00:00:00,84.0130910478286
2024-11-03 01:00:00,83.2091586972661
2024-11-03 02:00:00,85.1484858955229
2024-11-03 03:00:00,85.8146197891568
2024-11-03 04:00:00,83.7607507724618
2024-11-03 05:00:00,85.0048206525033
2024-11-03 06:00:00,85.5345493132988
2024-11-03 07:00:00,84.6678927716248
2024-11-03 08:00:00,85.3022050637961
2024-11-03 09:00:00,84.5736882088455
2024-11-03 10:00:00,85.4051641304839
2024-11-03 11:00:00,84.9075161056487
2024-11-03 12:00:00,84.7930052935758
2024-11-03 13:00:00,84.1948405075711
2024-11-03 14:00:00,84.7626257752814
2024-11-03 15:00:00,84.8606193526101
2024-11-03 16:00:00,84.9610546911469
2024-11-03 17:00:00,85.0264195573638
2024-11-03 18:00:00,85.5062808741309
2024-11-03 19:00:00,85.1319689071638
2024-11-03 20:00:00,84.4224192485416
2024-11-03 21:00:00,85.507220919332
2024-11-03 22:00:00,84.3404240661038
2024-11-03 23:00:00,84.24332560128
2024-11-04 00:00:00,84.8426204204196
2024-11-04 01:00:00,84.1409072503553
2024-11-04 02:00:00,85.3139270590524
2024-11-04 03:00:00,85.206433987089
2024-11-04 04:00:00,83.5840047334201
2024-11-04 05:00:00,83.4048310993934
2024-11-04 06:00:00,82.9055657645233
2024-11-04 07:00:00,84.833823779247
2024-11-04 08:00:00,84.0566033762058
2024-11-04 09:00:00,83.4987950324308
2024-11-04 10:00:00,83.6167784788808
2024-11-04 11:00:00,84.0937544673866
2024-11-04 12:00:00,84.8212748320472
2024-11-04 13:00:00,84.2990494328408
2024-11-04 14:00:00,84.5019589314893
2024-11-04 15:00:00,85.5891446535759
2024-11-04 16:00:00,83.5899672796036
2024-11-04 17:00:00,83.6612028487208
2024-11-05 06:00:00,83.3258994995177
2024-11-05 07:00:00,84.3598543780499
2024-11-05 08:00:00,83.7899802809826
2024-11-05 09:00:00,83.8879308283483
2024-11-05 10:00:00,83.3762231660595
2024-11-05 11:00:00,82.8194591746536
2024-11-05 12:00:00,83.3549546076964
2024-11-05 13:00:00,84.5662969444252
2024-11-05 14:00:00,83.4110681755281
2024-11-05 15:00:00,83.5742015838554
2024-11-05 16:00:00,83.3407062681783
2024-11-05 17:00:00,84.921405514645
2024-11-05 18:00:00,84.089369064525
2024-11-05 19:00:00,84.0351355613038
2024-11-05 20:00:00,83.9861776109349
2024-11-05 21:00:00,83.9041645697195
2024-11-05 22:00:00,83.5673816007179
2024-11-05 23:00:00,83.3873943308453
2024-11-06 00:00:00,98.131659611231
2024-11-06 01:00:00,82.7044226042538
2024-11-06 02:00:00,83.1928204873644
2024-11-06 03:00:00,83.6643270415404
2024-11-06 04:00:00,82.0875302359364
2024-11-06 05:00:00,82.2296300082869
2024-11-06 06:00:00,80.4712809039078
2024-11-06 07:00:00,82.3941054673197
2024-11-06 08:00:00,82.6557636682156
2024-11-06 09:00:00,83.7963298882379
2024-11-06 10:00:00,84.0605701664754
2024-11-06 11:00:00,81.9630716965934
2024-11-06 12:00:00,83.329824651945
2024-11-06 13:00:00,82.5630545408978
2024-11-06 14:00:00,83.4675153675824
2024-11-06 15:00:00,82.9252641802068
2024-11-06 16:00:00,83.0536210031007
2024-11-06 17:00:00,83.4601420804852
2024-11-06 18:00:00,83.6431195637009
2024-11-06 19:00:00,82.5906709473748
2024-11-06 20:00:00,82.7523330223887
2024-11-06 21:00:00,83.0356733081896
2024-11-06 22:00:00,82.7500518004365
2024-11-06 23:00:00,82.8679489438684
2024-11-07 00:00:00,82.6452263621326
2024-11-07 01:00:00,83.0386100181813
2024-11-07 02:00:00,81.7834474985292
2024-11-07 03:00:00,81.2515953135035
2024-11-07 04:00:00,83.0198732141729
2024-11-07 05:00:00,82.6035556374711
2024-11-07 06:00:00,82.4978789441483
2024-11-07 07:00:00,81.9169025417227
2024-11-07 08:00:00,81.6053220928802
2024-11-07 09:00:00,83.1328538691319
2024-11-07 10:00:00,81.9035803483937
2024-11-07 11:00:00,82.7561473730022
2024-11-07 12:00:00,82.7676590831512
2024-11-07 13:00:00,81.9781060933452
2024-11-07 14:00:00,81.7384274519172
2024-11-07 15:00:00,81.8613847505056
2024-11-07 16:00:00,81.3289146425867
2024-11-07 17:00:00,83.2613353734007
2024-11-07 18:00:00,81.8858893323677
2024-11-07 19:00:00,81.4567572438052
2024-11-07 20:00:00,82.5467015451572
2024-11-07 21:00:00,82.7467857664339
2024-11-07 22:00:00,80.9138330234271
2024-11-07 23:00:00,81.9958959579942
2024-11-08 00:00:00,81.5131226826976
2024-11-08 01:00:00,83.0879340116757
2024-11-08 02:00:00,82.9754908988667
2024-11-08 03:00:00,82.1538193654006
2024-11-08 04:00:00,81.6166381226081
2024-11-08 05:00:00,81.5397335364101
2024-11-08 06:00:00,81.0037742337675
2024-11-08 07:00:00,82.2223553814735
2024-11-08 08:00:00,80.9635225430221
2024-11-08 09:00:00,80.0616027438496
2024-11-08 10:00:00,81.7781672241476
2024-11-08 11:00:00,81.6130515779267
2024-11-08 12:00:00,81.2908139414259
2024-11-08 13:00:00,83.5143630196599
2024-11-08 14:00:00,82.2168814735325
2024-11-08 15:00:00,81.1632940167509
2024-11-08 16:00:00,82.3444489310361
2024-11-08 17:00:00,82.9176804766093
2024-11-08 18:00:00,82.2741597258659
2024-11-08 19:00:00,82.2463577061249
2024-11-08 20:00:00,81.5670468473151
2024-11-09 07:00:00,81.7570828968424
2024-11-09 08:00:00,91.9257913720779
2024-11-09 09:00:00,81.8911432159741
2024-11-09 10:00:00,81.7953276905391
2024-11-09 11:00:00,74.5551749369634
2024-11-09 12:00:00,
2024-11-09 13:00:00,81.4288769656085
2024-11-09 14:00:00,82.3696797930902
2024-11-09 15:00:00,81.5828404555912
2024-11-09 16:00:00,82.2622177172375
2024-11-09 17:00:00,82.689616817458
2024-11-09 18:00:00,80.8953585236226
2024-11-09 19:00:00,80.4317532759043
2024-11-09 20:00:00,81.8270940071457
2024-11-09 21:00:00,82.3215739469891
2024-11-09 22:00:00,82.3718664866769
2024-11-09 23:00:00,82.5647517456965
2024-11-10 00:00:00,81.7048142603484
2024-11-10 01:00:00,80.4686153041911
2024-11-10 02:00:00,80.2255867214378
2024-11-10 03:00:00,81.6941843490912
2024-11-10 04:00:00,81.3361831334263
2024-11-10 05:00:00,81.1554371405956
2024-11-10 06:00:00,81.1217178062025
2024-11-10 07:00:00,81.2578851161847
2024-11-10 08:00:00,80.3717763492628
2024-11-10 09:00:00,80.9952327366496
2024-11-10 10:00:00,80.9953091765146
2024-11-10 11:00:00,82.2054389641639
2024-11-10 12:00:00,80.7142130104123
2024-11-10 13:00:00,80.9822596311083
2024-11-10 14:00:00,79.8290937789598
2024-11-10 15:00:00,80.7608316065855
2024-11-10 16:00:00,80.0121157333873
2024-11-10 17:00:00,81.0856212139195
2024-11-10 18:00:00,80.9511812394222
2024-11-10 19:00:00,81.8956787735627
2024-11-10 20:00:00,80.2816797955617
2024-11-10 21:00:00,80.657215268331
2024-11-10 22:00:00,81.769389383568
2024-11-10 23:00:00,79.5650106785942
2024-11-11 00:00:00,79.4848228410589
2024-11-11 01:00:00,80.4726850516874
2024-11-11 02:00:00,79.9289266103943
2024-11-11 03:00:00,80.4675548628998
2024-11-11 04:00:00,80.5643778911825
2024-11-11 05:00:00,81.0953091120119
2024-11-11 06:00:00,80.8279190507182
2024-11-11 07:00:00,80.2316614769678
2024-11-11 08:00:00,80.9583139792288
2024-11-11 09:00:00,80.0727656320917
2024-11-11 10:00:00,79.2212494617685
2024-11-11 11:00:00,79.2378729057588
2024-11-11 12:00:00,81.3957052836429
2024-11-11 13:00:00,81.3561323964138
2024-11-11 14:00:00,79.0171902730154
2024-11-11 15:00:00,80.7654217686966
2024-11-11 16:00:00,80.5343548595643
2024-11-11 17:00:00,81.0364207032865
2024-11-11 18:00:00,80.7492296630799
2024-11-11 19:00:00,80.1417900879332
2024-11-11 20:00:00,80.2095795209298
2024-11-11 21:00:00,80.356631590517
2024-11-11 22:00:00,80.3594402239442
2024-11-11 23:00:00,80.4133144297967
2024-11-12 00:00:00,81.43594525208
2024-11-12 01:00:00,80.1357637588209
2024-11-12 02:00:00,80.8374787635065
2024-11-12 03:00:00,81.548833841377
2024-11-12 04:00:00,79.4213340935922
2024-11-12 05:00:00,80.6007363476954
2024-11-12 06:00:00,80.0681429335724
2024-11-12 08:00:00,79.8676641986621
2024-11-12 09:00:00,80.6078384368658
2024-11-12 10:00:00,80.7665242981372
2024-11-12 11:00:00,82.5584092272203
2024-11-12 12:00:00,79.5216731450965
2024-11-12 13:00:00,79.724786238014
2024-11-12 14:00:00,80.3546393158131
2024-11-12 15:00:00,79.1547191799862
2024-11-12 16:00:00,79.139879652811
2024-11-12 17:00:00,80.5090950038999
2024-11-12 18:00:00,80.3768166560823
2024-11-12 19:00:00,78.7105709899354
2024-11-12 20:00:00,79.2525524808182
2024-11-12 21:00:00,80.1602009757522
2024-11-12 22:00:00,80.0199003328587
2024-11-13 00:00:00,78.9221632269203
2024-11-13 10:00:00,80.3584376759136
2024-11-13 11:00:00,80.9450998467519
2024-11-13 12:00:00,80.5621365495862
2024-11-13 13:00:00,79.9307274266138
2024-11-13 14:00:00,79.9100505851712
2024-11-13 15:00:00,79.8786034522816
2024-11-13 16:00:00,79.995111332652
2024-11-13 17:00:00,78.9330324020104
2024-11-13 18:00:00,80.4764122068938
2024-11-13 19:00:00,80.5730872864353
2024-11-13 20:00:00,79.8421417805622
2024-11-13 21:00:00,79.7575214241569
2024-11-13 22:00:00,78.7780181337866
2024-11-13 23:00:00,79.252316612638
2024-11-14 00:00:00,79.4975846019216
2024-11-14 01:00:00,78.1624976080815
2024-11-14 02:00:00,78.584017347586
2024-11-14 03:00:00,80.3588688740337
2024-11-14 04:00:00,80.3040115896228
2024-11-14 05:00:00,79.889301840458
2024-11-14 06:00:00,79.5399295698072
2024-11-14 07:00:00,79.5915795311392
2024-11-14 08:00:00,80.6620065388389
2024-11-14 09:00:00,79.0731030264112
2024-11-14 10:00:00,78.9735800571617
2024-11-14 11:00:00,78.9297616254984
2024-11-14 12:00:00,80.4660143375119
2024-11-14 13:00:00,78.478399622232
2024-11-14 14:00:00,79.874438086614
2024-11-14 15:00:00,78.3460375846259
2024-11-14 16:00:00,79.5373848728426
2024-11-14 17:00:00,80.0294072949639
2024-11-14 19:00:00,79.1068073176504
2024-11-14 20:00:00,79.363786168214
2024-11-14 21:00:00,80.1738467240163
2024-11-14 22:00:00,78.3046403555693
2024-11-14 23:00:00,78.5624812436404
2024-11-15 00:00:00,78.1243862575327
2024-11-15 01:00:00,78.6831748655932
2024-11-15 02:00:00,78.3099381664712
2024-11-15 03:00:00,78.1404542199126
2024-11-15 04:00:00,78.5331595939292
2024-11-15 05:00:00,78.3974688246892
2024-11-15 06:00:00,77.4605835729224
2024-11-15 07:00:00,79.4370110086498
2024-11-15 08:00:00,79.0191129034006
2024-11-15 09:00:00,78.2756870498535
2024-11-15 10:00:00,78.4202075789565
2024-11-15 11:00:00,78.9821242504663
2024-11-15 12:00:00,
2024-11-15 13:00:00,
2024-11-15 14:00:00,
2024-11-15 15:00:00,
2024-11-15 16:00:00,
2024-11-15 17:00:00,77.9365488688657
2024-11-15 18:00:00,78.3721004778427
2024-11-15 19:00:00,78.3968694698353
2024-11-15 20:00:00,79.5534322936911
2024-11-15 21:00:00,76.6993416798234
2024-11-15 22:00:00,78.2281859603889
2024-11-15 23:00:00,78.2449449599982
2024-11-16 00:00:00,77.4424769568394
2024-11-16 01:00:00,76.967268299666
2024-11-16 02:00:00,78.9100934040713
2024-11-16 03:00:00,77.8034156983963
2024-11-16 04:00:00,77.9873161803176
2024-11-16 05:00:00,77.306892061028
2024-11-16 06:00:00,76.6915619802397
2024-11-16 07:00:00,77.6814103575677
2024-11-16 08:00:00,78.9163189292092
2024-11-16 09:00:00,77.252865934184
2024-11-16 10:00:00,77.1333709365438
2024-11-16 11:00:00,78.3820086566493
2024-11-16 12:00:00,77.3679034801106
2024-11-16 13:00:00,77.8383034053708
2024-11-16 14:00:00,78.1295172688338
2024-11-16 15:00:00,77.8979500243981
2024-11-16 16:00:00,78.5324899147459
2024-11-16 17:00:00,77.4460678419084
2024-11-16 18:00:00,77.7818784793517
2024-11-16 19:00:00,77.897210958337
2024-11-16 20:00:00,78.2284609532465
2024-11-16 21:00:00,77.6937464104176
2024-11-16 22:00:00,77.1154870876037
2024-11-16 23:00:00,77.3915287861196
2024-11-17 00:00:00,78.05028355859
2024-11-17 02:00:00,77.0735661654131
2024-11-17 13:00:00,76.8745510364089
2024-11-17 14:00:00,77.8533696728674
2024-11-17 15:00:00,77.0965598244313
2024-11-17 16:00:00,77.2703685306743
2024-11-17 17:00:00,76.3654745997916
2024-11-17 18:00:00,77.2632809748103
2024-11-17 19:00:00,77.3428223079987
2024-11-17 20:00:00,77.6682724197669
2024-11-17 21:00:00,78.1099055023039
2024-11-17 22:00:00,77.3527905885253
2024-11-17 23:00:00,76.3614899620121
2024-11-18 00:00:00,76.7660172111978
2024-11-18 01:00:00,77.8132184716419
2024-11-18 02:00:00,75.2061538360713
2024-11-18 03:00:00,75.8325951838755
2024-11-18 04:00:00,75.2165731227894
2024-11-18 05:00:00,74.8895246385688
2024-11-18 06:00:00,76.85948417866
2024-11-18 08:00:00,77.7806011228154
2024-11-18 09:00:00,76.7317042702914
2024-11-18 10:00:00,76.0009274362802
2024-11-18 11:00:00,77.5201551295412
2024-11-18 12:00:00,77.149914653661
2024-11-18 13:00:00,77.3279143399001
2024-11-18 14:00:00,76.6072912280156
2024-11-18 15:00:00,77.5553601762061
2024-11-18 16:00:00,77.0697813925636
2024-11-18 17:00:00,77.4043113293949
2024-11-18 18:00:00,75.5823204365463
2024-11-18 19:00:00,76.2775517532804
2024-11-18 20:00:00,77.0209258796246
2024-11-18 21:00:00,76.7153086152503
2024-11-18 22:00:00,77.9588968091225
2024-11-18 23:00:00,77.7909706301192
2024-11-19 00:00:00,75.9675941172721
2024-11-19 01:00:00,77.2937249388069
2024-11-19 02:00:00,75.9817520419692
2024-11-19 03:00:00,75.9188387041467
2024-11-19 04:00:00,76.370463773979
2024-11-19 05:00:00,77.089294840807
2024-11-19 06:00:00,76.3034714645446
2024-11-19 07:00:00,76.0110611145067
2024-11-19 08:00:00,75.6673183835438
2024-11-19 09:00:00,76.3376613100037
2024-11-19 10:00:00,77.0336757250822
2024-11-19 11:00:00,75.885782382788
2024-11-19 12:00:00,76.6928343104598
2024-11-19 13:00:00,75.8557905738386
2024-11-19 14:00:00,74.3811418488653
2024-11-19 15:00:00,76.5072275885419
2024-11-19 16:00:00,75.7908177204822
2024-11-19 17:00:00,76.8651935321726
2024-11-19 18:00:00,76.1084914219595
2024-11-19 19:00:00,75.865709762553
2024-11-19 20:00:00,76.5324423980124
2024-11-19 21:00:00,75.6856820871765
2024-11-19 22:00:00,76.5475251134165
2024-11-19 23:00:00,75.0026404016972
2024-11-20 00:00:00,75.1900173325714
2024-11-20 01:00:00,75.3930478999487
2024-11-20 02:00:00,76.0703275899715
2024-11-20 03:00:00,75.5317878135466
2024-11-20 04:00:00,76.0775157511097
2024-11-20 05:00:00,75.6043420335184
2024-11-20 06:00:00,75.8303244764458
2024-11-20 07:00:00,73.833027943779
2024-11-20 09:00:00,75.2250009906631
2024-11-20 10:00:00,75.703050789296
2024-11-20 11:00:00,75.6641363482846
2024-11-20 12:00:00,75.6612274114621
2024-11-20 13:00:00,74.7825947991647
2024-11-20 14:00:00,74.8285877906931
2024-11-20 15:00:00,75.9418043973463
2024-11-20 16:00:00,75.5153551883482
2024-11-20 17:00:00,75.9258746727883
2024-11-20 18:00:00,73.7172586921271
2024-11-20 19:00:00,75.7381557673585
2024-11-20 20:00:00,74.5058880579677
2024-11-20 21:00:00,75.5167312816881
2024-11-20 22:00:00,75.3661084909022
2024-11-20 23:00:00,75.5112538923575
2024-11-21 00:00:00,74.4883798331951
2024-11-21 01:00:00,74.3885913995184
2024-11-21 02:00:00,75.1043010831683
2024-11-21 03:00:00,74.2259469536366
2024-11-21 04:00:00,74.7817328398894
2024-11-21 15:00:00,74.4388739988667
2024-11-21 16:00:00,75.0481767701775
2024-11-21 17:00:00,74.7779609313615
2024-11-21 18:00:00,75.8534058733106
2024-11-21 19:00:00,74.9105554102731
2024-11-21 20:00:00,73.9952228863275
2024-11-21 21:00:00,74.6444778541591
2024-11-21 22:00:00,74.8110308521306
2024-11-21 23:00:00,75.5359783786145
2024-11-22 00:00:00,73.1975987036247
2024-11-22 01:00:00,74.3357494524979
2024-11-22 02:00:00,73.4351559031078
2024-11-22 03:00:00,74.3932011817555
2024-11-22 04:00:00,
2024-11-22 05:00:00,
2024-11-22 06:00:00,73.3320877077543
2024-11-22 07:00:00,74.1820230044705
2024-11-22 08:00:00,74.2783878946029
2024-11-22 09:00:00,73.4993803992571
2024-11-22 10:00:00,73.9737127065681
2024-11-22 11:00:00,73.6130672212988
2024-11-22 12:00:00,75.2955077842115
2024-11-22 13:00:00,73.4151983952063
2024-11-22 14:00:00,72.2271476895488
2024-11-22 15:00:00,73.2760360469321
2024-11-22 16:00:00,72.8185370376473
2024-11-22 17:00:00,73.7903736579586
2024-11-22 18:00:00,73.5649749544113
2024-11-22 19:00:00,74.4372732662729
2024-11-22 20:00:00,73.4735775039154
2024-11-22 21:00:00,74.4728340752636
2024-11-22 22:00:00,72.8677225292761
2024-11-22 23:00:00,74.3938397158884
2024-11-23 00:00:00,71.9296686549435
2024-11-23 01:00:00,72.8071127214829
2024-11-23 02:00:00,74.3361393972414
2024-11-23 03:00:00,74.7039736071486
2024-11-23 04:00:00,74.430710232519
2024-11-23 05:00:00,73.3265631239199
2024-11-23 06:00:00,73.9126296116803
2024-11-23 07:00:00,75.5609073467189
2024-11-23 08:00:00,72.9560678845881
2024-11-23 09:00:00,73.7136867685359
2024-11-23 10:00:00,73.1227736298448
2024-11-23 11:00:00,72.8044287713315
2024-11-23 12:00:00,75.3114086870604
2024-11-23 13:00:00,74.339332344539
2024-11-23 14:00:00,73.2619990424364
2024-11-23 15:00:00,58.6098726859445
2024-11-23 16:00:00,72.362663323825
2024-11-23 17:00:00,73.7725899867507
2024-11-23 18:00:00,72.7063322547999
2024-11-23 19:00:00,73.0926530556697
2024-11-23 20:00:00,74.5101290014365
2024-11-23 21:00:00,72.3657686346076
2024-11-23 22:00:00,72.7387132639965
2024-11-23 23:00:00,73.4453770316556
2024-11-24 00:00:00,72.4271576257681
2024-11-24 01:00:00,72.506665427169
2024-11-24 03:00:00,71.5015611383424
2024-11-24 04:00:00,73.2570389170759
2024-11-24 05:00:00,72.1397903914892
2024-11-24 06:00:00,72.7882293908798
2024-11-24 07:00:00,72.5095776919755
2024-11-24 08:00:00,72.7949092103622
2024-11-24 09:00:00,73.1974440583444
2024-11-24 10:00:00,73.3482352228727
2024-11-24 11:00:00,73.9887787467868
2024-11-24 12:00:00,73.3332617525658
2024-11-24 13:00:00,73.3702188056264
2024-11-24 14:00:00,73.0651899458143
2024-11-24 15:00:00,73.4480445774856
2024-11-24 16:00:00,73.7402569604056
2024-11-24 17:00:00,73.6069587955046
2024-11-24 18:00:00,71.7580944990884
2024-11-24 19:00:00,72.569688843012
2024-11-24 20:00:00,73.5157579384543
2024-11-24 21:00:00,74.2627338154709
2024-11-24 22:00:00,71.7028531576366
2024-11-24 23:00:00,73.1711689903354
2024-11-25 00:00:00,72.3476931033876
2024-11-25 01:00:00,73.0915795180936
2024-11-25 02:00:00,71.8976555785856
2024-11-25 03:00:00,85.8473840892051
2024-11-25 04:00:00,72.6717228266977
2024-11-25 05:00:00,
2024-11-25 06:00:00,
2024-11-25 10:00:00,
2024-11-25 11:00:00,71.4513119363816
2024-11-25 12:00:00,72.359474510072
2024-11-25 13:00:00,72.1162297535137
2024-11-25 14:00:00,70.3794855792788
2024-11-25 15:00:00,72.4347992413146
2024-11-25 16:00:00,71.2638535312232
2024-11-25 17:00:00,71.9234689338167
2024-11-25 18:00:00,71.4055675327438
2024-11-25 19:00:00,72.8409278513044
2024-11-25 20:00:00,73.5972167597898
2024-11-25 21:00:00,71.5754115225271
2024-11-25 22:00:00,73.2624213934762
2024-11-25 23:00:00,72.3991252160516
2024-11-26 00:00:00,71.2153605581311
2024-11-26 11:00:00,71.2679665858592
2024-11-26 12:00:00,70.6748513124363
2024-11-26 13:00:00,72.5431979624506
2024-11-26 14:00:00,71.422541999195
2024-11-26 15:00:00,70.6398289685909
2024-11-26 16:00:00,71.6480846640015
2024-11-26 17:00:00,71.9456148933172
2024-11-26 18:00:00,71.6780306857856
2024-11-26 19:00:00,72.2519868715639
2024-11-26 20:00:00,71.827930179959
2024-11-26 21:00:00,71.1896286805901
2024-11-26 22:00:00,72.0011952610719
2024-11-26 23:00:00,71.5100558197477
2024-11-27 00:00:00,71.3350457727198
2024-11-27 01:00:00,70.9222706171361
2024-11-27 02:00:00,52.5093828815756
2024-11-27 03:00:00,71.3252481221257
2024-11-27 04:00:00,70.9539493046313
2024-11-27 05:00:00,71.4502932474964
2024-11-27 06:00:00,70.0411085854701
2024-11-27 07:00:00,71.0954139947124
2024-11-27 08:00:00,71.5258224534374
2024-11-27 09:00:00,70.2505597038758
2024-11-27 10:00:00,71.3489745804978
2024-11-27 11:00:00,72.0150077578325
2024-11-27 12:00:00,71.7437394712527
2024-11-27 13:00:00,71.3286911830035
2024-11-27 14:00:00,71.3629232852484
2024-11-27 16:00:00,72.2546608941035
2024-11-27 17:00:00,71.7351808724695
2024-11-27 18:00:00,70.3979227416647
2024-11-27 20:00:00,70.2777074780585
2024-11-27 21:00:00,71.4521852805881
2024-11-27 22:00:00,70.8667958838086
2024-11-27 23:00:00,71.5510502374661
2024-11-28 00:00:00,70.8485641298041
2024-11-28 01:00:00,70.3978006663738
2024-11-28 02:00:00,71.0213495240567
2024-11-28 03:00:00,69.9865824356561
2024-11-28 04:00:00,70.2218041873731
2024-11-28 05:00:00,70.1046346631309
2024-11-28 06:00:00,70.384297161821
2024-11-28 07:00:00,70.16808903827
2024-11-28 08:00:00,70.8833379705116
2024-11-28 09:00:00,71.5523527623213
2024-11-28 10:00:00,72.3907981960792
2024-11-28 11:00:00,70.5442969400355
2024-11-28 12:00:00,70.7135753456292
2024-11-28 13:00:00,70.3909161833967
2024-11-28 14:00:00,70.7508144775533
2024-11-28 15:00:00,70.8407190018744
2024-11-28 16:00:00,70.3748618080055
2024-11-28 17:00:00,69.9430159809445
2024-11-28 18:00:00,70.8350636590739
2024-11-28 19:00:00,71.7962194953995
2024-11-28 20:00:00,70.2165040688348
2024-11-28 21:00:00,71.0359515537561
2024-11-28 22:00:00,70.2007148313105
2024-11-28 23:00:00,70.6891186176657
2024-11-29 00:00:00,71.190037999353
2024-11-29 01:00:00,
2024-11-29 02:00:00,
2024-11-29 03:00:00,
2024-11-29 04:00:00,
2024-11-29 05:00:00,
2024-11-29 06:00:00,69.5829876417877
2024-11-29 07:00:00,70.4067701924604
2024-11-29 08:00:00,69.8443628575841
2024-11-29 09:00:00,69.5772036805142
2024-11-29 10:00:00,69.6901184778799
2024-11-29 11:00:00,68.8624143613284
2024-11-29 12:00:00,71.1828561722586
2024-11-29 13:00:00,69.8602297127344
2024-11-29 14:00:00,70.746318809069
2024-11-29 15:00:00,68.997868947301
2024-11-29 16:00:00,69.0853298962925
2024-11-29 17:00:00,69.6021387793353
2024-11-29 18:00:00,70.4085607288447
2024-11-29 19:00:00,70.9261262400954
2024-11-29 21:00:00,70.2604558151569
2024-11-29 22:00:00,69.3599138689981
2024-11-29 23:00:00,70.0509449126079
2024-11-30 00:00:00,
2024-11-30 01:00:00,
2024-11-30 02:00:00,
2024-11-30 03:00:00,
2024-11-30 04:00:00,
2024-11-30 05:00:00,
2024-11-30 06:00:00,
2024-11-30 07:00:00,
2024-11-30 08:00:00,
2024-11-30 09:00:00,
2024-11-30 10:00:00,
2024-11-30 11:00:00,
2024-11-30 12:00:00,
2024-11-30 13:00:00,
2024-11-30 14:00:00,
2024-11-30 15:00:00,
2024-11-30 16:00:00,
2024-11-30 17:00:00,
2024-11-30 18:00:00,
2024-11-30 19:00:00,
2024-11-30 20:00:00,
2024-11-30 21:00:00,
2024-11-30 22:00:00,
2024-11-30 23:00:00,
2024-12-01 00:00:00,92.1919565149724
2024-12-01 12:00:00,91.8817954277381
2024-12-01 13:00:00,92.2981486982777
2024-12-01 14:00:00,91.9637958472649
2024-12-01 15:00:00,92.1013226104084
2024-12-01 16:00:00,92.1254757267771
2024-12-01 17:00:00,92.1480082233876
2024-12-01 18:00:00,92.3713812672052
2024-12-01 19:00:00,92.3198913397829
2024-12-01 20:00:00,92.1060543865193
2024-12-01 21:00:00,92.1465959316313
2024-12-01 22:00:00,91.8417296232704
2024-12-01 23:00:00,92.0185095474662
2024-12-02 00:00:00,91.5959161961871
2024-12-02 01:00:00,91.5251858731754
2024-12-02 02:00:00,91.4919295293673
2024-12-02 03:00:00,91.6789631113078
2024-12-02 04:00:00,91.4697932928545
2024-12-02 05:00:00,91.4280402454085
2024-12-02 06:00:00,91.5905476111727
2024-12-02 07:00:00,91.5361614983112
2024-12-02 08:00:00,91.3766273780582
2024-12-02 09:00:00,91.6128207185121
2024-12-02 18:00:00,91.4801784084194
2024-12-02 20:00:00,91.5344353647637
2024-12-02 21:00:00,91.7849247996522
2024-12-02 22:00:00,91.5737123738322
2024-12-02 23:00:00,91.4882216821269
2024-12-03 00:00:00,90.6803524448526
2024-12-03 01:00:00,90.7423493309396
2024-12-03 02:00:00,90.7337735529181
2024-12-03 03:00:00,90.721328647016
2024-12-03 04:00:00,90.7448951375942
2024-12-03 05:00:00,90.6797221909384
2024-12-03 06:00:00,90.6117095439062
2024-12-03 07:00:00,90.5661050334832
2024-12-03 08:00:00,90.638652940782
2024-12-03 09:00:00,90.6323312969903
2024-12-03 10:00:00,90.9857121538201
2024-12-03 11:00:00,90.6654871364798
2024-12-03 12:00:00,90.8801887076761
2024-12-03 13:00:00,90.717051133301
2024-12-03 14:00:00,90.9923737985416
2024-12-03 15:00:00,90.9016419068332
2024-12-03 16:00:00,90.8048772288911
2024-12-03 17:00:00,90.6580636227215
2024-12-03 18:00:00,90.5662791657411
2024-12-03 19:00:00,90.805332036098
2024-12-03 20:00:00,90.8219700259094
2024-12-03 21:00:00,90.963532779861
2024-12-03 22:00:00,90.8978106218891
2024-12-03 23:00:00,90.9620927959605
2024-12-04 00:00:00,90.0460179429202
2024-12-04 01:00:00,90.1622006094198
2024-12-04 02:00:00,90.1073394053514
2024-12-04 03:00:00,89.8487593932183
2024-12-04 04:00:00,90.5339319048419
2024-12-04 05:00:00,90.1439125582744
2024-12-04 06:00:00,89.5531617810581
2024-12-04 07:00:00,90.6448905659804
2024-12-04 08:00:00,90.2454562562816
2024-12-04 09:00:00,89.548046731779
2024-12-04 10:00:00,90.050249401561
2024-12-04 11:00:00,90.4172589355665
2024-12-04 12:00:00,89.9927954142138
2024-12-04 13:00:00,90.5334108961916
2024-12-04 14:00:00,90.219601813281
2024-12-04 15:00:00,90.9342446164576
2024-12-04 16:00:00,90.2211224928276
2024-12-04 17:00:00,89.5415969583017
2024-12-04 18:00:00,89.4755502110052
2024-12-04 19:00:00,90.0595145671038
2024-12-04 20:00:00,90.6041284189904
2024-12-04 21:00:00,90.6274157417931
2024-12-04 22:00:00,90.4626183754063
2024-12-04 23:00:00,90.3384723565356
2024-12-05 00:00:00,90.0901022866078
2024-12-05 01:00:00,89.1527128683508
2024-12-05 02:00:00,89.9441666413909
2024-12-05 03:00:00,89.9111034512456
2024-12-05 04:00:00,89.6359249337358
2024-12-05 05:00:00,89.6258624342484
2024-12-05 06:00:00,89.830196936491
2024-12-05 07:00:00,89.602076353534
2024-12-05 08:00:00,89.2374131028809
2024-12-05 10:00:00,89.3557542584325
2024-12-05 11:00:00,89.8176672484738
2024-12-05 12:00:00,89.4974235032481
2024-12-05 13:00:00,89.2911750782734
2024-12-05 14:00:00,89.533879794294
2024-12-05 15:00:00,89.6485436488643
2024-12-05 16:00:00,89.7777788157803
2024-12-05 17:00:00,89.3713679021232
2024-12-05 18:00:00,89.2243083502757
2024-12-05 19:00:00,90.2515576989977
2024-12-05 20:00:00,89.0462958097351
2024-12-05 21:00:00,89.3596877611065
2024-12-05 22:00:00,89.6331194267446
2024-12-05 23:00:00,90.0527343557524
2024-12-06 00:00:00,89.0287072314648
2024-12-06 01:00:00,88.9221940167173
2024-12-06 02:00:00,88.9806910590889
2024-12-06 03:00:00,88.5332275257985
2024-12-06 04:00:00,88.5944342245911
2024-12-06 05:00:00,89.1083262735693
2024-12-06 06:00:00,89.150700533837
2024-12-06 07:00:00,89.2856048150531
2024-12-06 08:00:00,88.7035140632854
2024-12-06 21:00:00,88.4925780906771
2024-12-06 22:00:00,88.5151027851403
2024-12-06 23:00:00,89.0404413586328
2024-12-07 00:00:00,87.7774180110858
2024-12-07 01:00:00,87.8669406204789
2024-12-07 02:00:00,88.0972059255073
2024-12-07 03:00:00,88.4039387009769
2024-12-07 04:00:00,87.8348696664166
2024-12-07 05:00:00,88.0367967005169
2024-12-07 06:00:00,88.1023621695322
2024-12-07 07:00:00,87.8086279932422
2024-12-07 08:00:00,87.7618993732932
2024-12-07 09:00:00,87.9927680557212
2024-12-07 10:00:00,87.7191997313549
2024-12-07 11:00:00,87.2318749927525
2024-12-07 12:00:00,88.0565937213155
2024-12-07 13:00:00,87.6577976789566
2024-12-07 14:00:00,88.5797640030028
2024-12-07 15:00:00,88.2398937404282
2024-12-07 16:00:00,87.4874620787373
2024-12-07 17:00:00,87.8180032870582
2024-12-07 18:00:00,88.058859440678
2024-12-07 19:00:00,87.9742135943534
2024-12-07 21:00:00,87.2802024878503
2024-12-07 22:00:00,87.6772998474187
2024-12-07 23:00:00,88.0962581401111
2024-12-08 00:00:00,87.5504915005941
2024-12-08 01:00:00,
2024-12-08 02:00:00,88.0474466620709
2024-12-08 03:00:00,87.487362050889
2024-12-08 04:00:00,87.3443953112855
2024-12-08 05:00:00,87.5902678198129
2024-12-08 06:00:00,87.4352178786062
2024-12-08 07:00:00,87.507150468415
2024-12-08 08:00:00,86.9766206796978
2024-12-08 11:00:00,87.4523966761606
2024-12-08 12:00:00,87.5177874858989
2024-12-08 14:00:00,86.8145406879032
2024-12-08 15:00:00,86.9217994953978
2024-12-08 16:00:00,87.8364075600611
2024-12-08 17:00:00,87.4676017395746
2024-12-08 18:00:00,86.9648588352473
2024-12-08 19:00:00,87.1360900489045
2024-12-08 20:00:00,87.7366567802291
2024-12-08 21:00:00,87.7022306155673
2024-12-08 22:00:00,87.3355582507609
2024-12-08 23:00:00,95.305320056334
2024-12-09 00:00:00,86.8383651338341
2024-12-09 01:00:00,106.078997958251
2024-12-09 02:00:00,86.9597623242991
2024-12-09 03:00:00,87.2246824399227
2024-12-09 04:00:00,86.5545179262043
2024-12-09 05:00:00,87.3563500286855
2024-12-09 06:00:00,86.7184673010502
2024-12-09 07:00:00,86.7835629312191
2024-12-09 08:00:00,86.5656054176192
2024-12-09 09:00:00,87.1113910507968
2024-12-09 10:00:00,87.0143405235562
2024-12-09 11:00:00,86.3380405880336
2024-12-09 12:00:00,86.5534061672617
2024-12-09 13:00:00,86.3368176287494
2024-12-09 14:00:00,86.378990525865
2024-12-09 15:00:00,86.2566846501881
2024-12-09 16:00:00,87.0980236624398
2024-12-09 17:00:00,86.5005327194177
2024-12-10 05:00:00,86.5073848394178
2024-12-10 06:00:00,86.4403956860638
2024-12-10 07:00:00,86.0915930722234
2024-12-10 08:00:00,86.2837835436067
2024-12-10 09:00:00,86.5307169094461
2024-12-10 10:00:00,86.8644778771841
2024-12-10 11:00:00,85.7866523943287
2024-12-10 12:00:00,86.172237085565
2024-12-10 13:00:00,86.4761260688629
2024-12-10 14:00:00,86.7876383398635
2024-12-10 15:00:00,86.5498085684832
2024-12-10 16:00:00,86.6847735918545
2024-12-10 17:00:00,86.1188184311256
2024-12-10 18:00:00,86.7357347716409
2024-12-10 19:00:00,86.9387243829105
2024-12-10 20:00:00,86.2459670314233
2024-12-10 21:00:00,86.2262876355598
2024-12-10 22:00:00,86.3833947299358
2024-12-10 23:00:00,86.0246205974193
2024-12-11 00:00:00,85.6024247606316
2024-12-11 01:00:00,86.3548670833112
2024-12-11 02:00:00,86.1140663915618
2024-12-11 03:00:00,86.1381714810014
2024-12-11 04:00:00,85.9160836141376
2024-12-11 05:00:00,86.3126805155086
2024-12-11 06:00:00,85.6651945665035
2024-12-11 07:00:00,85.7330802922949
2024-12-11 08:00:00,85.9894279523909
2024-12-11 09:00:00,85.5818148270242
2024-12-11 10:00:00,85.8138719955513
2024-12-11 11:00:00,85.7949195998425
2024-12-11 12:00:00,86.0062049702992
2024-12-11 13:00:00,85.7563237263871
2024-12-11 14:00:00,85.7427996802104
2024-12-11 15:00:00,85.8418606593663
2024-12-11 16:00:00,86.2246414710099
2024-12-11 17:00:00,86.0747505296485
2024-12-11 18:00:00,86.0108767562898
2024-12-11 19:00:00,86.5761705126581
2024-12-11 21:00:00,85.9004778122219
2024-12-11 22:00:00,85.8890361565156
2024-12-11 23:00:00,85.1892598379934
2024-12-12 00:00:00,85.5760516197181
2024-12-12 01:00:00,85.0867881167111
2024-12-12 02:00:00,84.9414887115328
2024-12-12 03:00:00,84.6902999480559
2024-12-12 04:00:00,85.0569075527099
2024-12-12 05:00:00,84.7083194477995
2024-12-12 06:00:00,85.0401821798432
2024-12-12 07:00:00,85.2230096708216
2024-12-12 08:00:00,85.2256830902809
2024-12-12 09:00:00,84.7218306390189
2024-12-12 10:00:00,84.8726203413619
2024-12-12 11:00:00,85.4155828429464
2024-12-12 12:00:00,85.3870835933452
2024-12-12 13:00:00,85.5775101355184
2024-12-12 14:00:00,85.1342893896454
2024-12-12 15:00:00,84.9543803422193
2024-12-12 16:00:00,84.8262982911137
2024-12-12 17:00:00,85.3020378239016
2024-12-12 18:00:00,85.0380745224345
2024-12-12 19:00:00,85.6543393425044
2024-12-12 20:00:00,84.9181862995805
2024-12-12 21:00:00,84.9811258776538
2024-12-12 22:00:00,85.359920899356
2024-12-12 23:00:00,85.3353293568524
2024-12-13 00:00:00,84.1703177963175
2024-12-13 01:00:00,84.6677412610309
2024-12-13 02:00:00,84.5035612547979
2024-12-13 03:00:00,84.9645287717831
2024-12-13 04:00:00,84.6492431095371
2024-12-13 05:00:00,84.2687998494005
2024-12-13 06:00:00,84.403124420102
2024-12-13 07:00:00,84.4069518217464
2024-12-13 08:00:00,84.3851484691388
2024-12-13 09:00:00,84.5501308178479
2024-12-13 10:00:00,84.1330396599434
2024-12-13 11:00:00,84.2513771414837
2024-12-13 12:00:00,84.9131148899225
2024-12-13 13:00:00,84.3806473279803
2024-12-13 14:00:00,84.2190729902876
2024-12-13 15:00:00,100.864221837968
2024-12-13 16:00:00,84.4480637707767
2024-12-13 17:00:00,84.177838028149
2024-12-13 18:00:00,84.6960832289034
2024-12-14 06:00:00,84.3942294917983
2024-12-14 07:00:00,83.788972162474
2024-12-14 08:00:00,84.1941379383622
2024-12-14 09:00:00,84.2285842170704
2024-12-14 10:00:00,84.3655183808486
2024-12-14 11:00:00,83.7158861180682
2024-12-14 12:00:00,84.3234522706938
2024-12-14 13:00:00,84.580213269812
2024-12-14 14:00:00,83.9069920932159
2024-12-14 15:00:00,84.1599755191354
2024-12-14 16:00:00,84.3873094896399
2024-12-14 17:00:00,83.4392119368831
2024-12-14 18:00:00,84.4656930636842
2024-12-14 19:00:00,84.0011567330065
2024-12-14 20:00:00,84.1472556394858
2024-12-14 21:00:00,84.0619753545748
2024-12-14 22:00:00,83.9492383752496
2024-12-14 23:00:00,83.5300509588267
2024-12-15 00:00:00,83.9724282088676
2024-12-15 01:00:00,83.7403733811396
2024-12-15 02:00:00,84.2595374918406
2024-12-15 03:00:00,83.7766927867054
2024-12-15 04:00:00,83.6284930237259
2024-12-15 05:00:00,83.9433865849266
2024-12-15 06:00:00,83.5571194142836
2024-12-15 07:00:00,83.5064899541475
2024-12-15 08:00:00,83.1332766252539
2024-12-15 09:00:00,83.7675177675807
2024-12-15 10:00:00,83.3556005116222
2024-12-15 11:00:00,83.9773435567829
2024-12-15 12:00:00,83.4512662285153
2024-12-15 13:00:00,83.472116706995
2024-12-15 14:00:00,83.7508171894912
2024-12-15 15:00:00,83.7081592541604
2024-12-15 16:00:00,83.5333445190702
2024-12-15 17:00:00,83.5611941944057
2024-12-15 18:00:00,84.1043020152958
2024-12-15 19:00:00,83.6670799042357
2024-12-15 21:00:00,83.4479657551312
2024-12-15 22:00:00,83.6653038904179
2024-12-15 23:00:00,83.7986995657074
2024-12-16 00:00:00,82.9631668747969
2024-12-16 01:00:00,82.9875112912204
2024-12-16 02:00:00,82.7178952059429
2024-12-16 03:00:00,83.198332409396
2024-12-16 04:00:00,83.0381042698477
2024-12-16 05:00:00,83.1459179944888
2024-12-16 06:00:00,82.8573318752187
2024-12-16 07:00:00,83.4499055768539
2024-12-16 08:00:00,83.2067151294481
2024-12-16 09:00:00,82.8874414212278
2024-12-16 10:00:00,83.6434633710614
2024-12-16 11:00:00,82.5194658010011
2024-12-16 12:00:00,82.9004249909529
2024-12-16 13:00:00,83.2651859486215
2024-12-16 14:00:00,82.994113357025
2024-12-16 15:00:00,83.1525340488475
2024-12-16 16:00:00,83.0163310668571
2024-12-16 17:00:00,82.3932835810946
2024-12-16 18:00:00,82.9470669282152
2024-12-16 19:00:00,82.7934465578406
2024-12-16 20:00:00,83.3365138049775
2024-12-16 21:00:00,82.880870337601
2024-12-16 22:00:00,83.4177183028233
2024-12-16 23:00:00,82.1753438705173
2024-12-17 00:00:00,82.0958723890679
2024-12-17 01:00:00,81.9868552494877
2024-12-17 02:00:00,82.5239702951793
2024-12-17 03:00:00,81.8233901277242
2024-12-17 04:00:00,82.0722250408327
2024-12-17 05:00:00,82.7088814760482
2024-12-17 06:00:00,82.0475876766117
2024-12-17 07:00:00,82.3833873638762
2024-12-17 08:00:00,81.9230465822269
2024-12-17 09:00:00,81.9326560024625
2024-12-17 10:00:00,82.1553923873249
2024-12-17 11:00:00,82.2681430715676
2024-12-17 12:00:00,81.983853464785
2024-12-17 13:00:00,82.1170935270937
2024-12-17 14:00:00,82.1318674023907
2024-12-17 15:00:00,82.4745449421786
2024-12-17 16:00:00,81.8841983912779
2024-12-17 17:00:00,82.1258697628457
2024-12-17 18:00:00,82.5236937714784
2024-12-17 19:00:00,82.4179157809396
2024-12-17 20:00:00,81.658198604847
2024-12-18 09:00:00,82.0790055799427
2024-12-18 10:00:00,82.4473819263967
2024-12-18 11:00:00,81.5376730477859
2024-12-18 12:00:00,81.5812916081111
2024-12-18 13:00:00,81.771242150289
2024-12-18 14:00:00,81.8283115646253
2024-12-18 15:00:00,81.742307988677
2024-12-18 16:00:00,82.1801865867896
2024-12-18 17:00:00,81.8736352803579
2024-12-18 18:00:00,82.0983386185982
2024-12-18 19:00:00,85.8540805008364
2024-12-18 20:00:00,81.5435684833728
2024-12-18 21:00:00,81.9947961436634
2024-12-18 22:00:00,81.4740469854888
2024-12-18 23:00:00,82.011787360498
2024-12-19 00:00:00,81.100044773941
2024-12-19 01:00:00,81.1292222185856
2024-12-19 02:00:00,81.7296882503517
2024-12-19 03:00:00,81.8329721001796
2024-12-19 04:00:00,81.447951147752
2024-12-19 05:00:00,81.2109347701248
2024-12-19 06:00:00,81.5399849823135
2024-12-19 07:00:00,80.9733317170075
2024-12-19 08:00:00,81.9618044098661
2024-12-19 09:00:00,81.8523254934127
2024-12-19 10:00:00,81.1515338146407
2024-12-19 11:00:00,81.0986039939906
2024-12-19 12:00:00,81.652262527868
2024-12-19 13:00:00,81.4616496349482
2024-12-19 14:00:00,80.9012221450881
2024-12-19 15:00:00,82.0039960058096
2024-12-19 16:00:00,81.2435845823217
2024-12-19 17:00:00,80.9926003886895
2024-12-19 18:00:00,81.4748370222399
2024-12-19 19:00:00,81.2864250865248
2024-12-19 20:00:00,81.5731195848274
2024-12-19 21:00:00,81.3525334373468
2024-12-19 22:00:00,69.2092757785057
2024-12-19 23:00:00,81.2790716325269
2024-12-20 00:00:00,81.4019681857263
2024-12-20 01:00:00,81.0543936602692
2024-12-20 02:00:00,80.8556443162947
2024-12-20 03:00:00,81.2774744658003
2024-12-20 04:00:00,81.1820346846106
2024-12-20 05:00:00,81.1797140191922
2024-12-20 06:00:00,80.6681942586062
2024-12-20 07:00:00,80.6533882812215
2024-12-20 08:00:00,81.6147306491069
2024-12-20 09:00:00,81.2420932617986
2024-12-20 10:00:00,81.8018050483859
2024-12-20 11:00:00,80.6372981073577
2024-12-20 12:00:00,81.4714010059237
2024-12-20 13:00:00,80.690673983913
2024-12-20 14:00:00,81.4990546226035
2024-12-20 15:00:00,80.838868937474
2024-12-20 16:00:00,80.5410377117826
2024-12-20 17:00:00,80.7352587925993
2024-12-20 18:00:00,81.1527493143965
2024-12-20 19:00:00,81.5380048889076
2024-12-20 20:00:00,81.3975953797036
2024-12-20 21:00:00,81.2360883004225
2024-12-20 22:00:00,80.9010771200982
2024-12-20 23:00:00,81.2794819884318
2024-12-21 00:00:00,80.28986514933
2024-12-21 01:00:00,80.9827376845837
2024-12-21 02:00:00,80.6979632259899
2024-12-21 03:00:00,80.4457665512039
2024-12-21 04:00:00,77.1264053023772
2024-12-21 05:00:00,81.1230169139963
2024-12-21 06:00:00,80.7283527778462
2024-12-21 07:00:00,80.0806805597114
2024-12-21 08:00:00,80.8047687441818
2024-12-21 09:00:00,80.5920263282805
2024-12-21 10:00:00,80.3347010926255
2024-12-21 11:00:00,81.1634555745567
2024-12-21 12:00:00,80.5398359236075
2024-12-21 13:00:00,80.2356039534987
2024-12-21 14:00:00,81.037149201765
2024-12-21 15:00:00,80.5745784853975
2024-12-21 16:00:00,80.4961548305271
2024-12-21 17:00:00,80.736858439694
2024-12-21 18:00:00,80.8644548616494
2024-12-21 19:00:00,81.2050760630559
2024-12-21 20:00:00,80.3556187125964
2024-12-21 21:00:00,80.3562348385595
2024-12-21 22:00:00,80.3344250385777
2024-12-21 23:00:00,80.405997618116
2024-12-22 00:00:00,80.1772507161321
2024-12-22 01:00:00,80.3619013456572
2024-12-22 02:00:00,80.4033189750499
2024-12-22 03:00:00,79.7771681169597
2024-12-22 04:00:00,79.7928251963142
2024-12-22 05:00:00,80.0557442991722
2024-12-22 06:00:00,79.4706796284165
2024-12-22 08:00:00,80.0370251319751
2024-12-22 11:00:00,80.3498373747196
2024-12-22 12:00:00,80.0099836984284
2024-12-22 13:00:00,79.740677051692
2024-12-22 14:00:00,80.0133053630907
2024-12-22 15:00:00,79.7147963794927
2024-12-22 16:00:00,79.7641400437092
2024-12-23 04:00:00,79.1649110456194
2024-12-23 05:00:00,78.8339776574353
2024-12-23 06:00:00,79.6195161242318
2024-12-23 07:00:00,79.1082200448496
2024-12-23 08:00:00,79.3217302913171
2024-12-23 09:00:00,79.8933792986986
2024-12-23 10:00:00,79.1373526367215
2024-12-23 11:00:00,79.71238440397
2024-12-23 12:00:00,79.742153711785
2024-12-23 13:00:00,79.3982678219961
2024-12-23 14:00:00,79.4473042782151
2024-12-23 15:00:00,79.3811957138748
2024-12-23 16:00:00,79.4781565818325
2024-12-23 17:00:00,79.3073277483573
2024-12-23 18:00:00,79.2084141713985
2024-12-23 19:00:00,79.2969941408705
2024-12-23 20:00:00,79.366383644922
2024-12-23 21:00:00,79.6487169656282
2024-12-23 22:00:00,80.1182982255787
2024-12-23 23:00:00,80.0690510754073
2024-12-24 00:00:00,79.4691798836024
2024-12-24 01:00:00,79.5196430552624
2024-12-24 02:00:00,79.1043038829875
2024-12-24 03:00:00,78.8056474366057
2024-12-24 04:00:00,79.0098491110447
2024-12-24 05:00:00,79.2306284025292
2024-12-24 06:00:00,79.2952448770727
2024-12-24 07:00:00,79.4997645255248
2024-12-24 08:00:00,78.8937909208483
2024-12-24 09:00:00,78.9096096509314
2024-12-24 10:00:00,79.2317728334215
2024-12-24 11:00:00,79.0684450311072
2024-12-24 12:00:00,78.4834643208174
2024-12-24 13:00:00,78.9117512467289
2024-12-24 14:00:00,79.5167274252915
2024-12-24 15:00:00,79.0809899296307
2024-12-24 16:00:00,79.1617264312089
2024-12-24 17:00:00,78.7805278699527
2024-12-24 18:00:00,78.9351178025066
2024-12-24 19:00:00,
2024-12-24 20:00:00,
2024-12-24 21:00:00,78.9782475358462
2024-12-24 22:00:00,79.3528087488365
2024-12-24 23:00:00,78.9121080806836
2024-12-25 00:00:00,78.6758722791105
2024-12-25 01:00:00,78.2202649152669
2024-12-25 02:00:00,78.0988581080382
2024-12-25 03:00:00,78.8277552757769
2024-12-25 04:00:00,78.7423158453136
2024-12-25 05:00:00,78.4614015649585
2024-12-25 06:00:00,78.0493654842545
2024-12-25 07:00:00,78.1850092777308
2024-12-25 08:00:00,78.7676140806995
2024-12-25 09:00:00,77.9808031593517
2024-12-25 10:00:00,78.7418078176745
2024-12-25 11:00:00,77.7796917325378
2024-12-25 12:00:00,78.5997936407795
2024-12-25 13:00:00,78.0356088728255
2024-12-25 14:00:00,78.5215500545889
2024-12-25 15:00:00,78.6264182669096
2024-12-25 16:00:00,78.5429356631506
2024-12-25 17:00:00,78.5185007617935
2024-12-25 18:00:00,77.9129002688307
2024-12-25 19:00:00,78.2865677906867
2024-12-25 20:00:00,78.1723880154141
2024-12-25 21:00:00,78.4682133801807
2024-12-25 22:00:00,78.280459239004
2024-12-25 23:00:00,78.8653567137231
2024-12-26 00:00:00,77.9094450923079
2024-12-26 01:00:00,78.2534407313046
2024-12-26 02:00:00,77.8068487923599
2024-12-26 03:00:00,77.8161999660645
2024-12-26 04:00:00,78.2119440415202
2024-12-26 05:00:00,78.3239890933835
2024-12-26 06:00:00,77.7395721198726
2024-12-26 08:00:00,78.5221977533354
2024-12-26 09:00:00,78.0172174791855
2024-12-26 10:00:00,
2024-12-26 11:00:00,
2024-12-26 12:00:00,
2024-12-26 13:00:00,
2024-12-26 14:00:00,77.5321761779937
2024-12-26 15:00:00,77.708323785991
2024-12-26 16:00:00,78.4451274073356
2024-12-26 17:00:00,77.7134049036702
2024-12-26 19:00:00,77.9863883882035
2024-12-27 06:00:00,77.364037655928
2024-12-27 07:00:00,77.3010164050022
2024-12-27 08:00:00,77.2773909611125
2024-12-27 09:00:00,77.1915316668847
2024-12-27 10:00:00,77.3727016501312
2024-12-27 11:00:00,77.5040989101442
2024-12-27 12:00:00,77.3894556376687
2024-12-27 13:00:00,77.9000669482684
2024-12-27 14:00:00,77.5870609101493
2024-12-27 15:00:00,77.712154882742
2024-12-27 16:00:00,77.8299293656606
2024-12-27 17:00:00,77.2342739719368
2024-12-27 18:00:00,77.0682836415695
2024-12-27 19:00:00,77.4659870888388
2024-12-27 20:00:00,77.8946227789909
2024-12-27 21:00:00,77.2894907510183
2024-12-27 22:00:00,77.6121856511769
2024-12-27 23:00:00,77.157372420077
2024-12-28 00:00:00,76.4051768619428
2024-12-28 01:00:00,77.0776065952378
2024-12-28 02:00:00,77.2968154949513
2024-12-28 03:00:00,76.7273342780109
2024-12-28 04:00:00,76.9647153998185
2024-12-28 05:00:00,76.4856747228767
2024-12-28 06:00:00,76.9324035233763
2024-12-28 07:00:00,77.0336936673661
2024-12-28 08:00:00,77.2355700781153
2024-12-28 09:00:00,77.1991692148716
2024-12-28 10:00:00,77.1542813321767
2024-12-28 11:00:00,77.0931104887434
2024-12-28 12:00:00,76.6293883375504
2024-12-28 13:00:00,76.6601673717369
2024-12-28 14:00:00,76.7154920977752
2024-12-28 15:00:00,77.0277112976877
2024-12-28 16:00:00,76.5422831195475
2024-12-28 17:00:00,77.0108831955658
2024-12-28 18:00:00,77.8813576536002
2024-12-28 19:00:00,76.9452459629696
2024-12-28 20:00:00,76.9689355429324
2024-12-28 21:00:00,76.9303737603366
2024-12-28 22:00:00,76.7238796591618
2024-12-28 23:00:00,77.394174512374
2024-12-29 00:00:00,76.1252025697641
2024-12-29 01:00:00,75.827147185121
2024-12-29 02:00:00,75.8182591394099
2024-12-29 03:00:00,76.2722014738759
2024-12-29 04:00:00,76.3565732041933
2024-12-29 05:00:00,76.567679122221
2024-12-29 06:00:00,75.6642944711272
2024-12-29 07:00:00,76.1881669749382
2024-12-29 08:00:00,76.3875569592074
2024-12-29 09:00:00,76.4950316998512
2024-12-29 10:00:00,76.0287010838784
2024-12-29 11:00:00,76.3209614026058
2024-12-29 12:00:00,76.1661342406551
2024-12-29 13:00:00,75.9517566140505
2024-12-29 14:00:00,75.6961176306613
2024-12-29 15:00:00,76.3036181446153
2024-12-29 16:00:00,76.3849859039443
2024-12-29 17:00:00,75.7588338453712
2024-12-29 18:00:00,76.1383084207499
2024-12-29 19:00:00,76.3454227312532
2024-12-29 20:00:00,76.2015853559297
2024-12-29 21:00:00,76.3937995767645
2024-12-29 22:00:00,76.1140820773336
2024-12-29 23:00:00,76.8947940390229
2024-12-30 00:00:00,75.2803451352655
2024-12-30 02:00:00,75.9146607886057
2024-12-30 03:00:00,75.7954473606875
2024-12-30 04:00:00,75.8197741087629
2024-12-30 05:00:00,75.6065752387182
2024-12-30 06:00:00,75.3517562449584
2024-12-30 07:00:00,75.297737793666
2024-12-30 08:00:00,75.9881466306583
2024-12-30 09:00:00,76.2710382980012
2024-12-30 10:00:00,75.7320102448248
2024-12-30 11:00:00,75.6396271446957
2024-12-30 12:00:00,75.5745121410733
2024-12-30 13:00:00,75.8673757125542
2024-12-30 14:00:00,75.297673446426
2024-12-30 15:00:00,75.7977518613274
2024-12-30 16:00:00,76.2337420401708
2024-12-30 17:00:00,85.9796701872182
2024-12-30 18:00:00,75.2575360538655
2024-12-30 19:00:00,75.6277271316001
2024-12-30 20:00:00,75.1994781669096
2024-12-30 21:00:00,76.0913432444534
2024-12-31 08:00:00,75.9219080092195
2024-12-31 09:00:00,75.7321213575498
2024-12-31 10:00:00,75.3401279235489
2024-12-31 11:00:00,76.0512103808665
2024-12-31 12:00:00,74.7283488613481
2024-12-31 13:00:00,75.9078431270097
2024-12-31 14:00:00,74.8414177883148
2024-12-31 15:00:00,75.9861864731227
2024-12-31 16:00:00,75.5899068434482
2024-12-31 17:00:00,75.4179217599675
2024-12-31 18:00:00,75.3276006310648
2024-12-31 19:00:00,75.399419833797
2024-12-31 20:00:00,75.4208500362381
2024-12-31 21:00:00,75.5038884265921
2024-12-31 22:00:00,75.9250007043363
2024-12-31 23:00:00,74.8851854589515
2025-01-01 00:00:00,74.8837372336281
2025-01-01 01:00:00,74.7324871512952
2025-01-01 02:00:00,74.7033349127823
2025-01-01 03:00:00,74.6497797633895
2025-01-01 04:00:00,74.9827010424337
2025-01-01 05:00:00,75.166514406075
2025-01-01 06:00:00,74.1367187457612
2025-01-01 07:00:00,74.7331612154831
2025-01-01 09:00:00,74.9775955343813
2025-01-01 10:00:00,74.6975409143457
2025-01-01 11:00:00,75.2340317345157
2025-01-01 12:00:00,74.3714396044196
2025-01-01 13:00:00,74.6810654417926
2025-01-01 14:00:00,74.2778338222736
2025-01-01 15:00:00,75.3442851403526
2025-01-01 16:00:00,74.2752731219433
2025-01-01 17:00:00,74.9699709638862
2025-01-01 18:00:00,74.5412750030395
2025-01-02 05:00:00,74.784309842318
2025-01-02 06:00:00,73.30154106519
2025-01-02 07:00:00,72.8776739612306
2025-01-02 08:00:00,74.116696146347
2025-01-02 09:00:00,74.6118933909197
2025-01-02 10:00:00,75.0424146972984
2025-01-02 11:00:00,73.8611220524898
2025-01-02 12:00:00,74.2132529400603
2025-01-02 13:00:00,74.4014715528099
2025-01-02 14:00:00,73.6173491620722
2025-01-02 15:00:00,74.0379963148702
2025-01-02 16:00:00,74.3319888637609
2025-01-02 17:00:00,73.673445153916
2025-01-02 18:00:00,74.1048771277774
2025-01-02 19:00:00,74.050207097282
2025-01-02 20:00:00,73.9803261940476
2025-01-02 21:00:00,74.2564583171203
2025-01-02 22:00:00,73.4416775936823
2025-01-02 23:00:00,74.9886278102757
2025-01-03 00:00:00,72.9132941213756
2025-01-03 01:00:00,73.7440989869522
2025-01-03 02:00:00,73.3117280061069
2025-01-03 03:00:00,73.7177744855753
2025-01-03 04:00:00,73.5015228298037
2025-01-03 05:00:00,72.8813659376163
2025-01-03 06:00:00,74.9754798508243
2025-01-03 07:00:00,73.2722580454215
2025-01-03 08:00:00,74.3017124747223
2025-01-03 09:00:00,72.9578269567941
2025-01-03 10:00:00,72.6850994028756
2025-01-03 22:00:00,73.165077848535
2025-01-03 23:00:00,73.6194802183811
2025-01-04 00:00:00,73.1011780189813
2025-01-04 01:00:00,72.9943529799037
2025-01-04 02:00:00,72.4921669903018
2025-01-04 03:00:00,72.9519828991331
2025-01-04 04:00:00,73.1474379063721
2025-01-04 05:00:00,72.4191539569638
2025-01-04 06:00:00,73.5427715851103
2025-01-04 07:00:00,73.3745514590339
2025-01-04 08:00:00,72.3022777386283
2025-01-04 09:00:00,73.7717906782018
2025-01-04 10:00:00,72.5134149433216
2025-01-04 11:00:00,71.8734980304517
2025-01-04 12:00:00,73.4186825161505
2025-01-04 13:00:00,73.2215625670352
2025-01-04 14:00:00,74.1462107675781
2025-01-04 15:00:00,72.2455755726776
2025-01-04 16:00:00,72.4671483863253
2025-01-04 17:00:00,72.7053708477584
2025-01-04 18:00:00,72.6550132207679
2025-01-04 19:00:00,72.9635331073494
2025-01-04 20:00:00,73.7477453568436
2025-01-04 21:00:00,72.5291885714515
2025-01-04 22:00:00,72.5120848420714
2025-01-04 23:00:00,73.8142581891429
2025-01-05 00:00:00,71.9193757663107
2025-01-05 01:00:00,72.0818434652169
2025-01-05 02:00:00,71.8186327423591
2025-01-05 03:00:00,73.1644224175637
2025-01-05 04:00:00,71.8014098501159
2025-01-05 05:00:00,72.1465963206923
2025-01-05 06:00:00,73.3073074568362
2025-01-05 08:00:00,72.3098956916861
2025-01-05 09:00:00,72.9171001415367
2025-01-05 10:00:00,72.2748906224748
2025-01-05 11:00:00,72.365339997176
2025-01-05 12:00:00,72.1947818537224
2025-01-05 13:00:00,72.6450867293501
2025-01-05 14:00:00,72.0078605065443
2025-01-05 15:00:00,71.715396432283
2025-01-05 16:00:00,72.478879945417
2025-01-05 17:00:00,72.8314083613596
2025-01-05 18:00:00,72.4339739343138
2025-01-05 19:00:00,72.5047696215527
2025-01-05 20:00:00,72.8436479221262
2025-01-05 21:00:00,73.2569339056905
2025-01-05 22:00:00,73.3913807510378
2025-01-05 23:00:00,73.3470794446166
2025-01-06 00:00:00,71.8583897593795
2025-01-06 01:00:00,71.0318618242504
2025-01-06 02:00:00,72.728949927048
2025-01-06 03:00:00,71.8760853121293
2025-01-06 04:00:00,72.3830099609734
2025-01-06 05:00:00,72.0883071345297
2025-01-06 06:00:00,72.6420139429076
2025-01-06 07:00:00,72.0162922693623
2025-01-06 08:00:00,71.723646964497
2025-01-06 09:00:00,72.0470764361637
2025-01-06 10:00:00,72.1237747543579
2025-01-06 11:00:00,71.4815225904303
2025-01-06 12:00:00,70.9052769682359
2025-01-06 13:00:00,70.9849918559176
2025-01-06 14:00:00,71.9761931532005
2025-01-06 15:00:00,71.7430872546702
2025-01-06 16:00:00,72.0578953074194
2025-01-06 17:00:00,71.5610840877834
2025-01-06 18:00:00,71.8603028932353
2025-01-06 19:00:00,72.2291105458433
2025-01-06 20:00:00,71.6149488081022
2025-01-06 21:00:00,72.3339842895524
2025-01-06 22:00:00,71.7268199519855
2025-01-06 23:00:00,71.5988664356916
2025-01-07 00:00:00,71.97944111899
2025-01-07 01:00:00,72.346582805198
2025-01-07 02:00:00,71.9178961703269
2025-01-07 03:00:00,71.4591307700224
2025-01-07 04:00:00,72.0496945911902
2025-01-07 05:00:00,72.1050115514058
2025-01-07 06:00:00,72.039970759838
2025-01-07 07:00:00,71.6746492891637
2025-01-07 09:00:00,71.892766489882
2025-01-07 10:00:00,71.9217175239378
2025-01-07 11:00:00,71.4613225235927
2025-01-07 12:00:00,72.3005767720877
2025-01-07 13:00:00,71.5713832472772
2025-01-07 14:00:00,72.2560888422267
2025-01-07 15:00:00,70.7181403566247
2025-01-07 16:00:00,72.1667874623478
2025-01-07 17:00:00,72.0808889476203
2025-01-07 18:00:00,71.6253587278045
2025-01-07 19:00:00,71.5926761969769
2025-01-07 20:00:00,72.0780962031827
2025-01-07 21:00:00,71.4121875722366
2025-01-08 08:00:00,70.7860723219013
2025-01-08 09:00:00,70.516604039837
2025-01-08 10:00:00,70.9613296667654
2025-01-08 11:00:00,71.2507661242747
2025-01-08 12:00:00,70.9611303526928
2025-01-08 13:00:00,71.4862683759608
2025-01-08 14:00:00,70.9999170159627
2025-01-08 15:00:00,70.7934500690832
2025-01-08 16:00:00,71.932682588146
2025-01-08 17:00:00,71.9480632722678
2025-01-08 18:00:00,71.3539206566665
2025-01-08 19:00:00,71.3681365752117
2025-01-08 20:00:00,71.2839192757146
2025-01-08 21:00:00,72.8180692706517
2025-01-08 22:00:00,70.9078727466056
2025-01-08 23:00:00,71.5403713571376
2025-01-09 00:00:00,
2025-01-09 01:00:00,
2025-01-09 02:00:00,
2025-01-09 03:00:00,71.1230681480222
2025-01-09 04:00:00,71.3755274671761
2025-01-09 05:00:00,71.133894361158
2025-01-09 07:00:00,70.5114399190299
2025-01-09 08:00:00,70.031790278345
2025-01-09 09:00:00,71.5365564739193
2025-01-09 10:00:00,71.2111290691166
2025-01-09 13:00:00,71.3595839950164
2025-01-09 14:00:00,71.4429848766745
2025-01-09 15:00:00,71.3711490969745
2025-01-09 16:00:00,70.9641105228159
2025-01-09 17:00:00,71.5474499800045
2025-01-09 18:00:00,70.080930149704
2025-01-09 19:00:00,70.0946563795258
2025-01-09 20:00:00,70.185889199848
2025-01-09 21:00:00,71.250915153099
2025-01-09 22:00:00,70.4626272889106
2025-01-09 23:00:00,70.9371947004734
2025-01-10 00:00:00,70.1534407435215
2025-01-10 01:00:00,70.2935340279529
2025-01-10 02:00:00,69.6775466595788
2025-01-10 03:00:00,70.4055393829638
2025-01-10 04:00:00,69.8727365526961
2025-01-10 05:00:00,68.9613450244281
2025-01-10 06:00:00,70.0882327980872
2025-01-10 07:00:00,69.4076704389269
2025-01-10 08:00:00,69.9084430009154
2025-01-10 09:00:00,69.7228271315306
2025-01-10 10:00:00,69.192277116837
2025-01-10 11:00:00,69.6304625380156
2025-01-10 12:00:00,69.3963871729843
2025-01-10 13:00:00,70.9139997537629
2025-01-10 14:00:00,69.4305599646532
2025-01-10 15:00:00,70.097050325543
2025-01-10 16:00:00,70.1808720740574
2025-01-10 17:00:00,69.7700433752874
2025-01-10 18:00:00,69.6637626378606
2025-01-10 19:00:00,69.6012434425382
2025-01-10 20:00:00,69.9175095514157
2025-01-10 21:00:00,70.1482401467269
2025-01-10 22:00:00,69.0364770969072
2025-01-10 23:00:00,69.4685901511894
2025-01-11 00:00:00,70.1375964468557
2025-01-11 01:00:00,70.3431070570072
2025-01-11 02:00:00,69.1111028919336
2025-01-11 03:00:00,69.8227457580603
2025-01-11 04:00:00,71.3355396941271
2025-01-11 05:00:00,70.2611377326523
2025-01-11 06:00:00,69.9552749875635
2025-01-11 07:00:00,70.3688351779948
2025-01-11 08:00:00,70.3707232650641
2025-01-11 09:00:00,69.9309738399756
2025-01-11 10:00:00,69.5581814390828
2025-01-13 13:00:00,69.6505664357324
2025-01-13 14:00:00,69.4399005539809
2025-01-13 15:00:00,69.5076412090151
2025-01-13 16:00:00,69.5310249633234
2025-01-13 17:00:00,69.0586564703547
2025-01-13 18:00:00,
2025-01-13 19:00:00,
2025-01-13 20:00:00,69.313088669117
2025-01-13 21:00:00,69.3866017245626
2025-01-13 22:00:00,69.064466042424
2025-01-13 23:00:00,69.5059590888661
2025-01-14 00:00:00,69.4684167605637
2025-01-14 01:00:00,69.3529838762274
2025-01-14 02:00:00,69.306693768386
2025-01-14 03:00:00,69.1357719537989
2025-01-14 04:00:00,69.7834807301947
2025-01-14 05:00:00,69.7069832343862
2025-01-14 06:00:00,69.2425872109356
2025-01-14 07:00:00,69.0775072893748
2025-01-14 08:00:00,70.1055779827427
2025-01-14 09:00:00,69.4612453029995
2025-01-14 10:00:00,68.070455595427
2025-01-14 11:00:00,69.6315289431046
2025-01-14 12:00:00,70.5876992828685
2025-01-14 13:00:00,70.2217966570236
2025-01-14 14:00:00,
2025-01-14 15:00:00,
2025-01-14 16:00:00,69.7877903883087
2025-01-14 17:00:00,69.2154245206459
2025-01-14 18:00:00,69.5000433729176
2025-01-14 19:00:00,69.6090124621137
2025-01-14 20:00:00,69.8565055537994
2025-01-14 21:00:00,69.7807422936074
2025-01-14 22:00:00,68.5599579688444
2025-01-14 23:00:00,69.5544481223335
2025-01-15 00:00:00,69.0762324749622
2025-01-15 01:00:00,68.3275114241927
2025-01-15 02:00:00,69.2887267737981
2025-01-15 03:00:00,69.4422913060441
2025-01-15 04:00:00,69.4558698165791
2025-01-15 06:00:00,69.0085776338597
2025-01-15 17:00:00,69.0588729963012
2025-01-15 18:00:00,68.8254997747193
2025-01-15 19:00:00,68.894242964173
2025-01-15 20:00:00,68.9923776515145
2025-01-15 21:00:00,68.6672098029133
2025-01-15 22:00:00,68.5432638877454
2025-01-15 23:00:00,69.3339959204705
2025-01-16 00:00:00,68.1411228192773
2025-01-16 01:00:00,68.2674467188642
2025-01-16 02:00:00,68.5055711691589
2025-01-16 03:00:00,68.4872009226371
2025-01-16 04:00:00,68.8872500378088
2025-01-16 05:00:00,67.8273826778883
2025-01-16 06:00:00,67.7795578356069
2025-01-16 07:00:00,69.1988648886944
2025-01-16 08:00:00,68.608263152279
2025-01-16 09:00:00,69.3122577736744
2025-01-16 10:00:00,68.6481989419201
2025-01-16 11:00:00,68.6058058576051
2025-01-16 12:00:00,68.0101397927079
2025-01-16 13:00:00,52.8541091721792
2025-01-16 14:00:00,68.1951873325314
2025-01-16 15:00:00,69.1592411830457
2025-01-16 16:00:00,68.0994491257639
2025-01-16 17:00:00,68.7319154730535
2025-01-16 18:00:00,68.9814714179741
2025-01-16 19:00:00,69.0825864385766
2025-01-16 20:00:00,68.5349230662511
2025-01-16 21:00:00,68.9044711444124
2025-01-16 22:00:00,68.1432799888749
2025-01-16 23:00:00,69.0922881925154
2025-01-17 00:00:00,
2025-01-17 01:00:00,
2025-01-17 02:00:00,
2025-01-17 03:00:00,
2025-01-17 04:00:00,
2025-01-17 06:00:00,
2025-01-17 07:00:00,
2025-01-17 08:00:00,
2025-01-17 09:00:00,
2025-01-17 10:00:00,
2025-01-17 11:00:00,
2025-01-17 12:00:00,
2025-01-17 13:00:00,
2025-01-18 15:00:00,94.6479175266676
2025-01-18 16:00:00,94.5835626976787
2025-01-18 17:00:00,94.3286734756092
2025-01-18 18:00:00,92.4884228001705
2025-01-18 19:00:00,94.7698288710369
2025-01-18 20:00:00,94.7005113035644
2025-01-18 21:00:00,94.6273765178943
2025-01-18 22:00:00,94.5594566592774
2025-01-18 23:00:00,94.1974078259034
2025-01-19 00:00:00,93.7868123837393
2025-01-19 01:00:00,93.4601335487455
2025-01-19 02:00:00,93.3608909657949
2025-01-19 03:00:00,93.6254427093115
2025-01-19 05:00:00,93.3139804284447
2025-01-19 07:00:00,92.9699186622862
2025-01-19 19:00:00,93.3308814551264
2025-01-19 20:00:00,93.478412361623
2025-01-19 21:00:00,93.0078145660764
2025-01-19 22:00:00,93.1773222568596
2025-01-19 23:00:00,93.1400931076762
2025-01-20 00:00:00,92.7604478667736
2025-01-20 01:00:00,92.0193431343266
2025-01-20 02:00:00,92.8114045868989
2025-01-20 03:00:00,92.4471268007094
2025-01-20 04:00:00,92.7158904532466
2025-01-20 05:00:00,92.1335471957243
2025-01-20 06:00:00,92.6231297951576
2025-01-20 07:00:00,92.598879032878
2025-01-20 08:00:00,92.2306697324152
2025-01-20 09:00:00,92.3461603086027
2025-01-20 10:00:00,92.7348015113235
2025-01-20 11:00:00,92.3211996725552
2025-01-20 12:00:00,92.3064069710005
2025-01-20 13:00:00,92.4124275763425
2025-01-20 14:00:00,92.7549489279669
2025-01-20 15:00:00,92.3903711969863
2025-01-20 16:00:00,92.5135404313068
2025-01-20 17:00:00,92.3194501867428
2025-01-20 18:00:00,92.3952151610958
2025-01-20 19:00:00,92.468639448174
2025-01-20 20:00:00,92.2411784951117
2025-01-20 21:00:00,92.3443133418643
2025-01-20 22:00:00,92.3848522915272
2025-01-20 23:00:00,92.8726206567477
2025-01-21 00:00:00,90.7152594840121
2025-01-21 01:00:00,92.2590278529046
2025-01-21 02:00:00,91.7140772608682
2025-01-21 03:00:00,92.1610216461615
2025-01-21 04:00:00,91.7622766690871
2025-01-21 06:00:00,91.3963628229848
2025-01-21 07:00:00,91.1145720578951
2025-01-21 08:00:00,92.2280536850818
2025-01-21 09:00:00,92.8343088559738
2025-01-21 10:00:00,91.5106251856518
2025-01-21 11:00:00,91.8059998807073
2025-01-21 12:00:00,90.7705720723957
2025-01-21 13:00:00,91.6462515438246
2025-01-21 14:00:00,91.7324385588365
2025-01-21 15:00:00,90.5133145383171
2025-01-21 16:00:00,91.1496551564769
2025-01-21 17:00:00,91.5911894695446
2025-01-21 18:00:00,91.7439235414294
2025-01-21 19:00:00,92.2633783566297
2025-01-21 20:00:00,91.8523026963839
2025-01-21 21:00:00,90.5548656876685
2025-01-21 22:00:00,90.8288575218495
2025-01-21 23:00:00,91.8647699995457
2025-01-22 00:00:00,90.5741603180474
2025-01-22 01:00:00,91.3431632506441
2025-01-22 02:00:00,91.3812547128042
2025-01-22 03:00:00,91.1509399679604
2025-01-22 04:00:00,91.3972057530004
2025-01-22 05:00:00,91.4549384364436
2025-01-22 06:00:00,90.2263616159996
2025-01-22 07:00:00,90.3871273058952
2025-01-22 08:00:00,90.8008010107185
2025-01-22 09:00:00,91.4500497234459
2025-01-22 10:00:00,90.7132763940469
2025-01-22 11:00:00,90.7261230881138
2025-01-22 12:00:00,90.4638079558642
2025-01-22 13:00:00,91.8897371666192
2025-01-22 14:00:00,90.6018923976413
2025-01-22 15:00:00,90.8620484854036
2025-01-22 16:00:00,90.7969542626235
2025-01-22 17:00:00,91.817714125015
2025-01-22 18:00:00,90.8912731374437
2025-01-22 19:00:00,91.3950658115124
2025-01-22 20:00:00,89.7331934349716
2025-01-22 21:00:00,91.9318529211383
2025-01-22 22:00:00,91.5749538831877
2025-01-22 23:00:00,90.8852940948425
2025-01-23 00:00:00,89.4815066433315
2025-01-23 01:00:00,90.6568715264933
2025-01-23 02:00:00,89.8169812531426
2025-01-23 03:00:00,89.9177337446261
2025-01-23 04:00:00,90.1620444982797
2025-01-23 05:00:00,89.9101663709637
2025-01-23 07:00:00,90.614809355501
2025-01-23 08:00:00,90.8047761952116
2025-01-23 09:00:00,90.0247338494417
2025-01-23 10:00:00,90.5149126189312
2025-01-23 21:00:00,90.1619724096026
2025-01-23 22:00:00,90.9707681793318
2025-01-23 23:00:00,90.2141419642944
2025-01-24 00:00:00,89.4554228760222
2025-01-24 01:00:00,89.0016663781515
2025-01-24 02:00:00,88.4963961424052
2025-01-24 03:00:00,89.7775234327997
2025-01-24 04:00:00,89.6004156412771
2025-01-24 05:00:00,89.6429382013794
2025-01-24 06:00:00,88.5927600076653
2025-01-24 07:00:00,89.6692331934344
2025-01-24 08:00:00,88.5631228963679
2025-01-24 09:00:00,89.9141228791886
2025-01-24 10:00:00,89.9586399521022
2025-01-24 11:00:00,89.7571499186042
2025-01-24 12:00:00,89.5310822468801
2025-01-24 13:00:00,90.2419316924056
2025-01-24 14:00:00,89.8399901077887
2025-01-25 01:00:00,88.7048567681887
2025-01-25 03:00:00,88.1648687631657
2025-01-25 04:00:00,87.9449324554175
2025-01-25 05:00:00,89.4082803556683
2025-01-25 06:00:00,88.9372021023078
2025-01-25 07:00:00,89.4727383193943
2025-01-25 08:00:00,88.8711425391256
2025-01-25 09:00:00,88.5903989494268
2025-01-25 11:00:00,88.9357315729628
2025-01-25 12:00:00,90.2165907911101
2025-01-25 13:00:00,89.1325422181996
2025-01-25 14:00:00,90.3687738852146
2025-01-25 15:00:00,89.1484615265954
2025-01-25 16:00:00,88.9177208228734
2025-01-25 17:00:00,89.2451372434278
2025-01-25 18:00:00,88.5259001990492
2025-01-25 19:00:00,89.0821363443108
2025-01-25 20:00:00,88.9874321112107
2025-01-25 21:00:00,88.6183582531242
2025-01-25 22:00:00,89.0143582843776
2025-01-25 23:00:00,88.1045520648342
2025-01-26 00:00:00,88.8983765558613
2025-01-26 01:00:00,87.6689225452936
2025-01-26 02:00:00,88.8093310414508
2025-01-26 03:00:00,88.458143013051
2025-01-26 04:00:00,89.1078739931835
2025-01-26 05:00:00,88.2724572681884
2025-01-26 06:00:00,88.341331118811
2025-01-26 07:00:00,88.5657416264181
2025-01-26 08:00:00,88.4145970825788
2025-01-26 09:00:00,88.4471655342504
2025-01-26 10:00:00,88.1052312345541
2025-01-26 11:00:00,88.3884156747928
2025-01-26 12:00:00,88.7670332193064
2025-01-26 13:00:00,88.9329340659236
2025-01-26 14:00:00,90.1375255563107
2025-01-26 15:00:00,89.9035928327779
2025-01-26 16:00:00,88.5590833449357
2025-01-26 17:00:00,88.5384797985075
2025-01-26 18:00:00,88.5481370068679
2025-01-26 19:00:00,89.894484818867
2025-01-26 20:00:00,89.0021857309433
2025-01-26 21:00:00,87.613783923223
2025-01-26 22:00:00,89.2079223918734
2025-01-26 23:00:00,88.7011263752192
2025-01-27 00:00:00,88.0054793393689
2025-01-27 01:00:00,87.3481385211128
2025-01-27 02:00:00,88.464157819358
2025-01-27 03:00:00,88.514075048599
2025-01-27 04:00:00,88.0966426270302
2025-01-27 06:00:00,87.5829914168962
2025-01-27 07:00:00,87.0144252929084
2025-01-27 08:00:00,88.7357082420527
2025-01-27 09:00:00,86.7177837325726
2025-01-27 10:00:00,87.7016166920064
2025-01-27 11:00:00,87.8182174415479
2025-01-27 12:00:00,87.8004656590301
2025-01-27 13:00:00,87.6926944208995
2025-01-27 14:00:00,87.6782643945805
2025-01-27 15:00:00,87.9773531317521
2025-01-27 16:00:00,87.5765599356092
2025-01-27 17:00:00,87.9314193410553
2025-01-27 18:00:00,88.2032016927358
2025-01-27 19:00:00,110.466636369297
2025-01-27 20:00:00,87.8763864260646
2025-01-28 08:00:00,86.8454525603706
2025-01-28 09:00:00,87.2067297174086
2025-01-28 10:00:00,86.3496758024988
2025-01-28 12:00:00,86.4845467716318
2025-01-28 13:00:00,87.1630533798652
2025-01-28 14:00:00,86.6427431508441
2025-01-28 15:00:00,87.3444875292581
2025-01-28 16:00:00,87.0770643907387
2025-01-28 17:00:00,85.8744832357613
2025-01-28 18:00:00,87.8366854736843
2025-01-28 19:00:00,87.0135389044485
2025-01-28 20:00:00,86.4242209508779
2025-01-28 21:00:00,86.7383089038634
2025-01-28 22:00:00,87.390232582236
2025-01-28 23:00:00,85.7034610323683
2025-01-29 00:00:00,86.3258801360959
2025-01-29 01:00:00,85.2930847068013
2025-01-29 02:00:00,85.5978626780767
2025-01-29 03:00:00,85.536381470014
2025-01-29 04:00:00,86.0588939872479
2025-01-29 05:00:00,86.1741691377153
2025-01-29 06:00:00,85.7977379564972
2025-01-29 08:00:00,86.1788574316155
2025-01-29 09:00:00,86.3795539477167
2025-01-29 10:00:00,87.0809574925697
2025-01-29 11:00:00,85.9229216509933
2025-01-29 12:00:00,85.790412705417
2025-01-29 13:00:00,86.2449731970587
2025-01-29 14:00:00,86.7430406443619
2025-01-29 15:00:00,85.600310548351
2025-01-29 16:00:00,87.2043277914345
2025-01-29 17:00:00,86.4116084937869
2025-01-29 18:00:00,86.2549047595828
2025-01-29 19:00:00,86.1120127814732
2025-01-29 20:00:00,86.6388188563046
2025-01-29 21:00:00,85.6135803641989
2025-01-29 22:00:00,86.0122054412055
2025-01-29 23:00:00,86.0181217211713
2025-01-30 00:00:00,86.0624335484409
2025-01-30 01:00:00,85.6791403376765
2025-01-30 02:00:00,86.7938911171764
2025-01-30 03:00:00,86.3735402346057
2025-01-30 04:00:00,86.1141762001794
2025-01-30 05:00:00,86.6211880875378
2025-01-30 06:00:00,85.364968952944
2025-01-30 07:00:00,86.2472933035407
2025-01-30 08:00:00,86.4981835362285
2025-01-30 09:00:00,86.1842620486676
2025-01-30 10:00:00,85.7870949033976
2025-01-30 11:00:00,85.6001243272802
2025-01-30 12:00:00,86.2349771961413
2025-01-30 13:00:00,61.3985679580054
2025-01-30 14:00:00,87.0377330964758
2025-01-30 15:00:00,87.4683618193267
2025-01-30 16:00:00,85.5532250414819
2025-01-30 17:00:00,85.5979675052521
2025-01-30 18:00:00,85.6607235999427
2025-01-30 19:00:00,86.654558230128
2025-02-03 12:00:00,85.5146672505095
2025-02-03 13:00:00,85.3861997646104
2025-02-03 14:00:00,85.5578912290962
2025-02-03 15:00:00,85.8988953350345
2025-02-03 21:00:00,85.518347625867
2025-02-03 23:00:00,85.874932488197
2025-02-04 00:00:00,84.8833514153689
2025-02-04 01:00:00,84.3881816719593
2025-02-04 02:00:00,84.4447972300962
2025-02-04 03:00:00,84.5733769340293
2025-02-04 04:00:00,84.7109485695913
2025-02-04 06:00:00,85.4580066718607
2025-02-04 07:00:00,84.7231752042839
2025-02-04 10:00:00,85.0670074538476
2025-02-04 12:00:00,85.466319888943
2025-02-04 14:00:00,85.230948741902
2025-02-04 15:00:00,84.7823132334317
2025-02-04 16:00:00,84.9165963289353
2025-02-04 17:00:00,85.4434245300441
2025-02-04 18:00:00,85.7290993880023
2025-02-04 20:00:00,85.0981908516348
2025-02-04 21:00:00,84.8444154020223
2025-02-04 22:00:00,85.2925893657462
2025-02-04 23:00:00,85.56926753873
2025-02-05 00:00:00,84.1246088805608
2025-02-05 01:00:00,84.8392409173744
2025-02-05 02:00:00,84.3124724105329
2025-02-05 03:00:00,84.4446437426956
2025-02-05 04:00:00,84.608662306705
2025-02-05 05:00:00,84.2948071107404
2025-02-05 06:00:00,84.5515030512013
2025-02-05 07:00:00,84.1431096410447
2025-02-05 08:00:00,84.0067817437734
2025-02-05 09:00:00,84.4038093991317
2025-02-05 10:00:00,84.8164155871234
2025-02-05 11:00:00,84.2941114178123
2025-02-05 12:00:00,83.3142062766568
2025-02-05 13:00:00,84.1313555794973
2025-02-05 14:00:00,84.5313099900939
2025-02-05 15:00:00,83.7892892369374
2025-02-05 16:00:00,84.2331372556894
2025-02-05 17:00:00,84.3697687162279
2025-02-05 18:00:00,84.5335498569739
2025-02-05 19:00:00,83.9406296513711
2025-02-05 20:00:00,83.7868730658533
2025-02-05 21:00:00,84.1189538140754
2025-02-05 22:00:00,84.1556257382651
2025-02-05 23:00:00,84.0213776089567
2025-02-06 00:00:00,83.4551270217313
2025-02-06 01:00:00,83.7897979567589
2025-02-06 02:00:00,83.5741944937959
2025-02-06 03:00:00,100.608991902195
2025-02-06 04:00:00,83.2271226376877
2025-02-06 05:00:00,83.4127894667631
2025-02-06 06:00:00,83.2310868107807
2025-02-06 07:00:00,83.4690124513514
2025-02-06 08:00:00,83.4282525794084
2025-02-06 09:00:00,83.1326393114423
2025-02-06 13:00:00,82.8039387939115
2025-02-06 14:00:00,83.2303561977688
2025-02-06 15:00:00,83.4786033702528
2025-02-06 16:00:00,83.1245835168262
2025-02-06 17:00:00,82.5141121247266
2025-02-06 18:00:00,82.9591472517758
2025-02-06 19:00:00,83.0793604575681
2025-02-06 20:00:00,83.2613321595872
2025-02-06 21:00:00,82.812978711706
2025-02-06 22:00:00,83.6492928210075
2025-02-06 23:00:00,83.5984307501195
2025-02-07 00:00:00,83.5738962913882
2025-02-07 01:00:00,83.1471894081937
2025-02-07 02:00:00,83.1738223135125
2025-02-07 03:00:00,83.0134723198669
2025-02-07 04:00:00,83.0738369111768
2025-02-07 05:00:00,83.2088373339594
2025-02-07 06:00:00,82.560538880244
2025-02-07 07:00:00,82.8878676928594
2025-02-07 08:00:00,82.2553259573622
2025-02-07 09:00:00,82.5532709309745
2025-02-07 10:00:00,82.6392476270003
2025-02-07 11:00:00,83.1107270330397
2025-02-07 12:00:00,82.7491134177667
2025-02-07 13:00:00,82.0184790993592
2025-02-07 14:00:00,83.2903070842148
2025-02-07 15:00:00,82.618915240079
2025-02-07 16:00:00,82.9804813904719
2025-02-07 17:00:00,83.0158752357103
2025-02-07 18:00:00,82.8062733888955
2025-02-07 19:00:00,82.7946019640172
2025-02-07 20:00:00,83.3085723367205
2025-02-07 21:00:00,82.4530742892384
2025-02-07 22:00:00,83.4516438419633
2025-02-07 23:00:00,82.483094505241
2025-02-08 00:00:00,81.958359771493
2025-02-08 01:00:00,81.158055095963
2025-02-08 02:00:00,81.7093020927306
2025-02-08 03:00:00,82.2248000544069
2025-02-08 04:00:00,82.4672273076066
2025-02-08 05:00:00,82.2048452097199
2025-02-08 06:00:00,82.3387404609036
2025-02-08 07:00:00,81.6038591737307
2025-02-08 08:00:00,81.9518894983766
2025-02-08 21:00:00,82.2063086963689
2025-02-08 22:00:00,82.6449775897952
2025-02-08 23:00:00,82.6388833200058
2025-02-09 00:00:00,81.35431369304
2025-02-09 01:00:00,81.6037154704901
2025-02-09 02:00:00,81.1548826457556
2025-02-09 03:00:00,82.2763867084958
2025-02-09 04:00:00,81.7151161979017
2025-02-09 05:00:00,81.8115118892467
2025-02-09 06:00:00,82.0473678854427
2025-02-09 07:00:00,81.2601505978889
2025-02-09 08:00:00,81.6781396854593
2025-02-09 09:00:00,81.9913735341693
2025-02-09 10:00:00,82.1770064409922
2025-02-09 11:00:00,81.668450184126
2025-02-09 12:00:00,82.0689340258264
2025-02-09 13:00:00,81.9014543534311
2025-02-09 14:00:00,82.1111529136553
2025-02-09 15:00:00,81.9992358456623
2025-02-09 16:00:00,81.4486181351191
2025-02-09 17:00:00,81.8029543439161
2025-02-09 18:00:00,81.711930508976
2025-02-09 19:00:00,81.642867667922
2025-02-09 20:00:00,81.9855831745307
2025-02-09 21:00:00,81.9919642707543
2025-02-09 22:00:00,81.5833424214966
2025-02-10 00:00:00,80.5586092868539
2025-02-10 01:00:00,
2025-02-10 02:00:00,81.1448105697968
2025-02-10 03:00:00,81.441049027522
2025-02-10 04:00:00,81.1089979613382
2025-02-10 05:00:00,80.9425720002537
2025-02-10 06:00:00,80.2614647358771
2025-02-10 07:00:00,81.2350230020816
2025-02-10 08:00:00,80.8454215937515
2025-02-10 09:00:00,80.3782129026462
2025-02-10 10:00:00,80.5383789981414
2025-02-10 11:00:00,80.9780601611375
2025-02-10 12:00:00,80.5229196607626
2025-02-10 13:00:00,81.247777927306
2025-02-10 14:00:00,80.9343012467982
2025-02-10 15:00:00,80.6181823477859
2025-02-10 16:00:00,81.0948960464343
2025-02-10 17:00:00,80.6261189260338
2025-02-10 18:00:00,80.7310791802369
2025-02-10 19:00:00,81.3872978290369
2025-02-10 20:00:00,80.8264371449399
2025-02-10 21:00:00,81.4026716845455
2025-02-10 22:00:00,81.4028585220557
2025-02-10 23:00:00,80.4739097596931
2025-02-11 00:00:00,80.094284011771
2025-02-11 01:00:00,79.7151643867702
2025-02-11 02:00:00,80.1666896862025
2025-02-11 03:00:00,79.7241844598809
2025-02-11 04:00:00,80.4540731419404
2025-02-11 05:00:00,80.2320796557421
2025-02-11 06:00:00,80.2388204464641
2025-02-11 07:00:00,79.9864418427286
2025-02-11 08:00:00,80.5539160582287
2025-02-11 09:00:00,62.2586868900515
2025-02-11 10:00:00,80.2386787981747
2025-02-11 11:00:00,80.1480475506243
2025-02-11 12:00:00,79.6456189001226
2025-02-11 13:00:00,79.6176981706368
2025-02-11 14:00:00,80.1167485740131
2025-02-11 15:00:00,80.8424248434918
2025-02-11 16:00:00,80.6570414269116
2025-02-12 05:00:00,80.6093495840448
2025-02-12 06:00:00,80.0731112702541
2025-02-12 08:00:00,102.442374784039
2025-02-12 09:00:00,79.6903036474792
2025-02-12 10:00:00,79.7378891454639
2025-02-12 11:00:00,79.687810006226
2025-02-12 12:00:00,79.9405318832379
2025-02-12 13:00:00,79.5022817882555
2025-02-12 14:00:00,79.736050184285
2025-02-12 15:00:00,79.5281696476035
2025-02-12 16:00:00,80.004354790884
2025-02-12 17:00:00,80.3692043818446
2025-02-12 18:00:00,80.1484941463247
2025-02-12 19:00:00,80.142209654851
2025-02-12 20:00:00,79.1270266777054
2025-02-12 21:00:00,79.8707439907457
2025-02-12 22:00:00,80.0968503940281
2025-02-12 23:00:00,79.5605798780663
2025-02-13 00:00:00,79.4620964734788
2025-02-13 01:00:00,79.1480473438949
2025-02-13 02:00:00,78.8905409840403
2025-02-13 03:00:00,79.0534693797852
2025-02-13 04:00:00,79.2413539712883
2025-02-13 05:00:00,78.71088003525
2025-02-13 06:00:00,78.6342586170813
2025-02-13 07:00:00,78.6503724753778
2025-02-13 10:00:00,79.6681232315759
2025-02-13 11:00:00,78.9551843093283
2025-02-13 12:00:00,79.458657309304
2025-02-13 13:00:00,79.0343790162356
2025-02-13 14:00:00,78.7238385087656
2025-02-13 15:00:00,79.0158207920618
2025-02-13 16:00:00,79.2739074935489
2025-02-13 17:00:00,79.3049459415497
2025-02-13 18:00:00,79.223441198753
2025-02-13 19:00:00,79.2417714069711
2025-02-13 20:00:00,78.7132571396662
2025-02-13 21:00:00,79.1805949329551
2025-02-13 22:00:00,78.9185857595067
2025-02-13 23:00:00,79.5521688358431
2025-02-14 01:00:00,78.9306712622732
2025-02-14 02:00:00,78.7179011269587
2025-02-14 03:00:00,78.2335687694286
2025-02-14 04:00:00,78.4561902302069
2025-02-14 05:00:00,78.4233059671748
2025-02-14 06:00:00,79.0283484329938
2025-02-14 07:00:00,78.5783868124716
2025-02-14 08:00:00,78.1353171237756
2025-02-14 09:00:00,79.112621955393
2025-02-14 10:00:00,78.5335903042492
2025-02-14 11:00:00,79.2017230891382
2025-02-14 12:00:00,78.7503462374556
2025-02-14 13:00:00,79.017680485462
2025-02-14 14:00:00,78.701091209446
2025-02-14 15:00:00,78.1291157477444
2025-02-14 16:00:00,78.2788060809501
2025-02-14 17:00:00,78.6540234990592
2025-02-14 18:00:00,78.5715966445464
2025-02-14 19:00:00,79.2295207975844
2025-02-14 20:00:00,79.0439811680186
2025-02-14 21:00:00,78.757366399898
2025-02-14 22:00:00,77.6899784536482
2025-02-14 23:00:00,78.3799960649454
2025-02-15 00:00:00,77.5319959114527
2025-02-15 01:00:00,78.0995759373062
2025-02-15 02:00:00,78.0185540172146
2025-02-15 03:00:00,78.1669251195789
2025-02-15 04:00:00,78.0161521974488
2025-02-15 05:00:00,77.9007957884903
2025-02-15 06:00:00,78.1839568733335
2025-02-15 07:00:00,77.4737247492922
2025-02-15 08:00:00,77.8396105522437
2025-02-15 09:00:00,96.0429593046188
2025-02-15 10:00:00,78.0280838824395
2025-02-15 11:00:00,77.8179048232229
2025-02-15 13:00:00,77.4401122778158
2025-02-15 14:00:00,77.1405778470488
2025-02-15 15:00:00,78.05870424666
2025-02-15 16:00:00,77.7189187581754
2025-02-15 17:00:00,77.7297942347961
2025-02-15 18:00:00,77.5139327806351
2025-02-15 19:00:00,78.042492239342
2025-02-15 20:00:00,96.6007860420582
2025-02-15 21:00:00,77.683819812579
2025-02-15 22:00:00,78.1519294518688
2025-02-15 23:00:00,77.9173754276969
2025-02-16 00:00:00,77.5291344096101
2025-02-16 01:00:00,77.6890295632201
2025-02-16 02:00:00,77.0148961327998
2025-02-16 03:00:00,77.5887767865257
2025-02-16 04:00:00,77.6128329638555
2025-02-16 05:00:00,77.2109857993309
2025-02-16 06:00:00,77.1161517484146
2025-02-16 07:00:00,77.1415805725443
2025-02-16 08:00:00,76.9271908069437
2025-02-16 11:00:00,76.9378587509641
2025-02-16 12:00:00,78.0997079408423
2025-02-16 13:00:00,76.6732035074352
2025-02-16 14:00:00,77.4784341964359
2025-02-16 15:00:00,76.9450541722234
2025-02-16 16:00:00,77.7678452154139
2025-02-16 17:00:00,77.3264980871107
2025-02-16 18:00:00,76.9034006398195
2025-02-16 19:00:00,77.7230305784431
2025-02-16 20:00:00,77.6138701143067
2025-02-16 21:00:00,77.4002361196572
2025-02-16 22:00:00,77.4047917186088
2025-02-16 23:00:00,76.7339847292201
2025-02-17 00:00:00,77.2986028254342
2025-02-17 01:00:00,76.6825187581514
2025-02-17 02:00:00,76.7429200117761
2025-02-17 03:00:00,76.5495813599359
2025-02-17 04:00:00,76.9017079695977
2025-02-17 05:00:00,76.7521323068114
2025-02-17 06:00:00,77.4000615459741
2025-02-17 07:00:00,77.0774270907877
2025-02-17 08:00:00,77.162395552978
2025-02-17 10:00:00,76.7391953818112
2025-02-17 20:00:00,54.406813761396
2025-02-17 21:00:00,77.5677925008108
2025-02-17 22:00:00,77.1421745419127
2025-02-18 00:00:00,76.3359241466344
2025-02-18 01:00:00,76.6156535697532
2025-02-18 02:00:00,76.5143025878607
2025-02-18 03:00:00,77.0088025210747
2025-02-18 04:00:00,77.5107195592293
2025-02-18 05:00:00,77.1092020670878
2025-02-18 07:00:00,76.2379039526093
2025-02-18 08:00:00,76.9693483043199
2025-02-18 09:00:00,76.9210136762255
2025-02-18 11:00:00,76.5383079899868
2025-02-18 12:00:00,77.2007909459613
2025-02-18 13:00:00,77.0501192539101
2025-02-18 14:00:00,76.8551329168003
2025-02-18 15:00:00,76.8293974558113
2025-02-18 16:00:00,76.7203844743022
2025-02-18 17:00:00,76.8779339259689
2025-02-18 18:00:00,76.0527707209503
2025-02-18 19:00:00,76.3139532827367
2025-02-18 20:00:00,76.6579904296188
2025-02-18 21:00:00,77.0654629859809
2025-02-18 22:00:00,76.2345128276099
2025-02-18 23:00:00,77.2819001979243
2025-02-19 00:00:00,77.3382272193645
2025-02-19 01:00:00,76.0921725394953
2025-02-19 02:00:00,76.678750821012
2025-02-19 03:00:00,74.6186793902383
2025-02-19 04:00:00,77.050145436696
2025-02-19 05:00:00,77.1504524205284
2025-02-19 06:00:00,76.7494510230385
2025-02-19 07:00:00,76.2456316921586
2025-02-19 08:00:00,77.1968866781187
2025-02-19 09:00:00,75.8783145101838
2025-02-19 10:00:00,76.0015775864925
2025-02-19 11:00:00,76.4058361090672
2025-02-19 12:00:00,76.6279379119992
2025-02-19 13:00:00,76.8848778729574
2025-02-19 14:00:00,75.978892570927
2025-02-19 15:00:00,76.9818854923143
2025-02-19 16:00:00,76.7343327611955
2025-02-19 17:00:00,77.1819316440565
2025-02-19 18:00:00,76.6480229504392
2025-02-19 19:00:00,75.9910478040687
2025-02-19 20:00:00,76.7279455901991
2025-02-19 21:00:00,76.2605844591728
2025-02-19 22:00:00,76.0109092116772
2025-02-19 23:00:00,76.443269879865
2025-02-20 00:00:00,76.0658392820986
2025-02-20 01:00:00,76.4186394740472
2025-02-20 02:00:00,76.3554152713616
2025-02-20 03:00:00,76.7157059563623
2025-02-20 04:00:00,76.2258549399181
2025-02-20 05:00:00,76.1637207061577
2025-02-20 06:00:00,76.0983465605063
2025-02-20 07:00:00,75.7541113060319
2025-02-20 08:00:00,76.3575952505499
2025-02-20 09:00:00,75.856821135982
2025-02-20 10:00:00,76.55806268862
2025-02-20 11:00:00,75.9625814091107
2025-02-20 12:00:00,76.2966478135826
2025-02-20 13:00:00,76.6843567488202
2025-02-20 14:00:00,76.562781055423
2025-02-20 15:00:00,76.1888224421479
2025-02-20 16:00:00,75.88469511349
2025-02-20 17:00:00,76.7001968245267
2025-02-20 18:00:00,76.6735420154111
2025-02-20 19:00:00,75.844961823919
2025-02-20 20:00:00,87.9756296041412
2025-02-20 21:00:00,76.4507048633991
2025-02-20 22:00:00,77.717304847692
2025-02-20 23:00:00,76.2579236172105
2025-02-21 00:00:00,75.8862921513539
2025-02-21 01:00:00,63.1991759050616
2025-02-21 02:00:00,75.8192651754213
2025-02-21 03:00:00,75.8322428952309
2025-02-21 04:00:00,75.9568562303087
2025-02-21 05:00:00,75.691664628146
2025-02-21 07:00:00,75.6276416237695
2025-02-21 08:00:00,76.3966336824269
2025-02-21 09:00:00,76.1620498522902
2025-02-21 10:00:00,76.1465360667801
2025-02-21 11:00:00,75.6456598228406
2025-02-21 12:00:00,75.7469841908839
2025-02-21 13:00:00,75.6725100911632
2025-02-21 14:00:00,76.5479837911732
2025-02-21 15:00:00,75.3900857693792
2025-02-21 16:00:00,75.5281240297258
2025-02-21 17:00:00,75.9657812856237
2025-02-21 18:00:00,76.272291312117
2025-02-21 19:00:00,75.6532861461583
2025-02-21 20:00:00,75.8779853592796
2025-02-21 21:00:00,75.6876534200516
2025-02-21 22:00:00,75.8451769990138
2025-02-21 23:00:00,75.6047739147752
2025-02-22 00:00:00,74.9708965044224
2025-02-22 01:00:00,74.8606293676092
2025-02-22 02:00:00,75.2011237297737
2025-02-22 03:00:00,74.9798583295987
2025-02-22 10:00:00,75.4269774832415
2025-02-22 11:00:00,74.6619160163575
2025-02-22 12:00:00,75.1695156208326
2025-02-23 15:00:00,74.8645968336137
2025-02-23 16:00:00,74.3751031035673
2025-02-23 17:00:00,75.2185395922301
2025-02-23 18:00:00,74.7670053648157
2025-02-23 19:00:00,75.106521950874
2025-02-23 20:00:00,75.1164312686223
2025-02-23 21:00:00,74.4481840867321
2025-02-23 22:00:00,75.1168885125916
2025-02-23 23:00:00,75.0850668197352
2025-02-24 00:00:00,74.4905129387106
2025-02-24 01:00:00,73.7767972935928
2025-02-24 02:00:00,74.3651718637234
2025-02-24 03:00:00,73.8706539042181
2025-02-24 04:00:00,73.6560051055448
2025-02-24 05:00:00,74.2989337858541
2025-02-24 06:00:00,73.5465201436605
2025-02-24 07:00:00,74.4404835322638
2025-02-24 17:00:00,73.9357042441897
2025-02-24 18:00:00,74.5947397322514
2025-02-24 19:00:00,73.6617776301104
2025-02-24 20:00:00,74.0348592192415
2025-02-24 21:00:00,74.118512336131
2025-02-24 22:00:00,74.2336958792909
2025-02-24 23:00:00,73.560956784032
2025-02-25 00:00:00,73.5875781578234
2025-02-25 01:00:00,74.0328673261909
2025-02-25 02:00:00,73.8609557766536
2025-02-25 03:00:00,73.3027768104571
2025-02-25 04:00:00,74.1162656025688
2025-02-25 05:00:00,73.7419717499122
2025-02-25 06:00:00,73.747341712257
2025-02-25 07:00:00,73.9122921538899
2025-02-25 08:00:00,73.8067786918656
2025-02-25 09:00:00,73.3925826848074
2025-02-25 10:00:00,73.5123859929606
2025-02-25 11:00:00,73.738421770238
2025-02-26 11:00:00,72.8377370366077
2025-02-26 12:00:00,72.7398686374096
2025-02-26 13:00:00,73.7088658183313
2025-02-26 14:00:00,73.4452604703412
2025-02-26 15:00:00,73.3099989628497
2025-02-26 16:00:00,73.2213867177947
2025-02-26 17:00:00,73.2026385165267
2025-02-26 18:00:00,73.2387238630727
2025-02-26 19:00:00,72.8470928578925
2025-02-26 20:00:00,73.193454864678
2025-02-26 21:00:00,73.137963508912
2025-02-26 22:00:00,73.0762175424111
2025-02-26 23:00:00,73.6393542329957
2025-02-27 00:00:00,72.7102700437348
2025-02-27 01:00:00,72.8177813999077
2025-02-27 02:00:00,72.5005489529353
2025-02-27 03:00:00,72.0527955632185
2025-02-27 04:00:00,72.6070372810698
2025-02-27 05:00:00,72.9121900080455
2025-02-27 06:00:00,72.9520751469091
2025-02-27 07:00:00,72.9008815956864
2025-02-27 08:00:00,72.3922717262859
2025-02-27 09:00:00,72.4907979163554
2025-02-27 10:00:00,71.0034128531913
2025-02-27 11:00:00,72.9715022069638
2025-02-27 12:00:00,57.0043451149437
2025-02-27 13:00:00,73.1446552345406
2025-02-27 14:00:00,73.1494418410741
2025-02-27 15:00:00,72.8201429872327
2025-02-27 16:00:00,72.0946201846464
2025-02-27 17:00:00,73.1627120378262
2025-02-27 18:00:00,72.9444917152667
2025-02-27 19:00:00,73.0010068986805
2025-02-27 20:00:00,72.855359999066
2025-02-27 21:00:00,71.693174648421
2025-02-27 22:00:00,72.4155220994842
2025-02-27 23:00:00,72.440562506003
2025-02-28 00:00:00,71.3206284153881
2025-02-28 01:00:00,71.4907811535156
2025-02-28 02:00:00,74.4830446936547
2025-02-28 03:00:00,72.8780868787084
2025-02-28 04:00:00,72.3212077576608
2025-02-28 05:00:00,71.786965333289
2025-02-28 06:00:00,72.3151519199876
2025-02-28 07:00:00,72.792063845559
2025-02-28 08:00:00,71.4896522490651
2025-02-28 09:00:00,72.0538293813077
2025-02-28 10:00:00,71.6873882906304
2025-02-28 11:00:00,72.4605853688165
2025-02-28 12:00:00,71.5743996336916
2025-02-28 13:00:00,72.3165859326089
2025-02-28 14:00:00,72.2703329926385
2025-02-28 15:00:00,71.8220765681005
2025-02-28 16:00:00,72.4410745792088
2025-02-28 17:00:00,71.3182276913445
2025-02-28 18:00:00,72.1798649217663
2025-02-28 19:00:00,71.485523743803
2025-02-28 20:00:00,72.1987037286431
2025-02-28 21:00:00,71.6555533029135
2025-02-28 22:00:00,71.9769789143619
2025-02-28 23:00:00,71.9230559688702
2025-03-01 00:00:00,71.2333343926086
2025-03-01 01:00:00,71.5312236756542
2025-03-01 02:00:00,71.6870011978356
2025-03-01 03:00:00,70.5771764953536
2025-03-01 04:00:00,73.5136160193853
2025-03-01 05:00:00,71.5608144408446
2025-03-01 06:00:00,70.9567415858079
2025-03-01 07:00:00,70.9294059766763
2025-03-01 08:00:00,72.9794288349208
2025-03-01 09:00:00,72.6300929749278
2025-03-01 17:00:00,70.4074865599491
2025-03-01 18:00:00,70.564364382672
2025-03-01 19:00:00,71.882386497175
2025-03-01 20:00:00,69.880017535838
2025-03-01 21:00:00,70.2663986893784
2025-03-01 22:00:00,72.5950065103768
2025-03-01 23:00:00,70.3401415795549
2025-03-02 00:00:00,69.967127222786
2025-03-02 01:00:00,70.69631709962
2025-03-02 02:00:00,68.40857697253
2025-03-02 03:00:00,69.9864296010456
2025-03-02 07:00:00,71.4381637619594
2025-03-02 08:00:00,72.233243283012
2025-03-02 09:00:00,72.3989059943853
2025-03-02 10:00:00,70.4412738964363
2025-03-02 11:00:00,71.9669309999537
2025-03-02 12:00:00,71.5190186387827
2025-03-02 13:00:00,71.3236179344153
2025-03-02 14:00:00,72.6467256489746
2025-03-02 15:00:00,71.5498423808457
2025-03-02 16:00:00,81.6529591311815
2025-03-02 17:00:00,72.6707534628095
2025-03-02 18:00:00,72.7883577410404
2025-03-02 19:00:00,73.2905060787134
2025-03-02 20:00:00,71.1236516910018
2025-03-02 21:00:00,73.3995356252465
2025-03-02 22:00:00,73.1267747144997
2025-03-02 23:00:00,73.2278453788835
2025-03-03 00:00:00,71.4600126822279
2025-03-03 01:00:00,71.2408771135353
2025-03-03 02:00:00,68.5991971287896
2025-03-03 03:00:00,69.268975448951
2025-03-03 04:00:00,72.8308537586888
2025-03-03 05:00:00,72.1697598416325
2025-03-03 06:00:00,70.5988630419526
2025-03-03 07:00:00,70.5312134220998
2025-03-03 08:00:00,70.7373585740412
2025-03-03 09:00:00,72.5556427714814
2025-03-03 10:00:00,71.7197718664693
2025-03-03 11:00:00,70.4546758781312
2025-03-03 12:00:00,69.5558214723393
2025-03-03 13:00:00,70.2901474855383
2025-03-03 14:00:00,71.7452611519568
2025-03-03 15:00:00,72.2124635884868
2025-03-03 16:00:00,71.7364280345184
2025-03-03 17:00:00,70.6332544851567
2025-03-03 18:00:00,73.0565058072544
2025-03-03 19:00:00,72.2206515137738
2025-03-03 20:00:00,72.9735419299691
2025-03-03 21:00:00,71.173784298389
2025-03-03 22:00:00,70.090069405873
2025-03-03 23:00:00,71.8653304528791
2025-03-04 00:00:00,71.4530705052605
2025-03-04 01:00:00,71.0535785679639
2025-03-04 02:00:00,70.9983006380848
2025-03-04 03:00:00,70.6379688308398
2025-03-04 04:00:00,68.567323304178
2025-03-04 05:00:00,71.7829161717584
2025-03-04 06:00:00,75.26329273042
2025-03-04 07:00:00,70.6947269211774
2025-03-04 08:00:00,70.3442912584659
2025-03-04 10:00:00,69.7077473296005
2025-03-04 11:00:00,72.1274300246674
2025-03-04 12:00:00,69.809647552725
2025-03-04 13:00:00,71.4962506694409
2025-03-04 14:00:00,68.8677506830929
2025-03-04 15:00:00,72.7816121648952
2025-03-04 16:00:00,71.4778370345431
2025-03-04 17:00:00,70.1323313544191
2025-03-04 18:00:00,71.0859010370779
2025-03-04 19:00:00,70.7307861711323
2025-03-04 20:00:00,69.3471223699404
2025-03-04 21:00:00,68.6406133526432
2025-03-04 22:00:00,70.3406948409629
2025-03-04 23:00:00,70.9855669422336
2025-03-05 00:00:00,
2025-03-05 01:00:00,
2025-03-05 02:00:00,
2025-03-05 03:00:00,
2025-03-05 04:00:00,
2025-03-05 05:00:00,
2025-03-05 06:00:00,
2025-03-05 07:00:00,
2025-03-05 08:00:00,
2025-03-05 09:00:00,
2025-03-05 10:00:00,
2025-03-05 11:00:00,
2025-03-05 12:00:00,
2025-03-05 13:00:00,
2025-03-05 14:00:00,
2025-03-05 15:00:00,
2025-03-05 16:00:00,
2025-03-05 17:00:00,
2025-03-05 18:00:00,
2025-03-05 19:00:00,
2025-03-05 20:00:00,
2025-03-05 21:00:00,
2025-03-05 22:00:00,
2025-03-05 23:00:00,
2025-03-06 00:00:00,88.4000924094711
2025-03-06 01:00:00,88.1335154249107
2025-03-06 02:00:00,87.8328742034726
2025-03-06 03:00:00,87.5197842933652
2025-03-06 04:00:00,88.0529856703138
2025-03-06 05:00:00,87.0769463691598
2025-03-06 06:00:00,89.2576431980892
2025-03-06 07:00:00,88.4447820226917
2025-03-06 08:00:00,87.6429448018907
2025-03-06 09:00:00,88.8028870063016
2025-03-06 10:00:00,88.233637526332
2025-03-06 11:00:00,88.1919150717186
2025-03-06 12:00:00,87.5726497599208
2025-03-07 00:00:00,87.0170708485994
2025-03-07 01:00:00,88.6427202410924
2025-03-07 02:00:00,88.8235116884709
2025-03-07 03:00:00,88.826703835825
2025-03-07 04:00:00,89.1404872640269
2025-03-07 05:00:00,87.0291069791706
2025-03-07 06:00:00,89.2136707241019
2025-03-07 07:00:00,88.196763463142
2025-03-07 09:00:00,87.4211699848721
2025-03-07 10:00:00,87.6662141567086
2025-03-07 11:00:00,87.7554829927886
2025-03-07 12:00:00,88.5494072767071
2025-03-07 13:00:00,88.0582374344901
2025-03-07 14:00:00,87.5971746564759
2025-03-07 15:00:00,87.9205114150564
2025-03-07 16:00:00,88.3193231188566
2025-03-07 17:00:00,88.5520792973982
2025-03-07 18:00:00,87.8611596192399
2025-03-07 19:00:00,87.9235380903451
2025-03-07 20:00:00,88.4783837719107
2025-03-07 21:00:00,86.528109480668
2025-03-07 22:00:00,87.4781337219858
2025-03-07 23:00:00,88.1447917921006
2025-03-08 00:00:00,88.055865645529
2025-03-08 01:00:00,88.0694700966752
2025-03-08 02:00:00,88.6990073839791
2025-03-08 03:00:00,88.2269904647013
2025-03-08 04:00:00,87.5636918768011
2025-03-08 05:00:00,86.9166401050711
2025-03-08 06:00:00,87.6960159405491
2025-03-08 07:00:00,86.3442482534245
2025-03-08 08:00:00,87.2645552578547
2025-03-08 09:00:00,87.1954666451634
2025-03-08 11:00:00,89.011899307891
2025-03-08 12:00:00,87.6597381105272
2025-03-08 13:00:00,87.8368410279953
2025-03-08 14:00:00,85.9884236068957
2025-03-08 15:00:00,87.3729935441984
2025-03-08 16:00:00,87.753159824116
2025-03-09 04:00:00,87.7790175352098
2025-03-09 05:00:00,90.5279247618306
2025-03-09 06:00:00,86.5443650633791
2025-03-09 07:00:00,113.595829291223
2025-03-09 08:00:00,88.0629078525588
2025-03-09 09:00:00,87.4735335490788
2025-03-09 10:00:00,87.6242255359353
2025-03-09 11:00:00,88.910571011587
2025-03-09 12:00:00,87.0671546385851
2025-03-09 13:00:00,88.8956026367802
2025-03-09 14:00:00,88.1167139350282
2025-03-09 15:00:00,86.0763983595444
2025-03-09 16:00:00,86.1598807506764
2025-03-09 17:00:00,86.4948342915913
2025-03-09 18:00:00,87.7842336534327
2025-03-09 19:00:00,86.7535628922665
2025-03-09 20:00:00,88.112928704971
2025-03-09 21:00:00,89.6769468326464
2025-03-09 22:00:00,85.860587801871
2025-03-09 23:00:00,86.9181237880012
2025-03-10 00:00:00,89.8331094349892
2025-03-10 01:00:00,86.5604616955131
2025-03-10 02:00:00,87.952738792724
2025-03-10 03:00:00,88.3881792791608
2025-03-10 04:00:00,88.5342149603956
2025-03-10 05:00:00,86.2105903586851
2025-03-10 06:00:00,88.6185944954705
2025-03-10 07:00:00,87.9462595129052
2025-03-10 08:00:00,88.5587964213477
2025-03-10 09:00:00,85.340823479957
2025-03-10 10:00:00,87.9557755639661
2025-03-10 11:00:00,86.6262161803749
2025-03-10 12:00:00,89.0725140190511
2025-03-10 13:00:00,88.1895852085518
2025-03-10 14:00:00,88.7470181163578
2025-03-10 15:00:00,87.5959963861778
2025-03-10 16:00:00,86.429894971068
2025-03-10 17:00:00,86.5386919654895
2025-03-10 18:00:00,86.3162275049455
2025-03-10 19:00:00,87.0292625387792
2025-03-10 20:00:00,85.8322524826561
2025-03-10 21:00:00,86.3030612038962
2025-03-10 22:00:00,88.2132254785185
2025-03-10 23:00:00,87.023988088448
2025-03-11 00:00:00,88.6681859774278
2025-03-11 01:00:00,85.3153051649464
2025-03-11 02:00:00,87.2588347239098
2025-03-11 03:00:00,87.7061404592971
2025-03-11 04:00:00,87.6633955425787
2025-03-11 05:00:00,87.7304634592195
2025-03-11 06:00:00,86.9059451991989
2025-03-11 08:00:00,86.2560178214959
2025-03-11 09:00:00,86.5373219801497
2025-03-11 10:00:00,88.5547606006267
2025-03-11 11:00:00,86.8409454551164
2025-03-11 12:00:00,86.1218431039579
2025-03-11 13:00:00,86.5257843124517
2025-03-11 14:00:00,88.5114305480212
2025-03-11 15:00:00,87.4687003554075
2025-03-11 16:00:00,89.2165387464864
2025-03-11 17:00:00,87.7673074605309
2025-03-11 18:00:00,88.2914930099831
2025-03-11 19:00:00,86.2385796643219
2025-03-11 20:00:00,87.8684579954712
2025-03-11 21:00:00,87.7825069735516
2025-03-11 23:00:00,86.5711356358143
2025-03-12 00:00:00,85.9073023228245
2025-03-12 01:00:00,86.3003522390888
2025-03-12 02:00:00,89.5030528460583
2025-03-12 03:00:00,85.8891420055235
2025-03-12 04:00:00,87.5462579056727
2025-03-12 05:00:00,86.7824145940531
2025-03-12 06:00:00,87.0389871877134
2025-03-12 07:00:00,86.6073904185303
2025-03-12 08:00:00,87.7412629333691
2025-03-12 09:00:00,84.260659899138
2025-03-12 10:00:00,85.9134603463191
2025-03-12 11:00:00,86.0762483523694
2025-03-12 12:00:00,87.8990119555454
2025-03-12 13:00:00,87.0476317277022
2025-03-12 14:00:00,86.2569385046922
2025-03-12 15:00:00,88.8317112451352
2025-03-12 16:00:00,87.4111271345876
2025-03-12 17:00:00,86.1016598540483
2025-03-12 18:00:00,86.8667229022241
2025-03-12 19:00:00,86.6257544080606
2025-03-12 20:00:00,88.9112547917314
2025-03-12 21:00:00,86.0920677983436
2025-03-12 22:00:00,87.7324181854105
2025-03-12 23:00:00,86.2790299333587
2025-03-13 00:00:00,87.6044775846637
2025-03-13 01:00:00,88.132152988768
2025-03-13 02:00:00,86.816105724492
2025-03-13 03:00:00,85.9126545210537
2025-03-13 04:00:00,88.7422639415952
2025-03-13 05:00:00,85.8950287458348
2025-03-13 06:00:00,85.5990949101218
2025-03-13 07:00:00,84.0926483922745
2025-03-13 08:00:00,86.1561283593152
2025-03-13 15:00:00,86.8596035268352
2025-03-13 16:00:00,87.0646271463897
2025-03-13 17:00:00,85.9291807224955
2025-03-13 18:00:00,85.6378914725178
2025-03-13 19:00:00,85.7886897766411
2025-03-13 20:00:00,86.3436094496035
2025-03-13 21:00:00,84.7298930898388
2025-03-13 22:00:00,86.2210990903903
2025-03-13 23:00:00,88.1722822626413
2025-03-14 00:00:00,86.2735594121658
2025-03-14 01:00:00,86.1658180013864
2025-03-14 02:00:00,85.7432109014706
2025-03-14 03:00:00,88.2257173107356
2025-03-14 04:00:00,87.6208214467135
2025-03-14 05:00:00,86.2343500288888
2025-03-14 06:00:00,85.7166388848962
2025-03-14 07:00:00,85.6969103228351
2025-03-14 08:00:00,86.8529103340022
2025-03-14 09:00:00,87.3323853884772
2025-03-14 10:00:00,87.5742543848733
2025-03-14 11:00:00,86.6138912332425
2025-03-14 12:00:00,88.1160665492147
2025-03-14 13:00:00,85.5161149079599
2025-03-14 14:00:00,86.4375000874139
2025-03-14 15:00:00,83.7526308872863
2025-03-14 16:00:00,86.821359867136
2025-03-14 17:00:00,85.8521543779754
2025-03-14 18:00:00,86.0179129316113
2025-03-14 19:00:00,87.9984462765079
2025-03-14 20:00:00,86.9992472310903
2025-03-14 21:00:00,87.9631108390679
2025-03-14 22:00:00,88.8476556896659
2025-03-14 23:00:00,86.1493175077948
2025-03-15 00:00:00,85.2626900587335
2025-03-15 01:00:00,87.4525675451483
2025-03-15 02:00:00,111.209604203841
2025-03-15 03:00:00,87.515079637834
2025-03-15 04:00:00,88.2124641193752
2025-03-15 05:00:00,88.8225934750219
2025-03-15 06:00:00,86.1099679762806
2025-03-15 07:00:00,87.3969130118842
2025-03-15 08:00:00,86.2035930668333
2025-03-15 09:00:00,88.1952718521729
2025-03-15 10:00:00,85.5898584341095
2025-03-15 11:00:00,88.4167938303359
2025-03-15 12:00:00,86.6508266602336
2025-03-15 13:00:00,84.9584463479818
2025-03-15 14:00:00,84.1800149180773
2025-03-15 15:00:00,85.0923990648876
2025-03-15 16:00:00,86.931182267294
2025-03-15 17:00:00,83.1445687645516
2025-03-15 18:00:00,85.2349110262156
2025-03-15 19:00:00,86.5521000103627
2025-03-15 20:00:00,86.1370664620996
2025-03-15 21:00:00,86.3318083481198
2025-03-15 22:00:00,86.799946659875
2025-03-15 23:00:00,85.089170111206
2025-03-16 00:00:00,87.1502137655528
2025-03-16 01:00:00,86.8680020362621
2025-03-16 02:00:00,86.6044451281808
2025-03-16 04:00:00,86.1779632768572
2025-03-16 05:00:00,86.581062266024
2025-03-16 06:00:00,87.0892725191541
2025-03-16 07:00:00,87.9525634489201
2025-03-16 08:00:00,84.7851939994816
2025-03-16 09:00:00,86.1060151057883
2025-03-16 10:00:00,88.1629065208485
2025-03-16 11:00:00,87.7677741801034
2025-03-16 12:00:00,85.7875294473391
2025-03-16 13:00:00,86.7865395448423
2025-03-16 14:00:00,84.845563196434
2025-03-16 15:00:00,85.1437062563243
2025-03-16 16:00:00,84.3975580109538
2025-03-16 17:00:00,85.8990652615785
2025-03-16 18:00:00,84.2728560228878
2025-03-16 19:00:00,86.6140088469343
2025-03-16 20:00:00,83.0158447638576
2025-03-16 21:00:00,85.9687052772089
2025-03-16 22:00:00,88.2425258451114
2025-03-16 23:00:00,85.0896931844141
2025-03-17 00:00:00,83.9335659329211
2025-03-17 01:00:00,84.1971435593384
2025-03-17 02:00:00,86.9609221666394
2025-03-17 03:00:00,86.3103433432801
2025-03-17 04:00:00,86.8853977951114
2025-03-17 05:00:00,86.3007908979445
2025-03-17 06:00:00,85.0118968483614
2025-03-17 10:00:00,84.7131965944562
2025-03-17 11:00:00,87.7657360002633
2025-03-17 12:00:00,87.5570319421313
2025-03-17 13:00:00,84.8041854765282
2025-03-17 14:00:00,85.9073360095718
2025-03-17 15:00:00,86.5903523139898
2025-03-17 16:00:00,87.9014569527731
2025-03-17 17:00:00,86.1958476959152
2025-03-17 18:00:00,85.0571574206765
2025-03-17 19:00:00,86.4095585201035
2025-03-17 20:00:00,85.7370138263186
2025-03-17 21:00:00,85.4096291776021
2025-03-17 22:00:00,86.8147985266517
2025-03-17 23:00:00,87.3876934222652
2025-03-18 00:00:00,83.0955266422365
2025-03-18 01:00:00,85.8267797704417
2025-03-19 15:00:00,80.6363231178649
2025-03-19 16:00:00,85.6363520147399
2025-03-19 17:00:00,86.383898444987
2025-03-19 18:00:00,87.0614801788725
2025-03-19 19:00:00,85.7355759292966
2025-03-19 20:00:00,85.7515684727789
2025-03-19 22:00:00,85.4595524376626
2025-03-19 23:00:00,86.8707346481584
2025-03-20 00:00:00,83.5012207928492
2025-03-20 01:00:00,83.825913920793
2025-03-20 02:00:00,84.544375305368
2025-03-20 03:00:00,83.6786152682349
2025-03-20 04:00:00,84.1818929201297
2025-03-20 05:00:00,85.1467837479631
2025-03-20 06:00:00,85.1140702729765
2025-03-20 07:00:00,86.7254667234994
2025-03-20 08:00:00,86.0206973634048
2025-03-20 09:00:00,84.2732918739592
2025-03-20 10:00:00,85.7454555662559
2025-03-20 11:00:00,83.791508527341
2025-03-20 12:00:00,84.6232870841844
2025-03-20 13:00:00,83.2809471766484
2025-03-20 14:00:00,85.4313878863636
2025-03-20 15:00:00,84.892358204588
2025-03-20 16:00:00,85.808241157093
2025-03-20 17:00:00,83.039478225343
2025-03-20 18:00:00,85.6054691954955
2025-03-20 19:00:00,86.5914295729293
2025-03-20 20:00:00,85.4366235721791
2025-03-20 21:00:00,85.8928488939165
2025-03-20 22:00:00,85.699604391392
2025-03-20 23:00:00,83.2950563245283
2025-03-21 00:00:00,84.3332503560161
2025-03-21 01:00:00,84.4118395307393
2025-03-21 02:00:00,85.2015614033058
2025-03-21 03:00:00,84.7676200323391
2025-03-21 04:00:00,85.1989310064615
2025-03-21 05:00:00,85.6875577835632
2025-03-21 06:00:00,83.4940003674415
2025-03-21 07:00:00,85.3472701146287
2025-03-21 08:00:00,85.6941326989411
2025-03-21 09:00:00,85.4192006609949
2025-03-21 10:00:00,85.827226735586
2025-03-21 11:00:00,84.3460536777124
2025-03-21 12:00:00,84.2205278845154
2025-03-21 13:00:00,85.6078262233111
2025-03-21 14:00:00,85.7087604115082
2025-03-21 15:00:00,86.134960260249
2025-03-21 16:00:00,83.6990583445543
2025-03-21 17:00:00,84.870501197351
2025-03-21 18:00:00,84.3153729264379
2025-03-21 19:00:00,85.2795319583395
2025-03-21 20:00:00,86.2885877186014
2025-03-21 21:00:00,84.9548377194062
2025-03-21 22:00:00,82.7991152572051
2025-03-21 23:00:00,84.8755905777965
2025-03-22 00:00:00,85.4496700222952
2025-03-22 01:00:00,85.1032585237172
2025-03-22 02:00:00,86.1853370536012
2025-03-22 03:00:00,84.4027654644989
2025-03-22 04:00:00,85.0500456140696
2025-03-22 06:00:00,84.3031583358828
2025-03-22 07:00:00,84.7728008146782
2025-03-22 08:00:00,86.1004172391675
2025-03-22 09:00:00,85.5609958814881
2025-03-22 10:00:00,84.5691822491787
2025-03-22 11:00:00,86.7369941352981
2025-03-22 12:00:00,85.330965742663
2025-03-22 13:00:00,85.0273291979158
2025-03-22 14:00:00,84.4878082716757
2025-03-22 15:00:00,85.4037328722043
2025-03-22 16:00:00,83.3010569744111
2025-03-22 17:00:00,84.103067274473
2025-03-22 18:00:00,84.7436281287586
2025-03-22 19:00:00,85.3397693172357
2025-03-22 20:00:00,85.2737025807678
2025-03-22 21:00:00,83.3273909667688
2025-03-22 22:00:00,83.5691155412646
2025-03-22 23:00:00,85.2995640956985
2025-03-23 00:00:00,84.385080761726
2025-03-23 01:00:00,84.1484114806854
2025-03-23 02:00:00,86.5628696680094
2025-03-23 03:00:00,83.7854986347399
2025-03-23 04:00:00,87.6409028428211
2025-03-23 06:00:00,83.0234877306301
2025-03-23 07:00:00,86.7761468847286
2025-03-23 08:00:00,83.7580156738185
2025-03-23 09:00:00,83.6547432133053
2025-03-23 10:00:00,83.2913765893761
2025-03-23 11:00:00,83.6549613887688
2025-03-23 12:00:00,84.0491023417944
2025-03-23 13:00:00,85.7787709363008
2025-03-23 14:00:00,85.355584991271
2025-03-23 15:00:00,84.7229997333925
2025-03-23 16:00:00,83.8423556934787
2025-03-23 17:00:00,85.5085731703462
2025-03-23 18:00:00,82.4244019635387
2025-03-23 19:00:00,87.3846798894088
2025-03-23 20:00:00,87.4469328290499
2025-03-23 21:00:00,84.8927332375654
2025-03-23 22:00:00,83.7934923150902
2025-03-23 23:00:00,101.858812892408
2025-03-24 00:00:00,83.7723317026728
2025-03-24 01:00:00,82.3817954983242
2025-03-24 02:00:00,84.1216842749749
2025-03-24 03:00:00,82.854174169459
2025-03-24 04:00:00,86.2260818149898
2025-03-24 05:00:00,84.8805615243715
2025-03-24 06:00:00,81.9069332883273
2025-03-24 07:00:00,84.9553752237248
2025-03-24 08:00:00,83.8939676219261
2025-03-24 09:00:00,87.2675884518952
2025-03-24 10:00:00,83.9890078588495
2025-03-24 11:00:00,84.2872301461276
2025-03-24 12:00:00,86.470942904438
2025-03-24 13:00:00,84.3046055829204
2025-03-24 14:00:00,84.9004560582822
2025-03-24 15:00:00,84.1168304128964
2025-03-24 16:00:00,86.7890432108865
2025-03-24 17:00:00,83.4656952181103
2025-03-24 18:00:00,85.0919200183734
2025-03-24 19:00:00,85.0589583532077
2025-03-24 20:00:00,84.7035778437958
2025-03-24 21:00:00,85.1170169608073
2025-03-24 22:00:00,85.1806029538237
2025-03-24 23:00:00,81.7448332502021
2025-03-25 00:00:00,84.6012012487253
2025-03-25 12:00:00,85.4332054047419
2025-03-25 13:00:00,83.8456652100337
2025-03-25 14:00:00,84.6620873932803
2025-03-25 15:00:00,85.4643537248351
2025-03-25 16:00:00,81.8151864785655
2025-03-25 17:00:00,84.534620099811
2025-03-25 18:00:00,84.6406643364513
2025-03-25 19:00:00,82.5700558249918
2025-03-25 20:00:00,85.1165875438448
2025-03-25 21:00:00,85.1102604310724
2025-03-25 22:00:00,82.1537279399318
2025-03-25 23:00:00,86.0996066519477
2025-03-26 00:00:00,82.0380949043915
2025-03-26 01:00:00,83.8096029571176
2025-03-26 02:00:00,83.2935794547815
2025-03-26 04:00:00,82.8148283905192
2025-03-26 05:00:00,82.9100812534276
2025-03-26 06:00:00,84.1401931161912
2025-03-26 07:00:00,83.9904224392021
2025-03-26 08:00:00,79.5944928823543
2025-03-26 09:00:00,85.5714450118831
2025-03-26 10:00:00,82.7755896208381
2025-03-26 11:00:00,84.1294734962881
2025-03-26 23:00:00,83.3983118890173
2025-03-27 00:00:00,84.3280096596436
2025-03-27 01:00:00,83.9840077802366
2025-03-27 02:00:00,84.6941106747465
2025-03-27 03:00:00,83.2018347533855
2025-03-27 04:00:00,84.8593126632334
2025-03-27 05:00:00,83.0348096037542
2025-03-27 06:00:00,84.1955175595217
2025-03-27 07:00:00,82.5288943922073
2025-03-27 08:00:00,
2025-03-27 09:00:00,83.0823647832443
2025-03-27 10:00:00,84.2124617838038
2025-03-27 11:00:00,85.3851230079219
2025-03-27 12:00:00,82.6818604331753
2025-03-27 13:00:00,86.3085771809951
2025-03-27 14:00:00,84.2204597310164
2025-03-27 15:00:00,84.2192117193263
2025-03-27 16:00:00,81.3391747780004
2025-03-27 17:00:00,85.9139338734213
2025-03-27 18:00:00,83.1927616505177
2025-03-27 19:00:00,82.1184382283611
2025-03-27 20:00:00,83.5984051523191
2025-03-27 21:00:00,84.6098692857668
2025-03-28 12:00:00,81.8254009362638
2025-03-28 13:00:00,84.8458442898506
2025-03-28 14:00:00,83.1650948958319
2025-03-28 15:00:00,84.9423110163314
2025-03-28 16:00:00,84.0966817764804
2025-03-28 17:00:00,82.2869328016896
2025-03-28 18:00:00,84.6013507439997
2025-03-28 19:00:00,84.4304897370977
2025-03-28 20:00:00,83.835889734684
2025-03-28 21:00:00,84.02335618205
2025-03-28 22:00:00,83.4567673880761
2025-03-28 23:00:00,82.5391634501893
2025-03-29 00:00:00,81.3307176474528
2025-03-29 01:00:00,83.2904474254209
2025-03-29 02:00:00,79.4940396600128
2025-03-29 03:00:00,82.0124785637303
2025-03-29 04:00:00,84.3906030402761
2025-03-29 05:00:00,83.1129835767353
2025-03-29 06:00:00,82.2477432693399
2025-03-29 07:00:00,84.1646914110959
2025-03-29 08:00:00,83.559246501912
2025-03-29 09:00:00,81.5610760819574
2025-03-29 10:00:00,83.0895609120931
2025-03-29 11:00:00,82.8520036829618
2025-03-29 12:00:00,83.1898012110165
2025-03-29 13:00:00,85.0612278159424
2025-03-29 14:00:00,82.6642851113966
2025-03-30 13:00:00,83.879665427158
2025-03-30 14:00:00,82.8766500418228
2025-03-30 15:00:00,83.736385077346
2025-03-30 16:00:00,82.4385386983039
2025-03-30 17:00:00,83.2372693547927
2025-03-30 18:00:00,82.179380990285
2025-03-30 19:00:00,80.5980073153227
2025-03-30 20:00:00,82.2890274769847
2025-03-30 21:00:00,84.6615283230556
2025-03-30 22:00:00,83.7514951208883
2025-03-30 23:00:00,83.3472000692871
2025-03-31 00:00:00,82.8357789994645
2025-03-31 01:00:00,83.2320209233259
2025-03-31 02:00:00,83.0176524453454
2025-03-31 03:00:00,81.3350829666514
2025-03-31 04:00:00,80.6221428120013
2025-03-31 05:00:00,83.3750305324923
2025-03-31 06:00:00,84.2532298678163
2025-03-31 07:00:00,82.0308021104483
2025-03-31 08:00:00,82.6740057540695
2025-03-31 09:00:00,77.925990171071
2025-03-31 10:00:00,81.8148215872227
2025-03-31 19:00:00,81.2837560051857
2025-03-31 20:00:00,80.3903523114667
2025-03-31 21:00:00,82.3163476841328
2025-03-31 22:00:00,82.4471800124362
2025-03-31 23:00:00,80.4982926877744
2025-04-01 00:00:00,82.6603749226245
2025-04-01 01:00:00,81.3374870128572
2025-04-01 02:00:00,82.3527836931026
2025-04-01 03:00:00,81.4386919501268
2025-04-01 04:00:00,82.6367716336333
2025-04-01 05:00:00,82.3114342181062
2025-04-01 06:00:00,81.0785867654996
2025-04-01 07:00:00,81.6584376342687
2025-04-01 08:00:00,82.1986089554049
2025-04-01 10:00:00,82.6093605840894
2025-04-01 12:00:00,82.3423413420158
2025-04-01 13:00:00,82.0050600204689
2025-04-01 14:00:00,82.5937138851701
2025-04-01 15:00:00,81.2054880742129
2025-04-01 16:00:00,80.7479868066098
2025-04-01 17:00:00,82.0206196235669
2025-04-01 18:00:00,81.5629931188654
2025-04-01 19:00:00,82.9586581869451
2025-04-01 20:00:00,81.6038556087806
2025-04-01 21:00:00,82.0127892296175
2025-04-01 22:00:00,82.4260008876055
2025-04-01 23:00:00,83.1041294864435
2025-04-02 00:00:00,82.4712309539562
2025-04-02 01:00:00,83.1444741855523
2025-04-02 02:00:00,81.4869738388083
2025-04-02 03:00:00,83.4076587959109
2025-04-02 04:00:00,81.4930570132183
2025-04-02 05:00:00,82.5106539268853
2025-04-02 06:00:00,82.8049981538185
2025-04-02 07:00:00,81.4628910286365
2025-04-02 08:00:00,81.6562941431659
2025-04-02 09:00:00,81.5123312282526
2025-04-02 10:00:00,82.8538297517165
2025-04-02 11:00:00,82.453678752939
2025-04-02 12:00:00,82.807423548348
2025-04-02 13:00:00,81.7518054645227
2025-04-02 14:00:00,82.508368134408
2025-04-02 15:00:00,83.2380150616942
2025-04-02 16:00:00,82.6657297631105
2025-04-02 17:00:00,82.3211399329309
2025-04-02 18:00:00,82.2899092818704
2025-04-02 19:00:00,82.8049769462339
2025-04-02 20:00:00,82.4711799938549
2025-04-02 21:00:00,82.2364547175329
2025-04-02 22:00:00,82.6442571871917
2025-04-02 23:00:00,82.1722808800597
2025-04-03 01:00:00,82.0708177276491
2025-04-03 02:00:00,83.0217436223942
2025-04-03 03:00:00,82.0223795334793
2025-04-03 04:00:00,82.5728349920618
2025-04-03 05:00:00,81.6848264447242
2025-04-03 06:00:00,83.242428641858
2025-04-03 07:00:00,81.6243397461429
2025-04-03 08:00:00,82.869979779193
2025-04-03 11:00:00,83.7739086091001
2025-04-03 12:00:00,81.4069970026261
2025-04-03 13:00:00,82.8471429601654
2025-04-03 14:00:00,83.5932029823579
2025-04-03 15:00:00,82.2859873535326
2025-04-03 16:00:00,83.3378979578767
2025-04-03 17:00:00,83.4013591889784
2025-04-03 18:00:00,82.9817566791243
2025-04-03 19:00:00,82.3317008286921
2025-04-03 20:00:00,83.8230436390475
2025-04-03 21:00:00,82.7839047920366
2025-04-04 07:00:00,83.4237893461592
2025-04-04 09:00:00,83.1417680393334
2025-04-04 10:00:00,82.3726100180259
2025-04-04 11:00:00,82.6206850751761
2025-04-04 12:00:00,82.356834170255
2025-04-04 13:00:00,83.5212233889673
2025-04-04 14:00:00,82.4869496149449
2025-04-04 15:00:00,83.5211807479794
2025-04-04 16:00:00,82.7795589994371
2025-04-04 17:00:00,82.4070703037579
2025-04-04 18:00:00,82.2068094956367
2025-04-04 19:00:00,81.3332604585387
2025-04-04 20:00:00,82.0595081953632
2025-04-04 22:00:00,83.7828661873534
2025-04-04 23:00:00,81.3504398845071
2025-04-05 00:00:00,82.1775278201598
2025-04-05 01:00:00,82.1733488343878
2025-04-05 02:00:00,84.0524987614343
2025-04-05 03:00:00,83.4322170115616
2025-04-05 04:00:00,83.0915110985195
2025-04-05 05:00:00,81.6712478426884
2025-04-05 06:00:00,82.595166272783
2025-04-05 07:00:00,82.5678000740292
2025-04-05 08:00:00,82.8437752843709
2025-04-05 09:00:00,81.8713148927951
2025-04-05 10:00:00,82.3899831056486
2025-04-05 11:00:00,82.0485255333091
2025-04-05 12:00:00,82.1367406002845
2025-04-05 13:00:00,80.9280332523199
2025-04-05 14:00:00,81.9601773915603
2025-04-05 15:00:00,81.9308535877828
2025-04-05 16:00:00,83.3165947379938
2025-04-05 17:00:00,81.7234690029152
2025-04-05 18:00:00,82.2290395146337
2025-04-05 19:00:00,82.5495150471263
2025-04-05 20:00:00,80.9438385615695
2025-04-05 21:00:00,83.566251990304
2025-04-05 22:00:00,82.3312727793271
2025-04-05 23:00:00,81.6008246094085
2025-04-06 00:00:00,81.3381237725746
2025-04-06 01:00:00,81.767102645396
2025-04-06 02:00:00,82.3290374665235
2025-04-06 03:00:00,82.1203332217117
2025-04-06 04:00:00,82.9087097869924
2025-04-06 05:00:00,82.1192412918506
2025-04-06 06:00:00,82.9037574327675
2025-04-06 07:00:00,82.275000263343
2025-04-06 08:00:00,81.4967330156197
2025-04-06 09:00:00,81.9710302024348
2025-04-06 10:00:00,83.0239119616629
2025-04-06 11:00:00,83.1415770982846
2025-04-06 12:00:00,83.915819813897
2025-04-06 13:00:00,82.2917455616686
2025-04-06 14:00:00,82.4143052172638
2025-04-06 15:00:00,81.8882265689524
2025-04-06 16:00:00,81.8217224194519
2025-04-06 17:00:00,82.7627640427465
2025-04-06 18:00:00,82.6140167080581
2025-04-06 19:00:00,81.2856152279334
2025-04-06 20:00:00,82.00573025188
2025-04-06 21:00:00,82.4074449326436
2025-04-06 22:00:00,80.8840319366424
2025-04-06 23:00:00,82.4859963522312
2025-04-07 00:00:00,81.6897420062091
2025-04-07 01:00:00,83.1633228708454
2025-04-07 02:00:00,83.2918597280913
2025-04-07 03:00:00,82.1986952017234
2025-04-07 05:00:00,82.2524592242508
2025-04-07 16:00:00,82.4885241892724
2025-04-07 17:00:00,80.9859228813314
2025-04-07 18:00:00,83.1728813049023
2025-04-07 19:00:00,82.8985777307356
2025-04-07 20:00:00,82.8463661070613
2025-04-07 21:00:00,81.4390088463482
2025-04-07 22:00:00,81.6552787413061
2025-04-07 23:00:00,81.7302572041182
2025-04-08 00:00:00,81.2571421962222
2025-04-08 01:00:00,81.7447290205445
2025-04-08 02:00:00,80.3714430633081
2025-04-08 03:00:00,80.9001083719038
2025-04-08 04:00:00,82.4301471767813
2025-04-08 05:00:00,82.0701067981268
2025-04-08 06:00:00,80.8929667936995
2025-04-08 07:00:00,81.1195755077139
2025-04-08 08:00:00,79.5214527066704
2025-04-08 09:00:00,82.2035575473076
2025-04-08 10:00:00,80.7093311233693
2025-04-08 11:00:00,82.6742285664921
2025-04-08 12:00:00,81.9995573043132
2025-04-08 13:00:00,82.1223004429582
2025-04-08 14:00:00,81.2449492588912
2025-04-08 15:00:00,80.7805317879079
2025-04-08 16:00:00,83.1062728367754
2025-04-08 17:00:00,81.8888293094932
2025-04-08 18:00:00,82.2031886989618
2025-04-08 19:00:00,81.7810523123187
2025-04-08 20:00:00,81.0983914442657
2025-04-08 21:00:00,82.0323083046997
2025-04-08 22:00:00,81.6735409138761
2025-04-08 23:00:00,81.7161973948786
2025-04-09 00:00:00,81.9700156993126
2025-04-09 01:00:00,81.9138326624434
2025-04-09 02:00:00,80.850025118605
2025-04-09 03:00:00,82.0499536119503
2025-04-09 04:00:00,80.1570871467255
2025-04-09 05:00:00,81.129850227343
2025-04-09 06:00:00,82.2693760984019
2025-04-09 07:00:00,81.9875963648965
2025-04-09 08:00:00,80.2491750414415
2025-04-09 09:00:00,81.0813814322799
2025-04-09 10:00:00,82.24616219065
2025-04-09 11:00:00,82.4532534268046
2025-04-09 12:00:00,81.1606500776671
2025-04-09 13:00:00,81.449210796823
2025-04-09 14:00:00,82.1411373088868
2025-04-09 15:00:00,80.1142936373721
2025-04-09 16:00:00,97.4008031357326
2025-04-09 17:00:00,81.9630660500367
2025-04-09 18:00:00,83.1855885748501
2025-04-09 19:00:00,81.2178009569214
2025-04-09 20:00:00,80.879954726103
2025-04-09 21:00:00,82.0122644360471
2025-04-09 22:00:00,82.6635926820714
2025-04-09 23:00:00,81.7584874108296
2025-04-10 00:00:00,81.7091408009643
2025-04-10 02:00:00,81.8502685906828
2025-04-10 03:00:00,81.7608046274355
2025-04-10 04:00:00,81.3708521537575
2025-04-10 05:00:00,82.7534187056521
2025-04-10 06:00:00,82.4740555719648
2025-04-10 07:00:00,81.1615302455865
2025-04-10 08:00:00,81.5040502423922
2025-04-10 09:00:00,82.8701584207142
2025-04-10 10:00:00,80.8317570729336
2025-04-10 11:00:00,80.4136019259201
2025-04-10 12:00:00,82.5515035491089
2025-04-10 13:00:00,82.2778436833531
2025-04-10 14:00:00,80.7401120462342
2025-04-10 15:00:00,81.2147039229363
2025-04-10 16:00:00,81.6145740791453
2025-04-10 17:00:00,81.4807051462331
2025-04-10 18:00:00,82.9189176673025
2025-04-10 19:00:00,81.3651133422238
2025-04-10 20:00:00,82.8777462867794
2025-04-10 21:00:00,81.1237866701356
2025-04-10 22:00:00,81.9839925311931
2025-04-10 23:00:00,80.0192681007631
2025-04-11 00:00:00,81.4768402852005
2025-04-11 01:00:00,81.9704703234652
2025-04-11 02:00:00,82.8259535866068
2025-04-11 04:00:00,81.064780606134
2025-04-11 05:00:00,81.8900534913663
2025-04-11 06:00:00,81.233911678089
2025-04-11 07:00:00,82.4267357991009
2025-04-11 08:00:00,81.376753982152
2025-04-11 09:00:00,82.3212666026626
2025-04-11 10:00:00,81.798915802645
2025-04-11 11:00:00,81.4377434415234
2025-04-11 12:00:00,81.3004549814921
2025-04-11 13:00:00,80.8563125939111
2025-04-11 14:00:00,81.7616620972531
2025-04-11 15:00:00,81.9925169615485
2025-04-11 16:00:00,81.1533508029258
2025-04-11 17:00:00,79.7492703049499
2025-04-11 18:00:00,81.4102320280353
2025-04-11 19:00:00,79.5074789834806
2025-04-11 20:00:00,80.5739107590129
2025-04-11 21:00:00,81.1433085574135
2025-04-11 22:00:00,81.5880199054305
2025-04-11 23:00:00,81.6880005479214
2025-04-12 00:00:00,80.8439105173191
2025-04-12 01:00:00,80.0717735987094
2025-04-12 12:00:00,82.3209592692555
2025-04-12 13:00:00,79.5029885644182
2025-04-12 14:00:00,81.2698508022639
2025-04-12 15:00:00,80.4785432750414
2025-04-12 16:00:00,81.0349438672887
2025-04-12 17:00:00,81.1339657535684
2025-04-12 19:00:00,82.0249057043994
2025-04-12 20:00:00,79.7434033016393
2025-04-12 21:00:00,81.3068453199204
2025-04-12 22:00:00,81.4898093049568
2025-04-12 23:00:00,82.5206889152512
2025-04-13 00:00:00,80.1241350436858
2025-04-13 01:00:00,80.324884147607
2025-04-13 02:00:00,80.4629823730308
2025-04-13 03:00:00,80.5723377740839
2025-04-13 04:00:00,79.762059666569
2025-04-13 05:00:00,82.5748405064913
2025-04-13 06:00:00,81.1627697444905
2025-04-13 07:00:00,81.4849568192142
2025-04-13 08:00:00,81.6191914274702
2025-04-13 09:00:00,81.2963695299544
2025-04-13 10:00:00,80.8594515236056
2025-04-13 11:00:00,80.5219542002625
2025-04-13 12:00:00,80.514565273692
2025-04-13 13:00:00,80.4845437189022
2025-04-13 14:00:00,81.6009392955523
2025-04-13 15:00:00,81.042178702941
2025-04-13 16:00:00,81.2762074694692
2025-04-13 17:00:00,80.8732635021023
2025-04-13 18:00:00,82.0158471696038
2025-04-13 19:00:00,79.5804038991456
2025-04-13 20:00:00,81.3636331188943
2025-04-13 21:00:00,80.7013273487087
2025-04-13 22:00:00,81.80957435438
2025-04-13 23:00:00,80.6634843879431
2025-04-14 00:00:00,80.4809061929838
2025-04-14 01:00:00,78.7497673952095
2025-04-14 02:00:00,81.8601153361108
2025-04-14 05:00:00,81.2236087708082
2025-04-14 06:00:00,80.8837263376827
2025-04-14 07:00:00,81.7899513740084
2025-04-14 08:00:00,80.4159995726315
2025-04-14 09:00:00,81.1413691901861
2025-04-15 09:00:00,80.8423960201601
2025-04-15 10:00:00,79.8473513856468
2025-04-15 11:00:00,81.2856135001854
2025-04-15 12:00:00,80.6748863592379
2025-04-15 13:00:00,74.2929044727687
2025-04-15 14:00:00,81.016511039065
2025-04-15 15:00:00,80.181194519863
2025-04-15 16:00:00,79.1800779862043
2025-04-15 17:00:00,80.8285165760438
2025-04-15 18:00:00,80.288558932216
2025-04-15 19:00:00,79.2239334942904
2025-04-15 20:00:00,80.3312164296148
2025-04-15 21:00:00,79.6185407859519
2025-04-15 22:00:00,80.5978212367029
2025-04-15 23:00:00,81.9336750805649
2025-04-16 00:00:00,81.1088527695388
2025-04-16 01:00:00,80.2973240098226
2025-04-16 02:00:00,80.8493068453424
2025-04-16 03:00:00,80.6828201489895
2025-04-16 15:00:00,80.8415845603354
2025-04-16 16:00:00,80.3843557510381
2025-04-16 17:00:00,79.4567553494846
2025-04-16 18:00:00,80.0572570772512
2025-04-16 19:00:00,80.9067271649964
2025-04-16 20:00:00,79.2149498575535
2025-04-16 21:00:00,79.403413699264
2025-04-16 22:00:00,82.2349856826092
2025-04-16 23:00:00,80.4953252646229
2025-04-17 00:00:00,80.7983196412964
2025-04-17 01:00:00,81.0332126972543
2025-04-17 02:00:00,78.8802717006317
2025-04-17 03:00:00,80.2135980784764
2025-04-17 05:00:00,78.0554374084701
2025-04-17 06:00:00,79.2574279895062
2025-04-17 07:00:00,79.4013152742558
2025-04-17 08:00:00,80.0288279147892
2025-04-17 09:00:00,79.5461359941442
2025-04-17 10:00:00,79.2902771892517
2025-04-17 11:00:00,80.7100622702178
2025-04-17 12:00:00,78.1348959996217
2025-04-17 13:00:00,78.137680935507
2025-04-17 14:00:00,81.4338592168003
2025-04-17 15:00:00,78.3146463110298
2025-04-17 16:00:00,78.9820175442048
2025-04-17 17:00:00,81.6061283921723
2025-04-17 18:00:00,79.9765010358733
2025-04-17 19:00:00,79.9652777664237
2025-04-17 20:00:00,80.1396776035041
2025-04-17 21:00:00,78.2405038686486
2025-04-17 22:00:00,80.8539706697931
2025-04-17 23:00:00,79.6576151446031
2025-04-18 00:00:00,80.6659583943904
2025-04-18 01:00:00,80.8291666353224
2025-04-18 02:00:00,80.0941947694634
2025-04-18 03:00:00,79.2080377773876
2025-04-18 04:00:00,78.9765087541381
2025-04-18 05:00:00,80.2387247437998
2025-04-18 06:00:00,79.7098815889595
2025-04-18 15:00:00,80.2474107538044
2025-04-18 16:00:00,79.4956459221996
2025-04-18 17:00:00,78.6051157310279
2025-04-18 18:00:00,78.7607230026203
2025-04-18 19:00:00,79.5267658944914
2025-04-18 20:00:00,78.1305537785583
2025-04-18 21:00:00,80.3638285631208
2025-04-18 22:00:00,78.9112697763921
2025-04-18 23:00:00,80.3755386707867
2025-04-19 00:00:00,78.9125606722002
2025-04-19 01:00:00,78.3761306859515
2025-04-19 02:00:00,79.8936237416876
2025-04-19 03:00:00,79.7291125014763
2025-04-19 04:00:00,79.5959411762643
2025-04-19 05:00:00,84.4764216195585
2025-04-19 06:00:00,79.2592499508032
2025-04-19 07:00:00,79.6767838086106
2025-04-19 08:00:00,79.5966496665674
2025-04-19 09:00:00,79.7453007075775
2025-04-19 10:00:00,80.4336979189797
2025-04-19 11:00:00,79.1969967585781
2025-04-19 12:00:00,80.3780683597286
2025-04-19 13:00:00,80.3499729931772
2025-04-19 14:00:00,80.4403087576582
2025-04-19 15:00:00,79.1787158063995
2025-04-19 16:00:00,80.023216917661
2025-04-19 17:00:00,78.5454010428632
2025-04-19 18:00:00,80.1790598584457
2025-04-19 19:00:00,79.629802177564
2025-04-19 20:00:00,79.4744030642393
2025-04-19 21:00:00,79.1291565662256
2025-04-19 22:00:00,80.0880627053899
2025-04-19 23:00:00,78.8640650415841
2025-04-20 00:00:00,79.3845430344698
2025-04-20 01:00:00,
2025-04-20 02:00:00,
2025-04-20 03:00:00,78.2779190147956
2025-04-20 04:00:00,78.7635549935382
2025-04-20 05:00:00,79.8333988207751
2025-04-20 06:00:00,79.1796886031976
2025-04-20 07:00:00,79.4387333436506
2025-04-20 08:00:00,78.3235687877867
2025-04-20 09:00:00,79.4378433661956
2025-04-20 10:00:00,78.9154773503712
2025-04-20 11:00:00,78.7675419236709
2025-04-20 12:00:00,80.4376242520657
2025-04-20 13:00:00,78.4927390906681
2025-04-20 14:00:00,79.4301995396196
2025-04-20 15:00:00,78.646485856692
2025-04-20 16:00:00,79.3945091055103
2025-04-20 17:00:00,79.6835843212838
2025-04-20 18:00:00,77.7618220780243
2025-04-20 19:00:00,78.8135758917116
2025-04-20 20:00:00,77.4961645082672
2025-04-20 21:00:00,79.1537584965028
2025-04-20 22:00:00,79.602277357855
2025-04-20 23:00:00,79.9631023972217
2025-04-21 00:00:00,78.6462985464602
2025-04-21 01:00:00,79.0962895945075
2025-04-21 02:00:00,78.4648694695208
2025-04-21 03:00:00,79.3651429478642
2025-04-21 04:00:00,79.4242924409151
2025-04-21 05:00:00,78.6256625223871
2025-04-21 06:00:00,79.1712356627332
2025-04-21 07:00:00,78.0772059833291
2025-04-21 08:00:00,78.3383063643393
2025-04-21 09:00:00,79.2278859702177
2025-04-21 10:00:00,78.9394419931195
2025-04-21 12:00:00,79.9170818511735
2025-04-21 23:00:00,78.6727155391028
2025-04-22 00:00:00,77.0760567346735
2025-04-22 01:00:00,78.2017426664009
2025-04-22 02:00:00,78.3944231891139
2025-04-22 03:00:00,78.3219070728785
2025-04-22 04:00:00,78.9647062274163
2025-04-22 05:00:00,77.6918564194827
2025-04-22 06:00:00,78.0903335699425
2025-04-22 07:00:00,77.7707503812449
2025-04-22 08:00:00,79.676256906791
2025-04-22 09:00:00,79.0130619367927
2025-04-22 10:00:00,78.6856895242999
2025-04-22 11:00:00,78.1358379456217
2025-04-22 12:00:00,79.3761721161897
2025-04-22 13:00:00,79.0092113390325
2025-04-22 14:00:00,78.6445063173844
2025-04-22 15:00:00,77.7667157825894
2025-04-22 16:00:00,78.1586593511306
2025-04-22 17:00:00,78.5675209761912
2025-04-22 18:00:00,78.8674462291675
2025-04-22 19:00:00,77.7679544021747
2025-04-22 20:00:00,77.4565280830893
2025-04-22 21:00:00,79.3562139767508
2025-04-22 22:00:00,79.1332084964485
2025-04-22 23:00:00,78.9115166397083
2025-04-23 00:00:00,78.9297055412089
2025-04-23 01:00:00,78.18148696157
2025-04-23 02:00:00,78.690432183588
2025-04-23 03:00:00,78.4206742548815
2025-04-23 04:00:00,78.535172393572
2025-04-23 05:00:00,77.644001587076
2025-04-23 06:00:00,79.2443097971211
2025-04-23 07:00:00,78.2963891739119
2025-04-23 09:00:00,77.6612192857244
2025-04-23 10:00:00,77.7559263011929
2025-04-23 11:00:00,79.3182978577884
2025-04-23 12:00:00,77.8698961942417
2025-04-23 13:00:00,78.1488618208638
2025-04-23 14:00:00,78.9833035519894
2025-04-23 15:00:00,77.8644504538556
2025-04-24 02:00:00,77.0748214807628
2025-04-24 03:00:00,76.5246399494442
2025-04-24 04:00:00,78.2201651486633
2025-04-24 05:00:00,78.8179083086307
2025-04-24 06:00:00,78.8554617145379
2025-04-24 07:00:00,78.4581009972086
2025-04-24 08:00:00,77.1386986238525
2025-04-24 09:00:00,78.5776261737807
2025-04-24 10:00:00,78.1880706214993
2025-04-24 13:00:00,77.8325948345246
2025-04-24 14:00:00,78.1988626828197
2025-04-24 15:00:00,77.4032328269794
2025-04-24 16:00:00,77.5463384547154
2025-04-24 17:00:00,78.6933224781921
2025-04-24 18:00:00,77.4494520579876
2025-04-24 19:00:00,78.1548082887167
2025-04-24 20:00:00,77.7720389999926
2025-04-24 21:00:00,78.0597889419034
2025-04-24 22:00:00,78.3401043317582
2025-04-24 23:00:00,77.7259485088808
2025-04-25 00:00:00,79.1595748080374
2025-04-25 01:00:00,78.574167155718
2025-04-25 02:00:00,78.9176555135775
2025-04-25 03:00:00,78.1034584558623
2025-04-25 05:00:00,77.7490823064605
2025-04-25 06:00:00,78.6499983946309
2025-04-25 07:00:00,78.088833639819
2025-04-25 08:00:00,78.715082392325
2025-04-25 09:00:00,79.5928994032907
2025-04-25 10:00:00,77.2726908601242
2025-04-25 11:00:00,77.8193548750288
2025-04-25 12:00:00,78.1246713327295
2025-04-25 13:00:00,78.0851734229856
2025-04-25 14:00:00,78.367453954302
2025-04-25 15:00:00,76.1027244667041
2025-04-25 16:00:00,77.1366819452238
2025-04-25 17:00:00,77.6168646785075
2025-04-25 18:00:00,76.9088741745133
2025-04-25 19:00:00,78.1917158529458
2025-04-25 20:00:00,77.947889867478
2025-04-25 21:00:00,77.9221464941124
2025-04-25 22:00:00,77.3891889933084
2025-04-25 23:00:00,77.7175947851939
2025-04-26 00:00:00,77.1005068477534
2025-04-26 01:00:00,78.2486270847378
2025-04-26 02:00:00,77.7864681536665
2025-04-26 03:00:00,78.8007816971969
2025-04-26 04:00:00,80.0400577089465
2025-04-26 05:00:00,79.248196211765
2025-04-26 06:00:00,76.5076070444844
2025-04-26 07:00:00,78.4343167664526
2025-04-26 08:00:00,77.7558861862363
2025-04-26 09:00:00,77.5759792140892
2025-04-26 10:00:00,78.2758796087224
2025-04-26 11:00:00,78.1558764389289
2025-04-26 12:00:00,78.5154059454136
2025-04-26 13:00:00,78.6113292192458
2025-04-26 14:00:00,77.7407637682645
2025-04-26 15:00:00,77.4274426796973
2025-04-26 16:00:00,77.6910798489121
2025-04-26 17:00:00,77.6389205337889
2025-04-26 18:00:00,78.4809131553796
2025-04-26 19:00:00,78.8465954216512
2025-04-26 20:00:00,77.7796942397269
2025-04-26 21:00:00,77.3865373868493
2025-04-26 22:00:00,76.2654834503926
2025-04-26 23:00:00,77.7483761904239
2025-04-27 00:00:00,77.5559530086605
2025-04-27 01:00:00,76.7808066723455
2025-04-27 02:00:00,77.9268610675776
2025-04-27 03:00:00,77.5080898914288
2025-04-27 04:00:00,77.2717298421897
2025-04-27 05:00:00,78.837842607192
2025-04-27 06:00:00,77.8370679022212
2025-04-27 07:00:00,77.5290303127983
2025-04-27 08:00:00,77.5590690651701
2025-04-27 09:00:00,77.7495591884259
2025-04-27 10:00:00,77.2504503985562
2025-04-27 11:00:00,77.8940233017463
2025-04-27 12:00:00,78.648646572734
2025-04-27 13:00:00,77.7597377258082
2025-04-27 14:00:00,76.9986305760893
2025-04-27 15:00:00,77.2268119262864
2025-04-27 16:00:00,79.4289813802726
2025-04-27 17:00:00,79.020410694581
2025-04-27 18:00:00,76.633644888621
2025-04-27 19:00:00,78.5705644380368
2025-04-27 20:00:00,77.0863640919263
2025-04-27 21:00:00,77.6900023960538
2025-04-27 22:00:00,76.465864584305
2025-04-27 23:00:00,77.8733029665161
2025-04-28 00:00:00,77.6622879302397
2025-04-28 01:00:00,77.6448252837515
2025-04-28 02:00:00,76.7615490563799
2025-04-28 03:00:00,77.236914958813
2025-04-28 05:00:00,77.8524690968846
2025-04-28 06:00:00,75.5421676188395
2025-04-28 09:00:00,77.333101621953
2025-04-28 10:00:00,76.5754149087361
2025-04-28 11:00:00,78.6037093183387
2025-04-28 12:00:00,77.5199672907478
2025-04-28 13:00:00,77.6921638769992
2025-04-28 14:00:00,76.6752861595372
2025-04-28 15:00:00,77.5272609023289
2025-04-28 16:00:00,77.6688817454517
2025-04-28 17:00:00,77.7423140688661
2025-04-28 18:00:00,77.5714084990138
2025-04-28 19:00:00,77.3208015790687
2025-04-28 20:00:00,76.4860582303099
2025-04-28 21:00:00,78.3912198517206
2025-04-28 22:00:00,75.8460072281212
2025-04-28 23:00:00,78.1127534478086
2025-04-29 00:00:00,77.394649283488
2025-04-29 01:00:00,77.1712385183365
2025-04-29 02:00:00,77.9098545076801
2025-04-29 03:00:00,77.482970594478
2025-04-29 05:00:00,78.6277199446979
2025-04-29 06:00:00,79.3976465638815
2025-04-29 07:00:00,77.9634394229943
2025-04-29 08:00:00,77.4667436877277
2025-04-29 09:00:00,78.1975366372616
2025-04-29 10:00:00,65.5333037329113
2025-04-29 11:00:00,77.6730032007412
2025-04-29 12:00:00,77.9382926383448
2025-04-29 13:00:00,78.145055764047
2025-04-29 14:00:00,78.7426420130325
2025-04-29 15:00:00,77.2152765040639
2025-04-29 16:00:00,77.9728643820624
2025-04-29 17:00:00,77.3742695385484
2025-04-29 18:00:00,77.3163275407676
2025-04-29 19:00:00,78.3921762845595
2025-04-29 20:00:00,76.7005335575254
2025-04-29 21:00:00,
2025-04-29 22:00:00,
2025-04-29 23:00:00,
2025-04-30 00:00:00,
2025-04-30 01:00:00,
2025-04-30 02:00:00,77.6530015744337
2025-04-30 03:00:00,77.0682185827096
2025-04-30 04:00:00,77.294284780972
2025-04-30 05:00:00,76.3636112407293
2025-04-30 06:00:00,77.046500209796
2025-04-30 07:00:00,75.7742316887266
2025-04-30 08:00:00,76.9812732422825
2025-04-30 09:00:00,77.4569110888772
2025-04-30 10:00:00,77.0152048120273
2025-04-30 11:00:00,
2025-04-30 12:00:00,
2025-04-30 13:00:00,77.5513652987611
2025-04-30 14:00:00,77.9166591278799
2025-04-30 15:00:00,77.4040020291156
2025-04-30 16:00:00,78.5139815491337
2025-04-30 17:00:00,76.6940700522284
2025-04-30 18:00:00,77.544392510567
2025-04-30 19:00:00,77.7607153807893
2025-04-30 20:00:00,78.2196924380166
2025-04-30 21:00:00,77.9745822968606
2025-04-30 22:00:00,77.1903724944151
2025-04-30 23:00:00,77.2607088292613
2025-05-01 00:00:00,76.9664363881778
2025-05-01 01:00:00,77.8603324783329
2025-05-01 02:00:00,76.6626259790821
2025-05-01 03:00:00,76.8067191433399
2025-05-01 06:00:00,77.4218607533545
2025-05-01 07:00:00,76.3986976347086
2025-05-01 08:00:00,77.0194714833474
2025-05-01 09:00:00,77.6460878525286
2025-05-01 10:00:00,76.9905608763193
2025-05-01 11:00:00,76.868875943173
2025-05-01 12:00:00,77.9656363562972
2025-05-01 13:00:00,76.2980179463482
2025-05-01 14:00:00,77.0089672818327
2025-05-01 15:00:00,77.012139856132
2025-05-01 16:00:00,77.7222433125992
2025-05-01 17:00:00,77.006066569286
2025-05-02 06:00:00,76.5962160537618
2025-05-02 07:00:00,77.4900931442878
2025-05-02 08:00:00,76.7626815664684
2025-05-02 09:00:00,76.9582163411173
2025-05-02 11:00:00,76.59284858935
2025-05-02 12:00:00,76.2383894470586
2025-05-02 13:00:00,75.9947178549634
2025-05-02 15:00:00,76.2570130090718
2025-05-02 16:00:00,76.7497368882519
2025-05-02 17:00:00,76.8103244492837
2025-05-02 18:00:00,76.7035806379442
2025-05-02 19:00:00,76.0963749664416
2025-05-02 20:00:00,76.7707255545365
2025-05-02 21:00:00,76.847688446427
2025-05-02 23:00:00,76.9553911487192
2025-05-03 00:00:00,76.9240367045038
2025-05-03 01:00:00,76.6268947504326
2025-05-03 02:00:00,76.0972116803746
2025-05-03 03:00:00,76.8601211911771
2025-05-03 04:00:00,76.6688370107749
2025-05-03 05:00:00,75.7571504106529
2025-05-03 06:00:00,76.4376147510632
2025-05-03 07:00:00,76.8223797674428
2025-05-03 08:00:00,75.6888534080069
2025-05-03 09:00:00,76.5489351856841
2025-05-03 10:00:00,76.4706845512324
2025-05-03 11:00:00,76.840799478461
2025-05-03 12:00:00,76.8757054799997
2025-05-03 13:00:00,75.9032759885458
2025-05-03 14:00:00,76.5330486418627
2025-05-03 15:00:00,76.5324079695631
2025-05-03 16:00:00,77.1486825240096
2025-05-03 17:00:00,76.4398620848863
2025-05-03 18:00:00,76.9337547705341
2025-05-03 20:00:00,77.1591706983328
2025-05-03 21:00:00,77.4988771014227
2025-05-03 22:00:00,75.9687743930931
2025-05-04 00:00:00,75.2408299050714
2025-05-04 01:00:00,75.3513310368217
2025-05-04 02:00:00,76.2456907299413
2025-05-04 03:00:00,76.2585551121123
2025-05-04 04:00:00,76.3266760863013
2025-05-04 06:00:00,75.5584991396693
2025-05-04 07:00:00,76.6922613576799
2025-05-04 08:00:00,75.8236074823016
2025-05-04 09:00:00,75.8012435490812
2025-05-04 10:00:00,75.4062134572956
2025-05-04 11:00:00,75.6270194039077
2025-05-04 12:00:00,76.521401721571
2025-05-05 05:00:00,75.9392120761914
2025-05-05 07:00:00,75.7102746691997
2025-05-05 08:00:00,76.1848062208007
2025-05-05 10:00:00,76.3569789776672
2025-05-05 13:00:00,75.478946415549
2025-05-05 14:00:00,75.4770514710947
2025-05-05 15:00:00,75.3459874791156
2025-05-05 16:00:00,76.2747787680645
2025-05-05 17:00:00,76.2753364789775
2025-05-05 18:00:00,75.0761716398676
2025-05-05 19:00:00,75.4665644627187
2025-05-05 20:00:00,75.8381457709993
2025-05-05 21:00:00,75.7309039285682
2025-05-05 22:00:00,76.4395676070836
2025-05-05 23:00:00,76.1348314912629
2025-05-06 04:00:00,
2025-05-06 06:00:00,
2025-05-06 07:00:00,
2025-05-06 08:00:00,
2025-05-06 09:00:00,
2025-05-06 12:00:00,
2025-05-06 15:00:00,
2025-05-06 16:00:00,
2025-05-09 02:00:00,99.1427562807692
2025-05-09 03:00:00,99.2428787688028
2025-05-09 04:00:00,98.8328425222403
2025-05-09 05:00:00,98.9203276252273
2025-05-09 06:00:00,98.8476199794871
2025-05-09 07:00:00,99.0795883485011
2025-05-09 08:00:00,99.2657341500678
2025-05-09 09:00:00,98.6794378156282
2025-05-09 11:00:00,98.829995462732
2025-05-09 12:00:00,98.718394674068
2025-05-09 13:00:00,98.6998002137582
2025-05-09 14:00:00,98.896936712488
2025-05-09 15:00:00,98.9473970625907
2025-05-09 16:00:00,99.0392051706164
2025-05-09 17:00:00,98.9157827950421
2025-05-09 18:00:00,98.9622436033393
2025-05-09 19:00:00,99.0115115852034
2025-05-09 20:00:00,99.3357043790304
2025-05-09 21:00:00,99.0777429291863
2025-05-09 22:00:00,98.7363577391631
2025-05-09 23:00:00,98.9770644098403
2025-05-10 00:00:00,98.3868373988086
2025-05-10 01:00:00,98.5527711362938
2025-05-10 02:00:00,98.947105291865
2025-05-10 03:00:00,99.5261142132268
2025-05-10 04:00:00,98.7128453351413
2025-05-10 05:00:00,99.2678142813117
2025-05-10 08:00:00,98.5744352125079
2025-05-10 09:00:00,98.801550964348
2025-05-10 10:00:00,99.7064402069555
2025-05-10 11:00:00,98.4625627763886
2025-05-10 12:00:00,98.9422148017615
2025-05-10 13:00:00,98.8705224710492
2025-05-10 14:00:00,99.4462477892262
2025-05-10 15:00:00,98.3660256932189
2025-05-10 16:00:00,98.6172518400208
2025-05-10 17:00:00,99.0520051217957
2025-05-10 18:00:00,97.6481599130741
2025-05-10 19:00:00,98.5100937136328
2025-05-10 20:00:00,99.3574782278082
2025-05-10 21:00:00,98.8802251815629
2025-05-10 22:00:00,99.3451535657811
2025-05-10 23:00:00,99.5569927210769
2025-05-11 00:00:00,98.5166156298658
2025-05-11 01:00:00,99.1219774992089
2025-05-11 02:00:00,99.2929343482228
2025-05-11 03:00:00,98.9428352284022
2025-05-11 04:00:00,99.1951406056608
2025-05-11 05:00:00,98.43252435195
2025-05-11 06:00:00,99.4091141053642
2025-05-11 07:00:00,99.0707693935568
2025-05-11 08:00:00,96.8502517786781
2025-05-11 09:00:00,98.834487476938
2025-05-11 10:00:00,98.6961820046156
2025-05-11 11:00:00,98.8396553181586
2025-05-11 12:00:00,98.8777996625719
2025-05-11 13:00:00,97.8760354802546
2025-05-11 14:00:00,98.2162724347322
2025-05-11 15:00:00,98.7574439433417
2025-05-11 16:00:00,98.3884343653304
2025-05-11 17:00:00,97.9679343934762
2025-05-11 18:00:00,98.716072195529
2025-05-11 19:00:00,99.2969280905693
2025-05-11 20:00:00,98.6714496293457
2025-05-11 21:00:00,98.5246848909253
2025-05-11 22:00:00,99.057655416609
2025-05-11 23:00:00,98.5330367020556
2025-05-12 00:00:00,98.4678394215996
2025-05-12 01:00:00,99.1061958365354
2025-05-12 02:00:00,98.7130948324572
2025-05-12 03:00:00,77.5867896117755
2025-05-12 04:00:00,98.3752923951011
2025-05-12 05:00:00,98.7299598495993
2025-05-12 06:00:00,98.3000254158975
2025-05-12 07:00:00,126.249311141228
2025-05-12 08:00:00,98.6004257727521
2025-05-12 11:00:00,73.1817388720519
2025-05-12 12:00:00,98.5349173409408
2025-05-12 13:00:00,97.9690138969479
2025-05-12 14:00:00,98.4487937035948
2025-05-12 15:00:00,98.0042182172451
2025-05-12 16:00:00,97.7825572128387
2025-05-12 17:00:00,99.1273926507112
2025-05-12 18:00:00,97.7163906103441
2025-05-12 19:00:00,99.1768234678185
2025-05-12 20:00:00,98.8285463171773
2025-05-12 21:00:00,98.7950008361186
2025-05-12 22:00:00,99.5286546262094
2025-05-12 23:00:00,87.6653549680763
2025-05-13 00:00:00,97.9193356667102
2025-05-13 01:00:00,99.2750539281623
2025-05-13 02:00:00,98.1329952639975
2025-05-13 03:00:00,98.1216201375859
2025-05-13 04:00:00,98.2371323349973
2025-05-13 05:00:00,98.2681463402818
2025-05-13 06:00:00,97.5876283079284
2025-05-13 08:00:00,98.0547861687506
2025-05-13 09:00:00,97.1549326409249
2025-05-13 10:00:00,98.6356183834102
2025-05-13 11:00:00,98.3783678677193
2025-05-13 12:00:00,98.5162904998312
2025-05-13 13:00:00,98.5663981111515
2025-05-13 14:00:00,97.9402895488547
2025-05-13 15:00:00,98.9695802399049
2025-05-13 16:00:00,97.7158048009689
2025-05-13 17:00:00,98.1919188507869
2025-05-13 18:00:00,98.7154394881424
2025-05-13 19:00:00,99.4328781641527
2025-05-13 20:00:00,98.1725917532015
2025-05-13 21:00:00,98.9895983225901
2025-05-13 22:00:00,98.7285261394295
2025-05-13 23:00:00,98.9324525659497
2025-05-14 00:00:00,98.6804735947441
2025-05-14 01:00:00,98.6103662704732
2025-05-14 02:00:00,97.3966584668287
2025-05-14 03:00:00,97.6575285125161
2025-05-14 04:00:00,98.1835076513966
2025-05-14 05:00:00,98.1388547628199
2025-05-14 06:00:00,97.0341187259776
2025-05-14 07:00:00,96.9106829535801
2025-05-14 08:00:00,97.7168103100997
2025-05-14 09:00:00,98.2353842366392
2025-05-14 10:00:00,98.1278307022397
2025-05-14 11:00:00,97.5788316359327
2025-05-14 12:00:00,98.385589244428
2025-05-14 13:00:00,98.0152176604983
2025-05-14 14:00:00,97.7630611570267
2025-05-14 15:00:00,98.2941705928835
2025-05-14 16:00:00,97.4591743421887
2025-05-14 17:00:00,113.036641678799
2025-05-14 18:00:00,98.2482613889022
2025-05-14 19:00:00,98.3911880586019
2025-05-15 09:00:00,97.606557709467
2025-05-15 10:00:00,
2025-05-15 11:00:00,
2025-05-15 12:00:00,98.1632908127641
2025-05-15 13:00:00,97.922380418998
2025-05-15 14:00:00,97.7911968883212
2025-05-15 15:00:00,96.980737241585
2025-05-15 16:00:00,98.4267391762977
2025-05-15 17:00:00,97.4889565865226
2025-05-15 18:00:00,96.7890449822315
2025-05-15 19:00:00,98.435620899718
2025-05-15 20:00:00,98.709957042477
2025-05-15 21:00:00,97.5618937474588
2025-05-15 22:00:00,97.5507943479442
2025-05-15 23:00:00,97.9613575000244
2025-05-16 00:00:00,97.3481942984497
2025-05-16 01:00:00,97.7478957072036
2025-05-16 02:00:00,96.7079665395405
2025-05-16 03:00:00,97.0677832128415
2025-05-16 04:00:00,97.3426228326887
2025-05-16 05:00:00,98.0395737814482
2025-05-16 06:00:00,97.4825874082365
2025-05-16 07:00:00,97.1081314467465
2025-05-16 08:00:00,98.1016039640075
2025-05-16 09:00:00,97.7807358127181
2025-05-16 10:00:00,96.5756316638719
2025-05-16 11:00:00,97.1512504378386
2025-05-16 12:00:00,97.5662673927107
2025-05-16 13:00:00,97.2486481839207
2025-05-16 14:00:00,97.5495349901464
2025-05-16 15:00:00,97.8429271599184
2025-05-16 16:00:00,97.7202822255846
2025-05-16 17:00:00,97.7897618454739
2025-05-16 18:00:00,98.437782230718
2025-05-16 19:00:00,97.42232221994
2025-05-16 20:00:00,97.774599397783
2025-05-16 21:00:00,97.9641271392448
2025-05-16 22:00:00,96.8864913628273
2025-05-16 23:00:00,97.7872274512917
2025-05-17 00:00:00,98.0000156403178
2025-05-17 01:00:00,97.2746218773149
2025-05-17 02:00:00,97.5025357180302
2025-05-17 03:00:00,97.0044215855541
2025-05-17 04:00:00,98.393734745084
2025-05-17 05:00:00,98.2484321140317
2025-05-17 06:00:00,97.5304529195538
2025-05-17 07:00:00,97.8561951870744
2025-05-17 08:00:00,97.9867252591346
2025-05-17 09:00:00,96.6503441695862
2025-05-17 10:00:00,97.6242530142482
2025-05-17 11:00:00,97.1499503038082
2025-05-17 12:00:00,97.8850570431651
2025-05-17 13:00:00,98.1703389257467
2025-05-17 14:00:00,97.8174837079784
2025-05-17 15:00:00,98.3089106645987
2025-05-17 16:00:00,97.9954106491465
2025-05-17 17:00:00,97.6516655954576
2025-05-17 18:00:00,97.6896109204665
2025-05-17 19:00:00,97.5030982090493
2025-05-17 20:00:00,96.8412175865802
2025-05-17 21:00:00,97.4623500124606
2025-05-17 22:00:00,98.5602392732179
2025-05-17 23:00:00,96.7396131122882
2025-05-18 00:00:00,98.2193630833164
2025-05-18 01:00:00,98.1208758337337
2025-05-18 02:00:00,98.2202298572601
2025-05-18 03:00:00,97.6433439788262
2025-05-18 04:00:00,97.4722702304836
2025-05-18 05:00:00,97.3640981143872
2025-05-18 06:00:00,97.9129494187139
2025-05-18 07:00:00,97.8345087236668
2025-05-18 08:00:00,97.4741824989548
2025-05-18 09:00:00,96.7860814746927
2025-05-18 10:00:00,96.4230125545518
2025-05-18 11:00:00,97.2516660088325
2025-05-18 12:00:00,97.3355810456591
2025-05-18 13:00:00,97.8605283436775
2025-05-18 14:00:00,97.178031441958
2025-05-18 15:00:00,97.6473871517566
2025-05-18 16:00:00,96.819169679165
2025-05-18 17:00:00,97.955138744842
2025-05-18 18:00:00,97.5744565291763
2025-05-18 19:00:00,97.6702179152824
2025-05-18 20:00:00,97.7584843961312
2025-05-18 21:00:00,98.5242011149234
2025-05-18 22:00:00,97.7215642418412
2025-05-18 23:00:00,97.2773543534364
2025-05-19 00:00:00,97.3685459497991
2025-05-19 01:00:00,97.7521274800672
2025-05-19 02:00:00,96.7853323936122
2025-05-19 03:00:00,97.3936505300472
2025-05-19 04:00:00,97.3457258136947
2025-05-19 06:00:00,97.4403196486377
2025-05-19 07:00:00,96.6306261025639
2025-05-19 08:00:00,96.8005061696508
2025-05-19 09:00:00,97.268575343607
2025-05-19 10:00:00,96.9820499818169
2025-05-19 11:00:00,97.8238504521391
2025-05-19 12:00:00,97.4125327960116
2025-05-20 00:00:00,96.3947281407615
2025-05-20 01:00:00,96.6454212332149
2025-05-20 02:00:00,97.3017974152245
2025-05-20 03:00:00,95.780714706315
2025-05-20 04:00:00,96.916320897443
2025-05-20 05:00:00,96.5474628976626
2025-05-20 07:00:00,97.1281784423002
2025-05-20 08:00:00,96.9840477510839
2025-05-20 09:00:00,96.0870737376172
2025-05-20 10:00:00,97.1586493726635
2025-05-20 11:00:00,96.9996179187705
2025-05-20 12:00:00,97.1190970280421
2025-05-20 13:00:00,98.0857451870606
2025-05-20 14:00:00,96.1846772321261
2025-05-20 15:00:00,96.7328436227484
2025-05-20 16:00:00,96.9871779735558
2025-05-20 17:00:00,96.7878339592467
2025-05-20 18:00:00,96.8991545826929
2025-05-20 19:00:00,96.3882897469508
2025-05-20 20:00:00,97.4615125338403
2025-05-20 21:00:00,97.3792336822068
2025-05-20 22:00:00,97.5972939086251
2025-05-20 23:00:00,96.9340051339567
2025-05-21 00:00:00,97.0635091052473
2025-05-21 01:00:00,96.7213132065375
2025-05-21 02:00:00,97.4865529899658
2025-05-21 03:00:00,96.9583358513484
2025-05-21 04:00:00,97.1312677599293
2025-05-21 05:00:00,97.377516526396
2025-05-21 06:00:00,97.220280663398
2025-05-21 07:00:00,97.0838055864803
2025-05-21 08:00:00,96.3470090875781
2025-05-21 09:00:00,97.2322007173525
2025-05-21 10:00:00,96.9926385367022
2025-05-21 11:00:00,96.9438191936854
2025-05-21 12:00:00,97.3440259804705
2025-05-21 13:00:00,96.3877520514084
2025-05-21 14:00:00,96.776182159827
2025-05-21 15:00:00,98.0071457308462
2025-05-21 16:00:00,96.7545201562713
2025-05-21 17:00:00,97.0447280478108
2025-05-21 18:00:00,96.4939877821151
2025-05-21 19:00:00,97.0608923285638
2025-05-21 20:00:00,95.4909058321563
2025-05-21 21:00:00,97.8099452273067
2025-05-21 22:00:00,97.6093553411643
2025-05-21 23:00:00,96.2322132985638
2025-05-22 00:00:00,97.4228737320581
2025-05-22 01:00:00,96.2321650741731
2025-05-22 02:00:00,96.5993706982703
2025-05-22 03:00:00,97.4140401918982
2025-05-22 04:00:00,96.659362354739
2025-05-22 05:00:00,97.3330867834454
2025-05-22 06:00:00,95.9664535608703
2025-05-22 07:00:00,97.2945079362847
2025-05-22 08:00:00,97.0385681067462
2025-05-22 09:00:00,96.5403635117178
2025-05-22 10:00:00,122.378706064567
2025-05-22 11:00:00,96.3238600430355
2025-05-22 12:00:00,96.8333487833088
2025-05-22 13:00:00,97.0249550471284
2025-05-22 14:00:00,95.7762421906282
2025-05-22 15:00:00,96.7884131406198
2025-05-22 16:00:00,96.9895545178038
2025-05-22 17:00:00,96.0399794891355
2025-05-22 18:00:00,95.6288365884386
2025-05-22 19:00:00,96.3264761060951
2025-05-22 20:00:00,96.4730625784805
2025-05-22 21:00:00,96.9901189773996
2025-05-22 22:00:00,97.0994205785845
2025-05-22 23:00:00,96.3478226522042
2025-05-23 00:00:00,96.1483526290683
2025-05-23 01:00:00,96.9665631465407
2025-05-23 02:00:00,97.1274470396459
2025-05-23 03:00:00,97.147317275563
2025-05-23 04:00:00,96.3778024168211
2025-05-23 05:00:00,96.9709631569614
2025-05-23 06:00:00,96.7950504889548
2025-05-23 07:00:00,95.7305201398281
2025-05-23 08:00:00,96.3203228054735
2025-05-23 09:00:00,96.6391054108812
2025-05-23 10:00:00,96.3917795203118
2025-05-23 11:00:00,97.1550396454955
2025-05-23 12:00:00,96.7434818439106
2025-05-23 13:00:00,96.588926154525
2025-05-23 14:00:00,96.4478987755193
2025-05-24 02:00:00,96.1437396424312
2025-05-24 03:00:00,96.1847903002081
2025-05-24 04:00:00,96.4224828240933
2025-05-24 05:00:00,96.0731585695792
2025-05-24 06:00:00,96.6767366058619
2025-05-24 07:00:00,96.6276825921783
2025-05-24 09:00:00,95.7451110686187
2025-05-24 10:00:00,95.2256182302688
2025-05-24 11:00:00,95.8555984048144
2025-05-24 12:00:00,96.9201710953648
2025-05-24 13:00:00,95.6952541982673
2025-05-24 14:00:00,95.5473499928796
2025-05-24 15:00:00,96.2447097091779
2025-05-24 16:00:00,96.5207845973277
2025-05-24 17:00:00,96.7017985621978
2025-05-24 18:00:00,96.560319635031
2025-05-24 19:00:00,95.5948078341544
2025-05-24 20:00:00,95.9281645076579
2025-05-24 21:00:00,96.1387293188606
2025-05-24 22:00:00,96.6534151008758
2025-05-24 23:00:00,96.8333743079775
2025-05-25 00:00:00,96.490775273908
2025-05-25 01:00:00,95.6863284870956
2025-05-25 03:00:00,96.737426854644
2025-05-25 04:00:00,96.2745804576771
2025-05-25 05:00:00,97.456075001736
2025-05-25 06:00:00,95.4134361131382
2025-05-25 08:00:00,95.8217471891409
2025-05-25 10:00:00,95.8086311804085
2025-05-25 11:00:00,96.6766905705798
2025-05-25 12:00:00,96.3701333157488
2025-05-25 13:00:00,96.0870764726766
2025-05-25 14:00:00,96.8185015210151
2025-05-25 15:00:00,96.6306078637395
2025-05-25 16:00:00,
2025-05-25 17:00:00,
2025-05-25 18:00:00,
2025-05-25 19:00:00,
2025-05-25 20:00:00,96.2734546478029
2025-05-25 21:00:00,96.1015539545421
2025-05-25 22:00:00,96.3380918414825
2025-05-25 23:00:00,95.9885477676983
2025-05-26 00:00:00,95.5755739413185
2025-05-26 01:00:00,95.9338849821143
2025-05-26 02:00:00,96.1697622665032
2025-05-26 03:00:00,95.4685147429769
2025-05-26 04:00:00,95.1141541974241
2025-05-26 05:00:00,96.3975615555879
2025-05-26 06:00:00,96.0877047295648
2025-05-26 07:00:00,96.3310388103179
2025-05-26 08:00:00,95.8405539077258
2025-05-26 09:00:00,96.2982031161713
2025-05-26 10:00:00,95.2470834338791
2025-05-26 13:00:00,95.8256941584711
2025-05-26 15:00:00,95.9965062315497
2025-05-26 16:00:00,96.1200885628734
2025-05-26 17:00:00,94.9262185758908
2025-05-26 18:00:00,95.6908597303515
2025-05-26 19:00:00,95.6453405636135
2025-05-26 20:00:00,94.8534933782456
2025-05-26 21:00:00,95.7461556930141
2025-05-26 22:00:00,95.5992611038142
2025-05-26 23:00:00,95.9051505401285
2025-05-27 00:00:00,95.9082288654468
2025-05-27 01:00:00,95.5326491588602
2025-05-27 02:00:00,96.0717624105286
2025-05-27 05:00:00,95.7973405472405
2025-05-27 06:00:00,
2025-05-27 07:00:00,95.4301525516349
2025-05-27 08:00:00,94.7295183059277
2025-05-27 09:00:00,95.8178166652806
2025-05-27 10:00:00,95.803639903234
2025-05-27 11:00:00,95.2528956093919
2025-05-27 12:00:00,95.5744146587061
2025-05-27 13:00:00,95.8177723504533
2025-05-27 14:00:00,95.9472089439708
2025-05-27 15:00:00,95.9106895171223
2025-05-27 16:00:00,95.2036041565032
2025-05-27 17:00:00,96.2673055578551
2025-05-27 18:00:00,95.2665058653441
2025-05-27 19:00:00,95.5724898343075
2025-05-27 20:00:00,96.356670502739
2025-05-27 21:00:00,96.0789888604512
2025-05-27 22:00:00,95.2730106132811
2025-05-27 23:00:00,96.2587927658616
2025-05-28 00:00:00,95.4970078307057
2025-05-28 01:00:00,96.3376593928498
2025-05-28 02:00:00,94.8043922335237
2025-05-28 03:00:00,94.7968624204474
2025-05-28 04:00:00,95.219513321765
2025-05-28 05:00:00,95.1325677117966
2025-05-28 06:00:00,95.6861936964876
2025-05-28 07:00:00,95.6059811899276
2025-05-28 08:00:00,95.2698729596164
2025-05-28 10:00:00,94.8297239469154
2025-05-28 11:00:00,95.8570275718004
2025-05-28 12:00:00,96.0121192751429
2025-05-28 13:00:00,95.6402921741928
2025-05-28 14:00:00,96.0887327463418
2025-05-28 15:00:00,95.7235704193599
2025-05-28 16:00:00,96.434777262068
2025-05-28 17:00:00,95.7224431129494
2025-05-28 18:00:00,95.7490144285269
2025-05-28 19:00:00,96.266108948334
2025-05-28 20:00:00,96.28145491973
2025-05-28 21:00:00,96.0422348585342
2025-05-28 22:00:00,95.4501705121659
2025-05-28 23:00:00,95.8332729476727
2025-05-29 00:00:00,95.738703529881
2025-05-29 01:00:00,94.9463209399606
2025-05-29 02:00:00,96.3050106903947
2025-05-29 03:00:00,94.5897291205565
2025-05-29 04:00:00,95.6040400447128
2025-05-29 06:00:00,94.7815590312907
2025-05-29 07:00:00,96.3348214261142
2025-05-29 08:00:00,95.0553443187947
2025-05-29 09:00:00,95.7384973567678
2025-05-29 10:00:00,95.8002161045133
2025-05-29 11:00:00,96.0175178358626
2025-05-29 12:00:00,95.6965860434184
2025-05-29 13:00:00,95.0535499277749
2025-05-29 14:00:00,96.1442961558781
2025-05-29 15:00:00,95.5356978323449
2025-05-29 16:00:00,95.6008179602194
2025-05-29 17:00:00,96.4835729643303
2025-05-29 18:00:00,95.8094396493349
2025-05-29 19:00:00,95.5717457430356
2025-05-29 20:00:00,95.192424197007
2025-05-29 21:00:00,95.5925302587711
2025-05-29 22:00:00,94.9431943000348
2025-05-29 23:00:00,95.625006193201
2025-05-30 00:00:00,95.1113305869949
2025-05-30 01:00:00,94.8659730592191
2025-05-30 02:00:00,95.4942045740765
2025-05-30 03:00:00,94.7740589264865
2025-05-30 04:00:00,91.0849290341305
2025-05-30 05:00:00,95.9359808150372
2025-05-30 06:00:00,95.7380048947027
2025-05-30 07:00:00,95.7893130541909
2025-05-30 08:00:00,95.1900444219354
2025-05-30 09:00:00,96.1748106358555
2025-05-30 10:00:00,95.4195193509466
2025-05-30 11:00:00,95.7148642358005
2025-05-30 12:00:00,95.2698529473621
2025-05-30 13:00:00,95.3360469684988
2025-05-30 14:00:00,94.8524436362066
2025-05-30 15:00:00,94.3789908135612
2025-05-30 16:00:00,95.4014345850313
2025-05-30 17:00:00,95.0338742221437
2025-05-30 18:00:00,95.5876837944282
2025-05-30 19:00:00,95.5650397654733
2025-05-30 20:00:00,95.3472254267248
2025-05-30 21:00:00,95.6340145359171
2025-05-30 22:00:00,94.7556599483217
2025-05-30 23:00:00,95.5811686465316
2025-05-31 00:00:00,94.8622674904971
2025-05-31 01:00:00,95.1595137894194
2025-05-31 02:00:00,94.8320477385735
2025-05-31 03:00:00,94.8380998053451
2025-05-31 04:00:00,94.6609434523642
2025-05-31 05:00:00,95.2416420569512
2025-05-31 06:00:00,95.7637476904526
2025-05-31 07:00:00,95.4677542522906
2025-05-31 08:00:00,95.2453967298679
2025-05-31 10:00:00,94.8891545587284
2025-05-31 11:00:00,96.0252716873955
2025-05-31 12:00:00,95.32228798424
2025-05-31 13:00:00,95.3472226038976
2025-05-31 14:00:00,95.4067074582115
2025-06-01 01:00:00,93.3312383441159
2025-06-01 03:00:00,97.0253791448471
2025-06-01 05:00:00,95.5015143292743
2025-06-01 06:00:00,93.8812795758654
2025-06-01 07:00:00,94.4034892356534
2025-06-01 09:00:00,93.9236376768771
2025-06-01 12:00:00,94.6803432064189
2025-06-01 13:00:00,92.4746660688451
2025-06-01 14:00:00,92.4516382198069
2025-06-01 15:00:00,95.4747069832799
2025-06-01 16:00:00,96.2565316105814
2025-06-01 17:00:00,94.2763238429906
2025-06-01 18:00:00,97.2673165700538
2025-06-01 19:00:00,92.9713269082071
2025-06-01 20:00:00,94.3596632710538
2025-06-01 22:00:00,94.2036068626005
2025-06-01 23:00:00,94.2724962473469
2025-06-02 02:00:00,95.9647867758483
2025-06-02 03:00:00,96.0652499309417
2025-06-02 04:00:00,94.8246487275715
2025-06-02 05:00:00,95.8202283122085
2025-06-02 06:00:00,94.024491443056
2025-06-02 07:00:00,89.7789156488578
2025-06-02 08:00:00,95.3710523632145
2025-06-02 09:00:00,93.542753119063
2025-06-02 10:00:00,94.8915320366466
2025-06-02 11:00:00,95.7330236518266
2025-06-02 12:00:00,94.9407829072158
2025-06-02 13:00:00,93.2757919316116
2025-06-02 14:00:00,94.5242708223343
2025-06-02 15:00:00,94.9288963248668
2025-06-02 16:00:00,95.0853496974688
2025-06-02 17:00:00,92.2422214341222
2025-06-02 18:00:00,92.7647690088607
2025-06-02 19:00:00,96.4400312893692
2025-06-02 21:00:00,91.795223614586
2025-06-02 22:00:00,95.1829602164297
2025-06-02 23:00:00,95.204701699313
2025-06-03 02:00:00,94.9115213128535
2025-06-03 03:00:00,95.3994338942892
2025-06-03 04:00:00,98.0672890601716
2025-06-03 05:00:00,94.6782449294415
2025-06-03 06:00:00,97.200614198085
2025-06-03 07:00:00,94.8883124163413
2025-06-03 08:00:00,95.8623238325402
2025-06-03 09:00:00,94.543728801189
2025-06-03 11:00:00,93.7115426673593
2025-06-03 12:00:00,93.5913818352254
2025-06-03 13:00:00,
2025-06-03 14:00:00,
2025-06-03 15:00:00,
2025-06-03 16:00:00,
2025-06-03 17:00:00,96.0633186348758
2025-06-03 18:00:00,94.8335672648236
2025-06-03 19:00:00,95.7401353846798
2025-06-03 20:00:00,97.2253771038526
2025-06-03 21:00:00,95.6348713810181
2025-06-03 22:00:00,96.5779782718606
2025-06-03 23:00:00,94.2309090088954
2025-06-04 00:00:00,93.2863955360775
2025-06-04 01:00:00,92.6927913841471
2025-06-04 02:00:00,94.2032895032213
2025-06-04 04:00:00,94.1890532518372
2025-06-04 05:00:00,98.3922188734592
2025-06-04 06:00:00,95.6731036695239
2025-06-04 07:00:00,94.8071012974721
2025-06-04 08:00:00,95.3100558606437
2025-06-04 09:00:00,92.7272467108073
2025-06-04 10:00:00,93.6778223371345
2025-06-04 11:00:00,93.3169000005619
2025-06-04 12:00:00,97.1863668793283
2025-06-04 13:00:00,93.8242763902672
2025-06-04 14:00:00,93.943030350309
2025-06-04 15:00:00,95.0928881591106
2025-06-04 16:00:00,93.975122675707
2025-06-04 17:00:00,94.9061027739824
2025-06-05 05:00:00,94.8076031883366
2025-06-05 07:00:00,95.6769155726126
2025-06-05 08:00:00,97.3207157971618
2025-06-05 09:00:00,94.8097790403386
2025-06-05 10:00:00,96.0181822652678
2025-06-05 11:00:00,94.1626645796003
2025-06-05 12:00:00,92.6386312228174
2025-06-05 13:00:00,92.9090829551586
2025-06-05 14:00:00,83.1576531042268
2025-06-05 15:00:00,93.4247303886863
2025-06-05 16:00:00,96.0574072436311
2025-06-05 17:00:00,94.9359927416811
2025-06-05 18:00:00,93.9981801293198
2025-06-05 19:00:00,94.4544285392304
2025-06-05 20:00:00,91.0967102324821
2025-06-05 21:00:00,93.9904213991102
2025-06-05 22:00:00,95.8390971284859
2025-06-05 23:00:00,96.5111207112901
2025-06-06 00:00:00,97.3804031302638
2025-06-06 01:00:00,95.1445832280725
2025-06-06 02:00:00,96.3166898930338
2025-06-06 03:00:00,93.9224852586713
2025-06-06 04:00:00,93.6614376797792
2025-06-06 05:00:00,91.6952290506896
2025-06-06 07:00:00,96.2491859858001
2025-06-06 09:00:00,96.3028843242468
2025-06-06 10:00:00,93.8905634189599
2025-06-06 11:00:00,90.4901391112531
2025-06-06 12:00:00,95.9618263853959
2025-06-06 13:00:00,93.9504755626628
2025-06-06 14:00:00,95.6676267087991
2025-06-06 15:00:00,93.96123275853
2025-06-06 16:00:00,95.6635970414902
2025-06-06 17:00:00,98.3417386063943
2025-06-06 18:00:00,93.7808498351546
2025-06-06 19:00:00,94.0847593065641
2025-06-06 20:00:00,93.9039720047067
2025-06-06 21:00:00,78.4059980177085
2025-06-06 22:00:00,92.1481112552703
2025-06-06 23:00:00,94.847293238244
2025-06-07 00:00:00,94.3493629780882
2025-06-07 01:00:00,94.5116101889727
2025-06-07 02:00:00,93.5633568359179
2025-06-07 03:00:00,94.918102688062
2025-06-07 04:00:00,98.206414302863
2025-06-07 06:00:00,94.6693876987288
2025-06-07 07:00:00,94.3564230033243
2025-06-07 11:00:00,96.0772234636408
2025-06-07 12:00:00,91.0791606808485
2025-06-07 13:00:00,95.0923276273009
2025-06-07 14:00:00,95.2023168133663
2025-06-07 15:00:00,94.7870325960284
2025-06-07 16:00:00,97.5221074849228
2025-06-07 17:00:00,96.9378557482654
2025-06-07 18:00:00,95.4229716418844
2025-06-07 19:00:00,96.2930135797169
2025-06-07 21:00:00,95.6209713613999
2025-06-07 22:00:00,97.7486758155993
2025-06-07 23:00:00,93.8931931220736
2025-06-08 00:00:00,94.0739138365454
2025-06-08 02:00:00,95.5901247964946
2025-06-08 04:00:00,95.6280996315609
2025-06-08 05:00:00,95.7562077529758
2025-06-08 11:00:00,93.7404613809766
2025-06-08 12:00:00,93.8153288119628
2025-06-08 13:00:00,94.3985701611176
2025-06-08 14:00:00,92.8810963794477
2025-06-08 15:00:00,95.6788664496106
2025-06-08 16:00:00,91.6316798407528
2025-06-08 17:00:00,94.407267153066
2025-06-08 18:00:00,90.3300766698768
2025-06-08 19:00:00,95.3117740017181
2025-06-08 20:00:00,95.0613665350452
2025-06-08 21:00:00,91.1608291993537
2025-06-08 22:00:00,95.5910020279711
2025-06-08 23:00:00,91.7930140575074
2025-06-09 00:00:00,93.9710236100359
2025-06-09 01:00:00,94.9020787220634
2025-06-09 02:00:00,94.3248295900702
2025-06-09 03:00:00,95.2707162742534
2025-06-09 04:00:00,92.7005097854199
2025-06-09 05:00:00,96.5452681333653
2025-06-09 06:00:00,93.3408496232045
2025-06-09 07:00:00,95.6696731009805
2025-06-09 08:00:00,95.575414173772
2025-06-09 09:00:00,97.0771375115839
2025-06-09 10:00:00,93.7228012900803
2025-06-09 11:00:00,96.2545359721662
2025-06-09 12:00:00,95.2362604781706
2025-06-09 13:00:00,92.0838458346584
2025-06-09 14:00:00,94.6864906731041
2025-06-09 15:00:00,91.4089863851702
2025-06-09 16:00:00,96.3115948052649
2025-06-09 17:00:00,96.0706627652572
2025-06-09 18:00:00,95.3082500360341
2025-06-09 19:00:00,94.7838820403576
2025-06-09 20:00:00,93.6000559873553
2025-06-09 21:00:00,89.3883379394334
2025-06-09 22:00:00,117.365832356142
2025-06-09 23:00:00,93.3864532606094
2025-06-10 00:00:00,92.5430247489073
2025-06-10 01:00:00,93.7939479250382
2025-06-10 02:00:00,93.0458434400818
2025-06-10 03:00:00,96.2858307362452
2025-06-10 04:00:00,95.8896942666871
2025-06-10 07:00:00,96.7568824089025
2025-06-10 09:00:00,93.5222286548902
2025-06-10 10:00:00,93.464462965621
2025-06-10 11:00:00,92.9112041027692
2025-06-10 12:00:00,90.925795601781
2025-06-10 13:00:00,96.1155769088139
2025-06-10 14:00:00,92.8258843992944
2025-06-10 15:00:00,91.0112824035335
2025-06-10 16:00:00,94.3483615107441
2025-06-11 06:00:00,93.1003901590929
2025-06-11 07:00:00,92.2665750524675
2025-06-11 08:00:00,92.0535478795833
2025-06-11 09:00:00,93.8494436799286
2025-06-11 10:00:00,96.2531133738779
2025-06-11 11:00:00,94.3454674138793
2025-06-11 12:00:00,95.9396051595767
2025-06-11 13:00:00,96.4993555520057
2025-06-11 14:00:00,92.1035561775153
2025-06-11 15:00:00,96.2686259530927
2025-06-11 16:00:00,95.6589244327116
2025-06-11 18:00:00,93.2616997887628
2025-06-11 19:00:00,94.1607845208171
2025-06-11 20:00:00,93.2097921340339
2025-06-11 21:00:00,95.92762543159
2025-06-11 22:00:00,93.9112062561667
2025-06-11 23:00:00,94.5384906531464
2025-06-12 00:00:00,92.7769492058203
2025-06-12 03:00:00,94.9968003289679
2025-06-12 05:00:00,97.7658060160386
2025-06-12 07:00:00,92.0455911898485
2025-06-12 08:00:00,95.9125754072982
2025-06-12 10:00:00,94.190457021236
2025-06-12 11:00:00,91.5441003948379
2025-06-12 12:00:00,94.9796764254677
2025-06-12 13:00:00,96.7976346509381
2025-06-12 14:00:00,92.6206202447538
2025-06-12 15:00:00,91.7802252644657
2025-06-12 16:00:00,93.6181173458347
2025-06-12 17:00:00,93.6813369209493
2025-06-12 18:00:00,92.7201970057886
2025-06-12 19:00:00,95.3921693005019
2025-06-12 20:00:00,93.1153125384167
2025-06-12 21:00:00,93.482063874728
2025-06-12 22:00:00,95.1697179545373
2025-06-12 23:00:00,91.7552275048979
2025-06-13 00:00:00,93.4818679255483
2025-06-13 01:00:00,95.5593017139009
2025-06-13 02:00:00,93.2184629529202
2025-06-13 03:00:00,97.115323099387
2025-06-13 04:00:00,94.8100731784172
2025-06-13 05:00:00,91.8339419896603
2025-06-13 06:00:00,93.9389389436887
2025-06-13 07:00:00,108.918681591996
2025-06-13 08:00:00,92.3628408657481
2025-06-13 09:00:00,93.2042201950647
2025-06-13 10:00:00,93.3339995410237
2025-06-13 11:00:00,92.2752759692414
2025-06-13 12:00:00,97.4367531141687
2025-06-13 13:00:00,93.5929804447879
2025-06-13 14:00:00,94.8266315705927
2025-06-13 15:00:00,96.7299310637224
2025-06-13 16:00:00,93.6470255803466
2025-06-13 17:00:00,93.8544117063976
2025-06-13 18:00:00,92.575781220373
2025-06-13 19:00:00,95.9806871841224
2025-06-13 20:00:00,95.9925677696299
2025-06-13 21:00:00,89.0581924016042
2025-06-13 22:00:00,93.7670394631985
2025-06-13 23:00:00,92.7838375395453
2025-06-14 00:00:00,95.3112809233963
2025-06-14 01:00:00,92.3690686731479
2025-06-14 02:00:00,92.1440747592044
2025-06-14 16:00:00,76.3326509763649
2025-06-14 17:00:00,96.7237745011039
2025-06-14 18:00:00,93.9390812759701
2025-06-14 19:00:00,93.0255235823005
2025-06-14 20:00:00,93.0965335891872
2025-06-14 21:00:00,93.5127163603139
2025-06-14 22:00:00,91.424857066626
2025-06-14 23:00:00,91.8313914427498
2025-06-15 00:00:00,93.6507686036624
2025-06-15 01:00:00,92.6954968131258
2025-06-15 02:00:00,94.9269660030859
2025-06-15 03:00:00,94.9221886998289
2025-06-15 04:00:00,93.6840761132571
2025-06-15 05:00:00,95.370438181025
2025-06-15 06:00:00,94.3465943653597
2025-06-15 07:00:00,93.5704138179968
2025-06-15 08:00:00,95.1725346668375
2025-06-15 09:00:00,97.7373088374977
2025-06-15 10:00:00,91.5246059796466
2025-06-15 11:00:00,95.7423950112043
2025-06-15 12:00:00,92.3954397979888
2025-06-15 13:00:00,90.9495559792269
2025-06-15 14:00:00,92.858460685415
2025-06-15 15:00:00,94.7704326705128
2025-06-15 16:00:00,95.1380622729619
2025-06-15 17:00:00,96.0732542155716
2025-06-15 18:00:00,91.9016308405657
2025-06-15 19:00:00,92.6519567866719
2025-06-15 20:00:00,93.2045086408578
2025-06-15 21:00:00,94.5890971783276
2025-06-15 22:00:00,93.6936795049368
2025-06-15 23:00:00,93.157426768522
2025-06-16 00:00:00,90.6973255998037
2025-06-16 01:00:00,72.5479061831379
2025-06-16 02:00:00,96.8374223498528
2025-06-16 03:00:00,93.434185896005
2025-06-16 04:00:00,92.1484949345148
2025-06-16 05:00:00,93.3590209800184
2025-06-16 07:00:00,93.7959429696753
2025-06-16 08:00:00,92.9997610731355
2025-06-16 09:00:00,94.5273989109789
2025-06-16 10:00:00,95.1656365012143
2025-06-16 11:00:00,96.6877874472199
2025-06-16 12:00:00,93.1566478869472
2025-06-16 13:00:00,91.0651464382432
2025-06-16 14:00:00,94.104773893699
2025-06-16 15:00:00,91.8007764329129
2025-06-16 16:00:00,93.1558585453744
2025-06-16 17:00:00,93.4999214122328
2025-06-16 18:00:00,96.6146746057363
2025-06-16 19:00:00,95.4768172092314
2025-06-16 21:00:00,94.0327696227254
2025-06-16 22:00:00,93.3052954567036
2025-06-16 23:00:00,93.6522515658167
2025-06-17 00:00:00,94.6578476246177
2025-06-17 01:00:00,93.4899628772595
2025-06-17 02:00:00,93.4293887729587
2025-06-17 03:00:00,93.7039232737531
2025-06-17 04:00:00,92.7226436305086
2025-06-17 05:00:00,97.7992114282741
2025-06-17 06:00:00,92.9420398409147
2025-06-17 07:00:00,91.0888908739286
2025-06-17 08:00:00,94.1453845629042
2025-06-17 09:00:00,92.8960201428812
2025-06-17 10:00:00,96.2319498408256
2025-06-17 11:00:00,90.9124371564997
2025-06-17 12:00:00,95.2513272042066
2025-06-17 13:00:00,92.1656111925028
2025-06-17 14:00:00,91.2916698125908
2025-06-17 15:00:00,90.2504265602649
2025-06-17 16:00:00,94.4203845049842
2025-06-17 17:00:00,92.0346671255652
2025-06-17 18:00:00,93.1766875854659
2025-06-17 19:00:00,91.4267610884856
2025-06-17 20:00:00,91.0850190189556
2025-06-17 21:00:00,95.6715463459658
2025-06-17 22:00:00,91.677214048067
2025-06-17 23:00:00,92.8880732446526
2025-06-18 00:00:00,96.1616717656105
2025-06-18 01:00:00,94.5681101931347
2025-06-18 02:00:00,95.6672033960772
2025-06-18 03:00:00,95.2430786618307
2025-06-18 04:00:00,92.5942506324638
2025-06-18 07:00:00,93.2245144456319
2025-06-18 08:00:00,93.0821505736284
2025-06-18 09:00:00,94.6224240933753
2025-06-18 10:00:00,93.153295218461
2025-06-18 11:00:00,94.9628685580926
2025-06-18 12:00:00,92.8632607597748
2025-06-18 13:00:00,94.3594611172332
2025-06-18 14:00:00,93.9942089028862
2025-06-18 15:00:00,92.545153068856
2025-06-18 16:00:00,94.9046123436261
2025-06-18 17:00:00,92.663774347602
2025-06-18 18:00:00,94.9294938769974
2025-06-18 19:00:00,94.6572743901391
2025-06-18 20:00:00,93.7108228730269
2025-06-18 21:00:00,93.9755220880525
2025-06-18 22:00:00,94.0903277508154
2025-06-18 23:00:00,97.5262482694243
2025-06-19 00:00:00,96.2183732573195
2025-06-19 01:00:00,92.4155180252383
2025-06-19 02:00:00,96.1142598584908
2025-06-19 03:00:00,96.7213800541728
2025-06-19 04:00:00,94.1166056370639
2025-06-19 05:00:00,94.2257647545518
2025-06-19 06:00:00,93.9940989174413
2025-06-19 07:00:00,93.3681755206012
2025-06-19 15:00:00,89.833285439386
2025-06-19 16:00:00,91.6305785421315
2025-06-19 17:00:00,94.8671906492292
2025-06-19 18:00:00,96.5378094883503
2025-06-19 19:00:00,90.3496153349398
2025-06-19 20:00:00,93.0327161295191
2025-06-19 21:00:00,92.0631015459398
2025-06-19 22:00:00,92.9859102573233
2025-06-19 23:00:00,94.2559022271524
2025-06-20 00:00:00,92.3496907416266
2025-06-20 01:00:00,92.1873536042944
2025-06-20 02:00:00,92.1317078874141
2025-06-20 03:00:00,93.576339657002
2025-06-20 04:00:00,92.7284416356361
2025-06-20 05:00:00,95.574278034259
2025-06-20 06:00:00,92.5912501775417
2025-06-20 07:00:00,94.8218957960016
2025-06-20 10:00:00,94.1196048120631
2025-06-20 11:00:00,93.0435312696287
2025-06-20 13:00:00,92.2448919090866
2025-06-20 14:00:00,92.9201399366882
2025-06-20 15:00:00,91.7975608177318
2025-06-20 16:00:00,93.2468214068658
2025-06-20 17:00:00,91.77119577925
2025-06-20 18:00:00,92.078903149236
2025-06-20 19:00:00,68.6767023999902
2025-06-20 20:00:00,95.1425271866811
2025-06-20 23:00:00,91.5302243229636
2025-06-21 00:00:00,92.0786515605654
2025-06-21 01:00:00,97.1435921385582
2025-06-21 02:00:00,89.4979243771718
2025-06-21 03:00:00,93.0095005036291
2025-06-21 04:00:00,93.1116625225599
2025-06-21 05:00:00,94.6893785538514
2025-06-21 06:00:00,92.3581832588142
2025-06-21 07:00:00,93.7357363773881
2025-06-21 08:00:00,93.4406225219062
2025-06-21 09:00:00,89.5741347311706
2025-06-21 10:00:00,92.7236744924805
2025-06-21 11:00:00,90.6179603522415
2025-06-21 12:00:00,92.5391036425983
2025-06-21 13:00:00,92.0428117823708
2025-06-21 14:00:00,93.83453176722
2025-06-21 15:00:00,95.2447964342908
2025-06-21 16:00:00,94.752497247601
2025-06-21 17:00:00,91.691031121767
2025-06-21 18:00:00,93.6319931273415
2025-06-21 19:00:00,92.9886807683138
2025-06-21 20:00:00,94.8394969747146
2025-06-21 21:00:00,92.9978328770148
2025-06-21 22:00:00,93.6719498787602
2025-06-21 23:00:00,91.5291685217022
2025-06-22 00:00:00,92.4679292773749
2025-06-22 01:00:00,93.3299853933514
2025-06-22 02:00:00,91.6667944030591
2025-06-22 04:00:00,93.3052506847321
2025-06-22 05:00:00,94.4031093597476
2025-06-22 06:00:00,93.1672014299996
2025-06-22 07:00:00,94.2498737846234
2025-06-22 08:00:00,92.5366573072152
2025-06-22 09:00:00,92.7535564757457
2025-06-22 10:00:00,91.8764759470388
2025-06-22 11:00:00,92.6666509319308
2025-06-22 12:00:00,95.0417126457432
2025-06-22 13:00:00,93.6890501082451
2025-06-22 14:00:00,
2025-06-22 15:00:00,
2025-06-22 16:00:00,91.0210795659406
2025-06-22 17:00:00,96.9773367467596
2025-06-23 05:00:00,93.0339523750289
2025-06-23 06:00:00,93.7658086788963
2025-06-23 07:00:00,97.6130049835683
2025-06-23 09:00:00,94.5211547859811
2025-06-23 10:00:00,91.7173740638406
2025-06-23 11:00:00,93.6397570524988
2025-06-23 12:00:00,94.0455572058107
2025-06-23 13:00:00,89.0668109360056
2025-06-23 14:00:00,93.0425149503949
2025-06-23 15:00:00,91.3924398335883
2025-06-23 16:00:00,90.1648016686799
2025-06-23 17:00:00,91.1738396374618
2025-06-23 18:00:00,93.3649150568164
2025-06-23 19:00:00,94.9091079178272
2025-06-23 20:00:00,93.7380426523011
2025-06-23 21:00:00,90.9955838634433
2025-06-23 22:00:00,94.2893313223578
2025-06-23 23:00:00,93.9700713433801
2025-06-24 01:00:00,91.8017865640632
2025-06-24 02:00:00,94.0543391124347
2025-06-24 03:00:00,94.8738327195926
2025-06-24 04:00:00,94.2995497057221
2025-06-24 07:00:00,94.2868982899414
2025-06-24 08:00:00,92.6349954262798
2025-06-24 09:00:00,94.6484405388448
2025-06-24 10:00:00,92.5441299226433
2025-06-24 11:00:00,93.8811938905887
2025-06-24 12:00:00,94.6234159912895
2025-06-24 13:00:00,94.1674694260107
2025-06-24 14:00:00,102.735090647859
2025-06-24 15:00:00,93.6973977048331
2025-06-24 16:00:00,95.5873254588068
2025-06-24 17:00:00,93.6562104084609
2025-06-24 18:00:00,55.7646574940996
2025-06-24 19:00:00,94.0864462613113
2025-06-25 09:00:00,91.4591378451056
2025-06-25 10:00:00,90.3574944761098
2025-06-25 11:00:00,95.2483076605431
2025-06-25 12:00:00,91.1472373083976
2025-06-25 13:00:00,93.218075832005
2025-06-25 14:00:00,91.7693706989238
2025-06-25 15:00:00,94.8207769936249
2025-06-25 16:00:00,93.3225889639967
2025-06-25 17:00:00,91.0295730685043
2025-06-25 18:00:00,91.7552149122224
2025-06-25 19:00:00,96.3997454107734
2025-06-25 20:00:00,92.9431830623765
2025-06-25 21:00:00,89.0979574452714
2025-06-25 22:00:00,92.1620536937469
2025-06-25 23:00:00,92.7971258463829
2025-06-26 00:00:00,92.2279583667482
2025-06-26 01:00:00,88.1566717022562
2025-06-26 02:00:00,92.6212437776349
2025-06-26 03:00:00,91.3276755158969
2025-06-26 04:00:00,90.2111100823244
2025-06-26 06:00:00,94.8468987524942
2025-06-26 10:00:00,91.8761811115546
2025-06-26 11:00:00,94.5557200887495
2025-06-26 12:00:00,94.296434571041
2025-06-26 13:00:00,94.8043630079033
2025-06-26 14:00:00,94.2331556883723
2025-06-26 15:00:00,112.789037969307
2025-06-26 16:00:00,92.6585397481334
2025-06-26 17:00:00,93.2697446624184
2025-06-26 18:00:00,94.2054009141601
2025-06-26 19:00:00,93.8869010755755
2025-06-26 20:00:00,90.8691631142356
2025-06-26 21:00:00,94.9990343383313
2025-06-26 22:00:00,92.2803848105047
2025-06-26 23:00:00,90.9168301307814
2025-06-27 00:00:00,92.3246271400162
2025-06-27 01:00:00,91.7795443904659
2025-06-27 02:00:00,95.6717713603023
2025-06-27 03:00:00,91.5718487865226
2025-06-27 04:00:00,93.2403493834224
2025-06-27 05:00:00,96.119340171605
2025-06-27 06:00:00,93.2047415442736
2025-06-27 07:00:00,94.2742990698322
2025-06-27 08:00:00,89.8115160588549
2025-06-27 09:00:00,90.7668530371271
2025-06-27 10:00:00,93.4806228309866
2025-06-27 11:00:00,95.1893214336988
2025-06-27 12:00:00,90.1318070657991
2025-06-27 13:00:00,94.7761121209991
2025-06-27 14:00:00,94.1103154047757
2025-06-27 15:00:00,90.254163257956
2025-06-27 16:00:00,92.9293653477068
2025-06-27 17:00:00,93.7726724934597
2025-06-27 18:00:00,88.9726487049815
2025-06-27 19:00:00,93.2085063599914
2025-06-27 20:00:00,94.3371091909641
2025-06-27 22:00:00,91.3157910806292
2025-06-28 12:00:00,90.6639291004508
2025-06-28 13:00:00,93.1100664831429
2025-06-28 14:00:00,91.9830739590435
2025-06-28 15:00:00,91.8814171295614
2025-06-28 16:00:00,91.1107211967732
2025-06-28 17:00:00,96.8072351862091
2025-06-28 18:00:00,95.5117729726266
2025-06-28 19:00:00,92.173465534052
2025-06-28 21:00:00,94.9560163231034
2025-06-28 22:00:00,93.9701254370097
2025-06-28 23:00:00,92.7332380814331
2025-06-29 00:00:00,92.0366562237859
2025-06-29 01:00:00,93.440756062209
2025-06-29 02:00:00,91.9372079640835
2025-06-29 03:00:00,91.8068655902868
2025-06-29 04:00:00,95.7659157732902
2025-06-29 05:00:00,91.1057880848573
2025-06-29 08:00:00,91.7527307046318
2025-06-29 09:00:00,93.2552451891382
2025-06-29 13:00:00,90.7929115456602
2025-06-29 14:00:00,92.2760350979039
2025-06-29 15:00:00,90.9981616655919
2025-06-29 16:00:00,92.968859671452
2025-06-29 17:00:00,92.6257234631557
2025-06-29 18:00:00,93.6589188467421
2025-06-29 19:00:00,90.2482692358231
2025-06-29 20:00:00,93.4438483282576
2025-06-29 21:00:00,90.9635658538885
2025-06-29 22:00:00,92.4186609722215
2025-06-29 23:00:00,90.5181580863033
2025-06-30 00:00:00,
2025-06-30 01:00:00,
2025-06-30 02:00:00,93.9341311575532
2025-06-30 03:00:00,93.694926595398
2025-06-30 04:00:00,91.9738290119507
2025-06-30 05:00:00,92.2727000828093
2025-06-30 08:00:00,94.4077236455248
2025-06-30 09:00:00,93.5191389750569
2025-06-30 11:00:00,91.2007402771738
2025-06-30 12:00:00,92.1393118630398
2025-06-30 13:00:00,96.0160339527637
2025-06-30 14:00:00,92.9821324801096
2025-06-30 15:00:00,89.1455702624978
2025-06-30 16:00:00,93.211035455665
2025-06-30 17:00:00,95.0888295375648
2025-06-30 18:00:00,93.463339549417
2025-07-01 11:00:00,90.3016491709388
2025-07-01 12:00:00,96.6675369653125
2025-07-01 13:00:00,91.4599650976153
2025-07-01 14:00:00,91.6693282324411
2025-07-01 15:00:00,95.2970917167828
2025-07-01 16:00:00,90.0720275194628
2025-07-01 17:00:00,90.3490831778848
2025-07-01 18:00:00,92.8980016132615
2025-07-01 19:00:00,95.9423590062309
2025-07-01 20:00:00,90.1541128810162
2025-07-01 21:00:00,91.9350495793286
2025-07-01 22:00:00,91.3662113762435
2025-07-01 23:00:00,90.9991940393795
2025-07-02 00:00:00,
2025-07-02 01:00:00,
2025-07-02 02:00:00,
2025-07-02 03:00:00,
2025-07-02 04:00:00,
2025-07-02 05:00:00,
2025-07-02 06:00:00,
2025-07-02 07:00:00,
2025-07-02 08:00:00,
2025-07-02 09:00:00,
2025-07-02 10:00:00,
2025-07-02 11:00:00,
2025-07-02 12:00:00,
2025-07-02 13:00:00,
2025-07-02 14:00:00,
2025-07-02 15:00:00,
2025-07-02 16:00:00,
2025-07-02 17:00:00,
2025-07-02 18:00:00,
2025-07-02 19:00:00,
2025-07-02 21:00:00,
2025-07-02 22:00:00,
2025-07-02 23:00:00,
2025-07-03 00:00:00,101.253674315297
2025-07-03 01:00:00,102.633666509821
2025-07-03 02:00:00,102.549650392911
2025-07-03 03:00:00,102.338257183064
2025-07-03 04:00:00,100.88137508781
2025-07-03 05:00:00,103.062854642961
2025-07-03 18:00:00,102.301437129824
2025-07-03 19:00:00,101.740417804182
2025-07-03 20:00:00,101.781950490226
2025-07-03 21:00:00,103.524460139017
2025-07-03 22:00:00,101.716755812665
2025-07-03 23:00:00,103.689237105708
2025-07-04 00:00:00,102.890550755752
2025-07-04 01:00:00,101.378643612368
2025-07-04 02:00:00,103.857855602089
2025-07-04 03:00:00,101.693261752136
2025-07-04 04:00:00,102.08743460075
2025-07-04 05:00:00,104.429360975281
2025-07-04 07:00:00,102.739321055749
2025-07-04 12:00:00,101.403233849102
2025-07-04 14:00:00,102.849515848696
2025-07-04 15:00:00,102.17930360358
2025-07-04 16:00:00,102.933935191117
2025-07-04 17:00:00,101.057620823023
2025-07-04 18:00:00,100.961420575619
2025-07-04 19:00:00,101.624659842059
2025-07-04 21:00:00,102.997316828409
2025-07-04 22:00:00,103.644166341148
2025-07-04 23:00:00,103.007259794121
2025-07-05 00:00:00,100.802919521465
2025-07-05 01:00:00,101.252207102062
2025-07-05 02:00:00,100.184328707384
2025-07-05 03:00:00,100.810341936698
2025-07-05 04:00:00,103.338551062568
2025-07-05 05:00:00,102.221929795377
2025-07-05 06:00:00,102.076826100988
2025-07-05 07:00:00,101.033560952208
2025-07-05 08:00:00,103.28369198032
2025-07-05 09:00:00,102.179107297728
2025-07-05 10:00:00,99.9228118979835
2025-07-05 11:00:00,102.80600533533
2025-07-05 12:00:00,102.008012678579
2025-07-05 13:00:00,102.510613709238
2025-07-05 14:00:00,102.051346211304
2025-07-05 15:00:00,102.01929828075
2025-07-05 16:00:00,100.145570978812
2025-07-05 17:00:00,101.705647723526
2025-07-05 18:00:00,104.395907508065
2025-07-05 19:00:00,102.316675316931
2025-07-05 20:00:00,101.570097447093
2025-07-05 21:00:00,102.534928966185
2025-07-05 22:00:00,101.870979763152
2025-07-05 23:00:00,100.838392941014
2025-07-06 00:00:00,99.2768168739159
2025-07-06 01:00:00,100.990650836295
2025-07-06 02:00:00,101.060516935786
2025-07-06 03:00:00,105.485395988149
2025-07-06 04:00:00,105.126330812914
2025-07-06 05:00:00,99.3620366633007
2025-07-06 19:00:00,103.514256458054
2025-07-06 20:00:00,101.786716997233
2025-07-06 21:00:00,111.126725566765
2025-07-06 22:00:00,101.79881270112
2025-07-06 23:00:00,98.2897068024396
2025-07-07 00:00:00,101.61669288935
2025-07-07 01:00:00,100.439407526079
2025-07-07 02:00:00,104.0059465367
2025-07-07 03:00:00,101.71144246384
2025-07-07 04:00:00,100.800828848474
2025-07-07 05:00:00,101.449080466266
2025-07-07 06:00:00,103.311628953229
2025-07-07 07:00:00,102.119242243538
2025-07-07 08:00:00,99.9465744219579
2025-07-07 09:00:00,95.1283962688346
2025-07-07 10:00:00,101.663017298247
2025-07-07 11:00:00,103.064563361863
2025-07-07 12:00:00,106.924661331462
2025-07-07 13:00:00,104.171128900013
2025-07-07 14:00:00,105.387152622746
2025-07-07 15:00:00,104.258818103154
2025-07-07 16:00:00,101.467113620578
2025-07-07 17:00:00,99.6991445817131
2025-07-07 18:00:00,100.6891752894
2025-07-07 19:00:00,103.071750606423
2025-07-07 20:00:00,98.9692736770354
2025-07-07 21:00:00,101.395266643059
2025-07-07 22:00:00,103.845386401277
2025-07-07 23:00:00,102.901302995384
2025-07-08 00:00:00,102.708285323737
2025-07-08 01:00:00,98.2918074856209
2025-07-08 02:00:00,104.840373619343
2025-07-08 03:00:00,99.5307003066213
2025-07-08 04:00:00,101.459190413738
2025-07-08 05:00:00,103.198591706954
2025-07-08 09:00:00,101.228423947373
2025-07-08 10:00:00,101.665346088915
2025-07-08 11:00:00,103.278500805136
2025-07-08 12:00:00,101.752703276129
2025-07-08 13:00:00,103.683362744193
2025-07-08 14:00:00,103.179131066092
2025-07-08 15:00:00,107.892092290912
2025-07-08 16:00:00,104.169779396108
2025-07-08 17:00:00,105.967310485978
2025-07-08 18:00:00,104.05523927588
2025-07-08 19:00:00,101.646450488913
2025-07-08 20:00:00,102.759004622936
2025-07-08 21:00:00,105.469686209463
2025-07-08 22:00:00,99.3817152470032
2025-07-08 23:00:00,106.168412095664
2025-07-09 00:00:00,100.998875876381
2025-07-09 01:00:00,101.18342544176
2025-07-09 02:00:00,103.980851897027
2025-07-09 03:00:00,102.2663151576
2025-07-09 04:00:00,105.830189641494
2025-07-09 05:00:00,99.2773277714882
2025-07-09 06:00:00,100.665582836036
2025-07-09 07:00:00,84.526278538646
2025-07-09 08:00:00,102.480012479354
2025-07-09 09:00:00,100.234881012084
2025-07-09 10:00:00,102.252017614655
2025-07-09 11:00:00,99.8180298573006
2025-07-09 12:00:00,101.204839100383
2025-07-09 13:00:00,103.139126216144
2025-07-09 14:00:00,105.048401523168
2025-07-09 15:00:00,103.312701791856
2025-07-09 16:00:00,100.850393433832
2025-07-09 17:00:00,100.363076340656
2025-07-09 18:00:00,102.709002886778
2025-07-09 19:00:00,98.6033556343234
2025-07-09 20:00:00,102.166825461448
2025-07-09 21:00:00,103.330675559002
2025-07-09 22:00:00,101.675815398005
2025-07-09 23:00:00,102.086882254691
2025-07-10 00:00:00,99.4968061550526
2025-07-10 01:00:00,104.610632044769
2025-07-10 02:00:00,100.816353824738
2025-07-10 03:00:00,97.2911705769555
2025-07-10 04:00:00,104.587054977294
2025-07-10 05:00:00,101.946986244815
2025-07-10 06:00:00,106.850109935253
2025-07-10 07:00:00,100.039343461691
2025-07-10 08:00:00,104.589829523085
2025-07-11 00:00:00,100.741942835741
2025-07-11 01:00:00,103.765248205244
2025-07-11 02:00:00,103.335456199538
2025-07-11 03:00:00,105.90381540632
2025-07-11 04:00:00,103.651193380602
2025-07-11 05:00:00,100.159141788725
2025-07-11 06:00:00,105.331346840544
2025-07-11 07:00:00,106.223542445067
2025-07-11 08:00:00,101.807045131981
2025-07-11 09:00:00,105.238543869855
2025-07-11 11:00:00,104.074147969745
2025-07-11 12:00:00,100.387486122282
2025-07-11 13:00:00,101.892737171437
2025-07-11 15:00:00,102.669524390364
2025-07-11 16:00:00,104.109092381722
2025-07-11 17:00:00,101.132964091936
2025-07-11 18:00:00,103.666323810976
2025-07-11 19:00:00,103.576192502842
2025-07-11 20:00:00,102.198849179891
2025-07-11 21:00:00,97.2902769048673
2025-07-11 22:00:00,100.990259705638
2025-07-11 23:00:00,105.459661572262
2025-07-12 00:00:00,100.059715541033
2025-07-12 01:00:00,102.242727150509
2025-07-12 02:00:00,100.529337965207
2025-07-12 03:00:00,103.427580613472
2025-07-12 04:00:00,101.823655733727
2025-07-12 05:00:00,105.932253377581
2025-07-12 11:00:00,105.868720296154
2025-07-12 12:00:00,102.76732803792
2025-07-12 13:00:00,105.90106349072
2025-07-12 14:00:00,101.818114975848
2025-07-12 15:00:00,106.854816644022
2025-07-12 17:00:00,106.399849184884
2025-07-12 19:00:00,101.473949094124
2025-07-12 20:00:00,100.160891474826
2025-07-12 21:00:00,96.9952471213146
2025-07-12 22:00:00,99.3274169512869
2025-07-12 23:00:00,102.967078790321
2025-07-13 00:00:00,97.5812134099833
2025-07-13 01:00:00,104.194133780085
2025-07-13 02:00:00,102.837915493748
2025-07-13 03:00:00,103.59608055224
2025-07-13 04:00:00,105.529025984626
2025-07-13 05:00:00,103.523859567476
2025-07-13 06:00:00,101.430950077404
2025-07-13 07:00:00,104.826227812316
2025-07-13 08:00:00,100.734355453146
2025-07-13 09:00:00,97.7116753177723
2025-07-13 10:00:00,97.922932260147
2025-07-13 11:00:00,104.349816689857
2025-07-13 12:00:00,98.9417165634637
2025-07-13 13:00:00,106.381789644691
2025-07-13 14:00:00,101.141585881634
2025-07-13 15:00:00,100.22211427297
2025-07-13 16:00:00,98.2675808802832
2025-07-13 17:00:00,111.273025285243
2025-07-13 18:00:00,105.805444856242
2025-07-13 19:00:00,100.850906436895
2025-07-13 20:00:00,
2025-07-13 21:00:00,
2025-07-13 22:00:00,102.685785825856
2025-07-13 23:00:00,103.320237486344
2025-07-14 00:00:00,101.645309499479
2025-07-14 01:00:00,104.58711113427
2025-07-14 02:00:00,101.728311065802
2025-07-14 05:00:00,102.598523497317
2025-07-14 07:00:00,100.835556560982
2025-07-14 08:00:00,100.840855127965
2025-07-14 09:00:00,100.6476042561
2025-07-14 10:00:00,101.104900266077
2025-07-14 11:00:00,99.7022438684265
2025-07-14 12:00:00,103.073653025167
2025-07-14 13:00:00,101.995041610063
2025-07-14 14:00:00,98.9592223146027
2025-07-14 15:00:00,103.559489430647
2025-07-14 16:00:00,102.095545335757
2025-07-14 17:00:00,104.79375717358
2025-07-14 18:00:00,102.576630723084
2025-07-14 19:00:00,100.095749509686
2025-07-14 20:00:00,102.722105604028
2025-07-14 21:00:00,100.818922744409
2025-07-14 22:00:00,98.7651399194178
2025-07-14 23:00:00,102.004757615923
2025-07-15 00:00:00,103.253580104558
2025-07-15 01:00:00,99.9703671247591
2025-07-15 02:00:00,107.083393488091
2025-07-15 03:00:00,102.282226246855
2025-07-15 04:00:00,98.5190643118658
2025-07-15 05:00:00,104.482634922081
2025-07-15 06:00:00,103.639455533211
2025-07-15 07:00:00,99.4997820673635
2025-07-15 08:00:00,100.241842132021
2025-07-15 09:00:00,103.917161795502
2025-07-15 10:00:00,104.539455499242
2025-07-15 11:00:00,98.0219129114455
2025-07-16 01:00:00,102.751399830903
2025-07-16 02:00:00,107.157921846353
2025-07-16 03:00:00,100.59309417951
2025-07-16 04:00:00,104.929278604014
2025-07-16 05:00:00,102.084565370873
2025-07-16 06:00:00,103.322681709389
2025-07-16 09:00:00,100.832234638322
2025-07-16 11:00:00,103.020115289743
2025-07-16 12:00:00,101.825009207197
2025-07-16 13:00:00,101.309215970918
2025-07-16 14:00:00,102.563011150188
2025-07-16 15:00:00,102.329158597267
2025-07-16 16:00:00,103.485139928433
2025-07-16 17:00:00,103.555360049641
2025-07-16 18:00:00,105.190914743404
2025-07-16 20:00:00,102.262964768362
2025-07-16 21:00:00,103.281424007702
2025-07-16 22:00:00,102.182910022521
2025-07-16 23:00:00,100.757317371284
2025-07-17 00:00:00,101.523401993167
2025-07-17 01:00:00,99.4515171646412
2025-07-17 02:00:00,105.103677794902
2025-07-17 03:00:00,100.175086144307
2025-07-17 04:00:00,104.340797485836
2025-07-17 05:00:00,101.387236093746
2025-07-17 06:00:00,101.662361097565
2025-07-17 07:00:00,102.329129395675
2025-07-17 08:00:00,102.650574742152
2025-07-17 11:00:00,105.234994631282
2025-07-17 12:00:00,102.805516208201
2025-07-17 13:00:00,99.5950764294339
2025-07-17 14:00:00,106.362302400905
2025-07-17 15:00:00,99.3984240174445
2025-07-17 16:00:00,104.607009033272
2025-07-17 17:00:00,100.04125127005
2025-07-17 18:00:00,100.909517755619
2025-07-17 19:00:00,96.2798758379954
2025-07-17 21:00:00,103.119612508671
2025-07-17 22:00:00,101.964290106706
2025-07-17 23:00:00,100.732965600391
2025-07-18 00:00:00,101.822268028414
2025-07-18 01:00:00,103.30258287638
2025-07-18 02:00:00,99.7360533578464
2025-07-18 03:00:00,102.911440649938
2025-07-18 04:00:00,101.923625101759
2025-07-18 05:00:00,102.259813784875
2025-07-18 06:00:00,104.361792208871
2025-07-18 07:00:00,98.9132061315812
2025-07-18 10:00:00,99.5832118081392
2025-07-18 13:00:00,104.836507761566
2025-07-18 14:00:00,101.806817755409
2025-07-18 15:00:00,99.2988685029006
2025-07-18 16:00:00,101.596345714793
2025-07-18 17:00:00,102.547335387497
2025-07-18 18:00:00,103.524904497896
2025-07-18 19:00:00,102.227494661403
2025-07-18 20:00:00,96.8293800532344
2025-07-18 21:00:00,102.394936110668
2025-07-18 22:00:00,98.3676445396564
2025-07-18 23:00:00,102.345440414764
2025-07-19 00:00:00,101.092254439607
2025-07-19 01:00:00,102.565093975567
2025-07-19 02:00:00,100.120947845788
2025-07-19 03:00:00,103.725732191945
2025-07-19 04:00:00,102.138802772807
2025-07-19 05:00:00,104.063582574682
2025-07-19 06:00:00,99.8245790406483
2025-07-19 07:00:00,101.692650409113
2025-07-19 08:00:00,102.855022699133
2025-07-19 09:00:00,103.733518010442
2025-07-19 11:00:00,99.8322878451419
2025-07-19 12:00:00,103.481737342836
2025-07-19 13:00:00,130.898647367816
2025-07-19 14:00:00,100.552773779131
2025-07-19 15:00:00,98.0810754192868
2025-07-19 16:00:00,106.442071305901
2025-07-19 17:00:00,107.034827802732
2025-07-19 18:00:00,104.872645904224
2025-07-19 19:00:00,101.359777588981
2025-07-19 20:00:00,100.199791492755
2025-07-19 21:00:00,98.0070401203312
2025-07-19 22:00:00,99.1912376966172
2025-07-19 23:00:00,103.137453591433
2025-07-20 00:00:00,100.787746727992
2025-07-20 01:00:00,98.9918149595911
2025-07-20 02:00:00,102.271832149632
2025-07-20 03:00:00,100.758512533804
2025-07-20 04:00:00,104.490318027196
2025-07-20 05:00:00,105.027482609524
2025-07-20 06:00:00,100.200345084826
2025-07-20 07:00:00,101.421948604779
2025-07-20 08:00:00,103.485941463873
2025-07-20 09:00:00,100.023937621145
2025-07-20 10:00:00,102.851922513094
2025-07-20 11:00:00,100.830470460744
2025-07-20 12:00:00,103.695060308572
2025-07-20 13:00:00,99.7820417815729
2025-07-20 14:00:00,104.361026371187
2025-07-20 15:00:00,102.514754977448
2025-07-20 16:00:00,102.141354408563
2025-07-20 17:00:00,102.065895257959
2025-07-20 18:00:00,101.157356338396
2025-07-20 19:00:00,98.6512385857534
2025-07-21 10:00:00,102.57433865266
2025-07-21 11:00:00,101.348704154377
2025-07-21 12:00:00,100.488777594421
2025-07-21 13:00:00,100.078382694429
2025-07-21 14:00:00,102.619722794684
2025-07-21 15:00:00,99.8221788589889
2025-07-21 16:00:00,101.142807394507
2025-07-21 17:00:00,105.355677546238
2025-07-21 18:00:00,100.45728979691
2025-07-21 19:00:00,98.9046718369375
2025-07-21 20:00:00,97.5619648829737
2025-07-21 21:00:00,102.125302417043
2025-07-21 23:00:00,103.884584931997
2025-07-22 00:00:00,101.585727624892
2025-07-22 01:00:00,101.999516068837
2025-07-22 02:00:00,101.371192519635
2025-07-22 03:00:00,101.507403720237
2025-07-22 06:00:00,102.90279769985
2025-07-22 09:00:00,103.819613157686
2025-07-22 11:00:00,101.174788791591
2025-07-22 12:00:00,103.586153086286
2025-07-22 14:00:00,104.031856101315
2025-07-22 16:00:00,106.289927210226
2025-07-22 18:00:00,102.058328016527
2025-07-22 19:00:00,101.537485623301
2025-07-22 21:00:00,100.13374179788
2025-07-22 22:00:00,105.32656893826
2025-07-22 23:00:00,102.820391026263
2025-07-23 00:00:00,101.153231650324
2025-07-23 01:00:00,98.3060432311213
2025-07-23 02:00:00,101.070964202082
2025-07-23 03:00:00,103.809858106918
2025-07-23 05:00:00,101.356232206282
2025-07-23 06:00:00,105.844513093924
2025-07-23 07:00:00,102.145824038427
2025-07-23 08:00:00,99.8986595410337
2025-07-23 10:00:00,107.644389979784
2025-07-23 11:00:00,105.016488608437
2025-07-23 12:00:00,104.870437676763
2025-07-23 13:00:00,94.8364129278179
2025-07-23 14:00:00,103.194229609155
2025-07-23 15:00:00,102.737715979327
2025-07-23 16:00:00,104.293886351255
2025-07-23 17:00:00,105.451747333592
2025-07-23 18:00:00,102.893274888507
2025-07-23 19:00:00,100.857943453302
2025-07-23 20:00:00,101.040825321779
2025-07-23 21:00:00,100.6533404867
2025-07-23 22:00:00,103.267827929301
2025-07-23 23:00:00,100.156822742535
2025-07-24 00:00:00,103.24352132055
2025-07-24 01:00:00,99.9514073830266
2025-07-24 02:00:00,105.532117251219
2025-07-24 03:00:00,103.376109831253
2025-07-24 04:00:00,111.803174274463
2025-07-24 05:00:00,97.9758663653973
2025-07-24 06:00:00,99.0804847304564
2025-07-24 07:00:00,103.37530946566
2025-07-24 10:00:00,101.926616277582
2025-07-24 11:00:00,103.602066963713
2025-07-24 12:00:00,103.201438479028
2025-07-24 13:00:00,104.807987060287
2025-07-24 14:00:00,100.272189646926
2025-07-24 15:00:00,102.929828329511
2025-07-24 16:00:00,100.674604110837
2025-07-24 17:00:00,103.747084737534
2025-07-24 18:00:00,102.754352036621
2025-07-24 19:00:00,103.055896476924
2025-07-24 20:00:00,104.114992852258
2025-07-24 21:00:00,103.771364509448
2025-07-24 22:00:00,101.222538985681
2025-07-25 11:00:00,106.668540970183
2025-07-25 13:00:00,99.149470154189
2025-07-25 14:00:00,104.12004348898
2025-07-25 15:00:00,101.772876551547
2025-07-25 16:00:00,100.808900005116
2025-07-25 17:00:00,101.146802102953
2025-07-25 18:00:00,101.506158100137
2025-07-25 19:00:00,101.174896805962
2025-07-25 20:00:00,100.758163912714
2025-07-25 21:00:00,100.38691682678
2025-07-25 22:00:00,100.200026663464
2025-07-25 23:00:00,100.841546368243
2025-07-26 00:00:00,104.1039343957
2025-07-26 01:00:00,101.907511286921
2025-07-26 02:00:00,104.198197178755
2025-07-26 03:00:00,102.958198543634
2025-07-26 04:00:00,101.7067122113
2025-07-26 05:00:00,103.219857631692
2025-07-26 06:00:00,99.0197581727531
2025-07-26 07:00:00,103.646259421054
2025-07-26 08:00:00,97.166061473365
2025-07-26 11:00:00,103.933008595536
2025-07-26 12:00:00,100.622047912445
2025-07-26 13:00:00,103.287700068196
2025-07-26 14:00:00,97.708138843369
2025-07-26 15:00:00,99.8223918845025
2025-07-26 16:00:00,103.165389534593
2025-07-26 17:00:00,99.117965736319
2025-07-26 18:00:00,103.627424363539
2025-07-26 19:00:00,100.176026862407
2025-07-26 20:00:00,100.916687191571
2025-07-26 21:00:00,97.0238343386668
2025-07-26 22:00:00,103.061448659707
2025-07-26 23:00:00,103.806256141232
2025-07-27 00:00:00,101.677801475003
2025-07-27 01:00:00,101.941503951047
2025-07-27 02:00:00,98.0746862369882
2025-07-27 03:00:00,99.5419226337821
2025-07-27 04:00:00,103.677478892048
2025-07-27 05:00:00,101.391242416659
2025-07-27 06:00:00,103.266459082075
2025-07-27 07:00:00,103.675245512867
2025-07-27 08:00:00,100.610595976057
2025-07-27 09:00:00,103.487206978872
2025-07-27 10:00:00,100.4977384071
2025-07-27 11:00:00,101.933054401539
2025-07-27 12:00:00,104.113121051538
2025-07-27 13:00:00,104.391912681282
2025-07-27 14:00:00,104.471452626696
2025-07-27 15:00:00,101.644132737215
2025-07-27 16:00:00,101.282736898739
2025-07-27 17:00:00,101.248517099548
2025-07-27 18:00:00,99.7512891185231
2025-07-27 19:00:00,104.435809495708
2025-07-27 20:00:00,104.060460482769
2025-07-27 21:00:00,98.2406100391294
2025-07-27 22:00:00,102.13765341812
2025-07-27 23:00:00,98.5582020522552
2025-07-28 00:00:00,105.555028218276
2025-07-28 01:00:00,100.811595823272
2025-07-28 02:00:00,103.284399674527
2025-07-28 03:00:00,101.706100059055
2025-07-28 04:00:00,98.1974973002337
2025-07-28 05:00:00,102.081318588768
2025-07-28 06:00:00,101.570737316044
2025-07-28 07:00:00,103.370754278369
2025-07-28 08:00:00,100.041111911671
2025-07-28 09:00:00,98.0798883707284
2025-07-28 10:00:00,101.76644208865
2025-07-28 11:00:00,98.5841859285767
2025-07-28 12:00:00,103.119211809964
2025-07-28 13:00:00,99.4927489801081
2025-07-28 14:00:00,99.8150462714887
2025-07-28 15:00:00,100.445521027048
2025-07-28 16:00:00,100.734096483487
2025-07-28 17:00:00,99.0418681187393
2025-07-28 18:00:00,100.461905701615
2025-07-28 19:00:00,102.774443098065
2025-07-28 20:00:00,104.481693504407
2025-07-28 21:00:00,100.773982636745
2025-07-28 22:00:00,99.567089230895
2025-07-28 23:00:00,103.423641562912
2025-07-29 00:00:00,99.094735476022
2025-07-29 01:00:00,99.8095925078711
2025-07-29 02:00:00,100.008552531671
2025-07-29 03:00:00,102.464280411673
2025-07-29 04:00:00,102.8251257886
2025-07-29 05:00:00,100.965065028281
2025-07-29 06:00:00,102.506258466226
2025-07-29 07:00:00,100.635731551057
2025-07-29 08:00:00,120.638673831126
2025-07-29 09:00:00,97.8823532267395
2025-07-29 10:00:00,103.266749219264
2025-07-29 11:00:00,103.707100106075
2025-07-29 12:00:00,102.45296022445
2025-07-30 01:00:00,103.708142314898
2025-07-30 02:00:00,104.58610955807
2025-07-30 03:00:00,102.274077239322
2025-07-30 04:00:00,104.796169366762
2025-07-30 05:00:00,97.8421787654286
2025-07-30 06:00:00,105.66419344884
2025-07-30 08:00:00,102.377378311014
2025-07-30 09:00:00,102.713617118884
2025-07-30 10:00:00,97.2930005415401
2025-07-30 11:00:00,100.106812288644
2025-07-30 12:00:00,101.391956351872
2025-07-30 13:00:00,103.348647729985
2025-07-30 14:00:00,100.7325537218
2025-07-30 15:00:00,103.616906487688
2025-07-30 16:00:00,102.828885229664
2025-07-30 17:00:00,110.283485805118
2025-07-30 18:00:00,98.4966670058416
2025-07-30 19:00:00,102.509460824402
2025-07-30 20:00:00,101.99613465309
2025-07-30 21:00:00,101.018132550434
2025-07-30 22:00:00,102.751336003068
2025-07-30 23:00:00,103.414076962607
2025-07-31 00:00:00,104.024853728106
2025-07-31 01:00:00,100.265080626174
2025-07-31 02:00:00,104.441275748329
2025-07-31 03:00:00,100.692784552043
2025-07-31 04:00:00,102.574980767849
2025-07-31 05:00:00,100.965750147665
2025-07-31 06:00:00,101.81296546705
2025-07-31 07:00:00,103.461791889656
2025-07-31 08:00:00,104.542196095908
2025-07-31 09:00:00,102.010673197161
2025-07-31 10:00:00,101.434353416534
2025-07-31 11:00:00,104.407786433504
2025-07-31 12:00:00,100.622132870773
2025-07-31 13:00:00,102.42262958878
2025-07-31 14:00:00,102.543392539856
2025-07-31 15:00:00,101.098357212183
2025-07-31 16:00:00,100.604424171456
2025-07-31 17:00:00,102.339292356345
2025-07-31 18:00:00,100.24567180634
2025-07-31 20:00:00,104.994619001734
2025-08-01 11:00:00,101.283143090474
2025-08-01 12:00:00,103.246519435872
2025-08-01 14:00:00,103.176931937267
2025-08-01 15:00:00,98.9855271522314
2025-08-01 16:00:00,102.050626327116
2025-08-01 17:00:00,101.82122175052
2025-08-02 20:00:00,102.948671061046
2025-08-02 21:00:00,102.52036376704
2025-08-02 22:00:00,103.655794213563
2025-08-03 00:00:00,104.059165175729
2025-08-03 01:00:00,103.520727601764
2025-08-03 02:00:00,102.230031352642
2025-08-03 03:00:00,79.6676288551284
2025-08-03 04:00:00,96.7281140950216
2025-08-03 05:00:00,95.6434347951545
2025-08-03 07:00:00,100.082754200643
2025-08-03 10:00:00,98.0047714972885
2025-08-03 11:00:00,100.255271465749
2025-08-03 12:00:00,100.177152656228
2025-08-03 13:00:00,106.109457215579
2025-08-03 14:00:00,114.505339661906
2025-08-03 15:00:00,101.095266047187
2025-08-03 16:00:00,104.072503019486
2025-08-03 17:00:00,98.371159147063
2025-08-03 19:00:00,99.1480200210184
2025-08-03 20:00:00,98.6364536153251
2025-08-03 21:00:00,104.308467985954
2025-08-03 22:00:00,106.295619879689
2025-08-03 23:00:00,101.639012857031
2025-08-04 00:00:00,101.442978877447
2025-08-04 01:00:00,103.106740748519
2025-08-04 02:00:00,105.804558486936
2025-08-04 03:00:00,100.786034170425
2025-08-04 04:00:00,97.9061604738476
2025-08-04 05:00:00,105.059121695111
2025-08-04 06:00:00,103.890651426398
2025-08-04 07:00:00,100.326719890214
2025-08-04 08:00:00,100.132010019068
2025-08-04 09:00:00,102.483528197777
2025-08-04 19:00:00,102.862393191258
2025-08-04 20:00:00,101.522422017904
2025-08-04 21:00:00,99.0605510741256
2025-08-04 22:00:00,127.988499117945
2025-08-04 23:00:00,101.586742297533
2025-08-05 00:00:00,102.112360083717
2025-08-05 01:00:00,97.046309712062
2025-08-05 02:00:00,108.379168670046
2025-08-05 03:00:00,99.7702088535905
2025-08-05 04:00:00,101.948070748716
2025-08-05 05:00:00,103.666634231713
2025-08-05 06:00:00,102.335504428462
2025-08-05 07:00:00,102.803601756092
2025-08-05 08:00:00,96.2406931326919
2025-08-05 10:00:00,101.003450835883
2025-08-05 11:00:00,102.553931339526
2025-08-05 12:00:00,98.2495431908262
2025-08-05 13:00:00,99.8355750593236
2025-08-05 14:00:00,106.488998585753
2025-08-05 15:00:00,125.97212269617
2025-08-05 16:00:00,97.3425753356198
2025-08-05 17:00:00,101.515340643139
2025-08-06 08:00:00,97.271075242157
2025-08-06 12:00:00,101.102245488897
2025-08-06 13:00:00,102.540536622066
2025-08-06 14:00:00,107.105657309853
2025-08-06 15:00:00,98.7654120436098
2025-08-06 16:00:00,102.545451143818
2025-08-06 17:00:00,105.742931022206
2025-08-06 18:00:00,102.480712682757
2025-08-06 19:00:00,104.555226079877
2025-08-06 20:00:00,97.2352233418402
2025-08-06 21:00:00,100.231684282497
2025-08-06 22:00:00,100.943488198236
2025-08-06 23:00:00,101.705077978555
2025-08-07 00:00:00,101.626098976801
2025-08-07 01:00:00,98.479485509021
2025-08-07 02:00:00,97.4595074973957
2025-08-07 03:00:00,100.724204081837
2025-08-07 04:00:00,100.669533759935
2025-08-07 05:00:00,101.707953530103
2025-08-07 09:00:00,101.085639692186
2025-08-07 10:00:00,101.446087090549
2025-08-07 11:00:00,105.22154977729
2025-08-07 12:00:00,105.915929075338
2025-08-07 13:00:00,102.955209616906
2025-08-07 14:00:00,102.396105601133
2025-08-07 15:00:00,94.3520941801179
2025-08-07 16:00:00,99.5003459035325
2025-08-07 17:00:00,98.4052770763151
2025-08-07 18:00:00,103.29641390581
2025-08-07 19:00:00,106.145282114873
2025-08-07 20:00:00,102.547827316027
2025-08-07 21:00:00,96.3678220298662
2025-08-07 22:00:00,99.6929332673794
2025-08-07 23:00:00,100.771717011053
2025-08-08 00:00:00,99.8708507496551
2025-08-08 01:00:00,98.3562273179221
2025-08-08 02:00:00,96.1883089868148
2025-08-08 03:00:00,101.490541134044
2025-08-08 04:00:00,97.8523992859243
2025-08-08 05:00:00,99.5008583656318
2025-08-08 06:00:00,99.7730207253904
2025-08-08 07:00:00,99.1191412272285
2025-08-08 08:00:00,102.005860482368
2025-08-08 09:00:00,104.34282384637
2025-08-08 10:00:00,100.641990424369
2025-08-08 11:00:00,100.038643442439
2025-08-08 12:00:00,101.134757912198
2025-08-08 13:00:00,100.900196590989
2025-08-08 14:00:00,98.5691456306372
2025-08-08 15:00:00,98.6916543553905
2025-08-08 16:00:00,101.720371033305
2025-08-08 17:00:00,100.269913876743
2025-08-08 18:00:00,96.9962987875978
2025-08-08 19:00:00,101.417209803596
2025-08-08 20:00:00,99.9653129051552
2025-08-08 21:00:00,101.893823254747
2025-08-08 22:00:00,104.242522611381
2025-08-08 23:00:00,100.867548917181
2025-08-09 00:00:00,98.6190660053005
2025-08-09 01:00:00,99.9551092968127
2025-08-09 02:00:00,104.412338437438
2025-08-09 03:00:00,101.293254082778
2025-08-09 04:00:00,101.2815165949
2025-08-09 18:00:00,100.215163384057
2025-08-09 19:00:00,101.279286820921
2025-08-09 20:00:00,102.414295624279
2025-08-10 00:00:00,101.178498748407
2025-08-10 01:00:00,100.500076075851
2025-08-10 02:00:00,100.226282494245
2025-08-10 03:00:00,102.569298431454
2025-08-10 04:00:00,101.487310561347
2025-08-10 05:00:00,100.869250233436
2025-08-10 06:00:00,98.0402327318243
2025-08-10 07:00:00,100.013436159433
2025-08-10 11:00:00,105.67321500216
2025-08-10 13:00:00,99.0611577068699
2025-08-10 14:00:00,99.6764983196851
2025-08-10 15:00:00,100.685124051844
2025-08-10 16:00:00,100.361344127106
2025-08-10 17:00:00,99.5288557465293
2025-08-10 18:00:00,106.931659034298
2025-08-10 19:00:00,101.204548557652
2025-08-10 20:00:00,100.787477003088
2025-08-10 21:00:00,98.6448178842254
2025-08-10 22:00:00,101.929344195808
2025-08-10 23:00:00,98.4737602380905
2025-08-11 00:00:00,92.2700086919693
2025-08-11 01:00:00,101.982615631454
2025-08-11 02:00:00,98.2542149227081
2025-08-11 03:00:00,101.549937367175
2025-08-11 04:00:00,101.031028841639
2025-08-11 05:00:00,101.472326723575
2025-08-11 07:00:00,101.228900993386
2025-08-11 08:00:00,101.666832509315
2025-08-11 09:00:00,101.29191234866
2025-08-11 10:00:00,101.422722831046
2025-08-11 11:00:00,103.382772984626
2025-08-11 12:00:00,100.726419124733
2025-08-11 13:00:00,96.2068483785513
2025-08-11 14:00:00,101.857002791131
2025-08-11 15:00:00,97.2189766300378
2025-08-11 16:00:00,95.7463624927544
2025-08-11 17:00:00,102.589478114558
2025-08-11 18:00:00,102.218930680705
2025-08-11 19:00:00,94.6557692259901
2025-08-11 20:00:00,101.03957571854
2025-08-11 21:00:00,98.2336522913272
2025-08-11 22:00:00,99.7263675385667
2025-08-11 23:00:00,98.0562864971118
2025-08-12 00:00:00,103.075618502385
2025-08-12 01:00:00,78.1557398767925
2025-08-12 02:00:00,99.284320150034
2025-08-12 03:00:00,
2025-08-12 04:00:00,
2025-08-12 05:00:00,
2025-08-12 06:00:00,
2025-08-12 07:00:00,
2025-08-12 08:00:00,99.676401161141
2025-08-12 10:00:00,104.970836407474
2025-08-12 11:00:00,102.116444720643
2025-08-12 12:00:00,96.8481503685666
2025-08-12 13:00:00,100.818758497192
2025-08-12 14:00:00,99.2727408284738
2025-08-13 03:00:00,101.515620380969
2025-08-13 04:00:00,100.713550952195
2025-08-13 05:00:00,103.276131762564
2025-08-13 06:00:00,99.5575270586797
2025-08-13 07:00:00,101.687955920342
2025-08-13 08:00:00,102.096759440057
2025-08-13 09:00:00,100.70040538458
2025-08-13 10:00:00,98.2517110761148
2025-08-13 11:00:00,99.416999478857
2025-08-13 12:00:00,101.188003955453
2025-08-13 13:00:00,100.878400385712
2025-08-13 14:00:00,104.052018625332
2025-08-13 15:00:00,102.671999591272
2025-08-13 16:00:00,101.91720271687
2025-08-13 17:00:00,97.738395480575
2025-08-13 18:00:00,99.0759009019327
2025-08-13 19:00:00,103.717832613947
2025-08-13 20:00:00,101.229202193595
2025-08-13 21:00:00,96.5143619246269
2025-08-13 22:00:00,97.6222781603595
2025-08-13 23:00:00,101.947744608274
2025-08-14 00:00:00,101.304536880409
2025-08-14 01:00:00,100.766928257699
2025-08-14 02:00:00,100.610004435306
2025-08-14 03:00:00,100.969010753421
2025-08-14 04:00:00,99.4239979681975
2025-08-14 05:00:00,103.245743297606
2025-08-14 06:00:00,102.503145449178
2025-08-14 07:00:00,100.28102273905
2025-08-14 08:00:00,97.811066944399
2025-08-14 09:00:00,98.8454388275779
2025-08-14 10:00:00,98.5430120747805
2025-08-14 11:00:00,104.042203769741
2025-08-14 12:00:00,99.5942122736253
2025-08-14 13:00:00,103.458476498865
2025-08-14 14:00:00,95.2316759422285
2025-08-14 15:00:00,98.4108767068403
2025-08-14 16:00:00,101.013008873503
2025-08-14 17:00:00,99.3019939198513
2025-08-14 18:00:00,104.737018118969
2025-08-14 19:00:00,103.786086819549
2025-08-14 20:00:00,97.4320398089224
2025-08-14 21:00:00,102.060588565729
2025-08-14 22:00:00,95.9425680511408
2025-08-14 23:00:00,98.9642416626529
2025-08-15 00:00:00,101.855141721298
2025-08-15 01:00:00,100.216850397306
2025-08-15 02:00:00,100.746463923074
2025-08-15 03:00:00,97.1524082418876
2025-08-15 04:00:00,99.6467470280685
2025-08-15 05:00:00,97.5544245999753
2025-08-15 06:00:00,95.3932054436975
2025-08-15 07:00:00,96.3834793531534
2025-08-15 08:00:00,99.8776962003302
2025-08-15 09:00:00,94.3740997570504
2025-08-15 10:00:00,101.028728545113
2025-08-15 11:00:00,103.779954607414
2025-08-15 12:00:00,94.7135181550324
2025-08-15 13:00:00,104.001260157312
2025-08-15 14:00:00,105.114456505505
2025-08-15 15:00:00,101.15874470174
2025-08-15 16:00:00,99.9468165038046
2025-08-15 17:00:00,103.279998465399
2025-08-15 18:00:00,100.170998120536
2025-08-15 19:00:00,99.7720420834784
2025-08-15 20:00:00,100.688207453531
2025-08-15 21:00:00,102.294073651699
2025-08-15 22:00:00,102.564219649422
2025-08-15 23:00:00,103.116581124903
2025-08-16 00:00:00,99.3294689677448
2025-08-16 01:00:00,96.6929599375828
2025-08-16 02:00:00,98.4690480860059
2025-08-16 03:00:00,100.89708759371
2025-08-16 04:00:00,104.722638704248
2025-08-16 05:00:00,97.9950172036611
2025-08-16 18:00:00,
2025-08-16 19:00:00,
2025-08-16 20:00:00,
2025-08-16 21:00:00,
2025-08-16 22:00:00,99.5740954854329
2025-08-16 23:00:00,96.658636794223
2025-08-17 00:00:00,102.183619570012
2025-08-17 01:00:00,98.4408837216834
2025-08-17 02:00:00,102.421542312475
2025-08-17 03:00:00,103.097595507658
2025-08-17 04:00:00,96.1055891701424
2025-08-17 08:00:00,97.1208102369627
2025-08-17 12:00:00,100.284152046586
2025-08-17 13:00:00,131.918737997421
2025-08-17 14:00:00,102.649285507825
2025-08-17 15:00:00,96.4311219645273
2025-08-17 16:00:00,97.42059183537
2025-08-17 17:00:00,102.549258007262
2025-08-17 18:00:00,101.232922932383
2025-08-17 19:00:00,98.0417712075075
2025-08-17 20:00:00,99.6609358465911
2025-08-17 21:00:00,99.057058797178
2025-08-17 22:00:00,97.711739664534
2025-08-17 23:00:00,
2025-08-18 00:00:00,
2025-08-18 01:00:00,
2025-08-18 02:00:00,
2025-08-18 03:00:00,
2025-08-18 04:00:00,
2025-08-18 05:00:00,100.173839044718
2025-08-18 06:00:00,101.331794931712
2025-08-18 07:00:00,96.4092599060157
2025-08-18 08:00:00,95.8393013092542
2025-08-18 09:00:00,103.180923450101
2025-08-18 10:00:00,99.8187187836106
2025-08-18 11:00:00,98.3234837544867
2025-08-18 12:00:00,102.087785777517
2025-08-18 13:00:00,100.902421770115
2025-08-18 14:00:00,99.0940435995587
2025-08-18 15:00:00,100.442479522412
2025-08-18 16:00:00,98.3937742850392
2025-08-18 17:00:00,94.7382008622379
2025-08-18 18:00:00,99.4142783723907
2025-08-18 19:00:00,97.8324022588618
2025-08-18 20:00:00,96.4806474066437
2025-08-18 21:00:00,99.3465517632098
2025-08-18 22:00:00,99.4297857378587
2025-08-18 23:00:00,123.740635667822
2025-08-19 00:00:00,97.7213258623211
2025-08-19 01:00:00,97.288208918644
2025-08-19 02:00:00,102.218576463034
2025-08-19 03:00:00,103.973746579023
2025-08-19 04:00:00,100.81463246188
2025-08-19 05:00:00,84.4898043255414
2025-08-19 06:00:00,103.065474285577
2025-08-19 07:00:00,98.4416126971188
2025-08-19 08:00:00,100.126340378982
2025-08-19 09:00:00,98.0990513200658
2025-08-19 10:00:00,100.322638881296
2025-08-19 11:00:00,103.408450628103
2025-08-19 12:00:00,95.8490686683309
2025-08-19 13:00:00,107.946807557472
2025-08-19 14:00:00,95.5499825705302
2025-08-19 15:00:00,107.944563025064
2025-08-19 16:00:00,98.2914438545121
2025-08-19 17:00:00,97.8619797367877
2025-08-19 18:00:00,98.7629091080562
2025-08-19 19:00:00,97.1713498914145
2025-08-19 20:00:00,98.4395611233955
2025-08-19 21:00:00,100.038838526
2025-08-19 22:00:00,104.68566637778
2025-08-19 23:00:00,100.072986105089
2025-08-20 00:00:00,98.0173344148259
2025-08-20 01:00:00,99.2568156654389
2025-08-20 02:00:00,101.259634909925
2025-08-20 03:00:00,103.035177034072
2025-08-20 04:00:00,99.5517574628139
2025-08-20 05:00:00,100.040348289992
2025-08-20 06:00:00,96.3338284065985
2025-08-20 07:00:00,102.594428341924
2025-08-20 08:00:00,100.865498428774
2025-08-20 21:00:00,98.2382547454261
2025-08-20 23:00:00,100.115206765742
2025-08-21 00:00:00,96.1111864500222
2025-08-21 01:00:00,93.873185821777
2025-08-21 02:00:00,99.7069528604275
2025-08-21 03:00:00,95.3551299775381
2025-08-21 04:00:00,97.8096482248933
2025-08-21 05:00:00,102.953407406732
2025-08-21 06:00:00,102.939279410463
2025-08-21 07:00:00,97.3547153599252
2025-08-21 08:00:00,96.9183374690794
2025-08-21 09:00:00,95.980935467341
2025-08-21 10:00:00,97.5977478208003
2025-08-21 11:00:00,100.806042424649
2025-08-21 12:00:00,100.671461365678
2025-08-21 13:00:00,100.843909982383
2025-08-21 14:00:00,103.152528459729
2025-08-21 15:00:00,100.053092606678
2025-08-21 16:00:00,98.8690929149142
2025-08-21 17:00:00,93.664913135998
2025-08-21 18:00:00,101.604578173985
2025-08-21 19:00:00,95.7277630318653
2025-08-21 20:00:00,96.7101902615898
2025-08-21 21:00:00,94.7314774842183
2025-08-21 22:00:00,101.233222578481
2025-08-21 23:00:00,97.4207008271056
2025-08-22 00:00:00,99.1613753190096
2025-08-22 01:00:00,100.053736466996
2025-08-22 02:00:00,99.868660626767
2025-08-22 03:00:00,101.414304861249
2025-08-22 04:00:00,98.5188984773906
2025-08-22 05:00:00,99.1136510929185
2025-08-22 06:00:00,102.690939272723
2025-08-22 07:00:00,98.7420793505299
2025-08-22 08:00:00,98.6862783759377
2025-08-22 09:00:00,98.84706809745
2025-08-22 10:00:00,100.295807859856
2025-08-22 11:00:00,96.0295309988416
2025-08-22 12:00:00,98.6159210561898
2025-08-22 13:00:00,97.5366715019003
2025-08-22 14:00:00,101.551424511509
2025-08-22 15:00:00,101.722409768403
2025-08-22 16:00:00,102.157797386298
2025-08-22 17:00:00,97.2227827358273
2025-08-22 18:00:00,95.671140740187
2025-08-22 19:00:00,100.145523030946
2025-08-22 20:00:00,99.7740747797387
2025-08-22 21:00:00,95.9478938652879
2025-08-22 22:00:00,97.6804499250516
2025-08-22 23:00:00,100.804573386472
2025-08-23 01:00:00,95.8702037587975
2025-08-23 02:00:00,94.3142654745102
2025-08-23 03:00:00,101.9356098616
2025-08-23 04:00:00,92.2115114206654
2025-08-23 05:00:00,98.370773144557
2025-08-23 06:00:00,98.4614028728194
2025-08-23 07:00:00,103.418855259321
2025-08-23 08:00:00,98.7230406788412
2025-08-23 09:00:00,100.509274268384
2025-08-23 10:00:00,96.6267148556982
2025-08-23 11:00:00,100.793577546718
2025-08-23 12:00:00,102.921572253469
2025-08-23 13:00:00,101.754927017689
2025-08-23 14:00:00,100.59467924532
2025-08-23 15:00:00,99.1077038098899
2025-08-23 16:00:00,95.9982577959469
2025-08-23 17:00:00,96.445960517787
2025-08-23 18:00:00,91.7985903992258
2025-08-23 19:00:00,98.5262396204293
2025-08-23 20:00:00,98.41453278992
2025-08-23 21:00:00,96.9255906673748
2025-08-23 22:00:00,95.9365657795778
2025-08-23 23:00:00,100.790871810611
2025-08-24 00:00:00,97.8179297204945
2025-08-24 01:00:00,104.242743701021
2025-08-24 02:00:00,100.298528055972
2025-08-24 03:00:00,100.226718125465
2025-08-24 04:00:00,99.5421549680794
2025-08-24 05:00:00,100.00267331847
2025-08-24 06:00:00,100.860091822092
2025-08-24 07:00:00,101.299733390811
2025-08-24 08:00:00,100.149042036706
2025-08-24 09:00:00,97.5028908109876
2025-08-24 10:00:00,99.0233117253677
2025-08-24 23:00:00,96.8657255463386
2025-08-25 00:00:00,96.4074085574503
2025-08-25 01:00:00,95.7901374319335
2025-08-25 02:00:00,98.2829605320379
2025-08-25 03:00:00,94.609902688204
2025-08-25 04:00:00,99.3247960514699
2025-08-25 07:00:00,96.7165898880954
2025-08-25 13:00:00,97.1541091166311
2025-08-25 14:00:00,96.3278298670928
2025-08-25 15:00:00,97.4072094059589
2025-08-25 16:00:00,100.38242850107
2025-08-25 17:00:00,93.4166690613601
2025-08-25 18:00:00,97.9287748559278
2025-08-25 19:00:00,99.8062292228451
2025-08-25 20:00:00,102.46049425095
2025-08-25 21:00:00,96.9947754304814
2025-08-25 22:00:00,95.7024961213685
2025-08-25 23:00:00,101.709544004825
2025-08-26 00:00:00,94.5509965991885
2025-08-26 01:00:00,99.1439403018573
2025-08-26 02:00:00,95.5621868216443
2025-08-26 03:00:00,96.5927384021077
2025-08-26 04:00:00,106.701181997261
2025-08-26 05:00:00,96.6142487921962
2025-08-26 06:00:00,95.709423892262
2025-08-26 07:00:00,102.815417879189
2025-08-26 09:00:00,94.752447520732
2025-08-26 10:00:00,102.245670275643
2025-08-26 11:00:00,97.7261337189724
2025-08-26 12:00:00,94.3877145238042
2025-08-26 13:00:00,98.4166097685277
2025-08-26 14:00:00,93.4677212586679
2025-08-26 15:00:00,96.6906417233574
2025-08-26 16:00:00,97.8662700392115
2025-08-26 17:00:00,97.7496252729109
2025-08-26 18:00:00,96.7386574801688
2025-08-26 19:00:00,93.946025572825
2025-08-27 07:00:00,101.81889995704
2025-08-27 08:00:00,99.4492951316705
2025-08-27 09:00:00,99.3754443097144
2025-08-27 10:00:00,97.8893320601341
2025-08-27 11:00:00,94.4000797662334
2025-08-27 12:00:00,95.7367454396914
2025-08-27 13:00:00,101.964540747349
2025-08-27 14:00:00,98.6927125256695
2025-08-27 15:00:00,99.6510967165836
2025-08-27 16:00:00,99.3030440929164
2025-08-27 17:00:00,100.164048440517
2025-08-27 18:00:00,96.3327471826253
2025-08-27 19:00:00,96.8512585601113
2025-08-27 20:00:00,99.4657400920895
2025-08-27 21:00:00,96.4443574094477
2025-08-27 22:00:00,98.4102011752861
2025-08-27 23:00:00,100.472069622866
2025-08-28 00:00:00,98.7157404061119
2025-08-28 01:00:00,101.114570699545
2025-08-28 02:00:00,102.086189873514
2025-08-28 03:00:00,96.813191136728
2025-08-28 04:00:00,101.530081731511
2025-08-28 05:00:00,102.010311632651
2025-08-28 06:00:00,99.6219578057305
2025-08-28 07:00:00,99.4062531180785
2025-08-28 08:00:00,102.902597236471
2025-08-28 09:00:00,96.7534434664898
2025-08-28 10:00:00,93.2628920335278
2025-08-28 11:00:00,96.1896259399297
2025-08-28 12:00:00,98.7357895108379
2025-08-28 13:00:00,99.1638579646031
2025-08-28 14:00:00,102.09687542107
2025-08-28 15:00:00,103.300421136226
2025-08-28 16:00:00,100.598481472676
2025-08-28 17:00:00,100.507921640464
2025-08-28 18:00:00,99.2082035113657
2025-08-28 19:00:00,98.9200686756251
2025-08-28 20:00:00,95.9143398797314
2025-08-28 21:00:00,98.8809833575741
2025-08-28 22:00:00,95.6607006201334
2025-08-28 23:00:00,92.4021068587074
2025-08-29 00:00:00,95.7443272054195
2025-08-29 01:00:00,99.3918222817495
2025-08-29 02:00:00,100.592349608611
2025-08-29 03:00:00,100.708417168816
2025-08-29 04:00:00,95.1616177122222
2025-08-29 05:00:00,97.132415729605
2025-08-29 06:00:00,100.52572533486
2025-08-29 08:00:00,98.9450214388031
2025-08-29 09:00:00,95.577394906028
2025-08-29 10:00:00,100.602946305693
2025-08-29 11:00:00,101.620283603863
2025-08-29 12:00:00,98.9001869322212
2025-08-29 13:00:00,99.0449448544688
2025-08-29 14:00:00,100.199770759827
2025-08-29 15:00:00,95.7635874406746
2025-08-29 16:00:00,100.888898413657
2025-08-29 17:00:00,97.2599334915484
2025-08-29 18:00:00,97.706192878478
2025-08-29 19:00:00,101.750458901575
2025-08-29 20:00:00,97.0138246329127
2025-08-29 21:00:00,98.6016853377751
2025-08-29 22:00:00,100.182544815769
2025-08-29 23:00:00,125.738816111604
2025-08-30 00:00:00,99.2444152262177
2025-08-30 01:00:00,97.8355035258422
2025-08-30 02:00:00,95.858554455149
2025-08-30 03:00:00,95.8880595965881
2025-08-30 04:00:00,103.230798724238
2025-08-30 05:00:00,
2025-08-30 06:00:00,
2025-08-30 07:00:00,
2025-08-30 08:00:00,
2025-08-30 09:00:00,
2025-08-30 10:00:00,96.8386208641828
2025-08-30 11:00:00,100.649099411339
2025-08-30 12:00:00,95.3789566509677
2025-08-30 13:00:00,92.2587955547283
2025-08-30 14:00:00,96.9094544304747
2025-08-30 15:00:00,93.6667770675987
2025-08-30 16:00:00,100.339729264149
2025-08-30 17:00:00,98.7057425899331
2025-08-30 18:00:00,98.7513180586329
2025-08-30 19:00:00,95.6525366179019
2025-08-30 20:00:00,94.8492623908516
2025-08-30 21:00:00,101.636006002654
2025-08-30 22:00:00,97.3298245600185
2025-08-31 11:00:00,97.8547210650341
2025-08-31 12:00:00,98.2203422224121
2025-08-31 13:00:00,97.3894815573946
2025-08-31 14:00:00,99.410191305922
2025-08-31 15:00:00,99.4964818773989
2025-08-31 16:00:00,94.2393203707009
2025-08-31 17:00:00,96.3029297008745
2025-08-31 18:00:00,101.746962989622
2025-08-31 19:00:00,99.3122221503618
2025-08-31 20:00:00,101.199143951122
2025-08-31 21:00:00,99.3573479473277
2025-08-31 22:00:00,98.1671207148968
2025-08-31 23:00:00,98.8179962173932
2025-09-01 00:00:00,97.7122063652457
2025-09-01 01:00:00,96.5852976329478
2025-09-01 02:00:00,97.1371191480502
2025-09-01 03:00:00,96.8599078438007
2025-09-01 04:00:00,97.1400624052926
2025-09-01 05:00:00,97.7136037033201
2025-09-01 06:00:00,98.1032825560992
2025-09-01 07:00:00,97.5134649987514
2025-09-01 08:00:00,96.5282943858939
2025-09-01 09:00:00,98.9071968094168
2025-09-01 10:00:00,96.0002457121484
2025-09-01 12:00:00,97.398655857089
2025-09-01 13:00:00,97.8138593713579
2025-09-01 14:00:00,97.2298792936022
2025-09-01 15:00:00,96.7430484314392
2025-09-01 16:00:00,96.7037161591829
2025-09-01 17:00:00,98.1793900833209
2025-09-01 18:00:00,96.9068471305494
2025-09-01 19:00:00,96.3271815936102
2025-09-01 20:00:00,97.6741500635018
2025-09-01 21:00:00,98.0854000442981
2025-09-01 22:00:00,97.9331675965104
2025-09-02 00:00:00,96.5664412739341
2025-09-02 13:00:00,97.1103429570619
2025-09-02 14:00:00,96.026724413393
2025-09-02 16:00:00,98.2044251308652
2025-09-02 17:00:00,95.436213168288
2025-09-02 18:00:00,97.0651677013101
2025-09-02 19:00:00,124.699013793057
2025-09-02 20:00:00,96.3079752310107
2025-09-02 21:00:00,96.6606356648116
2025-09-02 22:00:00,96.8675524550959
2025-09-02 23:00:00,97.3385729512088
2025-09-03 00:00:00,96.087680989418
2025-09-03 01:00:00,96.5509934092278
2025-09-03 02:00:00,95.6287936951362
2025-09-03 03:00:00,95.4438545138897
2025-09-03 04:00:00,96.3049652135143
2025-09-03 05:00:00,95.3999306557547
2025-09-03 06:00:00,95.2374986333773
2025-09-03 07:00:00,95.2182535678889
2025-09-03 08:00:00,95.9974645294486
2025-09-03 09:00:00,96.6769034620957
2025-09-03 10:00:00,96.033607573662
2025-09-03 21:00:00,95.5383181079146
2025-09-03 22:00:00,96.2557467848779
2025-09-03 23:00:00,96.666181166821
2025-09-04 00:00:00,95.3847163383303
2025-09-04 01:00:00,94.4270389074102
2025-09-04 02:00:00,93.9518168925261
2025-09-04 03:00:00,95.6848504857339
2025-09-04 04:00:00,94.4789868162864
2025-09-04 05:00:00,95.0191825359509
2025-09-04 06:00:00,94.6024338268525
2025-09-04 07:00:00,
2025-09-04 10:00:00,
2025-09-04 11:00:00,94.5863598750836
2025-09-04 12:00:00,94.2468026481746
2025-09-04 13:00:00,95.5341761412829
2025-09-04 14:00:00,94.9063120352981
2025-09-04 15:00:00,95.2613582843471
2025-09-04 16:00:00,95.3496550516354
2025-09-04 17:00:00,95.126896187386
2025-09-04 18:00:00,94.3439167631215
2025-09-04 19:00:00,94.436199193961
2025-09-04 20:00:00,94.3846201248292
2025-09-04 21:00:00,95.6702289687736
2025-09-04 22:00:00,96.4408159907327
2025-09-04 23:00:00,94.6264763319025
2025-09-05 00:00:00,94.829653701791
2025-09-05 01:00:00,95.3502328969542
2025-09-05 02:00:00,94.974986130173
2025-09-05 03:00:00,94.2737540742287
2025-09-05 04:00:00,95.1656762261836
2025-09-05 05:00:00,94.9779571845323
2025-09-05 06:00:00,94.4498562755543
2025-09-05 08:00:00,94.5307060118596
2025-09-05 09:00:00,94.5449522305143
2025-09-05 10:00:00,94.0894984796343
2025-09-05 11:00:00,94.4204039358731
2025-09-05 12:00:00,93.1770927426669
2025-09-05 13:00:00,94.4616032796485
2025-09-05 14:00:00,93.9873814764567
2025-09-05 15:00:00,94.6063890592679
2025-09-05 16:00:00,94.4988910477569
2025-09-05 17:00:00,94.8099195688811
2025-09-05 18:00:00,94.234985259837
2025-09-05 19:00:00,94.6995585880927
2025-09-05 20:00:00,95.2913424307475
2025-09-05 21:00:00,94.5535823109971
2025-09-05 22:00:00,94.4175770689813
2025-09-05 23:00:00,94.4504089403075
2025-09-06 00:00:00,94.41546448351
2025-09-06 01:00:00,93.2178825791057
2025-09-06 02:00:00,94.3787539221092
2025-09-06 03:00:00,93.4542877607329
2025-09-06 04:00:00,94.0500138106474
2025-09-06 05:00:00,93.3094040283637
2025-09-06 06:00:00,72.2510046279799
2025-09-06 07:00:00,93.9961323511124
2025-09-06 08:00:00,94.6227705606867
2025-09-06 09:00:00,94.8681339687444
2025-09-06 10:00:00,93.2851943427759
2025-09-06 11:00:00,94.3102045658371
2025-09-06 12:00:00,94.5983575249573
2025-09-06 13:00:00,94.3486215312719
2025-09-06 14:00:00,94.0473244082457
2025-09-06 15:00:00,93.2368908454579
2025-09-06 16:00:00,93.5126437311606
2025-09-06 17:00:00,95.5276156718198
2025-09-06 18:00:00,93.9920521401701
2025-09-06 19:00:00,94.2163503718036
2025-09-06 20:00:00,94.0616462242759
2025-09-06 21:00:00,93.8708534866464
2025-09-06 22:00:00,93.7816955340174
2025-09-06 23:00:00,94.0785617666028
2025-09-07 00:00:00,94.9125340411078
2025-09-07 01:00:00,93.6845772569986
2025-09-07 02:00:00,93.0867061399139
2025-09-07 03:00:00,94.3242872674393
2025-09-07 04:00:00,93.7383255378579
2025-09-07 05:00:00,94.3339247300851
2025-09-07 06:00:00,93.3026743062332
2025-09-07 07:00:00,93.4338408834404
2025-09-07 19:00:00,92.8414402552927
2025-09-07 20:00:00,93.6022998867199
2025-09-07 21:00:00,92.6061065723959
2025-09-07 22:00:00,93.7240219079182
2025-09-07 23:00:00,94.4690277791127
2025-09-08 00:00:00,93.7626737795855
2025-09-08 01:00:00,92.6440116106782
2025-09-08 02:00:00,93.1326088747007
2025-09-08 03:00:00,92.9403309351995
2025-09-08 04:00:00,93.1224487369758
2025-09-08 05:00:00,92.8690101980873
2025-09-08 06:00:00,93.1103031727838
2025-09-08 07:00:00,92.4846222183447
2025-09-08 08:00:00,92.3783933969743
2025-09-08 11:00:00,93.4832812647366
2025-09-08 12:00:00,93.235129092915
2025-09-08 13:00:00,93.3143274372489
2025-09-08 14:00:00,92.9491499753877
2025-09-08 15:00:00,92.7567827836864
2025-09-08 16:00:00,92.5898593913102
2025-09-08 17:00:00,93.7606245971237
2025-09-08 18:00:00,93.0003946944615
2025-09-08 19:00:00,92.013945282421
2025-09-08 20:00:00,92.2163131641505
2025-09-08 21:00:00,81.2364489718905
2025-09-08 22:00:00,94.5317638728656
2025-09-08 23:00:00,91.340150710161
2025-09-09 00:00:00,92.6864670817164
2025-09-09 01:00:00,93.0026485957884
2025-09-09 02:00:00,93.1481962265763
2025-09-09 03:00:00,92.0561647459506
2025-09-09 04:00:00,92.8161700239379
2025-09-09 05:00:00,91.9848586597086
2025-09-09 06:00:00,92.3849036816402
2025-09-09 07:00:00,92.2433157751126
2025-09-09 08:00:00,92.2376950753643
2025-09-09 09:00:00,91.9042721116819
2025-09-09 10:00:00,93.0186276395054
2025-09-09 11:00:00,92.4989841727432
2025-09-09 12:00:00,93.3547236919522
2025-09-09 13:00:00,92.9305592850886
2025-09-09 14:00:00,92.7437981095029
2025-09-09 15:00:00,92.938735085855
2025-09-09 16:00:00,92.6325012791347
2025-09-09 17:00:00,92.3912346133275
2025-09-09 18:00:00,93.4507257646056
2025-09-09 19:00:00,91.9772648703053
2025-09-09 20:00:00,92.1466232129041
2025-09-09 21:00:00,92.3610320700027
2025-09-09 22:00:00,91.8108088397969
2025-09-09 23:00:00,92.8573460998549
2025-09-10 00:00:00,91.8018914186208
2025-09-10 01:00:00,93.0670407220176
2025-09-10 02:00:00,91.4093754652354
2025-09-10 03:00:00,92.7560591408501
2025-09-10 04:00:00,92.7454390814994
2025-09-10 05:00:00,91.414234845081
2025-09-10 06:00:00,92.1139610744383
2025-09-10 07:00:00,91.4275170416069
2025-09-10 08:00:00,92.5516051498222
2025-09-10 09:00:00,92.4688493755632
2025-09-10 10:00:00,92.05403141258
2025-09-10 11:00:00,92.0957429650163
2025-09-10 12:00:00,90.9056151854535
2025-09-10 13:00:00,92.3614767058546
2025-09-10 14:00:00,92.2832530292939
2025-09-10 15:00:00,91.1791400746766
2025-09-10 16:00:00,91.3293857341271
2025-09-10 17:00:00,91.7062742359829
2025-09-10 18:00:00,92.2318408658466
2025-09-10 19:00:00,93.3063822833246
2025-09-10 20:00:00,91.2108444032862
2025-09-10 21:00:00,92.486880326452
2025-09-10 22:00:00,90.8971599367723
2025-09-10 23:00:00,91.9674538838335
2025-09-11 00:00:00,90.1764060349158
2025-09-11 01:00:00,90.8879938368449
2025-09-11 02:00:00,91.2593690860442
2025-09-11 03:00:00,90.8685572049229
2025-09-11 04:00:00,90.9999799213205
2025-09-11 05:00:00,91.589982438084
2025-09-11 06:00:00,90.8829669773756
2025-09-11 07:00:00,89.9572917001145
2025-09-11 08:00:00,91.4417793705658
2025-09-11 09:00:00,89.8507422443367
2025-09-11 10:00:00,90.7718714131209
2025-09-11 11:00:00,83.5779137188805
2025-09-11 12:00:00,91.1107378948421
2025-09-11 13:00:00,91.7129763541318
2025-09-11 14:00:00,89.9009962184451
2025-09-11 15:00:00,91.3568775488582
2025-09-11 16:00:00,91.0428126400221
2025-09-11 17:00:00,89.9582870381502
2025-09-11 18:00:00,91.2458386828587
2025-09-11 19:00:00,91.0851939575656
2025-09-11 20:00:00,91.7091111421094
2025-09-11 21:00:00,91.7921385196143
2025-09-11 22:00:00,91.0669352286338
2025-09-11 23:00:00,91.0922195428715
2025-09-12 00:00:00,90.1147300972412
2025-09-12 01:00:00,90.9003455898126
2025-09-12 02:00:00,91.5685510195258
2025-09-12 03:00:00,91.2171080258441
2025-09-12 04:00:00,90.6254706295578
2025-09-12 05:00:00,90.1577744627318
2025-09-12 06:00:00,90.9987444508665
2025-09-12 08:00:00,89.3300218343397
2025-09-12 09:00:00,91.3421946238024
2025-09-12 10:00:00,90.6523393038171
2025-09-12 11:00:00,91.2121171921442
2025-09-12 12:00:00,90.4055657663159
2025-09-12 13:00:00,90.6082565312046
2025-09-12 14:00:00,90.5873550336198
2025-09-12 15:00:00,91.3376569366186
2025-09-12 16:00:00,90.8509415709007
2025-09-12 17:00:00,90.4287237208511
2025-09-13 05:00:00,91.3573982695113
2025-09-13 07:00:00,90.4019817298544
2025-09-13 08:00:00,91.8868420395335
2025-09-13 09:00:00,91.2273803857655
2025-09-13 10:00:00,89.1743670815994
2025-09-13 11:00:00,90.0878302768454
2025-09-13 12:00:00,90.2496543469103
2025-09-13 13:00:00,90.2483706874874
2025-09-13 14:00:00,90.47544970702
2025-09-13 15:00:00,90.1752847920909
2025-09-13 16:00:00,91.0439932253398
2025-09-13 17:00:00,90.5382737282254
2025-09-13 18:00:00,90.5367810114962
2025-09-13 19:00:00,90.6436271242442
2025-09-13 20:00:00,89.78567925107
2025-09-13 21:00:00,89.8267352629938
2025-09-13 22:00:00,89.6359843231084
2025-09-13 23:00:00,89.4073667196101
2025-09-14 00:00:00,89.2066719381947
2025-09-14 01:00:00,89.4573604341706
2025-09-14 02:00:00,89.6373345211668
2025-09-14 03:00:00,90.3867985050099
2025-09-14 04:00:00,88.6752819221485
2025-09-14 05:00:00,90.750431938791
2025-09-14 06:00:00,89.9381424408994
2025-09-14 07:00:00,90.2047997207995
2025-09-14 08:00:00,90.0902566799575
2025-09-14 10:00:00,89.387300681981
2025-09-14 11:00:00,90.1260626295393
2025-09-14 12:00:00,
2025-09-14 13:00:00,
2025-09-14 14:00:00,
2025-09-14 15:00:00,90.4729392113612
2025-09-14 16:00:00,90.7462417984221
2025-09-14 17:00:00,89.609412508246
2025-09-14 18:00:00,89.8501789489066
2025-09-14 19:00:00,89.2284342930574
2025-09-14 20:00:00,89.1402581356479
2025-09-14 21:00:00,90.0713978760646
2025-09-14 22:00:00,90.1789411438744
2025-09-14 23:00:00,90.0217059467356
2025-09-15 00:00:00,
2025-09-15 01:00:00,
2025-09-15 02:00:00,
2025-09-15 03:00:00,
2025-09-15 04:00:00,
2025-09-15 05:00:00,
2025-09-15 06:00:00,
2025-09-15 07:00:00,
2025-09-15 08:00:00,
2025-09-15 09:00:00,
2025-09-15 10:00:00,
2025-09-15 11:00:00,
2025-09-15 12:00:00,
2025-09-15 13:00:00,
2025-09-15 14:00:00,
2025-09-15 15:00:00,
2025-09-15 16:00:00,
2025-09-15 17:00:00,
2025-09-15 18:00:00,
2025-09-15 19:00:00,
2025-09-15 20:00:00,
2025-09-15 21:00:00,
2025-09-15 22:00:00,
2025-09-15 23:00:00,
2025-09-16 00:00:00,119.628886115761
2025-09-16 01:00:00,120.448931706123
2025-09-16 02:00:00,119.381993482566
2025-09-16 03:00:00,120.659243204791
2025-09-16 04:00:00,120.095550631164
2025-09-16 05:00:00,119.637951290718
2025-09-16 06:00:00,119.726311668965
2025-09-16 07:00:00,119.328071222721
2025-09-16 08:00:00,119.513197122461
2025-09-16 09:00:00,119.924910827429
2025-09-16 10:00:00,119.767669968342
2025-09-16 11:00:00,120.102185716992
2025-09-16 12:00:00,119.487265219742
2025-09-16 13:00:00,119.743171774511
2025-09-16 14:00:00,119.893854227631
2025-09-16 15:00:00,119.858255884817
2025-09-16 16:00:00,119.725327661004
2025-09-16 17:00:00,120.152525927559
2025-09-16 18:00:00,120.32506182173
2025-09-16 19:00:00,119.857023145842
2025-09-17 08:00:00,119.001067504904
2025-09-17 09:00:00,119.300489933206
2025-09-17 10:00:00,119.560625519216
2025-09-17 11:00:00,119.763675018818
2025-09-17 12:00:00,119.577256721489
2025-09-17 13:00:00,120.016603947553
2025-09-17 14:00:00,119.171074900006
2025-09-17 15:00:00,120.018129743054
2025-09-17 16:00:00,119.785723084071
2025-09-17 17:00:00,119.412937861668
2025-09-17 18:00:00,119.703855329842
2025-09-17 19:00:00,119.354397946913
2025-09-17 20:00:00,119.787989402619
2025-09-17 21:00:00,119.045404687635
2025-09-17 22:00:00,119.244916736105
2025-09-17 23:00:00,119.556702201819
2025-09-18 00:00:00,119.179221599697
2025-09-18 01:00:00,118.677797868352
2025-09-18 02:00:00,118.688422663597
2025-09-18 03:00:00,119.008679912676
2025-09-18 04:00:00,118.762688946884
2025-09-18 05:00:00,118.769970160683
2025-09-18 06:00:00,119.110666100352
2025-09-18 07:00:00,118.451442691566
2025-09-18 08:00:00,118.52649760563
2025-09-18 09:00:00,118.658915560946
2025-09-18 10:00:00,118.884562025587
2025-09-18 11:00:00,118.923083380315
2025-09-18 12:00:00,119.362983719318
2025-09-18 13:00:00,119.026115601736
2025-09-18 14:00:00,118.717944577681
2025-09-18 15:00:00,119.161977273284
2025-09-18 16:00:00,118.784806295786
2025-09-18 17:00:00,118.957707591463
2025-09-18 18:00:00,118.706750182458
2025-09-18 19:00:00,118.458193788858
2025-09-18 20:00:00,118.557612167241
2025-09-18 21:00:00,118.917288615802
2025-09-18 22:00:00,118.941316304364
2025-09-18 23:00:00,118.723761727136
2025-09-19 00:00:00,118.550151689772
2025-09-19 01:00:00,118.094523785648
2025-09-19 02:00:00,119.8183795514
2025-09-19 03:00:00,118.952157453796
2025-09-19 04:00:00,118.52182688977
2025-09-19 05:00:00,118.33456291087
2025-09-19 06:00:00,118.307714124779
2025-09-19 07:00:00,118.356060157039
2025-09-19 08:00:00,119.757259514639
2025-09-19 09:00:00,118.732114360787
2025-09-19 10:00:00,118.3605078626
2025-09-19 11:00:00,117.551800544123
2025-09-19 12:00:00,119.183170141938
2025-09-19 13:00:00,118.567974950772
2025-09-19 14:00:00,118.875095174035
2025-09-19 15:00:00,119.03600210859
2025-09-19 16:00:00,118.093585114197
2025-09-19 17:00:00,117.798693817688
2025-09-19 18:00:00,118.99814292995
2025-09-19 19:00:00,118.863481833859
2025-09-19 20:00:00,118.381057367957
2025-09-19 21:00:00,118.318004358072
2025-09-19 22:00:00,117.837625909721
2025-09-19 23:00:00,118.93278803678
2025-09-20 00:00:00,118.550254963457
2025-09-20 01:00:00,118.479086880917
2025-09-20 02:00:00,118.744844200141
2025-09-20 03:00:00,
2025-09-20 04:00:00,
2025-09-20 05:00:00,119.35371287059
2025-09-20 06:00:00,117.544793344695
2025-09-20 08:00:00,118.29061241501
2025-09-20 09:00:00,117.935974537475
2025-09-20 10:00:00,117.605493348344
2025-09-20 11:00:00,117.793093218544
2025-09-20 12:00:00,117.982070317048
2025-09-20 13:00:00,117.430724508578
2025-09-20 14:00:00,117.560147225177
2025-09-20 15:00:00,118.905295546846
2025-09-20 16:00:00,119.477873193599
2025-09-20 17:00:00,118.590636000537
2025-09-20 18:00:00,118.211752003977
2025-09-20 19:00:00,118.728980794096
2025-09-20 20:00:00,118.254599851362
2025-09-20 21:00:00,118.291899699305
2025-09-20 22:00:00,118.142121948447
2025-09-21 12:00:00,115.987693276401
2025-09-21 13:00:00,118.345304244256
2025-09-21 14:00:00,116.965773896232
2025-09-21 15:00:00,117.527594803676
2025-09-21 16:00:00,117.403825016334
2025-09-21 17:00:00,117.733027991323
2025-09-21 18:00:00,117.568115310936
2025-09-21 19:00:00,117.533955605612
2025-09-21 20:00:00,117.778026975788
2025-09-21 21:00:00,117.371393201122
2025-09-21 22:00:00,117.199859740183
2025-09-21 23:00:00,116.737238673665
2025-09-22 00:00:00,115.661779470571
2025-09-22 01:00:00,116.600882615177
2025-09-22 02:00:00,118.431700895216
2025-09-22 03:00:00,116.764897463497
2025-09-22 04:00:00,117.840870703723
2025-09-22 05:00:00,116.314644034822
2025-09-22 07:00:00,116.048872471722
2025-09-22 08:00:00,116.289162142467
2025-09-22 09:00:00,116.774964551871
2025-09-22 10:00:00,116.560271192841
2025-09-22 11:00:00,116.114390580222
2025-09-22 12:00:00,117.281313624568
2025-09-22 13:00:00,116.506647700046
2025-09-22 14:00:00,118.475908492733
2025-09-22 15:00:00,116.377476529572
2025-09-22 16:00:00,116.263982800167
2025-09-22 17:00:00,117.728758953738
2025-09-22 18:00:00,116.702992181426
2025-09-22 19:00:00,116.944617850675
2025-09-22 20:00:00,117.33057777374
2025-09-22 21:00:00,117.232287380973
2025-09-22 22:00:00,117.142164197979
2025-09-22 23:00:00,117.727833862925
2025-09-23 00:00:00,116.448768150438
2025-09-23 01:00:00,117.382311554878
2025-09-23 02:00:00,116.951569531252
2025-09-23 03:00:00,116.129021885942
2025-09-23 04:00:00,115.886640933659
2025-09-23 05:00:00,116.596914420277
2025-09-23 06:00:00,116.581987970854
2025-09-23 07:00:00,116.431890519676
2025-09-23 08:00:00,115.926576243374
2025-09-23 09:00:00,117.167581050497
2025-09-23 10:00:00,116.476953571612
2025-09-23 11:00:00,116.468914422986
2025-09-23 12:00:00,116.515409647409
2025-09-23 13:00:00,116.701434757879
2025-09-23 14:00:00,116.322880326406
2025-09-23 15:00:00,115.847979232798
2025-09-23 16:00:00,117.406125717227
2025-09-23 17:00:00,116.195996562454
2025-09-23 18:00:00,116.55334745534
2025-09-23 19:00:00,116.363423350683
2025-09-23 20:00:00,116.965506245948
2025-09-23 21:00:00,116.53596882139
2025-09-23 22:00:00,116.589492674552
2025-09-23 23:00:00,117.11130398315
2025-09-24 00:00:00,116.536642782127
2025-09-24 01:00:00,115.562354991746
2025-09-24 02:00:00,115.369273825348
2025-09-24 03:00:00,115.244248699133
2025-09-24 04:00:00,115.96567368001
2025-09-24 05:00:00,114.97921678373
2025-09-24 06:00:00,116.388575384422
2025-09-24 07:00:00,114.899225368949
2025-09-24 08:00:00,114.373314438442
2025-09-24 09:00:00,115.420851208201
2025-09-24 10:00:00,116.547474410066
2025-09-24 11:00:00,115.548564479732
2025-09-24 12:00:00,115.423744160879
2025-09-24 13:00:00,115.222833438701
2025-09-24 14:00:00,115.488731454961
2025-09-24 15:00:00,116.800137795477
2025-09-24 16:00:00,115.289652636721
2025-09-24 17:00:00,116.336035282399
2025-09-24 18:00:00,115.609559720469
2025-09-24 19:00:00,116.055983965239
2025-09-24 20:00:00,116.258758420754
2025-09-24 21:00:00,115.199697311939
2025-09-24 22:00:00,115.624519490439
2025-09-24 23:00:00,115.194990555691
2025-09-25 00:00:00,114.651011655449
2025-09-25 01:00:00,114.504539504259
2025-09-25 02:00:00,114.437315881047
2025-09-25 03:00:00,113.99558540409
2025-09-25 04:00:00,115.499909112146
2025-09-25 05:00:00,115.02769279467
2025-09-25 06:00:00,115.03479598965
2025-09-25 07:00:00,114.7823304759
2025-09-25 08:00:00,114.736233600769
2025-09-25 09:00:00,114.912600535904
2025-09-25 10:00:00,114.758314301322
2025-09-25 11:00:00,115.068461176567
2025-09-25 12:00:00,115.980416244237
2025-09-25 13:00:00,114.256068707825
2025-09-25 14:00:00,114.575219019181
2025-09-25 15:00:00,114.578421902922
2025-09-25 16:00:00,115.47768917455
2025-09-25 17:00:00,115.968919469397
2025-09-25 18:00:00,115.058675462661
2025-09-25 19:00:00,115.065473178588
2025-09-25 20:00:00,114.354168584282
2025-09-25 21:00:00,115.148794948589
2025-09-25 22:00:00,114.41472197514
2025-09-25 23:00:00,113.830736183913
2025-09-26 00:00:00,115.115023988271
2025-09-26 01:00:00,114.633371358942
2025-09-26 02:00:00,113.83441397703
2025-09-26 03:00:00,
2025-09-26 04:00:00,
2025-09-26 05:00:00,
2025-09-26 07:00:00,
2025-09-26 08:00:00,
2025-09-26 09:00:00,114.143677275111
2025-09-26 10:00:00,114.206320922
2025-09-26 11:00:00,113.872320195167
2025-09-26 12:00:00,115.660754941897
2025-09-26 13:00:00,114.907309057314
2025-09-26 14:00:00,114.542322313416
2025-09-26 15:00:00,114.187254389751
2025-09-26 16:00:00,113.602641293309
2025-09-26 17:00:00,114.438493469746
2025-09-26 18:00:00,113.134296698141
2025-09-26 19:00:00,114.702796014906
2025-09-26 20:00:00,113.882017899405
2025-09-26 21:00:00,113.606691460707
2025-09-26 22:00:00,114.996127496681
2025-09-26 23:00:00,114.202194777431
2025-09-27 00:00:00,112.715651886128
2025-09-27 12:00:00,114.525810069175
2025-09-27 13:00:00,113.421472062747
2025-09-27 14:00:00,128.373323155756
2025-09-27 15:00:00,113.720313810538
2025-09-27 16:00:00,112.886176792793
2025-09-27 17:00:00,113.115838667153
2025-09-27 18:00:00,112.668345144664
2025-09-27 19:00:00,113.402097782369
2025-09-27 20:00:00,114.352328198639
2025-09-27 21:00:00,112.96542651139
2025-09-27 22:00:00,113.994430552943
2025-09-27 23:00:00,114.247193144288
2025-09-28 00:00:00,113.742051044816
2025-09-28 01:00:00,113.683103980624
2025-09-28 02:00:00,113.822294362403
2025-09-28 03:00:00,113.554014937714
2025-09-28 04:00:00,112.510588386751
2025-09-28 06:00:00,114.310935439885
2025-09-28 07:00:00,113.424920115609
2025-09-28 08:00:00,147.101366765376
2025-09-28 09:00:00,113.186045615313
2025-09-28 11:00:00,112.482614719939
2025-09-28 12:00:00,112.684718472945
2025-09-28 13:00:00,113.086481501616
2025-09-28 14:00:00,112.438730318329
2025-09-28 15:00:00,113.960029893731
2025-09-28 16:00:00,113.453643314412
2025-09-28 17:00:00,111.901579058655
2025-09-28 18:00:00,112.196235834132
2025-09-28 19:00:00,113.651824916648
2025-09-28 20:00:00,113.127685452826
2025-09-28 21:00:00,114.431783912964
2025-09-28 22:00:00,113.178161371536
2025-09-28 23:00:00,112.506471742633
2025-09-29 00:00:00,112.450571927799
2025-09-29 01:00:00,113.355013933357
2025-09-29 02:00:00,114.572959165217
2025-09-29 03:00:00,113.246334407245
2025-09-29 04:00:00,113.827210317935
2025-09-29 05:00:00,113.015144140206
2025-09-29 06:00:00,112.314946787099
2025-09-29 07:00:00,112.922512563417
2025-09-29 08:00:00,113.574434010844
2025-09-29 09:00:00,113.173072524886
2025-09-29 10:00:00,113.338142591383
2025-09-29 11:00:00,114.083350860864
2025-09-29 12:00:00,112.668766628868
2025-09-29 13:00:00,113.977973082956
2025-09-29 14:00:00,113.129406788608
2025-09-29 15:00:00,111.924083376991
2025-09-29 16:00:00,114.74190756706
2025-09-29 17:00:00,112.98628028074
2025-09-29 18:00:00,114.074126381297
2025-09-29 19:00:00,113.701461073456
2025-09-29 20:00:00,112.972806014906
2025-09-29 21:00:00,111.960195393582
2025-09-29 22:00:00,113.249150209575
2025-09-29 23:00:00,112.834126860881
2025-09-30 00:00:00,112.063010003556
2025-09-30 01:00:00,111.924341278703
2025-09-30 02:00:00,111.653322214886
2025-09-30 03:00:00,113.206551680232
2025-09-30 04:00:00,112.477173444291
2025-09-30 05:00:00,111.582807220455
2025-09-30 06:00:00,113.488199245966
2025-09-30 07:00:00,111.302668958035
2025-09-30 08:00:00,112.099679716093
2025-09-30 09:00:00,112.158432221002
2025-09-30 10:00:00,113.245000980068
2025-09-30 11:00:00,111.772479051799
2025-09-30 12:00:00,112.491253156642
2025-09-30 13:00:00,112.294688544612
2025-09-30 14:00:00,112.802866680953
2025-09-30 15:00:00,111.730032105894
2025-09-30 16:00:00,113.455609543421
2025-09-30 17:00:00,111.898138871759
2025-09-30 18:00:00,112.12756626112
2025-09-30 19:00:00,112.142135401051
2025-09-30 20:00:00,112.406331046362
2025-09-30 21:00:00,112.998081345195
2025-09-30 22:00:00,111.674334400793
2025-09-30 23:00:00,112.497803130802
2025-10-01 00:00:00,110.809392178862
2025-10-01 01:00:00,112.242753106865
2025-10-01 02:00:00,111.762822759034
2025-10-01 08:00:00,113.194847596533
2025-10-01 13:00:00,111.185400614982
2025-10-01 15:00:00,112.140869275159
2025-10-01 16:00:00,111.831192402719
2025-10-01 17:00:00,111.687464433151
2025-10-01 18:00:00,111.953308282987
2025-10-01 19:00:00,111.802835497736
2025-10-01 20:00:00,112.501083030766
2025-10-01 21:00:00,112.39267567859
2025-10-01 22:00:00,111.29930393731
2025-10-01 23:00:00,111.906615724422
2025-10-02 00:00:00,111.19520790752
2025-10-02 01:00:00,110.706359646019
2025-10-02 02:00:00,112.134278338542
2025-10-02 03:00:00,111.104835949696
2025-10-02 05:00:00,111.315877248293
2025-10-02 06:00:00,110.423112934177
2025-10-02 07:00:00,112.298284199216
2025-10-02 08:00:00,111.283854182378
2025-10-02 09:00:00,93.3952514461047
2025-10-02 10:00:00,109.982360892476
2025-10-02 11:00:00,111.189725656441
2025-10-02 12:00:00,111.777408719037
2025-10-02 13:00:00,112.409644165539
2025-10-02 14:00:00,111.075417026854
2025-10-02 15:00:00,112.318732818617
2025-10-02 16:00:00,111.350133795758
2025-10-02 17:00:00,111.646535307934
2025-10-02 18:00:00,110.297094554398
2025-10-02 19:00:00,111.561701910996
2025-10-02 20:00:00,110.678596237605
2025-10-02 21:00:00,111.191326537474
2025-10-02 22:00:00,120.082820638801
2025-10-02 23:00:00,112.403909112175
2025-10-03 00:00:00,110.644685425474
2025-10-03 01:00:00,111.160621885721
2025-10-03 02:00:00,110.039912441239
2025-10-03 03:00:00,111.550958621765
2025-10-03 04:00:00,109.727982651141
2025-10-03 05:00:00,110.171096341458
2025-10-03 06:00:00,110.093081574588
2025-10-03 07:00:00,109.93758426808
2025-10-03 08:00:00,110.301735217949
2025-10-03 09:00:00,112.20287926222
2025-10-03 10:00:00,111.109414456582
2025-10-03 11:00:00,109.888009478809
2025-10-03 12:00:00,111.104059169117
2025-10-03 13:00:00,111.688587599985
2025-10-03 14:00:00,110.481809448767
2025-10-03 15:00:00,110.47105251384
2025-10-03 16:00:00,111.436966682949
2025-10-03 17:00:00,110.897115003686
2025-10-03 18:00:00,110.441732666121
2025-10-03 19:00:00,110.639643520862
2025-10-03 20:00:00,110.321142062126
2025-10-03 21:00:00,110.710579916964
2025-10-03 22:00:00,110.253671897009
2025-10-03 23:00:00,112.279226556126
2025-10-04 00:00:00,110.503227067363
2025-10-04 01:00:00,110.948787647074
2025-10-04 02:00:00,110.027353659212
2025-10-04 03:00:00,111.919585557351
2025-10-04 04:00:00,111.125199662185
2025-10-04 06:00:00,110.785152809118
2025-10-04 07:00:00,110.129065121743
2025-10-04 08:00:00,110.146553642215
2025-10-04 09:00:00,109.728304339301
2025-10-04 10:00:00,110.969025396888
2025-10-04 11:00:00,110.782122157498
2025-10-04 12:00:00,110.391050063236
2025-10-04 13:00:00,111.482423353541
2025-10-04 14:00:00,110.933931482765
2025-10-04 15:00:00,109.681151939319
2025-10-04 16:00:00,111.016722631696
2025-10-04 17:00:00,109.093142971647
2025-10-04 18:00:00,110.261393182087
2025-10-04 19:00:00,110.56142243444
2025-10-05 06:00:00,109.315450821824
2025-10-05 07:00:00,109.96841981887
2025-10-05 08:00:00,109.37444314663
2025-10-05 09:00:00,109.969131088176
2025-10-05 10:00:00,109.978714053862
2025-10-05 15:00:00,110.59614151351
2025-10-05 16:00:00,110.341651722243
2025-10-05 17:00:00,109.890291323756
2025-10-05 18:00:00,110.220784827195
2025-10-05 19:00:00,109.476225585745
2025-10-05 20:00:00,110.716297549666
2025-10-05 21:00:00,
2025-10-05 22:00:00,
2025-10-05 23:00:00,
2025-10-06 00:00:00,
2025-10-06 01:00:00,
2025-10-06 02:00:00,108.880645608639
2025-10-06 03:00:00,110.261315223919
2025-10-06 04:00:00,110.378998477834
2025-10-06 06:00:00,109.571555684248
2025-10-06 07:00:00,109.984868581501
2025-10-06 08:00:00,109.636077325222
2025-10-06 09:00:00,109.53620633729
2025-10-06 10:00:00,110.005010648881
2025-10-06 11:00:00,110.58804143328
2025-10-06 12:00:00,110.527951282783
2025-10-06 13:00:00,110.578773827626
2025-10-06 14:00:00,110.471671647539
2025-10-06 15:00:00,109.438142747893
2025-10-06 16:00:00,110.711732588779
2025-10-06 17:00:00,109.629169373994
2025-10-06 18:00:00,110.070176209026
2025-10-06 19:00:00,110.990709441259
2025-10-06 20:00:00,110.263484375672
2025-10-06 21:00:00,109.088796704404
2025-10-06 22:00:00,108.905319191067
2025-10-06 23:00:00,109.532451091341
2025-10-07 00:00:00,108.415199470924
2025-10-07 01:00:00,109.56040772437
2025-10-07 02:00:00,109.310098990214
2025-10-07 03:00:00,110.03511429443
2025-10-07 04:00:00,109.736012896444
2025-10-07 05:00:00,109.480298221027
2025-10-07 06:00:00,109.396717879142
2025-10-07 07:00:00,108.997935285813
2025-10-07 08:00:00,108.932818855794
2025-10-07 09:00:00,109.362495345443
2025-10-07 10:00:00,109.355309098921
2025-10-07 11:00:00,109.68518710901
2025-10-07 12:00:00,107.593990359756
2025-10-07 13:00:00,109.422260460716
2025-10-07 14:00:00,108.504435533818
2025-10-07 15:00:00,108.605790085686
2025-10-07 16:00:00,109.449530522461
2025-10-07 17:00:00,109.771582953855
2025-10-07 18:00:00,109.047670691885
2025-10-07 19:00:00,109.47292384185
2025-10-07 20:00:00,108.945981401645
2025-10-07 21:00:00,109.272015358624
2025-10-07 22:00:00,109.954101695312
2025-10-07 23:00:00,109.007199984156
2025-10-08 00:00:00,108.247899021138
2025-10-08 01:00:00,108.507717503709
2025-10-08 02:00:00,109.094578995902
2025-10-08 03:00:00,107.934888422226
2025-10-08 04:00:00,108.33844305123
2025-10-08 05:00:00,108.52506431451
2025-10-08 06:00:00,108.448862697763
2025-10-08 07:00:00,108.772113442534
2025-10-08 08:00:00,109.495065243265
2025-10-08 09:00:00,107.203839751822
2025-10-08 10:00:00,107.739844159507
2025-10-08 11:00:00,109.289436371946
2025-10-08 12:00:00,108.149910203362
2025-10-08 13:00:00,109.365966646595
2025-10-08 14:00:00,107.50471271893
2025-10-08 15:00:00,107.867567900642
2025-10-08 16:00:00,108.180662753034
2025-10-08 17:00:00,108.651680722212
2025-10-08 18:00:00,109.146962336122
2025-10-08 19:00:00,108.031826540566
2025-10-08 20:00:00,107.586143363045
2025-10-08 21:00:00,108.972599173986
2025-10-08 22:00:00,109.349798163882
2025-10-08 23:00:00,107.748671475482
2025-10-09 00:00:00,107.35387848981
2025-10-09 01:00:00,108.165310486827
2025-10-09 02:00:00,108.021290995554
2025-10-09 03:00:00,109.207014446939
2025-10-09 04:00:00,108.564806350031
2025-10-09 18:00:00,108.17803401327
2025-10-09 19:00:00,108.114738912571
2025-10-09 20:00:00,108.118855021331
2025-10-09 21:00:00,107.061904609201
2025-10-09 22:00:00,108.248384318414
2025-10-09 23:00:00,107.587619965713
2025-10-10 00:00:00,106.759428561049
2025-10-10 01:00:00,105.894665902288
2025-10-10 02:00:00,106.734113415546
2025-10-10 03:00:00,106.163565417362
2025-10-10 04:00:00,106.170857973371
2025-10-10 05:00:00,107.56935699366
2025-10-10 06:00:00,106.780251006313
2025-10-10 07:00:00,106.222861820387
2025-10-10 08:00:00,107.374452429904
2025-10-10 09:00:00,105.614105138802
2025-10-10 10:00:00,106.136225428022
2025-10-10 11:00:00,107.575249508302
2025-10-10 12:00:00,108.069853654362
2025-10-10 13:00:00,106.621413455465
2025-10-10 14:00:00,106.201902092991
2025-10-10 15:00:00,107.210970234414
2025-10-10 16:00:00,108.583547483008
2025-10-10 17:00:00,107.561141288094
2025-10-10 18:00:00,107.412965618975
2025-10-10 19:00:00,107.816502079146
2025-10-10 20:00:00,106.925684582719
2025-10-10 21:00:00,107.250361538446
2025-10-10 22:00:00,107.570421383802
2025-10-10 23:00:00,85.3656825168168
2025-10-11 00:00:00,107.164779509511
2025-10-11 01:00:00,105.675685038065
2025-10-11 02:00:00,107.392648950878
2025-10-11 03:00:00,107.211045330839
2025-10-11 04:00:00,107.041320448501
2025-10-11 05:00:00,107.150403048437
2025-10-11 06:00:00,106.490790996581
2025-10-11 07:00:00,106.24218868017
2025-10-11 08:00:00,106.99639992457
2025-10-11 09:00:00,105.65515915901
2025-10-11 10:00:00,106.334405803148
2025-10-11 11:00:00,105.372202438042
2025-10-11 12:00:00,105.918399159521
2025-10-11 13:00:00,107.035905523666
2025-10-11 14:00:00,107.104076804416
2025-10-11 15:00:00,106.275717909215
2025-10-11 16:00:00,106.518508172434
2025-10-11 17:00:00,105.601019670124
2025-10-11 18:00:00,106.359880935552
2025-10-11 19:00:00,106.164373302969
2025-10-11 20:00:00,107.228074825476
2025-10-11 21:00:00,106.144601834154
2025-10-11 22:00:00,105.545646634997
2025-10-11 23:00:00,106.895495945818
2025-10-12 00:00:00,106.40446561722
2025-10-12 01:00:00,106.828737656847
2025-10-12 02:00:00,107.246798584774
2025-10-12 03:00:00,107.25164410937
2025-10-12 04:00:00,106.707803217835
2025-10-12 05:00:00,107.022648127673
2025-10-12 06:00:00,106.40811195354
2025-10-12 08:00:00,106.858545303232
2025-10-12 09:00:00,106.528696380361
2025-10-12 10:00:00,105.961405928043
2025-10-12 11:00:00,106.1878438938
2025-10-12 12:00:00,106.91676717535
2025-10-12 13:00:00,105.698153762288
2025-10-12 14:00:00,106.085497302049
2025-10-12 15:00:00,108.040720349556
2025-10-12 16:00:00,106.366904311265
2025-10-12 17:00:00,106.101095496238
2025-10-12 18:00:00,107.405020815276
2025-10-12 19:00:00,105.782998408608
2025-10-12 20:00:00,105.801949997612
2025-10-12 21:00:00,106.250315100132
2025-10-12 22:00:00,106.682772095985
2025-10-12 23:00:00,106.898419965632
2025-10-13 00:00:00,105.559224325526
2025-10-13 01:00:00,105.199721911393
2025-10-13 02:00:00,104.856080319693
2025-10-13 03:00:00,105.474208812835
2025-10-13 04:00:00,105.739224140559
2025-10-13 05:00:00,105.556256885089
2025-10-13 06:00:00,105.496079395039
2025-10-13 07:00:00,105.94637546561
2025-10-13 20:00:00,105.686604230934
2025-10-13 21:00:00,104.98486682155
2025-10-13 22:00:00,105.932833764624
2025-10-13 23:00:00,105.5608560085
2025-10-14 00:00:00,104.890554547844
2025-10-14 01:00:00,104.953319753353
2025-10-14 02:00:00,104.534647049524
2025-10-14 03:00:00,104.260825514311
2025-10-14 04:00:00,105.191752924423
2025-10-14 05:00:00,104.308141430468
2025-10-14 07:00:00,104.924434098391
2025-10-14 08:00:00,105.443363597042
2025-10-14 09:00:00,105.875510480056
2025-10-14 10:00:00,104.817416030497
2025-10-14 11:00:00,104.482414555386
2025-10-14 12:00:00,104.645996307592
2025-10-14 13:00:00,104.88225247256
2025-10-14 14:00:00,105.449333087767
2025-10-14 15:00:00,104.384936203748
2025-10-14 16:00:00,103.882258379232
2025-10-14 17:00:00,105.741739408024
2025-10-14 18:00:00,104.217076962188
2025-10-14 19:00:00,106.067371398859
2025-10-14 20:00:00,104.095367103773
2025-10-14 21:00:00,103.593582206923
2025-10-14 22:00:00,105.117143549856
2025-10-14 23:00:00,105.486826461013
2025-10-15 00:00:00,104.756738079678
2025-10-15 01:00:00,104.570776985187
2025-10-15 02:00:00,104.642848303065
2025-10-15 03:00:00,103.492757044705
2025-10-15 04:00:00,103.165304148198
2025-10-15 05:00:00,104.621200848204
2025-10-15 06:00:00,104.657475244202
2025-10-15 07:00:00,104.916543471869
2025-10-15 08:00:00,105.197959234134
2025-10-15 09:00:00,103.336124965209
2025-10-15 10:00:00,104.153927582769
2025-10-15 11:00:00,104.207456734331
2025-10-15 12:00:00,105.721087786244
2025-10-15 13:00:00,104.807591386925
2025-10-15 14:00:00,104.312534185349
2025-10-15 15:00:00,104.262776352972
2025-10-15 16:00:00,104.33552056158
2025-10-15 17:00:00,104.408119087682
2025-10-15 18:00:00,103.760764305264
2025-10-15 19:00:00,103.495131105505
2025-10-16 08:00:00,103.774005696372
2025-10-16 09:00:00,104.207845824296
2025-10-16 10:00:00,103.218671859637
2025-10-16 11:00:00,102.477020051252
2025-10-16 12:00:00,103.660612881903
2025-10-16 13:00:00,103.563330892845
2025-10-16 14:00:00,101.975311154936
2025-10-16 15:00:00,103.582198436273
2025-10-16 16:00:00,104.004961652415
2025-10-16 17:00:00,103.546667969595
2025-10-16 18:00:00,105.280464350245
2025-10-16 19:00:00,104.154411086315
2025-10-16 20:00:00,104.002127683034
2025-10-16 21:00:00,103.269378655
2025-10-16 22:00:00,103.203362898177
2025-10-16 23:00:00,103.627796564992
2025-10-17 00:00:00,103.448635471452
2025-10-17 01:00:00,103.796483496547
2025-10-17 02:00:00,102.722813895605
2025-10-17 03:00:00,102.995797545464
2025-10-17 04:00:00,101.001094887168
2025-10-17 05:00:00,103.564554055161
2025-10-17 06:00:00,101.880002384605
2025-10-17 07:00:00,102.440058823683
2025-10-17 08:00:00,101.628305538227
2025-10-17 09:00:00,101.895559843177
2025-10-17 10:00:00,102.462749263343
2025-10-17 11:00:00,102.119555668635
2025-10-17 12:00:00,102.493212908694
2025-10-17 13:00:00,102.319571551383
2025-10-17 14:00:00,102.753318777916
2025-10-17 15:00:00,103.319471777774
2025-10-17 16:00:00,102.397569385298
2025-10-17 17:00:00,102.181899490571
2025-10-17 18:00:00,103.137785557776
2025-10-17 19:00:00,103.331990011023
2025-10-17 20:00:00,103.081254814411
2025-10-17 21:00:00,102.536893277224
2025-10-17 22:00:00,86.7707151792249
2025-10-17 23:00:00,102.194022161406
2025-10-18 00:00:00,101.417123916302
2025-10-18 01:00:00,101.873107928322
2025-10-18 02:00:00,
2025-10-18 03:00:00,
2025-10-18 04:00:00,
2025-10-18 05:00:00,102.304726448554
2025-10-18 06:00:00,102.211169865006
2025-10-18 07:00:00,101.662412075377
2025-10-18 08:00:00,102.450562147444
2025-10-18 09:00:00,101.498001727199
2025-10-18 10:00:00,101.566198042125
2025-10-18 11:00:00,103.365865653144
2025-10-18 12:00:00,101.023290630687
2025-10-18 13:00:00,101.68937525154
2025-10-18 14:00:00,102.229223988816
2025-10-18 15:00:00,102.752886568511
2025-10-18 16:00:00,99.3572537074352
2025-10-18 17:00:00,101.224084341188
2025-10-18 18:00:00,101.978490706718
2025-10-19 07:00:00,100.715778681814
2025-10-19 08:00:00,101.991220737203
2025-10-19 09:00:00,101.228609716391
2025-10-19 10:00:00,100.756362190236
2025-10-19 11:00:00,100.552469774912
2025-10-19 12:00:00,102.399390853185
2025-10-19 13:00:00,102.544347164781
2025-10-19 14:00:00,100.924142147747
2025-10-19 15:00:00,101.697102901112
2025-10-19 16:00:00,100.690213102869
2025-10-19 17:00:00,102.040915721304
2025-10-19 18:00:00,100.899030317208
2025-10-19 19:00:00,100.810228581988
2025-10-19 20:00:00,101.934900672643
2025-10-19 21:00:00,101.618171626978
2025-10-19 22:00:00,100.192929521544
2025-10-19 23:00:00,102.156636391382
2025-10-20 00:00:00,101.82773899109
2025-10-20 01:00:00,100.363134273001
2025-10-20 02:00:00,100.954045791259
2025-10-20 03:00:00,101.111989536273
2025-10-20 04:00:00,100.861842508433
2025-10-20 05:00:00,101.029516206427
2025-10-20 06:00:00,100.734612764115
2025-10-20 07:00:00,100.90157762469
2025-10-20 08:00:00,100.882957251186
2025-10-20 09:00:00,101.343470954253
2025-10-20 10:00:00,100.310985468596
2025-10-20 11:00:00,99.4896464450229
2025-10-20 12:00:00,101.408755649608
2025-10-20 13:00:00,101.655567071941
2025-10-20 14:00:00,101.164345435971
2025-10-20 15:00:00,100.815251616984
2025-10-20 16:00:00,101.035656878523
2025-10-20 17:00:00,100.933625040771
2025-10-20 18:00:00,100.697750689063
2025-10-20 19:00:00,101.817558113051
2025-10-20 20:00:00,101.182947025228
2025-10-20 21:00:00,100.879907840715
2025-10-20 22:00:00,101.396465467994
2025-10-20 23:00:00,101.506825709421
2025-10-21 00:00:00,101.553878807555
2025-10-21 01:00:00,99.2036005012261
2025-10-21 02:00:00,99.0351579462755
2025-10-21 03:00:00,101.556809600143
2025-10-21 04:00:00,101.587454678077
2025-10-21 05:00:00,100.958349430829
2025-10-21 06:00:00,100.85784596448
2025-10-21 07:00:00,100.877889558349
2025-10-21 08:00:00,99.8316377429959
2025-10-21 09:00:00,100.154426208521
2025-10-21 10:00:00,101.618854610719
2025-10-21 11:00:00,100.95397063795
2025-10-21 12:00:00,99.775031519495
2025-10-21 13:00:00,99.0811434980389
2025-10-21 14:00:00,101.293245137509
2025-10-21 15:00:00,100.424918503119
2025-10-21 16:00:00,101.504625661106
2025-10-21 17:00:00,99.8825434794458
2025-10-21 18:00:00,99.8547956160241
2025-10-21 19:00:00,99.6447404611103
2025-10-21 20:00:00,100.455042396139
2025-10-21 21:00:00,99.8156564765057
2025-10-21 22:00:00,100.371806535483
2025-10-21 23:00:00,88.0684385104084
2025-10-22 00:00:00,100.025145799307
2025-10-22 01:00:00,100.005632636399
2025-10-22 02:00:00,100.652268143592
2025-10-22 03:00:00,99.6737819619886
2025-10-22 04:00:00,100.809158504896
2025-10-22 05:00:00,100.917478011827
2025-10-22 06:00:00,100.100999159754
2025-10-22 07:00:00,99.4730265654834
2025-10-22 08:00:00,101.056888601348
2025-10-22 09:00:00,99.9910375066297
2025-10-22 10:00:00,100.589794776992
2025-10-22 11:00:00,99.5681175853001
2025-10-22 12:00:00,99.3683608398734
2025-10-22 13:00:00,99.9714524639708
2025-10-22 14:00:00,99.5746264771131
2025-10-22 15:00:00,100.539417902749
2025-10-22 16:00:00,100.411711114618
2025-10-22 17:00:00,99.9864171941304
2025-10-22 18:00:00,100.261962506025
2025-10-22 19:00:00,100.59188505418
2025-10-22 20:00:00,101.14357406101
2025-10-22 21:00:00,99.7902053448628
2025-10-23 09:00:00,99.3794419075238
2025-10-23 10:00:00,99.0610851076511
2025-10-23 11:00:00,99.6446785056772
2025-10-23 12:00:00,98.4496194773863
2025-10-23 13:00:00,98.767623530425
2025-10-23 14:00:00,99.7617248536379
2025-10-23 15:00:00,99.0809132579334
2025-10-23 16:00:00,99.9261778702857
2025-10-23 17:00:00,112.576741969074
2025-10-23 18:00:00,99.6432225231559
2025-10-23 19:00:00,98.8996609394026
2025-10-23 20:00:00,99.3618259093194
2025-10-23 21:00:00,99.5736866120896
2025-10-23 22:00:00,98.9173160796986
2025-10-23 23:00:00,99.3406401497438
2025-10-24 00:00:00,98.6658139806472
2025-10-24 01:00:00,98.154136360644
2025-10-24 02:00:00,97.7792089630298
2025-10-24 03:00:00,97.2950189367495
2025-10-24 04:00:00,97.4910706205528
2025-10-24 05:00:00,99.5206272296992
2025-10-24 06:00:00,98.0764555625344
2025-10-24 07:00:00,98.9530867912564
2025-10-24 08:00:00,98.0851770205187
2025-10-24 09:00:00,98.7673771988828
2025-10-24 10:00:00,99.3201721020574
2025-10-24 11:00:00,98.1536787585974
2025-10-24 12:00:00,97.4907397416221
2025-10-24 13:00:00,99.5997559955784
2025-10-24 14:00:00,98.6536101649863
2025-10-24 15:00:00,97.6773748046829
2025-10-24 16:00:00,98.3661456847256
2025-10-24 17:00:00,98.8499018177584
2025-10-24 18:00:00,98.016201829415
2025-10-24 19:00:00,98.1051311679245
2025-10-24 20:00:00,98.6225892702301
2025-10-24 21:00:00,99.1390655355839
2025-10-24 22:00:00,98.860937327145
2025-10-24 23:00:00,99.1881389871843
2025-10-25 00:00:00,98.03899726902
2025-10-25 01:00:00,97.4275527201405
2025-10-25 02:00:00,90.3029645058636
2025-10-25 03:00:00,97.8471767188712
2025-10-25 04:00:00,97.6607450570969
2025-10-25 05:00:00,98.843400211288
2025-10-25 06:00:00,97.3347601708428
2025-10-25 07:00:00,97.6316336854941
2025-10-25 08:00:00,96.9582013076799
2025-10-25 09:00:00,97.8360653328237
2025-10-25 10:00:00,97.9634610755731
2025-10-25 11:00:00,97.7008436163155
2025-10-25 12:00:00,98.2390660500542
2025-10-25 13:00:00,97.7172445628653
2025-10-25 14:00:00,97.8964470317639
2025-10-25 15:00:00,98.7667963605571
2025-10-25 16:00:00,97.8204431049086
2025-10-25 17:00:00,97.9008476142617
2025-10-25 18:00:00,98.1263241867932
2025-10-25 19:00:00,97.4135414454526
2025-10-25 20:00:00,97.9286227894478
2025-10-25 21:00:00,97.2132781863195
2025-10-25 22:00:00,97.5323398659075
2025-10-25 23:00:00,97.9926663082141
2025-10-26 00:00:00,96.9072331898702
2025-10-26 01:00:00,98.200572975304
2025-10-26 02:00:00,97.0061947279253
2025-10-26 03:00:00,98.6652987251917
2025-10-26 04:00:00,96.7716100997443
2025-10-26 05:00:00,96.5750614844834
2025-10-26 06:00:00,98.2370955716132
2025-10-26 07:00:00,96.7443460274542
2025-10-26 08:00:00,97.6586811107051
2025-10-26 09:00:00,97.1513706387624
2025-10-26 10:00:00,98.0729188633617
2025-10-26 11:00:00,97.7147005996674
2025-10-26 12:00:00,97.2686479274884
2025-10-26 13:00:00,96.7890302899499
2025-10-26 14:00:00,97.6099734900837
2025-10-26 15:00:00,95.387121889221
2025-10-26 16:00:00,96.1933463556834
2025-10-26 17:00:00,96.0002545099173
2025-10-26 18:00:00,96.6782547264325
2025-10-26 19:00:00,96.617569761115
2025-10-26 20:00:00,96.6201952311146
2025-10-26 21:00:00,97.8188179155877
2025-10-26 22:00:00,96.7473246057077
2025-10-26 23:00:00,97.0578948090003
2025-10-27 00:00:00,95.1377839983735
2025-10-27 10:00:00,97.2802292839969
2025-10-27 11:00:00,96.156555520524
2025-10-27 12:00:00,96.9869005138841
2025-10-27 13:00:00,96.1338948141163
2025-10-27 14:00:00,96.2789289420489
2025-10-27 15:00:00,78.4334040749528
2025-10-27 16:00:00,97.4388990561034
2025-10-27 17:00:00,96.4586868224455
2025-10-27 18:00:00,96.3945556032544
2025-10-27 19:00:00,95.7435750575545
2025-10-27 20:00:00,96.6430576776674
2025-10-27 21:00:00,95.1798716194622
2025-10-27 22:00:00,96.4836426874103
2025-10-27 23:00:00,96.918652748996
2025-10-28 00:00:00,95.8684601553574
2025-10-28 01:00:00,95.3563932814214
2025-10-28 02:00:00,94.2860886657201
2025-10-28 03:00:00,95.1121455911761
2025-10-28 04:00:00,95.4785020898484
2025-10-28 05:00:00,96.7654094408499
2025-10-28 06:00:00,96.3119725276197
2025-10-28 07:00:00,95.5359687521595
2025-10-28 08:00:00,95.3253369670307
2025-10-28 09:00:00,95.2065383843909
2025-10-28 10:00:00,94.1965969177115
2025-10-28 11:00:00,95.332068441272
2025-10-28 12:00:00,94.9304081535288
2025-10-28 13:00:00,95.9233935684326
2025-10-28 14:00:00,94.9388460496822
2025-10-28 15:00:00,94.8036108479281
2025-10-28 16:00:00,95.0973960830255
2025-10-28 17:00:00,94.8992492106122
2025-10-28 18:00:00,94.8716840036772
2025-10-28 19:00:00,96.3297042788462
2025-10-28 20:00:00,96.0711503055829
2025-10-28 21:00:00,95.9095839378067
2025-10-28 22:00:00,95.1596618808153
2025-10-28 23:00:00,95.3111383152347
2025-10-29 00:00:00,94.418743089786
2025-10-29 01:00:00,94.8705206257129
2025-10-29 02:00:00,94.9932208922968
2025-10-29 03:00:00,94.3950338864857
2025-10-29 04:00:00,94.3307721073587
2025-10-29 05:00:00,94.7119086222664
2025-10-29 06:00:00,93.6845427942182
2025-10-29 07:00:00,95.0600229062109
2025-10-29 08:00:00,96.6020445615492
2025-10-29 09:00:00,95.6644737351728
2025-10-29 10:00:00,95.1708108206236
2025-10-29 11:00:00,95.6542517975845
2025-10-29 12:00:00,93.4981139163564
2025-10-29 13:00:00,
2025-10-29 14:00:00,
2025-10-29 15:00:00,
2025-10-29 16:00:00,95.4217133057821
2025-10-29 17:00:00,96.5801030390501
2025-10-29 18:00:00,94.6243485380765
2025-10-29 19:00:00,94.007052835173
2025-10-29 20:00:00,95.1042718317119
2025-10-29 21:00:00,94.2360456583637
2025-10-29 22:00:00,95.9718328407534
2025-10-29 23:00:00,95.9269037255608
2025-10-30 00:00:00,93.6996935968254
2025-10-30 01:00:00,94.7453309850946
2025-10-30 02:00:00,94.7613811048589
2025-10-30 03:00:00,94.0972260445869
2025-10-30 04:00:00,94.2733737619092
2025-10-30 05:00:00,93.5707794639782
2025-10-30 07:00:00,95.4344452371393
2025-10-30 08:00:00,
2025-10-30 09:00:00,94.859567914805
2025-10-30 10:00:00,93.4651723796959
2025-10-30 11:00:00,94.7127224121964
2025-10-30 12:00:00,94.9597903612025
2025-10-30 13:00:00,94.1660939144135
2025-10-30 14:00:00,94.2408316616381
2025-10-30 15:00:00,94.4688201732572
2025-10-30 16:00:00,95.7233574459937
2025-10-30 17:00:00,94.5207782453564
2025-10-30 18:00:00,94.109992845592
2025-10-30 19:00:00,94.2241446004987
2025-10-30 20:00:00,95.1941643903742
2025-10-30 21:00:00,94.2871925353411
2025-10-30 22:00:00,93.6554034644629
2025-10-30 23:00:00,94.2256956166707
2025-10-31 00:00:00,92.9552141893888
2025-10-31 01:00:00,93.6534374984825
2025-10-31 02:00:00,93.5291512045934
2025-10-31 14:00:00,93.6292763121104
2025-10-31 15:00:00,93.2015910965331
2025-10-31 16:00:00,93.4492564215797
2025-10-31 17:00:00,93.465296629155
2025-10-31 18:00:00,92.8076063038475
2025-10-31 19:00:00,93.8565522299933
2025-10-31 20:00:00,93.731436309246
2025-10-31 21:00:00,93.5570100990148
2025-10-31 22:00:00,98.3802958052491
2025-10-31 23:00:00,94.3038190883081
2025-11-01 00:00:00,92.2955089414595
2025-11-01 01:00:00,93.3033654440654
2025-11-01 02:00:00,91.6715873802923
2025-11-01 03:00:00,92.8941360886236
2025-11-01 04:00:00,92.5831282112064
2025-11-01 05:00:00,92.3237851050095
2025-11-01 06:00:00,91.1934280541077
2025-11-01 08:00:00,93.8539919752045
2025-11-01 10:00:00,93.5555275301387
2025-11-01 11:00:00,93.2349569254868
2025-11-01 12:00:00,92.8865538907991
2025-11-01 13:00:00,91.7836154965165
2025-11-01 14:00:00,92.3519655063688
2025-11-01 15:00:00,92.5993784460856
2025-11-01 16:00:00,91.9915217358974
2025-11-01 17:00:00,93.3947710502065
2025-11-01 18:00:00,92.534621328156
2025-11-01 19:00:00,93.6272556766362
2025-11-01 20:00:00,93.374692265358
2025-11-01 21:00:00,92.8197615138701
2025-11-01 22:00:00,93.1515424510729
2025-11-01 23:00:00,91.788583344932
2025-11-02 00:00:00,92.8563653005602
2025-11-02 01:00:00,91.4297884430259
2025-11-02 02:00:00,92.1771044664994
2025-11-02 03:00:00,91.6067813497445
2025-11-02 04:00:00,92.909876410264
2025-11-02 05:00:00,91.9153359144164
2025-11-02 06:00:00,92.190972155602
2025-11-02 07:00:00,92.9446411906428
2025-11-02 08:00:00,93.0821784173292
2025-11-02 09:00:00,92.1555701741935
2025-11-02 10:00:00,91.5909399479268
2025-11-02 11:00:00,91.827866989727
2025-11-02 12:00:00,91.6292946458139
2025-11-02 13:00:00,92.2263824444297
2025-11-02 14:00:00,90.8749577467812
2025-11-02 15:00:00,93.5044210851844
2025-11-02 16:00:00,92.1429477055073
2025-11-02 17:00:00,91.6560001392205
2025-11-02 18:00:00,91.6001336494304
2025-11-02 19:00:00,91.9424701227237
2025-11-02 20:00:00,92.1862507921275
2025-11-02 21:00:00,90.0737621046873
2025-11-02 22:00:00,91.3194767819498
2025-11-02 23:00:00,92.8564678131791
2025-11-03 00:00:00,91.5251003387424
2025-11-03 01:00:00,91.3016843935432
2025-11-03 02:00:00,90.3606229625759
2025-11-03 03:00:00,91.5478057864516
2025-11-03 04:00:00,91.2552179933629
2025-11-03 05:00:00,92.2919257083446
2025-11-03 06:00:00,91.2465174464212
2025-11-03 07:00:00,90.2913589223464
2025-11-03 08:00:00,93.2065732302484
2025-11-03 09:00:00,90.7765637275874
2025-11-03 10:00:00,92.2941433308985
2025-11-03 11:00:00,91.7403309894224
2025-11-03 12:00:00,92.6218009818026
2025-11-03 13:00:00,92.6275117206833
2025-11-03 14:00:00,91.5702877850812
2025-11-03 15:00:00,92.468717999829
2025-11-03 16:00:00,91.3704111684921
2025-11-03 17:00:00,90.804088106715
2025-11-03 18:00:00,92.0106312560253
2025-11-03 19:00:00,90.5047472672906
2025-11-03 20:00:00,91.1880430861485
2025-11-03 21:00:00,91.2748749958652
2025-11-03 22:00:00,91.6910185132199
2025-11-03 23:00:00,91.7612015383727
2025-11-04 00:00:00,91.4965144944901
2025-11-04 01:00:00,90.6770212398698
2025-11-04 02:00:00,90.2491754214245
2025-11-04 03:00:00,91.2855138059236
2025-11-04 04:00:00,
2025-11-04 05:00:00,
2025-11-04 10:00:00,89.8302865787422
2025-11-04 11:00:00,92.2897942323865
2025-11-04 12:00:00,91.5716752105077
2025-11-04 13:00:00,91.9988186277547
2025-11-04 14:00:00,90.0895280165748
2025-11-04 15:00:00,91.6329562727395
2025-11-04 16:00:00,92.0757266982895
2025-11-04 17:00:00,90.7866736146764
2025-11-04 18:00:00,91.1911013261724
2025-11-04 19:00:00,90.5477740278749
2025-11-04 20:00:00,91.577603748063
2025-11-04 21:00:00,90.8240219637141
2025-11-04 22:00:00,92.2456579906308
2025-11-04 23:00:00,91.1609884676354
2025-11-05 00:00:00,89.3081234348373
2025-11-05 01:00:00,90.3765822701114
2025-11-05 02:00:00,90.6298815951725
2025-11-05 03:00:00,90.3901406681763
2025-11-05 04:00:00,89.7768875145187
2025-11-05 05:00:00,89.5483559321344
2025-11-05 06:00:00,91.0040921398857
2025-11-05 09:00:00,90.5946503902184
2025-11-05 10:00:00,91.3074034387557
2025-11-05 11:00:00,90.1613808452836
2025-11-05 12:00:00,90.1920441767648
2025-11-05 13:00:00,90.1324179412933
2025-11-05 14:00:00,90.5446709603035
2025-11-05 15:00:00,89.187946736042
2025-11-05 16:00:00,90.8028316488135
2025-11-05 17:00:00,90.3839015917724
2025-11-05 18:00:00,88.9829570579181
2025-11-05 19:00:00,89.8067522835683
2025-11-05 20:00:00,90.1828449659323
2025-11-05 21:00:00,90.0780200916307
2025-11-05 22:00:00,89.4531839920325
2025-11-05 23:00:00,89.6827176987049
2025-11-06 00:00:00,89.3210887710306
2025-11-06 01:00:00,89.5664246271203
2025-11-06 02:00:00,88.5712766544253
2025-11-06 03:00:00,89.119967803406
2025-11-06 04:00:00,89.4943517594313
2025-11-06 05:00:00,88.9349119395481
2025-11-06 06:00:00,88.3693621301981
2025-11-06 07:00:00,88.8059885613662
2025-11-06 08:00:00,87.706014685657
2025-11-06 09:00:00,88.3317232896814
2025-11-06 10:00:00,89.1456377182342
2025-11-06 11:00:00,90.0714534728991
2025-11-06 12:00:00,89.3078097778273
2025-11-06 13:00:00,89.1033715475752
2025-11-06 14:00:00,90.3404532137829
2025-11-06 15:00:00,89.264206020103
2025-11-06 16:00:00,88.3563358874299
2025-11-06 17:00:00,88.1080775430109
2025-11-06 18:00:00,88.4604450608858
2025-11-06 19:00:00,89.9210664940466
2025-11-06 20:00:00,88.8282332502668
2025-11-06 21:00:00,89.8333108154507
2025-11-06 22:00:00,89.0264528028716
2025-11-06 23:00:00,88.9006384107604
2025-11-07 00:00:00,87.8198384802123
2025-11-07 01:00:00,88.4685411903252
2025-11-07 02:00:00,89.5459982682877
2025-11-07 03:00:00,89.1221715754173
2025-11-07 04:00:00,89.0702526950515
2025-11-07 05:00:00,90.0399806788717
2025-11-07 06:00:00,88.5112280887115
2025-11-07 07:00:00,
2025-11-07 08:00:00,
2025-11-07 09:00:00,
2025-11-07 10:00:00,
2025-11-07 11:00:00,
2025-11-07 12:00:00,87.3020421214581
2025-11-07 13:00:00,88.2193922642798
2025-11-07 14:00:00,89.0788926803154
2025-11-07 15:00:00,87.2335304402107
2025-11-08 02:00:00,87.5720444829723
2025-11-08 03:00:00,88.0299478500294
2025-11-08 04:00:00,86.2964687936351
2025-11-08 05:00:00,86.8268479694517
2025-11-08 06:00:00,87.6383145116375
2025-11-08 07:00:00,88.2963128682798
2025-11-08 08:00:00,71.997887741642
2025-11-08 09:00:00,88.6686354536791
2025-11-08 10:00:00,87.8317501440934
2025-11-08 11:00:00,87.8673795410899
2025-11-08 12:00:00,86.9973970787823
2025-11-08 13:00:00,86.743063871719
2025-11-08 14:00:00,87.7348183502111
2025-11-08 15:00:00,87.8184452998853
2025-11-08 16:00:00,86.5978911439963
2025-11-08 17:00:00,87.3887241929865
2025-11-08 18:00:00,87.5272521896128
2025-11-08 19:00:00,87.7090511031557
2025-11-08 20:00:00,87.4199616752706
2025-11-08 21:00:00,87.67541052651
2025-11-08 22:00:00,87.9233984972067
2025-11-08 23:00:00,88.0747706854369
2025-11-09 00:00:00,86.4011759427089
2025-11-09 01:00:00,87.3304726301362
2025-11-09 02:00:00,87.8415765985706
2025-11-09 03:00:00,87.3662532093586
2025-11-09 04:00:00,88.8415133461764
2025-11-09 05:00:00,86.9886181947458
2025-11-09 06:00:00,87.9155845751827
2025-11-09 07:00:00,88.2887394756162
2025-11-09 08:00:00,87.1062245738681
2025-11-09 09:00:00,87.0689039856232
2025-11-09 20:00:00,88.5709311557192
2025-11-09 21:00:00,87.2463847563412
2025-11-09 22:00:00,86.1078584705869
2025-11-09 23:00:00,88.8621494552645
2025-11-10 00:00:00,85.2422040258628
2025-11-10 01:00:00,87.0241165041954
2025-11-10 02:00:00,87.0165474007717
2025-11-10 03:00:00,87.2357380281645
2025-11-10 04:00:00,87.3826178188289
2025-11-10 05:00:00,64.4780578161725
2025-11-10 06:00:00,86.023397476419
2025-11-10 07:00:00,87.4065595610835
2025-11-10 08:00:00,87.3864013401547
2025-11-10 09:00:00,86.4925208014266
2025-11-10 10:00:00,87.5271147074762
2025-11-10 11:00:00,87.2761944056635
2025-11-10 12:00:00,86.428786948685
2025-11-10 13:00:00,86.8251510159879
2025-11-10 14:00:00,87.3748802541711
2025-11-10 15:00:00,86.4096608180312
2025-11-10 16:00:00,85.72259174659
2025-11-10 17:00:00,87.3214174785196
2025-11-10 18:00:00,86.1882298466224
2025-11-10 19:00:00,86.3671610917865
2025-11-10 20:00:00,87.3321071069772
2025-11-10 21:00:00,85.1965289860959
2025-11-10 22:00:00,87.7133373593747
2025-11-10 23:00:00,86.4519656993984
2025-11-11 00:00:00,86.1809289887165
2025-11-11 01:00:00,85.6763407919484
2025-11-11 02:00:00,85.1274594130364
2025-11-11 03:00:00,86.2806927999078
2025-11-11 04:00:00,84.7853033765633
2025-11-11 05:00:00,86.0656021104236
2025-11-11 06:00:00,85.0904987910852
2025-11-11 08:00:00,85.351583539374
2025-11-11 09:00:00,86.7662442306211
2025-11-11 10:00:00,84.8708320727156
2025-11-11 11:00:00,86.069947959652
2025-11-11 12:00:00,85.5870909227834
2025-11-11 13:00:00,86.1361472121014
2025-11-11 14:00:00,87.544014870587
2025-11-11 15:00:00,85.8081628954743
2025-11-11 16:00:00,85.3053911461477
2025-11-11 17:00:00,85.1839741325137
2025-11-11 18:00:00,86.1216661110561
2025-11-11 19:00:00,85.6420757995366
2025-11-11 20:00:00,84.7588204736253
2025-11-11 21:00:00,86.078788588173
2025-11-11 22:00:00,85.5086913316064
2025-11-11 23:00:00,86.1126326464391
2025-11-12 00:00:00,85.9220675629872
2025-11-12 01:00:00,84.9882993792674
2025-11-12 02:00:00,84.7145625360951
2025-11-12 03:00:00,84.6488106331903
2025-11-12 04:00:00,84.7394334466951
2025-11-12 05:00:00,84.9110884827796
2025-11-12 06:00:00,84.3365440888256
2025-11-12 07:00:00,85.7584103570001
2025-11-12 08:00:00,108.2012326115
2025-11-12 09:00:00,85.3967003493395
2025-11-12 10:00:00,85.4330131563582
2025-11-12 11:00:00,84.817907284321
2025-11-12 12:00:00,83.4014150226941
2025-11-12 13:00:00,84.4308163385512
2025-11-12 14:00:00,84.8392474179628
2025-11-12 15:00:00,84.0193261452555
2025-11-12 16:00:00,85.8188251169645
2025-11-12 17:00:00,100.113729337864
2025-11-12 18:00:00,86.0078405634325
2025-11-12 19:00:00,85.8705492644585
2025-11-12 20:00:00,85.7288639859063
2025-11-12 21:00:00,85.0569184110453
2025-11-12 22:00:00,84.0562562208927
2025-11-12 23:00:00,84.6415309587794
2025-11-13 00:00:00,84.984719261848
2025-11-13 01:00:00,84.4961733043154
2025-11-13 02:00:00,82.765818841809
2025-11-13 03:00:00,84.6167487554236
2025-11-13 04:00:00,85.3361736474364
2025-11-13 05:00:00,83.3491064204657
2025-11-13 06:00:00,84.5519627324075
2025-11-13 07:00:00,84.2353754828999
2025-11-13 08:00:00,84.0600157791832
2025-11-13 09:00:00,85.2222863038597
2025-11-13 10:00:00,84.5707716206064
2025-11-13 23:00:00,84.9448044001539
2025-11-14 00:00:00,83.6534723937084
2025-11-14 01:00:00,83.6194069713203
2025-11-14 02:00:00,85.7083678220669
2025-11-14 03:00:00,84.7007167489462
2025-11-14 04:00:00,84.5127831563791
2025-11-14 05:00:00,83.6829714971283
2025-11-14 06:00:00,82.2282911927652
2025-11-14 07:00:00,85.4367741012197
2025-11-14 08:00:00,83.9456606364431
2025-11-14 09:00:00,82.9375282962203
2025-11-14 10:00:00,84.6888710100263
2025-11-14 11:00:00,83.5560830916158
2025-11-14 12:00:00,83.7623276653964
2025-11-14 13:00:00,84.457444903508
2025-11-14 14:00:00,84.1684288965311
2025-11-14 15:00:00,84.4265040639631
2025-11-14 16:00:00,84.4347576421436
2025-11-14 17:00:00,85.0103422215733
2025-11-14 18:00:00,84.8865346392735
2025-11-14 19:00:00,84.3151393497868
2025-11-14 20:00:00,83.5822762682796
2025-11-14 21:00:00,84.1864833864822
2025-11-14 22:00:00,83.6196870257423
2025-11-14 23:00:00,83.2475381730996
2025-11-15 00:00:00,84.7935250301433
2025-11-15 01:00:00,83.9743909459175
2025-11-15 02:00:00,84.2278786534436
2025-11-15 03:00:00,82.7960643828557
2025-11-15 05:00:00,83.5765596379885
2025-11-15 06:00:00,82.4357101238444
2025-11-15 07:00:00,84.569720641577
2025-11-15 08:00:00,84.2408225992069
2025-11-15 09:00:00,83.6601365606761
2025-11-15 10:00:00,83.6852059717843
2025-11-15 11:00:00,84.5993766057102
2025-11-15 12:00:00,84.4371565839445
2025-11-15 13:00:00,84.2820486188162
2025-11-15 14:00:00,84.5852618354487
2025-11-15 15:00:00,83.961600417154
2025-11-15 16:00:00,84.1412012040334
2025-11-15 17:00:00,84.3636360758918
2025-11-15 18:00:00,83.6056134422736
2025-11-15 19:00:00,83.0541113342267
2025-11-15 20:00:00,85.2648363048507
2025-11-15 21:00:00,83.3751506768407
2025-11-15 22:00:00,84.0670310107286
2025-11-15 23:00:00,83.1161670874839
2025-11-16 00:00:00,81.9465901756007
2025-11-16 01:00:00,82.870890817923
2025-11-16 02:00:00,82.7144818333094
2025-11-16 03:00:00,82.4626841459041
2025-11-16 04:00:00,82.2190114344788
2025-11-16 05:00:00,81.7438568838736
2025-11-16 06:00:00,82.5610585074637
2025-11-16 07:00:00,80.9110282896569
2025-11-16 08:00:00,83.1528709425795
2025-11-16 09:00:00,81.8321834047089
2025-11-16 10:00:00,83.1814659238489
2025-11-16 11:00:00,82.6680750989016
2025-11-16 12:00:00,82.1497694098442
2025-11-16 13:00:00,82.0754236032625
2025-11-16 14:00:00,82.3849583701489
2025-11-16 15:00:00,83.0401970073759
2025-11-16 16:00:00,83.6407079011394
2025-11-16 17:00:00,82.8987846323162
2025-11-16 18:00:00,82.7833518791519
2025-11-16 19:00:00,82.81664695208
2025-11-16 20:00:00,82.766715381893
2025-11-16 21:00:00,83.1733541647428
2025-11-16 22:00:00,81.9749496977751
2025-11-16 23:00:00,82.6296949244737
2025-11-17 00:00:00,
2025-11-17 01:00:00,
2025-11-17 02:00:00,
2025-11-17 03:00:00,
2025-11-17 04:00:00,
2025-11-17 05:00:00,
2025-11-17 06:00:00,
2025-11-17 07:00:00,
2025-11-17 08:00:00,
2025-11-17 09:00:00,
2025-11-17 10:00:00,
2025-11-17 11:00:00,
2025-11-17 12:00:00,
2025-11-17 13:00:00,
2025-11-17 14:00:00,
2025-11-17 15:00:00,
2025-11-17 16:00:00,
2025-11-17 17:00:00,
2025-11-17 18:00:00,
2025-11-17 19:00:00,
2025-11-17 20:00:00,
2025-11-17 21:00:00,
2025-11-17 22:00:00,
2025-11-17 23:00:00,
2025-11-18 00:00:00,101.530465003087
2025-11-18 01:00:00,101.586280840842
2025-11-18 02:00:00,101.971778702489
2025-11-18 03:00:00,101.225482239298
2025-11-18 04:00:00,101.024749222476
2025-11-18 05:00:00,101.408405588842
2025-11-18 12:00:00,101.880332036037
2025-11-18 13:00:00,101.583546019252
2025-11-18 14:00:00,101.741405876829
2025-11-18 15:00:00,101.58051785515
2025-11-18 16:00:00,101.592654011633
2025-11-18 17:00:00,101.432639525227
2025-11-18 18:00:00,101.157003333355
2025-11-18 19:00:00,100.978486326305
2025-11-18 20:00:00,101.546776720726
2025-11-18 21:00:00,101.348909928388
2025-11-18 22:00:00,101.503914356146
2025-11-18 23:00:00,101.493482759178
2025-11-19 00:00:00,100.913255287896
2025-11-19 01:00:00,101.400845431993
2025-11-19 02:00:00,100.709691004142
2025-11-19 03:00:00,100.66518232539
2025-11-19 04:00:00,101.147029393008
2025-11-19 05:00:00,100.35771804936
2025-11-19 07:00:00,100.551262337262
2025-11-19 08:00:00,100.972192887315
2025-11-19 09:00:00,101.288086199782
2025-11-19 10:00:00,101.686801152158
2025-11-19 12:00:00,101.236327543819
2025-11-20 00:00:00,100.280081168945
2025-11-20 01:00:00,100.678198345568
2025-11-20 02:00:00,100.302015599806
2025-11-20 03:00:00,100.522554299501
2025-11-20 04:00:00,100.055123025723
2025-11-20 05:00:00,100.532739785896
2025-11-20 06:00:00,99.8752298335856
2025-11-20 07:00:00,100.568782594349
2025-11-20 08:00:00,100.564276891902
2025-11-20 09:00:00,100.271329790909
2025-11-20 10:00:00,100.72150046525
2025-11-20 11:00:00,100.54401572734
2025-11-20 12:00:00,100.445840113351
2025-11-20 13:00:00,100.260364363953
2025-11-20 14:00:00,100.518835117476
2025-11-20 15:00:00,100.634893986875
2025-11-20 16:00:00,100.551063507044
2025-11-20 17:00:00,100.415680473428
2025-11-20 18:00:00,100.475683075978
2025-11-20 19:00:00,100.260553111675
2025-11-20 20:00:00,100.415709649464
2025-11-20 21:00:00,100.057677106136
2025-11-20 22:00:00,100.628154631844
2025-11-20 23:00:00,100.619615400809
2025-11-21 00:00:00,99.0482189365664
2025-11-21 01:00:00,100.472443643507
2025-11-21 02:00:00,98.8887889749121
2025-11-21 03:00:00,99.9177263857989
2025-11-21 04:00:00,101.101862021477
2025-11-21 06:00:00,100.126764078608
2025-11-21 07:00:00,100.444323172162
2025-11-21 08:00:00,99.8318328088468
2025-11-21 09:00:00,100.032168069164
2025-11-21 10:00:00,100.382556809459
2025-11-21 11:00:00,101.162979545493
2025-11-21 12:00:00,100.059708378405
2025-11-21 13:00:00,99.9771828660503
2025-11-21 14:00:00,100.008828019152
2025-11-21 15:00:00,99.8481732708793
2025-11-21 16:00:00,100.10668485241
2025-11-21 17:00:00,100.075127234721
2025-11-21 18:00:00,100.191082113077
2025-11-21 19:00:00,99.430144566396
2025-11-21 20:00:00,99.0274034688479
2025-11-21 21:00:00,98.7412034707344
2025-11-21 22:00:00,99.3446264581799
2025-11-21 23:00:00,99.4072849171945
2025-11-22 00:00:00,98.938953333152
2025-11-22 01:00:00,99.4247852612987
2025-11-22 02:00:00,99.9550204301362
2025-11-22 03:00:00,98.0612621197461
2025-11-22 04:00:00,98.9307485992455
2025-11-22 05:00:00,98.419834698838
2025-11-22 06:00:00,99.7013092908516
2025-11-22 07:00:00,100.110539486349
2025-11-22 08:00:00,100.430401352183
2025-11-22 09:00:00,98.5405580778095
2025-11-22 10:00:00,100.460635634742
2025-11-22 11:00:00,98.9933154645158
2025-11-22 12:00:00,99.8119811588593
2025-11-22 13:00:00,99.0800402725294
2025-11-22 14:00:00,99.0133062571699
2025-11-22 15:00:00,98.276420586522
2025-11-22 16:00:00,99.4882157993778
2025-11-22 17:00:00,99.3134706080948
2025-11-22 18:00:00,98.6240300052393
2025-11-22 19:00:00,99.4651661932062
2025-11-22 20:00:00,100.30162852647
2025-11-22 21:00:00,98.794901825747
2025-11-22 22:00:00,100.415846707576
2025-11-22 23:00:00,100.011244358258
2025-11-23 00:00:00,98.9369838066638
2025-11-23 01:00:00,99.175387212335
2025-11-23 02:00:00,97.7697796845772
2025-11-23 03:00:00,99.1993353467206
2025-11-23 05:00:00,97.8381171446049
2025-11-23 06:00:00,99.0806722140525
2025-11-23 07:00:00,100.136770163264
2025-11-23 08:00:00,98.7041170343166
2025-11-23 09:00:00,99.470785445314
2025-11-23 10:00:00,99.4437721740316
2025-11-23 11:00:00,98.3577166507562
2025-11-23 12:00:00,99.6280176686212
2025-11-23 13:00:00,98.3958606115396
2025-11-23 14:00:00,99.2986117149678
2025-11-23 15:00:00,97.2169186116869
2025-11-24 03:00:00,97.7100737413609
2025-11-24 04:00:00,97.6971591136964
2025-11-24 05:00:00,96.5087906342417
2025-11-24 06:00:00,96.5693855135366
2025-11-24 07:00:00,98.2046813915823
2025-11-24 08:00:00,97.8470269283406
2025-11-24 09:00:00,98.6733503541586
2025-11-24 10:00:00,97.2874663365906
2025-11-24 11:00:00,98.0372931046247
2025-11-24 12:00:00,97.9036856909819
2025-11-24 13:00:00,97.5591166360131
2025-11-24 15:00:00,97.9142439188901
2025-11-24 16:00:00,96.6973695807609
2025-11-24 17:00:00,97.3062701787967
2025-11-24 18:00:00,95.4349735427593
2025-11-24 19:00:00,97.2646846357755
2025-11-24 20:00:00,97.8768884948205
2025-11-24 21:00:00,97.5152062426285
2025-11-24 22:00:00,96.6589596597762
2025-11-24 23:00:00,98.1103237045667
2025-11-25 00:00:00,97.4477875208335
2025-11-25 01:00:00,97.6434719378444
2025-11-25 02:00:00,96.3177366673484
2025-11-25 03:00:00,96.3288947784615
2025-11-25 04:00:00,97.8759453424449
2025-11-25 05:00:00,96.3926399563706
2025-11-25 06:00:00,96.1158797264092
2025-11-25 07:00:00,97.0745424040785
2025-11-25 08:00:00,95.7605441457445
2025-11-25 09:00:00,97.2927465779793
2025-11-25 10:00:00,96.4584715650239
2025-11-25 11:00:00,97.7352788956112
2025-11-25 12:00:00,96.292806951749
2025-11-25 13:00:00,95.5098808586997
2025-11-25 14:00:00,96.5058638514498
2025-11-25 15:00:00,97.7412033529114
2025-11-25 16:00:00,96.7913356767216
2025-11-25 17:00:00,97.094826071939
2025-11-25 18:00:00,97.1211795357507
2025-11-25 19:00:00,96.5227729273206
2025-11-25 20:00:00,96.1935593289749
2025-11-25 21:00:00,96.7901217372561
2025-11-25 22:00:00,96.0690519204043
2025-11-25 23:00:00,97.4172801062639
2025-11-26 00:00:00,95.8820147778139
2025-11-26 01:00:00,96.1091557701884
2025-11-26 02:00:00,96.6366089278513
2025-11-26 03:00:00,95.9996542368524
2025-11-26 04:00:00,97.4739582354605
2025-11-26 05:00:00,96.3881821568517
2025-11-26 06:00:00,95.3874714519648
2025-11-26 07:00:00,96.6120541417187
2025-11-26 08:00:00,96.1288404312288
2025-11-26 09:00:00,95.4496844140653
2025-11-26 10:00:00,95.3245575713399
2025-11-26 11:00:00,94.2698850398287
2025-11-26 12:00:00,97.0524264161299
2025-11-26 13:00:00,95.7215290584315
2025-11-26 14:00:00,95.4219402749124
2025-11-26 15:00:00,73.0275509431942
2025-11-26 16:00:00,95.8866811173439
2025-11-26 17:00:00,93.6938314117324
2025-11-26 18:00:00,95.7097228787668
2025-11-26 19:00:00,96.1418644976594
2025-11-26 20:00:00,97.0756186715011
2025-11-26 21:00:00,95.7799655487948
2025-11-26 22:00:00,95.5401827691103
2025-11-26 23:00:00,95.1482600103454
2025-11-27 00:00:00,95.983700966728
2025-11-27 01:00:00,96.057183592821
2025-11-27 02:00:00,95.0807043072511
2025-11-27 03:00:00,94.9065380378745
2025-11-27 04:00:00,96.4853905797818
2025-11-27 05:00:00,95.5282933191882
2025-11-27 06:00:00,96.9620658981731
2025-11-27 07:00:00,95.7114405206587
2025-11-27 08:00:00,95.0224187267142
2025-11-27 09:00:00,94.8367861340585
2025-11-27 10:00:00,95.356385120381
2025-11-27 11:00:00,95.3135969775108
2025-11-27 12:00:00,95.4871642624079
2025-11-27 13:00:00,93.8031292760085
2025-11-27 14:00:00,94.4203334480003
2025-11-27 15:00:00,95.0623552481865
2025-11-27 16:00:00,96.1093138472474
2025-11-27 17:00:00,96.401009109258
2025-11-28 04:00:00,94.8817544361787
2025-11-28 05:00:00,95.0771941428434
2025-11-28 06:00:00,96.7389644356342
2025-11-28 07:00:00,94.1889939496438
2025-11-28 08:00:00,95.6472064708769
2025-11-28 09:00:00,94.7499787766522
2025-11-28 10:00:00,95.4078681787197
2025-11-28 11:00:00,93.9118742374408
2025-11-28 12:00:00,94.4092439604517
2025-11-28 13:00:00,95.6296010423285
2025-11-28 14:00:00,96.1048031797734
2025-11-28 15:00:00,94.9096285191982
2025-11-28 16:00:00,93.6021601543923
2025-11-28 17:00:00,95.3781304657648
2025-11-28 18:00:00,93.7166072801116
2025-11-28 19:00:00,95.8698099007574
2025-11-28 20:00:00,95.5110107839052
2025-11-28 21:00:00,94.3893110934515
2025-11-28 22:00:00,95.997904382835
2025-11-28 23:00:00,96.1726322424207
2025-11-29 00:00:00,94.08492461381
2025-11-29 01:00:00,93.6112605134008
2025-11-29 02:00:00,93.3747761955898
2025-11-29 03:00:00,93.3753273821585
2025-11-29 04:00:00,93.5096253397452
2025-11-29 05:00:00,92.9544375102407
2025-11-29 06:00:00,93.5624049240802
2025-11-29 07:00:00,93.4637871266102
2025-11-29 08:00:00,94.59103205044
2025-11-29 09:00:00,93.2336465604288
2025-11-29 10:00:00,95.0208184098176
2025-11-29 11:00:00,94.3270800305752
2025-11-29 12:00:00,93.3913970172315
2025-11-29 13:00:00,94.8418823788977
2025-11-29 14:00:00,94.0083210156436
2025-11-29 15:00:00,94.0332268746973
2025-11-29 16:00:00,93.523647797402
2025-11-29 17:00:00,94.3191621674196
2025-11-29 18:00:00,96.1901228053417
2025-11-29 19:00:00,92.6401495188396
2025-11-29 20:00:00,92.877651581842
2025-11-29 21:00:00,93.8508720976537
2025-11-29 22:00:00,97.7427744266949
2025-11-29 23:00:00,93.8238316668413
2025-11-30 00:00:00,91.8117110911557
2025-11-30 01:00:00,92.53484380601
2025-11-30 02:00:00,93.7053422939693
2025-11-30 03:00:00,93.6908126122439
2025-11-30 04:00:00,93.1777678813491
2025-11-30 05:00:00,93.1719479922415
2025-11-30 06:00:00,93.4869651164299
2025-11-30 07:00:00,92.2680874036157
2025-11-30 08:00:00,92.2387462898315
2025-11-30 09:00:00,92.0363093319466
2025-11-30 10:00:00,95.1753314614816
2025-11-30 11:00:00,93.2729983344636
2025-11-30 12:00:00,92.4165833109219
2025-11-30 13:00:00,92.5341946782534
2025-11-30 14:00:00,92.031027273656
2025-11-30 15:00:00,76.6603490148842
2025-11-30 16:00:00,93.0458481010428
2025-11-30 17:00:00,93.0783495900507
2025-11-30 18:00:00,92.9706305735803
2025-11-30 19:00:00,91.2410541801401
2025-11-30 20:00:00,91.0158812179082
2025-11-30 21:00:00,93.2722339915521
2025-11-30 22:00:00,93.4866596326192
2025-11-30 23:00:00,94.6676171080285
2025-12-01 00:00:00,92.3946619600352
2025-12-01 01:00:00,
2025-12-01 02:00:00,
2025-12-01 03:00:00,
2025-12-01 05:00:00,113.322441606348
2025-12-01 06:00:00,92.2474551314941
2025-12-01 07:00:00,93.0481074611951
2025-12-01 08:00:00,92.6215881773169
2025-12-01 09:00:00,92.6577062601257
2025-12-01 12:00:00,91.8518540131638
2025-12-01 13:00:00,92.2381826005406
2025-12-01 14:00:00,92.2377097471296
2025-12-01 15:00:00,91.8750657130579
2025-12-01 16:00:00,92.8828369178971
2025-12-01 17:00:00,92.4457905296367
2025-12-01 18:00:00,91.7085461446209
2025-12-01 19:00:00,91.9206526970782
2025-12-01 20:00:00,91.8760720680459
2025-12-01 21:00:00,91.9076488354377
2025-12-01 22:00:00,92.6486427310858
2025-12-01 23:00:00,92.7929292425331
2025-12-02 00:00:00,92.0541877053034
2025-12-02 01:00:00,91.9527271994075
2025-12-02 02:00:00,92.5113393493775
2025-12-02 03:00:00,91.1276022302507
2025-12-02 04:00:00,91.437278785015
2025-12-02 05:00:00,91.4048170064663
2025-12-02 06:00:00,90.9930877809549
2025-12-02 07:00:00,92.6511353200957
2025-12-02 08:00:00,91.8020498951988
2025-12-02 09:00:00,91.1174470578497
2025-12-02 10:00:00,91.820205113089
2025-12-02 11:00:00,91.2257498527501
2025-12-02 12:00:00,91.7673796771964
2025-12-02 13:00:00,91.9112938850849
2025-12-02 14:00:00,91.9667688574524
2025-12-02 15:00:00,91.4050198002744
2025-12-02 16:00:00,92.2860448686713
2025-12-02 17:00:00,118.400987088793
2025-12-02 18:00:00,91.5538708322449
2025-12-02 19:00:00,91.5276638757406
2025-12-02 20:00:00,91.5609584228914
2025-12-02 21:00:00,91.6446415172893
2025-12-02 22:00:00,91.9701839358034
2025-12-02 23:00:00,91.9263999385444
2025-12-03 00:00:00,91.1527616836656
2025-12-03 01:00:00,91.4187181407352
2025-12-03 02:00:00,91.2291635253219
2025-12-03 03:00:00,91.3040935108207
2025-12-03 04:00:00,90.9132757351822
2025-12-03 05:00:00,91.0623263414633
2025-12-03 06:00:00,91.41757008911
2025-12-03 07:00:00,91.199260495057
2025-12-03 08:00:00,90.9963153758091
2025-12-03 09:00:00,91.2822865127057
2025-12-03 10:00:00,91.4660719379151
2025-12-03 11:00:00,91.0890065909314
2025-12-03 12:00:00,91.3160727847551
2025-12-03 13:00:00,91.8225207083579
2025-12-03 14:00:00,90.8353694804529
2025-12-03 15:00:00,
2025-12-03 16:00:00,
2025-12-03 17:00:00,
2025-12-03 18:00:00,91.5894498111311
2025-12-03 19:00:00,91.2009933073435
2025-12-03 20:00:00,91.7145512975261
2025-12-03 21:00:00,91.3691240335493
2025-12-03 22:00:00,91.1856367397366
2025-12-03 23:00:00,91.4329669634175
2025-12-04 00:00:00,90.4843097547802
2025-12-04 11:00:00,90.1386874040691
2025-12-04 12:00:00,90.5398304011344
2025-12-04 13:00:00,90.1157856659785
2025-12-04 14:00:00,90.1024961553111
2025-12-04 15:00:00,90.5337974401156
2025-12-04 16:00:00,90.7170945714426
2025-12-04 17:00:00,90.3868609668179
2025-12-04 18:00:00,90.4125351513152
2025-12-04 19:00:00,90.0215567837176
2025-12-04 20:00:00,90.1051921357464
2025-12-04 21:00:00,90.0703356093427
2025-12-04 22:00:00,89.7986324325583
2025-12-04 23:00:00,90.5508170734955
2025-12-05 00:00:00,89.5589593917312
2025-12-05 01:00:00,89.1969112275249
2025-12-05 02:00:00,89.6633573253699
2025-12-05 03:00:00,89.1861128402693
2025-12-05 04:00:00,89.8486324973355
2025-12-05 05:00:00,89.8687491419002
2025-12-05 06:00:00,89.6919958685411
2025-12-05 07:00:00,90.0018488933262
2025-12-05 08:00:00,89.3698714322636
2025-12-05 09:00:00,90.0585190121658
2025-12-05 10:00:00,89.7354030996916
2025-12-05 11:00:00,89.6378556501327
2025-12-05 12:00:00,90.1641291445265
2025-12-05 13:00:00,90.0143200367717
2025-12-05 14:00:00,89.8738206849869
2025-12-05 15:00:00,89.6241353415714
2025-12-05 16:00:00,89.6577868077133
2025-12-05 17:00:00,89.2877296614292
2025-12-05 18:00:00,89.962138592992
2025-12-05 19:00:00,89.719128201045
2025-12-05 20:00:00,89.614642954333
2025-12-05 21:00:00,89.5348032652868
2025-12-05 22:00:00,89.5821904326942
2025-12-05 23:00:00,89.329110242073
2025-12-06 00:00:00,88.9598232545457
2025-12-06 01:00:00,88.7838617236885
2025-12-06 02:00:00,88.7911335060767
2025-12-06 03:00:00,88.6113581051279
2025-12-06 04:00:00,88.7188210139104
2025-12-06 05:00:00,88.7782785311649
2025-12-06 06:00:00,88.6181707177146
2025-12-06 07:00:00,88.8234574950612
2025-12-06 08:00:00,88.5357549442548
2025-12-06 09:00:00,89.1404716613212
2025-12-06 10:00:00,88.8438298330364
2025-12-06 11:00:00,89.2494863629491
2025-12-06 12:00:00,88.460382527332
2025-12-06 13:00:00,88.9207859949529
2025-12-06 14:00:00,88.9300959571058
2025-12-06 15:00:00,89.2589643746968
2025-12-06 16:00:00,88.5911906543763
2025-12-06 17:00:00,88.9991026700081
2025-12-06 18:00:00,88.7932215141992
2025-12-06 19:00:00,88.3907965967278
2025-12-06 20:00:00,88.8468775351346
2025-12-06 21:00:00,88.9250851107299
2025-12-06 22:00:00,89.232182445028
2025-12-06 23:00:00,88.9690397365443
2025-12-07 00:00:00,88.2479013938301
2025-12-07 01:00:00,88.7071463315714
2025-12-07 02:00:00,88.3957515767273
2025-12-07 03:00:00,87.9951175951547
2025-12-07 05:00:00,88.460659725949
2025-12-07 06:00:00,88.6296040717269
2025-12-07 07:00:00,87.9730717806604
2025-12-07 08:00:00,87.9119939190357
2025-12-07 09:00:00,88.5234611519745
2025-12-07 12:00:00,88.0126144368393
2025-12-07 13:00:00,88.2237032357812
2025-12-07 14:00:00,88.0863681776902
2025-12-07 15:00:00,87.7323091310171
2025-12-07 16:00:00,87.8598073004672
2025-12-07 17:00:00,88.4285358767628
2025-12-07 18:00:00,87.8120241822649
2025-12-07 19:00:00,88.1558208038666
2025-12-07 20:00:00,88.4719546651933
2025-12-07 21:00:00,88.9059415519254
2025-12-07 22:00:00,88.1921398788367
2025-12-07 23:00:00,88.293351015093
2025-12-08 00:00:00,87.6363121853555
2025-12-08 01:00:00,
2025-12-08 02:00:00,
2025-12-08 03:00:00,87.3371743356557
2025-12-08 04:00:00,87.3168190844144
2025-12-08 05:00:00,87.3330724439323
2025-12-08 06:00:00,87.2741702129878
2025-12-08 07:00:00,87.12326813117
2025-12-08 08:00:00,87.6840479500483
2025-12-08 09:00:00,87.1372498001285
2025-12-08 10:00:00,87.7317932439169
2025-12-08 11:00:00,87.4618545871841
2025-12-08 12:00:00,87.2274737233527
2025-12-08 13:00:00,87.7398959460849
2025-12-08 14:00:00,87.4258370969702
2025-12-08 15:00:00,87.4877417209348
2025-12-08 16:00:00,87.9387866428036
2025-12-08 17:00:00,88.0681036545183
2025-12-08 18:00:00,87.7024172473867
2025-12-08 19:00:00,87.5650869157188
2025-12-08 20:00:00,87.8877997542744
2025-12-08 21:00:00,87.2621102086621
2025-12-08 22:00:00,87.8024036126946
2025-12-08 23:00:00,87.2017642822498
2025-12-09 00:00:00,86.4148327842007
2025-12-09 01:00:00,86.7398743017387
2025-12-09 02:00:00,86.2994594993817
2025-12-09 03:00:00,86.3663505704302
2025-12-09 04:00:00,86.2241967873681
2025-12-09 05:00:00,86.4095969934156
2025-12-09 07:00:00,
2025-12-09 08:00:00,86.2677499970882
2025-12-09 09:00:00,86.5313627289003
2025-12-09 10:00:00,86.7872458609716
2025-12-09 11:00:00,86.0616546822677
2025-12-09 12:00:00,86.9167239992973
2025-12-09 13:00:00,86.776041959189
2025-12-09 14:00:00,86.2301185560535
2025-12-09 15:00:00,86.1476946057165
2025-12-09 16:00:00,86.3990406564811
2025-12-09 17:00:00,86.0506862604262
2025-12-09 18:00:00,86.2060330204863
2025-12-09 19:00:00,86.2859323013542
2025-12-09 20:00:00,86.1118518833014
2025-12-09 21:00:00,86.7150670091191
2025-12-09 22:00:00,86.3230742042667
2025-12-09 23:00:00,86.1308814407979
2025-12-10 00:00:00,85.3700497897653
2025-12-10 01:00:00,85.3299695385303
2025-12-10 02:00:00,84.6884352067653
2025-12-10 03:00:00,85.280400054217
2025-12-10 04:00:00,84.8984149664154
2025-12-10 05:00:00,85.715300957732
2025-12-10 06:00:00,85.1003459928261
2025-12-10 07:00:00,85.2465977895613
2025-12-10 08:00:00,84.8284854377059
2025-12-10 09:00:00,84.8758383592118
2025-12-10 10:00:00,85.3212819914879
2025-12-10 11:00:00,85.0569575334219
2025-12-10 12:00:00,60.9803946268886
2025-12-10 13:00:00,85.2424366977551
2025-12-10 14:00:00,85.148042152573
2025-12-10 15:00:00,84.9670516178868
2025-12-10 16:00:00,108.336343794983
2025-12-10 17:00:00,85.4247309461161
2025-12-10 18:00:00,85.1890205149175
2025-12-10 19:00:00,85.3755027025104
2025-12-10 20:00:00,85.3962929162772
2025-12-10 21:00:00,85.237068337091
2025-12-10 22:00:00,85.5370742780976
2025-12-10 23:00:00,85.1723464688845
2025-12-11 00:00:00,83.9116280486284
2025-12-11 01:00:00,84.1759083252371
2025-12-11 02:00:00,84.0546515427202
2025-12-11 14:00:00,84.3306015967007
2025-12-11 15:00:00,84.1590495815056
2025-12-11 16:00:00,83.8050068271063
2025-12-11 17:00:00,84.2130780800652
2025-12-11 18:00:00,84.5440761891122
2025-12-11 19:00:00,84.0733070922557
2025-12-11 20:00:00,84.2800512770932
2025-12-11 21:00:00,83.9769723228889
2025-12-11 22:00:00,83.7079639949476
2025-12-11 23:00:00,84.2662291528217
2025-12-12 00:00:00,83.6353442883681
2025-12-12 01:00:00,83.8771803189074
2025-12-12 02:00:00,83.5771602600685
2025-12-12 03:00:00,83.2682047443242
2025-12-12 04:00:00,83.9335475763576
2025-12-12 05:00:00,83.9191077424505
2025-12-12 06:00:00,83.6557824395295
2025-12-12 07:00:00,83.6718084284059
2025-12-12 08:00:00,83.7263187777297
2025-12-12 09:00:00,84.0573367680594
2025-12-12 10:00:00,83.3877243402936
2025-12-12 11:00:00,83.998011474194
2025-12-12 12:00:00,83.5466272081807
2025-12-12 13:00:00,83.5168270903536
2025-12-12 14:00:00,83.525428572607
2025-12-12 15:00:00,83.219269274873
2025-12-12 16:00:00,83.5465704799025
2025-12-12 17:00:00,83.741610688999
2025-12-12 18:00:00,83.2401479894128
2025-12-12 19:00:00,83.5828229116376
2025-12-12 20:00:00,84.0242124179144
2025-12-12 21:00:00,83.9284186359318
2025-12-12 22:00:00,83.7203723784508
2025-12-12 23:00:00,83.7363290451227
2025-12-13 00:00:00,83.0811598288068
2025-12-13 01:00:00,82.5080648445403
2025-12-13 02:00:00,83.3850016033112
2025-12-13 03:00:00,89.368124401538
2025-12-13 04:00:00,83.0153448543822
2025-12-13 05:00:00,83.386900476706
2025-12-13 06:00:00,83.2111328202939
2025-12-13 07:00:00,83.2040675027265
2025-12-13 08:00:00,83.3537125143728
2025-12-13 09:00:00,82.582746597974
2025-12-13 10:00:00,83.3184599123307
2025-12-13 11:00:00,82.771253199838
2025-12-13 12:00:00,83.5969114635104
2025-12-13 13:00:00,83.0327517399135
2025-12-13 14:00:00,82.3998338694133
2025-12-13 15:00:00,83.510055006797
2025-12-13 16:00:00,83.2497874261693
2025-12-13 17:00:00,83.0336509122738
2025-12-13 18:00:00,83.2167293333257
2025-12-13 19:00:00,83.2527914925916
2025-12-13 20:00:00,82.5924193573537
2025-12-13 21:00:00,
2025-12-13 22:00:00,83.0751737514744
2025-12-13 23:00:00,83.3469305040872
2025-12-14 00:00:00,82.2670026930235
2025-12-14 01:00:00,82.4399528097548
2025-12-14 02:00:00,82.5116061343095
2025-12-14 03:00:00,82.5719204857093
2025-12-14 04:00:00,82.8607737403825
2025-12-14 05:00:00,81.6640543540939
2025-12-14 06:00:00,81.957725425106
2025-12-14 07:00:00,82.18522344562
2025-12-14 08:00:00,82.805478379744
2025-12-14 09:00:00,82.3504160110143
2025-12-14 10:00:00,82.0672990085797
2025-12-14 11:00:00,82.6951989747109
2025-12-14 12:00:00,82.7279071579493
2025-12-14 13:00:00,82.8461734843872
2025-12-14 14:00:00,82.8759169105289
2025-12-14 15:00:00,82.1163536210123
2025-12-14 16:00:00,82.5114831986607
2025-12-14 17:00:00,83.316503991764
2025-12-14 18:00:00,82.5581245192252
2025-12-14 19:00:00,82.6967262604305
2025-12-14 20:00:00,
2025-12-14 21:00:00,
2025-12-14 22:00:00,
2025-12-14 23:00:00,82.5827831841867
2025-12-15 00:00:00,82.6114533705392
2025-12-15 01:00:00,82.6584677478161
2025-12-15 02:00:00,82.466850102198
2025-12-15 03:00:00,82.5140421319221
2025-12-15 04:00:00,82.0318959418958
2025-12-15 05:00:00,82.0667250649079
2025-12-15 15:00:00,81.9489467395803
2025-12-15 16:00:00,82.4850551033967
2025-12-15 17:00:00,82.363048995986
2025-12-15 18:00:00,82.3993370342328
2025-12-15 19:00:00,82.09525211751
2025-12-15 20:00:00,82.1496692524031
2025-12-15 21:00:00,82.4139869061399
2025-12-15 22:00:00,82.1081296107453
2025-12-15 23:00:00,82.7605081579747
2025-12-16 00:00:00,81.6882016511802
2025-12-16 01:00:00,81.7279288457979
2025-12-16 02:00:00,81.2573658582703
2025-12-16 03:00:00,81.9842935067991
2025-12-16 04:00:00,81.254138235189
2025-12-16 05:00:00,81.057877029342
2025-12-16 06:00:00,81.9377369682048
2025-12-16 07:00:00,81.902229841447
2025-12-16 08:00:00,81.978319799052
2025-12-16 09:00:00,81.7203055596467
2025-12-16 10:00:00,81.8022066898427
2025-12-16 11:00:00,81.9455441328717
2025-12-16 12:00:00,82.0023370412517
2025-12-16 13:00:00,81.6143996047886
2025-12-16 14:00:00,81.5718197274177
2025-12-16 15:00:00,81.9133249960278
2025-12-16 16:00:00,81.4264826458756
2025-12-16 17:00:00,80.9323515535364
2025-12-16 18:00:00,81.886738809017
2025-12-16 19:00:00,80.7781549751196
2025-12-16 20:00:00,81.4492260885896
2025-12-16 21:00:00,82.0858322836501
2025-12-16 22:00:00,82.1424196258331
2025-12-16 23:00:00,99.9738943291531
2025-12-17 00:00:00,81.6141288180944
2025-12-17 01:00:00,81.0090829124059
2025-12-17 02:00:00,81.0851716801476
2025-12-17 03:00:00,81.302354671027
2025-12-17 04:00:00,80.8842768285055
2025-12-17 05:00:00,81.2043549554583
2025-12-17 06:00:00,81.6732499870534
2025-12-17 07:00:00,80.5586554463415
2025-12-17 08:00:00,81.385213020498
2025-12-17 09:00:00,81.1048325502624
2025-12-17 10:00:00,81.0813429317246
2025-12-17 11:00:00,80.6904774933091
2025-12-17 12:00:00,80.9057600014121
2025-12-17 13:00:00,81.0550284212109
2025-12-17 14:00:00,81.5171150633864
2025-12-17 15:00:00,80.5973166035691
2025-12-17 16:00:00,81.3780009964791
2025-12-17 17:00:00,80.7009102917984
2025-12-17 18:00:00,81.8183511919041
2025-12-17 19:00:00,81.2310703480662
2025-12-17 20:00:00,81.0406672016784
2025-12-17 21:00:00,81.2786812535356
2025-12-17 22:00:00,81.047402435362
2025-12-17 23:00:00,81.1274889283127
2025-12-18 00:00:00,67.1079676789892
2025-12-18 01:00:00,80.2585992594984
2025-12-18 02:00:00,79.8912618057376
2025-12-18 03:00:00,80.3453297592234
2025-12-18 04:00:00,80.5760919496441
2025-12-18 05:00:00,80.5162990434821
2025-12-18 06:00:00,80.0929418839973
2025-12-18 07:00:00,80.4886798478786
2025-12-18 08:00:00,80.6089773527483
2025-12-18 09:00:00,80.3379396982906
2025-12-18 10:00:00,80.3769697096078
2025-12-18 11:00:00,80.5536129097177
2025-12-18 12:00:00,80.6490575363669
2025-12-18 13:00:00,80.2700492338815
2025-12-18 14:00:00,79.7441242623078
2025-12-18 15:00:00,80.4022826233431
2025-12-18 16:00:00,80.0786163912911
2025-12-18 17:00:00,80.274397138518
2025-12-18 18:00:00,80.4396832424556
2025-12-18 19:00:00,79.9986122694595
2025-12-18 20:00:00,79.9152039796716
2025-12-18 21:00:00,80.3655299815174
2025-12-18 22:00:00,80.3897462623745
2025-12-18 23:00:00,79.9025642740456
2025-12-19 00:00:00,79.5841930296053
2025-12-19 01:00:00,79.6104790006121
2025-12-19 02:00:00,79.7809300240373
2025-12-19 03:00:00,79.3363771588393
2025-12-19 04:00:00,79.4644012396787
2025-12-19 06:00:00,79.4769733959701
2025-12-19 07:00:00,72.2809509506486
2025-12-19 08:00:00,79.0966005206549
2025-12-19 09:00:00,79.0549242321675
2025-12-19 10:00:00,79.5660662491749
2025-12-19 11:00:00,79.6952338592712
2025-12-19 12:00:00,79.5259375956105
2025-12-19 13:00:00,79.4225178590832
2025-12-19 14:00:00,79.7257993059911
2025-12-19 15:00:00,79.4766153279644
2025-12-19 16:00:00,79.1297961104831
2025-12-19 17:00:00,79.3186208863538
2025-12-19 18:00:00,79.1434718679467
2025-12-19 19:00:00,79.3489239274789
2025-12-19 20:00:00,79.2222450064259
2025-12-19 21:00:00,79.139007457913
2025-12-19 22:00:00,79.9076371000231
2025-12-19 23:00:00,79.8443090204889
2025-12-20 00:00:00,79.3794300341079
2025-12-20 01:00:00,78.8246537303638
2025-12-20 02:00:00,79.1709035613717
2025-12-20 03:00:00,78.2151613855729
2025-12-20 04:00:00,78.8430940036537
2025-12-20 05:00:00,78.1056686569393
2025-12-20 06:00:00,78.5147055668129
2025-12-20 07:00:00,78.62955975962
2025-12-20 08:00:00,79.3097861410343
2025-12-20 09:00:00,78.0608148848748
2025-12-22 10:00:00,78.0319734314395
2025-12-22 11:00:00,78.3338656120822
2025-12-22 12:00:00,78.4716840267466
2025-12-22 13:00:00,78.8131077606257
2025-12-22 14:00:00,78.3990555588362
2025-12-22 15:00:00,78.1494991183847
2025-12-22 16:00:00,78.1211682147769
2025-12-22 17:00:00,78.367947537056
2025-12-22 18:00:00,78.1503883422467
2025-12-22 19:00:00,77.9450921491842
2025-12-22 20:00:00,78.1566351767463
2025-12-22 21:00:00,77.8968222435775
2025-12-22 22:00:00,78.7736257987844
2025-12-22 23:00:00,77.8997647657224
2025-12-23 00:00:00,77.4920253662599
2025-12-23 01:00:00,77.3650245531353
2025-12-23 02:00:00,77.5600950123631
2025-12-23 03:00:00,76.9965707931701
2025-12-23 04:00:00,77.2674297871977
2025-12-23 05:00:00,77.521200384998
2025-12-23 06:00:00,76.7194212925568
2025-12-23 07:00:00,77.5602454534236
2025-12-23 08:00:00,77.4259513150443
2025-12-23 09:00:00,77.1271811562664
2025-12-23 10:00:00,77.7566147751292
2025-12-23 11:00:00,77.4689146221759
2025-12-23 12:00:00,77.479296317173
2025-12-23 13:00:00,77.7999940911511
2025-12-23 14:00:00,76.7179240169008
2025-12-23 15:00:00,77.682123667491
2025-12-23 16:00:00,77.3229369952702
2025-12-23 17:00:00,77.1795128749771
2025-12-23 18:00:00,77.4983316458945
2025-12-23 19:00:00,77.659704503084
2025-12-23 20:00:00,77.5975111551463
2025-12-23 21:00:00,77.2247682203434
2025-12-23 22:00:00,76.8381282276756
2025-12-23 23:00:00,77.1712643215343
2025-12-24 00:00:00,76.9284361696026
2025-12-24 01:00:00,61.8562735039318
2025-12-24 02:00:00,75.6220703612898
2025-12-24 03:00:00,76.4983623572117
2025-12-24 04:00:00,76.5882112050799
2025-12-24 05:00:00,76.1812692277835
2025-12-24 10:00:00,76.4529458739086
2025-12-24 11:00:00,76.2942640920093
2025-12-24 12:00:00,76.3177924248191
2025-12-24 13:00:00,76.7282837370238
2025-12-24 14:00:00,77.0432789196799
2025-12-24 15:00:00,76.7362327774052
2025-12-24 16:00:00,76.6877328253927
2025-12-24 17:00:00,76.5423676037149
2025-12-24 18:00:00,76.0813194406164
2025-12-24 19:00:00,76.7284848085809
2025-12-24 20:00:00,76.4526577949246
2025-12-24 21:00:00,76.3607421877399
2025-12-24 22:00:00,76.5121710850932
2025-12-24 23:00:00,76.484475809724
2025-12-25 00:00:00,75.4348902002453
2025-12-25 01:00:00,75.2616699041781
2025-12-25 02:00:00,75.5683156094289
2025-12-25 03:00:00,74.9925309940842
2025-12-25 05:00:00,74.6371828904825
2025-12-25 06:00:00,74.7263567790281
2025-12-25 07:00:00,75.2543103153435
2025-12-25 08:00:00,75.1518909908434
2025-12-25 09:00:00,75.1166868336609
2025-12-25 10:00:00,74.7244483835573
2025-12-25 11:00:00,74.9823333149237
2025-12-25 12:00:00,75.1072420204059
2025-12-25 13:00:00,75.3133677758365
2025-12-25 14:00:00,74.9504231317704
2025-12-25 15:00:00,75.0920987895086
2025-12-25 16:00:00,74.3781307295264
2025-12-25 17:00:00,75.5161350444232
2025-12-25 18:00:00,75.1859255006734
2025-12-25 19:00:00,74.9729800514125
2025-12-25 20:00:00,75.1560839754965
2025-12-25 21:00:00,75.037918536863
2025-12-25 22:00:00,75.0194274286501
2025-12-25 23:00:00,75.4166817612637
2025-12-26 00:00:00,74.7216391132877
2025-12-26 01:00:00,74.6168839718173
2025-12-26 02:00:00,74.4717210085046
2025-12-26 03:00:00,62.1275801027096
2025-12-26 04:00:00,74.6189709121484
2025-12-26 05:00:00,74.8102155806505
2025-12-26 06:00:00,74.3590989107029
2025-12-26 07:00:00,75.0337596362035
2025-12-26 08:00:00,74.6808108036518
2025-12-26 09:00:00,74.8767056876794
2025-12-26 10:00:00,75.252907315329
2025-12-26 11:00:00,75.117419597078
2025-12-26 12:00:00,74.8645575552024
2025-12-26 13:00:00,75.1674725075605
2025-12-26 14:00:00,74.5083486324064
2025-12-26 15:00:00,75.1256178610988
2025-12-26 16:00:00,74.9462842564305
2025-12-26 17:00:00,74.6748310671931
2025-12-26 18:00:00,74.3970323076821
2025-12-26 19:00:00,74.749864659116
2025-12-26 20:00:00,75.1780803735841
2025-12-26 21:00:00,74.9821661595456
2025-12-26 22:00:00,74.743211477476
2025-12-26 23:00:00,74.3602307511629
2025-12-27 00:00:00,73.3510715913312
2025-12-27 01:00:00,74.3391365656379
2025-12-27 02:00:00,73.6238327567847
2025-12-27 03:00:00,73.7584221824579
2025-12-27 04:00:00,73.5693054263958
2025-12-27 05:00:00,73.69294868543
2025-12-27 06:00:00,73.5794468042
2025-12-27 07:00:00,74.007986498534
2025-12-27 08:00:00,73.5632667502934
2025-12-27 09:00:00,62.9488402847735
2025-12-27 10:00:00,73.9387058107497
2025-12-27 11:00:00,74.1932491653351
2025-12-27 12:00:00,74.1551072727355
2025-12-27 13:00:00,73.3600754288574
2025-12-27 14:00:00,73.9136529136558
2025-12-27 15:00:00,73.757336634831
2025-12-27 16:00:00,73.6722160160662
2025-12-27 17:00:00,73.7517536314988
2025-12-27 18:00:00,73.5218824950186
2025-12-27 19:00:00,73.8745755587785
2025-12-27 20:00:00,74.1473395060109
2025-12-27 21:00:00,
2025-12-27 22:00:00,
2025-12-27 23:00:00,
2025-12-28 00:00:00,
2025-12-28 01:00:00,
2025-12-28 02:00:00,73.2630210367733
2025-12-28 11:00:00,72.9892214518277
2025-12-28 12:00:00,73.3590126355167
2025-12-28 13:00:00,73.3053713441759
2025-12-28 14:00:00,72.9315095521958
2025-12-28 15:00:00,73.3940973606883
2025-12-28 16:00:00,72.2907868260774
2025-12-28 17:00:00,73.0355154894966
2025-12-28 18:00:00,73.4829716536061
2025-12-28 19:00:00,73.2864815517226
2025-12-28 20:00:00,72.9620938192386
2025-12-28 21:00:00,73.1555491881049
2025-12-28 22:00:00,72.5338358490666
2025-12-28 23:00:00,72.6952762080344
2025-12-29 00:00:00,72.7191040719205
2025-12-29 01:00:00,72.7544346356683
2025-12-29 02:00:00,72.2915704711021
2025-12-29 03:00:00,72.652031611002
2025-12-29 04:00:00,72.3734993202996
2025-12-29 05:00:00,72.6381384372376
2025-12-29 07:00:00,72.4798103520998
2025-12-29 08:00:00,72.7789329068121
2025-12-29 09:00:00,72.1730164675905
2025-12-29 10:00:00,72.6134428849293
2025-12-29 11:00:00,72.7959390254572
2025-12-29 12:00:00,72.9124701243601
2025-12-29 13:00:00,72.6661300248207
2025-12-29 14:00:00,73.0312009552773
2025-12-29 15:00:00,72.9890488267388
2025-12-29 16:00:00,72.6067950523597
2025-12-29 17:00:00,72.4451882173696
2025-12-29 18:00:00,73.1005357552134
2025-12-29 19:00:00,72.7978165871222
2025-12-29 20:00:00,72.5742449637414
2025-12-29 21:00:00,72.9477304050011
2025-12-29 22:00:00,72.6585438278917
2025-12-29 23:00:00,72.9199133390817
2025-12-30 00:00:00,71.6400254381546
2025-12-30 01:00:00,71.7590330503658
2025-12-30 02:00:00,71.9081293395496
2025-12-30 03:00:00,71.7893231750007
2025-12-30 04:00:00,71.5056834833301
2025-12-30 05:00:00,71.4487446864516
2025-12-30 06:00:00,71.5369652206358
2025-12-30 07:00:00,71.6817268795002
2025-12-30 08:00:00,71.8588113483419
2025-12-30 09:00:00,71.9173892351121
2025-12-30 10:00:00,72.010335541096
2025-12-30 11:00:00,71.6424092146796
2025-12-30 12:00:00,71.8919775998762
2025-12-30 13:00:00,71.8754433797302
2025-12-30 14:00:00,72.0403099658277
2025-12-31 02:00:00,70.729878027057
2025-12-31 03:00:00,70.2651331329286
2025-12-31 04:00:00,70.8316084459443
2025-12-31 06:00:00,70.5138090901385
2025-12-31 07:00:00,70.8898458168312
2025-12-31 08:00:00,70.8208260215198
2025-12-31 09:00:00,71.1272416296354
2025-12-31 10:00:00,70.7709184052877
2025-12-31 11:00:00,70.3597224881219
2025-12-31 12:00:00,70.5730295541998
2025-12-31 13:00:00,70.884009817392
2025-12-31 14:00:00,71.0145248957371
2025-12-31 15:00:00,71.2581711439854
2025-12-31 16:00:00,71.4097356459079
2025-12-31 17:00:00,70.8048400288358
2025-12-31 18:00:00,70.5713453451102
2025-12-31 19:00:00,70.3909148973491
2025-12-31 20:00:00,70.7466135499445
2025-12-31 21:00:00,70.7040358050573
2025-12-31 22:00:00,70.8119764215116
2025-12-31 23:00:00,70.9928378714811
2026-01-01 00:00:00,70.1265045377017
2026-01-01 01:00:00,70.2683602725497
2026-01-01 02:00:00,69.8749496310623
2026-01-01 03:00:00,71.2302425691732
2026-01-01 04:00:00,69.9571017722751
2026-01-01 05:00:00,70.8594970628835
2026-01-01 06:00:00,70.9210103156282
2026-01-01 07:00:00,69.1731620287441
2026-01-01 08:00:00,70.5783723713391
2026-01-01 09:00:00,70.7406550845996
2026-01-01 10:00:00,71.2872280155988
2026-01-01 11:00:00,69.9886909936024
2026-01-01 12:00:00,69.5548347512188
2026-01-01 13:00:00,70.4732379716856
2026-01-01 14:00:00,70.8168795936436
2026-01-01 15:00:00,70.6374317985124
2026-01-01 16:00:00,70.0353819790683
2026-01-01 17:00:00,70.6524635848318
2026-01-01 18:00:00,71.4852984240757
2026-01-01 19:00:00,71.0033383714626
2026-01-01 20:00:00,70.2914286588546
2026-01-01 21:00:00,69.7251383408825
2026-01-01 22:00:00,70.191850520633
2026-01-01 23:00:00,70.6394862823259
2026-01-02 00:00:00,69.5503935121198
2026-01-02 01:00:00,70.8309998093958
2026-01-02 02:00:00,69.4385985242984
2026-01-02 03:00:00,69.4720641665055
2026-01-02 05:00:00,69.9113112588538
2026-01-02 06:00:00,70.0027839226754
2026-01-02 07:00:00,70.1635129883031
2026-01-02 08:00:00,69.958810134359
2026-01-02 09:00:00,69.1661446098099
2026-01-02 10:00:00,69.8199752088993
2026-01-02 11:00:00,80.983742686067
2026-01-02 12:00:00,69.8721307099084
2026-01-02 13:00:00,70.6324696415815
2026-01-02 14:00:00,69.5293381889814
2026-01-02 15:00:00,69.7435649963806
2026-01-02 16:00:00,70.1560917542187
2026-01-02 17:00:00,69.581241531481
2026-01-02 18:00:00,69.9713201175718
2026-01-02 19:00:00,68.9186145303864
2026-01-02 20:00:00,69.3037016869785
2026-01-02 21:00:00,69.2175358453122
2026-01-02 22:00:00,69.500851573343
2026-01-02 23:00:00,69.6558434198741
2026-01-03 00:00:00,68.9891232838871
2026-01-03 01:00:00,69.7865013060276
2026-01-03 02:00:00,70.496304775933
2026-01-03 03:00:00,70.0321801786473
2026-01-03 04:00:00,70.5572084386184
2026-01-03 05:00:00,69.91136458424
2026-01-03 06:00:00,69.3094461219662
2026-01-03 07:00:00,70.2993718590292
2026-01-03 08:00:00,69.6659447187668
2026-01-03 09:00:00,69.5077244228118
2026-01-03 10:00:00,70.0695661543403
2026-01-03 11:00:00,70.298516324761
2026-01-03 12:00:00,69.915189669342
2026-01-03 13:00:00,69.582395002385
2026-01-03 14:00:00,70.5213267499546
2026-01-03 15:00:00,70.4138077353383
2026-01-03 16:00:00,69.1851736927627
2026-01-03 17:00:00,69.2779527534964
2026-01-03 18:00:00,70.1409657133305
2026-01-03 19:00:00,69.293488426771
2026-01-03 20:00:00,70.0085209298008
2026-01-03 21:00:00,69.9417417050374
2026-01-03 22:00:00,70.3079251236643
2026-01-03 23:00:00,69.7293060212896
2026-01-04 00:00:00,69.7168970206265
2026-01-04 01:00:00,68.7763891732903
2026-01-04 02:00:00,69.7117516877251
2026-01-04 03:00:00,69.7077841655238
2026-01-04 04:00:00,69.3736587956149
2026-01-04 05:00:00,69.7260832531603
2026-01-04 18:00:00,69.613609632136
2026-01-04 20:00:00,69.8491955100725
2026-01-04 21:00:00,69.4642859925793
2026-01-04 22:00:00,71.1571115265991
2026-01-04 23:00:00,70.166450058058
2026-01-05 00:00:00,69.0719046741698
2026-01-05 01:00:00,69.1391742499464
2026-01-05 02:00:00,69.0925735884333
2026-01-05 03:00:00,69.8558534659956
2026-01-05 04:00:00,68.8380714735819
2026-01-05 05:00:00,69.3583225427871
2026-01-05 06:00:00,69.8816845831049
2026-01-05 07:00:00,69.9851721059687
2026-01-05 08:00:00,70.3000958026128
2026-01-05 09:00:00,69.3624211586107
2026-01-05 10:00:00,69.9842468218844
2026-01-05 11:00:00,69.4791424622106
2026-01-05 12:00:00,69.8907615292259
2026-01-05 13:00:00,69.0669216386491
2026-01-05 14:00:00,69.7754300467839
2026-01-05 15:00:00,69.4328995914969
2026-01-05 16:00:00,69.1731789686384
2026-01-05 17:00:00,69.148726877698
2026-01-05 18:00:00,70.3270426868197
2026-01-05 19:00:00,69.7826929359057
2026-01-05 20:00:00,68.6085088830551
2026-01-05 21:00:00,70.0419539668364
2026-01-05 22:00:00,69.2296034849494
2026-01-05 23:00:00,69.2625186781649
2026-01-06 00:00:00,67.9376736383223
2026-01-06 01:00:00,68.9392876074261
2026-01-06 02:00:00,68.3822276418299
2026-01-06 03:00:00,68.7522344394744
2026-01-06 04:00:00,68.3155109813975
2026-01-06 05:00:00,68.3873100153206
2026-01-06 06:00:00,69.2156197906268
2026-01-06 07:00:00,69.1474179495356
2026-01-06 08:00:00,67.5863082420959
2026-01-06 09:00:00,68.3849454547171
2026-01-06 10:00:00,68.2303977002199
2026-01-06 11:00:00,69.0466748969189
2026-01-06 12:00:00,68.5425616221248
2026-01-06 13:00:00,67.6157499044725
2026-01-06 14:00:00,68.7621843566855
2026-01-06 15:00:00,68.2298359070622
2026-01-06 16:00:00,68.7022567752441
2026-01-06 17:00:00,69.1097092399949
2026-01-06 18:00:00,68.785708891402
2026-01-06 19:00:00,68.9587658578415
2026-01-06 20:00:00,68.427541796019
2026-01-06 21:00:00,68.0315387913199
2026-01-06 22:00:00,68.4496057437982
2026-01-06 23:00:00,68.151808454382
2026-01-07 00:00:00,67.9933198533067
2026-01-07 01:00:00,67.1133050919071
2026-01-07 02:00:00,67.7238370856919
2026-01-07 03:00:00,67.3451945456617
2026-01-07 04:00:00,67.7157304061149
2026-01-07 05:00:00,67.7471694748007
2026-01-07 06:00:00,66.8468888646194
2026-01-07 07:00:00,67.4015398096225
2026-01-07 08:00:00,66.5597417278647
2026-01-07 09:00:00,68.1825054778664
2026-01-07 10:00:00,67.4000189096932
2026-01-07 11:00:00,67.2036214083326
2026-01-07 12:00:00,68.055847055894
2026-01-07 13:00:00,66.4633085224467
2026-01-07 14:00:00,67.629240906844
2026-01-07 15:00:00,67.7023971234189
2026-01-07 16:00:00,67.577091239677
2026-01-07 17:00:00,66.9268118682571
2026-01-07 18:00:00,67.0595157365777
2026-01-07 19:00:00,67.7655519722218
2026-01-07 20:00:00,68.4495780480437
2026-01-07 21:00:00,67.6446672167981
2026-01-07 22:00:00,67.5050232223509
2026-01-07 23:00:00,67.170212929896
2026-01-08 00:00:00,66.0875546050665
2026-01-08 01:00:00,65.6356974512498
2026-01-08 02:00:00,66.663939627233
2026-01-08 03:00:00,66.0735588587723
2026-01-08 04:00:00,66.9330134599262
2026-01-08 05:00:00,66.7017814651985
2026-01-08 06:00:00,65.4138185825181
2026-01-08 08:00:00,65.7137722182247
2026-01-08 10:00:00,66.783510702176
2026-01-08 21:00:00,67.6494177639857
2026-01-08 22:00:00,65.9706701032165
2026-01-08 23:00:00,65.8222145002717
2026-01-09 00:00:00,66.2608192313639
2026-01-09 01:00:00,66.3412065783903
2026-01-09 02:00:00,65.7245390087181
2026-01-09 03:00:00,66.2085993259175
2026-01-09 04:00:00,66.780145951178
2026-01-09 05:00:00,67.0266947247031
2026-01-09 06:00:00,65.1443755127906
2026-01-09 07:00:00,64.9483906234738
2026-01-09 08:00:00,66.7045230618808
2026-01-09 09:00:00,65.4277192179798
2026-01-09 10:00:00,65.2676485860655
2026-01-09 11:00:00,65.4058598927698
2026-01-09 12:00:00,65.528829711199
2026-01-09 13:00:00,65.7621151223483
2026-01-09 14:00:00,65.9074349616121
2026-01-09 15:00:00,65.278718261395
2026-01-09 16:00:00,65.3966412796356
2026-01-09 17:00:00,64.7374187020234
2026-01-09 18:00:00,64.9870012189582
2026-01-09 19:00:00,65.3149361384225
2026-01-09 20:00:00,65.4349887493393
2026-01-09 21:00:00,65.2913133321037
2026-01-09 22:00:00,64.6968042064643
2026-01-09 23:00:00,65.6627288705655
2026-01-10 00:00:00,65.0463906715817
2026-01-10 01:00:00,65.0740173061529
2026-01-10 02:00:00,65.1314049881518
2026-01-10 03:00:00,66.1601361238243
2026-01-10 05:00:00,65.0832820441864
2026-01-10 06:00:00,64.5804947784104
2026-01-10 07:00:00,64.6402181315757
2026-01-10 08:00:00,65.7149348039513
2026-01-10 09:00:00,64.2512479331664
2026-01-10 10:00:00,64.6908591248179
2026-01-10 11:00:00,65.3398577495017
2026-01-10 12:00:00,66.0447953648459
2026-01-10 13:00:00,64.6166174744505
2026-01-10 23:00:00,65.0778900382372
2026-01-11 00:00:00,65.0875722360391
2026-01-11 01:00:00,64.449728135624
2026-01-11 02:00:00,64.6166878241518
2026-01-11 03:00:00,64.8899529980686
2026-01-11 04:00:00,65.3446537502382
2026-01-11 05:00:00,64.7681090514275
2026-01-11 06:00:00,65.1799028258076
2026-01-11 07:00:00,64.319632336659
2026-01-11 08:00:00,64.8100732151754
2026-01-11 09:00:00,64.450968134626
2026-01-11 10:00:00,65.0374584114496
2026-01-11 11:00:00,64.2950959294434
2026-01-11 12:00:00,64.2568892170016
2026-01-11 13:00:00,65.7410194550266
2026-01-11 14:00:00,65.0489060546394
2026-01-11 15:00:00,64.7865936355903
2026-01-11 16:00:00,64.8834542110532
2026-01-11 17:00:00,64.5862538623891
2026-01-11 18:00:00,65.365766047495
2026-01-11 19:00:00,64.8031066755281
2026-01-11 20:00:00,64.7718698221859
2026-01-11 21:00:00,64.3225977248047
2026-01-11 22:00:00,65.1518906755224
2026-01-11 23:00:00,64.9779267121642
2026-01-12 00:00:00,63.0842301958378
2026-01-12 01:00:00,63.4586773469414
2026-01-12 02:00:00,63.7096359876032
2026-01-12 03:00:00,63.6297198146326
2026-01-12 04:00:00,63.8497690536915
2026-01-12 05:00:00,63.9480170052404
2026-01-12 06:00:00,64.947183948833
2026-01-12 07:00:00,62.821524672538
2026-01-12 08:00:00,62.9546854719152
2026-01-12 09:00:00,64.1747866262106
2026-01-12 10:00:00,62.5250115228435
2026-01-12 11:00:00,62.4625896751155
2026-01-12 12:00:00,62.4301982459518
2026-01-12 13:00:00,63.4622499193132
2026-01-12 14:00:00,63.8572523506835
2026-01-12 15:00:00,63.7511132972904
2026-01-12 16:00:00,63.3021330530106
2026-01-12 17:00:00,64.3159788218763
2026-01-12 18:00:00,63.3323199144805
2026-01-12 19:00:00,64.2767353959658
2026-01-12 20:00:00,63.779314165461
2026-01-12 21:00:00,63.2824241988388
2026-01-12 22:00:00,63.5960713439798
2026-01-12 23:00:00,63.5356682055413
2026-01-13 00:00:00,62.8889694705865
2026-01-13 01:00:00,63.4629647216265
2026-01-13 02:00:00,63.5485138031392
2026-01-13 03:00:00,63.6394169561149
2026-01-13 04:00:00,63.3376597679644
2026-01-13 05:00:00,63.2798495638742
2026-01-13 06:00:00,63.897126635375
2026-01-13 07:00:00,63.2150002298437
2026-01-13 08:00:00,62.8910519061242
2026-01-13 09:00:00,62.4415534164147
2026-01-13 10:00:00,63.9206121398763
2026-01-13 11:00:00,62.3234474915437
2026-01-13 12:00:00,63.8742478477673
2026-01-13 13:00:00,62.6338177137816
2026-01-13 14:00:00,63.9683529587346
2026-01-13 15:00:00,63.3530197611293
2026-01-13 16:00:00,63.5296521511344
2026-01-13 17:00:00,63.869298871941
2026-01-13 18:00:00,63.1716624773347
2026-01-13 19:00:00,63.9119329013233
2026-01-13 20:00:00,63.363431960335
2026-01-13 21:00:00,62.7342533838519
2026-01-13 22:00:00,63.5517015770538
2026-01-13 23:00:00,62.810096768144
2026-01-14 00:00:00,63.8223824106407
2026-01-14 01:00:00,62.7888200041132
2026-01-14 02:00:00,63.3593283393049
2026-01-14 03:00:00,63.2644486732272
2026-01-14 04:00:00,64.1285887880776
2026-01-14 05:00:00,63.8631578135406
2026-01-14 06:00:00,63.1037141041
2026-01-14 07:00:00,64.2571371167357
2026-01-14 08:00:00,63.4081514401619
2026-01-14 09:00:00,62.90850621584
2026-01-14 10:00:00,63.0511192345128
2026-01-14 11:00:00,62.5981357210029
2026-01-14 12:00:00,63.2159991867864
2026-01-14 13:00:00,62.9452473437757
2026-01-14 14:00:00,63.5502773638854
2026-01-15 02:00:00,63.2543597134028
2026-01-15 03:00:00,63.0225294380775
2026-01-15 04:00:00,62.7656045048003
2026-01-15 05:00:00,63.2380560618002
2026-01-15 06:00:00,62.7632391063687
2026-01-15 07:00:00,63.1818385771436
2026-01-15 08:00:00,62.7421524684446
2026-01-15 09:00:00,63.8527077193582
2026-01-15 10:00:00,63.5018533653985
2026-01-15 11:00:00,63.4169141271772
2026-01-15 12:00:00,63.4909783146785
2026-01-15 13:00:00,63.2058471411535
2026-01-15 14:00:00,62.3062215484608
2026-01-15 15:00:00,62.9501477922666
2026-01-15 16:00:00,62.645848944925
2026-01-15 17:00:00,63.3667742571448
2026-01-15 18:00:00,63.0290115978959
2026-01-15 19:00:00,63.6495725312642
2026-01-15 20:00:00,62.3750005661104
2026-01-15 21:00:00,62.0429160921348
2026-01-15 22:00:00,62.7075975342012
2026-01-15 23:00:00,63.4324363909685
2026-01-16 00:00:00,62.7305456186394
2026-01-16 01:00:00,62.4729401291016
2026-01-16 02:00:00,62.8307887266108
2026-01-16 03:00:00,62.6497298152193
2026-01-16 04:00:00,62.8260644734853
2026-01-16 05:00:00,62.1107090024013
2026-01-16 06:00:00,62.7741411263316
2026-01-16 08:00:00,62.4903589693246
2026-01-16 09:00:00,61.7978376091212
2026-01-16 10:00:00,62.8070952771462
2026-01-16 11:00:00,61.9365815578321
2026-01-16 12:00:00,61.9150885135792
2026-01-16 13:00:00,61.9304637386656
2026-01-16 14:00:00,62.1327419352628
2026-01-16 15:00:00,62.4848988974702
2026-01-16 16:00:00,62.4355283867041
2026-01-16 17:00:00,62.1966884628165
2026-01-16 18:00:00,61.8609748772094
2026-01-16 19:00:00,63.3730279157162
2026-01-16 20:00:00,62.6100123018469
2026-01-16 21:00:00,62.3402489920204
2026-01-16 22:00:00,61.4307226776154
2026-01-16 23:00:00,62.8705135217363
2026-01-17 00:00:00,61.479756049523
2026-01-17 01:00:00,61.6773815189117
2026-01-17 02:00:00,60.8654559396687
2026-01-17 03:00:00,62.2230082256234
2026-01-17 04:00:00,61.1148099718845
2026-01-17 05:00:00,61.661695517518
2026-01-17 06:00:00,61.7307963823274
2026-01-17 07:00:00,60.6916197795336
2026-01-17 08:00:00,62.3663777438889
2026-01-17 09:00:00,61.5709117995662
2026-01-17 10:00:00,60.4305568326631
2026-01-17 11:00:00,61.3878969971143
2026-01-17 12:00:00,61.4212287065196
2026-01-17 13:00:00,61.4893253354966
2026-01-17 14:00:00,61.5691377612673
2026-01-17 15:00:00,62.5699137908171
2026-01-17 16:00:00,61.6962740630185
2026-01-17 17:00:00,61.4752161312403
2026-01-17 18:00:00,62.1611438140529
2026-01-17 19:00:00,61.6244142745723
2026-01-17 20:00:00,61.5222249200234
2026-01-17 21:00:00,61.1666654581982
2026-01-17 22:00:00,61.9097191831487
2026-01-17 23:00:00,60.7577571900683
2026-01-18 00:00:00,61.7279005013043
2026-01-18 01:00:00,60.6429176375719
2026-01-18 02:00:00,60.7490795831792
2026-01-18 03:00:00,60.6972649759601
2026-01-18 04:00:00,60.2060268479345
2026-01-18 05:00:00,61.443744272633
2026-01-18 06:00:00,61.4309305593305
2026-01-18 07:00:00,61.660738689621
2026-01-18 08:00:00,61.5091208944021
2026-01-18 09:00:00,61.5781626576019
2026-01-18 10:00:00,61.4441820038129
2026-01-18 11:00:00,61.0748772728517
2026-01-18 12:00:00,60.9092449114446
2026-01-18 13:00:00,61.1738517372665
2026-01-18 14:00:00,60.2647085267535
2026-01-18 15:00:00,60.9943896349875
2026-01-18 16:00:00,61.7579911980715
2026-01-18 17:00:00,61.0596095851626
2026-01-18 18:00:00,60.6720727085326
2026-01-18 19:00:00,59.9295808626213
2026-01-18 20:00:00,61.2603073984754
2026-01-18 21:00:00,61.0500074763191
2026-01-18 22:00:00,60.7374234144998
2026-01-18 23:00:00,61.268482652817
2026-01-19 00:00:00,60.6329567868425
2026-01-19 01:00:00,61.0787406263312
2026-01-19 02:00:00,61.0953244154773
2026-01-19 03:00:00,61.3137091107624
2026-01-19 04:00:00,60.7701503531112
2026-01-19 05:00:00,60.2470727940415
2026-01-19 06:00:00,60.4275540704987
2026-01-19 07:00:00,59.9129162803039
2026-01-19 08:00:00,60.4696147655148
2026-01-19 09:00:00,61.3490698627015
2026-01-19 10:00:00,61.0310007512248
2026-01-19 11:00:00,60.1194084166377
2026-01-19 12:00:00,60.2704834044805
2026-01-19 13:00:00,
2026-01-19 14:00:00,
2026-01-19 15:00:00,
2026-01-19 16:00:00,
2026-01-19 17:00:00,59.6740995664693
2026-01-19 18:00:00,59.4898396566971
2026-01-19 19:00:00,60.0887621155835
2026-01-19 20:00:00,60.4452926147881
2026-01-19 21:00:00,60.0724204475643
2026-01-19 22:00:00,60.7256932976859
2026-01-19 23:00:00,59.7045733279305
2026-01-20 00:00:00,
2026-01-20 06:00:00,
2026-01-20 12:00:00,
2026-01-20 18:00:00,
2026-01-21 00:00:00,86.1485890464186
2026-01-21 06:00:00,86.0172421999698
2026-01-21 12:00:00,86.4129813626036
2026-01-21 18:00:00,86.1551400459567
2026-01-22 00:00:00,85.6160815474456
2026-01-22 06:00:00,85.8582425170145
2026-01-22 12:00:00,85.8627735469443
2026-01-22 18:00:00,85.9288904810804
2026-01-23 00:00:00,85.5157478456606
2026-01-23 06:00:00,85.6159196008987
2026-01-23 12:00:00,85.5263526568208
2026-01-23 18:00:00,85.6912052159292
2026-01-24 00:00:00,85.5028353817755
2026-01-24 06:00:00,85.2862198048371
2026-01-24 12:00:00,85.7433040443736
2026-01-24 18:00:00,85.3007323602394
2026-01-25 00:00:00,83.4894565282703
2026-01-25 06:00:00,83.8301921174732
2026-01-25 12:00:00,83.7522081122959
2026-01-25 18:00:00,83.9649540317802
2026-01-26 00:00:00,83.6169935846033
2026-01-26 06:00:00,82.989271382488
2026-01-26 12:00:00,83.461496540185
2026-01-26 18:00:00,83.6982949130922
2026-01-27 00:00:00,81.9666933399868
2026-01-27 06:00:00,82.3094646877766
2026-01-27 12:00:00,82.8178777501148
2026-01-27 18:00:00,82.1585896468741
2026-01-28 00:00:00,80.3441471442027
2026-01-28 06:00:00,81.8444309612387
2026-01-28 12:00:00,80.8724650146905
2026-01-28 18:00:00,82.0372198729732
2026-01-29 00:00:00,81.0561262769135
2026-01-29 06:00:00,81.0899863189571
2026-01-29 12:00:00,80.9716868414935
2026-01-29 18:00:00,80.5312457407202
2026-01-30 00:00:00,80.1683662036284
2026-01-30 06:00:00,80.232786526929
2026-01-30 12:00:00,81.0336501261206
2026-01-30 18:00:00,81.0215250652825
2026-01-31 00:00:00,79.9083388553295
2026-01-31 06:00:00,78.1943553377811
2026-01-31 12:00:00,79.2151108292885
2026-01-31 18:00:00,79.3354528895885
2026-02-01 00:00:00,78.3546655853058
2026-02-01 06:00:00,78.6213507702188
2026-02-01 12:00:00,78.3483471638997
2026-02-01 18:00:00,78.6031529423411
2026-02-02 00:00:00,77.531814076536
2026-02-02 06:00:00,77.2005725209264
2026-02-02 12:00:00,77.7348989587664
2026-02-02 18:00:00,77.3293281446325
2026-02-03 00:00:00,76.5462724625364
2026-02-03 06:00:00,76.5181453673691
2026-02-03 12:00:00,76.134181862228
2026-02-03 18:00:00,76.626518145785
2026-02-04 00:00:00,75.3811384671578
2026-02-04 06:00:00,75.7905161171641
2026-02-04 12:00:00,75.4290797972255
2026-02-04 18:00:00,75.540558647771
2026-02-05 00:00:00,74.9690970998013
2026-02-05 06:00:00,75.0635783216551
2026-02-05 12:00:00,74.5779381453621
2026-02-05 18:00:00,75.3292741342392
2026-02-06 00:00:00,73.4585160073043
2026-02-06 06:00:00,73.5450673797852
2026-02-06 12:00:00,73.5065865588952
2026-02-06 18:00:00,73.7765112909169
2026-02-07 00:00:00,73.0822578966129
2026-02-07 06:00:00,73.0783917384844
2026-02-07 12:00:00,72.3200472446142
2026-02-07 18:00:00,72.7923172385668
2026-02-08 00:00:00,72.0424041422831
2026-02-08 06:00:00,71.8810109782399
2026-02-08 12:00:00,71.8815565700963
2026-02-08 18:00:00,72.0390641667442
2026-02-09 00:00:00,71.2312449162257
2026-02-09 06:00:00,71.6358568045515
2026-02-09 12:00:00,71.1313282504625
2026-02-09 18:00:00,71.4825478008502
2026-02-10 00:00:00,71.0316153153579
2026-02-10 06:00:00,71.0656937129963
2026-02-10 12:00:00,71.3021711219524
2026-02-10 18:00:00,70.9326318541128
2026-02-11 00:00:00,70.2941097348721
2026-02-11 06:00:00,69.9989075838856
2026-02-11 12:00:00,69.6232619974187
2026-02-11 18:00:00,69.6274588190195
2026-02-12 00:00:00,68.5022111044617
2026-02-12 06:00:00,68.0046004232687
2026-02-12 12:00:00,69.5699294828954
2026-02-12 18:00:00,68.3879352270745
2026-02-13 00:00:00,68.5446428691129
2026-02-13 06:00:00,68.4689348652585
2026-02-13 12:00:00,68.4705045156308
2026-02-13 18:00:00,68.7012070655246
2026-02-14 00:00:00,51.501996929975
2026-02-14 06:00:00,67.7170399073045
2026-02-14 12:00:00,68.5901424919412
2026-02-14 18:00:00,68.4345038335799
2026-02-15 00:00:00,67.5642002981231
2026-02-15 06:00:00,67.26100884737
2026-02-15 12:00:00,66.9927024366912
2026-02-15 18:00:00,67.7312921822889
2026-02-16 00:00:00,67.5317122893144
2026-02-16 06:00:00,60.0627356501186
2026-02-16 12:00:00,67.2673094544429
2026-02-16 18:00:00,67.165248875105
2026-02-17 00:00:00,66.080352175595
2026-02-17 06:00:00,65.3911504543182
2026-02-17 12:00:00,65.9453342729745
2026-02-17 18:00:00,65.8023821927685
2026-02-18 00:00:00,65.0432459385007
2026-02-18 06:00:00,65.1719717383176
2026-02-18 12:00:00,65.4056892042649
2026-02-18 18:00:00,64.9579327709895
2026-02-19 00:00:00,64.1578587084562
2026-02-19 06:00:00,64.5339953697147
2026-02-19 12:00:00,64.6750502368681
2026-02-19 18:00:00,64.2242708197921
2026-02-20 00:00:00,64.0004744862021
2026-02-20 06:00:00,63.656210895112
2026-02-20 12:00:00,63.7447255458846
2026-02-20 18:00:00,64.366909450242
2026-02-21 00:00:00,63.9225856265227
2026-02-21 06:00:00,63.328521325068
2026-02-21 12:00:00,63.476644985765
2026-02-21 18:00:00,63.6993467143414
2026-02-22 00:00:00,62.8329774240915
2026-02-22 06:00:00,62.9643246237423
2026-02-22 12:00:00,62.9563436010802
2026-02-22 18:00:00,63.0107235429886
2026-02-23 00:00:00,61.403095738645
2026-02-23 06:00:00,62.5915258533387
2026-02-23 12:00:00,62.3623772770327
2026-02-23 18:00:00,62.0358204331662
2026-02-24 00:00:00,
2026-02-24 06:00:00,
2026-02-24 12:00:00,
2026-02-24 18:00:00,
2026-02-25 00:00:00,77.295837106159
2026-02-25 06:00:00,77.5533436073512
2026-02-25 12:00:00,76.9792219327631
2026-02-25 18:00:00,77.1685939341018
2026-02-26 00:00:00,76.8968245453802
2026-02-26 06:00:00,76.6412306851445
2026-02-26 12:00:00,76.7823754816384
2026-02-26 18:00:00,76.8438967550239
2026-02-27 00:00:00,76.2330673832614
2026-02-27 06:00:00,76.2135626856224
2026-02-27 12:00:00,76.0445549013777
2026-02-27 18:00:00,76.1369089718278
2026-02-28 00:00:00,75.4766421982313
2026-02-28 06:00:00,75.2343712664569
2026-02-28 12:00:00,76.2542708206962
2026-02-28 18:00:00,75.3572168334062
2026-03-01 00:00:00,73.2830133433024
2026-03-01 06:00:00,74.2146254114597
2026-03-01 12:00:00,75.6523416616557
2026-03-01 18:00:00,76.3061575296094
2026-03-02 00:00:00,77.2448457848359
2026-03-02 06:00:00,75.9206207059631
2026-03-02 12:00:00,75.9482287948343
2026-03-02 18:00:00,74.1597792297851
2026-03-03 00:00:00,74.462800387788
2026-03-03 06:00:00,76.0006453049319
2026-03-03 12:00:00,76.2275185947489
2026-03-03 18:00:00,75.3783495148506
2026-03-04 00:00:00,75.0987467540539
2026-03-04 06:00:00,76.8470282580096
2026-03-04 12:00:00,75.3209442301027
2026-03-04 18:00:00,74.401294141004
2026-03-05 00:00:00,74.273691833521
2026-03-05 06:00:00,76.2855427528359
2026-03-05 12:00:00,74.4155781349863
2026-03-05 18:00:00,73.3040245938849
2026-03-06 00:00:00,76.6514294451139
2026-03-06 06:00:00,76.6568846709925
2026-03-06 12:00:00,75.1036879278459
2026-03-06 18:00:00,74.9069701765594
2026-03-07 00:00:00,72.4829405581397
2026-03-07 06:00:00,73.7987265002787
2026-03-07 12:00:00,76.4869557269599
2026-03-07 18:00:00,76.3219675574603
2026-03-08 00:00:00,76.0527292442266
2026-03-08 06:00:00,75.4058726516038
2026-03-08 12:00:00,76.0758291945375
2026-03-08 18:00:00,73.9554726448189
2026-03-09 00:00:00,72.2381987792839
2026-03-09 06:00:00,75.0949241001739
2026-03-09 12:00:00,75.9752647921746
2026-03-09 18:00:00,73.1296916120432
2026-03-10 00:00:00,72.4709998349856
2026-03-10 06:00:00,72.8781722780139
2026-03-10 12:00:00,72.7007404337181
2026-03-10 18:00:00,74.8223698675233
2026-03-11 00:00:00,72.9087321705687
2026-03-11 06:00:00,76.5726590036804
2026-03-11 12:00:00,72.3493422926727
2026-03-11 18:00:00,73.9120730207954
2026-03-12 00:00:00,72.4138693931604
2026-03-12 06:00:00,73.4045938532962
2026-03-12 12:00:00,72.4243616381869
2026-03-12 18:00:00,73.0152500160646
2026-03-13 00:00:00,75.3699135229025
2026-03-13 06:00:00,72.5612842249447
2026-03-13 12:00:00,71.6178505961666
2026-03-13 18:00:00,74.3631100263196
2026-03-14 00:00:00,73.8888215842177
2026-03-14 06:00:00,73.3161314173122
2026-03-14 12:00:00,73.3340236161833
2026-03-14 18:00:00,71.7955245968419
2026-03-15 00:00:00,72.4220613678834
2026-03-15 06:00:00,74.7087003362792
2026-03-15 12:00:00,73.113651883752
2026-03-15 18:00:00,71.0854678387346
2026-03-16 00:00:00,73.1311966411447
2026-03-16 06:00:00,72.7676059970254
2026-03-16 12:00:00,72.5176289347843
2026-03-16 18:00:00,73.3466596554142
2026-03-17 00:00:00,70.2041794175737
2026-03-17 06:00:00,74.0633702123151
2026-03-17 12:00:00,72.4491402641667
2026-03-17 18:00:00,73.4420826373366
2026-03-18 00:00:00,72.1810752081181
2026-03-18 06:00:00,71.9914114318133
2026-03-18 12:00:00,72.5664375091549
2026-03-18 18:00:00,71.2575815986125
2026-03-19 00:00:00,72.4680942180896
2026-03-19 06:00:00,73.7175027680191
2026-03-19 12:00:00,71.349720262654
2026-03-19 18:00:00,75.4951844455552
2026-03-20 00:00:00,72.9784703464107
2026-03-20 06:00:00,73.1137221378929
2026-03-20 12:00:00,72.9234579000338
2026-03-20 18:00:00,72.0639602465237
2026-03-21 00:00:00,73.2918279117717
2026-03-21 06:00:00,72.6369581479526
2026-03-21 12:00:00,70.3805711757981
2026-03-21 18:00:00,71.3267428940841
2026-03-22 00:00:00,70.4036013392876
2026-03-22 06:00:00,72.7601839948681
2026-03-22 12:00:00,72.1450303008055
2026-03-22 18:00:00,70.2086448028681
2026-03-23 00:00:00,71.5278777636874
2026-03-23 06:00:00,71.0388120149706
2026-03-23 12:00:00,70.4076303909364
2026-03-23 18:00:00,67.1292340405486
2026-03-24 00:00:00,74.7666674135963
2026-03-24 06:00:00,72.6829233643804
2026-03-24 12:00:00,71.8823337398934
2026-03-24 18:00:00,71.979490490841
2026-03-25 00:00:00,71.5242382844791
2026-03-25 06:00:00,70.4963242385788
2026-03-25 12:00:00,69.2067391123034
2026-03-25 18:00:00,72.6379192266778
2026-03-26 00:00:00,70.1904803451013
2026-03-26 06:00:00,71.4653831951513
2026-03-26 12:00:00,71.433039566609
2026-03-26 18:00:00,71.8029168256884
2026-03-27 00:00:00,71.0206424259077
2026-03-27 06:00:00,68.769826648264
2026-03-27 12:00:00,71.213555921389
2026-03-27 18:00:00,67.367375834563
2026-03-28 00:00:00,71.3282763166975
2026-03-28 06:00:00,69.7841238549031
2026-03-28 12:00:00,69.7087254782014
2026-03-28 18:00:00,69.1590515103904
2026-03-29 00:00:00,70.7463076216045
2026-03-29 06:00:00,68.4679668910837
2026-03-29 12:00:00,70.365808560493
2026-03-29 18:00:00,70.7513393243792
2026-03-30 00:00:00,68.5615133054965
2026-03-30 06:00:00,68.6684789147848
2026-03-30 12:00:00,69.2122355309481
2026-03-30 18:00:00,70.8599541006194
2026-03-31 00:00:00,70.223669831747
2026-03-31 06:00:00,67.9368476802661
2026-03-31 12:00:00,66.6614055202891
2026-03-31 18:00:00,70.2998416450296
2026-04-01 00:00:00,68.4042036430378
2026-04-01 06:00:00,68.3521931005152
2026-04-01 12:00:00,69.3332418843555
2026-04-01 18:00:00,68.2629444084645
2026-04-02 00:00:00,68.6059149714151
2026-04-02 06:00:00,68.1346850546904
2026-04-02 12:00:00,69.176024971035
2026-04-02 18:00:00,68.623195163843
2026-04-03 00:00:00,67.7248602639184
2026-04-03 06:00:00,69.7008276724981
2026-04-03 12:00:00,68.784539020303
2026-04-03 18:00:00,69.2004920381402
2026-04-04 00:00:00,69.1130054705444
2026-04-04 06:00:00,67.631513927108
2026-04-04 12:00:00,67.5046473246708
2026-04-04 18:00:00,68.5029331362416
2026-04-05 00:00:00,
2026-04-05 06:00:00,
2026-04-05 12:00:00,
2026-04-05 18:00:00,
2026-04-06 00:00:00,80.2339264850423
2026-04-06 06:00:00,81.0993638111267
2026-04-06 12:00:00,80.9993969085018
2026-04-06 18:00:00,81.1451213325921
2026-04-07 00:00:00,80.4923121511661
2026-04-07 06:00:00,80.5874428240729
2026-04-07 12:00:00,80.4942097730805
2026-04-07 18:00:00,80.416419825132
2026-04-08 00:00:00,80.7065542985307
2026-04-08 06:00:00,80.4120704890311
2026-04-08 12:00:00,80.5525438817029
2026-04-08 18:00:00,78.8800307998585
2026-04-09 00:00:00,79.705746650874
2026-04-09 06:00:00,78.6169339705662
2026-04-09 12:00:00,79.6007674923558
2026-04-09 18:00:00,81.7148300687957
2026-04-10 00:00:00,79.9946931259504
2026-04-10 06:00:00,79.9000762968594
2026-04-10 12:00:00,79.682654267928
2026-04-10 18:00:00,79.4472088487124
