time,per
2024-04-04 21:00:05,
2024-04-04 22:00:05,
2024-04-05 04:00:05,84.7919713084557
2024-04-05 05:00:05,84.9358533355625
2024-04-05 06:00:05,84.581059196994
2024-04-05 09:00:05,86.0343707302524
2024-04-05 11:00:05,85.1889098711179
2024-04-05 12:00:05,84.5932252054963
2024-04-05 13:00:05,84.065747821723
2024-04-05 14:00:05,85.0809278886973
2024-04-05 15:00:05,85.4200015943863
2024-04-05 17:00:05,85.2756980392199
2024-04-05 18:00:05,85.4115498843057
2024-04-05 19:00:05,84.8906145489937
2024-04-05 20:00:05,84.9224092994097
2024-04-06 10:00:05,85.133073740552
2024-04-06 11:00:05,84.6146075225356
2024-04-06 12:00:05,85.0401970548943
2024-04-06 13:00:05,85.2347131969515
2024-04-06 14:00:05,84.916073130157
2024-04-06 15:00:05,85.2889428582908
2024-04-06 16:00:05,84.7032594954054
2024-04-06 17:00:05,85.2931980790788
2024-04-06 18:00:05,84.6280904684994
2024-04-06 19:00:05,85.2751409232696
2024-04-06 20:00:05,84.7256320524424
2024-04-06 21:00:05,84.9492068191731
2024-04-06 22:00:05,84.5080888300364
2024-04-06 23:00:05,85.2600538531894
2024-04-07 00:00:02,85.5900577322443
2024-04-07 01:00:05,84.366367992215
2024-04-07 02:00:05,84.9952194519889
2024-04-07 03:00:05,84.402570025683
2024-04-07 04:00:05,84.6703966422147
2024-04-07 05:00:05,84.2750794229598
2024-04-07 06:00:05,84.8713965446331
2024-04-07 07:00:05,84.4857106789581
2024-04-07 14:00:05,85.293052422039
2024-04-07 15:00:05,84.9192311229716
2024-04-07 16:00:05,84.508710479004
2024-04-07 18:00:05,84.5091230266663
2024-04-07 19:00:05,84.027161976094
2024-04-07 20:00:05,84.0792720673553
2024-04-07 21:00:05,83.5846376244584
2024-04-07 22:00:05,85.0279624083715
2024-04-07 23:00:05,84.5234488591895
2024-04-08 00:00:02,84.5982193613723
2024-04-08 01:00:05,84.9276893168493
2024-04-08 03:00:05,86.380870524675
2024-04-08 04:00:05,83.7310997160003
2024-04-08 05:00:05,85.5618572258213
2024-04-08 06:00:05,84.4264427996427
2024-04-08 18:00:05,85.1497694632083
2024-04-08 19:00:05,85.8768442772098
2024-04-08 20:00:05,85.2299613353768
2024-04-08 21:00:05,83.4110227558886
2024-04-08 22:00:05,84.074652712248
2024-04-08 23:00:05,84.2842146918189
2024-04-09 00:00:02,85.710440820563
2024-04-09 01:00:05,84.4563944243639
2024-04-09 02:00:05,84.0464868133931
2024-04-09 03:00:05,82.6052812162127
2024-04-09 04:00:05,85.5383169802704
2024-04-09 05:00:05,83.1023820157292
2024-04-09 06:00:05,83.4993784477169
2024-04-09 12:00:05,84.4230199301366
2024-04-09 13:00:05,83.2652276157145
2024-04-09 15:00:05,85.1293651284365
2024-04-09 16:00:05,84.8137245954492
2024-04-09 18:00:05,86.0629789025318
2024-04-09 19:00:05,84.2834875350986
2024-04-09 20:00:05,84.4680833991727
2024-04-09 21:00:05,84.4454932228434
2024-04-09 22:00:05,83.9819906281335
2024-04-09 23:00:05,84.4462667567254
2024-04-10 00:00:01,86.1154165616948
2024-04-10 01:00:05,84.009990805081
2024-04-10 02:00:05,85.4993226767881
2024-04-10 03:00:05,83.8392326431071
2024-04-10 04:00:05,84.4451336704496
2024-04-10 05:00:05,83.5440181242219
2024-04-10 06:00:05,83.9905921106431
2024-04-10 08:00:05,84.5358599533867
2024-04-10 10:00:05,85.967837853053
2024-04-10 11:00:05,84.2202612535923
2024-04-10 12:00:05,82.8676593695583
2024-04-10 13:00:05,84.2776165683864
2024-04-10 14:00:05,83.8877755500148
2024-04-10 15:00:05,84.0219632157658
2024-04-10 16:00:05,83.3833515926438
2024-04-10 17:00:05,84.5660875729459
2024-04-10 18:00:05,82.4003245799456
2024-04-10 19:00:05,83.0980681237359
2024-04-10 20:00:05,83.0346743526072
2024-04-10 21:00:05,82.8748407209973
2024-04-10 22:00:05,83.6061701918885
2024-04-10 23:00:05,84.978325459462
2024-04-11 00:00:00,82.1491618917326
2024-04-11 01:00:05,83.5489194832915
2024-04-11 02:00:05,84.5933623842047
2024-04-11 03:00:05,84.2176403310139
2024-04-11 04:00:05,84.6522939267713
2024-04-11 05:00:05,84.1291750714064
2024-04-11 06:00:05,83.5967838691211
2024-04-11 07:00:05,84.2404596116028
2024-04-11 16:00:05,84.4623471932114
2024-04-11 17:00:05,84.5543643843241
2024-04-11 18:00:05,82.6613068816777
2024-04-11 19:00:05,84.3856953575502
2024-04-11 20:00:05,84.3980473069943
2024-04-11 21:00:05,83.8545089596604
2024-04-11 22:00:05,82.8428399143355
2024-04-11 23:00:05,83.5900597104175
2024-04-12 00:00:00,83.8395952291651
2024-04-12 01:00:05,83.1166624260927
2024-04-12 02:00:05,83.5061286686039
2024-04-12 03:00:05,82.5952498421897
2024-04-12 04:00:05,82.2587117453099
2024-04-12 05:00:05,82.7169433087545
2024-04-12 06:00:05,82.9593641294069
2024-04-12 07:00:05,84.6030292254045
2024-04-12 08:00:05,82.6777502038752
2024-04-12 09:00:05,83.6599390067307
2024-04-12 11:00:06,101.450200483653
2024-04-12 12:00:09,84.7704381003296
2024-04-12 13:00:09,83.294505123792
2024-04-12 14:00:09,82.3413774925944
2024-04-12 15:00:09,84.8196682946217
2024-04-12 16:00:09,83.0653720623294
2024-04-12 17:00:09,84.8656698227505
2024-04-12 18:00:09,83.2594027728895
2024-04-12 19:00:09,84.5201663599544
2024-04-12 20:00:09,83.9948969757719
2024-04-12 21:00:09,83.3893881570938
2024-04-12 22:00:09,81.6177582021297
2024-04-12 23:00:09,83.2837621355557
2024-04-13 00:00:01,82.7228509920665
2024-04-13 01:00:09,83.9334014584538
2024-04-13 02:00:09,83.3879153571933
2024-04-13 03:00:09,85.1082364469164
2024-04-13 04:00:09,83.1686861653159
2024-04-13 05:00:09,85.1328376462048
2024-04-13 06:00:09,82.9418666202316
2024-04-13 07:00:09,
2024-04-13 08:00:09,83.9164681578891
2024-04-13 09:00:09,83.3021893258279
2024-04-13 10:00:09,84.2992078281382
2024-04-13 11:00:09,84.9316708549488
2024-04-13 12:00:09,83.3166221295486
2024-04-13 13:00:09,82.38060034203
2024-04-13 14:00:09,83.9642634865384
2024-04-13 15:00:09,83.8136971341068
2024-04-13 16:00:09,83.5775366331831
2024-04-13 17:00:09,84.3394367849669
2024-04-13 18:00:09,83.4078410812035
2024-04-13 19:00:09,83.4434724399613
2024-04-13 20:00:09,82.9271179023851
2024-04-13 21:00:09,83.3967891317028
2024-04-13 22:00:09,82.0756218409118
2024-04-13 23:00:09,85.0251453600791
2024-04-14 00:00:00,82.4685603615894
2024-04-14 01:00:09,83.7706487728291
2024-04-14 02:00:09,81.7007372257629
2024-04-14 03:00:09,85.6869818688462
2024-04-14 04:00:09,83.0883248169436
2024-04-14 05:00:09,82.5347563478529
2024-04-14 06:00:09,82.9814642541311
2024-04-14 07:00:09,84.0072793723053
2024-04-14 08:00:09,83.1121337231492
2024-04-14 09:00:09,82.4986707714903
2024-04-14 10:00:09,83.8788473889938
2024-04-14 11:00:09,83.1649014807316
2024-04-14 12:00:09,83.3841402135601
2024-04-14 13:00:09,83.5234130408508
2024-04-14 14:00:09,84.4175530372542
2024-04-14 15:00:09,83.100951241394
2024-04-14 16:00:09,84.7351603407994
2024-04-14 17:00:09,82.8461444414144
2024-04-14 18:00:09,83.5960153330209
2024-04-14 19:00:09,82.9121086394344
2024-04-14 20:00:09,83.6403628742267
2024-04-14 21:00:09,82.1283331519274
2024-04-14 22:00:09,84.2386161690012
2024-04-14 23:00:09,82.7592373722995
2024-04-15 00:00:00,81.5000714453927
2024-04-15 01:00:09,81.3702344758156
2024-04-15 02:00:09,82.7077978678766
2024-04-15 03:00:09,82.990832332484
2024-04-15 04:00:09,83.7570634444967
2024-04-15 05:00:09,83.4772205359811
2024-04-15 06:00:09,84.6116492330771
2024-04-15 15:00:09,83.5532951980722
2024-04-15 16:00:09,82.6293762606391
2024-04-15 17:00:09,82.5354027454436
2024-04-15 18:00:09,83.2127454338919
2024-04-15 19:00:09,84.068057174554
2024-04-15 20:00:09,82.4378869058438
2024-04-15 21:00:09,84.1594015236595
2024-04-15 22:00:09,
2024-04-15 23:00:09,
2024-04-16 00:00:01,82.7991797225578
2024-04-16 01:00:09,83.1332788502804
2024-04-16 02:00:09,82.068876853389
2024-04-16 03:00:09,80.7046036221542
2024-04-16 04:00:09,83.9011840555871
2024-04-16 05:00:09,83.9642920493502
2024-04-16 06:00:09,81.3773433817646
2024-04-16 07:00:09,83.7156992714569
2024-04-16 08:00:09,84.7835938529802
2024-04-16 09:00:09,78.6967641712795
2024-04-16 10:00:09,81.1530518037249
2024-04-16 11:00:09,82.1837820521764
2024-04-16 12:00:01,81.3643704490866
2024-04-16 13:00:01,83.0569423260146
2024-04-16 14:00:01,83.0628550852479
2024-04-16 15:00:01,83.4715368282146
2024-04-16 16:00:01,83.6208815540953
2024-04-16 17:00:01,83.5348218379294
2024-04-16 18:00:01,83.2056665603436
2024-04-16 19:00:01,82.2326712852165
2024-04-16 20:00:01,83.1117531574991
2024-04-16 21:00:01,81.9605050577281
2024-04-16 22:00:01,82.8578027475
2024-04-16 23:00:01,83.8413927381873
2024-04-17 00:00:00,82.913084700614
2024-04-17 01:00:01,82.9185661341542
2024-04-17 02:00:01,81.534983413002
2024-04-17 03:00:01,82.0571732649617
2024-04-17 04:00:01,83.3713194174709
2024-04-17 05:00:01,81.7847053164581
2024-04-17 06:00:01,83.7315220294491
2024-04-17 11:00:01,82.7706587532902
2024-04-17 12:00:01,82.6519148628483
2024-04-17 13:00:01,81.744396617003
2024-04-17 14:00:01,82.2652638404585
2024-04-17 19:00:00,81.6223952046788
2024-04-17 20:00:00,82.769481711742
2024-04-17 21:00:00,81.9454207715587
2024-04-17 22:00:00,81.3241420560307
2024-04-17 23:00:00,81.3749653876231
2024-04-18 00:00:00,83.0177411092404
2024-04-18 01:00:00,
2024-04-18 02:00:00,
2024-04-18 03:00:00,83.5405150342265
2024-04-18 04:00:00,82.7660387873522
2024-04-18 05:00:00,82.2118048338338
2024-04-18 06:00:00,83.4213893758128
2024-04-18 07:00:00,82.985466534448
2024-04-18 08:00:00,83.3232104660068
2024-04-18 09:00:00,83.195198775792
2024-04-18 10:00:00,80.961684637832
2024-04-18 11:00:00,81.6717076155667
2024-04-18 12:00:00,83.9842599899292
2024-04-18 13:00:00,81.6918688567128
2024-04-18 14:00:00,83.0123508210901
2024-04-18 15:00:00,83.8469896812581
2024-04-18 16:00:00,80.8312002098984
2024-04-18 17:00:00,83.0342337238386
2024-04-18 18:00:00,82.4947722953051
2024-04-18 19:00:00,81.9063396962479
2024-04-18 20:00:00,80.8151056622963
2024-04-18 21:00:00,82.1918507167587
2024-04-18 22:00:00,81.7829060661826
2024-04-18 23:00:00,81.5951741239565
2024-04-19 00:00:00,82.5015342717449
2024-04-19 01:00:00,82.0946222887935
2024-04-19 02:00:00,84.3619962846618
2024-04-19 03:00:00,82.3973302209735
2024-04-19 04:00:00,81.6746466293675
2024-04-19 05:00:00,81.450193220894
2024-04-19 06:00:00,81.8078168711916
2024-04-19 07:00:00,82.1805296426048
2024-04-19 08:00:00,81.9698130924659
2024-04-19 10:00:00,81.8580808127765
2024-04-19 11:00:00,82.9087311600551
2024-04-19 12:00:00,83.1419875136529
2024-04-19 13:00:00,82.2410245292847
2024-04-19 14:00:00,82.3633811775441
2024-04-19 15:00:00,81.0424179515448
2024-04-19 16:00:00,82.0610011173994
2024-04-19 17:00:00,82.391644577979
2024-04-19 18:00:00,82.8241122284151
2024-04-19 19:00:00,84.2417299614472
2024-04-19 20:00:00,83.0013630980286
2024-04-19 21:00:00,79.5458353690873
2024-04-19 22:00:00,81.0838558257604
2024-04-19 23:00:00,82.7025649805643
2024-04-20 00:00:00,82.8119641026018
2024-04-20 01:00:00,81.3217994393035
2024-04-20 02:00:00,81.2807859089408
2024-04-20 03:00:00,81.637000616779
2024-04-20 04:00:00,82.0801946208999
2024-04-20 05:00:00,81.9741189183341
2024-04-20 06:00:00,82.5158572976162
2024-04-20 07:00:00,82.6037415511948
2024-04-20 08:00:00,81.404053363454
2024-04-20 09:00:00,81.8247395617982
2024-04-20 10:00:00,81.3014516969427
2024-04-20 11:00:00,82.8828816001284
2024-04-20 12:00:00,82.8097338243518
2024-04-20 13:00:00,81.848182976176
2024-04-20 14:00:00,81.1084567291124
2024-04-20 15:00:00,82.8573280302372
2024-04-20 16:00:00,82.2716095065201
2024-04-20 17:00:00,82.0435789563939
2024-04-20 18:00:00,82.0726595806088
2024-04-20 19:00:00,82.5148382074526
2024-04-21 11:00:00,82.0692357516095
2024-04-21 12:00:00,82.4681406608877
2024-04-21 13:00:00,81.3590162399445
2024-04-21 14:00:00,81.1952180586314
2024-04-21 15:00:00,82.3743400353343
2024-04-21 16:00:00,81.4590079502158
2024-04-21 17:00:00,82.9749014031314
2024-04-21 18:00:00,81.6150806277759
2024-04-21 19:00:00,81.8510754534334
2024-04-21 20:00:00,80.9700276006973
2024-04-21 21:00:00,82.4154725856668
2024-04-21 22:00:00,83.4318380308682
2024-04-21 23:00:00,81.5906758517353
2024-04-22 00:00:00,81.3431830295525
2024-04-22 00:00:01,81.240607433935
2024-04-22 01:00:00,80.9509328944138
2024-04-22 02:00:00,83.1281170531954
2024-04-22 03:00:00,80.365385158546
2024-04-22 04:00:00,81.2428989743722
2024-04-22 05:00:00,81.1451830281866
2024-04-22 06:00:00,79.6606736990544
2024-04-22 07:00:00,81.9545822073161
2024-04-22 08:00:00,81.2712910028679
2024-04-22 10:00:00,81.5695902090334
2024-04-23 01:00:07,80.6964823441519
2024-04-23 02:00:07,81.145185157544
2024-04-23 03:00:07,81.8774962916363
2024-04-23 04:00:07,80.5445847399496
2024-04-23 05:00:07,82.9579704860059
2024-04-23 06:00:07,82.161295236364
2024-04-23 07:00:07,64.4106392002924
2024-04-23 08:00:07,78.7535973071569
2024-04-23 09:00:07,82.1908803094563
2024-04-23 10:00:07,81.5493186119039
2024-04-23 11:00:07,79.7429196794763
2024-04-23 12:00:07,79.6021143757998
2024-04-23 13:00:07,82.1268871476419
2024-04-24 10:00:06,80.5964670626191
2024-04-24 11:00:06,81.2646579380537
2024-04-24 13:00:08,81.3054282287656
2024-04-24 14:00:08,81.699125332123
2024-04-24 15:00:08,81.356669365138
2024-04-24 16:00:08,81.6664831484831
2024-04-24 17:00:08,80.9337704408434
2024-04-24 18:00:08,81.4073717438408
2024-04-24 19:00:08,80.1404259465067
2024-04-24 20:00:08,81.116388832562
2024-04-24 21:00:08,79.2262213980974
2024-04-24 22:00:08,81.4684137662151
2024-04-24 23:00:08,82.3446833401998
2024-04-25 00:00:00,80.4575179626794
2024-04-25 01:00:08,79.755919018265
2024-04-25 02:00:08,80.1992830003182
2024-04-25 03:00:08,78.8860651652865
2024-04-25 04:00:08,80.4940085920437
2024-04-25 05:00:08,80.7089293402551
2024-04-25 06:00:08,81.0013641051327
2024-04-25 07:00:08,79.1159190246458
2024-04-25 11:00:08,79.5534736533438
2024-04-25 12:00:08,80.2541037379327
2024-04-25 13:00:08,80.6671747342742
2024-04-25 14:00:08,81.5237974545301
2024-04-25 15:00:08,
2024-04-25 16:00:08,81.3150091316998
2024-04-25 17:00:08,80.4292671485297
2024-04-25 18:00:08,80.1133062529182
2024-04-25 19:00:08,80.3572315471166
2024-04-25 20:00:08,80.5914057403578
2024-04-25 21:00:08,80.9884858653437
2024-04-25 22:00:08,82.0588051648898
2024-04-25 23:00:08,78.9183664267087
2024-04-26 00:00:01,80.009020891484
2024-04-26 01:00:08,80.2843251822729
2024-04-26 02:00:08,79.7578666997381
2024-04-26 03:00:08,80.9643840342845
2024-04-26 04:00:08,80.9030450855514
2024-04-26 05:00:08,79.150454729442
2024-04-26 06:00:08,80.3293677135677
2024-04-26 10:00:08,79.0997722773416
2024-04-26 11:00:08,81.3977537147237
2024-04-26 12:00:08,80.4630121903382
2024-04-26 13:00:08,79.4886356071317
2024-04-26 14:00:08,82.2298846044701
2024-04-26 15:00:08,80.3626714346659
2024-04-26 16:00:08,79.4740696600068
2024-04-26 17:00:04,79.5738507074405
2024-04-26 18:00:04,80.3571046375156
2024-04-26 19:00:04,80.6359608661668
2024-04-26 20:00:04,81.5440005049779
2024-04-26 21:00:04,80.7230507464314
2024-04-26 22:00:04,81.999697353425
2024-04-26 23:00:04,81.3402012777168
2024-04-27 00:00:00,80.4640358390179
2024-04-27 01:00:04,80.7291271107002
2024-04-27 02:00:04,79.3095192845465
2024-04-27 03:00:04,80.2534308396846
2024-04-27 04:00:04,79.5164763066283
2024-04-27 05:00:04,79.9666545281001
2024-04-27 06:00:04,77.7762151168217
2024-04-27 07:00:04,79.458519052413
2024-04-27 09:00:04,57.6627899650542
2024-04-27 10:00:04,80.2928545782344
2024-04-27 11:00:04,78.9353335565871
2024-04-27 12:00:04,80.2108329532647
2024-04-27 13:00:04,80.6930125080205
2024-04-27 14:00:04,78.7490263218213
2024-04-27 15:00:04,79.4255343665685
2024-04-27 16:00:04,80.0791398671048
2024-04-27 17:00:04,79.5147252238933
2024-04-27 18:00:04,81.1373126060101
2024-04-27 19:00:04,80.5821707350611
2024-04-27 20:00:04,79.0904053819826
2024-04-27 21:00:04,79.0906662201252
2024-04-27 22:00:04,78.6742196810333
2024-04-27 23:00:04,79.2665875035325
2024-04-28 00:00:01,78.4583077193395
2024-04-28 01:00:04,78.8469062240516
2024-04-28 02:00:04,79.1343744109086
2024-04-28 03:00:04,80.2273080692547
2024-04-28 04:00:04,78.4403195321233
2024-04-28 05:00:04,80.3785821016283
2024-04-28 06:00:04,78.2706981354996
2024-04-28 07:00:04,79.2408053798317
2024-04-28 08:00:04,79.188221726774
2024-04-28 09:00:04,80.9131226220507
2024-04-28 10:00:04,81.9929451129978
2024-04-28 11:00:04,78.2840398820134
2024-04-28 12:00:04,79.2909069571184
2024-04-28 13:00:04,80.5220013751594
2024-04-28 14:00:04,78.8690715347356
2024-04-28 15:00:04,78.0654425761601
2024-04-28 17:00:04,78.6861274957244
2024-04-28 18:00:04,79.7579723729792
2024-04-28 19:00:04,79.5892508725948
2024-04-28 20:00:04,80.073515195636
2024-04-28 21:00:04,78.6365912372922
2024-04-28 22:00:04,79.928175773455
2024-04-28 23:00:04,79.1970997053084
2024-04-29 00:00:00,79.1458701684513
2024-04-29 01:00:04,79.2960568625904
2024-04-29 02:00:04,80.3112666320859
2024-04-29 03:00:04,79.5347532157067
2024-04-29 04:00:04,79.8261776713211
2024-04-29 05:00:04,79.4159255251556
2024-04-29 06:00:04,78.4562996400101
2024-04-29 07:00:04,79.4887067316923
2024-04-29 09:00:04,78.7372380936157
2024-04-29 10:00:04,80.1121670746121
2024-04-29 11:00:04,78.4066216330412
2024-04-29 12:00:04,79.1787643843233
2024-04-29 13:00:04,79.4386483659467
2024-05-15 02:00:08,79.0246462396318
2024-05-15 03:00:08,79.4605680402081
2024-05-15 04:00:08,78.6870898319373
2024-05-15 05:00:08,79.8239681709854
2024-05-15 06:00:08,79.1771884956903
2024-05-15 07:00:08,79.7490380670719
2024-05-15 10:00:08,78.7668010137383
2024-05-15 11:00:08,78.6242329080218
2024-05-15 12:00:08,78.9296244423127
2024-05-15 13:00:08,79.6090463750331
2024-05-15 14:00:08,79.5060431415181
2024-05-15 15:00:08,78.6968978226168
2024-05-15 16:00:08,76.9284051918766
2024-05-15 17:00:08,79.1704319640194
2024-05-15 18:00:08,79.5667736778344
2024-05-15 19:00:08,79.0214861094632
2024-05-15 20:00:08,79.5192820833007
2024-05-15 21:00:08,79.7028968970607
2024-05-15 22:00:08,80.4402660238297
2024-05-15 23:00:08,78.7301711723749
2024-05-16 00:00:00,79.6721058242303
2024-05-16 01:00:08,79.0157581173064
2024-05-16 02:00:08,78.8823408034142
2024-05-16 03:00:08,78.9643478730652
2024-05-16 04:00:08,79.5497900868994
2024-05-16 05:00:08,79.13625219891
2024-05-16 06:00:08,78.9308116796845
2024-05-16 07:00:08,78.1946027565007
2024-05-16 09:00:08,78.9470819995464
2024-05-16 11:00:08,78.9255865261958
2024-05-16 12:00:08,78.8818942347606
2024-05-16 13:00:08,79.5386017179019
2024-05-16 14:00:08,79.6868160724258
2024-05-16 15:00:08,78.8551667470037
2024-05-16 16:00:08,78.9542758835311
2024-05-16 17:00:08,78.9796186213906
2024-05-16 18:00:08,78.1949915605389
2024-05-16 19:00:08,79.5398497219718
2024-05-16 20:00:08,78.8089829817842
2024-05-16 21:00:08,79.1977342158921
2024-05-16 22:00:08,78.9405486070427
2024-05-16 23:00:08,78.6393621960935
2024-05-17 00:00:00,78.6485508396509
2024-05-17 01:00:08,78.8247020582139
2024-05-17 02:00:08,77.948767819047
2024-05-17 03:00:08,78.5666425720461
2024-05-17 04:00:08,78.1030877919298
2024-05-17 05:00:08,79.1421399587466
2024-05-17 06:00:08,78.8814736590125
2024-05-17 07:00:08,80.0046348825417
2024-05-17 08:00:08,78.7638243902194
2024-05-17 10:00:08,78.7289050906755
2024-05-17 11:00:08,78.6145067036715
2024-05-17 12:00:08,78.6381285995947
2024-05-17 13:00:08,78.2608086474409
2024-05-17 14:00:08,78.4054323005901
2024-05-17 15:00:08,78.9370710280557
2024-05-17 16:00:08,78.779394326797
2024-05-17 17:00:08,79.3099370246116
2024-05-17 18:00:08,78.6167292798138
2024-05-17 19:00:08,78.3102441045985
2024-05-17 20:00:08,79.6924884095173
2024-05-17 21:00:08,79.8948765916786
2024-05-17 22:00:08,79.2136153531124
2024-05-17 23:00:08,78.955984297942
2024-05-18 00:00:00,78.2913636278276
2024-05-18 01:00:08,78.385914891776
2024-05-18 02:00:08,79.4588713733983
2024-05-18 03:00:08,78.2858186679999
2024-05-18 04:00:08,78.1976547981673
2024-05-18 05:00:08,78.4684719561699
2024-05-18 06:00:08,78.6105448611343
2024-05-18 07:00:08,79.109349130743
2024-05-18 08:00:08,79.1204167067168
2024-05-18 10:00:08,
2024-05-18 11:00:08,
2024-05-18 12:00:08,
2024-05-18 13:00:08,
2024-05-18 14:00:08,
2024-05-19 02:00:08,78.0414173747051
2024-05-19 05:00:08,78.8010110921118
2024-05-19 06:00:08,78.618163230005
2024-05-19 07:00:08,78.1165542623788
2024-05-19 11:00:08,78.3437805525551
2024-05-19 12:00:08,77.5899225064352
2024-05-19 14:00:08,78.7240662194912
2024-05-19 15:00:08,78.7391164294718
2024-05-19 16:00:08,78.1966693185287
2024-05-19 17:00:08,77.7983998310892
2024-05-19 18:00:08,78.9612685329011
2024-05-19 19:00:08,78.016818088002
2024-05-19 20:00:08,78.8244753836514
2024-05-19 21:00:08,77.4989819701802
2024-05-19 22:00:08,78.5095171120346
2024-05-19 23:00:08,78.4634109288669
2024-05-20 00:00:00,78.5831330787347
2024-05-20 01:00:08,77.8348183695234
2024-05-20 02:00:08,78.0376152864329
2024-05-20 03:00:08,79.0762543083052
2024-05-20 04:00:08,79.3869653272903
2024-05-20 05:00:08,78.8574557395007
2024-05-20 06:00:08,78.2411876047762
2024-05-20 07:00:08,
2024-05-20 09:00:08,78.8300669227194
2024-05-20 10:00:08,60.6833319081698
2024-05-20 11:00:08,78.987093684382
2024-05-20 12:00:08,77.8273728767916
2024-05-20 13:00:08,79.0934993313538
2024-05-20 14:00:08,77.9645512054352
2024-05-20 15:00:08,78.4355753380104
2024-05-20 16:00:08,78.6056191797756
2024-05-20 17:00:08,78.896794414082
2024-05-20 18:00:08,78.561439190119
2024-05-20 19:00:08,78.6798312705818
2024-05-20 20:00:08,77.8708011098601
2024-05-20 21:00:08,78.120178989303
2024-05-20 22:00:08,78.7391559480092
2024-05-20 23:00:08,78.6863828607214
2024-05-21 00:00:01,77.7473747144724
2024-05-21 01:00:08,78.3885412687454
2024-05-21 02:00:08,78.7180491955914
2024-05-21 03:00:08,77.8816839997699
2024-05-21 04:00:08,78.3613678683243
2024-05-21 05:00:08,77.7141926377064
2024-05-21 06:00:08,77.8980649921806
2024-05-21 10:00:08,78.3041435059153
2024-05-21 12:00:08,78.1561839430373
2024-05-21 13:00:08,78.2927742516431
2024-05-21 14:00:08,79.184915131605
2024-05-21 15:00:08,77.8434197811017
2024-05-21 16:00:08,101.044211010931
2024-05-21 17:00:08,78.5224673511009
2024-05-21 18:00:08,77.7889550058629
2024-05-21 19:00:08,77.7717348162007
2024-05-21 20:00:08,78.4649366683646
2024-05-21 21:00:08,77.6764645668843
2024-05-21 22:00:08,78.1508275506861
2024-05-21 23:00:08,78.6472101502723
2024-05-22 00:00:02,77.9419631985787
2024-05-22 01:00:08,78.7512356282348
2024-05-22 02:00:08,77.4290412688068
2024-05-22 03:00:08,78.8479966993012
2024-05-22 04:00:08,78.7418491215629
2024-05-22 05:00:08,77.9292556285873
2024-05-22 06:00:08,78.1659263336279
2024-05-22 07:00:08,78.9142461589506
2024-05-22 08:00:08,78.1695970780218
2024-05-22 10:00:08,77.3969260940131
2024-05-22 11:00:08,77.341321908229
2024-05-22 12:00:08,77.9425470658714
2024-05-22 13:00:08,77.990358459485
2024-05-22 14:00:08,77.7341792764844
2024-05-22 15:00:08,77.6657895506504
2024-05-22 16:00:08,78.1434012299426
2024-05-22 17:00:08,78.0343675849797
2024-05-22 18:00:08,78.1782682737128
2024-05-23 09:00:08,77.9095912470686
2024-05-23 11:00:08,77.9776349611913
2024-05-23 12:00:08,77.9685764410108
2024-05-23 13:00:08,78.0870904895805
2024-05-23 14:00:08,77.761086538399
2024-05-23 15:00:08,77.719279977294
2024-05-23 16:00:08,77.8314472776844
2024-05-23 17:00:08,77.6515217313952
2024-05-23 18:00:08,77.0894291366603
2024-05-23 19:00:08,78.0865044293457
2024-05-23 20:00:08,77.5571005044892
2024-05-23 21:00:08,77.7541036802297
2024-05-23 22:00:08,77.9239316478419
2024-05-23 23:00:08,70.1665267910359
2024-05-24 00:00:02,77.9100305235757
2024-05-24 01:00:08,77.9480113933219
2024-05-24 02:00:08,78.7633112975896
2024-05-24 03:00:08,76.9829421142242
2024-05-24 04:00:08,76.8537464364173
2024-05-24 05:00:08,77.953510708731
2024-05-24 06:00:08,78.0721262316818
2024-05-24 12:00:08,77.6372409622984
2024-05-24 13:00:08,77.8244324815449
2024-05-24 14:00:08,77.7343344501613
2024-05-24 15:00:08,78.2429359620673
2024-05-24 16:00:08,78.217621036909
2024-05-24 17:00:08,77.8396049333615
2024-05-24 18:00:08,77.9941038656802
2024-05-24 19:00:08,77.846790809436
2024-05-24 20:00:08,77.9229673152978
2024-05-24 21:00:08,77.7962578396003
2024-05-24 22:00:08,77.8038595313176
2024-05-24 23:00:08,77.2139970822822
2024-05-25 00:00:01,77.06200114701
2024-05-25 01:00:08,76.8055900499227
2024-05-25 02:00:08,77.8342812815549
2024-05-25 03:00:08,77.1431473544874
2024-05-25 04:00:08,77.5150482232674
2024-05-25 09:00:08,77.0575526867898
2024-05-25 10:00:08,77.1418028430059
2024-05-25 11:00:08,77.4759942807696
2024-05-25 12:00:08,77.7217896285237
2024-05-25 13:00:08,77.3503985892858
2024-05-25 14:00:08,77.3676201475937
2024-05-25 15:00:08,77.050492440004
2024-05-25 16:00:08,76.9774826641473
2024-05-25 17:00:08,77.1270644345473
2024-05-25 18:00:08,77.4901338371817
2024-05-25 19:00:08,78.2391193006755
2024-05-25 20:00:08,78.231285416549
2024-05-25 21:00:08,78.012464682423
2024-05-25 22:00:08,77.0565620101006
2024-05-25 23:00:08,77.0341608438149
2024-05-26 00:00:00,76.9920817648525
2024-05-26 00:00:01,77.1035339680067
2024-05-26 01:00:08,77.3430909437355
2024-05-26 02:00:08,77.5985271672335
2024-05-26 03:00:08,76.9521170474925
2024-05-26 04:00:08,77.7144995370379
2024-05-26 05:00:08,77.1065247929035
2024-05-26 06:00:08,77.6187782021454
2024-05-26 09:00:08,77.3814577290546
2024-05-26 12:00:08,76.649299411549
2024-05-26 13:00:08,76.9947680737791
2024-05-26 14:00:08,77.1357800621733
2024-05-26 15:00:08,77.5970182213117
2024-05-26 16:00:08,76.8120298779795
2024-05-26 17:00:08,76.0621947699037
2024-05-26 18:00:08,76.6828352476093
2024-05-26 19:00:08,77.3761599714754
2024-05-26 20:00:08,77.1421511332573
2024-05-26 21:00:08,76.7828676501677
2024-05-26 22:00:08,76.849035444104
2024-05-26 23:00:08,77.5505175778682
2024-05-27 15:00:07,76.4330190413355
2024-05-27 16:00:07,76.8108600995746
2024-05-27 17:00:07,77.3047869802014
2024-05-27 18:00:07,76.905813417186
2024-05-27 20:00:07,76.7083331851949
2024-05-27 21:00:07,76.6366492722026
2024-05-27 22:00:07,77.2576655462247
2024-05-27 23:00:07,76.6375308968092
2024-05-28 00:00:00,75.6120240265021
2024-05-28 01:00:07,77.3186519376934
2024-05-28 02:00:07,76.4746139073118
2024-05-28 03:00:07,75.962059354833
2024-05-28 08:00:07,76.3497321469779
2024-05-28 10:00:07,76.8822008933083
2024-05-28 11:00:07,66.1587967043003
2024-05-28 12:00:07,76.5011230816469
2024-05-28 13:00:07,76.4142444227063
2024-05-28 14:00:07,77.3019567606779
2024-05-28 15:00:07,76.7915304208201
2024-05-28 16:00:07,76.0195000269658
2024-05-28 17:00:07,75.9706198699979
2024-05-28 18:00:07,76.3470742322615
2024-05-28 19:00:07,76.9917707632815
2024-05-28 20:00:07,77.0192705281174
2024-05-28 21:00:07,77.1112460533444
2024-05-28 22:00:07,77.3584973486525
2024-05-28 23:00:07,76.0750661719404
2024-05-29 00:00:01,76.1157003236587
2024-05-29 01:00:07,75.6777076592412
2024-05-29 02:00:07,76.4975282229828
2024-05-29 03:00:07,76.2412054708354
2024-05-29 04:00:07,76.5131489398356
2024-05-29 05:00:07,76.5738652171585
2024-05-29 06:00:07,76.1522861869908
2024-05-29 10:00:07,76.0971384702357
2024-05-29 11:00:05,77.4820262837436
2024-05-29 12:00:05,77.8209469122648
2024-05-29 13:00:05,76.2982251378919
2024-05-29 14:00:05,76.9349375466031
2024-05-29 15:00:05,77.2193765823049
2024-05-29 16:00:05,76.9217989627608
2024-05-29 17:00:05,76.2603171451281
2024-05-29 18:00:05,76.909758051806
2024-05-29 19:00:05,76.3723219020086
2024-05-29 20:00:05,76.9489862700561
2024-05-29 21:00:05,76.9067378321229
2024-05-29 22:00:05,76.1857405448842
2024-05-29 23:00:05,77.2486862166813
2024-05-30 00:00:01,
2024-05-30 01:00:05,
2024-05-30 02:00:05,
2024-05-30 03:00:05,
2024-05-30 04:00:05,
2024-05-30 05:00:05,
2024-05-30 06:00:05,
2024-05-30 07:00:05,
2024-05-30 09:00:05,
2024-05-30 10:00:05,
2024-05-30 11:00:08,
2024-05-30 12:00:08,
2024-05-30 13:00:08,
2024-05-30 14:00:08,
2024-05-30 15:00:05,
2024-05-30 16:00:05,
2024-05-30 17:00:05,
2024-05-30 18:00:05,
2024-05-30 19:00:05,
2024-05-30 20:00:05,
2024-05-30 21:00:05,
2024-05-30 22:00:05,
2024-05-30 23:00:05,
2024-05-31 01:00:05,102.533158522338
2024-05-31 03:00:05,102.151956114543
2024-05-31 16:00:08,102.3970339139
2024-05-31 17:00:08,102.47097254024
2024-05-31 18:00:08,102.330376929021
2024-05-31 19:00:08,102.572901716109
2024-05-31 20:00:08,102.670243951973
2024-05-31 21:00:08,102.678455313301
2024-05-31 22:00:08,102.301182373993
2024-05-31 23:00:08,102.331390586726
2024-06-01 00:00:01,101.596043496971
2024-06-01 01:00:08,102.507387439573
2024-06-01 02:00:08,102.209257418791
2024-06-01 03:00:08,102.104735989576
2024-06-01 04:00:08,102.494307233842
2024-06-01 06:00:08,102.359317420572
2024-06-03 10:00:07,102.694865972217
2024-06-03 11:00:07,101.915514987226
2024-06-03 12:00:07,102.864360383563
2024-06-03 13:00:07,101.219649035103
2024-06-03 14:00:07,102.04961365521
2024-06-03 15:00:07,103.421200366554
2024-06-03 16:00:07,100.216599704509
2024-06-03 17:00:07,101.966341761358
2024-06-03 18:00:07,102.702902326577
2024-06-03 19:00:07,103.763013034845
2024-06-03 20:00:07,104.605909161825
2024-06-03 21:00:07,101.84785163542
2024-06-03 22:00:07,103.785499082468
2024-06-03 23:00:07,103.369307702071
2024-06-04 00:00:00,99.9954941880418
2024-06-04 01:00:07,103.276626320062
2024-06-04 02:00:07,103.379608521938
2024-06-04 03:00:07,102.980773330543
2024-06-04 04:00:07,104.052868790115
2024-06-04 05:00:07,99.0882509187473
2024-06-04 18:00:05,99.8271024682662
2024-06-04 20:00:05,102.038351789678
2024-06-04 21:00:05,102.284459204679
2024-06-04 22:00:05,100.502421334158
2024-06-04 23:00:05,101.958139524811
2024-06-05 00:00:00,100.566170347143
2024-06-05 01:00:05,101.718324742597
2024-06-05 02:00:05,101.749361891478
2024-06-05 03:00:05,99.3431455401065
2024-06-05 04:00:05,101.480024515078
2024-06-05 05:00:05,103.283446828966
2024-06-05 06:00:05,102.574210275257
2024-06-05 07:00:05,102.374059590758
2024-06-05 09:00:05,102.258642984982
2024-06-05 10:00:05,101.938579157293
2024-06-05 11:00:05,105.394775378201
2024-06-05 12:00:05,100.839830858852
2024-06-05 13:00:05,104.219853290974
2024-06-05 14:00:05,103.306460716554
2024-06-05 15:00:05,101.565328989291
2024-06-05 16:00:05,100.79780553664
2024-06-05 17:00:05,101.019125979381
2024-06-05 18:00:05,102.490944758077
2024-06-05 19:00:05,104.231909912608
2024-06-05 20:00:05,100.987359462787
2024-06-05 21:00:05,104.074893734842
2024-06-05 22:00:05,102.082120697045
2024-06-05 23:00:05,103.373933025666
2024-06-06 00:00:00,102.552266592384
2024-06-06 01:00:05,101.28013952577
2024-06-06 02:00:05,104.488547319566
2024-06-06 03:00:05,104.117103301549
2024-06-06 04:00:05,103.051096369381
2024-06-06 05:00:05,102.481752985773
2024-06-06 06:00:05,104.333118093877
2024-06-06 09:00:05,102.331498887103
2024-06-06 10:00:05,102.617571090379
2024-06-06 11:00:05,100.262810176118
2024-06-06 12:00:05,101.350975955115
2024-06-06 13:00:05,
2024-06-06 14:00:05,
2024-06-06 15:00:05,
2024-06-06 16:00:05,101.80657587262
2024-06-06 17:00:05,103.404871397375
2024-06-06 18:00:05,104.019354288875
2024-06-06 19:00:05,100.782985602672
2024-06-06 20:00:05,104.154932705642
2024-06-06 21:00:05,102.482628574358
2024-06-06 22:00:05,101.43868323281
2024-06-06 23:00:05,102.336901484768
2024-06-07 00:00:00,77.1162541840968
2024-06-07 01:00:05,100.867097599675
2024-06-07 02:00:05,103.552767139119
2024-06-07 03:00:05,102.769518890928
2024-06-07 04:00:05,101.314494447962
2024-06-07 05:00:05,102.756405591809
2024-06-07 06:00:05,101.084194654684
2024-06-07 07:00:05,103.045032733504
2024-06-07 08:00:05,103.808414224993
2024-06-07 09:00:05,102.090189642567
2024-06-07 10:00:05,102.816527275359
2024-06-07 11:00:05,102.027259314188
2024-06-07 12:00:05,103.308284610313
2024-06-07 13:00:05,100.751255683127
2024-06-07 14:00:05,102.1630895897
2024-06-07 15:00:05,100.296891183863
2024-06-07 16:00:05,102.151108245324
2024-06-07 17:00:05,102.230284969606
2024-06-07 18:00:05,101.680060919943
2024-06-07 19:00:05,103.892765478944
2024-06-07 20:00:05,102.954302171914
2024-06-07 21:00:05,100.907020137299
2024-06-07 22:00:05,102.799638114448
2024-06-07 23:00:05,100.640718702538
2024-06-08 00:00:01,102.7783497124
2024-06-08 01:00:05,100.505154307433
2024-06-08 02:00:05,101.578567067835
2024-06-08 03:00:05,102.062573099739
2024-06-08 04:00:05,99.3890628185689
2024-06-08 05:00:05,102.02159703618
2024-06-08 06:00:05,100.384938397519
2024-06-08 07:00:05,101.450699551579
2024-06-08 10:00:05,
2024-06-08 22:00:05,101.572826693944
2024-06-09 01:00:05,102.349647951445
2024-06-09 02:00:05,100.644685736852
2024-06-09 03:00:05,100.969169802306
2024-06-09 04:00:05,103.114123779064
2024-06-09 05:00:05,100.882816521274
2024-06-09 06:00:05,101.404912969507
2024-06-09 11:00:05,104.73576076971
2024-06-09 12:00:05,101.488907279621
2024-06-09 13:00:05,98.541678341551
2024-06-09 14:00:05,101.710633673817
2024-06-09 15:00:05,100.721729979421
2024-06-09 16:00:05,102.673774951661
2024-06-09 17:00:05,104.109475358316
2024-06-09 18:00:05,100.843216487363
2024-06-09 19:00:05,100.69086086323
2024-06-09 20:00:05,101.730824192387
2024-06-09 21:00:05,101.746224639549
2024-06-09 22:00:05,102.79871407077
2024-06-09 23:00:05,101.201281397333
2024-06-10 00:00:02,103.341172540546
2024-06-10 01:00:05,102.746067662493
2024-06-10 02:00:05,101.612134695505
2024-06-10 03:00:05,102.219128106827
2024-06-10 04:00:05,101.101556492168
2024-06-10 05:00:05,103.220826839387
2024-06-10 06:00:05,101.49001283567
2024-06-10 07:00:05,102.552024105574
2024-06-10 12:00:05,102.617291882234
2024-06-10 13:00:05,101.768981455779
2024-06-10 14:00:05,86.4873120971592
2024-06-10 15:00:05,101.292436051009
2024-06-10 16:00:05,104.207643957575
2024-06-10 17:00:05,102.416304641213
2024-06-10 18:00:05,102.492637571512
2024-06-10 19:00:05,101.594456361656
2024-06-10 20:00:05,103.891869661745
2024-06-10 21:00:05,102.262556022938
2024-06-10 22:00:05,101.577700574139
2024-06-10 23:00:05,100.74278472906
2024-06-11 00:00:02,100.935702916692
2024-06-11 01:00:05,103.535673928722
2024-06-11 02:00:05,100.216827269758
2024-06-11 03:00:05,101.259393713183
2024-06-11 04:00:05,101.110441707185
2024-06-11 05:00:05,101.92826330076
2024-06-11 06:00:05,100.618624974253
2024-06-11 07:00:05,100.324192298116
2024-06-11 09:00:05,101.669093188158
2024-06-11 10:00:05,101.25255206003
2024-06-11 11:00:05,102.435119750156
2024-06-11 12:00:05,101.327346662141
2024-06-11 13:00:05,100.830950847105
2024-06-11 14:00:05,101.410787992732
2024-06-11 15:00:05,102.991786102483
2024-06-11 16:00:05,102.431578525615
2024-06-11 17:00:05,102.201072240844
2024-06-11 18:00:05,99.5656672478662
2024-06-11 19:00:05,102.159229006022
2024-06-11 20:00:05,99.4606223718268
2024-06-11 21:00:05,102.306596659167
2024-06-11 22:00:05,100.837943664102
2024-06-11 23:00:05,101.39299379108
2024-06-12 00:00:01,101.441628949894
2024-06-12 01:00:05,102.823445506932
2024-06-12 02:00:05,101.779181295019
2024-06-12 03:00:05,102.933620940625
2024-06-12 04:00:05,100.981762123629
2024-06-12 05:00:05,100.017667060704
2024-06-12 06:00:05,101.707487142006
2024-06-12 07:00:05,102.402185958762
2024-06-12 08:00:05,103.397554185683
2024-06-12 09:00:05,101.110973041939
2024-06-12 10:00:05,107.720431774829
2024-06-12 11:00:05,101.789966359522
2024-06-12 12:00:05,101.951813637763
2024-06-12 13:00:05,101.17142087948
2024-06-13 05:00:05,101.713895249377
2024-06-13 06:00:05,99.9771098107064
2024-06-13 09:00:05,99.5604795962899
2024-06-13 11:00:05,101.682115271716
2024-06-13 12:00:05,114.68331158677
2024-06-13 13:00:05,102.070509062695
2024-06-13 14:00:05,101.569599267539
2024-06-13 15:00:05,99.6966623339178
2024-06-13 16:00:05,99.2815225205548
2024-06-13 17:00:05,98.8557600067277
2024-06-13 18:00:05,101.360600833271
2024-06-13 19:00:05,100.973576828668
2024-06-13 20:00:05,99.4367726365491
2024-06-13 21:00:05,98.9703107713539
2024-06-13 22:00:05,100.735191651223
2024-06-13 23:00:05,100.380965864732
2024-06-14 00:00:02,100.042565298508
2024-06-14 01:00:05,97.8351082123062
2024-06-14 02:00:05,100.472667335864
2024-06-14 03:00:05,99.3831171592612
2024-06-14 04:00:05,100.944215804373
2024-06-14 05:00:05,100.927048693977
2024-06-14 06:00:05,100.87581490168
2024-06-14 07:00:05,102.408680417677
2024-06-14 09:00:05,101.494413261734
2024-06-14 10:00:05,100.945682704439
2024-06-14 12:00:05,102.972379456783
2024-06-14 13:00:05,100.204249456456
2024-06-14 14:00:05,102.472876435553
2024-06-14 15:00:05,103.100059194494
2024-06-14 16:00:05,98.6524709965764
2024-06-14 17:00:05,101.009779057242
2024-06-14 18:00:05,101.200596527409
2024-06-14 19:00:05,100.235544720111
2024-06-14 20:00:05,98.9677260519698
2024-06-14 21:00:05,100.76202175398
2024-06-14 22:00:05,101.440644307695
2024-06-14 23:00:05,100.660159267993
2024-06-15 00:00:02,99.0581616771423
2024-06-15 01:00:05,101.571129595369
2024-06-15 02:00:05,96.7474427343115
2024-06-15 03:00:05,100.691813762574
2024-06-15 04:00:05,99.885196379983
2024-06-15 05:00:05,100.919420084878
2024-06-15 06:00:05,100.698358873858
2024-06-15 07:00:05,101.401745681243
2024-06-15 08:00:05,101.12569027343
2024-06-15 09:00:05,101.321926900842
2024-06-15 10:00:05,101.054942404239
2024-06-15 11:00:05,100.254096024013
2024-06-15 12:00:05,100.17565283772
2024-06-15 13:00:05,100.851664153507
2024-06-15 14:00:05,101.539463462038
2024-06-15 15:00:05,101.545199505441
2024-06-15 16:00:05,100.181091924293
2024-06-15 17:00:05,99.9774337507122
2024-06-15 18:00:05,100.383538072651
2024-06-15 19:00:05,102.126678480884
2024-06-15 20:00:05,100.777398649017
2024-06-15 21:00:05,103.296763563533
2024-06-15 22:00:05,103.928093247952
2024-06-15 23:00:05,100.828007663613
2024-06-16 00:00:02,98.9888667058728
2024-06-16 01:00:05,98.6992560867196
2024-06-16 02:00:05,102.092957932489
2024-06-16 03:00:05,99.9425297322246
2024-06-16 04:00:05,101.578589856987
2024-06-16 05:00:05,99.2363385281081
2024-06-16 06:00:05,101.579151604102
2024-06-16 10:00:05,100.44771371481
2024-06-16 11:00:05,102.31473412313
2024-06-16 12:00:05,100.836176187216
2024-06-16 13:00:05,101.681800830673
2024-06-16 14:00:05,101.438025458109
2024-06-16 15:00:05,101.626964487681
2024-06-16 16:00:05,99.7764060737926
2024-06-16 17:00:05,100.210917054783
2024-06-16 19:00:05,99.1864592310338
2024-06-17 07:00:05,100.886424018872
2024-06-17 09:00:05,102.712582627245
2024-06-17 10:00:05,102.116180205232
2024-06-17 11:00:05,100.675909594394
2024-06-17 12:00:05,101.81125490278
2024-06-17 13:00:05,103.370430489893
2024-06-17 14:00:05,102.882670146717
2024-06-17 15:00:05,101.090370861423
2024-06-17 16:00:05,101.002651659552
2024-06-17 17:00:05,98.9859463964635
2024-06-17 18:00:05,100.772506870709
2024-06-17 19:00:05,101.439497937938
2024-06-17 20:00:05,101.320569197263
2024-06-17 21:00:05,96.9903294664607
2024-06-17 22:00:05,100.77301604602
2024-06-17 23:00:05,100.39725181121
2024-06-18 00:00:02,101.817858765263
2024-06-18 01:00:05,99.9231935062149
2024-06-18 02:00:05,99.180165027578
2024-06-18 03:00:05,102.218988509567
2024-06-18 04:00:05,102.825328614877
2024-06-18 05:00:05,98.2041318656529
2024-06-18 06:00:05,102.405799782568
2024-06-18 07:00:05,101.844872825779
2024-06-18 10:00:05,100.056597772696
2024-06-18 11:00:05,102.028156806
2024-06-18 12:00:05,98.4888600627122
2024-06-18 13:00:05,99.3158210417505
2024-06-18 14:00:05,100.032719071644
2024-06-18 15:00:05,102.06644712893
2024-06-18 16:00:05,109.063622628302
2024-06-18 17:00:05,102.385694063756
2024-06-18 18:00:05,100.958339223172
2024-06-18 19:00:05,100.503309170741
2024-06-18 20:00:05,100.290243570379
2024-06-18 21:00:05,101.3211559071
2024-06-18 23:00:05,101.083767580068
2024-06-19 00:00:01,99.4937884885346
2024-06-19 01:00:05,100.366932960566
2024-06-19 02:00:05,102.091627070464
2024-06-19 03:00:05,102.813443679752
2024-06-19 04:00:05,102.916146226452
2024-06-19 05:00:05,102.140457907262
2024-06-19 06:00:05,101.090046379916
2024-06-19 07:00:05,100.1769153685
2024-06-19 08:00:05,98.4888868491673
2024-06-19 09:00:05,100.537193861044
2024-06-19 10:00:05,98.7888636792548
2024-06-19 11:00:05,100.598017088798
2024-06-19 12:00:05,100.683912135086
2024-06-19 13:00:05,100.176574851359
2024-06-19 14:00:05,100.796367206939
2024-06-19 15:00:05,99.8996481065618
2024-06-19 16:00:05,100.826140365674
2024-06-19 17:00:05,99.7132123732758
2024-06-19 18:00:05,100.727094187892
2024-06-19 19:00:05,101.283913540685
2024-06-19 20:00:05,99.7841411097373
2024-06-19 21:00:05,102.544995297849
2024-06-19 22:00:05,100.657988498249
2024-06-19 23:00:05,100.716765398868
2024-06-20 00:00:02,102.42778452084
2024-06-20 01:00:05,101.252240095747
2024-06-20 02:00:05,102.26370397347
2024-06-20 03:00:05,100.358188061844
2024-06-20 04:00:05,101.723289022692
2024-06-20 05:00:05,99.4540569701201
2024-06-20 06:00:05,100.01180927095
2024-06-20 07:00:05,98.2926395692298
2024-06-20 08:00:05,101.857649230023
2024-06-20 09:00:05,100.769842757008
2024-06-20 10:00:05,101.536760821077
2024-06-20 11:00:05,99.9636948357623
2024-06-20 12:00:05,99.0779430794905
2024-06-20 13:00:05,98.4003514800319
2024-06-20 14:00:05,99.0316506386075
2024-06-20 15:00:05,102.908662266386
2024-06-20 16:00:05,100.157595651853
2024-06-20 17:00:05,98.3501523990742
2024-06-20 18:00:05,
2024-06-20 19:00:05,
2024-06-20 20:00:05,
2024-06-21 10:00:05,
2024-06-21 11:00:05,101.190147548202
2024-06-21 12:00:05,101.074714460344
2024-06-21 13:00:05,100.40740741551
2024-06-21 14:00:05,100.109233069399
2024-06-21 15:00:05,100.168873713636
2024-06-21 16:00:05,98.6534465296931
2024-06-21 17:00:05,103.110807774562
2024-06-21 18:00:05,100.237907681932
2024-06-21 19:00:05,101.017936965706
2024-06-21 20:00:05,100.598144382186
2024-06-21 21:00:05,99.7269582941955
2024-06-21 22:00:05,100.449356726183
2024-06-21 23:00:05,101.079471730756
2024-06-22 00:00:00,99.0236746983133
2024-06-22 01:00:05,99.0074208850027
2024-06-22 02:00:05,97.5746601872229
2024-06-22 03:00:05,101.889087689104
2024-06-22 04:00:05,101.444822839872
2024-06-22 05:00:05,100.956155472191
2024-06-22 06:00:05,98.6575953633798
2024-06-22 07:00:05,99.6068187264709
2024-06-22 08:00:05,98.0802113499881
2024-06-22 11:00:05,101.107158264802
2024-06-22 12:00:05,98.1099248694669
2024-06-22 13:00:05,100.851992254099
2024-06-22 14:00:05,99.6292122588813
2024-06-22 15:00:05,99.2642285232346
2024-06-22 16:00:05,99.349201359177
2024-06-22 17:00:05,101.36288672474
2024-06-22 18:00:05,102.12089844775
2024-06-22 19:00:05,98.4706273866038
2024-06-22 20:00:05,98.8779854497533
2024-06-22 21:00:05,98.5039626860979
2024-06-22 22:00:05,97.7453739726897
2024-06-22 23:00:05,99.971333086265
2024-06-23 00:00:00,97.5533132178905
2024-06-23 01:00:05,98.3682457514557
2024-06-23 02:00:05,101.089680296972
2024-06-23 03:00:05,99.8265306003823
2024-06-23 04:00:05,99.8928273921034
2024-06-23 05:00:05,100.106738495183
2024-06-23 06:00:05,101.547361737081
2024-06-23 07:00:05,97.6840413504999
2024-06-23 09:00:05,100.007229460988
2024-06-23 10:00:05,100.164582323255
2024-06-23 11:00:05,99.8060515430775
2024-06-23 12:00:05,99.5086897395821
2024-06-23 13:00:05,99.7483429482272
2024-06-23 14:00:05,97.7750777522213
2024-06-23 15:00:05,99.0126226590585
2024-06-23 16:00:05,102.48622359987
2024-06-23 17:00:05,98.7346636572699
2024-06-23 18:00:05,98.8499251782928
2024-06-23 19:00:05,99.9195114087999
2024-06-23 20:00:05,100.349654963551
2024-06-23 21:00:05,98.6045552874265
2024-06-23 22:00:05,100.104691663347
2024-06-23 23:00:05,100.175636099642
2024-06-24 00:00:01,99.8616443173946
2024-06-24 01:00:05,101.526760766077
2024-06-24 02:00:05,101.861551956471
2024-06-24 03:00:05,99.2449998301677
2024-06-24 04:00:05,100.522975403286
2024-06-24 05:00:05,100.52293590917
2024-06-24 06:00:05,100.846595180016
2024-06-24 07:00:05,98.8194304194642
2024-06-24 09:00:05,100.68192853585
2024-06-24 10:00:05,102.157221400023
2024-06-24 11:00:05,101.156613074663
2024-06-24 12:00:05,98.9763966775281
2024-06-24 13:00:05,98.5542158226414
2024-06-24 14:00:05,101.813414841217
2024-06-24 15:00:05,100.097683659135
2024-06-24 16:00:05,100.15562436632
2024-06-24 17:00:05,97.8971987813839
2024-06-24 18:00:05,98.4458599947666
2024-06-24 19:00:05,100.869561840946
2024-06-24 20:00:05,99.9995783080504
2024-06-24 21:00:05,102.483188408559
2024-06-24 22:00:05,97.5936854177879
2024-06-24 23:00:05,98.5380899923311
2024-06-25 00:00:00,98.4695314992392
2024-06-25 15:00:05,100.503965112628
2024-06-25 16:00:05,100.773506057905
2024-06-25 17:00:05,97.5715610759278
2024-06-25 18:00:05,100.127290082394
2024-06-25 19:00:05,103.454520519946
2024-06-25 20:00:05,102.214612254257
2024-06-25 21:00:05,114.07183133801
2024-06-25 22:00:05,100.06038557745
2024-06-26 00:00:00,100.344164392431
2024-06-26 01:00:05,99.7124794195611
2024-06-26 02:00:05,97.3120912582051
2024-06-26 03:00:05,
2024-06-26 04:00:05,
2024-06-26 05:00:05,
2024-06-26 06:00:05,
2024-06-26 07:00:05,98.7367401526099
2024-06-26 08:00:05,99.7733532301353
2024-06-26 09:00:05,99.8035325577491
2024-06-26 10:00:05,75.5858737594135
2024-06-26 11:00:05,103.199809033707
2024-06-26 12:00:05,98.9636597374191
2024-06-26 13:00:05,100.262729438485
2024-06-26 14:00:05,99.8019672491537
2024-06-26 15:00:05,98.0547532560706
2024-06-26 16:00:05,102.224487897758
2024-06-26 17:00:05,102.315666381026
2024-06-26 18:00:05,98.4982738455016
2024-06-26 19:00:05,97.8288032094128
2024-06-26 20:00:05,101.08687903427
2024-06-26 21:00:05,98.6347603494355
2024-06-26 22:00:05,100.306623590961
2024-06-26 23:00:05,99.6373202967595
2024-06-27 00:00:01,100.878889296872
2024-06-27 01:00:05,102.464416553002
2024-06-27 02:00:05,98.8033813039859
2024-06-27 03:00:05,99.6982520678209
2024-06-27 04:00:05,100.309081672493
2024-06-27 05:00:05,99.0223212580017
2024-06-27 06:00:05,99.5999462768439
2024-06-27 07:00:05,98.5153140230701
2024-06-27 08:00:05,101.807728463095
2024-06-27 09:00:05,100.263475241007
2024-06-27 10:00:05,101.507737153283
2024-06-27 11:00:05,97.4237322068232
2024-06-27 12:00:05,101.573868660234
2024-06-27 13:00:05,99.7372179930697
2024-06-27 14:00:05,98.5587582364956
2024-06-27 15:00:05,100.950974280593
2024-06-27 16:00:05,97.4944519560371
2024-06-27 17:00:05,99.8929716669496
2024-06-27 18:00:05,99.755624518954
2024-06-27 19:00:05,101.326333172614
2024-06-27 20:00:05,101.494247298625
2024-06-27 21:00:05,97.6557414517745
2024-06-27 22:00:05,99.6931387166218
2024-06-27 23:00:05,99.7428041739781
2024-06-28 00:00:01,100.203590001847
2024-06-28 01:00:05,102.295479523994
2024-06-28 02:00:05,99.8929963098686
2024-06-28 03:00:05,99.4296561829491
2024-06-28 04:00:05,99.9863021352063
2024-06-28 05:00:05,99.5125893956048
2024-06-28 06:00:05,101.493441599469
2024-06-28 08:00:05,100.815970527947
2024-06-28 10:00:05,100.361057048203
2024-06-28 12:00:05,99.6243005089274
2024-06-28 13:00:05,99.8581506835624
2024-06-28 14:00:05,100.111337268699
2024-06-28 16:00:05,98.1516769096861
2024-06-28 17:00:05,99.7428891887232
2024-06-28 19:00:05,98.4242462443922
2024-06-28 21:00:05,100.133167979977
2024-06-28 22:00:05,98.0942725849308
2024-06-28 23:00:05,101.301131466027
2024-06-29 00:00:01,101.513191287222
2024-06-29 01:00:05,99.5181978065959
2024-06-29 02:00:05,96.7432336037753
2024-06-29 03:00:05,100.964151061352
2024-06-29 04:00:05,98.2796046152222
2024-06-29 18:00:05,98.6170398027865
2024-06-29 19:00:05,99.8532979843867
2024-06-29 20:00:05,100.181192169327
2024-06-29 21:00:05,99.5705219799641
2024-06-29 22:00:05,100.057680555115
2024-06-29 23:00:05,97.8429573695649
2024-06-30 00:00:01,97.8644655327804
2024-06-30 01:00:05,100.338188384826
2024-06-30 02:00:05,102.535804866468
2024-06-30 03:00:05,100.175120806402
2024-06-30 04:00:05,99.7091401999752
2024-06-30 05:00:05,99.7721550525257
2024-06-30 06:00:05,99.5354007807353
2024-06-30 07:00:05,99.526635200753
2024-06-30 08:00:05,99.9574177306059
2024-06-30 09:00:05,98.555494470209
2024-06-30 10:00:05,101.449335946334
2024-06-30 11:00:05,97.116062955971
2024-06-30 12:00:05,98.5239873186936
2024-06-30 13:00:05,100.159917842911
2024-06-30 14:00:05,100.038039449925
2024-06-30 15:00:05,100.672214159708
2024-06-30 16:00:05,101.186264329604
2024-06-30 17:00:05,98.6347484159494
2024-06-30 18:00:05,99.8629843216486
2024-06-30 19:00:05,99.3054347439151
2024-06-30 20:00:05,99.5775000882453
2024-06-30 21:00:05,100.368275025688
2024-06-30 22:00:05,98.211058400181
2024-07-01 00:00:00,100.674651353739
2024-07-01 01:00:05,98.6449251660375
2024-07-01 02:00:05,100.62531597421
2024-07-01 03:00:05,96.9865292794086
2024-07-01 04:00:05,104.533440649341
2024-07-01 05:00:05,97.8710138404885
2024-07-01 06:00:05,99.8632678562955
2024-07-01 07:00:05,100.25942297236
2024-07-01 08:00:05,100.913978035447
2024-07-01 09:00:05,97.5421608977094
2024-07-01 11:00:03,101.893404678561
2024-07-01 12:00:03,100.842367082403
2024-07-01 13:00:03,100.126396643538
2024-07-01 14:00:03,100.559207977106
2024-07-01 15:00:03,99.3663955049257
2024-07-01 16:00:03,100.924563539615
2024-07-01 17:00:03,99.3879598702193
2024-07-01 18:00:03,96.1682997134199
2024-07-01 19:00:03,102.284036836555
2024-07-01 21:00:03,101.948648081469
2024-07-01 22:00:03,98.1551702792223
2024-07-01 23:00:03,100.955883469189
2024-07-02 00:00:00,99.8413185543188
2024-07-02 01:00:03,97.4076284677239
2024-07-02 02:00:03,97.7638920662343
2024-07-02 03:00:03,101.168968897219
2024-07-02 04:00:03,101.254881347093
2024-07-02 05:00:03,100.49579713144
2024-07-02 06:00:03,98.7311076825333
2024-07-02 07:00:03,96.4582144212658
2024-07-02 08:00:03,96.840252763832
2024-07-02 09:00:03,99.4521599326315
2024-07-02 10:00:03,98.0478175416877
2024-07-02 11:00:03,
2024-07-02 12:00:03,
2024-07-02 13:00:03,99.8956967779545
2024-07-02 14:00:03,100.852665988438
2024-07-02 15:00:03,111.397218331227
2024-07-02 16:00:03,99.1363296802825
2024-07-02 17:00:03,97.3118014008703
2024-07-02 18:00:03,96.4438755786393
2024-07-02 19:00:03,98.6597851825931
2024-07-02 20:00:03,96.839898223003
2024-07-02 21:00:03,102.689133749549
2024-07-02 22:00:03,97.6514497410849
2024-07-02 23:00:03,99.2240893375928
2024-07-03 01:00:03,
2024-07-03 02:00:03,
2024-07-03 03:00:03,
2024-07-03 04:00:03,
2024-07-03 05:00:03,
2024-07-03 06:00:03,97.6523822854652
2024-07-03 07:00:03,97.0541756901424
2024-07-03 08:00:03,100.547269657095
2024-07-03 23:00:03,98.7932587513885
2024-07-04 00:00:00,98.0111183283033
2024-07-04 01:00:03,102.624909704427
2024-07-04 02:00:03,92.3942334188551
2024-07-04 03:00:03,99.467404978766
2024-07-04 04:00:03,100.987731423524
2024-07-04 05:00:03,98.9297834482385
2024-07-04 06:00:03,99.2810099284095
2024-07-04 07:00:03,102.675535686058
2024-07-04 10:00:03,98.3340225064375
2024-07-04 11:00:03,97.1817849343586
2024-07-04 12:00:03,101.385470207937
2024-07-04 13:00:03,97.675430688055
2024-07-04 14:00:03,98.6115377283039
2024-07-04 15:00:03,97.7723574413629
2024-07-04 16:00:03,94.5987177154659
2024-07-04 17:00:03,96.439636601087
2024-07-04 18:00:03,98.8655196871954
2024-07-05 00:00:03,98.0246711550738
2024-07-05 06:00:03,96.5945132242151
2024-07-05 12:00:03,100.001784625484
2024-07-05 18:00:03,95.9401133415508
2024-07-06 00:00:03,99.2920933292762
2024-07-06 06:00:03,98.4095982829214
2024-07-06 12:00:03,100.187794891756
2024-07-06 18:00:03,101.068302233406
2024-07-07 00:00:03,98.8018720193271
2024-07-07 06:00:03,99.4920577563091
2024-07-07 12:00:03,98.7245056718823
2024-07-07 18:00:03,97.5288879328126
2024-07-08 00:00:03,99.8679768958833
2024-07-08 06:00:03,95.5323687133575
2024-07-08 12:00:03,98.8369963415151
2024-07-08 18:00:03,95.9439109138233
2024-07-09 00:00:03,98.5922335957199
2024-07-09 06:00:03,96.8512585203691
2024-07-09 12:00:03,98.6907781606344
2024-07-09 18:00:03,99.2261825774795
2024-07-10 00:00:03,97.8669445021174
2024-07-10 06:00:03,98.6468831912461
2024-07-10 12:00:03,99.3824924977752
2024-07-10 18:00:03,97.4764927017138
2024-07-11 00:00:03,96.4855263582228
2024-07-11 06:00:03,100.115901017434
2024-07-11 12:00:03,100.238452901488
2024-07-11 18:00:03,100.382901327044
2024-07-12 00:00:03,99.8340501069759
2024-07-12 06:00:03,97.6319178080685
2024-07-12 12:00:03,97.7219326990201
2024-07-12 18:00:03,95.5956875652934
2024-07-13 00:00:03,96.0770598599364
2024-07-13 06:00:03,96.958018138563
2024-07-13 12:00:03,100.105541139246
2024-07-13 18:00:03,96.542573898612
2024-07-14 00:00:03,100.154549305362
2024-07-14 06:00:03,99.1112661745212
2024-07-14 12:00:03,98.0566924414727
2024-07-14 18:00:03,99.8766370056708
2024-07-15 00:00:03,98.8459841349348
2024-07-15 06:00:03,90.515385882636
2024-07-15 12:00:03,97.4278752818179
2024-07-15 18:00:03,100.711997953502
2024-07-16 00:00:03,93.8930755248082
2024-07-16 06:00:03,96.9907531258403
2024-07-16 12:00:03,94.9769766698653
2024-07-16 18:00:03,96.1061680466597
2024-07-17 00:00:03,100.235615340539
2024-07-17 06:00:03,99.5870864048173
2024-07-17 12:00:03,96.5909609410489
2024-07-17 18:00:03,98.3740342020229
2024-07-18 00:00:03,97.0211441114009
2024-07-18 06:00:03,96.8921756632029
2024-07-18 12:00:03,102.318933289995
2024-07-18 18:00:03,98.1478604500467
2024-07-19 00:00:03,100.341579979117
2024-07-19 06:00:03,97.8407040639698
2024-07-19 12:00:03,99.0183040389883
2024-07-19 18:00:03,98.4335690160628
2024-07-20 00:00:03,100.590920260426
2024-07-20 06:00:03,100.306606084116
2024-07-20 12:00:03,99.2807706905612
2024-07-20 18:00:03,97.3221380822483
2024-07-21 00:00:03,98.0843912340568
2024-07-21 06:00:03,97.4283532887273
2024-07-21 12:00:03,96.2341055649395
2024-07-21 18:00:03,97.4199782894291
2024-07-22 00:00:03,99.3304919510278
2024-07-22 06:00:03,96.4311416214396
2024-07-22 12:00:03,98.8265261947616
2024-07-22 18:00:03,97.433290301367
2024-07-23 00:00:03,100.901811239337
2024-07-23 06:00:03,95.7857494287864
2024-07-23 12:00:03,95.9114013528066
2024-07-23 18:00:03,97.1299782481583
2024-07-24 00:00:03,96.5820245615281
2024-07-24 06:00:03,98.5519574886508
2024-07-24 12:00:03,98.4793858903807
2024-07-24 18:00:03,98.435207570863
2024-07-25 00:00:03,96.1076203741498
2024-07-25 06:00:03,98.7641429421293
2024-07-25 12:00:03,97.2531767969529
2024-07-25 18:00:03,99.738950404058
2024-07-26 00:00:03,96.5007509394411
2024-07-26 06:00:03,99.7977529059302
2024-07-26 12:00:03,96.935940862699
2024-07-26 18:00:03,100.147174729723
2024-07-27 00:00:03,96.4694157621316
2024-07-27 06:00:03,101.454189838083
2024-07-27 12:00:03,98.2164910450719
2024-07-27 18:00:03,98.6430378402162
2024-07-28 00:00:03,97.5766100696864
2024-07-28 06:00:03,97.4746780733505
2024-07-28 12:00:03,98.9888541896364
2024-07-28 18:00:03,95.7554452415698
2024-07-29 00:00:03,95.9470838271265
2024-07-29 06:00:03,97.7936088165027
2024-07-29 12:00:03,97.8381502115542
2024-07-29 18:00:03,92.1594592572424
2024-07-30 00:00:03,99.2048813499108
2024-07-30 06:00:03,95.9362416733715
2024-07-30 12:00:03,97.4322647178784
2024-07-30 18:00:03,95.5552592600515
2024-07-31 00:00:03,94.0470537399137
2024-07-31 06:00:03,92.6799135357763
2024-07-31 12:00:03,96.9501458130796
2024-07-31 18:00:03,95.3217929969928
2024-08-01 00:00:03,88.7620150152608
2024-08-01 06:00:03,100.340610012667
2024-08-01 12:00:03,94.9324090400561
2024-08-01 18:00:03,101.03360760899
2024-08-02 00:00:03,
2024-08-02 06:00:03,
2024-08-02 12:00:03,
2024-08-02 18:00:03,
2024-08-03 00:00:03,106.308907495949
2024-08-03 06:00:03,104.571837374182
2024-08-03 12:00:03,104.477494318054
2024-08-03 18:00:03,103.734806305611
2024-08-04 00:00:03,107.857159420394
2024-08-04 06:00:03,102.669849223193
2024-08-04 12:00:03,103.848970761928
2024-08-04 18:00:03,105.612831302008
2024-08-05 00:00:03,107.226375728763
2024-08-05 06:00:03,106.341975457589
2024-08-05 12:00:03,106.733530849798
2024-08-05 18:00:03,105.110736062877
2024-08-06 00:00:03,139.389191501083
2024-08-06 06:00:03,104.952753690207
2024-08-06 12:00:03,100.152348813834
2024-08-06 18:00:03,108.423446507076
2024-08-07 00:00:03,109.826733659956
2024-08-07 06:00:03,108.907285605591
2024-08-07 12:00:03,104.937406733297
2024-08-07 18:00:03,98.8674543514553
2024-08-08 00:00:03,105.425558595983
2024-08-08 06:00:03,99.4856477655732
2024-08-08 12:00:03,98.4043750417489
2024-08-08 18:00:03,112.301332028844
2024-08-09 00:00:03,109.171670930551
2024-08-09 06:00:03,104.782674463145
2024-08-09 12:00:03,105.478566459405
2024-08-09 18:00:03,104.412086396404
2024-08-10 00:00:03,108.619145709643
2024-08-10 06:00:03,102.097476927359
2024-08-10 12:00:03,111.743822836252
2024-08-10 18:00:03,109.92067013875
2024-08-11 00:00:03,112.089150121376
2024-08-11 06:00:03,107.253682010579
2024-08-11 12:00:03,104.975257585201
2024-08-11 18:00:03,106.194356524168
2024-08-12 00:00:03,111.088053946555
2024-08-12 06:00:03,101.721580429267
2024-08-12 12:00:03,101.630248061531
2024-08-12 18:00:03,104.751429153859
2024-08-13 00:00:03,107.913683300015
2024-08-13 06:00:03,103.92998997423
2024-08-13 12:00:03,107.154597355906
2024-08-13 18:00:03,112.119158428171
2024-08-14 00:00:03,106.544406549095
2024-08-14 06:00:03,104.645935679482
2024-08-14 12:00:03,104.145315981664
2024-08-14 18:00:03,106.250174987646
2024-08-15 00:00:03,107.675868394078
2024-08-15 06:00:03,102.8674227501
2024-08-15 12:00:03,109.258468159383
2024-08-15 18:00:03,101.814713542863
2024-08-16 00:00:03,103.324924992646
2024-08-16 06:00:03,100.615630714596
2024-08-16 12:00:03,104.635028361546
2024-08-16 18:00:03,101.42872703665
2024-08-17 00:00:03,106.588635824159
2024-08-17 06:00:03,114.012147659924
2024-08-17 12:00:03,107.570877239028
2024-08-17 18:00:03,106.362241979456
2024-08-18 00:00:03,107.900485741801
2024-08-18 06:00:03,103.546049947327
2024-08-18 12:00:03,112.190306277819
2024-08-18 18:00:03,107.671735739419
2024-08-19 00:00:03,104.794003128638
2024-08-19 06:00:03,103.508021436417
2024-08-19 12:00:03,106.13787574383
2024-08-19 18:00:03,105.483608473261
2024-08-20 00:00:03,106.433142770438
2024-08-20 06:00:03,106.986301138767
2024-08-20 12:00:03,100.596295970697
2024-08-20 18:00:03,106.365265119245
2024-08-21 00:00:03,101.051689235965
2024-08-21 06:00:03,96.2053090235298
2024-08-21 12:00:03,110.157471639415
2024-08-21 18:00:03,101.301265066552
2024-08-22 00:00:03,101.537030511823
2024-08-22 06:00:03,102.668629147363
2024-08-22 12:00:03,106.222292252954
2024-08-22 18:00:03,103.683875258696
2024-08-23 00:00:03,103.190945568681
2024-08-23 06:00:03,107.968951200095
2024-08-23 12:00:03,110.72959298143
2024-08-23 18:00:03,103.990223880438
2024-08-24 00:00:03,102.958792772229
2024-08-24 06:00:03,101.98917130172
2024-08-24 12:00:03,111.060779840944
2024-08-24 18:00:03,98.2732325533553
2024-08-25 00:00:03,105.922302049783
2024-08-25 06:00:03,105.581045349177
2024-08-25 12:00:03,101.726037234741
2024-08-25 18:00:03,108.39895710978
2024-08-26 00:00:03,101.068586178727
2024-08-26 06:00:03,108.993474473134
2024-08-26 15:00:01,105.358980073011
2024-08-26 16:00:01,107.658882247397
2024-08-26 17:00:01,103.750316695846
2024-08-26 18:00:01,103.018526987901
2024-08-26 19:00:01,107.539268455166
2024-08-26 20:00:01,106.646536947853
2024-08-26 21:00:01,109.197059764294
2024-08-27 08:00:01,107.680579729312
2024-08-27 09:00:01,102.341003661166
2024-08-27 10:00:01,101.049383327634
2024-08-27 11:00:01,107.359835475327
2024-08-27 12:00:01,107.234071621328
2024-08-27 13:00:01,105.859970551432
2024-08-27 14:00:01,98.5458699342841
2024-08-27 15:00:01,99.4506949444718
2024-08-27 16:00:01,106.842054410787
2024-08-27 17:00:01,101.097057768863
2024-08-27 18:00:01,105.186300011903
2024-08-27 19:00:01,109.461371523628
2024-08-27 20:00:01,105.476474548328
2024-08-27 21:00:01,107.584113710131
2024-08-27 22:00:01,101.291165020757
2024-08-27 23:00:01,110.737425805151
2024-08-28 00:00:01,105.025692334732
2024-08-28 01:00:01,111.192418483587
2024-08-28 02:00:01,103.414624461484
2024-08-28 03:00:01,102.409018035348
2024-08-28 04:00:01,101.811872688957
2024-08-28 05:00:01,106.543500363975
2024-08-28 06:00:01,104.230623771648
2024-08-28 07:00:01,101.035672564854
2024-08-28 08:00:01,105.658256281769
2024-08-28 09:00:01,102.815509585296
2024-08-28 10:00:01,96.9025108432355
2024-08-28 11:00:01,108.971855428723
2024-08-28 12:00:01,105.209101886024
2024-08-28 13:00:01,97.5527183467208
2024-08-28 14:00:01,103.889181245978
2024-08-28 15:00:01,103.514078557664
2024-08-28 16:00:01,111.296680612433
2024-08-28 17:00:01,100.313660178775
2024-08-28 18:00:01,101.278493425043
2024-08-28 19:00:01,104.832609217036
2024-08-28 20:00:01,104.744193435353
2024-08-28 21:00:01,105.382325343929
2024-08-28 22:00:01,105.472400595636
2024-08-28 23:00:01,99.4644295649127
2024-08-29 00:00:00,103.603278706864
2024-08-29 01:00:01,101.964376726402
2024-08-29 02:00:01,106.164181435008
2024-08-29 03:00:01,101.900250241614
2024-08-29 04:00:01,107.336933157585
2024-08-29 05:00:01,102.987129362098
2024-08-29 06:00:01,109.616903405853
2024-08-29 07:00:01,103.116954497655
2024-08-29 08:00:01,102.416498426165
2024-08-29 09:00:01,106.290819750871
2024-08-29 10:00:01,102.173622830594
2024-08-29 11:00:01,103.121076110962
2024-08-29 12:00:01,103.17870338325
2024-08-29 13:00:01,104.967729626272
2024-08-29 14:00:01,96.80706909757
2024-08-29 15:00:01,94.9512670249084
2024-08-29 16:00:01,102.283926471187
2024-08-29 17:00:01,99.8143759196941
2024-08-29 18:00:01,100.535729583418
2024-08-29 19:00:01,104.02508819152
2024-08-29 20:00:01,102.197514651344
2024-08-29 21:00:01,106.988484102435
2024-08-29 22:00:01,100.777064471226
2024-08-29 23:00:01,102.722136886395
2024-08-30 00:00:00,105.655421382818
2024-08-30 01:00:01,103.672415522954
2024-08-30 02:00:01,109.392619068797
2024-08-30 03:00:01,100.856009470283
2024-08-30 04:00:01,108.822393101139
2024-08-30 05:00:01,101.539706416656
2024-08-30 06:00:01,102.586620075455
2024-08-30 07:00:01,96.3689994852005
2024-08-30 08:00:01,105.659270955675
2024-08-30 09:00:01,105.220658202616
2024-08-30 10:00:01,102.363399848176
2024-08-30 11:00:01,103.133534477248
2024-08-30 12:00:01,103.346629956215
2024-08-30 13:00:01,107.176957018002
2024-08-30 14:00:01,103.347957408812
2024-08-30 15:00:01,108.243110652625
2024-08-30 16:00:01,104.78651646346
2024-08-30 17:00:01,101.680529105118
2024-08-30 18:00:01,99.5376544703111
2024-08-30 19:00:01,101.579722183834
2024-08-30 20:00:01,98.4162014222542
2024-08-30 21:00:01,106.326009090118
2024-08-30 22:00:01,107.611111685615
2024-08-30 23:00:01,110.270783904255
2024-08-31 00:00:00,103.650216058333
2024-08-31 01:00:01,108.590494090719
2024-08-31 14:00:01,106.946565206578
2024-08-31 15:00:01,109.692685258285
2024-08-31 16:00:01,105.675418763773
2024-08-31 17:00:01,106.061490273244
2024-08-31 18:00:01,110.26198744141
2024-08-31 19:00:01,104.480154972473
2024-08-31 20:00:01,
2024-08-31 21:00:01,
2024-08-31 22:00:01,
2024-08-31 23:00:01,
2024-09-01 00:00:01,
2024-09-01 01:00:01,104.734700125663
2024-09-01 02:00:01,102.701032334544
2024-09-01 03:00:01,101.743575033559
2024-09-01 04:00:01,103.679098980095
2024-09-01 05:00:01,103.893721459108
2024-09-01 06:00:01,105.703733200464
2024-09-01 07:00:01,104.368544086047
2024-09-01 08:00:01,104.720668166399
2024-09-01 09:00:01,103.016452977765
2024-09-01 10:00:01,105.033127349303
2024-09-01 11:00:01,102.895029539215
2024-09-01 12:00:01,103.451568955826
2024-09-01 13:00:01,98.9023064952527
2024-09-01 14:00:01,102.609281922839
2024-09-01 15:00:01,102.759562020576
2024-09-01 16:00:01,104.50749502715
2024-09-02 12:00:01,105.985297678593
2024-09-02 13:00:01,102.620696586372
2024-09-02 14:00:01,103.246318598157
2024-09-02 15:00:01,103.809468997196
2024-09-02 16:00:01,105.950188810765
2024-09-02 17:00:01,101.387990145831
2024-09-02 18:00:01,103.084586362311
2024-09-02 19:00:01,104.670064966488
2024-09-02 20:00:01,100.902407141104
2024-09-02 21:00:01,99.9603148428711
2024-09-02 22:00:01,104.207603459585
2024-09-02 23:00:01,100.758328091621
2024-09-03 00:00:00,103.121317587017
2024-09-03 01:00:01,103.385742645532
2024-09-03 02:00:01,104.15680560868
2024-09-03 03:00:01,103.632386831048
2024-09-03 04:00:01,101.302845355077
2024-09-03 05:00:01,105.673074029381
2024-09-03 06:00:01,99.9810967058322
2024-09-03 07:00:01,100.68777998224
2024-09-03 09:00:01,101.221034844964
2024-09-03 10:00:01,103.167734570788
2024-09-03 11:00:01,104.449256894756
2024-09-03 12:00:01,105.550109388151
2024-09-03 13:00:01,100.474081741122
2024-09-03 14:00:01,98.4132318624935
2024-09-03 15:00:01,105.626865647975
2024-09-03 16:00:01,104.273968809967
2024-09-03 17:00:01,99.7151963841245
2024-09-03 18:00:01,103.052693532486
2024-09-03 19:00:01,101.399750291233
2024-09-03 20:00:01,102.619888657208
2024-09-03 21:00:01,102.821809341693
2024-09-03 22:00:01,101.875346940089
2024-09-03 23:00:01,101.693716660259
2024-09-04 00:00:00,101.26058363049
2024-09-04 01:00:01,102.417848930608
2024-09-04 02:00:01,102.149327114314
2024-09-04 03:00:01,105.621386727655
2024-09-04 04:00:01,100.84686359356
2024-09-04 05:00:01,101.93070840546
2024-09-04 06:00:01,103.294235508272
2024-09-04 17:00:01,103.186539543387
2024-09-04 18:00:01,85.0964819082012
2024-09-04 19:00:01,102.751368153474
2024-09-04 20:00:01,101.579892308438
2024-09-04 21:00:01,103.208661312547
2024-09-04 22:00:01,102.694073282422
2024-09-04 23:00:01,102.832588298616
2024-09-05 00:00:00,101.638552362949
2024-09-05 01:00:01,103.491510457944
2024-09-05 02:00:01,102.838639094184
2024-09-05 03:00:01,103.41609506968
2024-09-05 04:00:01,102.599105207401
2024-09-05 05:00:01,102.588820386499
2024-09-05 06:00:01,103.146659074571
2024-09-05 07:00:01,102.258784148024
2024-09-05 08:00:01,102.580978874954
2024-09-05 09:00:01,100.753563337676
2024-09-05 10:00:01,101.446773442721
2024-09-05 12:00:01,100.403053043184
2024-09-05 13:00:01,100.156425739911
2024-09-05 14:00:01,102.48338107122
2024-09-05 15:00:01,104.164797747193
2024-09-05 16:00:01,103.09096517069
2024-09-05 17:00:01,102.513504691394
2024-09-05 18:00:01,103.01125845189
2024-09-05 19:00:01,102.469311292557
2024-09-05 20:00:01,98.9807551039892
2024-09-05 21:00:01,102.936460539379
2024-09-05 22:00:01,100.659251383725
2024-09-05 23:00:01,99.5298302585403
2024-09-06 00:00:00,100.728409180712
2024-09-06 01:00:01,102.381671970526
2024-09-06 02:00:01,101.223095187302
2024-09-06 03:00:01,100.390972398855
2024-09-06 04:00:01,99.518543721307
2024-09-06 05:00:01,101.834820487248
2024-09-06 06:00:01,101.254176345373
2024-09-06 07:00:01,102.918940716213
2024-09-06 08:00:01,102.224139135371
2024-09-06 09:00:01,102.397657218024
2024-09-06 10:00:01,103.658334445087
2024-09-06 11:00:01,104.198281767216
2024-09-06 12:00:01,99.8869277829845
2024-09-06 13:00:01,100.665459227295
2024-09-06 14:00:01,102.334987299753
2024-09-06 15:00:01,102.644058803896
2024-09-06 16:00:01,101.98565736051
2024-09-06 17:00:01,98.4589924746418
2024-09-06 18:00:01,102.004447785218
2024-09-06 19:00:01,100.714628670267
2024-09-06 20:00:01,102.214876873232
2024-09-06 21:00:01,102.818759645785
2024-09-06 22:00:01,103.003547727505
2024-09-06 23:00:01,102.336167699733
2024-09-07 00:00:00,103.141355373437
2024-09-07 01:00:01,101.388551961151
2024-09-07 02:00:01,100.953648266666
2024-09-07 03:00:01,101.401301732685
2024-09-07 04:00:01,100.558628188423
2024-09-07 05:00:01,101.527209466716
2024-09-07 06:00:01,100.97702477872
2024-09-07 07:00:01,101.572347521814
2024-09-07 08:00:01,102.200637239082
2024-09-07 09:00:01,101.508207538847
2024-09-07 10:00:01,
2024-09-07 11:00:01,
2024-09-07 12:00:01,99.9371171336219
2024-09-07 13:00:01,102.816312056809
2024-09-07 14:00:01,101.37309606305
2024-09-07 15:00:01,98.7080339345154
2024-09-07 16:00:01,99.9090491339406
2024-09-07 17:00:01,102.24255989721
2024-09-07 18:00:01,99.7110206931677
2024-09-07 19:00:01,101.529176372137
2024-09-07 20:00:01,103.129623263238
2024-09-07 21:00:01,100.035074690292
2024-09-07 22:00:01,100.136035395849
2024-09-07 23:00:01,105.465872665991
2024-09-08 00:00:01,100.616576459608
2024-09-08 01:00:01,100.965302394667
2024-09-08 02:00:01,101.336253585576
2024-09-08 03:00:01,101.109794486403
2024-09-08 04:00:01,102.973564449533
2024-09-08 05:00:01,99.0334935233205
2024-09-08 06:00:01,102.235837497341
2024-09-08 07:00:01,101.490074220739
2024-09-08 21:00:01,101.926075664903
2024-09-08 22:00:01,99.2588736649016
2024-09-08 23:00:01,100.884155237858
2024-09-09 00:00:00,94.0510552912572
2024-09-09 01:00:01,100.617094815272
2024-09-09 02:00:01,100.106163420948
2024-09-09 03:00:01,99.3171031008675
2024-09-09 04:00:01,100.879775051956
2024-09-09 05:00:01,98.3264350879305
2024-09-09 06:00:01,100.578203364533
2024-09-09 07:00:01,101.474451173683
2024-09-09 08:00:01,98.6970078023922
2024-09-09 09:00:01,101.707429679251
2024-09-09 10:00:01,78.4116309876725
2024-09-09 11:00:01,100.749401323352
2024-09-09 12:00:01,100.932209793383
2024-09-09 13:00:01,102.199884287632
2024-09-09 14:00:01,100.669052774379
2024-09-09 15:00:01,100.155444181651
2024-09-09 16:00:01,102.085623739357
2024-09-09 17:00:01,99.5434496814619
2024-09-09 18:00:01,100.45755742325
2024-09-09 19:00:01,100.059128167689
2024-09-09 20:00:01,100.130515260575
2024-09-09 21:00:01,99.3555563767238
2024-09-09 22:00:01,100.661330307701
2024-09-09 23:00:01,98.8076588372305
2024-09-10 00:00:01,99.1269947690896
2024-09-10 01:00:01,101.243555924605
2024-09-10 02:00:01,99.9896797891947
2024-09-10 03:00:01,99.3660081545226
2024-09-10 04:00:01,100.700553903399
2024-09-10 05:00:01,99.014878995448
2024-09-10 06:00:01,98.6495889730626
2024-09-10 07:00:01,100.694027584625
2024-09-10 08:00:01,101.140908975992
2024-09-10 09:00:01,99.5488832296028
2024-09-10 10:00:01,103.329485227667
2024-09-10 11:00:01,101.170763724371
2024-09-10 12:00:01,102.347896094561
2024-09-10 13:00:01,99.6640070063788
2024-09-10 14:00:01,99.7548318670821
2024-09-10 15:00:01,100.843657270223
2024-09-10 16:00:01,100.869018790935
2024-09-10 17:00:01,99.1295349457535
2024-09-10 18:00:01,97.1366794970717
2024-09-10 19:00:01,99.0420028597135
2024-09-10 20:00:01,100.68505261293
2024-09-10 21:00:01,100.969419397074
2024-09-10 22:00:01,100.883667467975
2024-09-10 23:00:01,103.853436355229
2024-09-11 00:00:02,99.7944911438499
2024-09-11 01:00:01,100.91183518014
2024-09-11 02:00:01,101.732723773516
2024-09-11 03:00:01,98.5321752455466
2024-09-11 04:00:01,101.799374720716
2024-09-11 05:00:01,98.3394236363263
2024-09-11 06:00:01,101.292716785914
2024-09-11 07:00:01,99.0794750704603
2024-09-11 08:00:08,102.697955503786
2024-09-11 09:00:08,99.3533668730652
2024-09-11 11:00:08,99.4391076483408
2024-09-11 12:00:08,99.3157358981345
2024-09-11 13:00:08,101.567622939729
2024-09-11 14:00:08,101.05918039396
2024-09-11 15:00:08,100.128909689172
2024-09-11 16:00:08,100.057950434223
2024-09-11 17:00:08,100.583098726071
2024-09-11 18:00:08,99.0969138680066
2024-09-11 19:00:08,99.2341319343209
2024-09-11 20:00:08,101.71521068125
2024-09-11 21:00:08,101.063163927145
2024-09-11 22:00:08,107.636391543697
2024-09-11 23:00:08,98.9730751834995
2024-09-12 00:00:00,100.604027519369
2024-09-12 01:00:08,99.2760372856389
2024-09-12 02:00:08,98.7506979156987
2024-09-12 03:00:08,102.805764379608
2024-09-12 04:00:08,100.237322014674
2024-09-12 05:00:08,102.004029682757
2024-09-12 06:00:08,100.267086914688
2024-09-12 21:00:08,100.46635653675
2024-09-12 22:00:08,100.869551203818
2024-09-12 23:00:08,101.863830319013
2024-09-13 00:00:00,96.8838902212781
2024-09-13 01:00:08,101.554182545324
2024-09-13 02:00:08,100.861533972787
2024-09-13 03:00:08,102.625955051968
2024-09-13 04:00:08,97.9554877621874
2024-09-13 05:00:08,98.3457200472003
2024-09-13 06:00:08,99.0029638434317
2024-09-13 07:00:08,98.6583014725258
2024-09-13 08:00:08,101.723372670546
2024-09-13 09:00:08,100.141042226714
2024-09-13 10:00:08,101.58325178393
2024-09-13 11:00:08,101.477002867707
2024-09-13 12:00:08,98.932920010638
2024-09-13 13:00:08,98.4944673859495
2024-09-13 14:00:08,96.7765723769857
2024-09-13 15:00:08,99.6982697964628
2024-09-13 16:00:08,100.926258329352
2024-09-13 17:00:08,100.959094270671
2024-09-13 18:00:08,
2024-09-13 19:00:08,
2024-09-13 20:00:08,
2024-09-13 21:00:08,
2024-09-13 22:00:08,97.9184157716359
2024-09-13 23:00:08,100.910173613731
2024-09-14 00:00:00,98.2607182276156
2024-09-14 01:00:08,100.203158520884
2024-09-14 02:00:08,99.6191049355125
2024-09-14 03:00:08,99.104529240701
2024-09-14 04:00:08,100.882561097793
2024-09-14 05:00:08,100.320840735506
2024-09-14 06:00:08,100.108851745086
2024-09-14 07:00:08,98.856057333504
2024-09-14 08:00:08,101.627036419519
2024-09-14 09:00:08,102.545751554226
2024-09-14 10:00:08,101.209593133131
2024-09-14 11:00:08,99.3803388202877
2024-09-14 12:00:08,
2024-09-14 13:00:08,
2024-09-14 14:00:08,100.092740576773
2024-09-14 15:00:08,97.491268872258
2024-09-14 16:00:08,95.2024200125921
2024-09-14 17:00:08,100.889779575773
2024-09-14 18:00:08,101.139963342806
2024-09-14 19:00:08,100.302300890572
2024-09-14 20:00:08,101.354465317631
2024-09-14 21:00:08,97.1908712198902
2024-09-14 22:00:08,
2024-09-14 23:00:08,100.140697837161
2024-09-15 01:00:08,100.404430682534
2024-09-15 02:00:08,99.6980557169259
2024-09-15 03:00:08,99.3712974585315
2024-09-15 04:00:08,101.166043222558
2024-09-15 05:00:08,101.308668582658
2024-09-15 06:00:08,97.7413326150603
2024-09-15 07:00:08,100.513814800861
2024-09-15 08:00:08,99.9392939507583
2024-09-15 09:00:08,99.5148092877286
2024-09-15 10:00:08,98.0091606736761
2024-09-15 11:00:08,97.863440739219
2024-09-15 12:00:08,100.101715108594
2024-09-15 13:00:08,97.611310373396
2024-09-15 14:00:08,97.933190975448
2024-09-15 15:00:08,99.5621438814658
2024-09-15 16:00:08,99.9062640430233
2024-09-15 17:00:08,99.180559182824
2024-09-15 18:00:08,97.6613313860872
2024-09-15 19:00:08,100.180425887993
2024-09-15 20:00:08,103.672068955598
2024-09-15 21:00:08,100.974545675651
2024-09-15 22:00:08,99.9879948747975
2024-09-15 23:00:08,100.519794521084
2024-09-16 00:00:00,109.887685049825
2024-09-16 01:00:08,98.6914174053021
2024-09-16 02:00:08,98.875654839229
2024-09-16 03:00:08,100.579896085352
2024-09-16 04:00:08,97.3717231334704
2024-09-16 05:00:08,97.9673166881878
2024-09-16 06:00:08,97.1013751725592
2024-09-16 07:00:08,98.1804726334158
2024-09-16 08:00:08,99.4676283556588
2024-09-16 09:00:08,98.493547662906
2024-09-16 10:00:08,99.3226106663161
2024-09-16 11:00:08,99.0416175131031
2024-09-16 12:00:08,98.9419869589985
2024-09-16 23:00:08,97.0721423162991
2024-09-17 01:00:08,96.9185456701794
2024-09-17 02:00:08,99.8293618798862
2024-09-17 03:00:08,98.2665257356062
2024-09-17 04:00:08,98.021229363367
2024-09-17 05:00:08,101.454013821503
2024-09-17 06:00:08,98.4568761380786
2024-09-17 07:00:08,99.8537472256374
2024-09-17 08:00:08,99.0993274650647
2024-09-17 10:00:08,99.5532683325393
2024-09-17 11:00:08,100.557692243569
2024-09-17 12:00:08,97.5459856888637
2024-09-17 13:00:08,98.1487660196745
2024-09-17 14:00:08,99.2317381557367
2024-09-17 15:00:08,100.798010771619
2024-09-17 16:00:08,98.2648936315093
2024-09-17 17:00:08,100.139918269987
2024-09-17 18:00:08,98.8147879772808
2024-09-17 19:00:08,99.6112902244358
2024-09-17 20:00:08,99.0858339223098
2024-09-17 21:00:08,97.7490540231614
2024-09-17 22:00:08,98.5023274497626
2024-09-17 23:00:08,97.370735411062
2024-09-18 00:00:01,99.0725369697232
2024-09-18 01:00:08,98.4030722552564
2024-09-18 02:00:08,98.0477577695835
2024-09-18 03:00:08,99.2837450635547
2024-09-18 04:00:08,96.9377657025827
2024-09-18 05:00:08,97.8946517066733
2024-09-18 06:00:08,98.4962599273487
2024-09-18 07:00:08,100.523684151796
2024-09-18 08:00:08,97.5681519472839
2024-09-18 09:00:08,98.7338074262683
2024-09-18 10:00:08,94.990612252193
2024-09-18 11:00:08,98.7317908663701
2024-09-18 12:00:08,98.5344748416575
2024-09-18 13:00:08,97.1782494736042
2024-09-18 14:00:08,97.455813686893
2024-09-18 15:00:08,98.207153226897
2024-09-18 16:00:08,98.1015352531365
2024-09-18 17:00:08,97.9516851788758
2024-09-18 18:00:08,95.6484111993941
2024-09-18 19:00:08,98.8893859877558
2024-09-18 20:00:08,98.4073341254979
2024-09-18 21:00:08,99.1658506952764
2024-09-18 22:00:08,98.5959887460451
2024-09-18 23:00:08,100.344714316768
2024-09-19 00:00:01,102.073157709097
2024-09-19 01:00:08,97.2428826737608
2024-09-19 02:00:08,99.6591319819473
2024-09-19 03:00:08,98.4396832413183
2024-09-19 04:00:08,97.5124665381899
2024-09-19 05:00:08,97.697611226068
2024-09-19 06:00:08,97.6820519351686
2024-09-19 07:00:08,97.0065482178685
2024-09-19 08:00:08,97.4677762338942
2024-09-19 09:00:08,99.1081895213734
2024-09-19 10:00:08,97.5227839816627
2024-09-19 11:00:08,97.85091197916
2024-09-19 12:00:08,99.2992719158246
2024-09-19 13:00:08,97.7245581121932
2024-09-19 14:00:08,98.2266647569838
2024-09-19 15:00:08,97.0074196134129
2024-09-19 16:00:08,99.8667413231428
2024-09-19 17:00:08,69.9224946362058
2024-09-19 18:00:08,98.2522294803339
2024-09-19 19:00:08,99.2083219906653
2024-09-19 20:00:08,98.9479244037727
2024-09-19 21:00:08,97.9345076713503
2024-09-19 22:00:08,96.8511301863722
2024-09-19 23:00:08,97.9981943964752
2024-09-20 00:00:01,98.3123502407017
2024-09-20 01:00:08,96.8468500691183
2024-09-20 02:00:08,98.1368722306242
2024-09-20 03:00:08,100.51174917256
2024-09-20 04:00:08,97.30828671127
2024-09-20 05:00:08,99.3604204965004
2024-09-20 06:00:08,98.5174417513679
2024-09-20 07:00:08,121.917927795286
2024-09-20 08:00:08,98.6714058576402
2024-09-20 09:00:08,98.2087855399531
2024-09-20 10:00:08,95.1387413914554
2024-09-20 11:00:08,99.9789147158292
2024-09-20 12:00:08,96.7765244846211
2024-09-20 13:00:08,96.3690170641228
2024-09-20 14:00:08,98.7581346968205
2024-09-20 15:00:08,95.930386872835
2024-09-20 17:00:08,
2024-09-21 05:00:08,
2024-09-21 06:00:08,
2024-09-21 07:00:08,
2024-09-21 08:00:08,100.278097704949
2024-09-21 09:00:08,99.7674701380181
2024-09-21 10:00:08,97.698165619506
2024-09-21 11:00:08,95.2164366466514
2024-09-21 12:00:08,95.4970739229538
2024-09-21 13:00:08,97.9852667128714
2024-09-21 14:00:08,97.5004373283607
2024-09-21 15:00:08,97.8738782323412
2024-09-21 16:00:08,98.6799126400701
2024-09-21 17:00:08,100.045986552778
2024-09-21 18:00:08,97.4392902581902
2024-09-21 19:00:08,98.5868002322486
2024-09-21 20:00:08,97.5861029084093
2024-09-21 21:00:08,95.7864754896179
2024-09-21 22:00:08,96.7723921857953
2024-09-21 23:00:08,98.1742739196371
2024-09-22 00:00:01,99.1266601792363
2024-09-22 01:00:08,95.9930073048005
2024-09-22 02:00:08,94.1984405941138
2024-09-22 03:00:08,97.5960743557351
2024-09-22 04:00:08,118.568031359739
2024-09-22 05:00:08,99.3455382438597
2024-09-22 06:00:08,101.562286456199
2024-09-22 07:00:08,99.1046907326284
2024-09-22 08:00:08,97.3063797177736
2024-09-22 09:00:08,97.4641514652344
2024-09-22 10:00:08,97.6150251648423
2024-09-22 11:00:08,97.3502084827536
2024-09-22 12:00:08,100.103792190896
2024-09-22 13:00:08,100.280887712688
2024-09-22 14:00:08,99.4406461878372
2024-09-22 15:00:08,96.9903249115892
2024-09-22 16:00:08,97.3553773579308
2024-09-22 17:00:08,100.430813912051
2024-09-22 18:00:08,94.5588334834063
2024-09-22 19:00:08,99.5172047157611
2024-09-22 20:00:08,94.856188041768
2024-09-22 21:00:08,100.662650349135
2024-09-22 22:00:08,98.0618852160204
2024-09-22 23:00:08,95.8954706745864
2024-09-23 00:00:01,99.7449898614894
2024-09-23 01:00:08,97.5973036949402
2024-09-23 02:00:08,96.6757408110547
2024-09-23 03:00:08,97.2540406180878
2024-09-23 04:00:08,96.7142766840688
2024-09-23 05:00:08,97.9738579922895
2024-09-23 06:00:08,95.6184519116658
2024-09-23 07:00:08,97.2653571707955
2024-09-23 09:00:08,96.1980960932925
2024-09-23 10:00:08,97.6795835373871
2024-09-23 11:00:08,96.3550835512979
2024-09-23 12:00:08,97.8643219122818
2024-09-23 13:00:08,97.1053020390976
2024-09-23 14:00:08,97.308499721253
2024-09-23 15:00:08,95.7422574124295
2024-09-23 16:00:08,98.377515681596
2024-09-23 17:00:08,95.9008512437869
2024-09-23 18:00:08,96.6606581353598
2024-09-23 19:00:08,98.938298047878
2024-09-23 20:00:08,97.132457738171
2024-09-23 21:00:08,96.0128053898286
2024-09-23 22:00:08,97.8577824251356
2024-09-23 23:00:08,99.7418671755126
2024-09-24 00:00:00,98.2332141812543
2024-09-24 01:00:08,96.7850437365888
2024-09-24 02:00:08,95.5187054712874
2024-09-24 03:00:08,97.1679103449537
2024-09-24 04:00:08,94.9931396410378
2024-09-24 05:00:08,98.2537710579237
2024-09-24 06:00:08,96.6333758618821
2024-09-24 07:00:08,97.5658061645348
2024-09-24 08:00:08,95.7871814828447
2024-09-24 09:00:08,101.793352932626
2024-09-24 10:00:08,94.830347809006
2024-09-24 11:00:08,98.6831175820941
2024-09-24 12:00:08,98.5597745359996
2024-09-24 13:00:08,97.8099340722181
2024-09-24 14:00:08,96.5823418986472
2024-09-24 15:00:08,97.5093357586805
2024-09-24 16:00:08,97.3632570394203
2024-09-24 17:00:08,96.333850266016
2024-09-24 18:00:08,95.5567247236986
2024-09-24 19:00:08,97.5813575692779
2024-09-24 20:00:08,94.5041108984945
2024-09-24 21:00:08,95.8298437777562
2024-09-25 08:00:08,107.083762121488
2024-09-25 09:00:08,97.010841542977
2024-09-25 10:00:08,95.4473323822417
2024-09-25 11:00:08,98.1434070349696
2024-09-25 12:00:08,94.7881471393639
2024-09-25 13:00:08,96.8120099663255
2024-09-25 14:00:08,98.2887688895053
2024-09-25 15:00:08,96.8053288793167
2024-09-25 16:00:08,98.3100701122012
2024-09-25 17:00:08,97.6823451862214
2024-09-25 18:00:08,95.3456941456522
2024-09-25 19:00:08,96.036959426867
2024-09-25 20:00:08,97.1917114186482
2024-09-25 21:00:08,96.5583670444247
2024-09-25 22:00:08,97.4344929006258
2024-09-25 23:00:08,99.1188181914207
2024-09-26 00:00:01,94.8004966806827
2024-09-26 01:00:08,97.2354728791452
2024-09-26 02:00:08,96.4132544646582
2024-09-26 03:00:08,96.7656030526539
2024-09-26 04:00:08,94.0149093414878
2024-09-26 05:00:08,94.6713023238548
2024-09-26 06:00:08,98.8386793125286
2024-09-26 07:00:08,94.5029558738858
2024-09-26 08:00:08,97.1975139917943
2024-09-26 09:00:08,95.742433303991
2024-09-26 10:00:08,98.0344157635985
2024-09-26 11:00:08,97.454400520464
2024-09-26 12:00:08,74.0613079150661
2024-09-26 13:00:08,97.2891613291794
2024-09-26 14:00:08,95.9608434297556
2024-09-26 15:00:08,98.9052316472144
2024-09-26 16:00:08,95.1184952737056
2024-09-26 17:00:08,100.08071469986
2024-09-26 18:00:08,96.9334997830669
2024-09-26 19:00:08,95.0902654016496
2024-09-26 20:00:08,98.9359403594131
2024-09-26 21:00:08,96.5049978547233
2024-09-26 22:00:08,98.3294815980517
2024-09-26 23:00:08,95.0196665674154
2024-09-27 00:00:00,95.0332356492057
2024-09-27 01:00:08,97.072123461896
2024-09-27 02:00:08,96.412527059322
2024-09-27 03:00:08,96.5400005022993
2024-09-27 04:00:08,96.4260462611533
2024-09-27 05:00:08,94.3550895064347
2024-09-27 06:00:08,98.051829394033
2024-09-27 07:00:08,94.9299776469033
2024-09-27 08:00:08,97.4281330996954
2024-09-27 09:00:08,92.9084640150672
2024-09-27 10:00:08,95.7027457912966
2024-09-27 11:00:08,96.4499065330792
2024-09-27 12:00:08,95.7039791389456
2024-09-27 13:00:08,96.3733601363834
2024-09-27 14:00:08,95.1804578179691
2024-09-27 15:00:08,95.2776064077597
2024-09-27 16:00:08,97.0154902368392
2024-09-27 17:00:08,95.5429905658726
2024-09-27 18:00:08,96.3320670272082
2024-09-27 19:00:08,95.0871061946381
2024-09-27 20:00:08,97.98423272483
2024-09-27 21:00:08,97.1779240541069
2024-09-27 22:00:08,97.2238115857557
2024-09-27 23:00:08,97.0913147932165
2024-09-28 00:00:01,95.6244075636842
2024-09-28 01:00:08,94.2378800498334
2024-09-28 02:00:08,98.7729840097988
2024-09-28 03:00:08,97.1049871568453
2024-09-28 04:00:08,96.4735961486988
2024-09-28 05:00:08,98.1979505114741
2024-09-28 06:00:08,95.6680674334891
2024-09-28 07:00:08,96.4038871986596
2024-09-28 08:00:08,94.4405850337128
2024-09-28 09:00:08,95.6410529645753
2024-09-28 10:00:08,95.2995596362177
2024-09-28 11:00:08,94.8072933099872
2024-09-28 12:00:08,96.1248626263175
2024-09-28 13:00:08,97.1409680375815
2024-09-28 14:00:08,94.7715113746117
2024-09-28 15:00:08,93.8830487638158
2024-09-28 16:00:08,93.8447655370046
2024-09-28 17:00:08,95.4648118531494
2024-09-28 18:00:08,100.416723142081
2024-09-28 19:00:08,93.2018425503315
2024-09-28 20:00:08,95.2797933433038
2024-09-28 21:00:08,97.2220953013017
2024-09-28 22:00:08,98.5795653333787
2024-09-28 23:00:08,92.8991160292345
2024-09-29 00:00:01,98.2346252029838
2024-09-29 15:00:08,95.1103113382681
2024-09-29 16:00:08,92.8564001889929
2024-09-29 17:00:08,93.9487794530001
2024-09-29 18:00:08,98.3657159804472
2024-09-29 19:00:08,94.6927498504834
2024-09-29 20:00:08,97.7010134554999
2024-09-29 21:00:08,92.6744827286284
2024-09-29 22:00:08,96.4711127803194
2024-09-29 23:00:08,92.4165259844706
2024-09-30 00:00:02,95.2701636951904
2024-09-30 01:00:08,93.981025823394
2024-09-30 02:00:08,95.5054749045544
2024-09-30 03:00:08,94.2087843079497
2024-09-30 04:00:08,91.7402747584861
2024-09-30 05:00:08,96.0190228005029
2024-09-30 06:00:08,96.6395829337069
2024-09-30 07:00:08,94.1391870959767
2024-09-30 08:00:08,92.5224272084729
2024-09-30 09:00:08,
2024-09-30 10:00:08,95.1751954643922
2024-09-30 11:00:08,95.2560594704656
2024-09-30 12:00:08,93.5020755782772
2024-09-30 13:00:08,94.2989723829923
2024-09-30 14:00:08,94.4773449995069
2024-09-30 15:00:08,93.0046873318037
2024-09-30 16:00:08,92.1491132239717
2024-09-30 17:00:08,94.6180688977375
2024-09-30 18:00:08,95.8606475729197
2024-09-30 19:00:08,94.0616700564764
2024-09-30 20:00:08,95.5544384519252
2024-09-30 21:00:08,95.2861223878068
2024-09-30 22:00:08,90.9485537542223
2024-09-30 23:00:08,92.8897989960931
2024-10-01 01:00:08,92.2093528220138
2024-10-01 02:00:08,94.1182823951978
2024-10-01 03:00:08,94.4997096776521
2024-10-01 04:00:08,94.9293773913471
2024-10-01 05:00:08,94.4457461484187
2024-10-01 06:00:08,94.0540260375811
2024-10-01 07:00:08,94.6199693783155
2024-10-01 08:00:08,92.6402332028892
2024-10-01 09:00:08,92.8792897636217
2024-10-01 10:00:08,92.5059609373723
2024-10-01 11:00:08,93.4623330389424
2024-10-01 13:00:08,94.2345010820556
2024-10-01 14:00:08,93.5881154842133
2024-10-01 15:00:08,94.989913958451
2024-10-01 16:00:08,93.8287194653389
2024-10-01 17:00:08,92.0191676871157
2024-10-01 18:00:08,93.1694924851386
2024-10-01 19:00:08,92.9320893981926
2024-10-01 20:00:08,93.2014298085875
2024-10-01 21:00:08,92.9641176382017
2024-10-01 22:00:08,94.3705894400154
2024-10-01 23:00:08,93.4845308582797
2024-10-02 00:00:01,102.629181168046
2024-10-02 01:00:08,92.9904176138927
2024-10-02 02:00:08,92.5409120332296
2024-10-02 03:00:08,93.7661505053342
2024-10-02 04:00:08,94.315923211927
2024-10-02 05:00:08,91.9620912928482
2024-10-02 06:00:08,93.7642899498776
2024-10-02 07:00:08,93.3485588599786
2024-10-02 08:00:08,92.7408551487121
2024-10-02 09:00:08,92.7755120578971
2024-10-02 10:00:08,94.373810349694
2024-10-02 11:00:08,93.7510507175128
2024-10-02 12:00:08,93.763028234472
2024-10-02 13:00:08,93.536496776447
2024-10-02 14:00:08,92.9353630849022
2024-10-02 15:00:08,93.4527998628613
2024-10-02 16:00:08,93.9602067125644
2024-10-02 17:00:08,93.3308283422338
2024-10-02 18:00:08,93.5729074022089
2024-10-02 19:00:08,92.9241476256085
2024-10-02 20:00:08,93.6267221521139
2024-10-02 21:00:08,92.5056711824762
2024-10-02 22:00:08,92.5896817051699
2024-10-02 23:00:08,92.3489055423074
2024-10-03 00:00:02,92.8935336040357
2024-10-03 01:00:08,92.7911663667841
2024-10-03 02:00:08,94.325200258588
2024-10-03 03:00:08,92.0208100029087
2024-10-03 04:00:08,92.4982934171983
2024-10-03 05:00:08,93.8091132548664
2024-10-03 06:00:08,91.5374218692397
2024-10-03 17:00:08,94.1810585900256
2024-10-03 18:00:08,93.9288182455983
2024-10-03 19:00:08,92.6984203675323
2024-10-03 20:00:08,91.9254058884735
2024-10-03 21:00:08,92.2494128369188
2024-10-03 22:00:08,92.1108025032266
2024-10-03 23:00:08,91.7830606906444
2024-10-04 00:00:01,92.0475949724724
2024-10-04 01:00:08,91.7721209661352
2024-10-04 02:00:08,92.4295383018284
2024-10-04 03:00:08,92.7685887820336
2024-10-04 04:00:08,93.1493752704234
2024-10-04 05:00:08,92.2144086182056
2024-10-04 06:00:08,91.8192443314636
2024-10-04 07:00:08,91.6548124460868
2024-10-04 08:00:08,91.7959306934031
2024-10-04 09:00:08,92.778476304279
2024-10-04 10:00:08,91.6273379055513
2024-10-04 11:00:08,91.3559680050835
2024-10-04 12:00:08,91.3135019014498
2024-10-04 13:00:08,91.7367457029764
2024-10-04 14:00:08,90.3502722549083
2024-10-04 15:00:08,91.426425495033
2024-10-04 16:00:08,91.2110278510628
2024-10-04 17:00:08,92.3402024269707
2024-10-04 18:00:08,91.9919216179343
2024-10-04 19:00:08,91.3200848910553
2024-10-04 20:00:08,92.9584355074775
2024-10-04 21:00:08,91.2372654520764
2024-10-04 22:00:08,92.0929881894171
2024-10-04 23:00:08,92.7617673866522
2024-10-05 00:00:01,93.2258788671455
2024-10-05 01:00:08,91.3228378817591
2024-10-05 02:00:08,92.4583927677323
2024-10-05 03:00:08,92.364570289895
2024-10-05 04:00:08,91.733812327099
2024-10-05 05:00:08,91.9206092273021
2024-10-05 06:00:08,90.4887891519906
2024-10-05 07:00:08,91.9350949645273
2024-10-05 08:00:08,92.1236744809839
2024-10-05 09:00:08,92.2197000635571
2024-10-05 10:00:08,91.3804005509425
2024-10-05 11:00:08,91.9103089183328
2024-10-05 12:00:08,90.3280061091703
2024-10-05 13:00:08,91.4964697608614
2024-10-05 14:00:08,92.3688765997769
2024-10-05 15:00:08,91.0274526047654
2024-10-05 16:00:08,91.526981485874
2024-10-05 17:00:08,93.330741287406
2024-10-05 18:00:08,91.7889393692545
2024-10-05 19:00:08,92.4368767608926
2024-10-05 20:00:08,91.8597561760861
2024-10-05 21:00:08,91.4280203862665
2024-10-05 22:00:08,91.6543168267902
2024-10-05 23:00:08,91.5554915376714
2024-10-06 00:00:00,92.1606882755833
2024-10-06 01:00:08,92.3785137827094
2024-10-06 02:00:08,91.607804794422
2024-10-06 03:00:08,92.0583234472454
2024-10-06 04:00:08,90.9816683596085
2024-10-06 05:00:08,91.1579144995872
2024-10-06 06:00:08,92.3152431915598
2024-10-06 07:00:08,90.9965028460581
2024-10-06 08:00:08,91.8159531227823
2024-10-06 09:00:08,92.3385924929323
2024-10-06 10:00:08,91.2216194372294
2024-10-06 11:00:08,91.0633022629323
2024-10-06 12:00:08,91.0688851769767
2024-10-06 13:00:08,91.253003436221
2024-10-06 14:00:08,91.8291920875255
2024-10-06 15:00:08,91.3082009588776
2024-10-06 16:00:08,91.4941222837338
2024-10-06 17:00:08,90.5209778768045
2024-10-06 18:00:08,91.1442261223937
2024-10-06 19:00:08,91.5370485235829
2024-10-06 20:00:08,91.9201297609588
2024-10-06 21:00:08,90.8028516793238
2024-10-06 22:00:08,91.4124129172124
2024-10-06 23:00:08,92.1228844977914
2024-10-07 00:00:00,91.2941794347832
2024-10-07 01:00:08,90.2464634115671
2024-10-07 02:00:08,90.8091549130824
2024-10-07 03:00:08,90.3965151516489
2024-10-07 04:00:08,92.0261570174443
2024-10-07 05:00:08,91.2137112778954
2024-10-07 06:00:08,91.1664632738995
2024-10-07 07:00:08,91.3429396651645
2024-10-07 08:00:08,90.5983483719087
2024-10-07 09:00:08,93.5361558729757
2024-10-07 22:00:08,90.3703104860991
2024-10-07 23:00:08,90.9420916660021
2024-10-08 00:00:00,90.3487493403541
2024-10-08 01:00:08,
2024-10-08 02:00:08,91.22627517277
2024-10-08 03:00:08,88.882469613201
2024-10-08 04:00:08,90.8046146148211
2024-10-08 05:00:08,90.7321957759038
2024-10-08 06:00:08,90.9434503338037
2024-10-08 07:00:08,88.9646321534474
2024-10-08 08:00:08,90.4672808466001
2024-10-08 09:00:08,90.9733773865855
2024-10-08 10:00:08,89.7670291306698
2024-10-08 11:00:08,90.0556554922667
2024-10-08 12:00:08,90.3114537263643
2024-10-08 13:00:08,90.5037299692337
2024-10-08 14:00:08,89.8094169358524
2024-10-08 15:00:08,89.8735643756682
2024-10-08 16:00:08,91.6579841814407
2024-10-08 17:00:08,90.2327053332522
2024-10-08 18:00:08,89.4209485986892
2024-10-08 19:00:08,90.4010980791413
2024-10-08 20:00:08,90.6994133156126
2024-10-08 21:00:08,91.7281768694994
2024-10-08 22:00:08,90.7620984322021
2024-10-08 23:00:08,90.7028699671015
2024-10-09 00:00:00,89.5918246750741
2024-10-09 01:00:08,88.9265276017822
2024-10-09 02:00:08,89.9583942755487
2024-10-09 03:00:08,88.2117256201381
2024-10-09 04:00:08,88.9401438767519
2024-10-09 05:00:08,90.2897068026751
2024-10-09 07:00:08,90.2562298539983
2024-10-09 08:00:08,88.5643788352864
2024-10-09 09:00:08,88.9227264889372
2024-10-09 10:00:08,89.7081847619481
2024-10-09 11:00:08,87.7620297995416
2024-10-09 12:00:08,89.4617341592144
2024-10-09 13:00:08,88.0598943298305
2024-10-09 14:00:08,88.9120383578322
2024-10-09 15:00:08,90.0930869990486
2024-10-09 16:00:08,90.0472762927998
2024-10-09 17:00:08,88.5040832631754
2024-10-09 18:00:08,89.5578999191663
2024-10-09 19:00:08,90.2138631740492
2024-10-09 20:00:08,88.7161197733817
2024-10-09 21:00:08,90.0780667880103
2024-10-09 22:00:08,88.3889398810484
2024-10-09 23:00:08,88.4924090178897
2024-10-10 00:00:00,88.8990020457579
2024-10-10 01:00:08,88.4999471402083
2024-10-10 02:00:08,88.6280627363193
2024-10-10 03:00:08,88.0411242891338
2024-10-10 04:00:08,88.1543397659831
2024-10-10 05:00:08,89.10392606087
2024-10-10 06:00:08,87.4596148323343
2024-10-10 07:00:08,88.6606621702296
2024-10-10 08:00:08,89.1179348525568
2024-10-10 09:00:08,88.2464022629102
2024-10-10 10:00:08,88.4821372636925
2024-10-10 11:00:08,87.1025428842346
2024-10-10 12:00:08,87.4638878027336
2024-10-10 13:00:08,88.6737016036618
2024-10-10 14:00:08,88.7088157333772
2024-10-10 15:00:08,89.2147374644774
2024-10-10 16:00:08,88.263438644882
2024-10-10 17:00:08,88.378929871861
2024-10-10 18:00:08,87.2715916612057
2024-10-10 19:00:08,87.9671438638007
2024-10-10 20:00:08,87.752001264329
2024-10-10 21:00:08,89.5388938304873
2024-10-10 22:00:08,88.7522415460586
2024-10-10 23:00:08,87.7663802991459
2024-10-11 00:00:01,87.4083858982112
2024-10-11 01:00:08,87.6639870787918
2024-10-11 02:00:08,88.9179436399557
2024-10-11 03:00:08,87.797755494388
2024-10-11 04:00:08,88.2270904908263
2024-10-11 05:00:08,88.5699028054274
2024-10-11 06:00:08,88.2538248537229
2024-10-11 07:00:08,88.1427575042543
2024-10-11 08:00:08,88.4047022799678
2024-10-11 09:00:08,87.9444664498359
2024-10-11 10:00:08,89.1826688989255
2024-10-11 11:00:08,88.2288158739093
2024-10-11 12:00:08,87.5935172062314
2024-10-11 13:00:08,88.464261987285
2024-10-12 02:00:08,88.4331861050768
2024-10-12 03:00:08,87.1529563830185
2024-10-12 04:00:08,87.1453568982206
2024-10-12 05:00:08,86.8011063045058
2024-10-12 06:00:08,87.3119529216917
2024-10-12 07:00:08,87.9562570276146
2024-10-12 08:00:08,88.6176823663358
2024-10-12 09:00:08,88.0642057735313
2024-10-12 10:00:08,88.1238731208371
2024-10-12 11:00:08,86.9048707535468
2024-10-12 12:00:08,87.1667313349434
2024-10-12 13:00:08,87.2026802016591
2024-10-12 14:00:08,87.9082178843107
2024-10-12 15:00:08,88.0009075492454
2024-10-12 16:00:08,87.4555160182598
2024-10-12 17:00:08,87.5270485351078
2024-10-12 18:00:08,87.8882711519444
2024-10-12 19:00:08,87.2754413502332
2024-10-12 20:00:08,86.1986270626752
2024-10-12 21:00:08,88.6516411625515
2024-10-12 22:00:08,87.0097365757375
2024-10-12 23:00:08,88.0568732975895
2024-10-13 00:00:01,86.6016818119031
2024-10-13 01:00:08,85.9651146747712
2024-10-13 02:00:08,108.541660147196
2024-10-13 03:00:08,85.7278321767358
2024-10-13 04:00:08,86.2989528947994
2024-10-13 05:00:08,88.0071750561448
2024-10-13 06:00:08,86.9704610883717
2024-10-13 07:00:08,85.997923961268
2024-10-13 08:00:08,85.8861372952651
2024-10-13 09:00:08,88.1169507304617
2024-10-13 10:00:08,86.9738331007477
2024-10-13 11:00:08,75.4449270042881
2024-10-13 12:00:08,86.7217918441228
2024-10-13 13:00:08,85.8969740842367
2024-10-13 14:00:08,86.939176625072
2024-10-13 15:00:08,87.7301677308374
2024-10-13 16:00:08,86.8177544689376
2024-10-13 17:00:08,86.1484391210624
2024-10-13 18:00:08,87.750700030504
2024-10-13 19:00:08,86.043271087458
2024-10-13 20:00:08,87.2364411433433
2024-10-13 21:00:08,86.9091126015247
2024-10-13 22:00:08,87.3847819261553
2024-10-13 23:00:08,86.877922908546
2024-10-14 00:00:02,86.4271600153221
2024-10-14 01:00:08,87.9398504351584
2024-10-14 02:00:08,86.9457377095556
2024-10-14 03:00:08,85.097085117935
2024-10-14 04:00:08,102.442692746135
2024-10-14 05:00:08,87.6055093701381
2024-10-14 06:00:08,87.0496114417609
2024-10-14 07:00:08,
2024-10-14 08:00:08,105.369841725745
2024-10-14 09:00:08,86.4249123810214
2024-10-14 10:00:08,86.4451471277087
2024-10-14 11:00:08,86.6948146265492
2024-10-14 12:00:08,86.5760666767187
2024-10-14 13:00:08,86.3163356722482
2024-10-14 14:00:08,87.0034207465602
2024-10-14 15:00:08,86.6867502433182
2024-10-14 16:00:08,85.7622017539348
2024-10-14 17:00:08,87.1934525404423
2024-10-14 18:00:08,86.9785281244004
2024-10-14 19:00:08,86.8029671728872
2024-10-14 20:00:08,87.3802506025904
2024-10-14 21:00:08,86.0619554922968
2024-10-14 22:00:08,84.8877876880062
2024-10-15 00:00:01,
2024-10-15 01:00:08,
2024-10-15 02:00:08,
2024-10-15 03:00:08,
2024-10-15 04:00:08,
2024-10-15 05:00:08,
2024-10-15 06:00:08,
2024-10-15 07:00:08,
2024-10-15 08:00:08,
2024-10-15 09:00:08,
2024-10-15 10:00:08,
2024-10-15 11:00:08,
2024-10-15 12:00:08,
2024-10-15 13:00:08,
2024-10-15 14:00:08,
2024-10-15 15:00:08,
2024-10-15 16:00:08,
2024-10-15 17:00:08,
2024-10-16 05:00:08,105.319612926417
2024-10-16 06:00:08,104.470991374755
2024-10-16 07:00:08,104.72870159395
2024-10-16 08:00:08,89.6570363585599
2024-10-16 09:00:08,105.024871604207
2024-10-16 10:00:08,105.088275448058
2024-10-16 11:00:08,104.861858547633
2024-10-16 12:00:08,105.350845256516
2024-10-16 13:00:08,105.365820530612
2024-10-16 14:00:08,105.417198997548
2024-10-16 15:00:08,105.297459561083
2024-10-16 16:00:08,104.645523888669
2024-10-16 18:00:08,105.131138017274
2024-10-16 19:00:08,104.859487994629
2024-10-16 20:00:08,105.132194715411
2024-10-16 21:00:08,104.570221000999
2024-10-16 22:00:08,105.364515941902
2024-10-16 23:00:08,105.058917183345
2024-10-17 00:00:02,104.111419326928
2024-10-17 01:00:08,103.961568079622
2024-10-17 02:00:08,104.993562757652
2024-10-17 03:00:08,104.661611431428
2024-10-17 04:00:08,103.999986713488
2024-10-17 05:00:08,104.063547524995
2024-10-17 06:00:08,104.830768515503
2024-10-17 07:00:08,104.001714935121
2024-10-17 08:00:08,104.107931619502
2024-10-17 09:00:08,104.286775205298
2024-10-17 10:00:08,103.964304170615
2024-10-17 11:00:08,104.329322140193
2024-10-17 12:00:08,104.768462379644
2024-10-17 13:00:08,104.146551474424
2024-10-17 14:00:08,104.705277001455
2024-10-17 15:00:08,104.485221597361
2024-10-17 16:00:08,104.427052966146
2024-10-17 17:00:08,
2024-10-17 18:00:08,
2024-10-17 19:00:08,104.669231176613
2024-10-17 20:00:08,104.509909721874
2024-10-17 21:00:08,104.174021125101
2024-10-17 22:00:08,104.336719547277
2024-10-17 23:00:08,105.068272429557
2024-10-18 00:00:01,102.921130332177
2024-10-18 01:00:08,103.259874486768
2024-10-18 02:00:08,102.867551024563
2024-10-18 03:00:08,103.147386145703
2024-10-18 04:00:08,102.837374554925
2024-10-18 05:00:08,103.401127326764
2024-10-18 06:00:08,103.264224699105
2024-10-18 07:00:08,102.275616718576
2024-10-18 08:00:08,103.461287464149
2024-10-18 09:00:08,103.150205103411
2024-10-18 10:00:08,103.561552889733
2024-10-18 11:00:08,103.751254578804
2024-10-18 12:00:08,103.036806825232
2024-10-18 13:00:08,103.139918813094
2024-10-18 14:00:08,103.53804089043
2024-10-18 15:00:08,103.892395154891
2024-10-18 16:00:08,103.572175227529
2024-10-18 17:00:08,103.169206952499
2024-10-18 18:00:08,103.036492945986
2024-10-18 19:00:08,103.466218817315
2024-10-18 20:00:08,104.13977748926
2024-10-18 21:00:08,103.397416846476
2024-10-18 22:00:08,103.708507472914
2024-10-19 02:00:08,101.570598558543
2024-10-19 03:00:08,104.52328639537
2024-10-19 04:00:08,104.537284707775
2024-10-19 05:00:08,102.280968425715
2024-10-19 06:00:08,101.705228856342
2024-10-19 07:00:08,103.452793387888
2024-10-19 08:00:08,102.40949038286
2024-10-19 09:00:08,103.072451360314
2024-10-19 10:00:08,102.610942902393
2024-10-19 11:00:08,102.712476872633
2024-10-19 12:00:08,102.41462467555
2024-10-19 13:00:08,103.244754487515
2024-10-19 14:00:08,102.575859275054
2024-10-19 15:00:08,103.31093926202
2024-10-19 16:00:08,102.143292711429
2024-10-19 17:00:08,101.625307483548
2024-10-19 18:00:08,103.985247467768
2024-10-19 19:00:08,102.982208991135
2024-10-19 20:00:08,102.263881790433
2024-10-20 09:00:08,101.607952672916
2024-10-20 10:00:08,103.14075940106
2024-10-20 11:00:08,101.883485868089
2024-10-20 12:00:08,101.900297465335
2024-10-20 13:00:08,103.108202495384
2024-10-20 14:00:08,103.635097459049
2024-10-20 15:00:08,102.627023022659
2024-10-20 16:00:08,102.713714223403
2024-10-20 17:00:08,101.925916074791
2024-10-20 18:00:08,102.457272387099
2024-10-20 19:00:08,102.129799811881
2024-10-20 20:00:08,101.874252405899
2024-10-20 21:00:08,101.835046199577
2024-10-20 22:00:08,101.601813552134
2024-10-21 00:00:02,100.657966694583
2024-10-21 01:00:08,101.300582730471
2024-10-21 02:00:08,102.059912755556
2024-10-21 03:00:08,103.581798179723
2024-10-21 04:00:08,101.330702836153
2024-10-21 05:00:08,121.046996800454
2024-10-21 06:00:08,100.858903783016
2024-10-21 07:00:08,101.383160110711
2024-10-21 08:00:08,103.478940494065
2024-10-21 09:00:08,102.748501187868
2024-10-21 10:00:08,101.903556792027
2024-10-21 11:00:08,102.412487311715
2024-10-21 12:00:08,102.529703344216
2024-10-21 13:00:08,101.891438823424
2024-10-21 14:00:08,102.069030061362
2024-10-21 15:00:08,101.829139749548
2024-10-21 16:00:08,101.329927971674
2024-10-21 17:00:08,102.245241680813
2024-10-21 18:00:08,101.051101622422
2024-10-21 19:00:08,102.381080589588
2024-10-21 20:00:08,102.918588952658
2024-10-21 21:00:08,102.187844691067
2024-10-21 22:00:08,102.07725325467
2024-10-21 23:00:08,102.561403305435
2024-10-22 00:00:01,101.720927469959
2024-10-22 01:00:08,99.5967527935543
2024-10-22 02:00:08,101.613887216853
2024-10-22 03:00:08,100.899547803979
2024-10-22 04:00:08,100.896432836897
2024-10-22 05:00:08,102.047803844283
2024-10-22 06:00:08,102.341023265506
2024-10-22 07:00:08,101.674456090193
2024-10-22 08:00:08,101.569897850067
2024-10-22 09:00:08,99.8940246827252
2024-10-22 10:00:08,102.181223183744
2024-10-22 11:00:08,102.751732144139
2024-10-22 12:00:08,100.860748739777
2024-10-22 13:00:08,101.621381294095
2024-10-22 14:00:08,99.3498525378138
2024-10-22 15:00:08,101.642935922333
2024-10-22 16:00:08,101.287156042304
2024-10-22 17:00:08,100.625483340229
2024-10-22 18:00:08,100.647509258673
2024-10-22 19:00:08,101.886332593233
2024-10-22 20:00:08,101.196317540283
2024-10-22 21:00:08,102.357733396239
2024-10-22 22:00:08,102.503176394509
2024-10-22 23:00:08,
2024-10-23 00:00:00,
2024-10-23 01:00:00,99.8638217165897
2024-10-23 02:00:00,100.742597431454
2024-10-23 03:00:00,100.678458234973
2024-10-23 04:00:00,100.16928207521
2024-10-23 05:00:00,100.627945856445
2024-10-23 06:00:00,100.35215024283
2024-10-23 07:00:00,100.381455736916
2024-10-23 08:00:00,101.463013584066
2024-10-23 10:00:00,100.447349149311
2024-10-23 11:00:00,99.9170146321033
2024-10-23 12:00:00,102.259608515098
2024-10-23 13:00:00,99.5676212518206
2024-10-23 14:00:00,101.495916787421
2024-10-23 15:00:00,101.767544639936
2024-10-23 16:00:00,101.212450251924
2024-10-23 17:00:00,100.976788496013
2024-10-23 18:00:00,101.765090101162
2024-10-23 19:00:00,101.207981520787
2024-10-23 20:00:00,101.427306246166
2024-10-23 21:00:00,100.9078944257
2024-10-23 22:00:00,101.153044280249
2024-10-23 23:00:00,101.119968483906
2024-10-24 00:00:00,100.230188230004
2024-10-24 01:00:00,
2024-10-24 02:00:00,
2024-10-24 03:00:00,
2024-10-24 04:00:00,
2024-10-24 05:00:00,
2024-10-24 06:00:00,100.972535908803
2024-10-24 07:00:00,100.333100254963
2024-10-24 08:00:00,99.8315349503983
2024-10-24 09:00:00,101.786710169768
2024-10-24 10:00:00,99.8139987367416
2024-10-24 11:00:00,100.062219931781
2024-10-24 12:00:00,101.234011914708
2024-10-24 13:00:00,100.024348590876
2024-10-24 14:00:00,100.505094772031
2024-10-24 15:00:00,98.7896474119404
2024-10-24 16:00:00,124.005443453068
2024-10-24 17:00:00,101.141959978513
2024-10-24 18:00:00,100.174804239564
2024-10-24 19:00:00,100.970518710449
2024-10-24 20:00:00,100.687257836971
2024-10-24 21:00:00,99.7880609588624
2024-10-24 22:00:00,101.347136741991
2024-10-24 23:00:00,99.161963382856
2024-10-25 00:00:00,100.511366397745
2024-10-25 01:00:00,100.413783950277
2024-10-25 02:00:00,99.3532730211847
2024-10-25 03:00:00,99.8214682728223
2024-10-25 04:00:00,100.369791206586
2024-10-25 05:00:00,99.2314079481969
2024-10-25 06:00:00,101.425802036536
2024-10-25 07:00:00,99.6196940609377
2024-10-25 08:00:00,99.5190336845409
2024-10-25 09:00:00,100.263657784828
2024-10-25 10:00:00,100.42618262434
2024-10-25 11:00:00,99.1966120473354
2024-10-25 12:00:00,100.101236653597
2024-10-25 13:00:00,99.7163290288622
2024-10-25 14:00:00,100.152125600435
2024-10-25 15:00:00,99.7950327038829
2024-10-25 16:00:00,100.111748274818
2024-10-25 17:00:00,100.572813401149
2024-10-25 18:00:00,99.2828909753939
2024-10-25 19:00:00,100.468352063489
2024-10-25 20:00:00,98.8533616259627
2024-10-25 21:00:00,99.224534435143
2024-10-25 22:00:00,100.234709702763
2024-10-25 23:00:00,98.5501148926039
2024-10-26 00:00:00,98.6367479853339
2024-10-26 01:00:00,99.2953648922596
2024-10-26 02:00:00,98.2558111235284
2024-10-26 03:00:00,97.946298585814
2024-10-26 04:00:00,99.0786407040087
2024-10-26 05:00:00,100.096857413932
2024-10-26 06:00:00,98.8173990212454
2024-10-26 07:00:00,99.1129765060171
2024-10-26 08:00:00,99.5067062306306
2024-10-26 09:00:00,99.0461309459797
2024-10-26 10:00:00,100.787857659082
2024-10-26 11:00:00,97.0378905266224
2024-10-26 12:00:00,97.7461237623685
2024-10-26 13:00:00,98.4611757763157
2024-10-26 14:00:00,98.2962222118477
2024-10-26 15:00:00,98.8719356677753
2024-10-26 16:00:00,97.6818871393678
2024-10-26 17:00:00,98.7266168779771
2024-10-26 18:00:00,99.5053240699008
2024-10-26 19:00:00,98.3253467918478
2024-10-26 20:00:00,99.8892392259802
2024-10-26 21:00:00,99.5906596983007
2024-10-26 22:00:00,99.4979128163973
2024-10-26 23:00:00,100.00422359818
2024-10-27 00:00:00,97.9918489011623
2024-10-27 01:00:00,98.0542496686598
2024-10-27 02:00:00,99.1582169446584
2024-10-27 03:00:00,98.7705331421223
2024-10-27 04:00:00,96.9449844245939
2024-10-27 05:00:00,97.8475272716059
2024-10-27 06:00:00,96.7810055471078
2024-10-27 07:00:00,99.0051153838301
2024-10-27 09:00:00,97.0049752933189
2024-10-27 10:00:00,98.7940452166372
2024-10-27 11:00:00,96.6364082140189
2024-10-27 12:00:00,99.4606626687973
2024-10-27 13:00:00,98.4322455480963
2024-10-27 14:00:00,98.3489095395852
2024-10-27 15:00:00,98.33876323503
2024-10-27 16:00:00,96.5703119830737
2024-10-27 17:00:00,99.0559097600787
2024-10-27 18:00:00,98.1571266288449
2024-10-27 19:00:00,
2024-10-27 20:00:00,
2024-10-27 21:00:00,
2024-10-28 08:00:00,
2024-10-28 09:00:00,
2024-10-28 10:00:00,98.8993062169606
2024-11-01 00:00:00,97.8929097730938
2024-11-01 01:00:00,96.9811860056226
2024-11-01 02:00:00,97.270674456067
2024-11-01 03:00:00,96.9179550041183
2024-11-01 04:00:00,96.7782850605583
2024-11-01 05:00:00,96.6764343871686
2024-11-01 06:00:00,96.7296812820777
2024-11-01 07:00:00,97.5559317980626
2024-11-01 08:00:00,97.4147984289207
2024-11-01 09:00:00,96.5601297686106
2024-11-01 10:00:00,
2024-11-01 11:00:00,
2024-11-01 12:00:00,97.1893834379397
2024-11-01 13:00:00,95.9376337485825
2024-11-01 14:00:00,96.5539368286971
2024-11-01 15:00:00,96.6922298869301
2024-11-01 16:00:00,96.9350536602836
2024-11-01 17:00:00,96.5303185485893
2024-11-01 18:00:00,97.2602271280639
2024-11-01 19:00:00,95.9927389652907
2024-11-01 20:00:00,97.1664144424157
2024-11-01 21:00:00,96.9459236680337
2024-11-01 22:00:00,97.1310002683645
2024-11-01 23:00:00,96.3721523573729
2024-11-02 00:00:00,96.1107150222673
2024-11-02 01:00:00,95.2270979420418
2024-11-02 02:00:00,95.6006219183929
2024-11-02 03:00:00,95.9535881886103
2024-11-02 04:00:00,95.6896680594573
2024-11-02 06:00:00,96.158919633151
2024-11-02 07:00:00,95.8247621313293
2024-11-02 08:00:00,95.5023521909732
2024-11-02 09:00:00,95.6568489122173
2024-11-02 10:00:00,95.646504865329
2024-11-02 11:00:00,96.9821381798642
2024-11-02 12:00:00,95.8627516028434
2024-11-02 13:00:00,96.42881325971
2024-11-02 14:00:00,96.1355469371612
2024-11-02 15:00:00,96.414894262453
2024-11-02 16:00:00,95.5924836093344
2024-11-02 17:00:00,95.7280386433155
2024-11-02 18:00:00,95.8671102818348
2024-11-02 19:00:00,95.6612206028608
2024-11-02 20:00:00,96.2114503389506
2024-11-02 21:00:00,97.0016405980296
2024-11-02 22:00:00,96.5989969356371
2024-11-02 23:00:00,95.7081744449656
2024-11-03 00:00:00,95.0309002026421
2024-11-03 01:00:00,94.9981222576056
2024-11-03 02:00:00,95.904045143321
2024-11-03 03:00:00,95.2400682645165
2024-11-03 04:00:00,95.0825428426283
2024-11-03 05:00:00,96.1137187783143
2024-11-03 06:00:00,95.2067574220967
2024-11-03 07:00:00,95.0462826875918
2024-11-03 08:00:00,95.7339015102902
2024-11-03 09:00:00,94.6922924133986
2024-11-03 10:00:00,93.9826791094918
2024-11-03 11:00:00,94.7895162782749
2024-11-04 00:00:00,94.1230155613407
2024-11-04 01:00:00,94.3882353846958
2024-11-04 02:00:00,93.9384872735678
2024-11-04 03:00:00,93.9643582822307
2024-11-04 04:00:00,94.3775027426553
2024-11-04 05:00:00,94.4473963486333
2024-11-04 06:00:00,95.5584830568406
2024-11-04 07:00:00,94.3980246621235
2024-11-04 09:00:00,95.004039725359
2024-11-04 10:00:00,93.1715293908343
2024-11-04 11:00:00,95.4629062879028
2024-11-04 12:00:00,93.4858027725565
2024-11-04 13:00:00,
2024-11-04 14:00:00,
2024-11-04 15:00:00,93.1961802564693
2024-11-04 16:00:00,95.3277015257242
2024-11-04 17:00:00,94.6344852125983
2024-11-04 18:00:00,94.3186704601233
2024-11-04 19:00:00,94.4754026351132
2024-11-04 20:00:00,94.8551802791234
2024-11-04 21:00:00,94.2310105825375
2024-11-04 22:00:00,94.4920502483416
2024-11-04 23:00:00,94.5737055161126
2024-11-05 00:00:00,93.7425238262903
2024-11-05 01:00:00,94.0176523671652
2024-11-05 02:00:00,93.1525542729463
2024-11-05 03:00:00,94.2549368834096
2024-11-05 04:00:00,93.3825577788708
2024-11-05 05:00:00,93.3026954328149
2024-11-05 06:00:00,93.2172874457596
2024-11-05 07:00:00,93.5600536464549
2024-11-05 08:00:00,93.4615681271407
2024-11-05 09:00:00,93.2965998670863
2024-11-05 10:00:00,93.9491884435497
2024-11-05 11:00:00,94.2933188777106
2024-11-05 12:00:00,95.0816711992251
2024-11-05 13:00:00,94.5926235261194
2024-11-05 14:00:00,94.6221842012811
2024-11-05 15:00:00,93.6925430125725
2024-11-05 16:00:00,93.2324033606531
2024-11-05 17:00:00,93.6799462192665
2024-11-05 18:00:00,92.7056159270807
2024-11-05 19:00:00,94.2114350319262
2024-11-05 20:00:00,94.9866281539487
2024-11-05 21:00:00,93.5462933192034
2024-11-05 22:00:00,94.1813522958722
2024-11-05 23:00:00,93.3726948055532
2024-11-06 00:00:00,93.2531747342935
2024-11-06 01:00:00,92.8369190496875
2024-11-06 02:00:00,93.7311958225029
2024-11-06 03:00:00,92.6285219935319
2024-11-06 04:00:00,93.9519947895104
2024-11-06 05:00:00,93.2815426559274
2024-11-06 06:00:00,93.4751743829298
2024-11-06 07:00:00,93.4890080430342
2024-11-06 08:00:00,93.5329967614835
2024-11-06 10:00:00,92.8630120800261
2024-11-06 11:00:00,93.7435485061283
2024-11-06 12:00:00,93.4979314082844
2024-11-06 13:00:00,93.4337809190312
2024-11-06 14:00:00,93.1469722548472
2024-11-06 15:00:00,93.7806320808145
2024-11-06 16:00:00,93.7254036338193
2024-11-06 17:00:00,93.1995340289232
2024-11-06 18:00:00,94.0495213216664
2024-11-06 19:00:00,93.57402474736
2024-11-06 20:00:00,93.2674996885558
2024-11-06 21:00:00,94.2822660073468
2024-11-06 22:00:00,93.3688167290072
2024-11-06 23:00:00,92.877850486597
2024-11-07 00:00:00,92.3563271693236
2024-11-07 01:00:00,91.9511207742841
2024-11-07 02:00:00,92.2119951299793
2024-11-07 03:00:00,91.4284164956162
2024-11-07 04:00:00,92.5590930908565
2024-11-07 05:00:00,92.728914144214
2024-11-07 06:00:00,92.4060057180924
2024-11-07 07:00:00,92.1831608147569
2024-11-07 10:00:00,91.2123311639331
2024-11-07 11:00:00,92.5696437964931
2024-11-07 12:00:00,92.6251542369225
2024-11-07 13:00:00,91.9019039659349
2024-11-07 14:00:00,92.7617844919656
2024-11-08 03:00:00,92.1905163962608
2024-11-08 04:00:00,90.9967461653117
2024-11-08 05:00:00,91.9369868686465
2024-11-08 06:00:00,90.7562196947959
2024-11-08 07:00:00,90.7600031776742
2024-11-08 08:00:00,90.9897254075517
2024-11-08 10:00:00,90.7512787916737
2024-11-08 11:00:00,92.0489849334443
2024-11-08 12:00:00,90.3752392914661
2024-11-08 13:00:00,91.2647723198359
2024-11-08 15:00:00,91.0735565858757
2024-11-08 16:00:00,90.8459152913355
2024-11-08 17:00:00,90.7520154908009
2024-11-08 18:00:00,91.6751952335928
2024-11-08 19:00:00,90.5493967365981
2024-11-08 20:00:00,91.2999177884239
2024-11-08 21:00:00,90.7504152781022
2024-11-08 22:00:00,91.2591503108624
2024-11-08 23:00:00,90.7106928719805
2024-11-09 00:00:00,90.8790150770329
2024-11-09 01:00:00,91.7378363929949
2024-11-09 02:00:00,91.8420033900726
2024-11-09 03:00:00,91.6642778642025
2024-11-09 04:00:00,91.2441528427385
2024-11-09 05:00:00,91.9017893288524
2024-11-09 06:00:00,91.2808057850547
2024-11-09 07:00:00,90.5449025187844
2024-11-09 08:00:00,91.8590882577462
2024-11-09 11:00:00,90.3881030074761
2024-11-09 12:00:00,90.6497306975793
2024-11-09 13:00:00,91.0228034069973
2024-11-09 14:00:00,91.3377727586764
2024-11-09 15:00:00,91.6562021857821
2024-11-09 16:00:00,91.7419787999721
2024-11-09 17:00:00,90.4492085654232
2024-11-09 18:00:00,91.5850963863845
2024-11-09 19:00:00,90.8824654491257
2024-11-09 20:00:00,91.0886080830011
2024-11-09 21:00:00,92.0853684333227
2024-11-09 22:00:00,91.3804083390011
2024-11-09 23:00:00,91.101020809469
2024-11-10 00:00:00,91.9435740139526
2024-11-10 01:00:00,91.1654040887704
2024-11-10 02:00:00,90.9866383433389
2024-11-10 03:00:00,89.8050851269928
2024-11-10 04:00:00,90.7534335314241
2024-11-10 05:00:00,91.2681321355106
2024-11-10 07:00:00,90.5562509829407
2024-11-10 08:00:00,90.4295339134342
2024-11-10 10:00:00,91.1341564334072
2024-11-10 11:00:00,90.2462472530602
2024-11-10 12:00:00,91.6280958542897
2024-11-10 13:00:00,91.2946868780187
2024-11-10 14:00:00,91.7770051188802
2024-11-10 15:00:00,91.2902191657107
2024-11-10 16:00:00,91.1504941206476
2024-11-10 17:00:00,90.6564706935325
2024-11-10 18:00:00,91.3646627450237
2024-11-10 19:00:00,90.5533081006741
2024-11-10 20:00:00,91.5233814941975
2024-11-10 21:00:00,90.8949162713426
2024-11-10 22:00:00,90.4803102463726
2024-11-10 23:00:00,90.4431928841015
2024-11-11 00:00:00,90.8584747008507
2024-11-11 01:00:00,90.5523968073286
2024-11-11 02:00:00,90.92869908601
2024-11-11 03:00:00,91.1521831995373
2024-11-11 04:00:00,90.3935631479209
2024-11-11 05:00:00,90.0600037013908
2024-11-11 06:00:00,89.955906872805
2024-11-11 07:00:00,72.0448378928928
2024-11-11 08:00:00,90.5078610201452
2024-11-11 09:00:00,90.7279425552687
2024-11-11 10:00:00,90.8480367375499
2024-11-11 11:00:00,89.5368051134536
2024-11-11 12:00:00,91.6062564459755
2024-11-11 13:00:00,90.6057778577583
2024-11-11 14:00:00,90.1834787434414
2024-11-11 15:00:00,90.4818590953274
2024-11-11 16:00:00,90.9793825277806
2024-11-12 05:00:00,90.258696389094
2024-11-12 06:00:00,89.7528691569279
2024-11-12 07:00:00,90.1522739226104
2024-11-12 08:00:00,90.5332222497846
2024-11-12 09:00:00,90.4977910618549
2024-11-12 10:00:00,90.4468914919215
2024-11-12 11:00:00,90.3513253442175
2024-11-12 12:00:00,90.2478841803521
2024-11-12 13:00:00,89.9301043430959
2024-11-12 14:00:00,90.0084888271241
2024-11-12 15:00:00,89.8264708417123
2024-11-12 16:00:00,89.6815244257068
2024-11-12 17:00:00,90.2547541665576
2024-11-12 18:00:00,90.1568884580261
2024-11-12 19:00:00,90.7850533410499
2024-11-12 20:00:00,90.7347443844508
2024-11-12 21:00:00,90.518899611834
2024-11-12 22:00:00,89.6793315086969
2024-11-12 23:00:00,90.4824183584726
2024-11-13 00:00:00,89.8766837037469
2024-11-13 01:00:00,88.9131872594269
2024-11-13 02:00:00,88.8847227872702
2024-11-13 03:00:00,87.811553031366
2024-11-13 04:00:00,89.3002193893091
2024-11-13 05:00:00,89.5763679491341
2024-11-13 06:00:00,89.4008260347415
2024-11-13 07:00:00,88.3411769742628
2024-11-13 08:00:00,89.3406618390734
2024-11-13 09:00:00,89.4860482670383
2024-11-13 10:00:00,88.7852322336494
2024-11-13 11:00:00,89.0527019450493
2024-11-13 12:00:00,87.7627005930384
2024-11-13 13:00:00,88.9473044917667
2024-11-13 14:00:00,89.4311963204833
2024-11-13 15:00:00,88.4902173381169
2024-11-13 16:00:00,89.7780769666654
2024-11-13 17:00:00,88.9134855840232
2024-11-13 18:00:00,88.7826502632605
2024-11-13 19:00:00,89.0470062942033
2024-11-13 20:00:00,89.8342911689975
2024-11-13 21:00:00,89.3862206172858
2024-11-13 22:00:00,89.3028373980619
2024-11-13 23:00:00,88.6696941159392
2024-11-14 00:00:00,88.2808325784167
2024-11-14 01:00:00,89.0939445983828
2024-11-14 02:00:00,87.5540519955045
2024-11-14 03:00:00,88.1108022498467
2024-11-14 04:00:00,88.9137668263271
2024-11-14 05:00:00,88.4663775681612
2024-11-14 06:00:00,88.3158827144833
2024-11-14 07:00:00,89.4876143412881
2024-11-14 08:00:00,88.2377101094346
2024-11-14 09:00:00,87.8510591663956
2024-11-14 10:00:00,88.3188297382954
2024-11-14 11:00:00,87.8052142977074
2024-11-14 12:00:00,88.4389105278892
2024-11-14 13:00:00,88.6522275147869
2024-11-14 14:00:00,87.6723805251476
2024-11-14 15:00:00,88.110940438144
2024-11-14 16:00:00,86.5816560430852
2024-11-14 17:00:00,87.6186842468489
2024-11-14 18:00:00,88.0936701459652
2024-11-14 19:00:00,88.8926971963067
2024-11-14 20:00:00,87.9582729966572
2024-11-14 21:00:00,87.374354069128
2024-11-14 22:00:00,87.9739021077017
2024-11-14 23:00:00,88.5721086336264
2024-11-15 00:00:00,87.0533276344608
2024-11-15 01:00:00,87.8792901969932
2024-11-15 02:00:00,86.7835011250458
2024-11-15 03:00:00,87.5396504665097
2024-11-15 04:00:00,87.1708293873103
2024-11-15 05:00:00,86.944610486574
2024-11-15 06:00:00,87.3704194813571
2024-11-15 07:00:00,87.56766989547
2024-11-15 08:00:00,94.8668085554896
2024-11-15 09:00:00,87.7904978464749
2024-11-15 10:00:00,87.5030198041225
2024-11-15 11:00:00,87.4797092546105
2024-11-15 12:00:00,88.2526263630418
2024-11-15 13:00:00,87.1425219638901
2024-11-15 14:00:00,87.122089219717
2024-11-15 15:00:00,86.8238106661203
2024-11-15 16:00:00,87.0314992598009
2024-11-15 17:00:00,88.3838971665178
2024-11-15 18:00:00,87.3063837143239
2024-11-15 20:00:00,87.7382034482544
2024-11-16 07:00:00,88.4136281074918
2024-11-16 08:00:00,87.7388980074321
2024-11-16 09:00:00,87.956528883783
2024-11-16 10:00:00,86.9981838179928
2024-11-16 11:00:00,87.9978474606346
2024-11-16 12:00:00,87.9705404665941
2024-11-16 13:00:00,86.564148776808
2024-11-16 14:00:00,87.4388525046423
2024-11-16 15:00:00,87.9480114831637
2024-11-16 16:00:00,88.126620832518
2024-11-16 17:00:00,87.4252863573366
2024-11-16 18:00:00,88.6872312012023
2024-11-16 19:00:00,87.3156531930637
2024-11-16 20:00:00,87.5980504512641
2024-11-16 21:00:00,88.4948342780393
2024-11-16 22:00:00,88.2678346911993
2024-11-16 23:00:00,87.3460700380566
2024-11-17 00:00:00,87.4693308016426
2024-11-17 01:00:00,87.0739918550144
2024-11-17 02:00:00,86.6058624051571
2024-11-17 03:00:00,85.8128668101969
2024-11-17 04:00:00,87.8763117581079
2024-11-17 05:00:00,87.6943358588086
2024-11-17 06:00:00,87.0002618623589
2024-11-17 10:00:00,86.5315970272171
2024-11-17 11:00:00,87.1732744964306
2024-11-17 12:00:00,87.2425456085474
2024-11-17 13:00:00,87.563236956514
2024-11-17 14:00:00,87.3020116407837
2024-11-17 15:00:00,86.8772561228564
2024-11-17 16:00:00,86.3418927821431
2024-11-17 17:00:00,87.5382500355534
2024-11-17 18:00:00,87.5769204583038
2024-11-17 19:00:00,87.8803601420262
2024-11-17 20:00:00,86.5730286330036
2024-11-17 21:00:00,86.9420096527979
2024-11-17 22:00:00,87.3555230549802
2024-11-17 23:00:00,86.9472176731968
2024-11-18 00:00:00,86.2165456939758
2024-11-18 01:00:00,86.1573376855489
2024-11-18 02:00:00,86.2045123698229
2024-11-18 03:00:00,86.2140979272973
2024-11-18 04:00:00,86.3913481068042
2024-11-18 05:00:00,86.3856708725915
2024-11-18 06:00:00,85.9312968530197
2024-11-18 07:00:00,86.5378247167637
2024-11-18 09:00:00,86.0142251084279
2024-11-18 10:00:00,85.6878245168558
2024-11-18 11:00:00,86.9831196111602
2024-11-18 12:00:00,87.190531633269
2024-11-18 13:00:00,86.0643636655993
2024-11-18 14:00:00,
2024-11-18 15:00:00,
2024-11-18 16:00:00,
2024-11-18 17:00:00,
2024-11-18 18:00:00,86.4326503952776
2024-11-18 19:00:00,85.6820943934183
2024-11-18 20:00:00,85.3971417022901
2024-11-18 21:00:00,85.9594148806738
2024-11-18 22:00:00,86.5911327328832
2024-11-18 23:00:00,86.3183257989617
2024-11-19 00:00:00,85.4339442336851
2024-11-19 01:00:00,87.3528315215218
2024-11-19 02:00:00,85.6903502457859
2024-11-19 03:00:00,85.9292861857375
2024-11-19 04:00:00,86.4956239191231
2024-11-19 05:00:00,85.8371108182016
2024-11-19 06:00:00,86.1561940640756
2024-11-19 09:00:00,85.053212216465
2024-11-19 10:00:00,86.9414906579011
2024-11-19 11:00:00,85.8371005911088
2024-11-19 12:00:00,85.8892753596914
2024-11-19 13:00:00,85.5620111581539
2024-11-19 14:00:00,85.8858842727922
2024-11-19 15:00:00,86.3006149375839
2024-11-19 16:00:00,85.7418717738964
2024-11-19 17:00:00,85.9618432938128
2024-11-19 18:00:00,86.1674420597404
2024-11-19 19:00:00,85.9418447926818
2024-11-19 20:00:00,85.6255307774572
2024-11-19 21:00:00,85.9164077904297
2024-11-19 22:00:00,85.3731528471835
2024-11-20 10:00:00,85.7228240255983
2024-11-20 11:00:00,85.617381891253
2024-11-20 12:00:00,85.7107485699388
2024-11-20 13:00:00,86.2656986066203
2024-11-20 14:00:00,85.7489589013264
2024-11-20 15:00:00,84.6812404146039
2024-11-20 16:00:00,97.7940235263438
2024-11-20 17:00:00,84.7872788149015
2024-11-20 18:00:00,84.7538928677582
2024-11-20 19:00:00,85.5742485626856
2024-11-20 20:00:00,85.6392581607661
2024-11-20 21:00:00,85.5142710410679
2024-11-20 22:00:00,84.4036115112025
2024-11-20 23:00:00,85.6520564960385
2024-11-21 00:00:00,85.0161888671573
2024-11-21 01:00:00,85.6550365213872
2024-11-21 02:00:00,85.059942346953
2024-11-21 03:00:00,85.3350924774086
2024-11-21 04:00:00,85.3382603292056
2024-11-21 05:00:00,85.9382913121973
2024-11-21 06:00:00,84.5704009768586
2024-11-21 07:00:00,85.4661048495326
2024-11-21 09:00:00,86.3462752343176
2024-11-21 10:00:00,84.8855093636669
2024-11-21 11:00:00,85.8272540671698
2024-11-21 12:00:00,83.842537363248
2024-11-21 13:00:00,84.7962978974865
2024-11-21 14:00:00,85.7660765162259
2024-11-21 15:00:00,84.985462173097
2024-11-21 16:00:00,85.8172632561764
2024-11-21 17:00:00,84.5214634946023
2024-11-21 18:00:00,85.276257983274
2024-11-21 19:00:00,85.2349161791912
2024-11-21 20:00:00,85.1757592543377
2024-11-21 21:00:00,85.0938800901453
2024-11-21 22:00:00,85.8732410492463
2024-11-21 23:00:00,85.5257135158571
2024-11-22 00:00:00,84.0870213444114
2024-11-22 01:00:00,85.8641633972703
2024-11-22 02:00:00,85.036217010524
2024-11-22 03:00:00,84.3641048534934
2024-11-22 04:00:00,84.6746606180308
2024-11-22 05:00:00,84.6107514672756
2024-11-22 06:00:00,85.2145115129256
2024-11-22 07:00:00,85.0161318727554
2024-11-22 08:00:00,84.5011648006353
2024-11-22 09:00:00,84.0548417321641
2024-11-22 10:00:00,84.364345924794
2024-11-22 11:00:00,84.2214972776834
2024-11-22 12:00:00,85.1545812882171
2024-11-22 13:00:00,84.7214986298003
2024-11-22 14:00:00,84.9740935345506
2024-11-22 15:00:00,84.6546905549404
2024-11-22 16:00:00,85.3650523283818
2024-11-22 17:00:00,84.1403182323956
2024-11-22 18:00:00,85.5632754073453
2024-11-22 19:00:00,84.2574438664743
2024-11-22 20:00:00,84.5995029402336
2024-11-22 21:00:00,84.866205879197
2024-11-22 22:00:00,84.5546978645501
2024-11-22 23:00:00,85.9292217189798
2024-11-23 00:00:00,84.3593509614886
2024-11-23 01:00:00,84.0436960545791
2024-11-23 02:00:00,84.8458371935694
2024-11-23 03:00:00,84.2055570250417
2024-11-23 04:00:00,83.4030348550267
2024-11-23 05:00:00,83.7602058893265
2024-11-23 06:00:00,83.376510580205
2024-11-23 08:00:00,83.8523416070507
2024-11-23 12:00:00,83.4263514786337
2024-11-23 13:00:00,83.5381230502106
2024-11-23 14:00:00,83.025383120528
2024-11-23 15:00:00,84.6286435603744
2024-11-23 16:00:00,83.6118169209385
2024-11-23 17:00:00,83.6235271181688
2024-11-23 18:00:00,84.6183029151087
2024-11-23 19:00:00,84.0666260494124
2024-11-23 20:00:00,83.9033404850502
2024-11-23 21:00:00,84.577590667899
2024-11-23 22:00:00,84.2501570068314
2024-11-23 23:00:00,83.8342326094937
2024-11-24 00:00:00,84.2107110724315
2024-11-24 12:00:00,83.868098190552
2024-11-24 13:00:00,82.9635563102673
2024-11-24 14:00:00,83.9076934042048
2024-11-24 15:00:00,83.4684437141182
2024-11-24 16:00:00,83.4900902513549
2024-11-24 17:00:00,84.5592145837843
2024-11-24 18:00:00,83.9424100717379
2024-11-24 19:00:00,84.8176239523689
2024-11-24 20:00:00,84.1944023091015
2024-11-24 21:00:00,84.0960360544373
2024-11-24 22:00:00,83.8928428606269
2024-11-24 23:00:00,84.846160220359
2024-11-25 00:00:00,82.7865793476885
2024-11-25 01:00:00,83.3487590171063
2024-11-25 02:00:00,84.2282947240491
2024-11-25 03:00:00,83.0670043806817
2024-11-25 04:00:00,84.016716506021
2024-11-25 05:00:00,83.251666722647
2024-11-25 06:00:00,83.3674916129693
2024-11-25 07:00:00,83.0614261689487
2024-11-25 08:00:00,82.7385212957199
2024-11-25 09:00:00,83.4751065698681
2024-11-25 10:00:00,81.8291548583212
2024-11-25 11:00:00,84.2015576991013
2024-11-25 12:00:00,83.0974187420959
2024-11-25 13:00:00,83.611436218966
2024-11-25 14:00:00,83.4173045707495
2024-11-25 15:00:00,83.1742171954899
2024-11-25 16:00:00,83.2337889882019
2024-11-25 17:00:00,83.0814576260249
2024-11-25 18:00:00,83.6789153056237
2024-11-25 19:00:00,82.973600281646
2024-11-25 20:00:00,82.5541344932184
2024-11-25 21:00:00,83.7947842534923
2024-11-25 22:00:00,83.3799170934049
2024-11-26 00:00:00,82.541810836588
2024-11-26 01:00:00,82.2687869004294
2024-11-26 02:00:00,82.86809390928
2024-11-26 03:00:00,82.9727862503441
2024-11-26 04:00:00,82.510046803975
2024-11-26 05:00:00,82.9779460922153
2024-11-26 06:00:00,83.0653655051535
2024-11-26 07:00:00,
2024-11-26 09:00:00,
2024-11-26 10:00:00,
2024-11-26 11:00:00,
2024-11-26 12:00:00,
2024-11-26 13:00:00,83.4644048875138
2024-11-26 14:00:00,82.0555090096946
2024-11-26 15:00:00,81.3977862254142
2024-11-26 16:00:00,83.2772295640848
2024-11-26 17:00:00,82.7355474637489
2024-11-26 18:00:00,82.0334067597866
2024-11-26 19:00:00,82.9595849597077
2024-11-26 20:00:00,82.8392493796547
2024-11-26 21:00:00,82.97248546334
2024-11-26 22:00:00,82.6567112200117
2024-11-26 23:00:00,82.1668302199817
2024-11-27 00:00:00,82.4824871829493
2024-11-27 01:00:00,82.4608996979805
2024-11-27 02:00:00,82.6413700702825
2024-11-27 03:00:00,82.893267301584
2024-11-27 04:00:00,82.205837548978
2024-11-27 05:00:00,81.2620186648873
2024-11-27 06:00:00,81.7043007538502
2024-11-27 07:00:00,82.6419286025625
2024-11-27 08:00:00,82.6995303371226
2024-11-27 09:00:00,83.1166138704532
2024-11-27 10:00:00,83.1649811136051
2024-11-27 11:00:00,81.5475943740864
2024-11-27 12:00:00,82.0029427465571
2024-11-27 13:00:00,81.6638090673846
2024-11-27 14:00:00,82.3407739318889
2024-11-27 16:00:00,83.1185051141099
2024-11-27 17:00:00,82.4977452310798
2024-11-27 18:00:00,82.8318951246929
2024-11-27 19:00:00,82.8179978542691
2024-11-27 20:00:00,82.8751024698926
2024-11-27 21:00:00,82.2616030599962
2024-11-27 22:00:00,82.3933565749928
2024-11-27 23:00:00,82.2215846322159
2024-11-28 00:00:00,82.5171879099516
2024-11-28 01:00:00,82.5589354992547
2024-11-28 03:00:00,82.7110423215314
2024-11-28 04:00:00,82.3872504209259
2024-11-28 05:00:00,82.6902804721533
2024-11-28 06:00:00,82.5402691878945
2024-11-28 07:00:00,81.748409733814
2024-11-28 08:00:00,82.5413027397574
2024-11-28 09:00:00,81.8601750251266
2024-11-28 10:00:00,82.4349385724467
2024-11-28 11:00:00,83.3127625017376
2024-11-28 12:00:00,82.6493744071738
2024-11-28 13:00:00,82.5422747767224
2024-11-28 14:00:00,82.3416005359801
2024-11-28 15:00:00,83.0083065745963
2024-11-28 16:00:00,82.2039492565916
2024-11-28 17:00:00,82.4007566400811
2024-11-28 18:00:00,82.8326571905274
2024-11-28 19:00:00,82.5573386124783
2024-11-28 20:00:00,81.7492311210793
2024-11-28 21:00:00,83.31338365173
2024-11-28 22:00:00,83.041955542716
2024-11-28 23:00:00,83.3476070879785
2024-11-29 00:00:00,81.8922234373211
2024-11-29 01:00:00,80.8459993292644
2024-11-29 02:00:00,81.9627766566682
2024-11-29 03:00:00,81.8164184276643
2024-11-29 04:00:00,104.492151800545
2024-11-29 05:00:00,81.9407955282423
2024-11-29 06:00:00,81.5672280952166
2024-11-29 07:00:00,81.3589393844379
2024-11-29 08:00:00,81.4553496136806
2024-11-29 09:00:00,81.6761353446717
2024-11-29 10:00:00,81.7483681110129
2024-11-29 11:00:00,81.3598924934494
2024-11-29 12:00:00,80.6048164838268
2024-11-29 13:00:00,82.3474322194416
2024-11-29 14:00:00,100.9919871276
2024-11-29 15:00:00,81.7014904403397
2024-11-29 16:00:00,81.9147273608686
2024-11-29 17:00:00,81.562196979005
2024-11-29 18:00:00,81.911482130608
2024-11-30 06:00:00,81.0252846369625
2024-11-30 08:00:00,81.1290023603169
2024-11-30 09:00:00,81.6183011888578
2024-11-30 10:00:00,81.3835800010512
2024-11-30 11:00:00,80.4160854999468
2024-11-30 12:00:00,81.7158987505448
2024-11-30 13:00:00,81.8621286708375
2024-11-30 14:00:00,81.8738670493029
2024-11-30 15:00:00,81.9481886330876
2024-11-30 16:00:00,81.0034360550335
2024-11-30 17:00:00,81.1461566956564
2024-11-30 18:00:00,80.1515279285468
2024-11-30 19:00:00,81.2601641877651
2024-11-30 20:00:00,80.9121252078403
2024-11-30 21:00:00,81.8094719712433
2024-11-30 22:00:00,80.9132404926059
2024-11-30 23:00:00,81.531715680767
2024-12-01 00:00:00,81.3493900330493
2024-12-01 01:00:00,80.9947742396335
2024-12-01 02:00:00,81.3320122589863
2024-12-01 03:00:00,81.2580763933529
2024-12-01 04:00:00,80.9707528089668
2024-12-01 05:00:00,80.9244811208933
2024-12-01 06:00:00,81.4688890247857
2024-12-01 07:00:00,81.0154521286427
2024-12-01 08:00:00,80.7559674754861
2024-12-01 09:00:00,80.5628963788245
2024-12-01 10:00:00,81.0163930274501
2024-12-01 11:00:00,81.5819366119931
2024-12-01 12:00:00,81.0094500748584
2024-12-01 13:00:00,81.1597176525345
2024-12-01 14:00:00,81.3189955551734
2024-12-01 15:00:00,81.0402756872682
2024-12-01 16:00:00,80.649666452307
2024-12-01 17:00:00,81.3198369013542
2024-12-01 18:00:00,80.9747278605594
2024-12-01 19:00:00,81.1644093627211
2024-12-01 20:00:00,81.4621347613377
2024-12-01 21:00:00,81.0992960072147
2024-12-01 22:00:00,81.6856606983096
2024-12-01 23:00:00,81.104294410512
2024-12-02 00:00:00,63.4634347031386
2024-12-02 01:00:00,80.5549831936821
2024-12-02 02:00:00,80.9554977625061
2024-12-02 04:00:00,80.7575702401887
2024-12-02 05:00:00,80.8723007127397
2024-12-02 06:00:00,80.445716847658
2024-12-02 07:00:00,80.9853180071273
2024-12-02 08:00:00,80.9693059466434
2024-12-02 09:00:00,80.9659799186703
2024-12-02 10:00:00,81.0727565114055
2024-12-02 11:00:00,80.6229193670539
2024-12-02 12:00:00,80.9160839106117
2024-12-02 13:00:00,80.2736898913061
2024-12-02 14:00:00,80.5895546701088
2024-12-02 15:00:00,80.8783746606235
2024-12-02 16:00:00,80.8043058519565
2024-12-02 17:00:00,80.4691828233553
2024-12-02 18:00:00,80.7940970795271
2024-12-02 19:00:00,80.8617663053844
2024-12-02 20:00:00,80.4725684722583
2024-12-02 21:00:00,81.0115966167658
2024-12-02 22:00:00,80.7806313572727
2024-12-02 23:00:00,80.8228891869751
2024-12-03 00:00:00,79.529457798937
2024-12-03 01:00:00,80.2489811346504
2024-12-03 02:00:00,79.6760902458186
2024-12-03 03:00:00,79.6161223522396
2024-12-03 04:00:00,80.7288068897049
2024-12-03 05:00:00,79.6914864597965
2024-12-03 06:00:00,79.9247303797602
2024-12-03 07:00:00,79.9578122060216
2024-12-03 08:00:00,80.4559514237155
2024-12-03 09:00:00,79.9939170224666
2024-12-03 10:00:00,80.4859765605754
2024-12-03 11:00:00,
2024-12-03 12:00:00,
2024-12-03 13:00:00,80.0607420598005
2024-12-03 14:00:00,79.2122364456647
2024-12-03 15:00:00,79.4885343365746
2024-12-03 16:00:00,79.6709350448539
2024-12-03 17:00:00,79.6475848855896
2024-12-03 18:00:00,79.9743496718055
2024-12-03 19:00:00,80.1976283707932
2024-12-03 20:00:00,80.2048353999449
2024-12-03 21:00:00,79.8814660881296
2024-12-03 22:00:00,81.2694342825919
2024-12-03 23:00:00,80.1670161361519
2024-12-04 00:00:00,79.1804609521337
2024-12-04 01:00:00,79.7038861347792
2024-12-04 02:00:00,78.9395855157387
2024-12-04 03:00:00,79.887009463787
2024-12-04 04:00:00,79.3877515934051
2024-12-04 05:00:00,80.06193572108
2024-12-04 06:00:00,79.4690916514973
2024-12-04 07:00:00,79.1911846467589
2024-12-04 08:00:00,80.1259502423367
2024-12-04 09:00:00,79.1200718071874
2024-12-04 11:00:00,79.2694509672007
2024-12-04 12:00:00,80.0228756495771
2024-12-04 13:00:00,79.6053669372418
2024-12-04 14:00:00,79.3888136591161
2024-12-04 15:00:00,79.4390514996853
2024-12-04 16:00:00,80.3540692467628
2024-12-04 17:00:00,79.746524578878
2024-12-04 18:00:00,79.6813497181688
2024-12-04 19:00:00,79.1630982108639
2024-12-04 20:00:00,80.0789900615916
2024-12-04 21:00:00,79.5794412387822
2024-12-04 22:00:00,79.2054904480767
2024-12-04 23:00:00,79.2457100451048
2024-12-05 00:00:00,78.4524496927319
2024-12-05 01:00:00,78.8535571823745
2024-12-05 02:00:00,78.5325768756939
2024-12-05 03:00:00,78.5568736996184
2024-12-05 15:00:00,78.6277092627351
2024-12-05 16:00:00,78.2833812178522
2024-12-05 17:00:00,78.7935623050999
2024-12-05 18:00:00,78.3761131181198
2024-12-05 19:00:00,78.4842081636722
2024-12-05 20:00:00,78.1619816434595
2024-12-05 21:00:00,78.8587792798214
2024-12-05 22:00:00,78.1644401654436
2024-12-05 23:00:00,78.6561962937808
2024-12-06 00:00:00,77.9553523369632
2024-12-06 01:00:00,77.9103133895831
2024-12-06 02:00:00,78.7723591602526
2024-12-06 03:00:00,78.2486678361401
2024-12-06 04:00:00,78.0660907379993
2024-12-06 05:00:00,78.0329879271023
2024-12-06 06:00:00,78.8853450327319
2024-12-06 07:00:00,78.114055573846
2024-12-06 08:00:00,78.3497682867733
2024-12-06 09:00:00,78.436428716491
2024-12-06 10:00:00,78.5375988006986
2024-12-06 11:00:00,78.3968157586332
2024-12-06 12:00:00,78.5069200980326
2024-12-06 13:00:00,78.1205325412789
2024-12-06 14:00:00,77.987878342691
2024-12-06 15:00:00,78.125759181346
2024-12-06 16:00:00,78.0914561089487
2024-12-06 17:00:00,78.6097825784483
2024-12-06 18:00:00,78.3034555084964
2024-12-06 19:00:00,78.71082688567
2024-12-06 20:00:00,78.6124266501974
2024-12-06 21:00:00,78.2894179821927
2024-12-06 22:00:00,77.7752715741189
2024-12-06 23:00:00,78.7030089935388
2024-12-07 00:00:00,77.5304909013566
2024-12-07 01:00:00,77.4994491931909
2024-12-07 02:00:00,77.1152713384237
2024-12-07 03:00:00,77.2793739786408
2024-12-07 04:00:00,76.8548236897094
2024-12-07 05:00:00,77.5579098407274
2024-12-07 06:00:00,77.7486633572152
2024-12-07 07:00:00,77.9449921446937
2024-12-07 08:00:00,77.2468292581988
2024-12-07 09:00:00,77.3045372945025
2024-12-07 10:00:00,76.9456742485265
2024-12-07 11:00:00,77.4115977117558
2024-12-07 12:00:00,77.3297234366849
2024-12-07 13:00:00,77.3682796139769
2024-12-07 14:00:00,77.2378705557786
2024-12-07 15:00:00,77.1971700684423
2024-12-07 16:00:00,77.6965287466263
2024-12-07 17:00:00,77.5162119688395
2024-12-07 18:00:00,77.3919976792232
2024-12-07 19:00:00,77.824358461895
2024-12-07 20:00:00,78.2130970921516
2024-12-07 21:00:00,77.4134060655098
2024-12-07 22:00:00,77.471997443129
2024-12-07 23:00:00,77.2362709727124
2024-12-08 00:00:00,76.215122018262
2024-12-08 01:00:00,76.6341664829173
2024-12-08 02:00:00,77.2843215817488
2024-12-08 03:00:00,76.5784395503925
2024-12-08 04:00:00,76.6216654410521
2024-12-08 05:00:00,76.6682171204974
2024-12-08 06:00:00,76.3643866530811
2024-12-08 07:00:00,76.6967263383124
2024-12-08 09:00:00,77.3077243775517
2024-12-08 10:00:00,76.719666058018
2024-12-08 23:00:00,76.024379367584
2024-12-09 01:00:00,76.3174257009558
2024-12-09 02:00:00,76.0081622281222
2024-12-09 03:00:00,76.6077738089587
2024-12-09 04:00:00,76.4063319045305
2024-12-09 05:00:00,76.0922380023356
2024-12-09 06:00:00,76.3129186665232
2024-12-09 07:00:00,76.1219735322878
2024-12-09 08:00:00,76.0978002476125
2024-12-09 09:00:00,76.3346860518849
2024-12-09 10:00:00,76.4305655496454
2024-12-09 11:00:00,76.146715228175
2024-12-09 12:00:00,76.6550141473046
2024-12-09 13:00:00,75.8697664083103
2024-12-09 14:00:00,76.5503378149275
2024-12-09 15:00:00,76.083635528145
2024-12-09 16:00:00,76.2380557745727
2024-12-09 17:00:00,76.0771389214324
2024-12-09 18:00:00,75.8153507484314
2024-12-09 19:00:00,76.2484965138115
2024-12-09 20:00:00,76.0306667401749
2024-12-09 21:00:00,75.9072979916591
2024-12-09 22:00:00,75.5563378523653
2024-12-09 23:00:00,76.9277720952907
2024-12-10 00:00:00,75.7563258493725
2024-12-10 01:00:00,75.4043844739488
2024-12-10 02:00:00,75.5241284552434
2024-12-10 03:00:00,76.4523485290858
2024-12-10 04:00:00,75.9808378834288
2024-12-10 05:00:00,75.6257882855078
2024-12-10 06:00:00,75.8682979614724
2024-12-10 07:00:00,75.6881961000457
2024-12-10 10:00:00,76.0466866107256
2024-12-10 11:00:00,75.4453570461702
2024-12-10 12:00:00,75.8288590393017
2024-12-10 13:00:00,75.5319135816844
2024-12-10 14:00:00,76.1409184440324
2024-12-10 15:00:00,75.6386663606075
2024-12-10 16:00:00,76.1893439106166
2024-12-10 17:00:00,75.9215947028243
2024-12-10 18:00:00,75.9683632334586
2024-12-10 19:00:00,75.4915581436275
2024-12-10 20:00:00,75.6324178193999
2024-12-10 21:00:00,74.5925015657394
2024-12-10 22:00:00,75.8287865281285
2024-12-10 23:00:00,76.0298649220504
2024-12-11 00:00:00,75.446058041239
2024-12-11 01:00:00,74.4637764626354
2024-12-11 02:00:00,75.2195878892777
2024-12-11 03:00:00,74.8009522439813
2024-12-11 04:00:00,74.774592244372
2024-12-11 05:00:00,75.2285346620085
2024-12-11 06:00:00,75.2334383521526
2024-12-11 07:00:00,75.7601946350653
2024-12-11 08:00:00,75.436815080826
2024-12-11 09:00:00,75.1730167951885
2024-12-11 10:00:00,75.0729189684107
2024-12-11 11:00:00,75.5042456495848
2024-12-11 12:00:00,75.583578114612
2024-12-11 13:00:00,74.7575857980538
2024-12-11 14:00:00,75.1066768919172
2024-12-11 15:00:00,75.0680603870838
2024-12-11 16:00:00,75.2749548120138
2024-12-11 17:00:00,74.8801600180419
2024-12-11 18:00:00,75.4492562904465
2024-12-11 19:00:00,74.9865070219175
2024-12-11 20:00:00,75.5229391315573
2024-12-11 21:00:00,75.1666161582701
2024-12-11 22:00:00,74.1809819559192
2024-12-11 23:00:00,75.5295221208951
2024-12-12 00:00:00,75.7947707369627
2024-12-12 01:00:00,75.0933608397051
2024-12-12 02:00:00,75.7949611319138
2024-12-12 03:00:00,75.2362315672895
2024-12-12 04:00:00,74.6304892322079
2024-12-12 05:00:00,75.2089507572131
2024-12-12 06:00:00,74.8367092409736
2024-12-12 07:00:00,74.5858912089606
2024-12-12 08:00:00,74.871417618598
2024-12-12 09:00:00,74.7461436474251
2024-12-12 10:00:00,74.5194645124865
2024-12-12 11:00:00,75.1545213400073
2024-12-12 12:00:00,74.8165146891749
2024-12-12 14:00:00,75.3062022734454
2024-12-13 01:00:00,74.9701623698196
2024-12-13 02:00:00,74.2541171590457
2024-12-13 03:00:00,74.4504217799117
2024-12-13 04:00:00,74.0395935495284
2024-12-13 05:00:00,74.6155054824773
2024-12-13 06:00:00,74.6837002298776
2024-12-13 10:00:00,74.7685393556738
2024-12-13 11:00:00,74.3175529120521
2024-12-13 12:00:00,74.3776034126122
2024-12-13 13:00:00,74.9797403634256
2024-12-13 14:00:00,74.3475979024603
2024-12-13 15:00:00,74.3193805462466
2024-12-13 16:00:00,74.1646706772931
2024-12-13 17:00:00,75.0237253188792
2024-12-13 18:00:00,74.973907680898
2024-12-13 19:00:00,74.6259932434417
2024-12-13 20:00:00,74.4683334516283
2024-12-13 21:00:00,74.7819929577976
2024-12-13 22:00:00,75.132221499534
2024-12-13 23:00:00,74.8233884583551
2024-12-14 00:00:00,73.6896580519994
2024-12-14 02:00:00,
2024-12-14 03:00:00,73.738842451962
2024-12-14 04:00:00,74.6945257127083
2024-12-14 05:00:00,74.3953907909309
2024-12-14 06:00:00,74.2227923778386
2024-12-14 07:00:00,74.4601221135465
2024-12-14 08:00:00,73.441990228057
2024-12-14 10:00:00,75.2870929214322
2024-12-14 11:00:00,74.986867860951
2024-12-14 12:00:00,74.6815488969165
2024-12-14 13:00:00,75.2821087737453
2024-12-14 14:00:00,74.0002678434423
2024-12-14 15:00:00,74.346699981649
2024-12-14 16:00:00,74.6922079007738
2024-12-14 17:00:00,74.7247403630639
2024-12-14 18:00:00,73.757038995714
2024-12-14 19:00:00,62.4037175400317
2024-12-14 20:00:00,74.4096672337525
2024-12-14 21:00:00,73.6261931717654
2024-12-14 22:00:00,73.9684348183073
2024-12-14 23:00:00,74.1845089734201
2024-12-15 00:00:00,
2024-12-15 01:00:00,
2024-12-15 02:00:00,
2024-12-15 03:00:00,
2024-12-15 04:00:00,
2024-12-15 05:00:00,
2024-12-15 06:00:00,
2024-12-15 07:00:00,
2024-12-15 08:00:00,
2024-12-15 09:00:00,
2024-12-15 10:00:00,
2024-12-15 11:00:00,
2024-12-15 12:00:00,
2024-12-15 13:00:00,
2024-12-15 14:00:00,
2024-12-15 15:00:00,
2024-12-15 16:00:00,
2024-12-15 17:00:00,
2024-12-15 18:00:00,
2024-12-15 19:00:00,
2024-12-15 20:00:00,
2024-12-15 21:00:00,
2024-12-15 22:00:00,
2024-12-16 00:00:00,83.3809859194984
2024-12-16 01:00:00,83.5997010797512
2024-12-16 02:00:00,83.4651651636052
2024-12-16 03:00:00,83.8009443197782
2024-12-16 04:00:00,83.7789227560522
2024-12-16 05:00:00,83.3664334621351
2024-12-16 06:00:00,83.450657280395
2024-12-16 07:00:00,83.6237688325284
2024-12-16 08:00:00,83.4105281296167
2024-12-16 09:00:00,83.744195791634
2024-12-16 10:00:00,83.5376952467889
2024-12-16 11:00:00,83.4929025953824
2024-12-16 12:00:00,83.4571621484053
2024-12-16 13:00:00,83.5047231196709
2024-12-17 02:00:00,82.4743068372618
2024-12-17 03:00:00,82.7088211861114
2024-12-17 04:00:00,82.8389279037786
2024-12-17 05:00:00,82.821862900935
2024-12-17 06:00:00,82.9598941472136
2024-12-17 07:00:00,82.4643566016277
2024-12-17 08:00:00,82.8054480913772
2024-12-17 09:00:00,82.7756653545422
2024-12-17 10:00:00,82.706740504848
2024-12-17 11:00:00,82.7518480550517
2024-12-17 12:00:00,82.6661064765654
2024-12-17 13:00:00,82.8261716665641
2024-12-17 14:00:00,82.7761400633895
2024-12-17 15:00:00,82.8475168283263
2024-12-17 16:00:00,82.6390454155371
2024-12-17 17:00:00,82.4698688354007
2024-12-17 18:00:00,82.282129951042
2024-12-17 19:00:00,82.8387939619045
2024-12-17 20:00:00,82.7989632143478
2024-12-17 21:00:00,82.7536137092107
2024-12-17 22:00:00,82.6567718112937
2024-12-17 23:00:00,83.1248079887117
2024-12-18 00:00:00,82.0240823134489
2024-12-18 01:00:00,81.9482683629811
2024-12-18 02:00:00,82.0481505328311
2024-12-18 04:00:00,81.8855633774367
2024-12-18 05:00:00,82.0078844518951
2024-12-18 06:00:00,64.0917632622272
2024-12-18 07:00:00,81.9100304234864
2024-12-18 08:00:00,82.0787596195663
2024-12-18 09:00:00,82.0570068354561
2024-12-18 10:00:00,82.1777602090508
2024-12-18 11:00:00,82.21884536155
2024-12-18 12:00:00,81.7586422382322
2024-12-18 13:00:00,81.851142444298
2024-12-18 14:00:00,81.8358996233018
2024-12-18 15:00:00,81.789959907653
2024-12-18 16:00:00,82.1128060621126
2024-12-18 17:00:00,82.0155363905076
2024-12-18 18:00:00,81.9511990005798
2024-12-18 19:00:00,81.6022008988532
2024-12-18 20:00:00,81.7925478646224
2024-12-18 21:00:00,81.7984399917655
2024-12-18 22:00:00,82.0181637451992
2024-12-18 23:00:00,81.714521233081
2024-12-19 00:00:00,81.0227752889877
2024-12-19 01:00:00,80.5435008134188
2024-12-19 02:00:00,80.8101982397963
2024-12-19 03:00:00,80.7820617158051
2024-12-19 04:00:00,81.7472618205306
2024-12-19 05:00:00,80.9505829116412
2024-12-19 06:00:00,80.6446113049442
2024-12-19 07:00:00,81.0753007289675
2024-12-19 08:00:00,81.0198050304408
2024-12-19 10:00:00,80.6351903065026
2024-12-19 11:00:00,81.4824871192606
2024-12-19 12:00:00,81.5090841770112
2024-12-19 13:00:00,81.2531372558395
2024-12-19 14:00:00,81.036431053962
2024-12-19 15:00:00,80.2191047114721
2024-12-19 16:00:00,80.4733812983438
2024-12-19 17:00:00,81.3308835385712
2024-12-19 18:00:00,81.227514584238
2024-12-19 19:00:00,62.698780893919
2024-12-19 20:00:00,81.2945898506867
2024-12-19 21:00:00,81.0046173468346
2024-12-19 22:00:00,81.1117214604267
2024-12-19 23:00:00,80.5274069370978
2024-12-20 00:00:00,80.7287517081323
2024-12-20 01:00:00,80.2235052137113
2024-12-20 02:00:00,79.7988591116079
2024-12-20 03:00:00,79.7416454777127
2024-12-20 04:00:00,80.1278409942754
2024-12-20 05:00:00,61.3472957944165
2024-12-20 06:00:00,80.0916568836837
2024-12-20 07:00:00,79.594417177687
2024-12-20 08:00:00,80.1848485642032
2024-12-20 09:00:00,80.3861689804555
2024-12-20 10:00:00,80.0023633060403
2024-12-20 11:00:00,80.2672422529265
2024-12-20 12:00:00,80.2069203721961
2024-12-20 13:00:00,80.0847383669573
2024-12-20 14:00:00,80.5286614154436
2024-12-20 15:00:00,79.8426148621592
2024-12-20 16:00:00,80.271987528104
2024-12-21 04:00:00,79.1614134040236
2024-12-21 05:00:00,79.1080593680537
2024-12-21 06:00:00,79.2963063659348
2024-12-21 07:00:00,80.0278220405508
2024-12-21 08:00:00,79.5052990173848
2024-12-21 09:00:00,79.3160843369892
2024-12-21 10:00:00,78.8016612843329
2024-12-21 22:00:00,78.889642677657
2024-12-21 23:00:00,79.4746524925892
2024-12-22 01:00:00,78.0779970516211
2024-12-22 02:00:00,78.4830476337976
2024-12-22 03:00:00,78.8789383807824
2024-12-22 04:00:00,78.4882757295832
2024-12-22 05:00:00,78.7310058321014
2024-12-22 06:00:00,78.7264425237477
2024-12-22 07:00:00,77.9939555773699
2024-12-22 08:00:00,78.9386503718683
2024-12-22 10:00:00,78.0419412532842
2024-12-22 11:00:00,78.2814293356866
2024-12-22 12:00:00,78.7106600941464
2024-12-22 13:00:00,78.6662704112227
2024-12-22 14:00:00,78.382377584422
2024-12-22 15:00:00,78.7202928107321
2024-12-22 16:00:00,78.4018483253293
2024-12-22 17:00:00,77.9200127596555
2024-12-22 18:00:00,78.1037862782519
2024-12-22 19:00:00,78.4390177664606
2024-12-22 20:00:00,78.5225567888675
2024-12-22 21:00:00,78.7532344971493
2024-12-22 22:00:00,78.4348543583782
2024-12-22 23:00:00,78.7884396983752
2024-12-23 00:00:00,78.1077651565477
2024-12-23 01:00:00,78.4338959110028
2024-12-23 02:00:00,78.1359880241401
2024-12-23 03:00:00,77.7358578673677
2024-12-23 04:00:00,77.8458576313392
2024-12-23 05:00:00,78.3783153662267
2024-12-23 06:00:00,78.2270516350036
2024-12-23 07:00:00,77.8823201509059
2024-12-23 09:00:00,77.9725067573107
2024-12-23 10:00:00,78.1710906328117
2024-12-23 11:00:00,77.5662484651998
2024-12-23 12:00:00,77.7208054006659
2024-12-23 13:00:00,78.2089547399586
2024-12-23 14:00:00,77.5988524408724
2024-12-23 15:00:00,77.8075353717933
2024-12-23 16:00:00,78.1682529245738
2024-12-23 17:00:00,78.2781825473513
2024-12-23 18:00:00,78.4571953035867
2024-12-23 19:00:00,78.3246136630182
2024-12-23 20:00:00,95.4831280579403
2024-12-23 21:00:00,78.2963537942961
2024-12-23 22:00:00,77.9479292579305
2024-12-23 23:00:00,77.7676593831013
2024-12-24 00:00:00,77.1897486188191
2024-12-24 01:00:00,76.4307562452937
2024-12-24 02:00:00,77.1788829938649
2024-12-24 03:00:00,77.4134216963899
2024-12-24 04:00:00,77.5968794539946
2024-12-24 05:00:00,76.7454195728708
2024-12-24 06:00:00,77.4329178048148
2024-12-24 07:00:00,77.3764194987248
2024-12-24 08:00:00,77.6453063068164
2024-12-24 09:00:00,76.6734396540496
2024-12-24 10:00:00,77.0762414340429
2024-12-24 11:00:00,77.326486706475
2024-12-24 12:00:00,76.7000480532799
2024-12-24 13:00:00,76.6511673758474
2024-12-24 14:00:00,77.5574983823287
2024-12-24 15:00:00,77.1779555394279
2024-12-24 16:00:00,77.0561699753876
2024-12-24 17:00:00,77.453949573731
2024-12-24 18:00:00,77.049619179648
2024-12-24 19:00:00,76.829654119516
2024-12-24 20:00:00,76.8010807366638
2024-12-24 21:00:00,76.5877461436967
2024-12-24 22:00:00,77.5649970918433
2024-12-24 23:00:00,77.1809618073154
2024-12-25 00:00:00,76.9277921724229
2024-12-25 01:00:00,76.5325440931392
2024-12-25 02:00:00,75.8630637866619
2024-12-25 03:00:00,76.2769704739664
2024-12-25 04:00:00,76.8056452323884
2024-12-25 05:00:00,76.5745900741718
2024-12-25 06:00:00,76.5469842049406
2024-12-25 07:00:00,76.7876122140184
2024-12-25 08:00:00,77.0314716628983
2024-12-25 09:00:00,77.3487506243351
2024-12-25 10:00:00,76.3416307229578
2024-12-25 11:00:00,77.0557634520559
2024-12-25 13:00:00,77.1601882922893
2024-12-25 14:00:00,76.9152161587656
2024-12-26 02:00:00,75.3563480695971
2024-12-26 03:00:00,75.5210932092927
2024-12-26 04:00:00,75.3656237705596
2024-12-26 05:00:00,76.0270817305421
2024-12-26 06:00:00,75.3206522828697
2024-12-26 07:00:00,75.8083489008863
2024-12-26 08:00:00,75.6685774938344
2024-12-26 09:00:00,75.7621467320188
2024-12-26 10:00:00,75.8049547760358
2024-12-26 11:00:00,76.1369569522398
2024-12-26 12:00:00,76.1726845760375
2024-12-26 13:00:00,75.8641710064402
2024-12-26 14:00:00,75.3602324526552
2024-12-26 15:00:00,75.7487894658791
2024-12-26 16:00:00,75.8390673471861
2024-12-26 17:00:00,75.4369813175077
2024-12-26 18:00:00,75.8585837794332
2024-12-26 19:00:00,75.556818098418
2024-12-26 20:00:00,75.7441206806152
2024-12-26 21:00:00,75.744950880059
2024-12-26 22:00:00,75.9708219231714
2024-12-26 23:00:00,75.476305969852
2024-12-27 00:00:00,61.0034446846045
2024-12-27 01:00:00,74.8421094508482
2024-12-27 02:00:00,76.1509458875044
2024-12-27 03:00:00,75.7257562014581
2024-12-27 04:00:00,75.2172314718463
2024-12-27 05:00:00,75.498020803148
2024-12-27 06:00:00,75.3794699974022
2024-12-27 07:00:00,76.2962451829558
2024-12-27 08:00:00,75.7040243263219
2024-12-27 09:00:00,75.7094536504895
2024-12-27 10:00:00,75.3823269891596
2024-12-27 11:00:00,75.6826872632356
2024-12-27 12:00:00,75.3019645724686
2024-12-27 13:00:00,75.2456372548146
2024-12-27 14:00:00,75.6188303483038
2024-12-27 15:00:00,75.6439203362688
2024-12-27 16:00:00,75.9410232334785
2024-12-27 17:00:00,75.0876364227806
2024-12-27 18:00:00,76.0184800371801
2024-12-27 19:00:00,75.9221309129928
2024-12-27 20:00:00,75.3625867668888
2024-12-27 21:00:00,75.0753625467551
2024-12-27 22:00:00,75.5546619189039
2024-12-27 23:00:00,75.5128180595491
2024-12-28 00:00:00,75.0054013861297
2024-12-28 01:00:00,75.7204219182337
2024-12-28 02:00:00,75.0370386539717
2024-12-28 03:00:00,75.5892960222792
2024-12-28 04:00:00,74.195089226522
2024-12-28 05:00:00,74.9620609285241
2024-12-28 06:00:00,74.2132208125275
2024-12-28 07:00:00,75.3027702302352
2024-12-28 09:00:00,75.1794452162168
2024-12-28 11:00:00,75.1202275768721
2024-12-28 12:00:00,75.1315267843335
2024-12-28 13:00:00,74.4470424741875
2024-12-28 14:00:00,75.1143075643909
2024-12-28 15:00:00,75.2708233165308
2024-12-28 16:00:00,74.6576762348477
2024-12-28 17:00:00,75.4365503438169
2024-12-28 18:00:00,74.7293820006495
2024-12-28 19:00:00,74.7805748299342
2024-12-28 20:00:00,91.3036547499663
2024-12-28 21:00:00,75.3036069220321
2024-12-28 22:00:00,75.5114616238413
2024-12-28 23:00:00,74.9496954422266
2024-12-29 00:00:00,74.2873612520856
2024-12-29 01:00:00,73.8689045670929
2024-12-29 02:00:00,74.0487673024936
2024-12-29 03:00:00,73.9056991372442
2024-12-29 04:00:00,74.2119792465036
2024-12-29 05:00:00,74.0362737464874
2024-12-29 06:00:00,74.1985282674753
2024-12-29 07:00:00,74.0569319140033
2024-12-29 08:00:00,74.0163338028847
2024-12-29 11:00:00,73.5631554375346
2024-12-29 12:00:00,73.6689280597506
2024-12-29 13:00:00,74.3551865828505
2024-12-29 14:00:00,73.5736310855905
2024-12-29 16:00:00,74.1279575434093
2024-12-30 04:00:00,72.7931381578745
2024-12-30 05:00:00,73.7026755457378
2024-12-30 06:00:00,73.2235249243753
2024-12-30 07:00:00,73.6988541078333
2024-12-30 08:00:00,73.6688358373763
2024-12-30 09:00:00,73.1911097786513
2024-12-30 10:00:00,73.2774273957353
2024-12-30 11:00:00,73.7000117894192
2024-12-30 12:00:00,72.9514595414445
2024-12-30 13:00:00,73.2340307061463
2024-12-30 14:00:00,73.8289550798725
2024-12-30 15:00:00,73.3060628410389
2024-12-30 16:00:00,73.6488760227967
2024-12-30 17:00:00,72.9320985621865
2024-12-30 18:00:00,72.9127260272706
2024-12-30 19:00:00,73.4715230673333
2024-12-30 20:00:00,72.9332355506008
2024-12-30 21:00:00,73.8610345463968
2024-12-30 22:00:00,73.6164048694985
2024-12-30 23:00:00,73.3753826168861
2024-12-31 00:00:00,72.8025663396234
2024-12-31 01:00:00,73.1802817367971
2024-12-31 02:00:00,72.0820198175224
2024-12-31 03:00:00,72.7751953237087
2024-12-31 04:00:00,72.9502946667347
2024-12-31 05:00:00,72.3225490744832
2024-12-31 06:00:00,72.9210253728255
2024-12-31 07:00:00,72.934303355112
2024-12-31 11:00:00,72.5045513161095
2024-12-31 12:00:00,72.6078203426729
2024-12-31 13:00:00,72.7632685433321
2025-01-01 18:00:00,71.4886826638631
2025-01-01 19:00:00,71.4851284938574
2025-01-01 20:00:00,71.9415173147215
2025-01-01 21:00:00,71.2677903964114
2025-01-01 22:00:00,71.6592250497466
2025-01-01 23:00:00,70.9276873058697
2025-01-02 00:00:00,70.6102007199115
2025-01-02 01:00:00,70.7512529478886
2025-01-02 02:00:00,70.4601221919721
2025-01-02 03:00:00,70.5115992481426
2025-01-02 04:00:00,70.8695157511642
2025-01-02 05:00:00,70.7709217008028
2025-01-02 06:00:00,70.8726833295829
2025-01-02 07:00:00,70.9345888021145
2025-01-02 08:00:00,71.1228643624371
2025-01-02 09:00:00,71.0763389472663
2025-01-02 10:00:00,70.9615286425349
2025-01-02 17:00:00,70.3092047344756
2025-01-02 19:00:00,70.7400760056671
2025-01-02 20:00:00,70.7463019481538
2025-01-02 21:00:00,70.8390595154374
2025-01-02 22:00:00,70.8623196862159
2025-01-02 23:00:00,70.5643087918362
2025-01-03 00:00:00,70.4117558655151
2025-01-03 01:00:00,70.7789259773492
2025-01-03 02:00:00,70.4486638977129
2025-01-03 03:00:00,70.509446785606
2025-01-03 04:00:00,70.5691233327762
2025-01-03 05:00:00,70.6068002859249
2025-01-03 06:00:00,69.9821830501618
2025-01-03 07:00:00,70.1922275948831
2025-01-03 08:00:00,70.6751633301563
2025-01-03 09:00:00,70.1073720142754
2025-01-03 11:00:00,70.2463262884138
2025-01-03 12:00:00,70.2421922706839
2025-01-03 13:00:00,70.5132768345745
2025-01-03 14:00:00,70.609903532692
2025-01-03 15:00:00,70.6012652061359
2025-01-03 16:00:00,70.0502742117426
2025-01-03 17:00:00,70.8459668388049
2025-01-03 18:00:00,70.4424987210005
2025-01-03 19:00:00,70.3169218414486
2025-01-03 20:00:00,70.3653756186336
2025-01-03 21:00:00,70.4190665128875
2025-01-03 22:00:00,70.4641571626209
2025-01-03 23:00:00,70.6809283762816
2025-01-04 00:00:00,69.7843318274609
2025-01-04 01:00:00,69.6835134416083
2025-01-04 02:00:00,70.0968500077792
2025-01-04 03:00:00,70.0678406616542
2025-01-04 04:00:00,69.7063858771565
2025-01-04 05:00:00,69.984887128922
2025-01-04 06:00:00,70.06583216956
2025-01-04 07:00:00,70.0073465639558
2025-01-04 10:00:00,69.6943133612045
2025-01-04 11:00:00,69.8720392504561
2025-01-04 12:00:00,69.7979973746303
2025-01-04 13:00:00,69.4588588984026
2025-01-04 14:00:00,69.9528309718179
2025-01-04 15:00:00,69.9883011348976
2025-01-04 16:00:00,70.1095411837046
2025-01-04 17:00:00,69.3156853188421
2025-01-04 18:00:00,69.7062602102874
2025-01-04 19:00:00,69.7567878329237
2025-01-04 20:00:00,69.2393105597303
2025-01-04 21:00:00,69.5028184853503
2025-01-04 22:00:00,69.6512311563564
2025-01-04 23:00:00,69.4038096148215
2025-01-05 00:00:00,69.2136429370405
2025-01-05 01:00:00,69.1373010473284
2025-01-05 02:00:00,69.4048908310297
2025-01-05 03:00:00,69.4627941028106
2025-01-05 04:00:00,68.7741910818877
2025-01-05 05:00:00,69.3346134564447
2025-01-05 06:00:00,69.2561923727859
2025-01-05 07:00:00,68.7561051317538
2025-01-05 08:00:00,69.1974519331502
2025-01-05 09:00:00,69.3300041950806
2025-01-05 10:00:00,69.2135624786024
2025-01-05 11:00:00,68.8106317043034
2025-01-05 12:00:00,69.1664228101151
2025-01-05 13:00:00,69.5186372616534
2025-01-05 14:00:00,69.6437021360672
2025-01-05 15:00:00,68.8983740755171
2025-01-05 16:00:00,69.0929710714036
2025-01-05 17:00:00,69.009988813195
2025-01-05 18:00:00,68.6451143025058
2025-01-05 19:00:00,68.8196307072566
2025-01-05 20:00:00,69.4993582692149
2025-01-05 21:00:00,68.9312937598809
2025-01-05 22:00:00,68.9897839973716
2025-01-05 23:00:00,69.2442754307112
2025-01-06 00:00:00,68.3431000569158
2025-01-06 01:00:00,67.9640872035252
2025-01-06 02:00:00,68.4446392969445
2025-01-06 03:00:00,67.8531847656304
2025-01-06 04:00:00,67.9020370353029
2025-01-06 05:00:00,68.0577718134647
2025-01-06 06:00:00,68.1261274181683
2025-01-06 10:00:00,67.7635894357636
2025-01-06 11:00:00,68.1036861816056
2025-01-06 12:00:00,68.3413207152421
2025-01-06 13:00:00,68.2124156208654
2025-01-06 14:00:00,68.2243441021811
2025-01-09 01:00:00,67.2916851183282
2025-01-09 02:00:00,67.277834081894
2025-01-09 03:00:00,67.4511307775267
2025-01-09 04:00:00,67.1852809339376
2025-01-09 05:00:00,67.1827949290805
2025-01-09 06:00:00,46.9498711824358
2025-01-09 07:00:00,67.1340469384117
2025-01-09 08:00:00,67.4865154482908
2025-01-09 09:00:00,66.9870784932753
2025-01-09 10:00:00,67.8843664384786
2025-01-09 11:00:00,67.4809148734206
2025-01-09 12:00:00,67.5602020722575
2025-01-09 13:00:00,66.894723118512
2025-01-09 14:00:00,67.5124410353771
2025-01-09 15:00:00,67.0011823946749
2025-01-09 16:00:00,67.3665169284322
2025-01-09 17:00:00,67.737072456095
2025-01-09 18:00:00,67.2231296781546
2025-01-09 19:00:00,66.9878227041689
2025-01-09 20:00:00,67.8779197065145
2025-01-09 21:00:00,67.5482132550034
2025-01-09 22:00:00,67.0791095862384
2025-01-09 23:00:00,67.4397640011152
2025-01-10 00:00:00,66.7946294078373
2025-01-10 01:00:00,66.6156146627887
2025-01-10 02:00:00,66.1989627802347
2025-01-10 03:00:00,66.2695162570867
2025-01-10 04:00:00,67.1363568042924
2025-01-10 05:00:00,66.6084781774145
2025-01-10 06:00:00,66.8074131012771
2025-01-10 07:00:00,66.5011675904123
2025-01-10 09:00:00,67.0684360482904
2025-01-10 10:00:00,66.833220277911
2025-01-10 11:00:00,66.6418067100732
2025-01-10 12:00:00,66.9729424997725
2025-01-10 13:00:00,66.4137168527806
2025-01-10 14:00:00,66.8619012926232
2025-01-10 15:00:00,67.0792731794229
2025-01-10 16:00:00,66.4821477760554
2025-01-10 17:00:00,66.6932232114776
2025-01-10 18:00:00,66.8435908763454
2025-01-11 07:00:00,65.5488748572202
2025-01-11 08:00:00,65.6286055505652
2025-01-11 09:00:00,66.2253484891997
2025-01-11 10:00:00,65.5330518739346
2025-01-11 11:00:00,65.9667004298427
2025-01-11 12:00:00,66.0198657358191
2025-01-11 13:00:00,65.8110560788068
2025-01-11 14:00:00,65.9923668120174
2025-01-11 15:00:00,65.4805011368282
2025-01-11 16:00:00,66.0904995298732
2025-01-11 17:00:00,65.5771826925004
2025-01-11 18:00:00,65.3651020994136
2025-01-11 19:00:00,65.5915646175805
2025-01-11 20:00:00,65.7736531234705
2025-01-11 21:00:00,66.1613246844388
2025-01-11 22:00:00,65.6313601827064
2025-01-11 23:00:00,66.1062567119117
2025-01-12 00:00:00,65.7509357713912
2025-01-12 01:00:00,65.5889560126033
2025-01-12 02:00:00,65.4483747185903
2025-01-12 03:00:00,65.6139697735515
2025-01-12 04:00:00,65.7264181543542
2025-01-12 05:00:00,65.8194865450204
2025-01-12 06:00:00,66.1219304482309
2025-01-12 07:00:00,65.0761959475228
2025-01-12 08:00:00,65.7705066648072
2025-01-12 09:00:00,65.7539173238378
2025-01-12 10:00:00,65.5649427897437
2025-01-12 11:00:00,65.4622823362828
2025-01-12 12:00:00,65.2712673985165
2025-01-12 13:00:00,65.566996912998
2025-01-12 14:00:00,65.2446532390637
2025-01-12 15:00:00,65.9004424366383
2025-01-12 16:00:00,65.7527163859945
2025-01-12 17:00:00,65.6686544305373
2025-01-12 18:00:00,65.6048956112156
2025-01-12 19:00:00,66.0041035487481
2025-01-12 20:00:00,65.1376011061874
2025-01-12 21:00:00,65.6513599215127
2025-01-12 22:00:00,65.7986305641367
2025-01-12 23:00:00,65.9687096584517
2025-01-13 00:00:00,64.4941131383828
2025-01-13 01:00:00,64.484606902429
2025-01-13 02:00:00,64.2376331180014
2025-01-13 03:00:00,64.5732725011011
2025-01-13 04:00:00,63.9424474156041
2025-01-13 05:00:00,64.462080930091
2025-01-13 06:00:00,64.5267823682792
2025-01-13 07:00:00,64.3616491327852
2025-01-13 08:00:00,64.4923488969034
2025-01-13 09:00:00,64.2954227901115
2025-01-13 11:00:00,63.9509330054127
2025-01-13 12:00:00,64.7051638695252
2025-01-13 13:00:00,64.8405967368402
2025-01-13 14:00:00,64.1217105169253
2025-01-13 15:00:00,64.251616370187
2025-01-13 16:00:00,64.7788863471207
2025-01-13 17:00:00,64.0432723120288
2025-01-13 18:00:00,64.6659422660089
2025-01-13 19:00:00,64.2797508602058
2025-01-13 20:00:00,64.0366062640474
2025-01-13 21:00:00,64.6378774917272
2025-01-13 22:00:00,64.0247055800904
2025-01-13 23:00:00,64.4603059051848
2025-01-14 00:00:00,63.4515053230498
2025-01-14 01:00:00,
2025-01-14 02:00:00,
2025-01-14 03:00:00,
2025-01-14 04:00:00,
2025-01-14 05:00:00,63.8503022108601
2025-01-14 07:00:00,64.0128502609829
2025-01-14 09:00:00,63.8747887842522
2025-01-14 10:00:00,63.8557855399845
2025-01-14 11:00:00,63.4083265837541
2025-01-14 12:00:00,63.697149048979
2025-01-14 13:00:00,63.7564309727312
2025-01-14 14:00:00,64.1463637721497
2025-01-14 15:00:00,64.0305909246334
2025-01-14 16:00:00,63.8652855637355
2025-01-14 17:00:00,64.3075849493322
2025-01-14 18:00:00,63.7491541057087
2025-01-14 19:00:00,64.0050710077537
2025-01-14 20:00:00,63.9092392929115
2025-01-14 21:00:00,64.119730231157
2025-01-14 22:00:00,63.5755611308343
2025-01-14 23:00:00,64.2918926069553
2025-01-15 00:00:00,63.1438870624759
2025-01-15 01:00:00,63.149233929804
2025-01-15 02:00:00,76.8525726782707
2025-01-15 03:00:00,63.0001212054467
2025-01-15 04:00:00,63.3686845234543
2025-01-15 05:00:00,63.5385042211885
2025-01-15 06:00:00,63.078378378787
2025-01-15 07:00:00,63.168082274299
2025-01-15 08:00:00,63.0631411094593
2025-01-15 09:00:00,72.2253250555596
2025-01-15 10:00:00,63.1127884738908
2025-01-15 11:00:00,63.2711492468963
2025-01-15 12:00:00,63.4863404974136
2025-01-15 13:00:00,62.8445497665827
2025-01-15 14:00:00,63.162615922903
2025-01-15 15:00:00,62.9010610513707
2025-01-15 16:00:00,63.3467397058084
2025-01-15 17:00:00,62.6848838806159
2025-01-15 18:00:00,63.1235200808143
2025-01-15 19:00:00,63.5238313973901
2025-01-15 20:00:00,63.4474175679583
2025-01-15 21:00:00,63.1800362488659
2025-01-15 22:00:00,62.5302689525323
2025-01-15 23:00:00,63.3584834250836
2025-01-16 00:00:00,62.9062519260017
2025-01-16 01:00:00,62.3730840865284
2025-01-16 02:00:00,62.5371114531169
2025-01-16 03:00:00,62.9824499805876
2025-01-16 04:00:00,62.7700320068232
2025-01-16 05:00:00,62.6377668783933
2025-01-16 06:00:00,62.5649370258297
2025-01-16 10:00:00,62.152904207806
2025-01-16 11:00:00,56.1888719024763
2025-01-16 12:00:00,62.3024889733111
2025-01-16 13:00:00,62.4667316006807
2025-01-16 14:00:00,62.6767644708767
2025-01-16 15:00:00,62.367515313182
2025-01-16 16:00:00,62.4426086767167
2025-01-16 17:00:00,62.2326677839368
2025-01-16 18:00:00,62.641404031244
2025-01-16 19:00:00,62.5087537574289
2025-01-16 20:00:00,62.622108870647
2025-01-16 21:00:00,62.3376049024227
2025-01-16 22:00:00,62.9997561045484
2025-01-16 23:00:00,62.6074557140269
2025-01-17 00:00:00,62.0525342490412
2025-01-17 01:00:00,62.2478054891261
2025-01-17 02:00:00,61.9401810812351
2025-01-17 03:00:00,61.8982769776862
2025-01-17 04:00:00,61.9832357437096
2025-01-17 05:00:00,62.6123613717652
2025-01-17 06:00:00,62.3077040075652
2025-01-17 07:00:00,61.8218032146306
2025-01-17 10:00:00,62.121924897454
2025-01-17 11:00:00,62.074746997692
2025-01-17 12:00:00,62.0812937844363
2025-01-17 13:00:00,62.4076665464273
2025-01-17 14:00:00,62.4544972517345
2025-01-17 15:00:00,61.9811260093877
2025-01-17 16:00:00,62.1047797699523
2025-01-17 17:00:00,61.8328407378047
2025-01-17 18:00:00,62.0230384638043
2025-01-17 19:00:00,61.6947297812769
2025-01-17 20:00:00,62.1319832690254
2025-01-17 21:00:00,61.8519409663206
2025-01-17 22:00:00,61.6858537370136
2025-01-17 23:00:00,61.5133730804501
2025-01-18 00:00:00,
2025-01-18 01:00:00,61.4831876450635
2025-01-18 15:00:00,61.7013387679091
2025-01-18 16:00:00,61.5808512590421
2025-01-18 17:00:00,61.8623981523383
2025-01-18 18:00:00,62.0218088960108
2025-01-18 19:00:00,61.5971458169498
2025-01-18 20:00:00,62.9727270169944
2025-01-18 21:00:00,61.6861283357811
2025-01-18 22:00:00,61.1846951102097
2025-01-18 23:00:00,61.5637086168921
2025-01-19 00:00:00,60.3786913969823
2025-01-19 01:00:00,60.8008821375244
2025-01-19 02:00:00,60.4337596783182
2025-01-19 03:00:00,60.607552728807
2025-01-19 04:00:00,
2025-01-19 05:00:00,
2025-01-19 06:00:00,
2025-01-19 07:00:00,
2025-01-19 09:00:00,
2025-01-19 13:00:00,60.1085131670094
2025-01-19 14:00:00,60.3820534646218
2025-01-19 15:00:00,60.3870335086015
2025-01-19 16:00:00,60.2943264854423
2025-01-19 17:00:00,60.5933495726069
2025-01-19 18:00:00,60.3000358321365
2025-01-19 19:00:00,60.4839532785591
2025-01-19 20:00:00,60.5159982167796
2025-01-19 21:00:00,60.5161120954165
2025-01-19 22:00:00,60.4058308212312
2025-01-19 23:00:00,60.3589701540449
2025-01-20 00:00:00,59.4024404554199
2025-01-20 01:00:00,58.9546477668622
2025-01-20 02:00:00,59.7509108713265
2025-01-20 03:00:00,59.5175453313754
2025-01-20 04:00:00,59.4967849391449
2025-01-20 06:00:00,59.3359438852975
2025-01-20 09:00:00,59.4218486302695
2025-01-20 11:00:00,59.9119792836602
2025-01-20 12:00:00,59.6089342785484
2025-01-20 13:00:00,59.7517802951915
2025-01-20 14:00:00,59.5867032992973
2025-01-20 15:00:00,59.6544948642669
2025-01-20 16:00:00,59.3902174085769
2025-01-20 17:00:00,59.8552389952423
2025-01-20 18:00:00,59.2374423837829
2025-01-20 19:00:00,59.5550285526256
2025-01-20 20:00:00,59.1147549698287
2025-01-20 21:00:00,59.5917428759537
2025-01-20 22:00:00,59.3645816625428
2025-01-20 23:00:00,59.602043799712
2025-01-21 00:00:00,58.8280466329886
2025-01-21 01:00:00,58.8000517495752
2025-01-21 02:00:00,58.6594946295764
2025-01-21 03:00:00,59.2019817727518
2025-01-21 04:00:00,58.7558906498978
2025-01-21 05:00:00,58.8013440782818
2025-01-21 06:00:00,58.6216683550227
2025-01-21 07:00:00,59.0795047054453
2025-01-21 08:00:00,58.8186119126646
2025-01-21 09:00:00,58.9773339764284
2025-01-21 10:00:00,58.946699144906
2025-01-21 11:00:00,58.3785588077732
2025-01-21 12:00:00,58.6014034498129
2025-01-21 13:00:00,59.1791943347064
2025-01-21 14:00:00,58.8671794820248
2025-01-21 15:00:00,58.6452587813272
2025-01-21 16:00:00,58.9736510924161
2025-01-21 17:00:00,59.0643678632005
2025-01-21 18:00:00,59.3313097383867
2025-01-21 19:00:00,59.4099072732748
2025-01-21 20:00:00,59.1650709512234
2025-01-21 21:00:00,59.1730277966714
2025-01-21 22:00:00,58.5951720768398
2025-01-21 23:00:00,59.0603245429519
2025-01-22 00:00:00,57.7494833122005
2025-01-22 01:00:00,58.4348074564319
2025-01-22 02:00:00,57.9678882131778
2025-01-22 03:00:00,57.8922241674395
2025-01-22 17:00:00,58.0540660431651
2025-01-22 18:00:00,58.2993959778297
2025-01-22 19:00:00,57.5952488904911
2025-01-22 20:00:00,57.9506573656917
2025-01-22 21:00:00,58.2230114883287
2025-01-22 22:00:00,58.1630731759052
2025-01-22 23:00:00,57.3922888111951
2025-01-23 00:00:00,56.73087386522
2025-01-23 01:00:00,56.6163167048064
2025-01-23 02:00:00,56.8874472252764
2025-01-23 03:00:00,56.7974463099995
2025-01-23 04:00:00,56.7692809292437
2025-01-23 05:00:00,56.8730550779999
2025-01-23 06:00:00,56.8447673834029
2025-01-23 07:00:00,56.6695565473508
2025-01-23 08:00:00,56.8687631659186
2025-01-23 09:00:00,
2025-01-23 10:00:00,56.6227485690566
2025-01-23 11:00:00,56.8822887064257
2025-01-23 12:00:00,56.3701970699046
2025-01-23 13:00:00,56.4605801778798
2025-01-23 14:00:00,56.7287752874103
2025-01-23 15:00:00,56.503303588559
2025-01-23 16:00:00,56.7858098765239
2025-01-23 17:00:00,56.7450284266727
2025-01-23 18:00:00,56.657723776552
2025-01-23 19:00:00,56.7510350483623
2025-01-23 20:00:00,56.7975486474216
2025-01-23 21:00:00,
2025-01-23 22:00:00,
2025-01-23 23:00:00,
2025-01-24 00:00:00,
2025-01-24 01:00:00,55.3414686139217
2025-01-24 02:00:00,55.4610352518766
2025-01-24 03:00:00,55.4741553622638
2025-01-24 04:00:00,55.501935755062
2025-01-24 05:00:00,67.4438491956024
2025-01-24 08:00:00,55.4847850105166
2025-01-24 10:00:00,55.3535072977999
2025-01-24 11:00:00,55.4417013203266
2025-01-24 12:00:00,55.745440517651
2025-01-24 13:00:00,55.1580619823312
2025-01-24 14:00:00,55.8475949949765
2025-01-24 15:00:00,55.9561145592636
2025-01-24 16:00:00,55.5705298343471
2025-01-24 17:00:00,55.5091616846775
2025-01-24 18:00:00,55.4532083415589
2025-01-24 19:00:00,55.7841996858022
2025-01-24 20:00:00,55.3322878054103
2025-01-24 21:00:00,55.719348817314
2025-01-24 22:00:00,55.7554796972607
2025-01-24 23:00:00,55.9985506808038
2025-01-25 00:00:00,54.3204734790964
2025-01-25 01:00:00,55.3508549221283
2025-01-25 02:00:00,55.0518844129741
2025-01-25 03:00:00,55.0328556311688
2025-01-25 04:00:00,55.0236076647627
2025-01-25 05:00:00,55.2250012538166
2025-01-25 06:00:00,55.2993855247504
2025-01-25 07:00:00,55.0974846570544
2025-01-27 04:00:00,54.3239047525994
2025-01-27 05:00:00,54.4173027431175
2025-01-27 06:00:00,54.146521278971
2025-01-27 07:00:00,54.6939843695839
2025-01-27 11:00:00,
2025-01-27 12:00:00,54.6875551692631
2025-01-27 13:00:00,54.4493780636281
2025-01-27 14:00:00,54.4044949897908
2025-01-27 15:00:00,54.2498632900684
2025-01-27 16:00:00,54.8314600776995
2025-01-28 13:00:00,
2025-01-28 14:00:00,53.4167778854159
2025-01-28 15:00:00,54.0356120870074
2025-01-28 16:00:00,53.4572536794584
2025-01-28 17:00:00,53.2073267875485
2025-01-28 18:00:00,53.1982710905247
2025-01-28 19:00:00,53.3845873513619
2025-01-28 20:00:00,53.519062682883
2025-01-28 21:00:00,53.2379191005366
2025-01-28 22:00:00,53.2571749768576
2025-01-28 23:00:00,53.5576131483785
2025-01-29 00:00:00,52.8722460710295
2025-01-29 01:00:00,52.2797869826734
2025-01-29 02:00:00,52.9117671860232
2025-01-29 03:00:00,52.3746359418793
2025-01-29 04:00:00,52.8169206673212
2025-01-29 05:00:00,52.8472324185843
2025-01-29 06:00:00,52.6010378620905
2025-01-29 07:00:00,52.8802820574768
2025-01-29 08:00:00,52.6741489645508
2025-01-29 09:00:00,52.2147956230727
2025-01-29 10:00:00,53.2009653267279
2025-01-29 12:00:00,52.2118537993043
2025-01-29 13:00:00,53.0224078092084
2025-01-29 14:00:00,52.6684223806037
2025-01-29 15:00:00,52.4381653623858
2025-01-29 16:00:00,52.3372114935332
2025-01-29 17:00:00,52.8312183424935
2025-01-29 18:00:00,53.4024636509284
2025-01-29 19:00:00,52.9124766703211
2025-01-29 20:00:00,52.4390786832305
2025-01-29 21:00:00,53.3185112884805
2025-01-29 22:00:00,52.6681986443108
2025-01-29 23:00:00,52.4563417655528
2025-01-30 00:00:00,52.2338709696698
2025-01-30 01:00:00,52.0801395580391
2025-01-30 02:00:00,52.0380462986432
2025-01-30 03:00:00,52.4881704848347
2025-01-30 04:00:00,52.2977478451646
2025-01-30 05:00:00,51.4970174266684
2025-01-30 06:00:00,51.9078392707171
2025-01-30 07:00:00,52.1344624005817
2025-01-30 08:00:00,52.0193377250408
2025-01-30 09:00:00,52.001460643168
2025-01-30 10:00:00,52.6439214649522
2025-01-30 11:00:00,52.3322131815783
2025-01-30 12:00:00,51.9201912283536
2025-01-30 13:00:00,51.8815563855928
2025-01-30 14:00:00,52.0494230259176
2025-01-30 15:00:00,51.7979034163219
2025-01-30 16:00:00,52.343596290863
2025-01-30 17:00:00,52.2708446513642
2025-01-30 18:00:00,52.1097495175838
2025-02-03 10:00:00,
2025-02-03 11:00:00,
2025-02-03 12:00:00,
2025-02-03 13:00:00,
2025-02-03 15:00:00,
2025-02-03 16:00:00,
2025-02-03 17:00:00,
2025-02-03 18:00:00,
2025-02-03 22:00:00,
2025-02-03 23:00:00,
2025-02-04 00:00:00,83.1521324509894
2025-02-04 01:00:00,83.0409326163207
2025-02-04 03:00:00,83.1851705340404
2025-02-04 04:00:00,83.0594458595844
2025-02-04 05:00:00,83.1024214336671
2025-02-04 06:00:00,83.172161148977
2025-02-04 07:00:00,82.9979946842417
2025-02-04 09:00:00,82.9651891716173
2025-02-04 10:00:00,82.9340099292918
2025-02-04 11:00:00,83.1367741935744
2025-02-04 12:00:00,82.9019206790028
2025-02-04 13:00:00,83.0224198903673
2025-02-04 14:00:00,83.1111805143248
2025-02-04 15:00:00,83.0489642799727
2025-02-04 16:00:00,83.1736485251154
2025-02-04 17:00:00,83.1948095822222
2025-02-04 18:00:00,83.0388973298528
2025-02-04 19:00:00,83.1804797701602
2025-02-04 20:00:00,83.0363382507581
2025-02-04 21:00:00,83.0442678741478
2025-02-04 22:00:00,83.140020232081
2025-02-04 23:00:00,83.0432859180798
2025-02-05 00:00:00,82.5238227336878
2025-02-05 01:00:00,82.5122922990772
2025-02-05 02:00:00,82.4814935160212
2025-02-05 03:00:00,82.5735831878927
2025-02-05 04:00:00,82.3980314969079
2025-02-05 05:00:00,82.684812523005
2025-02-05 06:00:00,82.5364551239937
2025-02-05 09:00:00,82.4952743351812
2025-02-05 10:00:00,82.5117362493777
2025-02-05 11:00:00,82.76855844894
2025-02-05 12:00:00,82.4702320821388
2025-02-05 13:00:00,82.4399368191295
2025-02-05 14:00:00,82.5479360850336
2025-02-05 15:00:00,82.5302043804871
2025-02-05 16:00:00,82.6025385649595
2025-02-05 17:00:00,82.5195736428244
2025-02-05 18:00:00,82.4828118457712
2025-02-05 19:00:00,82.4822604185293
2025-02-05 20:00:00,82.4095413845357
2025-02-05 21:00:00,82.5064360000653
2025-02-05 22:00:00,82.5826904742053
2025-02-05 23:00:00,82.4440624705236
2025-02-06 00:00:00,81.6248304690046
2025-02-06 01:00:00,81.5858483357055
2025-02-06 02:00:00,81.4473076479816
2025-02-06 03:00:00,81.4178517785953
2025-02-06 04:00:00,81.5197023132813
2025-02-06 05:00:00,81.5481922127101
2025-02-06 06:00:00,81.5837732085295
2025-02-06 07:00:00,81.6632218011159
2025-02-06 11:00:00,81.5214088778242
2025-02-06 12:00:00,81.5389831934793
2025-02-06 13:00:00,81.5532167054681
2025-02-06 14:00:00,81.5683058226312
2025-02-06 15:00:00,81.507939336102
2025-02-06 16:00:00,81.6376775257921
2025-02-06 17:00:00,81.4332022136376
2025-02-06 18:00:00,81.5399306330087
2025-02-06 19:00:00,81.2935967045118
2025-02-06 20:00:00,81.640956566198
2025-02-06 21:00:00,81.5959399977213
2025-02-06 22:00:00,81.699753654237
2025-02-06 23:00:00,81.5856625553941
2025-02-07 00:00:00,80.171755988467
2025-02-07 01:00:00,80.1591130451316
2025-02-07 02:00:00,80.4566070464535
2025-02-07 03:00:00,80.0279757207292
2025-02-07 04:00:00,80.5602051383672
2025-02-07 05:00:00,80.0565452504806
2025-02-07 06:00:00,79.9815791921287
2025-02-07 07:00:00,80.0640289752891
2025-02-07 09:00:00,80.4187025511133
2025-02-07 11:00:00,80.2284239635188
2025-02-07 12:00:00,80.2893094840243
2025-02-07 13:00:00,80.0669250169904
2025-02-07 14:00:00,80.6185410322923
2025-02-08 15:00:00,80.1562461201169
2025-02-08 16:00:00,80.5160145533648
2025-02-08 17:00:00,80.473141571686
2025-02-08 18:00:00,80.5655140384188
2025-02-08 19:00:00,80.0882050526698
2025-02-08 20:00:00,80.4075938260784
2025-02-08 21:00:00,80.2520612617088
2025-02-08 22:00:00,80.2931078155605
2025-02-08 23:00:00,80.2505739175484
2025-02-09 00:00:00,78.6768930263737
2025-02-09 01:00:00,78.4140477037534
2025-02-09 02:00:00,78.5181195010849
2025-02-09 03:00:00,78.6335016199554
2025-02-09 04:00:00,78.609376093216
2025-02-09 05:00:00,78.7540140638021
2025-02-09 06:00:00,78.5302753327516
2025-02-09 07:00:00,78.8905133192926
2025-02-09 09:00:00,78.3585002379458
2025-02-09 10:00:00,78.5158719980896
2025-02-09 11:00:00,78.3477291037876
2025-02-09 12:00:00,78.67351748622
2025-02-09 13:00:00,78.4094138956455
2025-02-09 14:00:00,78.6088757425652
2025-02-09 15:00:00,78.6198095212259
2025-02-09 16:00:00,78.5300976359689
2025-02-09 17:00:00,78.6673252962956
2025-02-09 18:00:00,78.4076950011024
2025-02-09 19:00:00,84.360585872005
2025-02-09 20:00:00,78.6441490792961
2025-02-09 21:00:00,78.7136444354454
2025-02-09 22:00:00,78.6436358929615
2025-02-09 23:00:00,58.2075985560262
2025-02-10 00:00:00,77.4833525849506
2025-02-10 01:00:00,77.8839778322743
2025-02-10 02:00:00,77.8164885490118
2025-02-10 03:00:00,78.0540707665525
2025-02-10 04:00:00,77.9938586913893
2025-02-10 05:00:00,77.7038781092632
2025-02-10 06:00:00,77.6210305065819
2025-02-10 07:00:00,77.7243486941066
2025-02-10 08:00:00,77.2418068695715
2025-02-10 10:00:00,78.0082695346314
2025-02-10 11:00:00,77.5699503867551
2025-02-10 12:00:00,77.8062880620172
2025-02-10 22:00:00,77.2958250157849
2025-02-11 00:00:00,76.6284760482801
2025-02-11 01:00:00,76.3517256580674
2025-02-11 02:00:00,76.7571697121903
2025-02-11 03:00:00,76.9916033070992
2025-02-11 04:00:00,76.8845771239731
2025-02-11 05:00:00,76.4243488935793
2025-02-11 06:00:00,76.7522466774193
2025-02-11 07:00:00,76.7423058444354
2025-02-11 08:00:00,76.7882027275468
2025-02-11 09:00:00,76.8684673427763
2025-02-11 10:00:00,76.5400610861676
2025-02-11 11:00:00,76.7255894819548
2025-02-11 12:00:00,76.7678560254652
2025-02-11 13:00:00,76.0546357602315
2025-02-11 14:00:00,76.5123582992997
2025-02-11 15:00:00,76.658187869515
2025-02-11 16:00:00,76.2331189321989
2025-02-11 17:00:00,76.7597073082395
2025-02-11 18:00:00,76.8835615930279
2025-02-11 19:00:00,76.1003850017425
2025-02-11 20:00:00,76.6140781365979
2025-02-11 21:00:00,76.5578882023674
2025-02-11 22:00:00,76.7915879914427
2025-02-11 23:00:00,76.5729423783835
2025-02-12 00:00:00,76.3081333893513
2025-02-12 01:00:00,76.1701721839305
2025-02-12 02:00:00,76.3152039263399
2025-02-12 03:00:00,76.1489609251623
2025-02-12 04:00:00,76.2918876058149
2025-02-12 06:00:00,76.6370695282073
2025-02-12 14:00:00,76.5834876950589
2025-02-12 15:00:00,75.9650923398699
2025-02-12 16:00:00,76.1034366854041
2025-02-12 17:00:00,76.3240923675886
2025-02-12 18:00:00,76.3007176387778
2025-02-12 19:00:00,75.8243722638142
2025-02-12 20:00:00,76.1794059072945
2025-02-12 21:00:00,76.2061441183677
2025-02-12 22:00:00,76.286339710403
2025-02-12 23:00:00,76.2779877769252
2025-02-13 00:00:00,76.126535093245
2025-02-13 01:00:00,75.7563322577904
2025-02-13 02:00:00,75.5336617980206
2025-02-13 03:00:00,75.7768284408128
2025-02-13 04:00:00,75.3483306125655
2025-02-13 07:00:00,75.9198974516649
2025-02-13 08:00:00,76.1374177843611
2025-02-13 09:00:00,75.2422462092147
2025-02-13 10:00:00,75.935404732221
2025-02-13 11:00:00,75.8879498117694
2025-02-13 21:00:00,75.7568225881503
2025-02-13 22:00:00,83.5040899348793
2025-02-13 23:00:00,75.7361378060952
2025-02-14 00:00:00,75.5241225466582
2025-02-14 01:00:00,74.8933216432327
2025-02-14 02:00:00,75.2827391373428
2025-02-14 03:00:00,75.2575008325771
2025-02-14 05:00:00,75.1782197369999
2025-02-14 06:00:00,75.2911423297311
2025-02-14 07:00:00,75.4328627612009
2025-02-14 11:00:00,75.1939143744556
2025-02-14 12:00:00,75.3173503828753
2025-02-14 13:00:00,75.2330464649802
2025-02-14 14:00:00,75.3680889181118
2025-02-14 15:00:00,75.3683063053285
2025-02-14 16:00:00,75.2539197805489
2025-02-14 17:00:00,75.6262095304912
2025-02-14 18:00:00,75.2065030607691
2025-02-14 19:00:00,75.2259344436207
2025-02-14 20:00:00,75.3789446570839
2025-02-14 21:00:00,75.0494977626357
2025-02-14 22:00:00,75.232484342292
2025-02-14 23:00:00,75.4276290367013
2025-02-15 00:00:00,74.9366650462263
2025-02-15 01:00:00,75.5125570491079
2025-02-15 02:00:00,74.9388874280601
2025-02-15 06:00:00,75.2583756897265
2025-02-15 07:00:00,75.0601988844476
2025-02-15 08:00:00,75.0333184879616
2025-02-15 10:00:00,74.894199318208
2025-02-15 12:00:00,75.3200147191338
2025-02-15 13:00:00,74.9957209373137
2025-02-15 14:00:00,75.4291357196895
2025-02-15 15:00:00,74.8882491688102
2025-02-15 16:00:00,75.206929110993
2025-02-15 17:00:00,75.1796782721753
2025-02-15 18:00:00,74.9612048021282
2025-02-15 19:00:00,75.2596174053507
2025-02-15 20:00:00,74.7977989746466
2025-02-15 21:00:00,75.1456313232976
2025-02-15 22:00:00,75.0372412124489
2025-02-15 23:00:00,75.0416075183273
2025-02-16 00:00:00,74.6309604056164
2025-02-16 01:00:00,74.5641533971414
2025-02-16 16:00:00,74.7424941153433
2025-02-16 17:00:00,74.4644237082503
2025-02-16 18:00:00,74.5471962624451
2025-02-16 19:00:00,74.395477563876
2025-02-16 20:00:00,74.3888388203316
2025-02-16 21:00:00,74.8249557837102
2025-02-16 22:00:00,74.4054640232873
2025-02-16 23:00:00,74.7185741023741
2025-02-17 00:00:00,73.9407852265194
2025-02-17 01:00:00,73.7694675518412
2025-02-17 02:00:00,74.1451743812694
2025-02-17 03:00:00,73.9280294342803
2025-02-17 04:00:00,74.1013820658944
2025-02-17 06:00:00,73.7684559743431
2025-02-17 07:00:00,73.7324001404587
2025-02-17 08:00:00,73.7666916033943
2025-02-17 09:00:00,74.1464857216005
2025-02-17 10:00:00,74.087924216022
2025-02-17 11:00:00,73.9520024213343
2025-02-17 12:00:00,74.1938510746673
2025-02-17 13:00:00,73.8832705964809
2025-02-17 14:00:00,73.7818399544527
2025-02-17 15:00:00,74.0530315059669
2025-02-17 16:00:00,74.0523033642951
2025-02-17 17:00:00,73.9895623878956
2025-02-17 18:00:00,73.8737866863205
2025-02-17 19:00:00,74.0391197212722
2025-02-17 20:00:00,73.8525696317284
2025-02-17 21:00:00,73.9262974907111
2025-02-17 22:00:00,74.2475301696456
2025-02-17 23:00:00,73.9813169812241
2025-02-18 00:00:00,73.4358582036055
2025-02-18 01:00:00,73.1591094740518
2025-02-18 02:00:00,73.3934964957745
2025-02-18 03:00:00,73.5042473540649
2025-02-18 04:00:00,73.2816699940365
2025-02-18 05:00:00,73.6157025071932
2025-02-18 06:00:00,73.3011629786843
2025-02-18 08:00:00,73.3464967002983
2025-02-18 09:00:00,73.5816321819048
2025-02-18 10:00:00,73.1282432832049
2025-02-18 11:00:00,73.3677908015143
2025-02-18 12:00:00,73.3381655928606
2025-02-18 13:00:00,73.4085639287169
2025-02-18 14:00:00,73.1572548862348
2025-02-18 15:00:00,72.9654982011731
2025-02-18 16:00:00,73.2929703455208
2025-02-18 17:00:00,73.0500622785559
2025-02-18 18:00:00,73.4933201825723
2025-02-18 19:00:00,73.3820734280617
2025-02-18 20:00:00,73.1496931721528
2025-02-18 21:00:00,73.7763887192872
2025-02-18 22:00:00,73.2282257827421
2025-02-18 23:00:00,73.3276446749345
2025-02-19 00:00:00,72.7820330337945
2025-02-19 01:00:00,72.3448448498119
2025-02-19 02:00:00,72.4539590141393
2025-02-19 03:00:00,72.499465637699
2025-02-19 06:00:00,72.0951378886707
2025-02-19 07:00:00,83.8306136235297
2025-02-19 09:00:00,72.3057460866135
2025-02-20 18:00:00,72.1786848305015
2025-02-20 20:00:00,71.8707624598655
2025-02-20 21:00:00,72.1861117693465
2025-02-20 22:00:00,71.5400684017538
2025-02-20 23:00:00,71.7636815075616
2025-02-21 00:00:00,71.0643664564277
2025-02-21 01:00:00,71.5040331372528
2025-02-21 02:00:00,71.1010691438745
2025-02-21 03:00:00,71.4386488222395
2025-02-21 04:00:00,71.480300915194
2025-02-21 06:00:00,71.3235461910526
2025-02-21 12:00:00,71.0921856733295
2025-02-21 13:00:00,71.2292982845646
2025-02-21 14:00:00,71.2967419074881
2025-02-21 15:00:00,71.0736606599008
2025-02-21 16:00:00,71.3381612560522
2025-02-21 17:00:00,71.524441691918
2025-02-21 18:00:00,71.3282393670789
2025-02-21 19:00:00,70.8759933966551
2025-02-21 20:00:00,71.2561431552326
2025-02-21 21:00:00,70.9867076360612
2025-02-21 22:00:00,71.6306380365178
2025-02-21 23:00:00,71.2002654945674
2025-02-22 00:00:00,70.3445165664507
2025-02-22 01:00:00,70.1915016130947
2025-02-22 02:00:00,70.7118422723859
2025-02-22 03:00:00,70.6937567330473
2025-02-22 04:00:00,70.4137154870741
2025-02-22 05:00:00,70.8236240779063
2025-02-22 06:00:00,70.266099171928
2025-02-22 07:00:00,70.4230483219059
2025-02-22 09:00:00,70.3142358253887
2025-02-22 11:00:00,70.6844733163506
2025-02-22 12:00:00,70.2975419769964
2025-02-22 13:00:00,70.4181971021507
2025-02-22 14:00:00,70.5668625782056
2025-02-22 15:00:00,70.4027571343893
2025-02-22 16:00:00,70.3108853985115
2025-02-22 17:00:00,70.2922787029807
2025-02-22 18:00:00,70.2875048004537
2025-02-22 19:00:00,70.6601131569578
2025-02-22 20:00:00,70.399002123029
2025-02-22 21:00:00,70.3010798308169
2025-02-22 22:00:00,70.2728400096224
2025-02-22 23:00:00,70.4221170276964
2025-02-23 00:00:00,70.1788564034808
2025-02-23 01:00:00,70.3481503371518
2025-02-23 14:00:00,70.1836701136785
2025-02-23 15:00:00,69.9130081645436
2025-02-23 16:00:00,70.3663494391137
2025-02-23 17:00:00,69.9355822584593
2025-02-23 18:00:00,70.3891805980175
2025-02-23 19:00:00,70.1124228805663
2025-02-23 20:00:00,70.2314571391412
2025-02-23 21:00:00,70.1980602061604
2025-02-23 22:00:00,70.3141281240092
2025-02-23 23:00:00,70.5220782885502
2025-02-24 00:00:00,69.0998204653164
2025-02-24 01:00:00,69.4638333433257
2025-02-24 02:00:00,69.2558781179485
2025-02-24 03:00:00,69.0518692739182
2025-02-24 04:00:00,69.319940349977
2025-02-24 05:00:00,69.5109985381551
2025-02-24 06:00:00,69.1085805475297
2025-02-24 07:00:00,69.0833608048066
2025-02-24 09:00:00,69.1397373468405
2025-02-24 10:00:00,69.172735570547
2025-02-24 12:00:00,68.8666511915585
2025-02-24 13:00:00,69.1789089542635
2025-02-24 14:00:00,69.2488070702103
2025-02-24 15:00:00,69.4189359078497
2025-02-24 16:00:00,69.1793896021057
2025-02-24 17:00:00,69.1332093328185
2025-02-24 18:00:00,68.9436470463847
2025-02-24 19:00:00,69.2035049086038
2025-02-24 20:00:00,69.180103269077
2025-02-24 21:00:00,69.4026914202198
2025-02-24 22:00:00,69.1120918234227
2025-02-24 23:00:00,68.9691776665061
2025-02-25 00:00:00,69.2527964087768
2025-02-25 01:00:00,69.0634315302145
2025-02-25 02:00:00,68.6343412363587
2025-02-25 03:00:00,69.3247865119908
2025-02-25 04:00:00,69.154788965686
2025-02-25 05:00:00,68.9238339123444
2025-02-25 09:00:00,69.1259554046331
2025-02-25 10:00:00,69.3597845147945
2025-02-25 11:00:00,68.810723968358
2025-02-25 12:00:00,69.1036826403832
2025-02-25 13:00:00,68.6814531180594
2025-02-25 14:00:00,68.9082573415676
2025-02-25 15:00:00,68.9270047700849
2025-02-25 16:00:00,69.0252581370902
2025-02-25 17:00:00,68.9073727141064
2025-02-25 18:00:00,68.8659213157396
2025-02-25 19:00:00,69.1083285454578
2025-02-25 20:00:00,69.0830636593184
2025-02-25 21:00:00,68.6191291641929
2025-02-25 22:00:00,68.6537165978504
2025-02-25 23:00:00,68.9704240847349
2025-02-26 00:00:00,68.8093316924157
2025-02-26 01:00:00,68.4914560377222
2025-02-26 02:00:00,68.6414501152847
2025-02-26 03:00:00,68.4611232323577
2025-02-26 04:00:00,68.8689797828726
2025-02-26 05:00:00,68.9232399790207
2025-02-26 06:00:00,68.7801803531534
2025-02-26 09:00:00,68.6470976976952
2025-02-26 10:00:00,68.6596292069894
2025-02-26 12:00:00,68.5472712573644
2025-02-26 13:00:00,68.6594913761695
2025-02-26 14:00:00,68.5595216812825
2025-02-27 02:00:00,68.4911180020524
2025-02-27 04:00:00,67.8978528249277
2025-02-27 09:00:00,68.02476705821
2025-02-27 22:00:00,68.2107744406037
2025-02-27 23:00:00,68.1793498602325
2025-02-28 00:00:00,67.4225179102904
2025-02-28 01:00:00,67.8108332371512
2025-02-28 02:00:00,67.713696103245
2025-02-28 03:00:00,
2025-02-28 04:00:00,
2025-02-28 06:00:00,67.7190245624688
2025-02-28 08:00:00,68.0728211505161
2025-02-28 14:00:00,67.6499888787399
2025-02-28 15:00:00,67.6525591022689
2025-03-01 03:00:00,66.7828528527538
2025-03-01 11:00:00,68.1077798601802
2025-03-01 12:00:00,66.7032715371742
2025-03-01 13:00:00,67.5717333476929
2025-03-01 14:00:00,67.9962671546894
2025-03-01 15:00:00,66.8458016448218
2025-03-01 16:00:00,67.2136536819609
2025-03-01 17:00:00,67.7970705447725
2025-03-01 18:00:00,68.1284731473403
2025-03-01 19:00:00,66.9654186264215
2025-03-01 20:00:00,68.0084935288995
2025-03-01 21:00:00,66.1768833097131
2025-03-01 22:00:00,66.8059765330734
2025-03-01 23:00:00,66.9891841060307
2025-03-02 00:00:00,65.5666763254912
2025-03-02 01:00:00,67.1883331729624
2025-03-02 02:00:00,67.9102424733004
2025-03-02 03:00:00,65.9920294623399
2025-03-02 04:00:00,66.6108432417938
2025-03-02 05:00:00,68.0318642445093
2025-03-02 06:00:00,67.9869946424908
2025-03-02 09:00:00,66.9767077237126
2025-03-02 10:00:00,66.3785839356473
2025-03-02 11:00:00,66.7887873659608
2025-03-02 12:00:00,66.1016003037219
2025-03-02 13:00:00,66.7883113905949
2025-03-02 14:00:00,67.50055559365
2025-03-02 15:00:00,65.9727015698415
2025-03-02 16:00:00,66.5783076422745
2025-03-02 17:00:00,66.6072276229836
2025-03-02 18:00:00,65.1107368164093
2025-03-02 19:00:00,66.4359944373802
2025-03-02 20:00:00,66.9594521224643
2025-03-02 21:00:00,68.1753698117867
2025-03-02 22:00:00,66.3530439089001
2025-03-02 23:00:00,67.5453057043116
2025-03-03 00:00:00,66.7834306652241
2025-03-03 01:00:00,67.6432992048919
2025-03-03 02:00:00,66.2141199729083
2025-03-03 03:00:00,66.9278126142579
2025-03-03 04:00:00,67.3070254392228
2025-03-03 05:00:00,67.6784507695194
2025-03-03 06:00:00,67.2839716613941
2025-03-03 07:00:00,66.8309042769374
2025-03-03 08:00:00,67.3269186830092
2025-03-03 09:00:00,66.5598601658025
2025-03-03 10:00:00,66.7576527339735
2025-03-03 11:00:00,67.0321263292082
2025-03-03 12:00:00,68.2959480329251
2025-03-03 13:00:00,65.4744151467654
2025-03-03 14:00:00,68.7155433275777
2025-03-03 15:00:00,66.6287033933932
2025-03-03 16:00:00,67.3455635331303
2025-03-03 17:00:00,67.2095308571479
2025-03-03 18:00:00,67.4925982799134
2025-03-03 19:00:00,67.2568616204367
2025-03-03 20:00:00,66.7956908421994
2025-03-03 21:00:00,67.34412159315
2025-03-03 22:00:00,65.4397834349232
2025-03-03 23:00:00,67.0418423566551
2025-03-04 00:00:00,68.086174160756
2025-03-04 01:00:00,66.9362398029411
2025-03-04 02:00:00,66.9331961192208
2025-03-04 03:00:00,67.8615935372129
2025-03-04 04:00:00,66.2469945018365
2025-03-04 05:00:00,68.2847964980063
2025-03-04 07:00:00,67.6186922323263
2025-03-04 08:00:00,66.3758010633669
2025-03-04 09:00:00,67.308890536534
2025-03-04 10:00:00,67.0649339141461
2025-03-04 11:00:00,65.4208071560527
2025-03-04 12:00:00,67.220110584351
2025-03-04 13:00:00,66.7458906957134
2025-03-04 14:00:00,66.4248694980823
2025-03-04 15:00:00,66.3196803943005
2025-03-04 16:00:00,66.1465286727986
2025-03-04 17:00:00,67.4812423175537
2025-03-04 18:00:00,66.502104674492
2025-03-04 19:00:00,66.2514783173498
2025-03-04 20:00:00,67.6210867301622
2025-03-04 21:00:00,66.6984727083075
2025-03-04 22:00:00,65.6698545216584
2025-03-04 23:00:00,55.5001068405281
2025-03-05 00:00:00,66.6927921208218
2025-03-05 01:00:00,66.8186922115438
2025-03-05 02:00:00,66.5549628109289
2025-03-05 03:00:00,65.361384572856
2025-03-05 04:00:00,66.9021272860614
2025-03-05 20:00:00,66.1912340263046
2025-03-05 21:00:00,67.419645319238
2025-03-05 22:00:00,65.8289796937332
2025-03-05 23:00:00,65.9708585004878
2025-03-06 00:00:00,65.4805119117159
2025-03-06 01:00:00,65.400427135798
2025-03-06 02:00:00,65.8510798848229
2025-03-06 03:00:00,61.1107414528505
2025-03-06 04:00:00,67.7531683735474
2025-03-06 05:00:00,66.4938849567488
2025-03-06 06:00:00,67.7500967068601
2025-03-06 07:00:00,65.3566194313331
2025-03-06 08:00:00,65.9755344037798
2025-03-06 09:00:00,65.950557562906
2025-03-06 10:00:00,65.0599201573982
2025-03-06 11:00:00,66.2104949284419
2025-03-06 12:00:00,65.3402995495895
2025-03-06 13:00:00,66.0957881908975
2025-03-06 14:00:00,65.4939391588295
2025-03-06 15:00:00,66.3082931265899
2025-03-06 16:00:00,66.3131344858405
2025-03-06 17:00:00,66.2476881377452
2025-03-06 18:00:00,67.3330584492086
2025-03-06 19:00:00,66.6958457097008
2025-03-06 20:00:00,67.3453362348581
2025-03-06 21:00:00,65.37782947657
2025-03-06 22:00:00,66.460952767867
2025-03-06 23:00:00,60.8208391770213
2025-03-07 00:00:00,65.3723235285864
2025-03-07 01:00:00,65.3224673628092
2025-03-07 02:00:00,66.094459079159
2025-03-07 03:00:00,67.6523134780829
2025-03-07 04:00:00,65.9285913300396
2025-03-07 06:00:00,67.2253933810652
2025-03-07 11:00:00,65.9957759528472
2025-03-07 12:00:00,65.4516566423604
2025-03-07 13:00:00,65.3790217197207
2025-03-07 14:00:00,65.7590363456362
2025-03-07 15:00:00,66.9149733988305
2025-03-07 16:00:00,65.1089545669908
2025-03-07 17:00:00,66.475105811229
2025-03-07 18:00:00,67.7298471955046
2025-03-07 19:00:00,65.1877197209251
2025-03-08 01:00:00,64.540473687948
2025-03-08 02:00:00,64.1631082279887
2025-03-08 03:00:00,65.6382758283067
2025-03-08 04:00:00,64.8590261462154
2025-03-08 09:00:00,66.1761836944362
2025-03-08 11:00:00,66.058422163956
2025-03-08 12:00:00,65.7866555821576
2025-03-08 13:00:00,64.8100289501074
2025-03-08 14:00:00,64.0447224984071
2025-03-08 15:00:00,65.538590969318
2025-03-08 16:00:00,64.6799514761522
2025-03-08 17:00:00,65.8283181716128
2025-03-08 18:00:00,66.8013391864349
2025-03-08 19:00:00,64.3533546972452
2025-03-08 20:00:00,66.5988035509845
2025-03-08 21:00:00,66.3615490248786
2025-03-08 22:00:00,65.9084863180671
2025-03-08 23:00:00,65.3715164941402
2025-03-09 00:00:00,65.0606018475311
2025-03-09 01:00:00,84.5839344699535
2025-03-09 02:00:00,65.8567963699874
2025-03-09 03:00:00,66.3085939804468
2025-03-09 06:00:00,64.9244841362488
2025-03-09 07:00:00,65.6278462211405
2025-03-09 09:00:00,66.7493133158085
2025-03-09 10:00:00,64.3894646105635
2025-03-09 12:00:00,64.6029229159147
2025-03-09 13:00:00,64.7351202244152
2025-03-09 14:00:00,65.0576400222309
2025-03-09 15:00:00,64.2802545775317
2025-03-09 16:00:00,66.3709010247674
2025-03-09 17:00:00,66.2284930308535
2025-03-09 18:00:00,65.2462655606637
2025-03-09 19:00:00,65.6040380109762
2025-03-09 20:00:00,65.7585351192399
2025-03-09 21:00:00,66.5287425529041
2025-03-09 22:00:00,64.4576534241852
2025-03-09 23:00:00,65.01376678001
2025-03-10 00:00:00,64.2002575006953
2025-03-10 01:00:00,64.9201324953115
2025-03-10 02:00:00,64.1813721928579
2025-03-10 03:00:00,65.4655923107244
2025-03-10 04:00:00,64.9950141017513
2025-03-10 05:00:00,65.0835879801911
2025-03-10 06:00:00,64.699842435926
2025-03-10 07:00:00,64.214695811906
2025-03-10 08:00:00,65.7791971727966
2025-03-10 09:00:00,66.19622169793
2025-03-10 10:00:00,65.8275884177521
2025-03-10 11:00:00,64.4127115151309
2025-03-10 12:00:00,64.6613397302623
2025-03-11 12:00:00,64.6356717106408
2025-03-11 13:00:00,65.4656180941676
2025-03-11 14:00:00,65.9365326430491
2025-03-11 15:00:00,64.6924254198039
2025-03-11 16:00:00,65.6611030448021
2025-03-11 17:00:00,64.490640805017
2025-03-11 18:00:00,63.42062921141
2025-03-11 19:00:00,64.4773733597196
2025-03-11 20:00:00,65.3341571196116
2025-03-11 21:00:00,65.7710362311631
2025-03-11 22:00:00,63.8313185383896
2025-03-11 23:00:00,64.6702962529792
2025-03-12 00:00:00,65.8551687943226
2025-03-12 01:00:00,63.5012372898269
2025-03-12 02:00:00,65.5540154008861
2025-03-12 03:00:00,65.2921169974671
2025-03-12 04:00:00,64.5303260475208
2025-03-12 06:00:00,64.2605506814765
2025-03-12 07:00:00,63.3516001637009
2025-03-12 08:00:00,66.1246171216656
2025-03-12 09:00:00,65.1593743966856
2025-03-12 12:00:00,64.357083335655
2025-03-12 13:00:00,63.7611098135762
2025-03-12 14:00:00,63.8490122903379
2025-03-12 15:00:00,63.5112123805927
2025-03-12 16:00:00,63.8076238712953
2025-03-12 17:00:00,64.454319041597
2025-03-12 18:00:00,65.0138360092189
2025-03-12 19:00:00,63.500313384356
2025-03-12 20:00:00,63.803293705914
2025-03-13 11:00:00,63.8346530355342
2025-03-13 12:00:00,65.277396917322
2025-03-13 13:00:00,64.5213299808983
2025-03-13 14:00:00,63.5364826178915
2025-03-13 15:00:00,65.0793380510371
2025-03-13 16:00:00,65.5104052046318
2025-03-13 17:00:00,63.8923052066793
2025-03-13 18:00:00,64.9706036851379
2025-03-13 19:00:00,62.9320151918496
2025-03-13 20:00:00,64.7861911946997
2025-03-13 21:00:00,65.7698913275483
2025-03-13 22:00:00,65.5165334388798
2025-03-13 23:00:00,64.6131962006757
2025-03-14 00:00:00,64.125300357147
2025-03-14 01:00:00,64.6490107506497
2025-03-14 02:00:00,65.080664656701
2025-03-14 03:00:00,64.251872769296
2025-03-14 04:00:00,63.5372654884029
2025-03-14 05:00:00,64.6746753714789
2025-03-14 06:00:00,65.4071279180334
2025-03-14 08:00:00,64.3994983443239
2025-03-14 09:00:00,64.6041770290195
2025-03-14 10:00:00,65.4542783298259
2025-03-14 11:00:00,64.1183273371726
2025-03-14 12:00:00,65.6566895733769
2025-03-14 13:00:00,63.1419409682146
2025-03-14 14:00:00,64.5011897905704
2025-03-14 15:00:00,63.3138209029624
2025-03-14 16:00:00,63.7731939131876
2025-03-14 17:00:00,63.7526249566729
2025-03-14 18:00:00,64.3826503279467
2025-03-14 19:00:00,63.6082229963162
2025-03-14 20:00:00,64.2942346628652
2025-03-14 21:00:00,63.9905154338351
2025-03-14 22:00:00,64.3753552608918
2025-03-14 23:00:00,64.9901207506406
2025-03-15 00:00:00,64.4812445818264
2025-03-15 01:00:00,64.0186740311667
2025-03-15 02:00:00,63.9585368356982
2025-03-15 03:00:00,61.9903859808003
2025-03-15 05:00:00,64.064759146049
2025-03-15 06:00:00,63.466690533102
2025-03-15 07:00:00,64.4605150829458
2025-03-15 11:00:00,64.668670586775
2025-03-15 12:00:00,63.9448416010389
2025-03-15 13:00:00,65.0582748610162
2025-03-15 14:00:00,63.7977166054996
2025-03-15 15:00:00,63.2359758996324
2025-03-15 16:00:00,63.4279978656552
2025-03-15 17:00:00,63.0260764261967
2025-03-15 18:00:00,64.3131225948347
2025-03-15 19:00:00,63.591871121988
2025-03-15 20:00:00,64.2693352956068
2025-03-15 21:00:00,63.3520709271908
2025-03-15 22:00:00,63.0004620673768
2025-03-15 23:00:00,63.6149620946274
2025-03-16 00:00:00,63.2767134076332
2025-03-16 14:00:00,64.4940869552606
2025-03-16 15:00:00,64.0916406179107
2025-03-16 16:00:00,62.9025682711451
2025-03-16 17:00:00,62.7886507734961
2025-03-16 18:00:00,64.4042187888021
2025-03-16 19:00:00,63.0020042262028
2025-03-17 10:00:00,64.085839228294
2025-03-17 11:00:00,63.1985491503875
2025-03-17 12:00:00,64.5001106301054
2025-03-17 13:00:00,64.0274078971984
2025-03-17 14:00:00,62.2233011156595
2025-03-17 15:00:00,64.5183987109791
2025-03-17 16:00:00,63.1397206968588
2025-03-17 17:00:00,64.1287171128494
2025-03-17 18:00:00,63.6937613697209
2025-03-17 19:00:00,62.487221053988
2025-03-17 20:00:00,61.9789032803586
2025-03-17 21:00:00,63.8665759379196
2025-03-17 22:00:00,63.4294352923889
2025-03-17 23:00:00,64.2488148994894
2025-03-18 00:00:00,62.4480287962459
2025-03-18 01:00:00,62.1052663328074
2025-03-18 02:00:00,63.2135533588794
2025-03-18 03:00:00,62.2280790074176
2025-03-18 04:00:00,63.8375420200906
2025-03-18 05:00:00,62.6539175683541
2025-03-18 06:00:00,64.1327508176221
2025-03-18 07:00:00,63.505910659881
2025-03-18 09:00:00,62.6805038727866
2025-03-18 12:00:00,62.1511498688641
2025-03-18 13:00:00,62.6059258146403
2025-03-18 14:00:00,62.9779123498475
2025-03-18 16:00:00,62.9847370509672
2025-03-18 17:00:00,63.8027182081756
2025-03-18 18:00:00,63.7402937221456
2025-03-18 19:00:00,63.5620932271344
2025-03-18 20:00:00,63.8471256997065
2025-03-18 21:00:00,62.0794717307951
2025-03-18 22:00:00,64.4398668467468
2025-03-18 23:00:00,64.0112627664074
2025-03-19 00:00:00,
2025-03-19 01:00:00,
2025-03-19 02:00:00,
2025-03-19 03:00:00,
2025-03-19 04:00:00,
2025-03-19 07:00:00,
2025-03-19 10:00:00,
2025-03-19 11:00:00,
2025-03-19 12:00:00,
2025-03-19 13:00:00,
2025-03-19 14:00:00,
2025-03-19 15:00:00,
2025-03-19 16:00:00,
2025-03-19 17:00:00,
2025-03-19 18:00:00,
2025-03-19 19:00:00,
2025-03-19 20:00:00,
2025-03-19 21:00:00,
2025-03-19 22:00:00,
2025-03-19 23:00:00,
2025-03-20 01:00:00,80.8770671116936
2025-03-20 02:00:00,80.7650010176795
2025-03-20 03:00:00,80.8053029381703
2025-03-20 04:00:00,80.0669451302309
2025-03-20 05:00:00,80.7882180700311
2025-03-20 06:00:00,80.3833067976241
2025-03-20 07:00:00,80.4270211416014
2025-03-20 08:00:00,80.5244020011574
2025-03-20 09:00:00,80.2211810347082
2025-03-20 10:00:00,80.2651498793854
2025-03-20 11:00:00,80.5269084054768
2025-03-20 12:00:00,80.3627568208506
2025-03-20 13:00:00,80.8833423354489
2025-03-20 14:00:00,80.4211872237453
2025-03-20 15:00:00,80.7696895647887
2025-03-20 16:00:00,80.8674826845812
2025-03-20 17:00:00,81.362364788304
2025-03-20 18:00:00,79.7425273344907
2025-03-20 19:00:00,79.3432197782513
2025-03-20 20:00:00,79.8557271286929
2025-03-20 21:00:00,80.5850219123299
2025-03-20 22:00:00,80.1255713947715
2025-03-20 23:00:00,80.6302047989803
2025-03-21 00:00:00,80.3497036139586
2025-03-21 01:00:00,80.4578550111149
2025-03-21 02:00:00,80.5956278896639
2025-03-21 03:00:00,79.7953377305614
2025-03-21 05:00:00,80.6836484521138
2025-03-21 10:00:00,79.7092470997234
2025-03-21 11:00:00,81.1572792710137
2025-03-21 12:00:00,80.5040763012618
2025-03-21 13:00:00,79.5432479960207
2025-03-21 14:00:00,80.4168564445274
2025-03-21 15:00:00,80.5501869405517
2025-03-21 16:00:00,80.3304096182276
2025-03-21 17:00:00,80.448065231775
2025-03-21 18:00:00,80.5045395888715
2025-03-21 19:00:00,80.6614530275218
2025-03-21 20:00:00,80.3325858028863
2025-03-21 21:00:00,80.0008881112539
2025-03-21 22:00:00,80.7862759644467
2025-03-21 23:00:00,80.2455570231759
2025-03-22 00:00:00,80.1410386100083
2025-03-22 01:00:00,79.8314647507758
2025-03-22 02:00:00,79.6006830724349
2025-03-22 03:00:00,79.7877086322884
2025-03-22 04:00:00,79.9917854108968
2025-03-22 05:00:00,79.2293949297637
2025-03-22 06:00:00,79.8903205046839
2025-03-22 07:00:00,78.7986527991867
2025-03-22 12:00:00,79.4036069719423
2025-03-22 14:00:00,80.0242007632206
2025-03-22 16:00:00,79.8340903245581
2025-03-23 06:00:00,79.3833893337933
2025-03-23 23:00:00,80.0111141123763
2025-03-24 01:00:00,80.4440192678684
2025-03-24 02:00:00,80.6414611792044
2025-03-24 03:00:00,80.0339843505654
2025-03-24 04:00:00,78.6977150351439
2025-03-24 05:00:00,79.3715482641249
2025-03-24 09:00:00,78.0344590199762
2025-03-24 11:00:00,79.0651899816482
2025-03-24 17:00:00,78.8889805317144
2025-03-24 18:00:00,77.8214377808339
2025-03-24 20:00:00,78.4952118931249
2025-03-24 21:00:00,78.9669224280181
2025-03-24 22:00:00,81.0568841251871
2025-03-24 23:00:00,78.8066398450766
2025-03-25 00:00:00,89.214197925873
2025-03-25 01:00:00,79.508955755347
2025-03-25 02:00:00,78.339653443427
2025-03-25 03:00:00,78.7430971515754
2025-03-26 14:00:00,78.3481914027033
2025-03-26 15:00:00,78.3305424292671
2025-03-26 16:00:00,80.4342797963667
2025-03-26 17:00:00,78.6257079325884
2025-03-26 19:00:00,79.2811918690512
2025-03-26 20:00:00,77.8129888491214
2025-03-26 21:00:00,79.40729419057
2025-03-26 22:00:00,79.0883137791687
2025-03-26 23:00:00,78.0171883577677
2025-03-27 00:00:00,77.5717330525964
2025-03-27 01:00:00,77.8514754668653
2025-03-27 02:00:00,77.7128249515339
2025-03-27 06:00:00,76.7574356357093
2025-03-27 08:00:00,78.0627866790403
2025-03-27 09:00:00,77.8184321827972
2025-03-27 10:00:00,77.0711969094396
2025-03-27 11:00:00,79.0604901920092
2025-03-27 12:00:00,77.1364490502166
2025-03-27 13:00:00,78.3182571629378
2025-03-27 14:00:00,95.2423292149488
2025-03-27 15:00:00,78.3342564626536
2025-03-27 17:00:00,78.6797563214038
2025-03-27 21:00:00,79.6724685305439
2025-03-27 22:00:00,76.3243004451512
2025-03-27 23:00:00,76.6937906815979
2025-03-28 00:00:00,78.263116422554
2025-03-28 01:00:00,77.1214120333576
2025-03-28 02:00:00,78.3016843090123
2025-03-28 03:00:00,78.9701678911695
2025-03-28 04:00:00,76.4624928860003
2025-03-28 05:00:00,76.8574926324869
2025-03-28 06:00:00,76.6297478658637
2025-03-28 09:00:00,77.3794189596262
2025-03-28 10:00:00,77.8130156817125
2025-03-28 11:00:00,77.5011695371604
2025-03-28 15:00:00,56.9646824717254
2025-03-28 16:00:00,78.0986839050534
2025-03-28 17:00:00,77.7443302895127
2025-03-28 19:00:00,75.9359403687356
2025-03-28 20:00:00,78.2387002940076
2025-03-28 21:00:00,77.0126175605766
2025-03-28 22:00:00,77.1665465082412
2025-03-28 23:00:00,77.3473496360614
2025-03-29 00:00:00,77.353082261609
2025-03-29 01:00:00,77.2924770765992
2025-03-29 02:00:00,78.0995350375781
2025-03-29 03:00:00,77.5800399174448
2025-03-29 13:00:00,77.0914175990135
2025-03-29 14:00:00,77.0881378652598
2025-03-29 15:00:00,77.1165580950652
2025-03-29 16:00:00,75.8270516199706
2025-03-29 17:00:00,77.5481980239251
2025-03-29 18:00:00,77.1702142835488
2025-03-29 19:00:00,76.918414828968
2025-03-29 20:00:00,77.5962255043054
2025-03-29 21:00:00,79.0345024878705
2025-03-29 22:00:00,77.1683974744188
2025-03-29 23:00:00,76.5920485586379
2025-03-30 00:00:00,76.8632275698006
2025-03-30 01:00:00,76.1383739908174
2025-03-30 02:00:00,76.2548253518046
2025-03-30 03:00:00,76.4435860966856
2025-03-30 04:00:00,76.2311187619011
2025-03-30 07:00:00,76.7964440027178
2025-03-30 08:00:00,77.3570314197929
2025-03-30 09:00:00,76.0333372762037
2025-03-30 12:00:00,
2025-03-30 13:00:00,
2025-03-30 15:00:00,76.8087692337963
2025-03-30 16:00:00,76.8239213261037
2025-03-30 17:00:00,77.5914852890132
2025-03-30 18:00:00,78.4368611484886
2025-03-30 19:00:00,77.4495058525204
2025-03-30 20:00:00,77.5206966497979
2025-03-30 21:00:00,75.5198684899172
2025-03-30 22:00:00,77.7127534578911
2025-03-30 23:00:00,77.5647289248676
2025-03-31 00:00:00,100.009264419673
2025-03-31 01:00:00,76.3126133502414
2025-03-31 03:00:00,78.122694991775
2025-03-31 12:00:00,76.999429558582
2025-03-31 13:00:00,76.7314096214618
2025-03-31 14:00:00,78.6472389861545
2025-03-31 15:00:00,76.1339175865661
2025-03-31 16:00:00,77.2848010920749
2025-03-31 17:00:00,76.7296337383349
2025-03-31 18:00:00,77.1358856903731
2025-03-31 19:00:00,77.3520309366641
2025-03-31 20:00:00,75.8929368183638
2025-03-31 21:00:00,78.17930997014
2025-03-31 23:00:00,77.2404402029635
2025-04-01 00:00:00,78.5566437155719
2025-04-01 01:00:00,75.2224594991958
2025-04-01 02:00:00,76.2953073729519
2025-04-01 03:00:00,76.2966613873349
2025-04-01 04:00:00,76.6886549628526
2025-04-01 05:00:00,76.5713622355313
2025-04-01 06:00:00,76.525318849557
2025-04-01 08:00:00,76.6062686894809
2025-04-01 12:00:00,76.3575429676099
2025-04-01 13:00:00,77.4309790078463
2025-04-01 14:00:00,76.4585623364292
2025-04-01 15:00:00,77.7143104357926
2025-04-01 16:00:00,76.226592731789
2025-04-01 19:00:00,75.819344899637
2025-04-01 20:00:00,76.9353515592703
2025-04-02 10:00:00,76.7002473695969
2025-04-02 23:00:00,76.8045756006917
2025-04-03 00:00:00,75.6127112149104
2025-04-03 01:00:00,74.8173884617205
2025-04-03 02:00:00,75.9610103023846
2025-04-03 11:00:00,75.1519600797004
2025-04-03 12:00:00,75.7264317382931
2025-04-03 13:00:00,75.2042211719039
2025-04-03 14:00:00,76.7310003538652
2025-04-03 16:00:00,76.6238424635567
2025-04-03 18:00:00,76.7779612546248
2025-04-03 19:00:00,75.9333401114828
2025-04-03 20:00:00,76.0688962068542
2025-04-03 21:00:00,75.9941849079108
2025-04-03 22:00:00,75.4628619766776
2025-04-03 23:00:00,76.8798785174319
2025-04-04 00:00:00,76.8350246516914
2025-04-04 01:00:00,75.7250986242959
2025-04-04 02:00:00,76.0215895301125
2025-04-04 03:00:00,75.8462234203562
2025-04-04 04:00:00,76.5580509387893
2025-04-04 06:00:00,74.8360194570834
2025-04-04 07:00:00,75.7774755747
2025-04-04 08:00:00,77.5248152071631
2025-04-04 10:00:00,75.5950067933549
2025-04-04 11:00:00,78.615325690385
2025-04-04 13:00:00,76.2083397478946
2025-04-04 14:00:00,76.0328471786747
2025-04-04 15:00:00,78.7552389011951
2025-04-04 16:00:00,76.8858882834922
2025-04-04 17:00:00,76.9053004797945
2025-04-04 19:00:00,75.1852039515864
2025-04-04 20:00:00,76.0872620584115
2025-04-04 21:00:00,75.2817432715625
2025-04-04 22:00:00,75.6545399427279
2025-04-04 23:00:00,75.5447991752354
2025-04-05 00:00:00,76.1449575961825
2025-04-05 01:00:00,75.6418903450869
2025-04-05 02:00:00,75.9730843317447
2025-04-05 04:00:00,78.3371073900778
2025-04-05 12:00:00,76.3281656624858
2025-04-05 13:00:00,75.0374264304919
2025-04-05 14:00:00,75.4680416441862
2025-04-05 15:00:00,76.6401506220473
2025-04-05 16:00:00,76.3077615041638
2025-04-05 19:00:00,75.1909679453424
2025-04-05 21:00:00,76.5756274240221
2025-04-05 22:00:00,73.9932820510657
2025-04-06 00:00:00,75.7185677611947
2025-04-06 13:00:00,75.0369403101643
2025-04-06 14:00:00,75.7460609409058
2025-04-06 16:00:00,75.1689095116858
2025-04-06 17:00:00,86.8103043397303
2025-04-06 18:00:00,74.2778493337456
2025-04-06 19:00:00,74.8802782278582
2025-04-06 20:00:00,75.8831899212759
2025-04-06 21:00:00,75.7946188230972
2025-04-06 22:00:00,75.8409710048999
2025-04-06 23:00:00,75.3553509555103
2025-04-07 00:00:00,74.076891166243
2025-04-07 01:00:00,76.7014870909173
2025-04-07 02:00:00,75.9554098759385
2025-04-07 03:00:00,75.5271746420713
2025-04-07 04:00:00,75.0612501356126
2025-04-07 05:00:00,76.1888474467791
2025-04-07 06:00:00,74.8685786182899
2025-04-07 08:00:00,75.0688476924909
2025-04-07 09:00:00,74.8423319939804
2025-04-07 10:00:00,75.4687777136303
2025-04-07 11:00:00,74.2282410167273
2025-04-07 12:00:00,73.7593020245916
2025-04-07 13:00:00,73.6076104664726
2025-04-07 14:00:00,74.8361944806257
2025-04-07 15:00:00,75.6128193966816
2025-04-07 16:00:00,75.4404620716074
2025-04-07 17:00:00,74.133643695258
2025-04-07 18:00:00,74.3072109766465
2025-04-07 19:00:00,77.4206873262437
2025-04-07 20:00:00,75.1176489478897
2025-04-07 21:00:00,74.452949022634
2025-04-07 22:00:00,75.2634855368784
2025-04-07 23:00:00,74.1799397213522
2025-04-08 00:00:00,72.2775323917956
2025-04-08 01:00:00,75.5234976987942
2025-04-08 02:00:00,75.0391300418728
2025-04-08 03:00:00,75.6836119080527
2025-04-08 04:00:00,92.3327329337187
2025-04-08 05:00:00,74.7547998750521
2025-04-08 06:00:00,73.4470039568915
2025-04-08 07:00:00,75.5717257365492
2025-04-08 08:00:00,74.9636584225564
2025-04-08 09:00:00,74.1451391753754
2025-04-08 10:00:00,75.8634780066751
2025-04-08 12:00:00,74.388132835705
2025-04-08 13:00:00,73.550746202799
2025-04-08 14:00:00,73.5260275817161
2025-04-08 15:00:00,74.0088133870779
2025-04-08 16:00:00,73.0260674662339
2025-04-08 17:00:00,73.6927233990049
2025-04-08 18:00:00,74.9469767447128
2025-04-08 19:00:00,73.3475274480363
2025-04-08 20:00:00,75.2039609230222
2025-04-08 21:00:00,77.0558242499016
2025-04-08 22:00:00,73.874062483575
2025-04-08 23:00:00,76.0653927863228
2025-04-09 00:00:00,73.7797202685919
2025-04-09 01:00:00,74.2045615765936
2025-04-09 02:00:00,73.0893809583129
2025-04-09 03:00:00,72.1204475049829
2025-04-09 04:00:00,74.9665564105663
2025-04-09 06:00:00,74.5216150269343
2025-04-09 07:00:00,75.1114490345397
2025-04-09 09:00:00,73.9560893896039
2025-04-09 20:00:00,74.005531546581
2025-04-09 22:00:00,76.1329095696561
2025-04-09 23:00:00,73.528582706198
2025-04-10 00:00:00,73.1549178841631
2025-04-10 02:00:00,73.8344788788698
2025-04-10 03:00:00,73.5267717994526
2025-04-10 04:00:00,73.0655992624904
2025-04-10 05:00:00,74.8041216745233
2025-04-10 06:00:00,75.929985197167
2025-04-10 08:00:00,73.4251130275713
2025-04-10 10:00:00,74.1117773038604
2025-04-10 11:00:00,73.6630069447537
2025-04-10 12:00:00,73.2514411849477
2025-04-10 13:00:00,73.7888049023631
2025-04-10 14:00:00,72.6034032342889
2025-04-10 15:00:00,73.584066244166
2025-04-10 16:00:00,73.0190675992264
2025-04-10 17:00:00,74.014104178004
2025-04-10 18:00:00,74.0614602242362
2025-04-10 19:00:00,74.7635746479554
2025-04-11 09:00:00,73.2505651573522
2025-04-11 10:00:00,73.4690521619826
2025-04-11 11:00:00,73.3281926716432
2025-04-11 12:00:00,73.8121752883555
2025-04-11 13:00:00,75.5618148225989
2025-04-11 14:00:00,74.1859315935678
2025-04-11 15:00:00,73.5272784172588
2025-04-11 16:00:00,72.4603362480112
2025-04-11 18:00:00,
2025-04-11 19:00:00,
2025-04-11 21:00:00,
2025-04-11 22:00:00,
2025-04-11 23:00:00,74.7677402495597
2025-04-12 00:00:00,73.5241704497125
2025-04-12 01:00:00,74.150790270507
2025-04-12 02:00:00,74.7549968513779
2025-04-12 03:00:00,73.1197922466283
2025-04-12 04:00:00,71.7465262030688
2025-04-12 05:00:00,74.393023465151
2025-04-12 06:00:00,74.8127134131634
2025-04-12 07:00:00,73.2188115260292
2025-04-12 08:00:00,74.4169334679483
2025-04-12 09:00:00,72.1190791976152
2025-04-12 11:00:00,73.590110588233
2025-04-12 12:00:00,73.0902613043142
2025-04-12 13:00:00,73.1848005613503
2025-04-12 14:00:00,74.5036196990289
2025-04-12 15:00:00,72.8432465406525
2025-04-12 16:00:00,74.2835941589331
2025-04-12 17:00:00,73.4471490115322
2025-04-12 18:00:00,74.3626227724775
2025-04-12 19:00:00,73.5661273686559
2025-04-12 20:00:00,74.210436709727
2025-04-12 22:00:00,73.7676978787655
2025-04-12 23:00:00,73.4792574547316
2025-04-13 00:00:00,72.5254459227806
2025-04-13 01:00:00,73.3562289657507
2025-04-13 02:00:00,71.3009037412633
2025-04-13 03:00:00,73.3377642909005
2025-04-13 04:00:00,74.2233345186295
2025-04-13 13:00:00,73.8736358412756
2025-04-13 14:00:00,74.5464733844548
2025-04-13 15:00:00,72.5163259176646
2025-04-13 16:00:00,74.5578387838238
2025-04-13 17:00:00,73.5770841416472
2025-04-13 19:00:00,73.1354358562243
2025-04-13 20:00:00,74.4097897676315
2025-04-13 21:00:00,73.7642665815996
2025-04-13 22:00:00,72.1783574533366
2025-04-13 23:00:00,74.760100102449
2025-04-14 00:00:00,73.1692411272185
2025-04-14 01:00:00,72.5128125472185
2025-04-14 02:00:00,73.3272388683068
2025-04-14 05:00:00,72.3493848283868
2025-04-14 07:00:00,72.4356096268529
2025-04-14 08:00:00,74.0618743343236
2025-04-14 09:00:00,73.2494133040732
2025-04-14 11:00:00,72.8498191052459
2025-04-14 12:00:00,73.2927453601504
2025-04-14 13:00:00,74.2017244709691
2025-04-14 14:00:00,73.5022085384507
2025-04-14 15:00:00,71.8354023739722
2025-04-14 16:00:00,73.795319353009
2025-04-14 17:00:00,73.6754082860803
2025-04-14 18:00:00,71.7047712160352
2025-04-14 19:00:00,72.7015036724334
2025-04-14 20:00:00,70.7864973046465
2025-04-14 21:00:00,73.7094282032426
2025-04-14 22:00:00,72.2001173200178
2025-04-15 11:00:00,71.9028088044534
2025-04-15 13:00:00,71.3947698804593
2025-04-15 14:00:00,71.1929431762161
2025-04-15 15:00:00,72.9728316860575
2025-04-15 16:00:00,72.4900403821457
2025-04-15 17:00:00,72.0507644712006
2025-04-15 18:00:00,72.3061283141612
2025-04-15 19:00:00,72.2220416537182
2025-04-15 20:00:00,72.2062387451675
2025-04-15 21:00:00,72.5270415872218
2025-04-15 22:00:00,71.6977888395969
2025-04-15 23:00:00,73.6900666926521
2025-04-16 00:00:00,73.0890656137843
2025-04-16 01:00:00,71.8897843552455
2025-04-16 02:00:00,72.5413365240717
2025-04-16 03:00:00,71.4191653804904
2025-04-16 05:00:00,73.3147985072352
2025-04-16 06:00:00,72.1182261329517
2025-04-16 07:00:00,72.3979763090393
2025-04-16 08:00:00,71.9461155411492
2025-04-16 12:00:00,73.288249882915
2025-04-16 13:00:00,72.8493747842723
2025-04-16 14:00:00,73.2235171278089
2025-04-16 15:00:00,72.0776941798911
2025-04-16 16:00:00,72.7955196242044
2025-04-16 17:00:00,73.572610971385
2025-04-16 18:00:00,71.9969697244135
2025-04-16 19:00:00,73.3145199813808
2025-04-16 20:00:00,72.3921455982307
2025-04-16 21:00:00,71.8142615208169
2025-04-16 22:00:00,72.4379925874477
2025-04-16 23:00:00,73.0945957962183
2025-04-17 00:00:00,72.8232438438694
2025-04-17 01:00:00,74.0126612457802
2025-04-17 02:00:00,58.3794433682262
2025-04-17 03:00:00,72.3924128880506
2025-04-17 04:00:00,73.0738020594404
2025-04-17 05:00:00,72.0154634248543
2025-04-17 06:00:00,73.1602023929926
2025-04-17 08:00:00,72.3291579709218
2025-04-17 09:00:00,71.6759878088055
2025-04-17 10:00:00,85.0869000635324
2025-04-17 11:00:00,
2025-04-17 12:00:00,72.3553627947971
2025-04-17 13:00:00,
2025-04-17 14:00:00,
2025-04-17 15:00:00,
2025-04-17 16:00:00,
2025-04-17 17:00:00,
2025-04-17 18:00:00,71.7093954704774
2025-04-17 19:00:00,72.0552175697841
2025-04-17 20:00:00,72.3798260524384
2025-04-17 21:00:00,71.9103393704715
2025-04-17 22:00:00,72.7167917712172
2025-04-17 23:00:00,73.0890382053278
2025-04-18 00:00:00,71.7362972310363
2025-04-18 01:00:00,72.6815052274602
2025-04-18 02:00:00,73.0416494874974
2025-04-18 03:00:00,73.4486301074714
2025-04-18 04:00:00,70.8834717380205
2025-04-18 10:00:00,71.4729495983625
2025-04-18 11:00:00,72.2869909447334
2025-04-18 12:00:00,71.4110236506279
2025-04-18 13:00:00,72.1036409335061
2025-04-18 14:00:00,73.0583037358786
2025-04-18 15:00:00,70.7714996844548
2025-04-18 16:00:00,71.7930833933195
2025-04-18 17:00:00,72.5473385132034
2025-04-18 18:00:00,72.2148825096312
2025-04-18 19:00:00,72.1006979204131
2025-04-18 20:00:00,73.174793142171
2025-04-18 21:00:00,72.3922479746137
2025-04-18 22:00:00,70.9944726879475
2025-04-18 23:00:00,72.4342933827345
2025-04-19 00:00:00,70.8007865478242
2025-04-19 01:00:00,71.7644624595427
2025-04-19 02:00:00,72.1089200268576
2025-04-19 03:00:00,71.9266135276464
2025-04-19 04:00:00,72.0463067510067
2025-04-19 05:00:00,71.4130666566349
2025-04-19 06:00:00,73.6759309225791
2025-04-19 07:00:00,71.4897191444959
2025-04-19 08:00:00,72.1154016127085
2025-04-19 09:00:00,72.9441400272156
2025-04-19 10:00:00,71.7970065659446
2025-04-19 11:00:00,72.3668159416761
2025-04-19 12:00:00,71.1554696935325
2025-04-19 13:00:00,72.4055834541302
2025-04-19 14:00:00,72.4428607406947
2025-04-19 15:00:00,72.5869908657524
2025-04-19 16:00:00,71.0072265387522
2025-04-19 17:00:00,71.8269365603261
2025-04-19 18:00:00,72.2564165968948
2025-04-19 19:00:00,72.8963766241253
2025-04-19 20:00:00,72.4283281301656
2025-04-19 21:00:00,71.0132912515999
2025-04-19 22:00:00,72.4411354567831
2025-04-19 23:00:00,72.1414114233747
2025-04-20 00:00:00,73.6884898164711
2025-04-20 01:00:00,72.4787306685756
2025-04-20 02:00:00,72.3779620568121
2025-04-20 03:00:00,57.5381197063001
2025-04-20 04:00:00,72.2114985710459
2025-04-20 05:00:00,71.5637952403008
2025-04-20 06:00:00,70.7429062796452
2025-04-20 07:00:00,71.5876221041034
2025-04-20 08:00:00,73.1455062567554
2025-04-20 09:00:00,71.4065653162628
2025-04-20 10:00:00,72.7108614591657
2025-04-20 11:00:00,70.7584765842529
2025-04-20 12:00:00,72.375615530056
2025-04-20 13:00:00,73.1978489819769
2025-04-20 14:00:00,72.0983373438887
2025-04-20 15:00:00,71.7450819225994
2025-04-20 16:00:00,72.1073202628662
2025-04-20 17:00:00,70.323061277981
2025-04-20 18:00:00,72.379999538076
2025-04-20 19:00:00,71.583534032219
2025-04-20 20:00:00,73.0325187854404
2025-04-20 21:00:00,65.5423676025707
2025-04-20 22:00:00,71.5932262554393
2025-04-20 23:00:00,71.5149310120562
2025-04-21 00:00:00,71.109358770574
2025-04-21 01:00:00,72.5734688978038
2025-04-21 09:00:00,71.732193845711
2025-04-21 11:00:00,70.5105193159772
2025-04-21 12:00:00,71.5628841086475
2025-04-21 13:00:00,71.2739198684286
2025-04-21 14:00:00,71.4827265836318
2025-04-21 15:00:00,
2025-04-21 16:00:00,
2025-04-21 17:00:00,
2025-04-21 18:00:00,72.796944426842
2025-04-21 19:00:00,72.351102379133
2025-04-21 20:00:00,70.5363882074658
2025-04-21 21:00:00,71.1993012070522
2025-04-21 22:00:00,71.4981171244857
2025-04-21 23:00:00,70.4940976343017
2025-04-22 00:00:00,72.0891397566566
2025-04-22 01:00:00,70.9015392904962
2025-04-22 02:00:00,71.622310202373
2025-04-22 03:00:00,71.3872656192921
2025-04-22 04:00:00,72.5081012384843
2025-04-22 05:00:00,69.8956293205371
2025-04-22 06:00:00,70.3087759492825
2025-04-22 09:00:00,69.5889433983321
2025-04-22 10:00:00,71.5552984906112
2025-04-22 11:00:00,71.4275856874777
2025-04-22 12:00:00,72.5451803596411
2025-04-22 13:00:00,69.9851498906687
2025-04-22 14:00:00,70.4928978405054
2025-04-22 15:00:00,72.6864916753064
2025-04-22 16:00:00,74.2914245473471
2025-04-22 17:00:00,70.8969041405681
2025-04-22 18:00:00,71.4577227415273
2025-04-22 19:00:00,71.7429992687327
2025-04-22 20:00:00,71.4844254845208
2025-04-22 21:00:00,71.1256547303017
2025-04-22 22:00:00,72.9885454241853
2025-04-22 23:00:00,70.1880768584462
2025-04-23 00:00:00,68.1955231742535
2025-04-23 01:00:00,70.3139576095985
2025-04-23 02:00:00,72.0115325423946
2025-04-23 03:00:00,70.9379753323184
2025-04-23 04:00:00,71.1684224658022
2025-04-23 05:00:00,69.5200402329381
2025-04-23 06:00:00,71.6953588934694
2025-04-23 09:00:00,72.0462723624282
2025-04-23 11:00:00,72.9230036826799
2025-04-23 12:00:00,69.45826630929
2025-04-23 13:00:00,72.0952571342691
2025-04-23 14:00:00,72.5298055335599
2025-04-23 15:00:00,70.2288074809682
2025-04-23 16:00:00,71.0015812684416
2025-04-23 17:00:00,72.1504763907249
2025-04-23 18:00:00,71.2479634163054
2025-04-23 19:00:00,69.1873277364745
2025-04-23 20:00:00,70.7235202259788
2025-04-23 21:00:00,71.8855579975367
2025-04-23 22:00:00,71.1146238455916
2025-04-23 23:00:00,70.6669633906361
2025-04-24 00:00:00,69.9978695031695
2025-04-24 01:00:00,70.3624359553311
2025-04-24 02:00:00,70.2562747720138
2025-04-24 03:00:00,69.9242102897997
2025-04-24 05:00:00,70.2102841754112
2025-04-24 06:00:00,72.3678782942323
2025-04-24 07:00:00,70.8639817496988
2025-04-24 09:00:00,70.0114288808315
2025-04-24 10:00:00,72.275678670101
2025-04-24 11:00:00,71.0192313098429
2025-04-24 12:00:00,69.9471857851373
2025-04-24 13:00:00,71.544063153317
2025-04-24 14:00:00,71.0648786365601
2025-04-24 15:00:00,71.6915797757683
2025-04-24 16:00:00,70.2797274530432
2025-04-24 17:00:00,71.4834618373659
2025-04-24 18:00:00,70.2041830494981
2025-04-24 19:00:00,72.0116252684116
2025-04-24 20:00:00,70.0424486906261
2025-04-24 21:00:00,71.1832939231315
2025-04-24 22:00:00,71.0333898792217
2025-04-24 23:00:00,70.7860288122407
2025-04-25 00:00:00,70.5321606764393
2025-04-25 01:00:00,69.4819113520903
2025-04-25 02:00:00,70.3141519916812
2025-04-25 03:00:00,69.7274548174635
2025-04-25 04:00:00,71.6434061695819
2025-04-25 07:00:00,70.8876428912398
2025-04-25 09:00:00,71.2260865398045
2025-04-25 10:00:00,67.4711400520207
2025-04-25 11:00:00,70.7095268017914
2025-04-25 13:00:00,70.556729356749
2025-04-25 14:00:00,70.9919180502468
2025-04-25 15:00:00,69.5940562155622
2025-04-25 16:00:00,
2025-04-25 17:00:00,
2025-04-25 18:00:00,
2025-04-25 19:00:00,
2025-04-25 20:00:00,69.4576516782615
2025-04-25 21:00:00,71.0664857444211
2025-04-25 22:00:00,69.9128396357623
2025-04-25 23:00:00,70.7741728584783
2025-04-26 00:00:00,69.7630288455461
2025-04-26 01:00:00,70.9759895537022
2025-04-26 02:00:00,70.4220330305428
2025-04-26 03:00:00,69.3476745116143
2025-04-26 04:00:00,70.4137182374507
2025-04-26 05:00:00,70.8547348202922
2025-04-26 06:00:00,72.3132040283157
2025-04-26 07:00:00,71.1524881556104
2025-04-26 09:00:00,70.3358806159693
2025-04-26 10:00:00,70.5122486639574
2025-04-26 11:00:00,70.4425266789559
2025-04-26 12:00:00,70.0358817876175
2025-04-26 13:00:00,71.5800844590652
2025-04-26 14:00:00,72.1225116521226
2025-04-26 15:00:00,70.0176455402714
2025-04-26 16:00:00,71.9674153697916
2025-04-26 17:00:00,70.6860329525677
2025-04-26 19:00:00,71.4822846548246
2025-04-26 20:00:00,70.4946200123134
2025-04-26 22:00:00,70.3372647534837
2025-04-27 11:00:00,71.0303172429158
2025-04-27 12:00:00,71.5907261434704
2025-04-27 13:00:00,69.2418650182193
2025-04-27 14:00:00,70.4141533928837
2025-04-27 15:00:00,70.9816028366352
2025-04-27 16:00:00,69.8485847957377
2025-04-27 17:00:00,71.8092144440349
2025-04-27 18:00:00,71.3530902236952
2025-04-27 19:00:00,68.5480441686849
2025-04-27 21:00:00,70.4487297086331
2025-04-27 22:00:00,69.1240377943988
2025-04-27 23:00:00,71.6757686105043
2025-04-28 00:00:00,70.4515581269945
2025-04-28 01:00:00,69.8560278559755
2025-04-28 02:00:00,70.9523846597854
2025-04-28 03:00:00,70.1892294595131
2025-04-28 04:00:00,70.9830904859404
2025-04-28 05:00:00,69.670821694249
2025-04-28 06:00:00,69.873130095741
2025-04-28 07:00:00,69.8968836243266
2025-04-28 08:00:00,70.0520202123506
2025-04-28 09:00:00,70.6110258446407
2025-04-28 10:00:00,69.8937605064561
2025-04-28 13:00:00,69.7998141070257
2025-04-28 14:00:00,67.5692571396895
2025-04-28 15:00:00,68.9520006182003
2025-04-28 16:00:00,70.5681441208609
2025-04-28 17:00:00,70.540894600225
2025-04-28 18:00:00,69.0521418855861
2025-04-28 19:00:00,70.3124805291655
2025-04-28 21:00:00,70.9493771739077
2025-04-28 22:00:00,70.3818571008154
2025-04-28 23:00:00,69.7330381519784
2025-04-29 00:00:00,71.2708140307804
2025-04-29 01:00:00,70.3886743858859
2025-04-29 02:00:00,52.5815386580614
2025-04-29 03:00:00,70.6269434850671
2025-04-29 04:00:00,71.0355323578449
2025-04-29 05:00:00,68.8971557610961
2025-04-29 06:00:00,69.942733747212
2025-04-29 08:00:00,69.5282272240841
2025-04-29 09:00:00,68.6569499397498
2025-04-29 10:00:00,69.9696931613797
2025-04-29 11:00:00,70.3515236228558
2025-04-29 12:00:00,69.1878621908666
2025-04-29 13:00:00,70.2210632592967
2025-04-29 14:00:00,70.4061584628116
2025-04-29 15:00:00,68.2711890983611
2025-04-29 16:00:00,71.5524263066581
2025-04-29 17:00:00,71.0687813119248
2025-04-29 18:00:00,70.6000813880079
2025-04-29 19:00:00,69.6345741559107
2025-04-29 20:00:00,70.6283331357595
2025-04-29 21:00:00,69.6237154884728
2025-04-29 22:00:00,69.3735128651947
2025-04-29 23:00:00,69.690466252073
2025-04-30 00:00:00,68.8519240354742
2025-04-30 01:00:00,68.1588781811568
2025-04-30 02:00:00,70.3066744462813
2025-04-30 03:00:00,69.7870783850888
2025-04-30 04:00:00,70.101861580018
2025-04-30 05:00:00,69.1565449200816
2025-04-30 06:00:00,70.0521740479006
2025-04-30 11:00:00,69.8002291042341
2025-05-01 00:00:00,69.2275371540761
2025-05-01 01:00:00,69.691724870557
2025-05-01 02:00:00,70.7172657074179
2025-05-01 03:00:00,69.9068467461621
2025-05-01 04:00:00,69.5033667599284
2025-05-01 05:00:00,69.5932099580741
2025-05-01 06:00:00,69.8881371198029
2025-05-01 08:00:00,69.5544824643213
2025-05-01 09:00:00,69.019632130377
2025-05-01 14:00:00,70.2473641025414
2025-05-01 15:00:00,69.4454332682303
2025-05-01 16:00:00,69.6331030502482
2025-05-01 17:00:00,69.9074381113526
2025-05-01 18:00:00,69.1170911626766
2025-05-01 19:00:00,70.1221108904442
2025-05-01 20:00:00,70.105979696782
2025-05-01 21:00:00,70.0263024512473
2025-05-01 22:00:00,69.6185293833309
2025-05-01 23:00:00,69.2189449939864
2025-05-02 00:00:00,70.081393125195
2025-05-02 01:00:00,69.4655478854256
2025-05-02 02:00:00,69.0758517897785
2025-05-02 03:00:00,69.8742060716137
2025-05-02 04:00:00,70.3608558865934
2025-05-02 05:00:00,68.5794672364109
2025-05-02 06:00:00,69.1472705371588
2025-05-02 07:00:00,69.1920903635635
2025-05-02 08:00:00,68.9633446008768
2025-05-02 09:00:00,69.4625064110298
2025-05-02 10:00:00,69.7055567520297
2025-05-02 11:00:00,69.3052925582082
2025-05-02 12:00:00,68.4857770890234
2025-05-02 13:00:00,69.2528965333464
2025-05-02 14:00:00,69.3049224530202
2025-05-02 15:00:00,68.976830749754
2025-05-02 16:00:00,68.6470472314059
2025-05-02 17:00:00,69.6493617290758
2025-05-02 18:00:00,70.9070301462433
2025-05-02 19:00:00,69.4385178714054
2025-05-02 20:00:00,69.7535445929702
2025-05-02 21:00:00,69.8019555721911
2025-05-02 22:00:00,69.2726130185582
2025-05-02 23:00:00,69.180899357951
2025-05-03 00:00:00,69.370922982815
2025-05-03 01:00:00,69.1208927911086
2025-05-03 03:00:00,68.1567885632003
2025-05-03 04:00:00,68.6837017916467
2025-05-03 05:00:00,69.152928272663
2025-05-03 06:00:00,69.2686362841238
2025-05-03 07:00:00,69.2428433774833
2025-05-03 08:00:00,69.2017537795474
2025-05-03 10:00:00,69.0755806809416
2025-05-03 11:00:00,69.3006499891885
2025-05-05 15:00:00,61.3651124320241
2025-05-05 16:00:00,68.7975688902948
2025-05-05 17:00:00,68.7664250194259
2025-05-05 18:00:00,68.7285365801081
2025-05-05 21:00:00,68.9639210237488
2025-05-05 22:00:00,69.3202628113182
2025-05-05 23:00:00,68.4754524046653
2025-05-06 00:00:00,68.316660943973
2025-05-06 01:00:00,68.1156504951131
2025-05-06 02:00:00,68.6004275035187
2025-05-06 03:00:00,61.3939965192534
2025-05-06 04:00:00,68.5510095304761
2025-05-06 05:00:00,68.2527567241442
2025-05-06 06:00:00,68.0779800775034
2025-05-06 08:00:00,67.5578022337501
2025-05-06 09:00:00,69.0608610553559
2025-05-06 10:00:00,68.7989956070166
2025-05-06 11:00:00,68.2263534584155
2025-05-06 12:00:00,68.116325213723
2025-05-06 13:00:00,68.337082974019
2025-05-06 14:00:00,68.0238967658049
2025-05-06 15:00:00,68.3110262606092
2025-05-06 16:00:00,67.726852880249
2025-05-06 17:00:00,68.0710581974279
2025-05-06 18:00:00,67.9319404551354
2025-05-06 19:00:00,69.2300445986428
2025-05-06 20:00:00,67.8934221829705
2025-05-06 21:00:00,67.7378901101481
2025-05-06 22:00:00,68.372298873986
2025-05-06 23:00:00,68.246285669394
2025-05-07 00:00:00,68.0059324033945
2025-05-07 01:00:00,68.0062121105553
2025-05-07 02:00:00,67.8903177296142
2025-05-07 03:00:00,67.8622376680078
2025-05-07 04:00:00,68.3285179121765
2025-05-07 05:00:00,67.8852813478443
2025-05-07 08:00:00,68.1005720511351
2025-05-07 22:00:00,67.1378240073498
2025-05-07 23:00:00,67.7289198782012
2025-05-08 00:00:00,67.6971779055386
2025-05-08 01:00:00,67.2787122542846
2025-05-08 02:00:00,68.3012369009343
2025-05-08 03:00:00,68.2841164407322
2025-05-08 04:00:00,66.8527701176453
2025-05-08 05:00:00,68.1166861449779
2025-05-08 07:00:00,67.6326109525345
2025-05-08 10:00:00,67.4301776277502
2025-05-08 11:00:00,67.7544633713305
2025-05-08 12:00:00,68.2660548529039
2025-05-08 13:00:00,67.2984592163658
2025-05-08 14:00:00,67.1839485718319
2025-05-08 15:00:00,67.3104572350015
2025-05-08 16:00:00,67.2098663517959
2025-05-08 17:00:00,68.8003598337468
2025-05-08 18:00:00,68.2827405467756
2025-05-08 19:00:00,67.8006568157179
2025-05-08 20:00:00,67.7658552263342
2025-05-08 21:00:00,67.450786705367
2025-05-08 22:00:00,68.2464734179679
2025-05-08 23:00:00,67.6093136287187
2025-05-09 00:00:00,67.7605661356656
2025-05-09 01:00:00,67.3153401431901
2025-05-09 02:00:00,67.9863836644366
2025-05-09 04:00:00,67.3232550748103
2025-05-09 05:00:00,67.9421955587095
2025-05-09 06:00:00,67.8877679514048
2025-05-09 07:00:00,67.4637304126543
2025-05-09 08:00:00,67.802142227672
2025-05-09 09:00:00,66.8328508931753
2025-05-09 10:00:00,68.1770864572742
2025-05-09 11:00:00,67.7477723079638
2025-05-09 12:00:00,67.9936297335005
2025-05-09 13:00:00,67.3091873664588
2025-05-09 14:00:00,68.0018311528155
2025-05-09 15:00:00,67.5422998069373
2025-05-09 16:00:00,67.6760644959986
2025-05-09 17:00:00,67.7191322783113
2025-05-09 18:00:00,67.8465679482844
2025-05-09 19:00:00,67.9152664830356
2025-05-10 10:00:00,67.4676906050519
2025-05-10 11:00:00,67.6406343010795
2025-05-10 12:00:00,67.685747758069
2025-05-10 13:00:00,66.8942941850159
2025-05-10 14:00:00,67.3371638543842
2025-05-10 15:00:00,66.8798104155442
2025-05-10 16:00:00,67.7537940510837
2025-05-10 17:00:00,66.7438207006598
2025-05-10 18:00:00,67.8968704851223
2025-05-10 19:00:00,68.2825153127364
2025-05-10 20:00:00,67.8539495768104
2025-05-10 21:00:00,87.3513688235593
2025-05-10 22:00:00,67.3639817102658
2025-05-10 23:00:00,67.8476103245806
2025-05-11 00:00:00,67.1034280994889
2025-05-11 01:00:00,66.7259908318591
2025-05-11 02:00:00,66.9533404357084
2025-05-11 03:00:00,67.7495799705875
2025-05-11 04:00:00,67.3984755552015
2025-05-11 05:00:00,67.1409653203929
2025-05-11 06:00:00,66.6056503825182
2025-05-11 08:00:00,67.6619994908735
2025-05-11 09:00:00,67.4193401210266
2025-05-11 11:00:00,67.0979099165223
2025-05-11 12:00:00,66.286854960481
2025-05-11 13:00:00,66.4777108304581
2025-05-11 14:00:00,67.0622816953026
2025-05-11 15:00:00,67.3017505337815
2025-05-11 16:00:00,66.5695282691406
2025-05-11 17:00:00,66.4753820597227
2025-05-11 18:00:00,66.9238491528943
2025-05-11 19:00:00,68.1120328489764
2025-05-11 20:00:00,67.6348129087233
2025-05-11 21:00:00,67.3089765149467
2025-05-11 22:00:00,67.422063081086
2025-05-11 23:00:00,68.1630241892749
2025-05-12 00:00:00,67.6838683005833
2025-05-12 01:00:00,67.2424932315779
2025-05-12 02:00:00,66.2815040149454
2025-05-12 03:00:00,66.8362386368324
2025-05-12 04:00:00,67.3266997129043
2025-05-12 06:00:00,67.1899946069134
2025-05-12 11:00:00,66.9607980599981
2025-05-12 12:00:00,67.0173993630598
2025-05-12 13:00:00,67.5909363177929
2025-05-12 14:00:00,66.5745256137347
2025-05-12 15:00:00,67.0499706263783
2025-05-12 16:00:00,66.8232170271129
2025-05-12 17:00:00,67.3124264835182
2025-05-12 18:00:00,66.6222260718196
2025-05-12 20:00:00,66.4973310994737
2025-05-13 08:00:00,67.0172706153612
2025-05-13 09:00:00,67.6130270498557
2025-05-13 10:00:00,66.931512765293
2025-05-13 11:00:00,66.5729640120946
2025-05-13 12:00:00,66.9294458970587
2025-05-13 13:00:00,66.8024184593726
2025-05-13 14:00:00,66.2279852642886
2025-05-14 03:00:00,66.7096080044541
2025-05-14 04:00:00,67.3095164306873
2025-05-14 05:00:00,67.0478014058996
2025-05-14 06:00:00,65.8154411829068
2025-05-14 07:00:00,66.7243531607508
2025-05-14 08:00:00,66.8447278583773
2025-05-14 09:00:00,
2025-05-14 10:00:00,
2025-05-14 11:00:00,
2025-05-14 12:00:00,
2025-05-14 13:00:00,67.3424179377246
2025-05-14 14:00:00,66.3699303824188
2025-05-14 15:00:00,66.2179812943704
2025-05-14 16:00:00,66.4219237158302
2025-05-14 17:00:00,66.9936705794024
2025-05-14 18:00:00,66.2227734978146
2025-05-14 19:00:00,66.7790631648406
2025-05-14 20:00:00,67.0980218651335
2025-05-14 21:00:00,66.3063503428907
2025-05-14 22:00:00,66.4796533855473
2025-05-14 23:00:00,66.479794690598
2025-05-15 00:00:00,
2025-05-15 01:00:00,
2025-05-15 02:00:00,
2025-05-15 03:00:00,
2025-05-15 04:00:00,
2025-05-15 06:00:00,
2025-05-15 07:00:00,
2025-05-15 08:00:00,
2025-05-15 09:00:00,
2025-05-15 10:00:00,
2025-05-15 11:00:00,
2025-05-15 12:00:00,
2025-05-15 13:00:00,
2025-05-15 14:00:00,
2025-05-15 15:00:00,
2025-05-15 16:00:00,
2025-05-15 17:00:00,
2025-05-15 18:00:00,
2025-05-15 19:00:00,
2025-05-15 20:00:00,
2025-05-15 21:00:00,
2025-05-15 22:00:00,
2025-05-15 23:00:00,
2025-05-16 00:00:00,83.2426992181172
2025-05-16 01:00:00,83.5366166063789
2025-05-16 02:00:00,83.1718874234225
2025-05-16 03:00:00,83.7895491232531
2025-05-16 04:00:00,83.5651146203938
2025-05-16 05:00:00,80.6471610224361
2025-05-16 06:00:00,83.7596871824669
2025-05-16 10:00:00,83.7271158543905
2025-05-16 11:00:00,83.9886390296449
2025-05-16 12:00:00,83.8174298228274
2025-05-16 13:00:00,83.7438330894971
2025-05-16 14:00:00,83.0864066977753
2025-05-16 15:00:00,83.6045794192989
2025-05-16 16:00:00,83.446539446917
2025-05-16 17:00:00,83.5118237480203
2025-05-16 18:00:00,83.5803507018564
2025-05-16 19:00:00,83.6214799642302
2025-05-16 20:00:00,83.61911333708
2025-05-16 21:00:00,83.5107054605664
2025-05-16 22:00:00,83.7008393292759
2025-05-16 23:00:00,83.5808355034438
2025-05-17 00:00:00,83.2544797665209
2025-05-17 01:00:00,83.4269882475492
2025-05-17 02:00:00,83.2630473268752
2025-05-17 03:00:00,83.2688603800738
2025-05-17 04:00:00,83.0863436066166
2025-05-17 06:00:00,82.9595830424788
2025-05-17 07:00:00,83.2469638692242
2025-05-17 09:00:00,83.0973570044248
2025-05-17 11:00:00,82.9105889962639
2025-05-17 12:00:00,83.0925849885825
2025-05-17 13:00:00,83.3561208480307
2025-05-17 14:00:00,83.1983810026356
2025-05-17 15:00:00,83.212360728818
2025-05-17 16:00:00,82.9274438723056
2025-05-17 17:00:00,83.0069490980527
2025-05-17 18:00:00,83.2769565899526
2025-05-17 19:00:00,83.3839007782371
2025-05-17 20:00:00,82.6740255393043
2025-05-17 21:00:00,82.950915222026
2025-05-17 22:00:00,83.2077768868873
2025-05-17 23:00:00,82.9125202781387
2025-05-18 00:00:00,82.6808500750132
2025-05-18 01:00:00,82.6739178854326
2025-05-18 02:00:00,83.2509093919218
2025-05-18 03:00:00,83.0940444886688
2025-05-18 04:00:00,82.6284835638573
2025-05-18 05:00:00,82.561762877526
2025-05-18 19:00:00,82.6259971123371
2025-05-18 20:00:00,82.5582876420148
2025-05-18 21:00:00,
2025-05-18 22:00:00,
2025-05-18 23:00:00,
2025-05-19 00:00:00,
2025-05-19 01:00:00,
2025-05-19 02:00:00,82.0317271359981
2025-05-19 03:00:00,82.0412268445413
2025-05-19 04:00:00,81.5347080961122
2025-05-19 05:00:00,
2025-05-19 06:00:00,
2025-05-19 07:00:00,82.2225352949637
2025-05-19 14:00:00,82.5709000895614
2025-05-19 15:00:00,82.3241034968919
2025-05-19 16:00:00,82.1628177284038
2025-05-19 17:00:00,82.0548320640383
2025-05-19 18:00:00,81.5663951703958
2025-05-19 19:00:00,82.3719942537571
2025-05-19 20:00:00,82.991204821235
2025-05-19 22:00:00,83.0093101113625
2025-05-19 23:00:00,82.7869330986773
2025-05-20 00:00:00,81.7214175708972
2025-05-20 01:00:00,82.1843181738198
2025-05-20 02:00:00,81.8035075513874
2025-05-20 03:00:00,82.0494353485862
2025-05-20 04:00:00,81.7693805747522
2025-05-20 05:00:00,82.4355301355324
2025-05-20 06:00:00,82.2851445984722
2025-05-20 07:00:00,82.8861501617083
2025-05-20 08:00:00,82.8849873929117
2025-05-20 10:00:00,89.1956347854154
2025-05-20 11:00:00,83.3028207035522
2025-05-20 12:00:00,64.9422130616507
2025-05-20 13:00:00,82.6616840034583
2025-05-20 14:00:00,81.5025442607476
2025-05-20 15:00:00,82.9997070483859
2025-05-20 16:00:00,82.0897702117031
2025-05-20 17:00:00,82.2639507625964
2025-05-20 18:00:00,82.5587837781315
2025-05-20 19:00:00,82.549429793019
2025-05-20 20:00:00,82.7266211952619
2025-05-20 21:00:00,82.2200635587943
2025-05-20 22:00:00,82.2840682149794
2025-05-20 23:00:00,82.1552279673957
2025-05-21 00:00:00,82.0914055134105
2025-05-21 01:00:00,82.1453911022697
2025-05-21 02:00:00,81.6919777232763
2025-05-21 03:00:00,82.0922216401522
2025-05-21 04:00:00,81.8509675272554
2025-05-21 05:00:00,81.7463857971192
2025-05-21 06:00:00,81.5226441381677
2025-05-21 07:00:00,81.6933707765485
2025-05-21 10:00:00,81.5253443407056
2025-05-21 11:00:00,81.1734941526033
2025-05-21 12:00:00,81.959581888413
2025-05-21 13:00:00,
2025-05-21 14:00:00,
2025-05-21 15:00:00,
2025-05-21 16:00:00,81.0805056501082
2025-05-21 17:00:00,81.906042989887
2025-05-21 18:00:00,81.8109832354352
2025-05-21 19:00:00,82.1276261751843
2025-05-21 20:00:00,81.8996693456651
2025-05-21 21:00:00,81.740009603386
2025-05-21 22:00:00,82.0698359301178
2025-05-21 23:00:00,80.9268204478856
2025-05-22 00:00:00,81.9161909145838
2025-05-22 01:00:00,81.3673501446443
2025-05-22 02:00:00,80.9152836679948
2025-05-22 03:00:00,82.307293124387
2025-05-22 04:00:00,82.2755838771025
2025-05-22 05:00:00,81.7395410941961
2025-05-22 06:00:00,82.5418803959428
2025-05-22 07:00:00,81.3391866623993
2025-05-22 08:00:00,81.5956605578213
2025-05-22 21:00:00,81.2116051442636
2025-05-22 22:00:00,81.6465154860975
2025-05-22 23:00:00,81.3148768373604
2025-05-23 00:00:00,81.1059494889439
2025-05-23 01:00:00,80.7927890221262
2025-05-23 02:00:00,81.014413212861
2025-05-23 03:00:00,81.7938101697713
2025-05-23 04:00:00,81.763976486752
2025-05-23 05:00:00,81.7196653209378
2025-05-23 06:00:00,81.9753863259563
2025-05-23 07:00:00,82.4514317764041
2025-05-23 08:00:00,81.780828854347
2025-05-23 09:00:00,81.0549436799287
2025-05-23 10:00:00,81.4894082610525
2025-05-23 11:00:00,81.7788488491281
2025-05-23 12:00:00,82.0757975027804
2025-05-23 13:00:00,82.2376887586571
2025-05-23 14:00:00,81.6336431263762
2025-05-23 15:00:00,81.8002954040133
2025-05-23 16:00:00,81.3923429323738
2025-05-23 17:00:00,80.9700786750865
2025-05-23 18:00:00,82.4631594711779
2025-05-23 19:00:00,81.614493083418
2025-05-23 20:00:00,81.8261575356397
2025-05-23 21:00:00,80.9396806622526
2025-05-23 22:00:00,80.7665068191264
2025-05-23 23:00:00,81.429946403642
2025-05-24 00:00:00,81.8488160364622
2025-05-24 01:00:00,81.4896107144585
2025-05-24 02:00:00,81.7602982709226
2025-05-24 03:00:00,81.016376406704
2025-05-24 04:00:00,81.6688451014486
2025-05-24 05:00:00,81.4635505527205
2025-05-24 06:00:00,81.4876409437769
2025-05-24 07:00:00,82.0882842881556
2025-05-24 08:00:00,81.0325906623397
2025-05-24 10:00:00,81.7632133686667
2025-05-24 11:00:00,81.1384004420469
2025-05-24 12:00:00,81.8067442023864
2025-05-24 13:00:00,81.4201840706646
2025-05-24 14:00:00,81.097382011779
2025-05-24 15:00:00,81.2851140475168
2025-05-24 16:00:00,81.0711063654527
2025-05-24 17:00:00,81.9015354553664
2025-05-24 18:00:00,80.8595078389246
2025-05-24 19:00:00,81.471522816748
2025-05-24 20:00:00,81.1757264200699
2025-05-24 21:00:00,81.3070710091512
2025-05-24 22:00:00,81.572848028487
2025-05-24 23:00:00,82.1516389892439
2025-05-25 00:00:00,81.7358063240313
2025-05-25 01:00:00,81.3420596047271
2025-05-25 02:00:00,81.2978055872996
2025-05-25 03:00:00,81.6883274499789
2025-05-25 04:00:00,81.0083375586719
2025-05-25 05:00:00,81.0539765330869
2025-05-25 07:00:00,81.5086685915626
2025-05-25 08:00:00,80.8454130545925
2025-05-25 09:00:00,
2025-05-25 11:00:00,
2025-05-25 12:00:00,
2025-05-25 13:00:00,
2025-05-25 14:00:00,
2025-05-25 15:00:00,81.5813310484756
2025-05-25 16:00:00,80.5564953743193
2025-05-25 17:00:00,80.9839824698562
2025-05-25 18:00:00,80.5567361551731
2025-05-25 19:00:00,81.7989021908025
2025-05-25 20:00:00,80.9610584316752
2025-05-25 21:00:00,81.1375306735479
2025-05-25 22:00:00,81.0058274323669
2025-05-25 23:00:00,81.222706682249
2025-05-26 00:00:00,81.3502811441361
2025-05-26 01:00:00,80.6315505345719
2025-05-26 02:00:00,80.7487565816686
2025-05-26 03:00:00,81.2243919685242
2025-05-26 04:00:00,80.8553399427116
2025-05-26 05:00:00,81.5408546804283
2025-05-26 06:00:00,
2025-05-26 07:00:00,
2025-05-26 08:00:00,
2025-05-26 09:00:00,80.9010436238574
2025-05-26 10:00:00,81.059347742722
2025-05-26 11:00:00,80.8970357608396
2025-05-26 12:00:00,81.5364496946354
2025-05-26 13:00:00,80.279365619577
2025-05-26 14:00:00,80.5276944579922
2025-05-26 15:00:00,80.8690795141302
2025-05-26 16:00:00,80.8409164478626
2025-05-26 17:00:00,80.9153331106997
2025-05-26 18:00:00,80.2287110520742
2025-05-26 19:00:00,81.2308374345139
2025-05-26 20:00:00,81.3346720315835
2025-05-26 21:00:00,80.9633128690131
2025-05-26 22:00:00,80.625301344116
2025-05-26 23:00:00,80.7431235637558
2025-05-27 00:00:00,80.327695117079
2025-05-27 01:00:00,80.6390164429967
2025-05-27 02:00:00,
2025-05-27 03:00:00,
2025-05-27 04:00:00,80.7383640209323
2025-05-27 05:00:00,81.0387400138454
2025-05-27 08:00:00,80.1967347045046
2025-05-27 09:00:00,80.4670243564583
2025-05-27 10:00:00,80.7048031966847
2025-05-27 11:00:00,81.2876937894923
2025-05-27 12:00:00,80.8997743833522
2025-05-27 13:00:00,80.84227018393
2025-05-27 14:00:00,80.0989230157539
2025-05-27 15:00:00,80.7906771272629
2025-05-27 16:00:00,80.6735871636956
2025-05-27 17:00:00,81.2209556409803
2025-05-27 18:00:00,81.2669896738124
2025-05-27 19:00:00,81.2322618049051
2025-05-27 20:00:00,80.4655506240203
2025-05-27 21:00:00,80.9254666680193
2025-05-27 22:00:00,81.6219220643941
2025-05-27 23:00:00,80.0646878395783
2025-05-28 00:00:00,80.3407210359114
2025-05-28 01:00:00,80.6613295233808
2025-05-28 02:00:00,80.3090722245238
2025-05-28 03:00:00,80.2704928644381
2025-05-28 04:00:00,80.4262362313997
2025-05-28 05:00:00,81.2208482090501
2025-05-28 06:00:00,80.7051052039298
2025-05-28 07:00:00,80.9887624455246
2025-05-28 09:00:00,80.1141486462037
2025-05-28 10:00:00,80.7145735400212
2025-05-28 11:00:00,79.8152417149899
2025-05-28 12:00:00,80.238266128985
2025-05-28 13:00:00,80.4162946570682
2025-05-28 14:00:00,81.682982255258
2025-05-28 15:00:00,79.8872740442838
2025-05-28 16:00:00,80.6128206627513
2025-05-28 17:00:00,79.7398672766955
2025-05-28 18:00:00,80.7609451736986
2025-05-28 19:00:00,80.2793065878897
2025-05-28 20:00:00,80.810496449796
2025-05-28 21:00:00,80.6489872742609
2025-05-28 22:00:00,80.4484559003341
2025-05-28 23:00:00,80.2926764531473
2025-05-29 00:00:00,80.5742895245871
2025-05-29 01:00:00,80.4446013365338
2025-05-29 02:00:00,80.529648392349
2025-05-29 03:00:00,80.1878764703176
2025-05-29 04:00:00,80.3526702983847
2025-05-29 05:00:00,81.1372115750378
2025-05-29 07:00:00,79.9299630753831
2025-05-29 12:00:00,79.9771423414308
2025-05-29 13:00:00,80.0177888060199
2025-05-29 14:00:00,79.9738984834786
2025-05-29 15:00:00,79.1612799650892
2025-05-29 16:00:00,80.4798240214725
2025-05-29 17:00:00,80.071850865705
2025-05-29 18:00:00,79.625520440591
2025-05-29 19:00:00,79.9138400796594
2025-05-29 20:00:00,80.3092412527857
2025-05-29 21:00:00,79.5622428613984
2025-05-29 22:00:00,80.4477785337412
2025-05-29 23:00:00,80.3784908904345
2025-05-30 00:00:00,80.4419088441873
2025-05-30 01:00:00,79.8018205244707
2025-05-30 02:00:00,80.0700404076735
2025-05-30 03:00:00,79.7233436570604
2025-05-30 04:00:00,80.6884513549029
2025-05-30 08:00:00,79.9088026334593
2025-05-30 09:00:00,79.8677396385163
2025-05-30 11:00:00,80.0972245134029
2025-05-30 12:00:00,80.3164215569525
2025-05-30 13:00:00,79.7120889757177
2025-05-30 14:00:00,80.2799636445779
2025-05-30 15:00:00,80.5486917349253
2025-05-30 16:00:00,80.253554005742
2025-05-30 17:00:00,80.1526959741278
2025-05-30 18:00:00,79.7184688525733
2025-05-30 19:00:00,79.9894068656637
2025-05-30 20:00:00,80.573148916527
2025-05-30 21:00:00,79.724545377471
2025-05-30 22:00:00,79.7141060110225
2025-05-30 23:00:00,80.1195892021433
2025-05-31 00:00:00,80.106024290949
2025-05-31 01:00:00,80.2464161012018
2025-05-31 02:00:00,79.6669606733308
2025-05-31 03:00:00,80.5113237373858
2025-05-31 04:00:00,79.8225720336767
2025-05-31 05:00:00,80.2099517189852
2025-05-31 06:00:00,80.2393129109395
2025-05-31 07:00:00,80.2471602949839
2025-05-31 12:00:00,79.8377997288214
2025-05-31 13:00:00,79.8015932289454
2025-05-31 14:00:00,79.7070990416715
2025-05-31 16:00:00,80.2230673063946
2025-05-31 17:00:00,79.6057246176021
2025-05-31 18:00:00,79.5171033648255
2025-05-31 19:00:00,79.206819043062
2025-05-31 20:00:00,80.1466088860653
2025-05-31 21:00:00,79.559828496071
2025-05-31 22:00:00,79.7698952348801
2025-05-31 23:00:00,79.6007595752347
2025-06-01 00:00:00,79.1879949181376
2025-06-01 01:00:00,79.0494630154744
2025-06-01 02:00:00,77.1057457216073
2025-06-01 03:00:00,82.1091728702124
2025-06-01 04:00:00,79.2763784660298
2025-06-01 05:00:00,78.6713968113493
2025-06-01 06:00:00,78.6537691933777
2025-06-01 10:00:00,80.2231531896643
2025-06-01 11:00:00,81.6399443021859
2025-06-01 12:00:00,80.0332344990047
2025-06-01 13:00:00,78.9357464371501
2025-06-01 14:00:00,82.4680363249797
2025-06-01 15:00:00,79.8881432496556
2025-06-01 16:00:00,77.6579094945034
2025-06-01 17:00:00,78.0921279200522
2025-06-01 18:00:00,81.2653824047282
2025-06-01 19:00:00,78.9924128008439
2025-06-01 20:00:00,85.7439101099794
2025-06-01 21:00:00,82.0943054794723
2025-06-01 22:00:00,82.2403098798148
2025-06-01 23:00:00,80.2991609231683
2025-06-02 00:00:00,79.3910215646236
2025-06-02 01:00:00,80.9818558688163
2025-06-02 02:00:00,80.5061417283563
2025-06-02 03:00:00,78.2635666095657
2025-06-02 04:00:00,79.6542544658685
2025-06-02 06:00:00,80.8006847538956
2025-06-02 07:00:00,71.1927330385966
2025-06-02 08:00:00,80.0091318129009
2025-06-02 09:00:00,80.4650527239465
2025-06-02 12:00:00,79.878864260452
2025-06-02 13:00:00,92.1268495941775
2025-06-02 14:00:00,80.7071998816051
2025-06-02 15:00:00,78.8782044876885
2025-06-02 16:00:00,78.7198432116887
2025-06-02 17:00:00,81.6624546187186
2025-06-02 18:00:00,79.4236910613154
2025-06-02 19:00:00,79.8103214289564
2025-06-02 20:00:00,79.7084255673478
2025-06-02 21:00:00,78.322794843146
2025-06-02 22:00:00,79.7752244475739
2025-06-02 23:00:00,79.4875477079383
2025-06-03 00:00:00,81.6649088407383
2025-06-03 01:00:00,76.0143472110989
2025-06-03 02:00:00,80.1265997425379
2025-06-03 03:00:00,77.7841694368826
2025-06-03 04:00:00,80.3728224127838
2025-06-03 05:00:00,81.6797029040405
2025-06-03 08:00:00,80.1259595166209
2025-06-03 09:00:00,79.9660827123805
2025-06-03 10:00:00,81.1716563816389
2025-06-03 11:00:00,79.4221281616172
2025-06-03 12:00:00,78.5969534344439
2025-06-04 01:00:00,77.1681495347387
2025-06-04 02:00:00,78.4036099015016
2025-06-04 03:00:00,77.4783073913388
2025-06-04 04:00:00,80.4263493457168
2025-06-04 05:00:00,77.7536038453454
2025-06-04 08:00:00,80.9578249346982
2025-06-04 09:00:00,79.8050061252779
2025-06-04 10:00:00,82.295308203685
2025-06-04 11:00:00,80.3669822726345
2025-06-04 12:00:00,77.0734404331666
2025-06-04 13:00:00,78.6418240298661
2025-06-04 14:00:00,79.0259976284563
2025-06-04 15:00:00,77.2943049015926
2025-06-04 16:00:00,79.9024359341543
2025-06-04 17:00:00,89.5084402478873
2025-06-04 18:00:00,77.6412574567409
2025-06-04 19:00:00,80.0361225252596
2025-06-04 20:00:00,78.1299311726326
2025-06-04 21:00:00,78.571688580731
2025-06-04 22:00:00,80.6392216215045
2025-06-04 23:00:00,78.0864529999899
2025-06-05 00:00:00,80.3404272927711
2025-06-05 01:00:00,81.6824483513995
2025-06-05 02:00:00,78.5829226692757
2025-06-05 03:00:00,79.8161473914247
2025-06-05 06:00:00,79.043510827294
2025-06-05 07:00:00,78.6199009864808
2025-06-05 08:00:00,80.0292610435479
2025-06-05 09:00:00,78.2483071949193
2025-06-05 11:00:00,80.8056419266281
2025-06-05 12:00:00,78.1978546090707
2025-06-05 13:00:00,77.5526159316938
2025-06-05 14:00:00,79.4364707842044
2025-06-05 15:00:00,78.8362612567338
2025-06-05 16:00:00,77.4881093733545
2025-06-05 17:00:00,82.1230117130673
2025-06-05 18:00:00,80.5503266750262
2025-06-05 19:00:00,80.1082508447466
2025-06-05 20:00:00,79.6604154122203
2025-06-05 21:00:00,79.7517803253585
2025-06-05 22:00:00,79.5549541962631
2025-06-05 23:00:00,80.2027557008043
2025-06-06 00:00:00,79.4717827014309
2025-06-06 01:00:00,77.5238320722506
2025-06-06 02:00:00,80.0089151325785
2025-06-06 03:00:00,78.546855699562
2025-06-06 05:00:00,80.9917188285826
2025-06-06 06:00:00,78.845436402444
2025-06-06 08:00:00,78.8482368276192
2025-06-06 09:00:00,77.6674111437837
2025-06-06 10:00:00,75.321233250284
2025-06-06 11:00:00,80.1092316435264
2025-06-06 12:00:00,78.2855647969546
2025-06-06 13:00:00,80.2043393009613
2025-06-06 14:00:00,79.5441548335992
2025-06-06 15:00:00,80.4080073068313
2025-06-06 16:00:00,78.732504075427
2025-06-06 17:00:00,76.8337682274572
2025-06-06 18:00:00,78.5709404291008
2025-06-06 19:00:00,77.7214819856408
2025-06-06 20:00:00,79.4047936858541
2025-06-06 21:00:00,80.4230330517799
2025-06-06 22:00:00,80.2972392401197
2025-06-06 23:00:00,80.8699592335
2025-06-07 00:00:00,79.1436563224984
2025-06-07 01:00:00,78.4704852545021
2025-06-07 02:00:00,82.0287241893257
2025-06-07 04:00:00,77.9094944919468
2025-06-07 05:00:00,79.8203470930344
2025-06-07 07:00:00,77.7587360119331
2025-06-07 08:00:00,78.8885912287954
2025-06-07 09:00:00,80.6776948884359
2025-06-07 12:00:00,79.0645572086169
2025-06-07 13:00:00,78.4272124534804
2025-06-07 14:00:00,80.4946657123035
2025-06-07 15:00:00,79.8428082609872
2025-06-07 16:00:00,78.0966565040951
2025-06-07 17:00:00,79.2645465676105
2025-06-07 18:00:00,79.343284624867
2025-06-07 19:00:00,80.1427576179613
2025-06-07 20:00:00,81.3791858112955
2025-06-07 21:00:00,78.9733050071004
2025-06-07 22:00:00,79.0405886572298
2025-06-07 23:00:00,79.9116868806065
2025-06-08 00:00:00,100.765330413624
2025-06-08 01:00:00,78.8559368019261
2025-06-08 02:00:00,79.0217698908183
2025-06-08 03:00:00,80.4318286118855
2025-06-08 04:00:00,79.5170766131007
2025-06-08 06:00:00,79.1302280171781
2025-06-08 07:00:00,78.3359558033853
2025-06-08 11:00:00,79.2323295532811
2025-06-08 12:00:00,77.5123138530961
2025-06-08 13:00:00,78.9996468294983
2025-06-08 14:00:00,79.068150242352
2025-06-08 15:00:00,98.3429205489596
2025-06-08 16:00:00,80.2512033257344
2025-06-08 17:00:00,79.3700415722245
2025-06-08 18:00:00,80.7247102173258
2025-06-08 19:00:00,78.9601032077265
2025-06-08 20:00:00,78.5686613397062
2025-06-08 21:00:00,77.8246762719474
2025-06-08 22:00:00,80.2117393036959
2025-06-08 23:00:00,80.4164483511165
2025-06-09 00:00:00,79.5132769357865
2025-06-09 01:00:00,78.8369802253577
2025-06-09 02:00:00,76.6392709159225
2025-06-09 03:00:00,77.0038731263492
2025-06-09 04:00:00,80.8397161751703
2025-06-09 05:00:00,77.7533868507329
2025-06-09 06:00:00,78.0199947661892
2025-06-09 07:00:00,77.5217977823434
2025-06-09 10:00:00,80.7863936923485
2025-06-09 11:00:00,78.6927843705384
2025-06-10 00:00:00,79.895413396613
2025-06-10 01:00:00,79.2087937306967
2025-06-10 02:00:00,80.8581632619232
2025-06-10 03:00:00,79.9188244757833
2025-06-10 04:00:00,78.7960425707981
2025-06-10 05:00:00,81.0256368784646
2025-06-10 06:00:00,79.2335446305561
2025-06-10 07:00:00,77.9616078601126
2025-06-10 11:00:00,81.3554950559271
2025-06-10 12:00:00,77.3670508292689
2025-06-10 13:00:00,77.3571022370545
2025-06-10 14:00:00,77.7732832926724
2025-06-10 15:00:00,77.0951312292202
2025-06-10 16:00:00,76.253041787849
2025-06-10 17:00:00,79.1793888024321
2025-06-10 18:00:00,77.5532242204384
2025-06-10 19:00:00,79.4409218697856
2025-06-10 20:00:00,78.9727744189359
2025-06-10 21:00:00,78.0878495212667
2025-06-10 22:00:00,78.3803844406645
2025-06-10 23:00:00,79.4320599945803
2025-06-11 00:00:00,78.6162509990873
2025-06-11 01:00:00,79.7205812142121
2025-06-11 02:00:00,77.5343880622815
2025-06-11 03:00:00,78.9741849284958
2025-06-11 04:00:00,76.9179441935001
2025-06-11 05:00:00,80.178994525956
2025-06-11 11:00:00,81.2292194903244
2025-06-11 12:00:00,81.738008379286
2025-06-11 13:00:00,79.1621692032644
2025-06-11 14:00:00,78.7202326023881
2025-06-11 15:00:00,77.6636843980145
2025-06-11 16:00:00,76.4716004809511
2025-06-11 17:00:00,78.1280141088284
2025-06-11 18:00:00,79.5433336019864
2025-06-11 19:00:00,78.8099255947809
2025-06-11 20:00:00,79.9101267958062
2025-06-11 21:00:00,80.2793198915636
2025-06-11 22:00:00,77.5365292134608
2025-06-11 23:00:00,77.6297540065333
2025-06-12 00:00:00,79.369474192283
2025-06-12 01:00:00,78.2049359129023
2025-06-12 02:00:00,77.4262009731615
2025-06-12 03:00:00,81.9825185883948
2025-06-12 04:00:00,79.2390850282098
2025-06-12 06:00:00,77.5228401359418
2025-06-12 07:00:00,79.0129893223709
2025-06-12 08:00:00,76.8807641029197
2025-06-12 09:00:00,78.9441904243163
2025-06-12 11:00:00,78.7116764477627
2025-06-12 12:00:00,76.0975138199682
2025-06-12 13:00:00,77.9505927301655
2025-06-12 14:00:00,77.9084560086676
2025-06-12 15:00:00,79.0651926064697
2025-06-12 16:00:00,78.1494490805833
2025-06-12 17:00:00,80.1338426330641
2025-06-12 18:00:00,79.5320071741149
2025-06-12 19:00:00,80.21498876918
2025-06-12 20:00:00,78.6459192329007
2025-06-12 21:00:00,79.4806253738103
2025-06-12 22:00:00,78.9758200689961
2025-06-13 12:00:00,76.5056864214689
2025-06-13 13:00:00,78.9837579595107
2025-06-13 14:00:00,77.887423052296
2025-06-13 15:00:00,79.3426771414965
2025-06-13 16:00:00,81.2330497632004
2025-06-13 17:00:00,78.6731894011106
2025-06-13 20:00:00,78.1965408076714
2025-06-13 21:00:00,80.3088589986651
2025-06-13 22:00:00,77.8763419416498
2025-06-13 23:00:00,78.9056785910222
2025-06-14 00:00:00,78.3718872691982
2025-06-14 01:00:00,77.287654588185
2025-06-14 02:00:00,80.2529034736295
2025-06-14 03:00:00,79.4755151083285
2025-06-14 04:00:00,78.1390259262719
2025-06-14 05:00:00,77.3459630056205
2025-06-14 06:00:00,77.6190280431411
2025-06-14 09:00:00,76.6235581449543
2025-06-14 10:00:00,78.9993805492447
2025-06-14 11:00:00,78.3846840331286
2025-06-14 12:00:00,79.3045544202091
2025-06-14 13:00:00,78.3685109223191
2025-06-14 14:00:00,77.8509656653748
2025-06-14 15:00:00,79.7074219045442
2025-06-14 16:00:00,78.1629053601647
2025-06-14 17:00:00,79.0144500018177
2025-06-14 18:00:00,78.3792270770582
2025-06-14 19:00:00,78.8205805218855
2025-06-14 20:00:00,79.1146571577855
2025-06-14 21:00:00,77.8789986865304
2025-06-14 22:00:00,80.0238281617491
2025-06-14 23:00:00,80.0338423104677
2025-06-15 00:00:00,77.8412929662219
2025-06-15 01:00:00,78.4533427461532
2025-06-15 02:00:00,78.0446645428083
2025-06-15 03:00:00,76.8106424795205
2025-06-15 04:00:00,80.5101194477611
2025-06-15 05:00:00,79.009578223544
2025-06-15 06:00:00,78.51296669636
2025-06-15 07:00:00,78.9558326814737
2025-06-15 10:00:00,78.1159342889116
2025-06-15 11:00:00,67.183617995689
2025-06-15 12:00:00,
2025-06-15 13:00:00,
2025-06-15 14:00:00,80.5602405753508
2025-06-15 15:00:00,79.6296682070351
2025-06-15 16:00:00,78.6511274077575
2025-06-15 17:00:00,76.973394437673
2025-06-15 18:00:00,79.3864606379717
2025-06-15 19:00:00,79.4146473769778
2025-06-15 20:00:00,78.9539249125578
2025-06-15 21:00:00,79.1084335153401
2025-06-15 22:00:00,76.5451059684138
2025-06-15 23:00:00,78.9124859274407
2025-06-16 00:00:00,79.4125066065808
2025-06-16 01:00:00,78.3729360087395
2025-06-16 02:00:00,77.2957384916272
2025-06-16 03:00:00,79.1030805568941
2025-06-16 04:00:00,79.1698616810171
2025-06-16 06:00:00,76.3496290814961
2025-06-16 07:00:00,78.2130843820085
2025-06-16 08:00:00,80.2074310156778
2025-06-16 10:00:00,80.1036693313596
2025-06-16 11:00:00,78.3078979805741
2025-06-16 12:00:00,79.3745369120047
2025-06-16 13:00:00,77.2037406578613
2025-06-16 14:00:00,79.6759234669326
2025-06-16 15:00:00,79.0409045006039
2025-06-16 16:00:00,74.750981954644
2025-06-16 17:00:00,77.6857413391208
2025-06-16 18:00:00,78.0804671420303
2025-06-16 19:00:00,78.9249238172443
2025-06-16 20:00:00,78.5039385634715
2025-06-16 21:00:00,77.2512562443966
2025-06-16 22:00:00,78.5330953857295
2025-06-16 23:00:00,
2025-06-17 00:00:00,
2025-06-17 01:00:00,
2025-06-17 02:00:00,
2025-06-17 03:00:00,78.690937195557
2025-06-17 04:00:00,77.3811145668941
2025-06-17 05:00:00,77.5773324366553
2025-06-17 06:00:00,74.5832661047276
2025-06-17 07:00:00,79.5975750848509
2025-06-17 08:00:00,79.5729746108972
2025-06-17 09:00:00,79.4399563960039
2025-06-17 10:00:00,76.3417160838012
2025-06-17 11:00:00,78.900011764119
2025-06-17 12:00:00,78.6844318883737
2025-06-17 13:00:00,81.0099692829572
2025-06-17 14:00:00,78.4915908463386
2025-06-17 15:00:00,78.0862613024885
2025-06-17 16:00:00,77.8970058537866
2025-06-17 17:00:00,78.3406061038192
2025-06-17 18:00:00,77.319892751261
2025-06-17 19:00:00,77.2714334836337
2025-06-17 20:00:00,77.6439319539521
2025-06-17 21:00:00,76.9158019017202
2025-06-17 22:00:00,81.1823108544367
2025-06-17 23:00:00,80.9986693354392
2025-06-18 00:00:00,81.5139285955674
2025-06-18 01:00:00,77.8609800832411
2025-06-18 14:00:00,79.3719966198622
2025-06-18 16:00:00,77.123058982569
2025-06-18 17:00:00,79.7299670195948
2025-06-18 18:00:00,82.5963579108655
2025-06-18 19:00:00,78.7567704592685
2025-06-18 20:00:00,79.2168134747529
2025-06-18 21:00:00,76.1259823389626
2025-06-18 22:00:00,77.6499116658864
2025-06-18 23:00:00,79.9650793569245
2025-06-19 00:00:00,76.2261694144045
2025-06-19 01:00:00,79.9160878214414
2025-06-19 02:00:00,75.5432367664571
2025-06-19 03:00:00,76.3738724749324
2025-06-19 04:00:00,79.1983023725258
2025-06-19 05:00:00,75.9782044546448
2025-06-19 06:00:00,79.2830202608991
2025-06-19 07:00:00,77.3915548221228
2025-06-19 08:00:00,77.2362262591814
2025-06-19 09:00:00,77.2759983412959
2025-06-19 10:00:00,80.0102853575273
2025-06-19 11:00:00,70.9051467110922
2025-06-19 12:00:00,79.7140208529514
2025-06-19 13:00:00,76.5054444471257
2025-06-19 14:00:00,77.8953350212984
2025-06-19 15:00:00,80.0776412938628
2025-06-19 16:00:00,77.9875512929639
2025-06-19 17:00:00,79.3377373302714
2025-06-19 18:00:00,77.8399441371216
2025-06-19 19:00:00,76.7017608782012
2025-06-19 20:00:00,76.7873185595063
2025-06-19 21:00:00,78.4311647453237
2025-06-19 22:00:00,78.942675673652
2025-06-19 23:00:00,78.2244984524492
2025-06-20 00:00:00,78.3358330473095
2025-06-20 01:00:00,77.6280064302169
2025-06-20 02:00:00,76.8263281469046
2025-06-20 03:00:00,76.9081906086361
2025-06-20 04:00:00,76.8501229700515
2025-06-20 05:00:00,77.1533310075373
2025-06-20 08:00:00,78.7715928731614
2025-06-20 10:00:00,76.1747274036447
2025-06-20 11:00:00,79.2453073574096
2025-06-20 12:00:00,76.9390703108464
2025-06-20 13:00:00,78.9523882298892
2025-06-20 14:00:00,78.9246320918381
2025-06-20 15:00:00,77.3338516200074
2025-06-20 16:00:00,78.3667759203189
2025-06-20 17:00:00,77.79849623708
2025-06-20 18:00:00,76.6126327635158
2025-06-20 19:00:00,75.6791958607158
2025-06-20 20:00:00,77.6624683886788
2025-06-20 21:00:00,77.8646585188152
2025-06-20 22:00:00,79.5673935511976
2025-06-20 23:00:00,76.5286522168761
2025-06-21 00:00:00,76.5895483393979
2025-06-21 01:00:00,75.6206542023428
2025-06-21 02:00:00,75.820424718376
2025-06-21 03:00:00,78.1846774401699
2025-06-21 04:00:00,78.1069372084695
2025-06-21 05:00:00,77.4840677708349
2025-06-21 07:00:00,78.765950767335
2025-06-21 08:00:00,77.004806619575
2025-06-21 10:00:00,77.78945198617
2025-06-21 11:00:00,78.8192314142958
2025-06-21 12:00:00,79.2970406330139
2025-06-22 01:00:00,77.1605026861406
2025-06-22 03:00:00,75.0454700230154
2025-06-22 04:00:00,77.4614342509538
2025-06-22 07:00:00,75.3349926542977
2025-06-22 08:00:00,77.3100489020734
2025-06-22 09:00:00,
2025-06-22 14:00:00,
2025-06-22 15:00:00,
2025-06-22 16:00:00,
2025-06-22 17:00:00,77.5853243258477
2025-06-22 18:00:00,78.4054543357982
2025-06-22 19:00:00,77.9205628268398
2025-06-22 20:00:00,75.8229261911651
2025-06-22 21:00:00,75.5181112472115
2025-06-22 22:00:00,79.5487987187939
2025-06-22 23:00:00,77.5108885272144
2025-06-23 00:00:00,78.1439585448591
2025-06-23 01:00:00,75.7333413729798
2025-06-23 02:00:00,77.6594235636937
2025-06-23 03:00:00,79.1574950859052
2025-06-23 04:00:00,79.7822203098421
2025-06-23 05:00:00,75.7034303999347
2025-06-23 06:00:00,79.4765719480667
2025-06-23 07:00:00,79.1111428336439
2025-06-23 08:00:00,78.294547697657
2025-06-23 09:00:00,77.0312996713873
2025-06-23 10:00:00,78.0009820351722
2025-06-23 11:00:00,76.2975525499469
2025-06-23 12:00:00,76.9551859933013
2025-06-23 13:00:00,74.85459759882
2025-06-23 14:00:00,76.3583052109878
2025-06-23 15:00:00,78.0235256785479
2025-06-23 16:00:00,78.5390294916555
2025-06-23 17:00:00,74.8093132389299
2025-06-23 18:00:00,76.9207246241421
2025-06-23 19:00:00,77.277534331562
2025-06-23 20:00:00,77.4164209645585
2025-06-23 21:00:00,77.4771381439925
2025-06-23 22:00:00,76.4123396510762
2025-06-23 23:00:00,73.1657422793676
2025-06-24 00:00:00,75.5509642579126
2025-06-24 01:00:00,75.8263763129599
2025-06-24 02:00:00,75.8395983620408
2025-06-24 03:00:00,78.6800196916396
2025-06-24 04:00:00,76.6032653015237
2025-06-24 05:00:00,79.6407278423495
2025-06-24 06:00:00,75.6263710830599
2025-06-24 08:00:00,79.7208023089491
2025-06-24 09:00:00,76.9227357127059
2025-06-24 10:00:00,77.6678636054692
2025-06-24 11:00:00,76.7887575022352
2025-06-24 12:00:00,74.9409664489755
2025-06-24 14:00:00,77.475490753284
2025-06-24 16:00:00,76.9657809266051
2025-06-24 17:00:00,76.6157684365781
2025-06-24 20:00:00,77.0816775175572
2025-06-24 22:00:00,77.5832379635742
2025-06-24 23:00:00,78.087674683045
2025-06-25 00:00:00,78.3140932323957
2025-06-25 01:00:00,76.9618196949459
2025-06-25 02:00:00,79.9125970536137
2025-06-25 03:00:00,76.1161138137468
2025-06-25 04:00:00,74.4961669692034
2025-06-25 10:00:00,75.7450826445201
2025-06-25 11:00:00,76.3529944089105
2025-06-25 12:00:00,74.963968170934
2025-06-25 13:00:00,75.3172315463373
2025-06-25 14:00:00,75.4394724345735
2025-06-25 15:00:00,76.1595197708487
2025-06-25 16:00:00,76.67956544185
2025-06-25 17:00:00,76.1480845843005
2025-06-25 18:00:00,
2025-06-25 19:00:00,
2025-06-25 20:00:00,78.987900656272
2025-06-25 21:00:00,76.7018519833114
2025-06-25 22:00:00,78.5641762667616
2025-06-25 23:00:00,78.1685480681836
2025-06-26 00:00:00,79.44474088833
2025-06-26 01:00:00,78.5796707883627
2025-06-26 02:00:00,75.8451192155747
2025-06-26 03:00:00,75.9019220571165
2025-06-26 04:00:00,75.7513153769472
2025-06-26 05:00:00,77.3250798180706
2025-06-26 06:00:00,76.9605577193853
2025-06-26 07:00:00,78.2169677291781
2025-06-26 10:00:00,75.7954763230485
2025-06-26 11:00:00,76.2561419717832
2025-06-26 12:00:00,76.8447659763194
2025-06-26 13:00:00,75.902510924126
2025-06-26 14:00:00,78.3551272841038
2025-06-26 15:00:00,78.1939564879963
2025-06-26 16:00:00,73.556885268925
2025-06-26 17:00:00,76.063540966768
2025-06-26 18:00:00,76.6353168978966
2025-06-26 19:00:00,78.3922945732601
2025-06-26 20:00:00,77.928442274562
2025-06-26 21:00:00,78.876816192671
2025-06-26 22:00:00,77.3115343197678
2025-06-26 23:00:00,77.0873527518547
2025-06-27 00:00:00,76.7287994865427
2025-06-27 01:00:00,75.767683776963
2025-06-27 02:00:00,76.566216390284
2025-06-27 03:00:00,76.4182970119529
2025-06-27 04:00:00,76.1566236071351
2025-06-27 09:00:00,75.7827435956659
2025-06-27 10:00:00,73.5719323119081
2025-06-27 15:00:00,77.0117007754504
2025-06-27 16:00:00,77.6872222519693
2025-06-27 17:00:00,75.2567458288214
2025-06-27 18:00:00,77.8277974143999
2025-06-27 19:00:00,76.9244354568339
2025-06-27 20:00:00,77.146915988379
2025-06-27 21:00:00,77.8026848938332
2025-06-27 22:00:00,76.4481460059067
2025-06-27 23:00:00,77.426687538223
2025-06-28 00:00:00,72.7961631663345
2025-06-28 01:00:00,77.3062289144575
2025-06-28 02:00:00,77.0241633896719
2025-06-28 03:00:00,75.5063509302426
2025-06-28 04:00:00,78.6994600745774
2025-06-28 11:00:00,75.0790610201113
2025-06-28 12:00:00,77.4799800079219
2025-06-28 13:00:00,76.3978948765213
2025-06-28 14:00:00,76.2165728752169
2025-06-28 15:00:00,76.9171181002805
2025-06-28 16:00:00,74.9871210071783
2025-06-28 17:00:00,75.86036608781
2025-06-28 18:00:00,77.2837780692003
2025-06-28 19:00:00,75.9228669094149
2025-06-28 21:00:00,76.4064974026801
2025-06-28 22:00:00,78.624488718643
2025-06-28 23:00:00,75.4654685951245
2025-06-29 00:00:00,75.7039495015005
2025-06-29 01:00:00,75.7293776751053
2025-06-29 02:00:00,74.0397746349558
2025-06-29 03:00:00,77.6374963060985
2025-06-29 04:00:00,74.1460717235413
2025-06-29 07:00:00,76.0039234316059
2025-06-29 08:00:00,76.0514465804116
2025-06-29 09:00:00,75.3811207869395
2025-06-29 10:00:00,77.6046335018575
2025-06-29 11:00:00,78.1921795666176
2025-06-29 12:00:00,72.5490658639037
2025-06-29 13:00:00,76.4998487437942
2025-06-29 14:00:00,76.6260209372901
2025-06-29 15:00:00,76.9804614557003
2025-06-29 16:00:00,73.985587204356
2025-06-29 17:00:00,75.1914092619078
2025-06-29 18:00:00,76.6551670411758
2025-06-29 19:00:00,76.1081982210426
2025-06-30 03:00:00,76.2560932973918
2025-06-30 04:00:00,75.720690520036
2025-06-30 05:00:00,74.3400345994425
2025-06-30 07:00:00,73.682880885681
2025-06-30 12:00:00,77.2482834402561
2025-06-30 13:00:00,75.081675802138
2025-06-30 14:00:00,77.162652549806
2025-06-30 15:00:00,75.688034327668
2025-06-30 16:00:00,78.364345076126
2025-06-30 17:00:00,76.2253650796757
2025-06-30 19:00:00,75.789279152897
2025-06-30 20:00:00,76.5404186727537
2025-06-30 21:00:00,76.0431829239185
2025-06-30 22:00:00,73.5225811136505
2025-06-30 23:00:00,74.3401509501617
2025-07-01 00:00:00,76.0302512768387
2025-07-01 01:00:00,77.3087217856522
2025-07-01 02:00:00,77.9059461263772
2025-07-01 03:00:00,82.3734596453826
2025-07-01 04:00:00,75.8666882735732
2025-07-01 05:00:00,73.7991744353108
2025-07-01 06:00:00,77.1795512033517
2025-07-01 07:00:00,73.1235814441059
2025-07-01 09:00:00,76.4065300233485
2025-07-01 10:00:00,76.185168368378
2025-07-01 12:00:00,76.020436244328
2025-07-01 13:00:00,75.3738768274131
2025-07-01 14:00:00,75.6436913543601
2025-07-01 15:00:00,77.1308575647904
2025-07-01 16:00:00,72.8678890132981
2025-07-01 17:00:00,75.8713900292291
2025-07-01 18:00:00,75.3139092170588
2025-07-01 19:00:00,72.5703192374677
2025-07-01 20:00:00,74.7857638816106
2025-07-01 21:00:00,75.416002215497
2025-07-01 22:00:00,79.3448434024637
2025-07-01 23:00:00,76.2439803832756
2025-07-02 00:00:00,78.1351919177643
2025-07-02 15:00:00,77.9692673005841
2025-07-02 17:00:00,79.3093234022111
2025-07-02 18:00:00,74.8135764935465
2025-07-02 19:00:00,75.517465454701
2025-07-02 20:00:00,74.4333543437947
2025-07-02 21:00:00,73.1410366355907
2025-07-02 22:00:00,
2025-07-02 23:00:00,
2025-07-03 00:00:00,
2025-07-03 01:00:00,
2025-07-03 02:00:00,
2025-07-03 03:00:00,73.8734048890456
2025-07-03 04:00:00,72.3127650840631
2025-07-03 06:00:00,73.90985975617
2025-07-03 07:00:00,71.6395694917657
2025-07-03 08:00:00,74.1352212722303
2025-07-03 09:00:00,77.2406550012706
2025-07-03 10:00:00,72.6709237930123
2025-07-03 11:00:00,71.8406553783172
2025-07-03 12:00:00,95.5677772334405
2025-07-03 13:00:00,74.8860022823718
2025-07-03 14:00:00,76.4500580078156
2025-07-03 15:00:00,73.3557811937667
2025-07-03 16:00:00,77.210123545806
2025-07-03 17:00:00,75.6051667213124
2025-07-03 18:00:00,75.0809645130115
2025-07-03 19:00:00,75.6251951477051
2025-07-03 20:00:00,72.8106790901307
2025-07-03 21:00:00,72.9695826678915
2025-07-03 22:00:00,73.1689262208574
2025-07-03 23:00:00,79.7864740226861
2025-07-04 00:00:00,75.0384582881895
2025-07-04 01:00:00,74.5461411003995
2025-07-04 02:00:00,73.8164404880533
2025-07-04 03:00:00,77.190202488365
2025-07-04 04:00:00,74.1123465116471
2025-07-04 05:00:00,77.0958014504466
2025-07-04 06:00:00,73.8071562880311
2025-07-04 09:00:00,74.1152199649864
2025-07-04 10:00:00,76.3310381798351
2025-07-04 11:00:00,76.1244317776236
2025-07-04 12:00:00,77.0972457859631
2025-07-04 13:00:00,72.8998648933089
2025-07-04 14:00:00,77.0510752139454
2025-07-04 15:00:00,76.884286471085
2025-07-04 16:00:00,76.7270464321491
2025-07-04 17:00:00,75.0448057529108
2025-07-04 18:00:00,74.5552261850804
2025-07-04 19:00:00,76.0673504175607
2025-07-04 20:00:00,77.7360059716923
2025-07-04 21:00:00,75.184266534288
2025-07-04 22:00:00,75.0548459566361
2025-07-04 23:00:00,74.3074934296214
2025-07-05 00:00:00,73.1080508385186
2025-07-05 01:00:00,73.806207229132
2025-07-05 02:00:00,77.552757294778
2025-07-05 03:00:00,74.5816503998346
2025-07-05 04:00:00,73.3750213007521
2025-07-05 05:00:00,74.6762224599938
2025-07-05 06:00:00,74.619546400621
2025-07-05 07:00:00,76.8223410396111
2025-07-05 08:00:00,73.1519137433633
2025-07-05 09:00:00,78.3807083482245
2025-07-05 10:00:00,73.9632025626612
2025-07-05 11:00:00,74.4271607844308
2025-07-05 12:00:00,75.0840550398064
2025-07-05 13:00:00,72.8847996177147
2025-07-05 14:00:00,76.5496518470185
2025-07-05 15:00:00,75.0880079801637
2025-07-05 16:00:00,76.495393011321
2025-07-05 17:00:00,74.491339437648
2025-07-05 18:00:00,74.5676678538453
2025-07-05 19:00:00,73.9091739733731
2025-07-05 20:00:00,73.6401966286569
2025-07-05 21:00:00,75.173159447706
2025-07-05 22:00:00,72.4180571255443
2025-07-05 23:00:00,73.0128606265009
2025-07-06 00:00:00,75.0343608872223
2025-07-06 01:00:00,74.3946917801128
2025-07-06 02:00:00,77.3985782814829
2025-07-06 03:00:00,76.5660269599246
2025-07-06 04:00:00,69.4391726529959
2025-07-06 05:00:00,74.9143016464315
2025-07-06 06:00:00,72.3742238769597
2025-07-06 07:00:00,77.2613074125019
2025-07-06 08:00:00,73.6957124907958
2025-07-06 11:00:00,75.346586734505
2025-07-06 12:00:00,71.8198423409533
2025-07-06 13:00:00,75.4015334700408
2025-07-06 14:00:00,76.4824391908001
2025-07-06 15:00:00,72.181912898886
2025-07-06 16:00:00,77.0838779258971
2025-07-06 17:00:00,75.9989013607128
2025-07-06 18:00:00,74.9416336029507
2025-07-06 19:00:00,73.1077355137884
2025-07-06 20:00:00,76.484632746115
2025-07-06 21:00:00,76.2839502707392
2025-07-06 22:00:00,77.6854955410153
2025-07-06 23:00:00,75.1769050044966
2025-07-07 00:00:00,70.7711368548399
2025-07-07 01:00:00,75.4907639682967
2025-07-07 02:00:00,75.0274881968172
2025-07-07 03:00:00,74.1877461878788
2025-07-07 04:00:00,73.8342686145403
2025-07-07 05:00:00,74.1824018821445
2025-07-07 06:00:00,76.1518894317241
2025-07-07 07:00:00,74.89243213241
2025-07-07 08:00:00,72.7249237246413
2025-07-07 09:00:00,72.0085188602021
2025-07-07 10:00:00,78.4607366688518
2025-07-07 11:00:00,76.4569980614387
2025-07-07 12:00:00,69.7787045700366
2025-07-07 13:00:00,73.9795993261951
2025-07-07 14:00:00,76.1261112024758
2025-07-07 15:00:00,73.6685012346425
2025-07-07 16:00:00,72.0847999013699
2025-07-07 17:00:00,72.766081575411
2025-07-07 18:00:00,76.8390955701134
2025-07-07 19:00:00,71.9432189651918
2025-07-07 20:00:00,75.7828796156078
2025-07-07 21:00:00,76.2398944333053
2025-07-07 22:00:00,77.6176809451859
2025-07-07 23:00:00,72.5019276459304
2025-07-08 00:00:00,73.6580287005489
2025-07-08 01:00:00,76.827655368452
2025-07-08 02:00:00,76.0421130600389
2025-07-08 03:00:00,71.8310596954633
2025-07-08 04:00:00,73.1184203791521
2025-07-08 05:00:00,71.5268080605901
2025-07-08 06:00:00,75.6053067753813
2025-07-08 10:00:00,70.8038426636226
2025-07-08 11:00:00,75.5562689709506
2025-07-08 12:00:00,73.9540230739655
2025-07-08 13:00:00,76.9657710982289
2025-07-08 14:00:00,72.8984772470622
2025-07-08 15:00:00,74.0651465023507
2025-07-08 16:00:00,73.5927139281683
2025-07-08 17:00:00,71.0110472798973
2025-07-08 18:00:00,76.1478828870839
2025-07-08 19:00:00,73.0762517190713
2025-07-08 20:00:00,76.5691248543687
2025-07-08 21:00:00,72.9424071771381
2025-07-08 22:00:00,71.3749066628309
2025-07-08 23:00:00,73.0902892245612
2025-07-09 00:00:00,
2025-07-09 01:00:00,
2025-07-09 02:00:00,
2025-07-09 03:00:00,
2025-07-09 05:00:00,
2025-07-09 16:00:00,
2025-07-09 17:00:00,
2025-07-09 18:00:00,
2025-07-09 19:00:00,
2025-07-09 20:00:00,
2025-07-09 21:00:00,
2025-07-09 22:00:00,
2025-07-09 23:00:00,
2025-07-10 00:00:00,92.2520030844339
2025-07-10 01:00:00,92.7168000762773
2025-07-10 02:00:00,92.1952794365696
2025-07-10 03:00:00,91.0708633317574
2025-07-10 04:00:00,94.0980955505422
2025-07-10 05:00:00,93.1181514292803
2025-07-10 06:00:00,92.5691666999845
2025-07-10 07:00:00,93.2906256138006
2025-07-10 08:00:00,91.8815082695567
2025-07-10 09:00:00,92.9029484316533
2025-07-10 10:00:00,91.2898010652733
2025-07-10 11:00:00,92.6758251968941
2025-07-10 12:00:00,92.0307904078785
2025-07-10 13:00:00,92.1985424733991
2025-07-10 14:00:00,92.6868566294009
2025-07-10 15:00:00,92.4839188085303
2025-07-10 16:00:00,93.6707007172684
2025-07-10 17:00:00,93.4229113327236
2025-07-10 18:00:00,92.2082353233645
2025-07-10 19:00:00,92.9704370243303
2025-07-10 20:00:00,91.5715440541075
2025-07-10 21:00:00,92.7269798575521
2025-07-10 22:00:00,92.1263314465639
2025-07-10 23:00:00,93.0081563786996
2025-07-11 00:00:00,91.5767329046729
2025-07-11 01:00:00,91.4483410964044
2025-07-11 02:00:00,92.9707123660316
2025-07-11 03:00:00,93.8674245584404
2025-07-11 04:00:00,92.4431437710947
2025-07-11 05:00:00,92.258819156337
2025-07-11 06:00:00,91.7097374608226
2025-07-11 11:00:00,93.227667651572
2025-07-11 12:00:00,90.3633778931224
2025-07-11 13:00:00,92.9506225933637
2025-07-11 14:00:00,91.2129250194469
2025-07-11 15:00:00,93.4319488372245
2025-07-11 16:00:00,89.9811062974117
2025-07-11 17:00:00,94.1007092960106
2025-07-11 18:00:00,92.21113467091
2025-07-11 19:00:00,90.5507865985995
2025-07-11 20:00:00,70.1958755833553
2025-07-11 21:00:00,90.8193762511884
2025-07-11 22:00:00,93.9409012821539
2025-07-11 23:00:00,90.2819952192477
2025-07-12 00:00:00,93.1733785848421
2025-07-12 01:00:00,91.8411669706669
2025-07-12 02:00:00,93.091874937678
2025-07-12 03:00:00,93.0136050930807
2025-07-12 04:00:00,91.6785519342426
2025-07-12 05:00:00,92.0737204944035
2025-07-12 06:00:00,93.5587333955127
2025-07-12 07:00:00,92.1566646835205
2025-07-12 08:00:00,91.0829315623183
2025-07-12 11:00:00,93.1542182897179
2025-07-12 12:00:00,92.1774481670732
2025-07-12 13:00:00,91.5206833281526
2025-07-12 14:00:00,92.4361270502169
2025-07-12 15:00:00,92.4778789474998
2025-07-12 16:00:00,91.8728751373722
2025-07-12 17:00:00,92.6424318054168
2025-07-12 18:00:00,91.4326170012676
2025-07-12 19:00:00,93.6299195861562
2025-07-12 20:00:00,91.8555864320695
2025-07-12 21:00:00,92.1665212056438
2025-07-12 22:00:00,91.4269108920728
2025-07-12 23:00:00,91.7186033025211
2025-07-13 00:00:00,93.858644058137
2025-07-13 01:00:00,93.0784080242087
2025-07-13 02:00:00,89.7918692075655
2025-07-13 03:00:00,95.724705258092
2025-07-13 04:00:00,91.664166513739
2025-07-13 05:00:00,90.517170565725
2025-07-13 06:00:00,89.4208345521546
2025-07-13 13:00:00,94.1610310187732
2025-07-13 14:00:00,94.1811830103041
2025-07-13 15:00:00,92.3697957356582
2025-07-13 16:00:00,90.3318042255505
2025-07-13 17:00:00,94.4344759864748
2025-07-13 18:00:00,88.9617482972486
2025-07-13 19:00:00,90.8079344616087
2025-07-13 20:00:00,95.8010155869717
2025-07-13 21:00:00,94.2945870809865
2025-07-13 22:00:00,92.3273339605232
2025-07-13 23:00:00,88.7806822110079
2025-07-14 00:00:00,89.2705630912796
2025-07-14 01:00:00,91.9759759159158
2025-07-14 02:00:00,95.5051064571562
2025-07-14 03:00:00,90.6160351652392
2025-07-14 04:00:00,89.6477505010454
2025-07-14 05:00:00,89.2276285873178
2025-07-14 06:00:00,92.46212496559
2025-07-14 18:00:00,91.1951759397037
2025-07-14 19:00:00,89.6159736400987
2025-07-14 20:00:00,93.1201424142653
2025-07-14 21:00:00,93.0349396688741
2025-07-14 22:00:00,91.8556072147153
2025-07-14 23:00:00,94.6581701092769
2025-07-15 00:00:00,94.5621351829211
2025-07-15 01:00:00,90.2523269800915
2025-07-15 02:00:00,88.4420538109999
2025-07-15 03:00:00,93.4188124178626
2025-07-15 04:00:00,90.8159751611905
2025-07-15 10:00:00,92.4092406497198
2025-07-15 11:00:00,
2025-07-15 12:00:00,
2025-07-15 13:00:00,
2025-07-15 14:00:00,
2025-07-15 15:00:00,
2025-07-15 16:00:00,89.2692744491872
2025-07-15 17:00:00,
2025-07-15 18:00:00,
2025-07-15 19:00:00,
2025-07-15 20:00:00,90.0112373605321
2025-07-15 21:00:00,97.1103595171188
2025-07-15 22:00:00,92.4488681177338
2025-07-15 23:00:00,90.2510317078292
2025-07-16 00:00:00,91.2646470478897
2025-07-16 01:00:00,89.8533112820219
2025-07-16 02:00:00,91.4574631900493
2025-07-16 03:00:00,90.3512444101262
2025-07-16 04:00:00,93.0920431181041
2025-07-16 05:00:00,91.1908368864123
2025-07-16 06:00:00,90.4589184911687
2025-07-16 08:00:00,90.2941995821353
2025-07-16 09:00:00,119.126279856617
2025-07-16 12:00:00,94.8126780249711
2025-07-16 13:00:00,91.2139570620975
2025-07-16 14:00:00,91.6958186517935
2025-07-16 15:00:00,91.8560269432373
2025-07-16 16:00:00,89.9032848532147
2025-07-16 17:00:00,89.3579958078211
2025-07-16 18:00:00,90.4848321656681
2025-07-16 19:00:00,90.7782749690558
2025-07-16 20:00:00,91.7991124429146
2025-07-16 21:00:00,91.7645702366916
2025-07-16 22:00:00,90.3240262206061
2025-07-16 23:00:00,93.5989068962734
2025-07-17 00:00:00,88.7477806759455
2025-07-17 01:00:00,89.9266466139122
2025-07-17 02:00:00,91.926988147749
2025-07-17 03:00:00,91.1129914764601
2025-07-17 04:00:00,92.368202926093
2025-07-17 05:00:00,91.4463703063734
2025-07-17 07:00:00,90.3985016083797
2025-07-17 09:00:00,90.9342089865017
2025-07-17 10:00:00,89.0579069403659
2025-07-17 11:00:00,94.2860619592281
2025-07-17 12:00:00,92.8397040102022
2025-07-17 13:00:00,93.6897842047126
2025-07-17 14:00:00,89.9769715142325
2025-07-17 15:00:00,89.5298001035318
2025-07-17 16:00:00,90.5364585867395
2025-07-17 17:00:00,91.3462133651234
2025-07-17 18:00:00,87.722443973112
2025-07-17 19:00:00,91.4503181734269
2025-07-17 20:00:00,89.3534367424477
2025-07-17 21:00:00,89.7321036804805
2025-07-17 22:00:00,92.3338786673656
2025-07-17 23:00:00,91.8043340976266
2025-07-18 00:00:00,89.2133310167714
2025-07-18 01:00:00,93.0969506913529
2025-07-18 02:00:00,92.3137332113488
2025-07-18 03:00:00,90.8602759048121
2025-07-18 04:00:00,93.2100430322313
2025-07-18 05:00:00,94.7310843982354
2025-07-18 06:00:00,93.2199184781478
2025-07-18 07:00:00,93.0406428692227
2025-07-18 09:00:00,90.5182523299671
2025-07-18 10:00:00,92.9087254271519
2025-07-18 11:00:00,95.154687706755
2025-07-18 12:00:00,90.3394638113465
2025-07-18 13:00:00,87.8340230518075
2025-07-18 14:00:00,95.9555561210371
2025-07-18 15:00:00,90.2668866046817
2025-07-18 16:00:00,93.4919888863555
2025-07-18 17:00:00,91.7361357476383
2025-07-18 18:00:00,93.1340631123086
2025-07-18 19:00:00,93.143941034252
2025-07-18 20:00:00,89.8480244605179
2025-07-18 21:00:00,92.4004967391006
2025-07-18 22:00:00,88.8209877011923
2025-07-18 23:00:00,89.6986840129062
2025-07-19 00:00:00,94.864880594455
2025-07-19 01:00:00,85.1678918838172
2025-07-19 02:00:00,91.9451984439523
2025-07-19 03:00:00,89.6914864740126
2025-07-19 04:00:00,92.3932850897529
2025-07-19 05:00:00,92.3521445429273
2025-07-19 06:00:00,91.4897724172659
2025-07-19 07:00:00,90.4461626480696
2025-07-19 08:00:00,92.487902985012
2025-07-19 09:00:00,91.9746758721899
2025-07-19 11:00:00,89.6114594963495
2025-07-19 12:00:00,88.8012710400771
2025-07-19 13:00:00,94.883894581022
2025-07-19 15:00:00,93.8448643734655
2025-07-20 05:00:00,90.2750320827093
2025-07-20 06:00:00,92.1654955637936
2025-07-20 07:00:00,91.6720818047305
2025-07-20 08:00:00,92.7381841005019
2025-07-20 09:00:00,91.2212464422874
2025-07-20 10:00:00,93.2174160866496
2025-07-20 11:00:00,92.8490061961766
2025-07-20 12:00:00,92.1165273355381
2025-07-20 13:00:00,88.6689939333181
2025-07-20 14:00:00,95.3280728025759
2025-07-20 15:00:00,92.6868270647392
2025-07-20 16:00:00,93.214716225447
2025-07-20 17:00:00,93.404052160324
2025-07-20 18:00:00,91.8712567668794
2025-07-20 19:00:00,92.3046927939898
2025-07-20 20:00:00,92.1572294976781
2025-07-20 21:00:00,90.1078300755862
2025-07-20 22:00:00,90.8654612815071
2025-07-20 23:00:00,70.999484409896
2025-07-21 00:00:00,90.9655891539693
2025-07-21 01:00:00,91.7647381972902
2025-07-21 02:00:00,87.5649765440254
2025-07-21 03:00:00,89.5932629173328
2025-07-21 04:00:00,90.8007836430137
2025-07-21 05:00:00,89.5612902859063
2025-07-21 06:00:00,90.7464879432851
2025-07-21 07:00:00,97.6559670511196
2025-07-21 08:00:00,87.317051305937
2025-07-21 09:00:00,91.7988479366739
2025-07-21 11:00:00,75.6333750004156
2025-07-21 12:00:00,89.4515261169189
2025-07-21 13:00:00,88.626127974448
2025-07-21 14:00:00,90.5402096618075
2025-07-21 15:00:00,94.3064256556492
2025-07-21 16:00:00,92.8795035432905
2025-07-21 17:00:00,92.3149195633893
2025-07-21 18:00:00,91.9687489135966
2025-07-21 19:00:00,92.7897751137823
2025-07-21 20:00:00,91.1923420151625
2025-07-21 21:00:00,90.6213446270573
2025-07-21 22:00:00,90.9704144997114
2025-07-21 23:00:00,89.065932697884
2025-07-22 00:00:00,92.8528796021236
2025-07-22 01:00:00,90.3045274792778
2025-07-22 02:00:00,93.0327854497693
2025-07-22 03:00:00,92.9535573791305
2025-07-22 04:00:00,88.5989886788165
2025-07-22 05:00:00,86.3648425448574
2025-07-22 06:00:00,91.2236080473142
2025-07-22 08:00:00,90.4359504273711
2025-07-22 09:00:00,91.5230770933672
2025-07-22 10:00:00,89.9414629172778
2025-07-22 11:00:00,92.1522295552379
2025-07-22 12:00:00,
2025-07-22 13:00:00,
2025-07-22 14:00:00,
2025-07-22 15:00:00,92.7131447398006
2025-07-22 16:00:00,93.7751412002932
2025-07-22 17:00:00,91.0421252351616
2025-07-22 18:00:00,88.0139693566108
2025-07-22 19:00:00,90.7222949447473
2025-07-22 20:00:00,65.7268693030519
2025-07-22 21:00:00,88.8126798290473
2025-07-22 22:00:00,90.4876396345192
2025-07-22 23:00:00,92.291410423517
2025-07-23 00:00:00,94.4088417506979
2025-07-23 01:00:00,93.3646397636655
2025-07-23 02:00:00,90.7035668955076
2025-07-23 03:00:00,64.4301448671497
2025-07-23 04:00:00,90.9170658138966
2025-07-23 05:00:00,92.4239173612402
2025-07-23 06:00:00,91.5614925452368
2025-07-23 07:00:00,92.8782084026386
2025-07-23 08:00:00,90.3094108318037
2025-07-23 09:00:00,94.2544245694933
2025-07-23 10:00:00,90.7808972130938
2025-07-23 11:00:00,88.4021870342408
2025-07-23 12:00:00,90.9358736998791
2025-07-23 13:00:00,93.7897297756359
2025-07-24 13:00:00,89.1062169502804
2025-07-24 14:00:00,91.762481956448
2025-07-24 15:00:00,88.748783140315
2025-07-24 16:00:00,91.4291231244655
2025-07-24 17:00:00,89.7679087159384
2025-07-24 18:00:00,91.9127823815174
2025-07-24 19:00:00,89.5142255619496
2025-07-24 20:00:00,90.5176753123528
2025-07-24 21:00:00,90.2146968204929
2025-07-24 22:00:00,90.8706155994446
2025-07-24 23:00:00,89.2369877310809
2025-07-25 00:00:00,92.6011213133767
2025-07-25 01:00:00,93.0685404373599
2025-07-25 02:00:00,90.4105125641258
2025-07-25 03:00:00,86.860580696547
2025-07-25 04:00:00,89.5508686977439
2025-07-25 05:00:00,92.1688704168059
2025-07-25 06:00:00,90.9849924945591
2025-07-25 07:00:00,92.4931348042866
2025-07-25 08:00:00,90.4852787990066
2025-07-25 09:00:00,89.1236283158765
2025-07-25 10:00:00,90.6564977437238
2025-07-25 11:00:00,93.9812450029828
2025-07-25 12:00:00,93.4155235982374
2025-07-25 13:00:00,89.2124105546026
2025-07-25 14:00:00,92.0068667854297
2025-07-25 15:00:00,90.7124663719271
2025-07-25 16:00:00,90.9522241733411
2025-07-25 17:00:00,93.4075062550901
2025-07-25 18:00:00,92.4100282582631
2025-07-25 19:00:00,89.4344719763543
2025-07-25 20:00:00,88.9237406681085
2025-07-25 21:00:00,88.5718323309052
2025-07-25 22:00:00,88.5762789284941
2025-07-25 23:00:00,89.7455831049968
2025-07-26 00:00:00,88.4006721232031
2025-07-26 01:00:00,88.0695225343966
2025-07-26 02:00:00,89.7019611041318
2025-07-26 03:00:00,90.6983019240928
2025-07-26 04:00:00,86.3293363936344
2025-07-26 05:00:00,90.6211222985559
2025-07-26 06:00:00,88.1732594145951
2025-07-26 07:00:00,89.6544045948778
2025-07-26 08:00:00,88.9948757057522
2025-07-26 09:00:00,89.2396077096942
2025-07-26 10:00:00,94.7051102638328
2025-07-26 11:00:00,90.2469309993595
2025-07-26 13:00:00,87.5957855170628
2025-07-26 14:00:00,89.9916151029495
2025-07-26 15:00:00,93.2193758677043
2025-07-26 16:00:00,90.0001841097444
2025-07-26 17:00:00,92.2422984356656
2025-07-26 18:00:00,89.6029642537245
2025-07-26 19:00:00,89.3310302780548
2025-07-26 20:00:00,93.8825021376438
2025-07-26 21:00:00,90.647299657548
2025-07-26 22:00:00,91.786686645136
2025-07-26 23:00:00,92.0863399317194
2025-07-27 00:00:00,91.9582226489639
2025-07-27 01:00:00,91.653597952585
2025-07-27 02:00:00,90.7065655078898
2025-07-27 03:00:00,92.9904648375669
2025-07-27 04:00:00,89.4947156572046
2025-07-27 05:00:00,88.2656709011942
2025-07-27 06:00:00,89.6079191820371
2025-07-27 08:00:00,93.1322443797896
2025-07-27 10:00:00,87.9330343091918
2025-07-27 11:00:00,87.5463077605079
2025-07-27 12:00:00,92.6007436077698
2025-07-27 13:00:00,86.9291155683957
2025-07-27 14:00:00,91.0651999648988
2025-07-27 15:00:00,94.0182266289767
2025-07-27 16:00:00,87.5156791809952
2025-07-27 17:00:00,91.8777005642986
2025-07-27 18:00:00,90.589834216761
2025-07-27 19:00:00,90.4006827272167
2025-07-27 20:00:00,88.4770147404455
2025-07-27 21:00:00,92.2377499817615
2025-07-27 22:00:00,89.6173909967459
2025-07-27 23:00:00,87.8188426614828
2025-07-28 00:00:00,86.6350200212608
2025-07-28 01:00:00,89.5495588021431
2025-07-28 02:00:00,89.8132550538805
2025-07-28 03:00:00,
2025-07-28 04:00:00,
2025-07-28 05:00:00,91.818874057882
2025-07-28 06:00:00,90.603372774443
2025-07-28 19:00:00,91.9949409315981
2025-07-28 20:00:00,91.1347265042466
2025-07-28 21:00:00,91.4052830107424
2025-07-28 22:00:00,92.1633097767265
2025-07-28 23:00:00,90.7668413744938
2025-07-29 00:00:00,88.6441862288601
2025-07-29 01:00:00,91.2903473409594
2025-07-29 02:00:00,89.6509193064969
2025-07-29 03:00:00,89.9611381421049
2025-07-29 04:00:00,90.4654287695794
2025-07-29 05:00:00,89.1512740410647
2025-07-29 06:00:00,90.4839557460003
2025-07-29 07:00:00,93.2840391688094
2025-07-29 08:00:00,88.3318510541569
2025-07-29 09:00:00,91.410856498004
2025-07-29 10:00:00,93.2423440042005
2025-07-29 11:00:00,89.5661967413325
2025-07-29 12:00:00,92.0623796243948
2025-07-29 13:00:00,89.81086525705
2025-07-29 14:00:00,88.2047459581309
2025-07-29 15:00:00,85.2938874415581
2025-07-29 16:00:00,93.6541480645976
2025-07-29 17:00:00,91.218316838361
2025-07-29 18:00:00,94.1783243719037
2025-07-29 19:00:00,94.6890413158081
2025-07-29 20:00:00,94.5502800032744
2025-07-29 21:00:00,90.2343579033063
2025-07-29 22:00:00,
2025-07-29 23:00:00,
2025-07-30 00:00:00,
2025-07-30 01:00:00,
2025-07-30 02:00:00,94.974368194648
2025-07-30 03:00:00,91.7994255120383
2025-07-30 04:00:00,92.8678813279268
2025-07-30 05:00:00,92.9875054739142
2025-07-30 06:00:00,90.4665455656872
2025-07-30 07:00:00,90.4550356900199
2025-07-30 08:00:00,87.2814065862586
2025-07-30 09:00:00,91.1977126211438
2025-07-30 11:00:00,87.3862958337883
2025-07-30 12:00:00,88.4314306536686
2025-07-30 13:00:00,85.4660766323994
2025-07-30 14:00:00,93.6763160930917
2025-07-30 15:00:00,90.651321174163
2025-07-30 16:00:00,90.8599408166637
2025-07-30 17:00:00,91.6970048639064
2025-07-30 18:00:00,92.9770535925243
2025-07-30 19:00:00,88.1511375427259
2025-07-30 20:00:00,91.3154082390611
2025-07-30 21:00:00,90.4190157782314
2025-07-30 22:00:00,92.3073868316342
2025-07-30 23:00:00,90.5029654898736
2025-07-31 00:00:00,87.5464577707611
2025-07-31 01:00:00,90.2019117611769
2025-07-31 02:00:00,90.2823868523039
2025-07-31 03:00:00,89.5061560341689
2025-07-31 04:00:00,86.8406758906319
2025-07-31 06:00:00,90.0635944252647
2025-07-31 07:00:00,87.40338346205
2025-07-31 08:00:00,87.1285198193939
2025-07-31 09:00:00,92.1394179054514
2025-07-31 11:00:00,91.8229860889514
2025-07-31 12:00:00,91.2636380789043
2025-07-31 13:00:00,89.5489509567123
2025-07-31 14:00:00,89.1091900390167
2025-07-31 15:00:00,90.3601897083306
2025-07-31 16:00:00,89.2522266036965
2025-07-31 17:00:00,89.9296603416884
2025-07-31 18:00:00,87.3776584547529
2025-07-31 19:00:00,89.0654008050419
2025-07-31 20:00:00,90.3418394479937
2025-07-31 21:00:00,85.8713390605482
2025-07-31 22:00:00,87.2481790422152
2025-07-31 23:00:00,90.9893024679307
2025-08-01 00:00:00,87.9865109633945
2025-08-01 01:00:00,92.8853768226952
2025-08-01 02:00:00,93.1485000177323
2025-08-01 03:00:00,90.7985423680477
2025-08-01 04:00:00,88.9613324276259
2025-08-01 05:00:00,91.6571343290937
2025-08-01 11:00:00,89.1581179524876
2025-08-01 12:00:00,91.2635286511647
2025-08-01 13:00:00,90.5390173752291
2025-08-01 14:00:00,91.5910505059922
2025-08-01 15:00:00,92.9784052563922
2025-08-01 16:00:00,91.833301960865
2025-08-01 17:00:00,88.0441193576572
2025-08-01 18:00:00,88.577351871318
2025-08-01 19:00:00,86.0187704935105
2025-08-01 20:00:00,91.1252598103015
2025-08-01 21:00:00,89.3790026205712
2025-08-01 23:00:00,87.5465773002491
2025-08-02 00:00:00,85.2080811943518
2025-08-02 01:00:00,86.0360380138021
2025-08-02 02:00:00,87.2408526105948
2025-08-02 03:00:00,88.347279725677
2025-08-02 04:00:00,91.1319974910334
2025-08-02 05:00:00,92.6050249868985
2025-08-02 06:00:00,89.8297546967283
2025-08-02 07:00:00,85.7544257739838
2025-08-02 09:00:00,92.3198443383878
2025-08-02 11:00:00,89.6335446360428
2025-08-02 12:00:00,87.1149330103883
2025-08-02 13:00:00,94.2549989426964
2025-08-02 14:00:00,95.3246337728471
2025-08-02 15:00:00,92.3229180504799
2025-08-02 16:00:00,96.4039722925343
2025-08-02 17:00:00,96.8955774269802
2025-08-02 18:00:00,86.4023159357856
2025-08-02 19:00:00,85.9687036216226
2025-08-02 20:00:00,93.2876811913334
2025-08-02 21:00:00,87.1925068982008
2025-08-02 22:00:00,90.1931476100943
2025-08-02 23:00:00,89.4160360137821
2025-08-03 00:00:00,89.983778627864
2025-08-03 01:00:00,88.477664099813
2025-08-03 02:00:00,90.360838300862
2025-08-03 03:00:00,89.9660058893557
2025-08-03 04:00:00,90.9434224206097
2025-08-03 05:00:00,93.9236737307352
2025-08-03 06:00:00,90.1156584581033
2025-08-03 07:00:00,87.3483512670625
2025-08-03 08:00:00,88.0827129258818
2025-08-03 09:00:00,87.4533106376286
2025-08-03 10:00:00,88.0918854810944
2025-08-03 11:00:00,89.5037453342121
2025-08-03 13:00:00,86.2904237295689
2025-08-03 14:00:00,92.4727995379338
2025-08-03 15:00:00,93.7824564574773
2025-08-03 16:00:00,88.5631860835673
2025-08-03 17:00:00,95.6814009806303
2025-08-04 06:00:00,90.0150153356694
2025-08-05 05:00:00,94.112010518801
2025-08-05 07:00:00,89.497309368361
2025-08-05 08:00:00,89.4133819356949
2025-08-05 09:00:00,86.5336234433595
2025-08-05 10:00:00,89.6050002028722
2025-08-05 11:00:00,90.5901633906506
2025-08-05 14:00:00,91.3493969545024
2025-08-05 15:00:00,90.0204767651554
2025-08-05 16:00:00,95.0719771196465
2025-08-05 17:00:00,88.9534327576439
2025-08-05 18:00:00,89.8401939516165
2025-08-05 19:00:00,88.0247185767592
2025-08-05 20:00:00,87.7863647770167
2025-08-05 21:00:00,92.1866218939405
2025-08-05 22:00:00,88.6080751334287
2025-08-05 23:00:00,98.5013709479523
2025-08-06 00:00:00,91.3492204841017
2025-08-06 01:00:00,88.7321715820696
2025-08-06 02:00:00,89.5058732416366
2025-08-06 03:00:00,94.3436533567217
2025-08-06 04:00:00,85.6006888034877
2025-08-06 05:00:00,85.6011556443067
2025-08-06 06:00:00,91.1415830697294
2025-08-06 08:00:00,87.8708443293374
2025-08-06 09:00:00,87.926954327704
2025-08-06 10:00:00,88.3697133681904
2025-08-06 11:00:00,91.4792824487402
2025-08-06 12:00:00,89.8649373108104
2025-08-06 13:00:00,92.2765584991756
2025-08-06 14:00:00,94.1900321204178
2025-08-06 15:00:00,88.6982763866434
2025-08-06 16:00:00,90.4244917563989
2025-08-06 17:00:00,89.1422867271457
2025-08-06 18:00:00,94.2954635132097
2025-08-06 19:00:00,89.4039706185709
2025-08-06 20:00:00,84.1389979706405
2025-08-06 21:00:00,95.0532560940138
2025-08-06 22:00:00,92.9123898885317
2025-08-06 23:00:00,92.6905979343186
2025-08-07 00:00:00,85.6173725676318
2025-08-07 01:00:00,92.9446563578623
2025-08-07 02:00:00,86.1952799496354
2025-08-07 03:00:00,90.1859662127729
2025-08-07 04:00:00,95.4178383058682
2025-08-07 05:00:00,89.3006307041752
2025-08-07 07:00:00,69.6853832412846
2025-08-07 08:00:00,93.5384163080628
2025-08-07 12:00:00,88.5408518843578
2025-08-07 13:00:00,84.5757165953488
2025-08-07 14:00:00,94.0554857183068
2025-08-07 15:00:00,89.7450264456723
2025-08-07 16:00:00,92.4072867555747
2025-08-07 17:00:00,93.1549624082521
2025-08-07 18:00:00,85.8553524069728
2025-08-07 19:00:00,91.0753627995152
2025-08-07 20:00:00,89.4204682123344
2025-08-08 13:00:00,84.7823006016125
2025-08-08 14:00:00,88.7665100286445
2025-08-08 16:00:00,86.4976840348893
2025-08-08 17:00:00,89.7962474140213
2025-08-08 18:00:00,89.4173349277017
2025-08-08 19:00:00,96.4601670372559
2025-08-08 20:00:00,91.1714376388302
2025-08-08 21:00:00,92.5008267230371
2025-08-08 22:00:00,92.7956934762051
2025-08-08 23:00:00,90.6482324748821
2025-08-09 00:00:00,88.3884491813484
2025-08-09 01:00:00,91.9719968946262
2025-08-09 02:00:00,95.7789568920959
2025-08-09 03:00:00,95.0822136651205
2025-08-09 04:00:00,91.3381399138141
2025-08-09 05:00:00,75.7595763703112
2025-08-09 06:00:00,85.2561789869912
2025-08-09 07:00:00,92.415686461954
2025-08-09 08:00:00,92.6840123128767
2025-08-09 09:00:00,89.3844106180829
2025-08-09 10:00:00,93.5045208936784
2025-08-09 11:00:00,103.220140675052
2025-08-14 14:00:00,93.6877748041856
2025-08-14 16:00:00,87.8593197832509
2025-08-14 17:00:00,90.1690534756926
2025-08-14 18:00:00,82.8411072686876
2025-08-14 19:00:00,91.9908312633236
2025-08-14 20:00:00,90.4544932470472
2025-08-14 21:00:00,89.8673706294081
2025-08-14 22:00:00,87.9844359898357
2025-08-14 23:00:00,66.7044542056297
2025-08-15 00:00:00,89.4869325833255
2025-08-16 13:00:00,92.4596362960136
2025-08-16 14:00:00,89.285091400112
2025-08-16 15:00:00,92.8308510897414
2025-08-16 16:00:00,84.9080937793911
2025-08-16 17:00:00,91.2552426925268
2025-08-16 18:00:00,94.8569000964636
2025-08-16 19:00:00,86.0900215771661
2025-08-17 02:00:00,81.9617910210738
2025-08-18 00:00:00,87.8648928557203
2025-08-18 01:00:00,90.9968167050976
2025-08-18 03:00:00,94.1537301503553
2025-08-18 04:00:00,91.6047758790453
2025-08-18 16:00:00,91.3154033444937
2025-08-18 23:00:00,82.8790325457938
2025-08-19 00:00:00,90.5705850379411
2025-08-19 01:00:00,86.8643093556026
2025-08-19 02:00:00,90.840312397537
2025-08-19 15:00:00,91.3855409352874
2025-08-19 16:00:00,94.4213035419245
2025-08-19 17:00:00,91.7867072088932
2025-08-19 18:00:00,91.3144591261872
2025-08-19 19:00:00,91.7014685400695
2025-08-19 20:00:00,87.9712611909134
2025-08-19 21:00:00,91.6218807803772
2025-08-19 22:00:00,85.6285706067125
2025-08-19 23:00:00,96.3602666109522
2025-08-20 00:00:00,87.1220481023933
2025-08-20 01:00:00,115.780497037335
2025-08-20 02:00:00,91.7995699301012
2025-08-20 03:00:00,85.0997406200023
2025-08-20 04:00:00,91.3806734150902
2025-08-20 05:00:00,90.9282838782915
2025-08-20 06:00:00,89.2078210655056
2025-08-20 07:00:00,96.1413024149247
2025-08-20 10:00:00,91.2046509219879
2025-08-20 11:00:00,90.9505086423128
2025-08-20 12:00:00,84.3493823911372
2025-08-20 13:00:00,88.0633115212377
2025-08-20 14:00:00,89.7834925945312
2025-08-20 15:00:00,92.4751162819622
2025-08-20 16:00:00,90.552033401645
2025-08-20 17:00:00,90.4023408248794
2025-08-20 18:00:00,89.4026296330429
2025-08-20 19:00:00,88.6633519341936
2025-08-20 21:00:00,87.0160331089339
2025-08-20 22:00:00,88.803615371781
2025-08-21 00:00:00,85.0551562235284
2025-08-21 01:00:00,90.2478548554713
2025-08-21 02:00:00,84.5805168586318
2025-08-21 03:00:00,88.0826518913542
2025-08-21 07:00:00,87.3397190085696
2025-08-21 08:00:00,90.7911115443435
2025-08-21 09:00:00,90.1775047810322
2025-08-21 10:00:00,90.1844228894513
2025-08-21 11:00:00,90.7313274997847
2025-08-21 12:00:00,88.2586046394885
2025-08-21 13:00:00,91.8053237817655
2025-08-21 14:00:00,91.5399181674251
2025-08-21 16:00:00,81.1200301094652
2025-08-21 17:00:00,88.5027644479328
2025-08-21 18:00:00,88.4809618498115
2025-08-21 19:00:00,93.9851094673812
2025-08-21 20:00:00,90.1017605831431
2025-08-21 21:00:00,89.6565312644107
2025-08-21 22:00:00,83.3616617265643
2025-08-21 23:00:00,92.8813302934736
2025-08-22 00:00:00,94.3140159446557
2025-08-22 01:00:00,85.8938451966888
2025-08-22 02:00:00,89.1980966331483
2025-08-22 03:00:00,84.8740537681982
2025-08-22 04:00:00,85.3701140510141
2025-08-22 05:00:00,91.6548394669052
2025-08-22 07:00:00,88.0411753032475
2025-08-22 08:00:00,87.0873794995609
2025-08-22 14:00:00,91.0534002046675
2025-08-22 17:00:00,88.4336763343897
2025-08-22 21:00:00,90.0413024271823
2025-08-22 22:00:00,83.9914863830254
2025-08-22 23:00:00,89.0167789034204
2025-08-23 00:00:00,85.2883011849875
2025-08-23 01:00:00,93.5266239960956
2025-08-23 02:00:00,91.4304033709837
2025-08-23 04:00:00,92.455571474026
2025-08-23 05:00:00,85.0226193277148
2025-08-25 00:00:00,85.3473425188616
2025-08-25 01:00:00,92.5342000555171
2025-08-25 02:00:00,85.7225735849391
2025-08-25 03:00:00,89.4216706455428
2025-08-25 04:00:00,84.7456095119662
2025-08-26 01:00:00,91.2399818229071
2025-08-26 02:00:00,89.0823964461148
2025-08-26 03:00:00,86.5101944511837
2025-08-26 15:00:00,85.9102171638955
2025-08-26 16:00:00,86.5151546522295
2025-08-26 17:00:00,73.7251451078396
2025-08-26 18:00:00,91.0667308167661
2025-08-26 19:00:00,90.952599522587
2025-08-26 20:00:00,87.1525625733623
2025-08-26 21:00:00,87.1002811972061
2025-08-26 22:00:00,93.2443923636352
2025-08-26 23:00:00,94.2398278027008
2025-08-27 00:00:00,83.6648451124305
2025-08-27 01:00:00,89.927847056498
2025-08-27 02:00:00,88.2367023933745
2025-08-27 03:00:00,87.0036581467646
2025-08-27 04:00:00,83.8191795496283
2025-08-27 06:00:00,90.2397169162544
2025-08-27 07:00:00,90.0065056672917
2025-08-27 08:00:00,86.7745237379599
2025-08-27 09:00:00,95.5974217648696
2025-08-27 10:00:00,89.768122187657
2025-08-27 12:00:00,90.9288679926162
2025-08-27 13:00:00,90.7959430706413
2025-08-27 16:00:00,89.5468902070136
2025-08-27 17:00:00,92.6400152573125
2025-08-27 18:00:00,88.1484029804829
2025-08-27 19:00:00,95.0372242097779
2025-08-27 20:00:00,86.4584427234317
2025-08-27 21:00:00,86.9698313205719
2025-08-27 22:00:00,86.762937844952
2025-08-27 23:00:00,94.6203468214461
2025-08-28 00:00:00,86.9438554752484
2025-08-28 01:00:00,92.2224485566079
2025-08-28 02:00:00,90.0074298428667
2025-08-28 03:00:00,90.2038604096209
2025-08-28 04:00:00,82.3118741406065
2025-08-28 05:00:00,92.0467235331666
2025-08-28 06:00:00,84.8387154387771
2025-08-28 07:00:00,89.4491591268439
2025-08-28 08:00:00,87.9339343189139
2025-08-28 09:00:00,78.6625709397716
2025-08-28 10:00:00,91.8232237531154
2025-08-28 11:00:00,89.050645807367
2025-08-28 12:00:00,86.7413376402312
2025-08-28 13:00:00,89.5384760942725
2025-08-28 14:00:00,87.8901869725228
2025-08-28 15:00:00,86.1237730632197
2025-08-28 16:00:00,88.0604258027738
2025-08-28 17:00:00,90.1726149617742
2025-08-28 18:00:00,88.924484053043
2025-08-28 19:00:00,97.4938965796709
2025-08-28 20:00:00,86.9911186867654
2025-08-28 21:00:00,92.3462055211587
2025-08-28 22:00:00,90.109307960874
2025-08-28 23:00:00,87.8911598509827
2025-08-29 00:00:00,94.0670108245559
2025-08-29 01:00:00,88.6983466509286
2025-08-29 02:00:00,91.4422225239493
2025-08-29 03:00:00,90.6039041336935
2025-08-29 04:00:00,92.3089190613266
2025-08-29 05:00:00,97.7330507751937
2025-08-29 06:00:00,90.1702400024514
2025-08-29 07:00:00,89.2383123564154
2025-08-29 08:00:00,88.9886599704724
2025-08-29 09:00:00,92.8398253795382
2025-08-29 11:00:00,85.2019220370904
2025-08-29 12:00:00,82.8972577805091
2025-08-29 13:00:00,94.3027872184306
2025-08-29 14:00:00,93.9287695642607
2025-08-29 15:00:00,87.4786359939406
2025-08-29 16:00:00,95.4198492294545
2025-08-30 07:00:00,83.6958932433784
2025-08-30 11:00:00,87.6469811046349
2025-08-30 12:00:00,88.405010928717
2025-08-30 14:00:00,85.659067382188
2025-08-30 15:00:00,89.6234370016658
2025-08-30 16:00:00,90.6829148355606
2025-08-30 17:00:00,88.3499979119211
2025-08-30 18:00:00,89.5408995540725
2025-08-30 19:00:00,
2025-08-30 20:00:00,
2025-08-30 21:00:00,85.0533508753423
2025-08-30 22:00:00,86.6962750862015
2025-08-30 23:00:00,89.9951970541547
2025-08-31 00:00:00,92.9155650346804
2025-08-31 01:00:00,81.5151986687484
2025-08-31 02:00:00,87.982692688186
2025-08-31 03:00:00,89.0160486804264
2025-08-31 04:00:00,91.4339422934756
2025-08-31 10:00:00,81.7442766726793
2025-08-31 11:00:00,92.5774724948925
2025-08-31 12:00:00,93.181601166294
2025-08-31 13:00:00,85.5405666662267
2025-08-31 14:00:00,90.017155682979
2025-08-31 15:00:00,90.1755022472236
2025-08-31 16:00:00,84.4509524017316
2025-08-31 17:00:00,93.3216253605724
2025-08-31 18:00:00,86.93604097529
2025-08-31 19:00:00,92.4006583839811
2025-09-01 07:00:00,87.3809507962389
2025-09-01 09:00:00,88.7896324663736
2025-09-01 10:00:00,88.1469648307988
2025-09-01 11:00:00,88.8669021908455
2025-09-01 12:00:00,86.593945042304
2025-09-01 13:00:00,90.3887073568112
2025-09-01 14:00:00,88.9118988096911
2025-09-01 15:00:00,88.2475798534956
2025-09-01 16:00:00,86.9392565625873
2025-09-01 17:00:00,87.1730702703197
2025-09-01 18:00:00,89.3600202884487
2025-09-01 19:00:00,86.6672101453703
2025-09-01 20:00:00,86.167681392489
2025-09-01 21:00:00,88.1026326819172
2025-09-01 22:00:00,90.6163638645523
2025-09-01 23:00:00,88.4633435822541
2025-09-02 00:00:00,89.0152450882383
2025-09-02 01:00:00,85.9438629785248
2025-09-02 02:00:00,89.4828598294573
2025-09-02 03:00:00,87.0819282659714
2025-09-02 04:00:00,86.6307596061968
2025-09-02 05:00:00,89.0874801322
2025-09-02 06:00:00,87.9786298398168
2025-09-02 07:00:00,86.8406660557827
2025-09-02 10:00:00,85.9830785928883
2025-09-02 11:00:00,85.1525590345271
2025-09-02 12:00:00,87.2504578492995
2025-09-02 13:00:00,88.8693360756054
2025-09-02 14:00:00,88.7030710667935
2025-09-02 15:00:00,89.6541325434017
2025-09-02 16:00:00,86.5971935769819
2025-09-02 17:00:00,89.4577337056483
2025-09-02 18:00:00,86.2382097388921
2025-09-02 20:00:00,89.0170945523952
2025-09-02 21:00:00,89.7173444854987
2025-09-02 22:00:00,87.8112884194082
2025-09-02 23:00:00,88.3858717129304
2025-09-03 00:00:00,87.769983310412
2025-09-03 01:00:00,85.5665759886584
2025-09-03 02:00:00,
2025-09-03 03:00:00,85.5940285291038
2025-09-03 04:00:00,85.0243079912362
2025-09-03 05:00:00,87.4359839998935
2025-09-03 06:00:00,87.8506961281768
2025-09-03 09:00:00,87.5405047404601
2025-09-03 10:00:00,88.6435562451964
2025-09-03 11:00:00,86.8231118964531
2025-09-03 12:00:00,86.4224221353583
2025-09-03 13:00:00,85.6933313415919
2025-09-03 14:00:00,88.006021895427
2025-09-03 15:00:00,88.3872258941375
2025-09-03 16:00:00,87.0446482046435
2025-09-03 17:00:00,85.6895485833967
2025-09-03 18:00:00,87.2106374006893
2025-09-03 19:00:00,87.3417030869796
2025-09-03 20:00:00,85.9181624212729
2025-09-03 21:00:00,86.6714655229057
2025-09-03 22:00:00,87.6663416371429
2025-09-03 23:00:00,86.3434141850086
2025-09-04 00:00:00,84.4335843707021
2025-09-04 01:00:00,84.5171714141277
2025-09-04 02:00:00,109.157598941427
2025-09-04 03:00:00,84.4735594191757
2025-09-04 04:00:00,87.2268514093848
2025-09-04 05:00:00,86.0895654221682
2025-09-04 06:00:00,84.4673015481039
2025-09-04 07:00:00,85.2125540567182
2025-09-04 08:00:00,87.0204520265701
2025-09-04 09:00:00,85.4714485512863
2025-09-04 10:00:00,87.9578256603679
2025-09-04 11:00:00,85.2677194301949
2025-09-04 12:00:00,84.0535989496229
2025-09-04 13:00:00,86.5702805503572
2025-09-04 14:00:00,86.2792737539405
2025-09-04 15:00:00,86.9981439531714
2025-09-04 16:00:00,86.033758727212
2025-09-04 17:00:00,89.3492729774626
2025-09-04 18:00:00,85.2013886357438
2025-09-04 20:00:00,86.1076089683935
2025-09-04 21:00:00,85.301997172366
2025-09-04 22:00:00,87.0033864107807
2025-09-04 23:00:00,85.9283023033332
2025-09-05 00:00:00,86.1838162435785
2025-09-05 01:00:00,82.2738317824625
2025-09-05 02:00:00,85.1033468885534
2025-09-05 03:00:00,83.7544995070896
2025-09-05 04:00:00,77.4453019702086
2025-09-05 05:00:00,88.0310270964011
2025-09-05 08:00:00,84.5597850276186
2025-09-05 10:00:00,83.7226303138777
2025-09-05 11:00:00,86.7349198299875
2025-09-05 12:00:00,85.0914597878375
2025-09-05 13:00:00,83.8554262298506
2025-09-05 14:00:00,86.4632980626057
2025-09-05 15:00:00,85.2579260533718
2025-09-05 16:00:00,86.4923617340663
2025-09-05 17:00:00,85.3171445223119
2025-09-05 18:00:00,83.027570933205
2025-09-05 19:00:00,83.4081393746098
2025-09-05 20:00:00,86.6286314679448
2025-09-05 21:00:00,84.9235953441705
2025-09-05 22:00:00,85.3919066730188
2025-09-05 23:00:00,86.5794815877033
2025-09-06 00:00:00,84.1876020103744
2025-09-06 01:00:00,84.073904423629
2025-09-06 02:00:00,83.6766556419263
2025-09-06 03:00:00,84.5476899341707
2025-09-06 04:00:00,86.1080585876689
2025-09-06 05:00:00,84.6405395726962
2025-09-06 06:00:00,85.826603945159
2025-09-06 07:00:00,82.9974463770876
2025-09-06 08:00:00,85.2119324694213
2025-09-06 09:00:00,85.6420549707209
2025-09-06 10:00:00,83.3267998057301
2025-09-06 11:00:00,84.6262924533982
2025-09-06 12:00:00,83.0889323042811
2025-09-06 13:00:00,85.8071109303801
2025-09-06 14:00:00,85.1889353584728
2025-09-06 15:00:00,83.6634425056378
2025-09-06 16:00:00,86.9969839446014
2025-09-07 03:00:00,85.9035653234916
2025-09-07 05:00:00,83.1276713825899
2025-09-07 06:00:00,81.9180942962408
2025-09-07 09:00:00,82.526133896898
2025-09-07 10:00:00,82.1300417940559
2025-09-07 11:00:00,71.7254380808528
2025-09-07 12:00:00,87.0774792836076
2025-09-07 13:00:00,85.7686110962219
2025-09-07 14:00:00,84.4766617461272
2025-09-07 15:00:00,84.1273057289411
2025-09-07 16:00:00,84.7209410312773
2025-09-07 17:00:00,83.1791787510725
2025-09-07 18:00:00,83.0959447512492
2025-09-07 19:00:00,83.1287431671051
2025-09-07 20:00:00,83.7360384158484
2025-09-07 21:00:00,84.0959282803324
2025-09-07 22:00:00,84.3186612169214
2025-09-07 23:00:00,83.8511054002996
2025-09-08 00:00:00,83.1138102332987
2025-09-08 01:00:00,84.2800570869497
2025-09-08 02:00:00,84.6435903417913
2025-09-08 03:00:00,81.3504720594339
2025-09-08 04:00:00,106.553931269796
2025-09-08 05:00:00,81.6734586014224
2025-09-08 06:00:00,84.9109862075628
2025-09-08 11:00:00,84.5252580470144
2025-09-08 12:00:00,83.4249497687939
2025-09-08 13:00:00,83.0524094201819
2025-09-08 14:00:00,84.7121657756206
2025-09-08 15:00:00,85.5372513132243
2025-09-08 16:00:00,86.2064138565158
2025-09-08 17:00:00,81.0916392258488
2025-09-08 18:00:00,86.2392959937492
2025-09-08 19:00:00,81.4930642485159
2025-09-08 20:00:00,83.1579246976422
2025-09-08 21:00:00,85.384197174719
2025-09-08 22:00:00,87.0762558609508
2025-09-08 23:00:00,82.8774991052383
2025-09-09 00:00:00,83.4077593765182
2025-09-09 01:00:00,83.4414390329849
2025-09-09 02:00:00,82.1178381161049
2025-09-09 03:00:00,82.1039810325908
2025-09-09 04:00:00,81.0968990510176
2025-09-09 05:00:00,85.4849690282608
2025-09-09 06:00:00,80.712662312939
2025-09-09 07:00:00,84.8674518341527
2025-09-09 08:00:00,84.1238279759065
2025-09-09 09:00:00,84.4774263860199
2025-09-09 10:00:00,82.6742098104572
2025-09-09 12:00:00,82.4936379516973
2025-09-09 13:00:00,
2025-09-09 14:00:00,
2025-09-09 15:00:00,
2025-09-09 16:00:00,
2025-09-09 17:00:00,
2025-09-09 18:00:00,82.4861453887509
2025-09-09 19:00:00,84.2180563063419
2025-09-09 20:00:00,83.6485214955171
2025-09-09 21:00:00,83.1126383913691
2025-09-09 22:00:00,83.6075975779802
2025-09-09 23:00:00,81.1609715726717
2025-09-10 00:00:00,83.1163644801276
2025-09-10 01:00:00,83.1178278626467
2025-09-10 02:00:00,83.6750184472018
2025-09-10 03:00:00,83.7750450362479
2025-09-10 04:00:00,80.8911073672211
2025-09-10 05:00:00,85.2164633880666
2025-09-10 06:00:00,81.3321347466519
2025-09-10 07:00:00,83.5413962835977
2025-09-10 08:00:00,83.2495138549037
2025-09-10 09:00:00,83.4404274604761
2025-09-10 10:00:00,82.8386454954039
2025-09-10 11:00:00,81.3554659106698
2025-09-10 12:00:00,81.9095754041012
2025-09-10 13:00:00,84.2648018782969
2025-09-10 14:00:00,83.2255480339121
2025-09-10 15:00:00,83.5154189951556
2025-09-10 16:00:00,83.2995437194937
2025-09-10 17:00:00,82.928005377083
2025-09-10 18:00:00,82.1090506633894
2025-09-10 19:00:00,80.7920858880914
2025-09-10 20:00:00,85.1344491686985
2025-09-10 21:00:00,80.9334049231372
2025-09-10 22:00:00,80.9993557723956
2025-09-10 23:00:00,83.9168142421321
2025-09-11 00:00:00,81.4149003359934
2025-09-11 01:00:00,78.4466811693893
2025-09-11 02:00:00,80.6835584950298
2025-09-11 03:00:00,82.2451701345304
2025-09-11 04:00:00,80.4499883163191
2025-09-11 05:00:00,79.4687553397075
2025-09-11 06:00:00,80.6213357557236
2025-09-11 07:00:00,80.2436433541423
2025-09-11 08:00:00,81.4416278933547
2025-09-11 09:00:00,80.1823091170712
2025-09-11 10:00:00,81.6178972426757
2025-09-11 11:00:00,79.3828606631044
2025-09-12 01:00:00,
2025-09-12 02:00:00,
2025-09-12 03:00:00,
2025-09-12 04:00:00,
2025-09-12 05:00:00,
2025-09-12 06:00:00,
2025-09-12 07:00:00,
2025-09-12 08:00:00,
2025-09-12 09:00:00,
2025-09-12 11:00:00,
2025-09-12 12:00:00,
2025-09-12 13:00:00,
2025-09-12 14:00:00,
2025-09-12 15:00:00,
2025-09-12 16:00:00,
2025-09-12 17:00:00,
2025-09-12 18:00:00,
2025-09-12 19:00:00,
2025-09-12 20:00:00,
2025-09-12 21:00:00,
2025-09-12 22:00:00,
2025-09-12 23:00:00,
2025-09-13 00:00:00,106.167764339449
2025-09-13 01:00:00,106.955243350257
2025-09-13 02:00:00,105.895846339632
2025-09-13 03:00:00,106.418895497579
2025-09-13 04:00:00,105.722265714142
2025-09-13 05:00:00,106.411590400724
2025-09-13 06:00:00,105.797609229404
2025-09-13 07:00:00,106.732121867001
2025-09-13 09:00:00,104.825684669027
2025-09-13 10:00:00,106.896217439545
2025-09-13 11:00:00,106.447057715388
2025-09-13 12:00:00,107.010326503989
2025-09-13 13:00:00,107.201968495877
2025-09-13 14:00:00,106.302975447777
2025-09-13 15:00:00,107.479608169583
2025-09-13 16:00:00,105.393715758107
2025-09-13 17:00:00,106.991152977217
2025-09-13 18:00:00,106.608697591903
2025-09-13 19:00:00,107.386211447623
2025-09-13 20:00:00,106.625754345864
2025-09-13 21:00:00,105.52514452148
2025-09-13 22:00:00,105.106762698187
2025-09-13 23:00:00,107.269691770738
2025-09-14 00:00:00,105.374308434356
2025-09-14 01:00:00,106.215748526732
2025-09-14 02:00:00,106.453995512732
2025-09-14 03:00:00,105.407403234416
2025-09-14 04:00:00,106.867306824928
2025-09-14 05:00:00,105.904894240299
2025-09-14 06:00:00,105.46242378159
2025-09-14 07:00:00,105.049198610072
2025-09-14 08:00:00,105.718414303839
2025-09-14 09:00:00,106.068380199172
2025-09-14 10:00:00,105.314533644782
2025-09-14 11:00:00,105.69505351595
2025-09-14 12:00:00,105.793154786148
2025-09-14 13:00:00,104.839657139913
2025-09-14 14:00:00,105.204158555163
2025-09-14 15:00:00,106.021056505251
2025-09-14 16:00:00,105.304892123367
2025-09-14 17:00:00,105.817435947945
2025-09-14 18:00:00,105.422199707472
2025-09-14 19:00:00,107.067063970835
2025-09-14 20:00:00,106.213758680751
2025-09-14 21:00:00,106.557942234568
2025-09-14 22:00:00,105.05317634519
2025-09-14 23:00:00,106.225567603598
2025-09-15 00:00:00,104.437487877272
2025-09-15 01:00:00,105.49416536848
2025-09-15 02:00:00,104.707170979504
2025-09-15 03:00:00,106.574144499359
2025-09-15 04:00:00,105.008863682048
2025-09-15 05:00:00,106.36640873608
2025-09-15 06:00:00,106.633071599028
2025-09-15 07:00:00,105.42942351689
2025-09-15 08:00:00,106.1724582482
2025-09-15 09:00:00,105.427038460278
2025-09-15 10:00:00,105.45081751941
2025-09-15 11:00:00,105.236039225937
2025-09-15 12:00:00,105.748304899174
2025-09-15 13:00:00,105.33845777428
2025-09-15 14:00:00,106.668077470706
2025-09-16 04:00:00,105.009416155541
2025-09-16 05:00:00,105.025143228803
2025-09-16 07:00:00,103.084166932217
2025-09-16 08:00:00,107.715344596778
2025-09-16 10:00:00,101.459929568874
2025-09-16 11:00:00,106.836803407338
2025-09-16 12:00:00,103.264814558868
2025-09-16 13:00:00,105.244871266148
2025-09-16 14:00:00,102.000052417022
2025-09-16 15:00:00,104.00094419264
2025-09-16 16:00:00,104.402781988485
2025-09-16 17:00:00,102.474393988509
2025-09-16 18:00:00,103.336846220554
2025-09-16 19:00:00,102.650024535126
2025-09-16 20:00:00,103.380601718357
2025-09-16 21:00:00,105.814578019242
2025-09-16 22:00:00,102.176887127172
2025-09-16 23:00:00,103.743556108146
2025-09-17 00:00:00,105.113561377453
2025-09-17 01:00:00,104.451474213042
2025-09-17 02:00:00,105.719631284051
2025-09-17 03:00:00,105.502069706604
2025-09-17 04:00:00,103.722952027669
2025-09-17 09:00:00,101.405064610062
2025-09-17 10:00:00,104.189209814373
2025-09-17 11:00:00,102.362174555948
2025-09-17 12:00:00,102.930565228501
2025-09-17 13:00:00,101.038169132866
2025-09-17 14:00:00,102.303851408257
2025-09-17 15:00:00,105.445419326254
2025-09-17 16:00:00,104.950951795983
2025-09-17 17:00:00,105.232572183503
2025-09-17 18:00:00,104.015891908776
2025-09-17 19:00:00,101.549105132118
2025-09-17 20:00:00,102.653124062064
2025-09-17 21:00:00,104.080952351411
2025-09-17 22:00:00,104.09337585994
2025-09-17 23:00:00,105.84858986068
2025-09-18 00:00:00,102.430040565513
2025-09-18 01:00:00,103.091650618191
2025-09-18 02:00:00,102.120087437252
2025-09-18 03:00:00,102.509052992517
2025-09-18 04:00:00,102.050851695086
2025-09-18 05:00:00,101.371295802849
2025-09-18 06:00:00,98.8567796478024
2025-09-18 09:00:00,99.90366762622
2025-09-18 12:00:00,101.853914444566
2025-09-18 13:00:00,104.884011183054
2025-09-18 14:00:00,102.86658786639
2025-09-18 15:00:00,99.0168029332014
2025-09-18 16:00:00,102.297580819043
2025-09-18 17:00:00,101.991876373309
2025-09-18 18:00:00,101.103006064939
2025-09-18 19:00:00,102.004426243749
2025-09-18 20:00:00,100.412850525668
2025-09-18 21:00:00,101.185658248622
2025-09-18 22:00:00,103.589950730314
2025-09-18 23:00:00,101.946864771327
2025-09-19 00:00:00,101.809716503597
2025-09-19 01:00:00,102.977263356677
2025-09-19 02:00:00,99.8176744942833
2025-09-19 03:00:00,100.47797447117
2025-09-19 04:00:00,99.9329963045125
2025-09-19 05:00:00,103.242046328479
2025-09-19 06:00:00,101.765911392041
2025-09-19 10:00:00,101.773391637077
2025-09-19 11:00:00,102.750272887527
2025-09-19 12:00:00,102.166443897496
2025-09-19 13:00:00,102.268999767834
2025-09-19 14:00:00,104.85379130409
2025-09-19 15:00:00,101.224447680409
2025-09-19 16:00:00,103.418128880397
2025-09-19 17:00:00,104.610531052113
2025-09-20 05:00:00,100.568762437153
2025-09-20 11:00:00,100.945489837008
2025-09-20 12:00:00,100.046363057692
2025-09-20 13:00:00,99.0858468872139
2025-09-20 14:00:00,103.191902014124
2025-09-20 15:00:00,99.0900849286945
2025-09-20 16:00:00,100.730932904878
2025-09-20 17:00:00,102.473501733275
2025-09-20 18:00:00,99.8038778684833
2025-09-20 19:00:00,98.6025748122556
2025-09-20 20:00:00,98.080295381208
2025-09-20 21:00:00,99.9068516370137
2025-09-20 22:00:00,102.015234703004
2025-09-20 23:00:00,98.6461247385749
2025-09-21 00:00:00,102.790453661352
2025-09-21 01:00:00,101.295480840287
2025-09-21 02:00:00,99.9384378115135
2025-09-21 03:00:00,90.1244860652932
2025-09-21 06:00:00,102.343515594446
2025-09-21 07:00:00,101.266038389705
2025-09-21 09:00:00,99.3364366957988
2025-09-21 11:00:00,98.3463715784669
2025-09-21 12:00:00,99.9117097739536
2025-09-21 13:00:00,101.222142012747
2025-09-21 14:00:00,
2025-09-21 15:00:00,
2025-09-21 16:00:00,
2025-09-21 17:00:00,
2025-09-21 18:00:00,
2025-09-21 19:00:00,96.5133467248739
2025-09-21 20:00:00,100.497621717979
2025-09-21 21:00:00,100.649152649882
2025-09-21 22:00:00,100.698018371295
2025-09-21 23:00:00,101.147411474725
2025-09-22 00:00:00,97.1536920236819
2025-09-22 01:00:00,100.447685198452
2025-09-22 02:00:00,
2025-09-22 03:00:00,101.53674157404
2025-09-22 04:00:00,99.9079019726993
2025-09-22 05:00:00,100.695750303933
2025-09-22 06:00:00,99.1989339773429
2025-09-22 08:00:00,98.3061658945486
2025-09-22 10:00:00,98.6223629720194
2025-09-22 11:00:00,98.8432030429662
2025-09-22 12:00:00,99.388014169639
2025-09-22 13:00:00,99.2414258569574
2025-09-22 14:00:00,99.5468068732436
2025-09-22 15:00:00,99.1927076257873
2025-09-22 16:00:00,101.451900388734
2025-09-22 17:00:00,99.3654627232652
2025-09-22 18:00:00,100.831358042013
2025-09-22 19:00:00,99.2617767888814
2025-09-22 20:00:00,98.7447183409463
2025-09-22 21:00:00,98.2180378349954
2025-09-22 22:00:00,99.7318598064885
2025-09-22 23:00:00,100.514083314183
2025-09-23 00:00:00,100.929070251983
2025-09-23 01:00:00,99.3209506510683
2025-09-23 02:00:00,101.096244105043
2025-09-23 03:00:00,97.0362760321232
2025-09-23 04:00:00,98.7216674257168
2025-09-23 05:00:00,99.9694448189212
2025-09-23 07:00:00,99.694523107163
2025-09-23 09:00:00,98.1379053491925
2025-09-23 10:00:00,100.119614353021
2025-09-23 11:00:00,101.10977546302
2025-09-23 12:00:00,97.5390325253449
2025-09-23 13:00:00,100.776273451926
2025-09-23 14:00:00,98.4448129217408
2025-09-23 15:00:00,100.637649671494
2025-09-23 16:00:00,101.790837165058
2025-09-23 17:00:00,99.3605872002696
2025-09-23 18:00:00,97.7562631443092
2025-09-23 19:00:00,99.3680980152793
2025-09-23 20:00:00,99.4097083658467
2025-09-23 21:00:00,98.4839080466238
2025-09-23 22:00:00,133.281897842895
2025-09-23 23:00:00,101.411745930833
2025-09-24 00:00:00,98.5558673934038
2025-09-24 01:00:00,99.2126845220733
2025-09-24 02:00:00,97.4056460989396
2025-09-24 03:00:00,114.907628719411
2025-09-24 04:00:00,97.4583216497109
2025-09-24 05:00:00,98.7767506663474
2025-09-24 06:00:00,97.0320479645249
2025-09-24 07:00:00,107.681373597203
2025-09-24 08:00:00,98.3962958489629
2025-09-24 09:00:00,97.2200896461621
2025-09-24 10:00:00,97.3387096220058
2025-09-24 11:00:00,98.3446715092359
2025-09-24 12:00:00,73.5223106273295
2025-09-24 13:00:00,98.7626524366079
2025-09-24 14:00:00,97.709586561571
2025-09-24 15:00:00,98.3508064472473
2025-09-24 16:00:00,98.3561515154794
2025-09-24 17:00:00,101.47296493212
2025-09-24 18:00:00,96.7120603325416
2025-09-24 19:00:00,97.2204927590988
2025-09-24 20:00:00,98.5641543113139
2025-09-24 21:00:00,96.6052430400509
2025-09-24 22:00:00,99.2186943093942
2025-09-24 23:00:00,98.0213485080593
2025-09-25 00:00:00,98.5908945965717
2025-09-25 01:00:00,98.782550312433
2025-09-25 02:00:00,97.324616488379
2025-09-25 03:00:00,97.2038113730527
2025-09-25 04:00:00,99.0596301688802
2025-09-25 05:00:00,96.5808209690817
2025-09-25 09:00:00,98.4974307200634
2025-09-25 11:00:00,96.8479664513296
2025-09-25 12:00:00,100.085510261882
2025-09-25 13:00:00,96.2564057082932
2025-09-25 14:00:00,99.7504365778419
2025-09-25 15:00:00,98.6111474054552
2025-09-25 16:00:00,99.5336365841108
2025-09-25 17:00:00,95.7250044414755
2025-09-25 18:00:00,97.0975227690289
2025-09-26 07:00:00,97.3460161955265
2025-09-26 08:00:00,97.6343252961649
2025-09-26 10:00:00,97.0884202786045
2025-09-26 11:00:00,97.5745939483173
2025-09-26 12:00:00,95.6228465123361
2025-09-26 13:00:00,96.4484260618736
2025-09-26 14:00:00,95.5573147623431
2025-09-26 15:00:00,95.6509729908351
2025-09-26 16:00:00,95.8915835361795
2025-09-26 17:00:00,97.1784748900174
2025-09-26 18:00:00,98.1784956050387
2025-09-26 19:00:00,96.8089162888888
2025-09-26 20:00:00,96.3452146476024
2025-09-26 21:00:00,93.1929502852764
2025-09-26 22:00:00,98.214887265476
2025-09-26 23:00:00,95.8313416716061
2025-09-27 00:00:00,95.8721657766454
2025-09-27 01:00:00,96.3114456467799
2025-09-27 02:00:00,95.1634507920445
2025-09-27 03:00:00,96.4711597043759
2025-09-27 04:00:00,95.5810880658999
2025-09-27 05:00:00,98.248993223642
2025-09-27 06:00:00,94.926462652631
2025-09-27 07:00:00,96.382855855912
2025-09-27 08:00:00,97.8711650155639
2025-09-27 09:00:00,96.3514719975646
2025-09-27 10:00:00,98.4098149917681
2025-09-27 11:00:00,96.1145958779748
2025-09-27 12:00:00,97.1487691824252
2025-09-27 13:00:00,94.6703295432426
2025-09-27 14:00:00,97.0006114319406
2025-09-27 15:00:00,96.3770047036191
2025-09-27 16:00:00,98.965379578974
2025-09-27 17:00:00,95.5150614379333
2025-09-27 18:00:00,97.977150941717
2025-09-27 19:00:00,96.5503921173439
2025-09-27 20:00:00,96.2107589373788
2025-09-27 21:00:00,97.1361754018153
2025-09-27 22:00:00,96.1849754077508
2025-09-27 23:00:00,95.7491592884028
2025-09-28 00:00:00,97.863226688552
2025-09-28 01:00:00,94.7856270302167
2025-09-28 02:00:00,94.8875672375668
2025-09-28 03:00:00,99.2719916955883
2025-09-28 04:00:00,96.5610991530621
2025-09-28 05:00:00,96.5962391113788
2025-09-28 06:00:00,98.798762380132
2025-09-28 07:00:00,94.8168247795084
2025-09-28 08:00:00,93.2012055281851
2025-09-28 09:00:00,94.4123935988295
2025-09-28 10:00:00,94.6214064669393
2025-09-28 11:00:00,94.1965683692714
2025-09-28 12:00:00,95.9892749903294
2025-09-28 13:00:00,94.0342288051934
2025-09-28 14:00:00,95.3370521561559
2025-09-28 15:00:00,93.1853673938918
2025-09-28 16:00:00,94.794361834494
2025-09-28 17:00:00,94.6625653152628
2025-09-28 18:00:00,94.9017634780605
2025-09-28 19:00:00,95.8876636265732
2025-09-28 20:00:00,98.5384836555258
2025-09-28 21:00:00,93.0735627530612
2025-09-28 22:00:00,94.9958978564093
2025-09-28 23:00:00,96.0626598114144
2025-09-29 00:00:00,93.6449739048268
2025-09-29 01:00:00,93.0005893695372
2025-09-29 02:00:00,95.1696899044787
2025-09-29 03:00:00,96.4445857187528
2025-09-29 04:00:00,93.8680910139101
2025-09-29 05:00:00,96.2381082658043
2025-09-29 06:00:00,95.5887776247224
2025-09-29 07:00:00,94.7967666104586
2025-09-29 08:00:00,94.1288528228059
2025-09-29 09:00:00,95.345844775598
2025-09-29 10:00:00,93.0167019344683
2025-09-29 11:00:00,93.5547189027025
2025-09-29 12:00:00,94.4828721116264
2025-09-29 13:00:00,94.9273721968642
2025-09-29 14:00:00,93.838355438405
2025-09-29 15:00:00,94.3808599537106
2025-09-29 16:00:00,94.0756543419341
2025-09-29 17:00:00,91.9901006846337
2025-09-29 18:00:00,93.4417873855587
2025-09-29 19:00:00,93.2750154259313
2025-09-29 20:00:00,93.2648165456056
2025-09-29 21:00:00,93.8818240788665
2025-09-30 10:00:00,93.0865265586402
2025-09-30 11:00:00,94.5777804693774
2025-09-30 12:00:00,92.6554072013881
2025-09-30 13:00:00,92.582176101303
2025-09-30 14:00:00,92.3854584125596
2025-09-30 15:00:00,93.7887609461144
2025-09-30 16:00:00,94.4034937998401
2025-09-30 17:00:00,96.0118093718291
2025-09-30 18:00:00,93.6782714260348
2025-09-30 19:00:00,96.7781905974713
2025-09-30 20:00:00,94.3470004605584
2025-09-30 21:00:00,95.4614807732605
2025-09-30 22:00:00,94.484575555709
2025-09-30 23:00:00,94.0870029009383
2025-10-01 00:00:00,93.3610948021944
2025-10-01 01:00:00,91.8536323689542
2025-10-01 02:00:00,91.7387008588315
2025-10-01 03:00:00,91.9545516320371
2025-10-01 04:00:00,92.4854206357622
2025-10-01 05:00:00,93.5861387958637
2025-10-01 06:00:00,92.7096754444101
2025-10-01 07:00:00,91.4342398542455
2025-10-01 08:00:00,93.9384602726062
2025-10-01 09:00:00,91.9437477266125
2025-10-01 10:00:00,92.8184215707404
2025-10-01 11:00:00,93.8828645495506
2025-10-01 12:00:00,92.14775494966
2025-10-01 13:00:00,92.4115168336858
2025-10-01 14:00:00,93.8054628089534
2025-10-01 15:00:00,93.1363990227038
2025-10-01 16:00:00,93.6324346825084
2025-10-01 17:00:00,92.5730790007165
2025-10-01 18:00:00,91.6746745308923
2025-10-01 19:00:00,92.7232197178901
2025-10-01 20:00:00,91.2920568813889
2025-10-01 21:00:00,94.8801067374296
2025-10-01 22:00:00,91.9561629760039
2025-10-01 23:00:00,93.5096104285311
2025-10-02 00:00:00,91.8452359296741
2025-10-02 01:00:00,92.9343519392729
2025-10-02 02:00:00,93.597995326783
2025-10-02 03:00:00,93.1733877832362
2025-10-02 04:00:00,91.3968018742889
2025-10-02 05:00:00,91.9213865883734
2025-10-02 06:00:00,93.443092413211
2025-10-02 07:00:00,92.3143941451823
2025-10-02 08:00:00,92.9861974610586
2025-10-02 10:00:00,93.1554125923228
2025-10-02 11:00:00,92.3108796992761
2025-10-02 12:00:00,92.7047979076076
2025-10-02 13:00:00,93.0724652107377
2025-10-02 14:00:00,92.7772478556788
2025-10-02 15:00:00,93.2142754137276
2025-10-02 16:00:00,93.3094101964256
2025-10-02 17:00:00,93.4913508469861
2025-10-02 18:00:00,93.580253929649
2025-10-02 19:00:00,91.8464013675211
2025-10-02 20:00:00,92.4863095221857
2025-10-02 21:00:00,93.2960561705713
2025-10-02 22:00:00,92.0314533888589
2025-10-02 23:00:00,93.3960743303076
2025-10-03 00:00:00,92.0695648756107
2025-10-03 01:00:00,91.4219410665153
2025-10-03 02:00:00,91.8187213784955
2025-10-03 03:00:00,92.7360942945658
2025-10-03 04:00:00,91.6708615245248
2025-10-03 05:00:00,92.2852596010392
2025-10-03 07:00:00,90.7431261691147
2025-10-03 08:00:00,93.0394694991899
2025-10-03 09:00:00,90.9906534973943
2025-10-03 10:00:00,91.556467628403
2025-10-03 11:00:00,91.8501234688241
2025-10-03 12:00:00,92.0755601463394
2025-10-03 14:00:00,91.118629430519
2025-10-04 01:00:00,91.0975577160303
2025-10-04 02:00:00,91.0987767047392
2025-10-04 03:00:00,89.7328559879328
2025-10-04 04:00:00,91.8162836641284
2025-10-04 05:00:00,90.7988915140769
2025-10-04 06:00:00,90.8024651432522
2025-10-04 07:00:00,90.7424364492441
2025-10-04 08:00:00,90.1199160657826
2025-10-04 11:00:00,90.8956459290015
2025-10-04 12:00:00,92.0730189077426
2025-10-04 13:00:00,90.7667967493458
2025-10-04 14:00:00,91.8970658215794
2025-10-04 15:00:00,91.3415220014649
2025-10-04 16:00:00,91.9996771215742
2025-10-04 17:00:00,90.9875639544853
2025-10-04 18:00:00,90.7898939104096
2025-10-04 19:00:00,89.9915324139615
2025-10-04 20:00:00,91.0266213788368
2025-10-04 21:00:00,91.2567681778473
2025-10-04 22:00:00,89.6190465157519
2025-10-04 23:00:00,89.2265939992264
2025-10-05 00:00:00,90.9294359761969
2025-10-05 01:00:00,89.9969782049185
2025-10-05 02:00:00,91.0551716887442
2025-10-05 03:00:00,89.3558361045519
2025-10-05 04:00:00,91.3840766900617
2025-10-05 05:00:00,89.0525109882563
2025-10-05 07:00:00,91.6427044952916
2025-10-05 12:00:00,89.6404056099465
2025-10-05 13:00:00,91.6079339148723
2025-10-05 14:00:00,90.0396043065079
2025-10-05 15:00:00,89.8006668944892
2025-10-05 16:00:00,90.2576985576463
2025-10-05 17:00:00,88.9312569084138
2025-10-05 18:00:00,90.5509237738865
2025-10-05 19:00:00,90.7097487306761
2025-10-05 20:00:00,89.4679124092314
2025-10-05 21:00:00,90.6216243387248
2025-10-05 22:00:00,90.8570143761146
2025-10-05 23:00:00,90.1766027292083
2025-10-06 00:00:00,89.9186298596503
2025-10-06 01:00:00,89.8507686314557
2025-10-06 02:00:00,89.5544151507519
2025-10-06 03:00:00,90.4939165205015
2025-10-06 04:00:00,90.5548103845139
2025-10-06 05:00:00,89.7244415438449
2025-10-06 06:00:00,89.0497846055261
2025-10-06 07:00:00,90.297077424005
2025-10-06 09:00:00,89.5389847765618
2025-10-06 10:00:00,88.9852279145443
2025-10-06 11:00:00,90.5137714067204
2025-10-06 12:00:00,90.5371444526689
2025-10-06 13:00:00,90.1047635251511
2025-10-06 14:00:00,89.2476812056119
2025-10-06 15:00:00,90.1050090917181
2025-10-06 16:00:00,91.2426394480499
2025-10-06 17:00:00,90.6033621982692
2025-10-06 18:00:00,89.9244930470252
2025-10-06 19:00:00,88.6918280376852
2025-10-06 20:00:00,91.8741162082381
2025-10-06 21:00:00,90.287311888321
2025-10-06 22:00:00,88.8070100843582
2025-10-06 23:00:00,89.1889015271584
2025-10-07 00:00:00,88.7351529396619
2025-10-07 01:00:00,90.3661975694077
2025-10-07 02:00:00,90.4568669267682
2025-10-07 03:00:00,90.0362078504099
2025-10-07 04:00:00,89.3668413541873
2025-10-07 05:00:00,89.9741543938892
2025-10-07 06:00:00,90.3369824947663
2025-10-07 07:00:00,90.1702109267294
2025-10-07 08:00:00,88.1670279087154
2025-10-07 09:00:00,90.3934281216647
2025-10-07 10:00:00,89.1514808589902
2025-10-07 11:00:00,89.8971292470186
2025-10-07 12:00:00,89.723335695951
2025-10-07 13:00:00,89.4679658507357
2025-10-07 14:00:00,89.8805401923564
2025-10-07 15:00:00,89.4087042054642
2025-10-07 16:00:00,90.1258884235269
2025-10-07 17:00:00,89.6514471436934
2025-10-07 18:00:00,89.2029081427686
2025-10-07 19:00:00,90.1067272128435
2025-10-07 20:00:00,88.6373910301039
2025-10-07 21:00:00,88.6270523683083
2025-10-07 22:00:00,89.1268391662202
2025-10-07 23:00:00,89.5364327873249
2025-10-08 00:00:00,88.7919827106162
2025-10-08 12:00:00,89.1918038388178
2025-10-08 13:00:00,89.6809613626592
2025-10-08 14:00:00,89.1944642809778
2025-10-08 15:00:00,88.9073837397091
2025-10-08 16:00:00,90.253380584778
2025-10-08 17:00:00,89.7118855751557
2025-10-08 18:00:00,90.1559915624007
2025-10-08 19:00:00,88.8238086043145
2025-10-08 20:00:00,90.5690671280587
2025-10-08 21:00:00,107.029774074867
2025-10-08 22:00:00,89.9152686128261
2025-10-08 23:00:00,90.8659020962962
2025-10-09 00:00:00,88.1881427244825
2025-10-09 01:00:00,90.1079897672825
2025-10-09 02:00:00,90.0403446011293
2025-10-09 03:00:00,89.737778589817
2025-10-09 04:00:00,89.7360512412786
2025-10-09 05:00:00,89.4380437165955
2025-10-09 06:00:00,88.259601982543
2025-10-09 07:00:00,88.6232413562595
2025-10-09 08:00:00,88.8181396697158
2025-10-09 09:00:00,88.0893356482417
2025-10-09 10:00:00,89.4138731954004
2025-10-09 11:00:00,88.7505913327205
2025-10-09 12:00:00,88.0277185857942
2025-10-09 13:00:00,88.3545884356393
2025-10-09 14:00:00,89.011458989187
2025-10-09 15:00:00,88.0738245558503
2025-10-09 16:00:00,88.0695233796693
2025-10-09 17:00:00,89.1827365520495
2025-10-09 18:00:00,89.6148631000741
2025-10-09 19:00:00,90.0467906226981
2025-10-09 20:00:00,89.0805308881479
2025-10-09 21:00:00,88.5522803989859
2025-10-09 22:00:00,88.5355427192599
2025-10-09 23:00:00,88.4642953030057
2025-10-10 00:00:00,87.6770204780458
2025-10-10 01:00:00,87.5362510953188
2025-10-10 02:00:00,89.1120962188356
2025-10-10 03:00:00,88.7464021899231
2025-10-10 04:00:00,89.9002561441185
2025-10-10 05:00:00,88.0047532715071
2025-10-10 06:00:00,88.4179459142951
2025-10-10 07:00:00,88.2597075965335
2025-10-10 08:00:00,88.790800621257
2025-10-10 09:00:00,88.8784386505605
2025-10-10 10:00:00,88.7608193525906
2025-10-10 11:00:00,87.8066043338971
2025-10-10 12:00:00,88.9624335365004
2025-10-10 13:00:00,89.1341832903117
2025-10-10 14:00:00,88.9284591755512
2025-10-10 15:00:00,88.7227809135842
2025-10-10 16:00:00,89.5213416829256
2025-10-10 17:00:00,88.4839584073978
2025-10-10 18:00:00,88.2155116536279
2025-10-10 19:00:00,87.858265793666
2025-10-10 20:00:00,89.2358596817015
2025-10-10 21:00:00,88.4357806398741
2025-10-10 22:00:00,88.9842661756453
2025-10-10 23:00:00,87.9435179902092
2025-10-11 00:00:00,87.2483592046653
2025-10-11 01:00:00,86.6509740456217
2025-10-11 02:00:00,87.3197942165519
2025-10-11 03:00:00,64.0691416803655
2025-10-11 04:00:00,88.6335942339273
2025-10-11 05:00:00,87.1152211817085
2025-10-11 06:00:00,87.5192571021043
2025-10-11 07:00:00,86.3680780820177
2025-10-11 08:00:00,89.3498790211961
2025-10-11 09:00:00,88.6181751157031
2025-10-11 11:00:00,87.0840402634321
2025-10-11 12:00:00,88.5841671059565
2025-10-11 13:00:00,87.7094965394324
2025-10-11 14:00:00,87.9523738604357
2025-10-11 15:00:00,87.7343231171743
2025-10-11 16:00:00,89.1984160845758
2025-10-11 17:00:00,89.4052847189742
2025-10-11 18:00:00,88.3159600245333
2025-10-11 19:00:00,87.9250862458096
2025-10-11 20:00:00,89.5732786565423
2025-10-11 21:00:00,87.4955702000917
2025-10-11 22:00:00,87.5036847000975
2025-10-11 23:00:00,88.5425796793962
2025-10-12 00:00:00,89.174314731583
2025-10-12 01:00:00,87.2073979041249
2025-10-12 02:00:00,88.1594063493626
2025-10-12 14:00:00,88.5665439307595
2025-10-12 15:00:00,87.3943310363954
2025-10-12 16:00:00,88.0149884170479
2025-10-12 17:00:00,87.0673231593195
2025-10-12 18:00:00,88.0791483333664
2025-10-12 19:00:00,87.6905284026262
2025-10-12 20:00:00,88.0520255816456
2025-10-12 21:00:00,88.5503361289657
2025-10-12 22:00:00,89.122860103022
2025-10-12 23:00:00,87.4052103100324
2025-10-13 00:00:00,86.9160359546137
2025-10-13 01:00:00,85.3775912914677
2025-10-13 02:00:00,86.5157849968805
2025-10-13 03:00:00,86.3533914167669
2025-10-13 04:00:00,87.1228526018741
2025-10-13 05:00:00,86.4499076879205
2025-10-13 06:00:00,87.7375322150104
2025-10-13 07:00:00,87.0441721111013
2025-10-13 10:00:00,88.0751725051046
2025-10-13 11:00:00,87.1341708160642
2025-10-13 12:00:00,86.3861988058556
2025-10-13 13:00:00,87.0519333219831
2025-10-13 14:00:00,88.0780891886066
2025-10-13 15:00:00,87.8524216465403
2025-10-13 16:00:00,86.2617159609844
2025-10-13 17:00:00,86.0389767200827
2025-10-13 18:00:00,87.8748919984863
2025-10-13 19:00:00,86.8721317208237
2025-10-13 20:00:00,86.4315818222419
2025-10-13 21:00:00,86.6735638111597
2025-10-13 22:00:00,86.981215540212
2025-10-13 23:00:00,86.7494030415783
2025-10-14 00:00:00,86.9717953939286
2025-10-14 01:00:00,86.821262742701
2025-10-14 02:00:00,85.6491030619613
2025-10-14 03:00:00,86.0631730925091
2025-10-14 04:00:00,86.2801198037767
2025-10-14 05:00:00,85.0193640235176
2025-10-14 06:00:00,86.1416085818566
2025-10-14 07:00:00,86.8641929609805
2025-10-14 08:00:00,87.0075993652639
2025-10-14 10:00:00,87.3688333963537
2025-10-14 11:00:00,87.0466651968558
2025-10-14 12:00:00,86.0446891037242
2025-10-14 13:00:00,86.5387799016222
2025-10-14 14:00:00,86.0436967665586
2025-10-14 15:00:00,85.7556300612443
2025-10-14 16:00:00,85.9300336934797
2025-10-14 17:00:00,86.12604239006
2025-10-14 18:00:00,86.2860976172379
2025-10-14 19:00:00,85.8784386506281
2025-10-14 20:00:00,86.3055969463539
2025-10-14 21:00:00,86.9314262580504
2025-10-14 22:00:00,86.4431493730208
2025-10-14 23:00:00,86.9877329570106
2025-10-15 00:00:00,86.4471244543394
2025-10-15 01:00:00,86.26027961134
2025-10-15 02:00:00,86.8838389319151
2025-10-15 03:00:00,86.0813279189982
2025-10-15 04:00:00,87.782923663224
2025-10-15 08:00:00,85.5563669719989
2025-10-15 09:00:00,86.7877055396149
2025-10-15 10:00:00,85.3194665856003
2025-10-15 11:00:00,86.3222573603113
2025-10-15 12:00:00,85.9874646213786
2025-10-15 13:00:00,
2025-10-15 14:00:00,
2025-10-15 15:00:00,
2025-10-15 16:00:00,86.2793263163715
2025-10-15 17:00:00,85.5085474356564
2025-10-15 18:00:00,84.9140425726003
2025-10-15 19:00:00,85.2851553109452
2025-10-15 20:00:00,86.6090729842496
2025-10-15 21:00:00,86.0878967804398
2025-10-15 22:00:00,86.3469780482252
2025-10-15 23:00:00,87.4581751738075
2025-10-16 00:00:00,85.7686225057065
2025-10-16 01:00:00,86.3523868382421
2025-10-16 02:00:00,85.5812602903818
2025-10-16 03:00:00,87.2634730709323
2025-10-16 04:00:00,85.399397050002
2025-10-16 05:00:00,86.1982017794765
2025-10-16 06:00:00,86.2385101629908
2025-10-16 07:00:00,85.2834110538264
2025-10-16 08:00:00,85.1085681816556
2025-10-16 09:00:00,85.484485815233
2025-10-16 10:00:00,85.3853574731872
2025-10-16 11:00:00,85.90109162261
2025-10-16 12:00:00,87.2457011510973
2025-10-16 13:00:00,86.2691065252141
2025-10-16 14:00:00,86.8926157271809
2025-10-16 15:00:00,85.9912836402143
2025-10-16 16:00:00,85.5275642663955
2025-10-16 17:00:00,86.3812010119992
2025-10-16 18:00:00,86.3527688769804
2025-10-16 19:00:00,86.1656548303593
2025-10-16 20:00:00,86.9096015525724
2025-10-16 21:00:00,85.613183736098
2025-10-16 22:00:00,86.7197178652963
2025-10-16 23:00:00,86.0526431826305
2025-10-17 00:00:00,85.867737116101
2025-10-17 01:00:00,85.1648870793886
2025-10-17 02:00:00,85.7583594352666
2025-10-17 03:00:00,
2025-10-17 04:00:00,
2025-10-17 05:00:00,
2025-10-17 06:00:00,85.6162773801116
2025-10-17 07:00:00,83.9619055637116
2025-10-17 08:00:00,85.8822404818206
2025-10-17 09:00:00,84.8248482864265
2025-10-17 10:00:00,85.4082516304202
2025-10-17 11:00:00,85.5848124032456
2025-10-17 12:00:00,85.1192388706677
2025-10-17 13:00:00,84.89004250523
2025-10-17 14:00:00,84.8198163347278
2025-10-17 15:00:00,85.3027708968147
2025-10-17 16:00:00,86.7452235281458
2025-10-17 17:00:00,84.9431876511799
2025-10-17 18:00:00,84.8862305294734
2025-10-17 19:00:00,84.9243049651847
2025-10-17 20:00:00,86.7185773683706
2025-10-17 21:00:00,84.9698840014362
2025-10-17 22:00:00,84.4062927636166
2025-10-17 23:00:00,85.411979448527
2025-10-18 00:00:00,84.1463300749534
2025-10-18 01:00:00,83.9896853615886
2025-10-18 02:00:00,85.1741246064778
2025-10-18 03:00:00,86.0310869978255
2025-10-18 04:00:00,84.9146340704935
2025-10-18 05:00:00,84.7078597302717
2025-10-18 06:00:00,85.8438367730725
2025-10-18 07:00:00,83.4241462908984
2025-10-18 08:00:00,85.4231516528851
2025-10-18 10:00:00,85.4591872482183
2025-10-18 11:00:00,83.4930641996874
2025-10-18 12:00:00,84.9968224767187
2025-10-18 13:00:00,83.7156777725096
2025-10-18 14:00:00,85.5308831824856
2025-10-18 15:00:00,86.1064933786615
2025-10-18 16:00:00,84.4375628535647
2025-10-18 17:00:00,84.5727554599084
2025-10-18 18:00:00,84.7853919005669
2025-10-18 19:00:00,85.3528422670916
2025-10-18 20:00:00,85.3954128928443
2025-10-18 21:00:00,85.4157933653846
2025-10-18 22:00:00,85.2005072084658
2025-10-18 23:00:00,85.961241318653
2025-10-19 00:00:00,83.8142487449356
2025-10-19 01:00:00,
2025-10-19 02:00:00,
2025-10-19 03:00:00,
2025-10-19 04:00:00,
2025-10-19 05:00:00,83.0540106427875
2025-10-20 06:00:00,82.6844712673445
2025-10-20 09:00:00,83.6263430507041
2025-10-20 10:00:00,84.8024195651047
2025-10-20 11:00:00,83.4058422779798
2025-10-20 12:00:00,84.2590526920337
2025-10-20 13:00:00,83.7295829222686
2025-10-20 14:00:00,82.4239697537119
2025-10-20 15:00:00,83.8982522614549
2025-10-20 16:00:00,82.2819341912242
2025-10-20 17:00:00,82.7117928091454
2025-10-20 18:00:00,83.225850552423
2025-10-20 19:00:00,83.2796643685997
2025-10-20 20:00:00,77.0979576845232
2025-10-20 21:00:00,82.3497337765422
2025-10-20 22:00:00,84.5881145075955
2025-10-20 23:00:00,81.7310553278982
2025-10-21 00:00:00,83.4179352151779
2025-10-21 01:00:00,95.1034192091601
2025-10-21 02:00:00,82.3970140584699
2025-10-21 03:00:00,82.2380611267343
2025-10-21 04:00:00,83.193977767457
2025-10-21 05:00:00,83.6265507705697
2025-10-21 10:00:00,84.4053303583374
2025-10-21 11:00:00,82.9212457048874
2025-10-21 12:00:00,83.3634232933606
2025-10-21 13:00:00,82.9650890519313
2025-10-21 14:00:00,82.753861394322
2025-10-21 15:00:00,82.4442065863408
2025-10-21 16:00:00,83.5716911396166
2025-10-22 03:00:00,82.3257117394224
2025-10-22 05:00:00,83.7248726161012
2025-10-22 06:00:00,82.2698858878838
2025-10-22 07:00:00,82.663907789412
2025-10-22 09:00:00,82.964458429563
2025-10-22 10:00:00,82.8902548968164
2025-10-22 11:00:00,82.7455931867969
2025-10-22 12:00:00,81.4636634799722
2025-10-22 13:00:00,82.6978293252196
2025-10-22 14:00:00,82.6071845006419
2025-10-22 15:00:00,81.3783348099069
2025-10-22 16:00:00,84.2048732684802
2025-10-22 17:00:00,82.8051268996183
2025-10-22 18:00:00,81.7768132654254
2025-10-22 19:00:00,82.6376209320645
2025-10-22 20:00:00,82.7468029448871
2025-10-22 21:00:00,82.6928746341237
2025-10-22 22:00:00,82.1903538577427
2025-10-22 23:00:00,82.5867873716986
2025-10-23 00:00:00,82.7183407019773
2025-10-23 01:00:00,80.7560802064052
2025-10-23 02:00:00,75.0857650705157
2025-10-23 03:00:00,81.9453498462802
2025-10-23 04:00:00,82.7788349791096
2025-10-23 05:00:00,82.2163482410558
2025-10-23 06:00:00,82.4414075716389
2025-10-23 07:00:00,83.2281630889413
2025-10-23 09:00:00,82.6255022279083
2025-10-23 10:00:00,81.548133142885
2025-10-23 11:00:00,82.2563616441099
2025-10-23 12:00:00,81.6374647486526
2025-10-23 13:00:00,81.1202222837742
2025-10-23 14:00:00,81.3635140909524
2025-10-23 15:00:00,81.5941477165911
2025-10-23 16:00:00,81.9970193666057
2025-10-23 17:00:00,81.6154869081013
2025-10-23 18:00:00,82.102076700752
2025-10-23 19:00:00,81.4270955562848
2025-10-23 20:00:00,81.3366503338926
2025-10-23 21:00:00,82.1374780675363
2025-10-23 22:00:00,83.4727290034215
2025-10-23 23:00:00,83.2597914710797
2025-10-24 00:00:00,82.81824000872
2025-10-24 01:00:00,82.1966895741274
2025-10-24 02:00:00,82.0882642897423
2025-10-24 03:00:00,80.4368118806247
2025-10-24 04:00:00,82.0097853995378
2025-10-24 05:00:00,83.069015349222
2025-10-24 06:00:00,82.1772264718581
2025-10-24 07:00:00,81.866916826207
2025-10-24 12:00:00,81.6535148174667
2025-10-24 13:00:00,82.2991224853766
2025-10-24 14:00:00,82.2520169413772
2025-10-24 15:00:00,82.6427165789172
2025-10-24 16:00:00,82.256803789692
2025-10-24 17:00:00,81.405822133761
2025-10-24 18:00:00,81.1522881258173
2025-10-24 19:00:00,81.6318416362683
2025-10-24 20:00:00,81.8517172363591
2025-10-24 21:00:00,81.5947312615354
2025-10-24 22:00:00,80.3566692177518
2025-10-24 23:00:00,81.3020781875058
2025-10-25 00:00:00,82.0228554969005
2025-10-25 01:00:00,82.0808176141415
2025-10-25 02:00:00,81.6298565133383
2025-10-25 03:00:00,81.7528225221627
2025-10-25 04:00:00,81.5264198344953
2025-10-25 05:00:00,81.437640721059
2025-10-25 07:00:00,80.3333091985829
2025-10-25 09:00:00,81.0759626629513
2025-10-25 12:00:00,81.6971980593843
2025-10-25 13:00:00,79.230396317455
2025-10-25 14:00:00,81.101923062426
2025-10-25 15:00:00,81.3051564738752
2025-10-25 16:00:00,81.8852830104182
2025-10-25 17:00:00,80.1782978684313
2025-10-25 18:00:00,80.2395820807173
2025-10-26 06:00:00,80.5065079488601
2025-10-26 07:00:00,80.6248462299817
2025-10-26 08:00:00,79.2436857291696
2025-10-26 10:00:00,79.6021709133902
2025-10-26 11:00:00,80.8000220146671
2025-10-26 12:00:00,81.5235121443983
2025-10-26 13:00:00,79.2846149614281
2025-10-26 14:00:00,79.5132655909078
2025-10-26 15:00:00,80.2737522610412
2025-10-26 16:00:00,80.5112462042602
2025-10-26 17:00:00,81.1367366292522
2025-10-26 18:00:00,81.066548525893
2025-10-26 19:00:00,81.8839532759953
2025-10-26 20:00:00,80.5872083636888
2025-10-26 21:00:00,81.8596502102412
2025-10-26 22:00:00,80.4949126332128
2025-10-26 23:00:00,80.7270181704269
2025-10-27 00:00:00,79.7403346375564
2025-10-27 01:00:00,79.3385712695581
2025-10-27 02:00:00,79.9917798096097
2025-10-27 03:00:00,79.4110167991322
2025-10-27 04:00:00,79.545252036563
2025-10-27 07:00:00,80.1412946578807
2025-10-27 10:00:00,79.1673048934057
2025-10-27 11:00:00,79.0588302042612
2025-10-27 12:00:00,80.8674387431425
2025-10-27 13:00:00,79.9486914042299
2025-10-27 14:00:00,80.0110203310998
2025-10-27 15:00:00,80.9466255638068
2025-10-27 16:00:00,94.1694620801573
2025-10-27 17:00:00,79.3764581827961
2025-10-27 18:00:00,79.8941123020558
2025-10-27 19:00:00,78.4047466027517
2025-10-27 20:00:00,79.2338167153507
2025-10-27 21:00:00,81.3236219421087
2025-10-27 22:00:00,80.3334268291961
2025-10-27 23:00:00,80.808208349042
2025-10-28 00:00:00,78.1557121519139
2025-10-28 01:00:00,79.2270738278839
2025-10-28 02:00:00,80.253436223321
2025-10-28 03:00:00,79.1643706262137
2025-10-28 04:00:00,79.9747715108221
2025-10-28 05:00:00,78.6974113488196
2025-10-28 06:00:00,79.8371673925078
2025-10-28 07:00:00,79.2035896771047
2025-10-28 09:00:00,79.5083654243014
2025-10-28 10:00:00,79.9780339326159
2025-10-28 11:00:00,80.633382527739
2025-10-28 12:00:00,80.444935363686
2025-10-28 13:00:00,79.1143178868089
2025-10-28 14:00:00,80.1515647598023
2025-10-28 15:00:00,80.7367755289395
2025-10-28 16:00:00,80.6970112155148
2025-10-28 17:00:00,79.9242776952401
2025-10-28 18:00:00,80.3805672011079
2025-10-28 19:00:00,78.9622644137095
2025-10-28 20:00:00,79.8703660859596
2025-10-28 21:00:00,79.4346855448955
2025-10-28 22:00:00,80.0353991251672
2025-10-28 23:00:00,79.6114802179388
2025-10-29 00:00:00,78.4311058019872
2025-10-29 01:00:00,77.6390939945834
2025-10-29 02:00:00,78.1385277161932
2025-10-29 03:00:00,78.3400984777392
2025-10-29 04:00:00,78.2144786631648
2025-10-29 05:00:00,80.0670516327838
2025-10-29 06:00:00,78.0125644490342
2025-10-29 07:00:00,78.6347442965719
2025-10-29 09:00:00,78.340699241329
2025-10-29 10:00:00,77.7995295415474
2025-10-29 11:00:00,79.1682777299135
2025-10-29 12:00:00,78.3545212610326
2025-10-29 13:00:00,78.7728715710864
2025-10-29 14:00:00,79.391405932261
2025-10-29 15:00:00,78.9119172949078
2025-10-29 16:00:00,77.5894131295617
2025-10-29 17:00:00,79.2205077709529
2025-10-29 18:00:00,79.0624322913549
2025-10-29 19:00:00,79.1016453880197
2025-10-29 20:00:00,78.5132709335138
2025-10-30 09:00:00,77.511684796838
2025-10-30 10:00:00,78.2773898233704
2025-10-30 11:00:00,78.6217448499566
2025-10-30 12:00:00,78.313665861069
2025-10-30 13:00:00,79.0382347103722
2025-10-30 14:00:00,77.8593809853153
2025-10-30 15:00:00,78.931621708262
2025-10-30 16:00:00,77.4489620429689
2025-10-30 17:00:00,78.1491431321701
2025-10-30 18:00:00,77.1824824058364
2025-10-30 19:00:00,79.2700958544926
2025-10-30 20:00:00,79.4268715198491
2025-10-30 21:00:00,78.6517794492374
2025-10-30 22:00:00,77.8650633524974
2025-10-30 23:00:00,77.1191973506577
2025-10-31 00:00:00,76.9040887845815
2025-10-31 01:00:00,78.1175706143338
2025-10-31 02:00:00,77.0817691599979
2025-10-31 03:00:00,78.5194713107006
2025-10-31 04:00:00,77.6532713626375
2025-10-31 05:00:00,78.1339090265674
2025-10-31 06:00:00,78.1358253678934
2025-10-31 07:00:00,79.6366671405382
2025-10-31 08:00:00,78.3895251169886
2025-10-31 09:00:00,79.2469592962756
2025-10-31 10:00:00,77.967859637275
2025-10-31 11:00:00,77.5822240832302
2025-10-31 12:00:00,78.5241448795528
2025-10-31 13:00:00,77.5746224596332
2025-10-31 14:00:00,76.2742419309686
2025-10-31 15:00:00,76.7980371982967
2025-10-31 16:00:00,77.2306896637863
2025-10-31 17:00:00,78.9631040365668
2025-10-31 18:00:00,78.3632484228956
2025-10-31 19:00:00,77.166151889321
2025-10-31 20:00:00,76.9612266719804
2025-10-31 21:00:00,77.589217639055
2025-10-31 22:00:00,77.8449436983465
2025-10-31 23:00:00,76.6912205263356
2025-11-01 00:00:00,77.2293803197129
2025-11-01 01:00:00,76.9910445074737
2025-11-01 02:00:00,78.2013340029582
2025-11-01 03:00:00,77.237280843329
2025-11-01 04:00:00,77.6254072926998
2025-11-01 05:00:00,77.7820714402475
2025-11-01 06:00:00,76.4108491530664
2025-11-01 07:00:00,76.8898567067176
2025-11-01 08:00:00,77.1208053732542
2025-11-01 09:00:00,76.6359535034259
2025-11-01 10:00:00,77.1645389391493
2025-11-01 11:00:00,77.6170038677731
2025-11-01 13:00:00,77.7203543914351
2025-11-01 14:00:00,77.2498130007288
2025-11-01 15:00:00,78.0507016461256
2025-11-01 16:00:00,77.4493031548352
2025-11-01 17:00:00,78.2420979301664
2025-11-01 18:00:00,77.5884010332114
2025-11-01 19:00:00,77.4784811944711
2025-11-01 20:00:00,77.7908877655321
2025-11-01 21:00:00,77.4347200627146
2025-11-01 22:00:00,77.5120027713487
2025-11-01 23:00:00,77.5004058482535
2025-11-02 00:00:00,75.7937782872264
2025-11-02 01:00:00,76.3706328212195
2025-11-02 02:00:00,76.8885409474167
2025-11-02 03:00:00,75.5375659027074
2025-11-02 04:00:00,77.228759147952
2025-11-02 05:00:00,76.1066442355446
2025-11-02 06:00:00,76.4477920196541
2025-11-02 07:00:00,74.7982046062489
2025-11-02 08:00:00,75.8917788043992
2025-11-02 09:00:00,76.7172262294752
2025-11-02 10:00:00,77.0415482438486
2025-11-02 12:00:00,76.2993304453502
2025-11-02 13:00:00,77.4200206050776
2025-11-02 14:00:00,76.2323215025829
2025-11-02 15:00:00,76.7220211651045
2025-11-02 16:00:00,76.1410000082626
2025-11-02 17:00:00,76.0008139512916
2025-11-02 18:00:00,76.8128602814659
2025-11-02 19:00:00,77.5247250649072
2025-11-02 20:00:00,76.8823270594859
2025-11-02 21:00:00,76.2198649906414
2025-11-02 23:00:00,76.643868972227
2025-11-03 11:00:00,77.56629077877
2025-11-03 12:00:00,76.0666992432018
2025-11-03 13:00:00,76.1644793611203
2025-11-03 14:00:00,75.9869918161309
2025-11-03 15:00:00,76.0592500142612
2025-11-03 16:00:00,75.7018186097902
2025-11-03 17:00:00,76.9319713119863
2025-11-03 18:00:00,76.483860906455
2025-11-03 19:00:00,75.6425956455495
2025-11-03 20:00:00,
2025-11-03 21:00:00,
2025-11-03 22:00:00,77.1679749053896
2025-11-03 23:00:00,76.7723642590133
2025-11-04 00:00:00,75.2679969712994
2025-11-04 01:00:00,75.3138874275324
2025-11-04 02:00:00,75.07496891784
2025-11-04 03:00:00,75.8599547493565
2025-11-04 04:00:00,75.8465299065784
2025-11-04 05:00:00,76.3448562640155
2025-11-04 06:00:00,75.7130298275821
2025-11-04 07:00:00,76.1268385406922
2025-11-04 08:00:00,76.2438607887852
2025-11-04 09:00:00,75.4205703864544
2025-11-04 10:00:00,75.2276490377632
2025-11-04 11:00:00,75.5732123098571
2025-11-04 12:00:00,83.4394833342484
2025-11-04 13:00:00,74.6216545180827
2025-11-04 14:00:00,74.9695571044272
2025-11-04 15:00:00,76.0035105694303
2025-11-04 16:00:00,76.3578293413329
2025-11-04 17:00:00,74.9355797652461
2025-11-04 18:00:00,74.9072195773365
2025-11-04 19:00:00,75.5254851850042
2025-11-04 20:00:00,74.7758003519856
2025-11-04 21:00:00,75.7543918527745
2025-11-04 22:00:00,75.8695149285074
2025-11-04 23:00:00,74.1787717712117
2025-11-05 00:00:00,74.643639838098
2025-11-05 01:00:00,74.2585684885777
2025-11-05 02:00:00,75.0834479994875
2025-11-05 03:00:00,74.5923615730785
2025-11-05 04:00:00,75.055746874356
2025-11-05 05:00:00,74.5681242045328
2025-11-05 06:00:00,74.6000976274777
2025-11-05 07:00:00,75.5810464249129
2025-11-05 08:00:00,74.9201550115643
2025-11-05 09:00:00,75.6478353701191
2025-11-05 11:00:00,75.6957949071555
2025-11-05 12:00:00,75.0586930832271
2025-11-05 13:00:00,74.5970798290819
2025-11-05 14:00:00,74.4233437002718
2025-11-05 15:00:00,74.0497404682624
2025-11-05 16:00:00,75.335934625874
2025-11-05 17:00:00,74.8823995385412
2025-11-05 18:00:00,74.7939639951542
2025-11-05 19:00:00,73.9779788867052
2025-11-05 20:00:00,75.9583858954677
2025-11-05 21:00:00,75.2532039268946
2025-11-05 22:00:00,74.9385445301414
2025-11-05 23:00:00,74.3959293017869
2025-11-06 00:00:00,74.2640028690843
2025-11-06 01:00:00,74.5448352888017
2025-11-06 02:00:00,74.1531480052033
2025-11-06 03:00:00,73.8979224902797
2025-11-06 04:00:00,74.3261532598305
2025-11-06 05:00:00,73.2967722383847
2025-11-06 06:00:00,74.2206330500281
2025-11-06 08:00:00,73.9775001494745
2025-11-06 09:00:00,73.3155961726826
2025-11-06 22:00:00,74.3252931159661
2025-11-06 23:00:00,74.3594679032923
2025-11-07 00:00:00,74.3839163163286
2025-11-07 01:00:00,73.7768715745553
2025-11-07 02:00:00,73.4516559338525
2025-11-07 03:00:00,73.0651005865855
2025-11-07 04:00:00,72.9608833823383
2025-11-07 05:00:00,74.6963957058128
2025-11-07 06:00:00,72.7257798395448
2025-11-07 07:00:00,73.7772727410322
2025-11-07 08:00:00,73.4718379279614
2025-11-07 09:00:00,73.5498590940207
2025-11-07 10:00:00,73.5235258166412
2025-11-07 11:00:00,75.4794799851028
2025-11-07 12:00:00,73.8362436341279
2025-11-07 13:00:00,72.4300930268031
2025-11-07 14:00:00,73.6012796749651
2025-11-07 15:00:00,73.5782698892949
2025-11-07 16:00:00,73.3525522628913
2025-11-07 17:00:00,73.0079366369264
2025-11-07 18:00:00,73.5898569750614
2025-11-07 19:00:00,74.1528356137728
2025-11-07 20:00:00,73.990338961675
2025-11-07 21:00:00,72.855918456918
2025-11-07 22:00:00,73.3586426408563
2025-11-07 23:00:00,74.3409730663476
2025-11-08 00:00:00,73.2428442775648
2025-11-08 01:00:00,71.9065204553138
2025-11-08 02:00:00,73.7524681587575
2025-11-08 03:00:00,73.7746228680883
2025-11-08 04:00:00,72.7254826195027
2025-11-08 05:00:00,73.1536889533055
2025-11-08 06:00:00,74.1275801490973
2025-11-08 07:00:00,73.3495651603215
2025-11-08 09:00:00,73.4181895312241
2025-11-08 10:00:00,73.1863461665919
2025-11-08 11:00:00,73.7880456751771
2025-11-08 12:00:00,72.5886698034926
2025-11-08 13:00:00,72.9884497971494
2025-11-08 15:00:00,73.0465973233608
2025-11-08 16:00:00,
2025-11-08 17:00:00,
2025-11-08 18:00:00,
2025-11-08 19:00:00,
2025-11-08 20:00:00,71.6747444774182
2025-11-08 21:00:00,73.0508157680163
2025-11-08 22:00:00,72.435336729258
2025-11-08 23:00:00,74.1244577394536
2025-11-09 00:00:00,72.0795260272447
2025-11-09 01:00:00,72.7591878653516
2025-11-09 02:00:00,72.4170002596401
2025-11-09 03:00:00,73.3563703988396
2025-11-09 04:00:00,72.6082945535283
2025-11-09 05:00:00,73.3884935925839
2025-11-09 06:00:00,74.2488607077104
2025-11-09 07:00:00,73.2257106514329
2025-11-09 08:00:00,72.7234778183855
2025-11-09 09:00:00,73.5885712294609
2025-11-09 10:00:00,72.3276772563392
2025-11-09 11:00:00,72.4804026662804
2025-11-09 12:00:00,72.9205120066574
2025-11-09 13:00:00,73.336116510601
2025-11-09 14:00:00,72.5226542587399
2025-11-09 15:00:00,72.0051636103402
2025-11-09 16:00:00,72.6174420041656
2025-11-09 17:00:00,73.1496597047402
2025-11-09 18:00:00,73.254468732434
2025-11-09 19:00:00,73.6351197030558
2025-11-09 20:00:00,72.1855574232331
2025-11-09 21:00:00,72.1289389776716
2025-11-09 22:00:00,72.721354125739
2025-11-09 23:00:00,72.4357410466167
2025-11-10 00:00:00,
2025-11-10 01:00:00,
2025-11-10 02:00:00,
2025-11-10 03:00:00,
2025-11-10 04:00:00,
2025-11-10 05:00:00,72.6019225786204
2025-11-10 06:00:00,72.9385241946659
2025-11-10 07:00:00,72.4546471166899
2025-11-10 09:00:00,73.4269181784288
2025-11-10 10:00:00,73.0152107349663
2025-11-10 11:00:00,65.8098175251006
2025-11-10 12:00:00,73.514460287282
2025-11-10 13:00:00,72.1688377304329
2025-11-10 14:00:00,72.0842810366497
2025-11-10 15:00:00,73.115833077022
2025-11-10 16:00:00,73.390615694559
2025-11-10 17:00:00,72.4024262107095
2025-11-10 18:00:00,72.7520307022947
2025-11-10 19:00:00,71.1812772836405
2025-11-10 20:00:00,72.549913801132
2025-11-10 21:00:00,72.4119209591398
2025-11-10 22:00:00,72.8026692879728
2025-11-10 23:00:00,72.7705522032199
2025-11-11 00:00:00,71.7003776510247
2025-11-11 01:00:00,71.9288178242777
2025-11-11 02:00:00,71.9497977157539
2025-11-11 03:00:00,71.2543074072984
2025-11-11 04:00:00,71.7396593050687
2025-11-11 05:00:00,72.3104330169668
2025-11-11 06:00:00,71.6059006342934
2025-11-11 07:00:00,71.9170380969901
2025-11-11 08:00:00,72.1594075521458
2025-11-11 09:00:00,72.5773047958798
2025-11-11 11:00:00,71.7960075677007
2025-11-11 12:00:00,72.0697329962577
2025-11-11 13:00:00,71.7586333648863
2025-11-11 14:00:00,72.5060005633526
2025-11-11 15:00:00,71.8888934979415
2025-11-11 16:00:00,72.8192971312625
2025-11-11 17:00:00,71.2103306359316
2025-11-11 18:00:00,72.2655278818645
2025-11-11 19:00:00,71.8592909692136
2025-11-11 20:00:00,71.4051380147106
2025-11-11 21:00:00,72.0550724795327
2025-11-11 22:00:00,72.3530717439029
2025-11-11 23:00:00,71.932150284896
2025-11-12 00:00:00,71.5611677647569
2025-11-12 01:00:00,70.6277717992712
2025-11-12 02:00:00,70.8398030416673
2025-11-12 03:00:00,71.9546355953783
2025-11-12 04:00:00,71.8189973109762
2025-11-12 18:00:00,71.6440776512531
2025-11-12 19:00:00,72.2631923466965
2025-11-12 20:00:00,70.9653782227347
2025-11-12 21:00:00,71.0663334886474
2025-11-12 22:00:00,71.6596234987798
2025-11-12 23:00:00,71.0623106582537
2025-11-13 00:00:00,70.4511240248075
2025-11-13 01:00:00,71.0764636421656
2025-11-13 02:00:00,69.9595318277206
2025-11-13 03:00:00,71.3240505216942
2025-11-13 04:00:00,70.5664833875989
2025-11-13 05:00:00,70.9585590360755
2025-11-13 06:00:00,70.2251597477883
2025-11-13 07:00:00,71.3772555495113
2025-11-13 09:00:00,70.2757168308482
2025-11-13 10:00:00,70.3789976545323
2025-11-13 11:00:00,71.1015741519151
2025-11-13 12:00:00,70.3985059781839
2025-11-13 13:00:00,70.5230651555698
2025-11-13 14:00:00,71.6272037856448
2025-11-13 15:00:00,70.1197448457368
2025-11-13 16:00:00,70.853974083643
2025-11-13 17:00:00,70.9312023362762
2025-11-13 18:00:00,71.2847862846801
2025-11-13 19:00:00,70.2330045694472
2025-11-13 20:00:00,70.4807023004864
2025-11-13 21:00:00,71.2753076173693
2025-11-13 22:00:00,54.1727630749399
2025-11-13 23:00:00,70.1974192564158
2025-11-14 00:00:00,69.8306605691197
2025-11-14 01:00:00,69.8680546253082
2025-11-14 02:00:00,69.6600132404386
2025-11-14 03:00:00,70.5962574210014
2025-11-14 04:00:00,69.2683638957017
2025-11-14 05:00:00,70.1802156454959
2025-11-14 06:00:00,70.3420371015996
2025-11-14 07:00:00,70.5099055740408
2025-11-14 08:00:00,70.3844672169543
2025-11-14 09:00:00,70.7517250067884
2025-11-14 11:00:00,70.765578556325
2025-11-14 23:00:00,70.5690722099681
2025-11-15 01:00:00,69.8229508226125
2025-11-15 02:00:00,69.5320965987943
2025-11-15 03:00:00,69.3277132585461
2025-11-15 04:00:00,69.5597526651196
2025-11-15 05:00:00,69.8966356033254
2025-11-15 06:00:00,69.482298902796
2025-11-15 08:00:00,69.802526006606
2025-11-15 12:00:00,68.9465026018988
2025-11-15 13:00:00,70.0462404421658
2025-11-15 14:00:00,69.8450291585339
2025-11-15 15:00:00,69.3572598812366
2025-11-15 16:00:00,70.2720402083903
2025-11-15 17:00:00,69.1622593268967
2025-11-15 18:00:00,69.8360828580744
2025-11-15 19:00:00,69.6996811274831
2025-11-15 20:00:00,69.9020446344485
2025-11-15 21:00:00,69.6523989957274
2025-11-15 22:00:00,70.0440278280349
2025-11-15 23:00:00,69.819432462023
2025-11-16 00:00:00,
2025-11-16 01:00:00,
2025-11-16 02:00:00,
2025-11-16 03:00:00,
2025-11-16 04:00:00,
2025-11-16 05:00:00,
2025-11-16 06:00:00,
2025-11-16 07:00:00,
2025-11-16 08:00:00,
2025-11-16 10:00:00,
2025-11-16 11:00:00,
2025-11-16 12:00:00,
2025-11-16 13:00:00,
2025-11-16 14:00:00,
2025-11-16 15:00:00,
2025-11-16 16:00:00,
2025-11-16 17:00:00,
2025-11-16 18:00:00,
2025-11-16 19:00:00,
2025-11-16 20:00:00,
2025-11-16 21:00:00,
2025-11-16 22:00:00,
2025-11-16 23:00:00,
2025-11-17 12:00:00,90.1179101344894
2025-11-17 13:00:00,90.360346219824
2025-11-17 14:00:00,90.1619060991411
2025-11-17 15:00:00,90.2398494278611
2025-11-17 16:00:00,90.5789884067808
2025-11-17 17:00:00,89.9535786635984
2025-11-17 18:00:00,89.9429670072068
2025-11-17 19:00:00,90.3676175026145
2025-11-17 20:00:00,90.0246471047969
2025-11-17 21:00:00,90.3123965705072
2025-11-17 22:00:00,90.4827176906487
2025-11-17 23:00:00,90.1102836490761
2025-11-18 00:00:00,88.7733610233191
2025-11-18 01:00:00,89.0941562047517
2025-11-18 02:00:00,89.0294666701666
2025-11-18 03:00:00,89.531993062921
2025-11-18 04:00:00,89.522282547211
2025-11-18 05:00:00,89.1555503112217
2025-11-18 06:00:00,89.157044566697
2025-11-18 07:00:00,89.3409826457006
2025-11-18 09:00:00,89.5592835478229
2025-11-18 10:00:00,89.1125450959268
2025-11-18 11:00:00,89.4539884962318
2025-11-18 18:00:00,89.505094683454
2025-11-18 19:00:00,89.0378869883589
2025-11-18 20:00:00,88.577674232031
2025-11-18 21:00:00,88.6155359484625
2025-11-18 22:00:00,88.887559103919
2025-11-18 23:00:00,89.2607930788459
2025-11-19 00:00:00,88.2761821896012
2025-11-19 01:00:00,88.654834853815
2025-11-19 02:00:00,88.3326274900682
2025-11-19 03:00:00,88.718370260731
2025-11-19 04:00:00,88.3200190233439
2025-11-19 05:00:00,88.6986021910177
2025-11-19 06:00:00,88.5308904689711
2025-11-19 07:00:00,88.9852247608201
2025-11-19 08:00:00,88.8500688033986
2025-11-19 10:00:00,88.7492610731557
2025-11-19 12:00:00,88.6885607723196
2025-11-19 13:00:00,88.0325326025261
2025-11-19 14:00:00,88.2988483181567
2025-11-19 15:00:00,88.6771703056268
2025-11-19 16:00:00,88.5497475060082
2025-11-19 17:00:00,88.2038111223752
2025-11-19 18:00:00,88.2101272285141
2025-11-19 19:00:00,88.6117843594035
2025-11-19 20:00:00,88.220250276516
2025-11-19 21:00:00,88.6460429610315
2025-11-19 22:00:00,88.9182537143138
2025-11-19 23:00:00,88.4648623658198
2025-11-20 00:00:00,87.8340937686211
2025-11-20 01:00:00,87.8614978165302
2025-11-20 02:00:00,88.3285426806043
2025-11-20 03:00:00,88.0989673173028
2025-11-20 04:00:00,88.8902574797914
2025-11-20 05:00:00,87.8727280002438
2025-11-20 07:00:00,88.7083269398968
2025-11-20 08:00:00,88.0422679514579
2025-11-20 09:00:00,88.597103170054
2025-11-20 11:00:00,88.524752717159
2025-11-20 12:00:00,87.4063929467796
2025-11-20 13:00:00,88.6875855318309
2025-11-20 14:00:00,88.1286663607331
2025-11-20 15:00:00,88.2038145597559
2025-11-20 16:00:00,87.9736785286298
2025-11-20 17:00:00,87.9942948945451
2025-11-20 18:00:00,89.3822170914833
2025-11-20 19:00:00,88.5827543359394
2025-11-20 20:00:00,87.724792159134
2025-11-20 21:00:00,88.1863367535579
2025-11-20 22:00:00,89.1952822992748
2025-11-20 23:00:00,88.2774980255534
2025-11-21 00:00:00,87.9497412927243
2025-11-21 01:00:00,87.5605805003869
2025-11-21 02:00:00,87.8192516332039
2025-11-21 03:00:00,88.0780139100572
2025-11-21 04:00:00,87.2457161974706
2025-11-21 05:00:00,87.957079453045
2025-11-21 06:00:00,87.941543989168
2025-11-21 07:00:00,87.9541165500225
2025-11-21 08:00:00,87.1182833189679
2025-11-21 09:00:00,88.5286540683185
2025-11-21 10:00:00,87.2317867141257
2025-11-21 11:00:00,87.7436215674717
2025-11-21 12:00:00,87.5102397584529
2025-11-21 13:00:00,87.7413375733401
2025-11-21 14:00:00,87.5616023013966
2025-11-21 15:00:00,87.6203208120915
2025-11-21 16:00:00,87.6151656594456
2025-11-21 17:00:00,87.338217435881
2025-11-21 18:00:00,87.0494258764048
2025-11-21 19:00:00,88.7384828688356
2025-11-21 20:00:00,87.4201246395649
2025-11-21 21:00:00,88.1106050804821
2025-11-21 22:00:00,86.7852090781296
2025-11-21 23:00:00,87.2991891364434
2025-11-22 00:00:00,86.6921917164181
2025-11-22 01:00:00,87.6206288317869
2025-11-22 02:00:00,86.7597770276939
2025-11-22 03:00:00,87.2561761774651
2025-11-22 04:00:00,87.2382358973332
2025-11-22 05:00:00,86.7713704597595
2025-11-22 06:00:00,86.6131952279438
2025-11-22 07:00:00,86.5306865471335
2025-11-22 08:00:00,86.7004490522916
2025-11-22 09:00:00,87.6083846723647
2025-11-22 22:00:00,86.4849377894597
2025-11-22 23:00:00,87.2828834739244
2025-11-23 00:00:00,87.7139391946047
2025-11-23 01:00:00,86.8040628942541
2025-11-23 02:00:00,87.4985305160575
2025-11-23 03:00:00,86.5117706008158
2025-11-23 04:00:00,86.7416650969332
2025-11-23 05:00:00,86.0374518353838
2025-11-23 06:00:00,85.7666197995066
2025-11-23 08:00:00,87.3443926483848
2025-11-23 10:00:00,86.8565032173199
2025-11-23 11:00:00,87.3873569990705
2025-11-23 13:00:00,87.0233983771647
2025-11-23 14:00:00,86.5286226374481
2025-11-23 15:00:00,86.6196867999253
2025-11-23 16:00:00,86.1041394027233
2025-11-23 17:00:00,87.1055062639937
2025-11-23 18:00:00,86.5438081307072
2025-11-23 19:00:00,85.9453050058259
2025-11-23 20:00:00,86.8894570290409
2025-11-23 21:00:00,86.5628004841853
2025-11-23 22:00:00,86.9284494586878
2025-11-23 23:00:00,86.3066265577999
2025-11-24 00:00:00,86.3532294180736
2025-11-24 01:00:00,85.4503119706884
2025-11-24 02:00:00,86.5454729766722
2025-11-24 03:00:00,85.9040417873408
2025-11-24 04:00:00,85.7511673774267
2025-11-24 05:00:00,86.2073390955809
2025-11-24 06:00:00,86.1614057929582
2025-11-24 07:00:00,86.0742115919779
2025-11-24 08:00:00,86.3849040743802
2025-11-24 10:00:00,86.8842083827228
2025-11-24 11:00:00,86.585072938907
2025-11-24 12:00:00,85.3482837722527
2025-11-24 13:00:00,86.9327150685955
2025-11-24 15:00:00,85.025981324718
2025-11-24 16:00:00,86.2679041586224
2025-11-24 17:00:00,86.4148021508526
2025-11-24 18:00:00,85.9023574856112
2025-11-24 19:00:00,86.1474592573759
2025-11-24 20:00:00,87.0139873571901
2025-11-24 21:00:00,85.3188147741334
2025-11-24 22:00:00,86.5061613555843
2025-11-24 23:00:00,86.1971021745446
2025-11-25 00:00:00,85.1435599036321
2025-11-25 01:00:00,85.0921836049058
2025-11-25 02:00:00,85.213841776973
2025-11-25 03:00:00,85.0546707551579
2025-11-25 04:00:00,85.1103189936455
2025-11-25 05:00:00,85.460081802797
2025-11-25 06:00:00,85.3671082291518
2025-11-25 07:00:00,85.4036368036599
2025-11-25 08:00:00,85.7877697964336
2025-11-25 09:00:00,84.5752562652882
2025-11-25 10:00:00,84.8959076446378
2025-11-25 11:00:00,84.1606077636819
2025-11-25 12:00:00,85.4891195812481
2025-11-25 13:00:00,85.9163933536303
2025-11-25 14:00:00,86.0356516624639
2025-11-25 15:00:00,85.5583673217861
2025-11-25 16:00:00,85.4721966103313
2025-11-25 17:00:00,84.3213842345063
2025-11-25 18:00:00,85.3407114577271
2025-11-25 19:00:00,85.2150357818319
2025-11-25 20:00:00,84.0910814768558
2025-11-25 21:00:00,84.5105553892091
2025-11-25 22:00:00,85.680176694163
2025-11-25 23:00:00,85.0042964683166
2025-11-26 00:00:00,83.7061501619148
2025-11-26 01:00:00,85.2475207814544
2025-11-26 02:00:00,85.2403871549719
2025-11-26 03:00:00,84.0835623281019
2025-11-26 04:00:00,83.0860215440185
2025-11-26 05:00:00,84.1073712437483
2025-11-26 06:00:00,83.5306784625332
2025-11-26 07:00:00,84.1930299421975
2025-11-26 08:00:00,83.4237908709513
2025-11-26 09:00:00,84.5731199911197
2025-11-26 10:00:00,84.280446834376
2025-11-26 11:00:00,84.6603858341962
2025-11-26 23:00:00,84.9058068875191
2025-11-27 01:00:00,83.138882790673
2025-11-27 02:00:00,83.5820365324778
2025-11-27 03:00:00,83.7888711556632
2025-11-27 04:00:00,83.5116555582198
2025-11-27 05:00:00,83.2287248892627
2025-11-27 06:00:00,82.9486709874039
2025-11-27 07:00:00,84.2285580361487
2025-11-27 08:00:00,
2025-11-27 09:00:00,
2025-11-27 10:00:00,
2025-11-27 11:00:00,
2025-11-27 12:00:00,83.7794283168294
2025-11-27 13:00:00,84.0894216655573
2025-11-27 14:00:00,84.6243827015686
2025-11-27 15:00:00,83.9192205958769
2025-11-27 16:00:00,83.4022416586057
2025-11-27 17:00:00,84.8170652749982
2025-11-27 18:00:00,84.8347472934545
2025-11-27 19:00:00,83.5688380788007
2025-11-27 20:00:00,84.1437045338284
2025-11-27 21:00:00,82.5959033093802
2025-11-27 22:00:00,84.0680401221947
2025-11-27 23:00:00,84.17653886622
2025-11-28 00:00:00,83.7783785074187
2025-11-28 01:00:00,83.3013093775013
2025-11-28 02:00:00,82.1323894796048
2025-11-28 03:00:00,82.992848555915
2025-11-28 04:00:00,83.6785354553691
2025-11-28 05:00:00,83.0550510856439
2025-11-28 06:00:00,82.9452496903435
2025-11-28 07:00:00,83.4771009172344
2025-11-28 08:00:00,82.7086952519945
2025-11-28 10:00:00,82.1504639073433
2025-11-28 11:00:00,82.5319170761756
2025-11-28 12:00:00,83.0703735275415
2025-11-28 13:00:00,83.3950059697897
2025-11-28 14:00:00,82.5420994671498
2025-11-28 15:00:00,82.3284615014771
2025-11-28 16:00:00,83.4843258169587
2025-11-28 17:00:00,83.0001165555687
2025-11-28 18:00:00,83.0068740738424
2025-11-28 19:00:00,83.2896784862816
2025-11-28 20:00:00,82.3673254406194
2025-11-28 21:00:00,82.2413234683135
2025-11-28 22:00:00,82.9816473525316
2025-11-28 23:00:00,83.247656190213
2025-11-29 00:00:00,83.4328609014061
2025-11-29 01:00:00,82.1969362719895
2025-11-29 02:00:00,82.0224283909225
2025-11-29 03:00:00,82.9664051706439
2025-11-29 04:00:00,82.8303706873337
2025-11-29 05:00:00,82.5315414081692
2025-11-29 06:00:00,82.6130903178974
2025-11-29 07:00:00,81.8297443733623
2025-11-29 08:00:00,83.180015918161
2025-11-29 09:00:00,82.8594091736181
2025-11-29 10:00:00,82.3081606738284
2025-11-29 11:00:00,82.1192300098724
2025-11-29 12:00:00,82.8923063212175
2025-11-29 13:00:00,81.1294573723657
2025-11-29 14:00:00,82.8363773195984
2025-11-29 15:00:00,82.0256753626568
2025-11-29 16:00:00,81.3361481566731
2025-11-29 17:00:00,82.8772022625357
2025-11-29 18:00:00,82.0434224680887
2025-11-29 19:00:00,82.5642763284445
2025-11-29 20:00:00,82.7348941415598
2025-11-29 21:00:00,82.5437406588806
2025-11-29 22:00:00,82.1252698610415
2025-11-29 23:00:00,81.984875446311
2025-11-30 00:00:00,82.0184897663429
2025-11-30 01:00:00,82.4563218895211
2025-11-30 02:00:00,82.3808396317428
2025-11-30 03:00:00,82.4978242708223
2025-11-30 04:00:00,82.6776433165262
2025-11-30 17:00:00,81.8821529569315
2025-11-30 18:00:00,
2025-11-30 19:00:00,82.0718128726374
2025-11-30 20:00:00,82.3205769271629
2025-11-30 21:00:00,82.5633192646557
2025-11-30 22:00:00,82.0355668276191
2025-11-30 23:00:00,81.6430768283065
2025-12-01 00:00:00,81.5270599558504
2025-12-01 01:00:00,81.0226359534472
2025-12-01 02:00:00,80.4181942323398
2025-12-01 03:00:00,81.231974483996
2025-12-01 04:00:00,81.3271594610261
2025-12-01 05:00:00,80.803716045916
2025-12-01 06:00:00,80.7476659996321
2025-12-01 10:00:00,81.630270230426
2025-12-01 12:00:00,81.3299497761142
2025-12-01 13:00:00,80.7430994780023
2025-12-01 14:00:00,81.58379778709
2025-12-01 15:00:00,80.6304143448278
2025-12-01 16:00:00,81.0616763831389
2025-12-01 17:00:00,80.7606265524649
2025-12-01 18:00:00,80.8122155028978
2025-12-01 19:00:00,81.7842410734909
2025-12-01 20:00:00,81.0748465446808
2025-12-01 21:00:00,99.2711465812287
2025-12-01 22:00:00,80.9077795317473
2025-12-01 23:00:00,81.1379104459465
2025-12-02 00:00:00,80.5533282044933
2025-12-02 01:00:00,80.0445042968972
2025-12-02 02:00:00,79.979705441642
2025-12-02 03:00:00,79.5349012671237
2025-12-02 04:00:00,80.4924462936618
2025-12-02 05:00:00,79.7344368748065
2025-12-02 06:00:00,81.1319991112119
2025-12-02 07:00:00,80.3027004286561
2025-12-02 08:00:00,79.8680895060654
2025-12-02 09:00:00,79.3385367765634
2025-12-02 10:00:00,80.7043402270583
2025-12-02 11:00:00,79.2645515581185
2025-12-02 12:00:00,80.2882529474993
2025-12-02 13:00:00,79.6597847073166
2025-12-02 14:00:00,80.3455701686992
2025-12-02 15:00:00,79.8118553147671
2025-12-02 16:00:00,79.8390295576217
2025-12-02 17:00:00,80.243841091457
2025-12-02 18:00:00,80.0515079373751
2025-12-02 20:00:00,80.2671411786782
2025-12-03 05:00:00,79.2982598563409
2025-12-03 09:00:00,79.7106068223774
2025-12-03 10:00:00,79.0796330462825
2025-12-03 11:00:00,79.434957280333
2025-12-03 12:00:00,79.0991765064754
2025-12-03 13:00:00,79.6003135412042
2025-12-03 14:00:00,79.2164494280274
2025-12-03 15:00:00,78.9563391177258
2025-12-03 16:00:00,79.3453615043743
2025-12-03 17:00:00,78.9805367133974
2025-12-03 18:00:00,78.3440254203946
2025-12-03 19:00:00,79.2090202677839
2025-12-03 20:00:00,79.6748353478816
2025-12-03 21:00:00,79.4582219555381
2025-12-03 22:00:00,78.8596534315282
2025-12-03 23:00:00,79.2900912588257
2025-12-04 00:00:00,79.1244512037406
2025-12-04 01:00:00,78.468948316278
2025-12-04 02:00:00,78.6124608030988
2025-12-04 03:00:00,78.1660053313408
2025-12-04 04:00:00,79.548756983195
2025-12-04 05:00:00,78.4266886276661
2025-12-04 06:00:00,78.887549747226
2025-12-04 07:00:00,79.4122436946619
2025-12-04 08:00:00,
2025-12-04 10:00:00,78.8384196440883
2025-12-04 11:00:00,79.8524237830351
2025-12-04 12:00:00,78.5253696385303
2025-12-04 13:00:00,79.4342986212689
2025-12-04 14:00:00,78.3596981424106
2025-12-04 15:00:00,78.9999866958624
2025-12-04 16:00:00,79.7846296056764
2025-12-04 17:00:00,78.9584228221265
2025-12-04 18:00:00,78.7641641752836
2025-12-04 19:00:00,79.2045224375445
2025-12-04 20:00:00,79.1661334566525
2025-12-04 21:00:00,78.5833602520412
2025-12-04 22:00:00,79.2092798498636
2025-12-04 23:00:00,79.5621538333538
2025-12-05 00:00:00,62.2190796476626
2025-12-05 01:00:00,77.7367707248486
2025-12-05 02:00:00,78.255540047884
2025-12-05 03:00:00,78.3171355210331
2025-12-05 04:00:00,77.7355117300453
2025-12-05 05:00:00,77.9643484057079
2025-12-05 06:00:00,78.0859206168379
2025-12-05 07:00:00,78.2597794072902
2025-12-05 08:00:00,77.8373601196862
2025-12-05 09:00:00,79.0722634984793
2025-12-05 10:00:00,77.8914268894763
2025-12-05 11:00:00,78.1862826366614
2025-12-05 12:00:00,78.6970007612628
2025-12-05 13:00:00,78.4297844829204
2025-12-05 14:00:00,78.4377946383125
2025-12-05 15:00:00,78.5770351646571
2025-12-05 16:00:00,78.3616085646404
2025-12-05 17:00:00,78.2995985437417
2025-12-05 18:00:00,78.3292980836257
2025-12-05 19:00:00,77.7919769216323
2025-12-05 20:00:00,78.390701280951
2025-12-05 21:00:00,77.8930032668349
2025-12-05 22:00:00,78.8013970219754
2025-12-05 23:00:00,78.75074558869
2025-12-06 00:00:00,77.8777567536109
2025-12-06 01:00:00,77.290959128484
2025-12-06 02:00:00,77.8465720822866
2025-12-06 03:00:00,77.977115626145
2025-12-06 04:00:00,77.7055638918775
2025-12-06 05:00:00,77.7073676480085
2025-12-06 07:00:00,77.341677425442
2025-12-06 10:00:00,77.5948102273194
2025-12-06 11:00:00,77.8975462905592
2025-12-06 12:00:00,77.4378223664691
2025-12-06 13:00:00,77.4402752303834
2025-12-06 14:00:00,78.0387907710874
2025-12-06 15:00:00,77.528724018687
2025-12-06 16:00:00,77.874752119148
2025-12-06 17:00:00,77.9891646696243
2025-12-06 18:00:00,78.4505499834695
2025-12-06 19:00:00,78.306555690601
2025-12-06 20:00:00,77.9431892662917
2025-12-07 10:00:00,76.8305259816374
2025-12-07 11:00:00,76.3892022947814
2025-12-07 12:00:00,76.2792861506485
2025-12-07 13:00:00,76.5542068435676
2025-12-07 14:00:00,76.3350231342215
2025-12-07 15:00:00,77.1945246698321
2025-12-07 16:00:00,76.6491009050383
2025-12-07 17:00:00,76.2421154458201
2025-12-07 18:00:00,76.9977450417352
2025-12-07 19:00:00,83.6497128297605
2025-12-07 20:00:00,76.2896961484244
2025-12-07 21:00:00,
2025-12-07 22:00:00,
2025-12-07 23:00:00,
2025-12-08 00:00:00,75.9315148917161
2025-12-08 01:00:00,76.5862713201988
2025-12-08 02:00:00,76.8442402072336
2025-12-08 03:00:00,76.2686342471189
2025-12-08 04:00:00,76.6735558812371
2025-12-08 05:00:00,76.5169541052195
2025-12-08 08:00:00,76.3445426268556
2025-12-08 11:00:00,76.1357209242406
2025-12-08 12:00:00,76.6909330748525
2025-12-08 13:00:00,75.9074205491649
2025-12-08 14:00:00,76.6056041210075
2025-12-08 15:00:00,76.3161362696442
2025-12-08 16:00:00,75.9884868871684
2025-12-08 17:00:00,76.2677364193247
2025-12-08 18:00:00,
2025-12-08 19:00:00,76.6004906590035
2025-12-08 20:00:00,76.4264594777813
2025-12-08 21:00:00,76.6860755460816
2025-12-08 22:00:00,76.5989867029851
2025-12-08 23:00:00,76.6043692231457
2025-12-09 00:00:00,75.8322554973726
2025-12-09 01:00:00,75.5456056656768
2025-12-09 02:00:00,75.8552670893769
2025-12-09 03:00:00,75.3585687772754
2025-12-09 04:00:00,75.8136693452043
2025-12-09 05:00:00,76.5567073757357
2025-12-09 06:00:00,76.0054761164367
2025-12-09 07:00:00,76.7693516783265
2025-12-11 03:00:00,76.3485826258391
2025-12-11 04:00:00,75.9144998941517
2025-12-11 06:00:00,75.2522820518961
2025-12-11 07:00:00,76.190504816071
2025-12-11 08:00:00,75.8835343607107
2025-12-11 09:00:00,75.648555195072
2025-12-11 10:00:00,76.1129651729581
2025-12-11 11:00:00,75.7435570635113
2025-12-11 12:00:00,75.4816604913316
2025-12-11 13:00:00,75.5332484371315
2025-12-11 14:00:00,76.4105713173785
2025-12-11 15:00:00,75.4481270603779
2025-12-11 16:00:00,75.6206974995222
2025-12-11 17:00:00,75.598226468138
2025-12-11 18:00:00,75.5019565779391
2025-12-11 19:00:00,75.8750032207452
2025-12-11 20:00:00,75.5874204803885
2025-12-11 21:00:00,75.715786937409
2025-12-11 22:00:00,76.2840463349516
2025-12-11 23:00:00,75.8559280984882
2025-12-12 00:00:00,74.8685674769812
2025-12-12 01:00:00,75.0222343978923
2025-12-12 02:00:00,74.2555776172899
2025-12-12 03:00:00,75.17495669843
2025-12-12 04:00:00,74.7920272925556
2025-12-12 06:00:00,74.7714919291991
2025-12-12 07:00:00,75.0110389432127
2025-12-12 08:00:00,75.194379177426
2025-12-12 09:00:00,75.0156883336534
2025-12-12 10:00:00,74.8693022852123
2025-12-12 11:00:00,75.2522235537957
2025-12-12 12:00:00,75.1033014601849
2025-12-12 13:00:00,75.2452722413498
2025-12-12 14:00:00,75.0635659297616
2025-12-12 15:00:00,75.3025720634433
2025-12-12 16:00:00,75.099019695499
2025-12-12 17:00:00,75.667750473242
2025-12-12 18:00:00,75.1644553022475
2025-12-12 19:00:00,75.0690884140503
2025-12-12 20:00:00,75.5533425554225
2025-12-12 21:00:00,74.9777173607031
2025-12-12 22:00:00,74.974166639679
2025-12-12 23:00:00,75.432442573298
2025-12-13 00:00:00,74.7676697040254
2025-12-13 01:00:00,73.972068477079
2025-12-13 02:00:00,73.9151039755972
2025-12-13 03:00:00,73.7061616998864
2025-12-13 04:00:00,74.4201121564102
2025-12-13 05:00:00,74.5593240875374
2025-12-13 06:00:00,73.6949538003905
2025-12-13 07:00:00,
2025-12-13 08:00:00,
2025-12-13 10:00:00,
2025-12-13 12:00:00,
2025-12-13 13:00:00,
2025-12-13 14:00:00,73.0907965030887
2025-12-13 15:00:00,74.5651922507782
2025-12-13 16:00:00,74.2634139663875
2025-12-13 17:00:00,73.9246407936118
2025-12-13 18:00:00,74.192259733115
2025-12-13 19:00:00,74.0727603722738
2025-12-13 20:00:00,74.2292484779526
2025-12-13 21:00:00,74.3078044055588
2025-12-13 22:00:00,74.372730128883
2025-12-14 10:00:00,73.3681259582085
2025-12-14 11:00:00,73.8965163455183
2025-12-14 12:00:00,73.7011810288829
2025-12-14 13:00:00,73.7418977283774
2025-12-14 14:00:00,90.911666247289
2025-12-14 15:00:00,73.3717985989696
2025-12-14 16:00:00,73.5505762068622
2025-12-14 17:00:00,73.2716413335924
2025-12-14 18:00:00,73.4324571971362
2025-12-14 19:00:00,73.1865211956427
2025-12-14 20:00:00,73.4154276677116
2025-12-14 21:00:00,73.2278468361269
2025-12-14 22:00:00,73.9870995414946
2025-12-14 23:00:00,73.6534611405776
2025-12-15 00:00:00,72.2707665683598
2025-12-15 01:00:00,72.8931239683277
2025-12-15 02:00:00,73.2932326423337
2025-12-15 03:00:00,73.2135764789781
2025-12-15 04:00:00,72.42607293271
2025-12-15 05:00:00,72.3111237753788
2025-12-15 06:00:00,73.6094639649519
2025-12-15 07:00:00,73.033152977911
2025-12-15 08:00:00,73.0921796459968
2025-12-15 09:00:00,73.0114336996939
2025-12-15 11:00:00,72.6373403987037
2025-12-15 12:00:00,73.0175021142213
2025-12-15 13:00:00,
2025-12-15 15:00:00,72.3092430271404
2025-12-15 16:00:00,72.3059040685009
2025-12-15 17:00:00,72.2131325190614
2025-12-15 18:00:00,72.7081451826941
2025-12-15 19:00:00,73.1187638462645
2025-12-15 20:00:00,72.588683720457
2025-12-15 21:00:00,72.1960554373614
2025-12-15 22:00:00,73.0029317838899
2025-12-15 23:00:00,72.3107927982388
2025-12-16 00:00:00,72.4270454145541
2025-12-16 01:00:00,71.9568326169905
2025-12-16 02:00:00,72.543471487299
2025-12-16 03:00:00,72.2006876206273
2025-12-16 04:00:00,72.8193301494344
2025-12-16 05:00:00,72.3828142600567
2025-12-16 06:00:00,72.4473515713878
2025-12-16 08:00:00,71.9422027389305
2025-12-16 09:00:00,71.8988881770465
2025-12-16 10:00:00,71.8795778280575
2025-12-16 11:00:00,72.1030253195701
2025-12-16 12:00:00,72.3899106001001
2025-12-16 13:00:00,71.9189240824921
2025-12-16 14:00:00,72.322024182398
2025-12-16 15:00:00,72.3425034838235
2025-12-16 16:00:00,72.1825208315281
2025-12-16 17:00:00,72.9069058390237
2025-12-16 18:00:00,72.1537353606279
2025-12-16 19:00:00,72.3007792486493
2025-12-16 20:00:00,71.6041389562911
2025-12-16 21:00:00,72.1940154235207
2025-12-16 22:00:00,72.0861669744758
2025-12-16 23:00:00,72.2203549201193
2025-12-17 00:00:00,70.8908632177492
2025-12-17 01:00:00,70.9689635451149
2025-12-17 02:00:00,71.5655499982634
2025-12-17 03:00:00,69.3092261283239
2025-12-17 04:00:00,71.3602209158865
2025-12-17 05:00:00,70.8314877348277
2025-12-17 11:00:00,71.2453868304462
2025-12-17 12:00:00,71.5370342628824
2025-12-17 13:00:00,70.866874886763
2025-12-17 14:00:00,71.4961368047471
2025-12-17 15:00:00,70.819230436833
2025-12-17 16:00:00,71.5018591259769
2025-12-17 17:00:00,71.1529382399892
2025-12-17 18:00:00,71.2932512388331
2025-12-17 19:00:00,71.0749499998361
2025-12-17 20:00:00,70.9173118595674
2025-12-17 21:00:00,71.2528350133695
2025-12-17 22:00:00,71.0391322190134
2025-12-17 23:00:00,71.2519210727843
2025-12-18 00:00:00,70.385626888651
2025-12-18 01:00:00,70.5242298704754
2025-12-18 02:00:00,71.1632366211495
2025-12-18 03:00:00,70.3542874709581
2025-12-18 04:00:00,70.8875233921584
2025-12-18 05:00:00,70.3740346683861
2025-12-18 07:00:00,71.0385064176264
2025-12-18 09:00:00,70.5593035266734
2025-12-18 10:00:00,71.0136110458965
2025-12-18 11:00:00,70.9987910305597
2025-12-18 12:00:00,70.1210211157358
2025-12-18 13:00:00,70.970683720793
2025-12-18 14:00:00,70.9878364240164
2025-12-18 15:00:00,70.5448997967263
2025-12-18 16:00:00,71.3080564366067
2025-12-18 17:00:00,71.0398676009839
2025-12-18 18:00:00,70.8319842826148
2025-12-18 19:00:00,70.0207242644122
2025-12-18 20:00:00,70.5656597611648
2025-12-18 21:00:00,70.5841798579977
2025-12-18 22:00:00,70.4509011522634
2025-12-18 23:00:00,70.409054343676
2025-12-19 00:00:00,69.6712971229973
2025-12-19 01:00:00,70.8933147682799
2025-12-19 02:00:00,70.1643882297697
2025-12-19 03:00:00,70.3784051501417
2025-12-19 04:00:00,70.0313960243714
2025-12-19 05:00:00,70.061673028712
2025-12-19 16:00:00,70.0943108238712
2025-12-19 17:00:00,69.8362526006694
2025-12-19 18:00:00,70.7021058172554
2025-12-19 19:00:00,70.0637409284713
2025-12-19 20:00:00,69.9335831161084
2025-12-19 21:00:00,69.8308764661708
2025-12-19 22:00:00,69.9143662233709
2025-12-19 23:00:00,57.4291095311162
2025-12-20 00:00:00,69.981084180627
2025-12-20 01:00:00,69.8453524392786
2025-12-20 02:00:00,70.4240608102786
2025-12-20 03:00:00,69.6990468163433
2025-12-20 04:00:00,69.6872241330597
2025-12-20 05:00:00,69.4395536154977
2025-12-20 06:00:00,69.6098210834545
2025-12-20 07:00:00,68.9814390082959
2025-12-20 08:00:00,69.7240546186323
2025-12-20 09:00:00,69.2351737942117
2025-12-20 10:00:00,69.6335457187059
2025-12-20 11:00:00,70.1117172458351
2025-12-20 12:00:00,69.2562900029213
2025-12-20 13:00:00,69.9641114055025
2025-12-20 14:00:00,70.0319924888901
2025-12-20 15:00:00,70.0528189653901
2025-12-20 16:00:00,69.9694411753267
2025-12-20 17:00:00,69.5986719077908
2025-12-20 18:00:00,69.5012804008465
2025-12-20 19:00:00,69.8364735397183
2025-12-20 20:00:00,69.4787329080273
2025-12-20 21:00:00,70.0551028747343
2025-12-20 22:00:00,69.2028748219456
2025-12-20 23:00:00,69.3997269598159
2025-12-21 00:00:00,78.0531154929607
2025-12-21 01:00:00,69.0647749215056
2025-12-21 02:00:00,69.4198540898788
2025-12-21 03:00:00,69.579814395754
2025-12-21 04:00:00,69.8318312865006
2025-12-21 05:00:00,69.601432736228
2025-12-21 06:00:00,69.2200118033138
2025-12-21 07:00:00,70.0040468834972
2025-12-21 08:00:00,69.4257617734082
2025-12-21 10:00:00,69.1734173638476
2025-12-21 11:00:00,69.3671592074913
2025-12-21 12:00:00,69.8564184338751
2025-12-21 13:00:00,69.5783434134117
2025-12-21 14:00:00,69.548527219932
2025-12-21 15:00:00,69.6123276758069
2025-12-21 16:00:00,68.8220938907607
2025-12-21 17:00:00,55.0557499926305
2025-12-21 18:00:00,69.7438951367616
2025-12-21 19:00:00,69.1679279745631
2025-12-21 20:00:00,69.4388148699688
2025-12-21 21:00:00,69.3201156407388
2025-12-21 22:00:00,69.176035648579
2025-12-21 23:00:00,69.2032195115297
2025-12-22 00:00:00,68.6128093919756
2025-12-22 01:00:00,68.8508995567011
2025-12-22 02:00:00,68.35905187151
2025-12-22 03:00:00,68.9042353470266
2025-12-22 04:00:00,68.6425907378258
2025-12-22 05:00:00,68.6838110744301
2025-12-22 06:00:00,68.9486950310988
2025-12-22 07:00:00,68.7423012085013
2025-12-22 08:00:00,68.581796911006
2025-12-22 09:00:00,85.7632851440958
2025-12-22 10:00:00,69.1615900317867
2025-12-22 11:00:00,69.3500334901183
2025-12-22 12:00:00,68.1432274707273
2025-12-22 13:00:00,68.640168799763
2025-12-22 14:00:00,69.2698784051355
2025-12-22 15:00:00,68.54653964751
2025-12-22 16:00:00,69.2589747053822
2025-12-22 17:00:00,68.7889058925635
2025-12-22 18:00:00,68.939026160491
2025-12-22 19:00:00,68.2886744383019
2025-12-22 20:00:00,69.2440143589727
2025-12-22 21:00:00,69.2931265934747
2025-12-22 22:00:00,68.7782101065003
2025-12-23 00:00:00,68.0455826638192
2025-12-23 11:00:00,68.784554757753
2025-12-23 12:00:00,68.204089797684
2025-12-23 13:00:00,67.3092690649836
2025-12-23 14:00:00,68.6097952419535
2025-12-23 15:00:00,67.8758235784591
2025-12-23 16:00:00,67.2130605932931
2025-12-23 17:00:00,68.1683157758521
2025-12-23 18:00:00,68.1984465979541
2025-12-23 19:00:00,67.812992120726
2025-12-23 20:00:00,67.4372027465595
2025-12-23 21:00:00,67.558409021861
2025-12-23 22:00:00,67.9706619181344
2025-12-23 23:00:00,67.701333993066
2025-12-24 00:00:00,67.2456835623384
2025-12-24 01:00:00,66.7022278373919
2025-12-24 02:00:00,67.2813941424342
2025-12-24 03:00:00,67.2130955148647
2025-12-24 04:00:00,67.5644006513506
2025-12-24 05:00:00,66.9040668128996
2025-12-24 06:00:00,67.2961841422315
2025-12-24 07:00:00,67.624434367407
2025-12-24 08:00:00,66.7722587943519
2025-12-24 10:00:00,67.0717504833
2025-12-24 11:00:00,66.93375551122
2025-12-24 12:00:00,67.4446821993376
2025-12-24 13:00:00,67.4595192196689
2025-12-24 14:00:00,67.0869494950016
2025-12-24 15:00:00,67.6683770787444
2025-12-24 16:00:00,67.3789777265675
2025-12-24 17:00:00,67.5893380292985
2025-12-24 18:00:00,67.1340789148228
2025-12-24 19:00:00,67.1770014004682
2025-12-24 20:00:00,67.5750931066921
2025-12-24 21:00:00,67.5065048439413
2025-12-24 22:00:00,
2025-12-24 23:00:00,
2025-12-25 00:00:00,
2025-12-25 01:00:00,
2025-12-25 02:00:00,
2025-12-25 03:00:00,65.9969750621938
2025-12-25 04:00:00,66.8239778524043
2025-12-25 05:00:00,66.8140375609435
2025-12-25 06:00:00,66.4502771102244
2025-12-25 08:00:00,66.4179199931683
2025-12-25 09:00:00,66.6386289268902
2025-12-25 10:00:00,66.4493254876403
2025-12-25 11:00:00,66.015857365921
2025-12-25 12:00:00,66.2783715933451
2025-12-25 13:00:00,66.4890303970197
2025-12-25 14:00:00,66.6703631012397
2025-12-25 15:00:00,66.8229711813426
2025-12-25 16:00:00,66.4685338860515
2025-12-25 17:00:00,67.0117802269521
2025-12-25 18:00:00,66.7573561190402
2025-12-25 19:00:00,66.5702736580973
2025-12-25 20:00:00,66.7694741605625
2025-12-25 21:00:00,66.9006112105445
2025-12-25 22:00:00,66.2639418471441
2025-12-25 23:00:00,66.4366387192526
2025-12-26 00:00:00,66.0446100759769
2025-12-26 01:00:00,66.1492214050906
2025-12-26 02:00:00,66.2688212424502
2025-12-26 03:00:00,52.5531887046284
2025-12-26 04:00:00,65.7566980674517
2025-12-26 05:00:00,65.8717477473121
2025-12-26 06:00:00,65.4836169944263
2025-12-26 07:00:00,65.8046652836278
2025-12-26 08:00:00,65.6615745187342
2025-12-26 09:00:00,67.1030751489732
2025-12-26 10:00:00,66.799371823949
2025-12-26 11:00:00,65.8112240004768
2025-12-26 12:00:00,66.2420890764444
2025-12-26 13:00:00,66.0244902166708
2025-12-26 14:00:00,65.8418348346787
2025-12-26 15:00:00,66.2227914927637
2025-12-26 16:00:00,65.5617664341292
2025-12-26 17:00:00,66.1604845033429
2025-12-26 18:00:00,65.6733123486036
2025-12-26 19:00:00,65.6972186014769
2025-12-26 20:00:00,65.4395935576596
2025-12-27 07:00:00,65.1512518736007
2025-12-27 08:00:00,65.5550475256531
2025-12-27 09:00:00,65.7262315384289
2025-12-27 10:00:00,65.4242307644199
2025-12-27 11:00:00,65.3532419635493
2025-12-27 12:00:00,65.5139017304127
2025-12-27 13:00:00,65.2421730452615
2025-12-27 14:00:00,65.8092819277259
2025-12-27 15:00:00,65.5341303254294
2025-12-27 16:00:00,64.7059223965477
2025-12-27 17:00:00,65.6282119737635
2025-12-27 18:00:00,65.1699575797628
2025-12-27 19:00:00,66.006896031831
2025-12-27 20:00:00,65.4304621871978
2025-12-27 21:00:00,65.4370659164341
2025-12-27 22:00:00,65.8412062783528
2025-12-27 23:00:00,65.5667201017072
2025-12-28 00:00:00,64.984038223595
2025-12-28 01:00:00,65.3494250168802
2025-12-28 02:00:00,65.1791710644255
2025-12-28 03:00:00,64.9523814175376
2025-12-28 04:00:00,64.7944124304924
2025-12-28 05:00:00,65.0231313314823
2025-12-28 06:00:00,65.1612742750815
2025-12-28 07:00:00,65.2482577079562
2025-12-28 08:00:00,65.3883536052697
2025-12-28 09:00:00,64.7336230465425
2025-12-28 12:00:00,64.9484988296998
2025-12-28 13:00:00,65.6470645790254
2025-12-28 14:00:00,65.0586117990454
2025-12-28 15:00:00,65.0028698564649
2025-12-28 16:00:00,65.4704810379848
2025-12-28 17:00:00,65.1427394854529
2025-12-28 18:00:00,65.4007661469662
2025-12-28 19:00:00,64.9292874155639
2025-12-28 20:00:00,65.5435986096855
2025-12-28 21:00:00,65.7703009965914
2025-12-28 22:00:00,64.9538220853325
2025-12-28 23:00:00,64.8003796217621
2025-12-29 00:00:00,63.9704866988522
2025-12-29 01:00:00,64.8266420731602
2025-12-29 02:00:00,64.2260264994816
2025-12-29 03:00:00,64.8099464745871
2025-12-29 04:00:00,64.2507599811807
2025-12-29 05:00:00,64.5551364837022
2025-12-29 06:00:00,64.5496722369981
2025-12-29 07:00:00,63.892579934802
2025-12-29 08:00:00,64.4494133857168
2025-12-29 09:00:00,63.8247193612647
2025-12-29 10:00:00,64.7288105071747
2025-12-29 21:00:00,64.4424487157428
2025-12-29 22:00:00,64.9327649933652
2025-12-29 23:00:00,64.3624699890115
2025-12-30 00:00:00,63.8692581439048
2025-12-30 01:00:00,64.4382373420435
2025-12-30 02:00:00,63.9527466393395
2025-12-30 03:00:00,64.1264516671649
2025-12-30 04:00:00,63.835914479022
2025-12-30 05:00:00,63.6818160669935
2025-12-30 09:00:00,64.7390821057954
2025-12-30 10:00:00,63.9307095950815
2025-12-30 11:00:00,63.9596114473559
2025-12-30 12:00:00,63.7875561114216
2025-12-30 13:00:00,63.9726282135777
2025-12-30 14:00:00,63.8593154775652
2025-12-30 15:00:00,64.2712746386773
2025-12-30 16:00:00,64.0985798326165
2025-12-30 17:00:00,64.1625827998587
2025-12-30 18:00:00,63.997246221767
2025-12-30 19:00:00,63.7879710154623
2025-12-30 20:00:00,64.3378807801385
2025-12-30 21:00:00,63.6007080891405
2025-12-30 22:00:00,63.9694509658693
2025-12-30 23:00:00,63.9938696658093
2025-12-31 00:00:00,63.4574960745121
2025-12-31 01:00:00,62.408065985526
2025-12-31 02:00:00,63.0662445739193
2025-12-31 03:00:00,62.8173045187325
2025-12-31 04:00:00,62.9058374244146
2025-12-31 05:00:00,62.9402263158521
2025-12-31 06:00:00,62.7268618297476
2025-12-31 07:00:00,62.8787202761685
2025-12-31 10:00:00,63.2490546288263
2025-12-31 11:00:00,62.804419548559
2025-12-31 12:00:00,63.231076383761
2025-12-31 13:00:00,63.5432732917849
2025-12-31 14:00:00,63.5465050224178
2025-12-31 15:00:00,62.9324627963983
2025-12-31 16:00:00,63.5455698284287
2025-12-31 17:00:00,63.5070388015663
2025-12-31 18:00:00,63.3987410466842
2025-12-31 19:00:00,63.051375332568
2025-12-31 20:00:00,63.0971799318082
2025-12-31 21:00:00,63.1021793422655
2025-12-31 22:00:00,62.9527009988788
2025-12-31 23:00:00,63.2539526297693
2026-01-01 00:00:00,62.362481494598
2026-01-01 01:00:00,62.2871886793189
2026-01-01 02:00:00,62.832655915194
2026-01-01 03:00:00,62.3779961429904
2026-01-01 04:00:00,62.327304682149
2026-01-01 05:00:00,62.6685652458933
2026-01-01 06:00:00,62.6102713921798
2026-01-01 07:00:00,62.4363353577427
2026-01-01 08:00:00,63.0361988162023
2026-01-01 09:00:00,62.4229233467331
2026-01-01 10:00:00,62.8680605416959
2026-01-01 11:00:00,63.1691112512612
2026-01-01 12:00:00,62.4366079423498
2026-01-01 13:00:00,62.4741288990595
2026-01-01 14:00:00,62.8205104925796
2026-01-01 15:00:00,62.4339741725805
2026-01-01 16:00:00,62.439544353297
2026-01-01 17:00:00,62.7512011452388
2026-01-01 18:00:00,62.4267174362092
2026-01-01 19:00:00,62.5808988110854
2026-01-01 20:00:00,62.4563301019708
2026-01-01 21:00:00,62.5212484028657
2026-01-01 22:00:00,62.6626103451016
2026-01-01 23:00:00,62.5580001343882
2026-01-02 00:00:00,61.8766413355453
2026-01-02 01:00:00,61.6032498600983
2026-01-02 02:00:00,62.3531297163133
2026-01-02 03:00:00,61.799616783314
2026-01-02 04:00:00,62.2522076658898
2026-01-02 05:00:00,62.134265821867
2026-01-02 06:00:00,61.8411230819536
2026-01-02 08:00:00,61.9532188525187
2026-01-02 09:00:00,61.9768897678508
2026-01-02 10:00:00,62.6470053527558
2026-01-02 11:00:00,62.242709002499
2026-01-02 12:00:00,61.8182110853775
2026-01-02 23:00:00,62.1616813534595
2026-01-03 00:00:00,60.8505404963879
2026-01-03 01:00:00,60.9808616995475
2026-01-03 02:00:00,61.0845431963138
2026-01-03 03:00:00,61.3635028198874
2026-01-03 04:00:00,61.1436901402694
2026-01-03 05:00:00,60.5507892753122
2026-01-03 07:00:00,61.4507576840468
2026-01-03 08:00:00,60.9180351959967
2026-01-03 09:00:00,61.1817650696436
2026-01-03 12:00:00,61.0912357779758
2026-01-03 13:00:00,61.3827388843949
2026-01-03 14:00:00,61.4685682003302
2026-01-03 15:00:00,60.8166071339173
2026-01-03 16:00:00,60.7558156479672
2026-01-03 17:00:00,60.9108586928811
2026-01-03 18:00:00,60.9614152899708
2026-01-03 19:00:00,61.2999049472351
2026-01-03 20:00:00,61.1757245825436
2026-01-03 21:00:00,61.1191199979537
2026-01-03 22:00:00,60.4915433044291
2026-01-03 23:00:00,60.9734181330348
2026-01-04 00:00:00,59.7108741786132
2026-01-04 01:00:00,59.6572673264164
2026-01-04 02:00:00,60.1905720695925
2026-01-04 03:00:00,59.3805919211193
2026-01-04 04:00:00,59.3248518559005
2026-01-04 05:00:00,60.0681778364768
2026-01-04 06:00:00,59.5207786040193
2026-01-04 08:00:00,59.377010348916
2026-01-04 09:00:00,60.1081521275341
2026-01-04 10:00:00,59.3973786972219
2026-01-04 11:00:00,59.681394973496
2026-01-04 12:00:00,59.8421037473966
2026-01-04 13:00:00,60.1204658102652
2026-01-04 14:00:00,59.7858162669923
2026-01-04 15:00:00,59.8723802973531
2026-01-04 16:00:00,59.4367616554063
2026-01-04 17:00:00,59.8571676964211
2026-01-04 18:00:00,59.5029096312108
2026-01-04 19:00:00,59.7724554781049
2026-01-04 20:00:00,60.1437336408963
2026-01-04 21:00:00,59.6433648637001
2026-01-04 22:00:00,59.7942919198304
2026-01-04 23:00:00,59.9505598443315
2026-01-05 00:00:00,59.2881219085453
2026-01-05 01:00:00,59.1772817024732
2026-01-05 02:00:00,59.4263757035054
2026-01-05 03:00:00,59.2048629260913
2026-01-05 04:00:00,59.1700481382922
2026-01-05 05:00:00,58.9501237656534
2026-01-05 06:00:00,59.2384804345565
2026-01-05 07:00:00,58.7398442089311
2026-01-05 08:00:00,70.557522222753
2026-01-05 10:00:00,59.571654451526
2026-01-05 11:00:00,59.2837556828535
2026-01-05 12:00:00,58.6242970248179
2026-01-05 13:00:00,59.5195723732975
2026-01-05 14:00:00,59.3670284663906
2026-01-05 15:00:00,59.0598673773559
2026-01-05 16:00:00,59.3016497396916
2026-01-05 17:00:00,
2026-01-05 18:00:00,
2026-01-05 19:00:00,59.2473734986142
2026-01-05 20:00:00,59.1787500765968
2026-01-05 21:00:00,58.9364798084251
2026-01-05 22:00:00,59.1508375565134
2026-01-05 23:00:00,59.3204351895714
2026-01-06 00:00:00,58.1197169843874
2026-01-06 01:00:00,58.576311086269
2026-01-06 02:00:00,58.6145673442742
2026-01-06 03:00:00,72.6109452691836
2026-01-06 04:00:00,58.6118530106057
2026-01-06 05:00:00,58.6991761966132
2026-01-06 06:00:00,58.5446341033779
2026-01-06 07:00:00,58.6323010216891
2026-01-06 08:00:00,58.774862019969
2026-01-06 09:00:00,58.6062729026235
2026-01-06 10:00:00,70.2105754824962
2026-01-06 11:00:00,58.7789508820739
2026-01-06 12:00:00,58.879590949938
2026-01-06 13:00:00,58.7481846946716
2026-01-06 14:00:00,59.0543869108856
2026-01-06 15:00:00,58.4435267047686
2026-01-06 16:00:00,58.7370942917203
2026-01-06 17:00:00,58.551984604935
2026-01-06 18:00:00,58.9177861908101
2026-01-06 19:00:00,58.2656191906919
2026-01-06 20:00:00,58.7684154404457
2026-01-06 21:00:00,58.464995101434
2026-01-06 22:00:00,58.537646665376
2026-01-06 23:00:00,58.5434639593282
2026-01-07 00:00:00,57.972410035054
2026-01-07 01:00:00,58.196011225627
2026-01-07 02:00:00,57.6747458926248
2026-01-07 03:00:00,58.5292010614924
2026-01-07 15:00:00,58.4714095096747
2026-01-07 16:00:00,56.2659202061985
2026-01-07 17:00:00,58.381947312592
2026-01-07 18:00:00,58.2246881456079
2026-01-07 19:00:00,58.5898451644671
2026-01-07 20:00:00,58.2597161444356
2026-01-07 21:00:00,58.2301689967454
2026-01-07 22:00:00,48.4782613579983
2026-01-07 23:00:00,58.8384089766754
2026-01-08 00:00:00,57.5846516189336
2026-01-08 01:00:00,57.6655170146234
2026-01-08 02:00:00,57.320093696706
2026-01-08 03:00:00,57.420033356965
2026-01-08 04:00:00,57.5300230574141
2026-01-08 05:00:00,57.6357147685411
2026-01-08 06:00:00,57.4314662260503
2026-01-08 07:00:00,57.6031893375205
2026-01-08 08:00:00,57.2887722360134
2026-01-08 09:00:00,57.452138947875
2026-01-08 11:00:00,57.7851661773046
2026-01-08 12:00:00,57.0892374341702
2026-01-08 13:00:00,57.5814180817867
2026-01-08 14:00:00,57.7028941791758
2026-01-08 15:00:00,57.2640773365178
2026-01-08 16:00:00,57.4807893267067
2026-01-08 17:00:00,57.9533220103334
2026-01-08 18:00:00,57.6414416332234
2026-01-08 19:00:00,57.5832778743306
2026-01-08 20:00:00,58.0328221086226
2026-01-08 21:00:00,57.6104188915062
2026-01-08 22:00:00,57.8074260664324
2026-01-08 23:00:00,57.6563980274514
2026-01-09 00:00:00,
2026-01-09 01:00:00,
2026-01-09 02:00:00,
2026-01-09 03:00:00,
2026-01-09 04:00:00,
2026-01-09 05:00:00,
2026-01-09 06:00:00,
2026-01-09 07:00:00,
2026-01-09 09:00:00,
2026-01-09 10:00:00,
2026-01-09 11:00:00,
2026-01-09 12:00:00,
2026-01-09 13:00:00,
2026-01-09 14:00:00,
2026-01-09 15:00:00,
2026-01-09 16:00:00,
2026-01-09 17:00:00,
2026-01-09 18:00:00,
2026-01-09 19:00:00,
2026-01-09 20:00:00,
2026-01-09 21:00:00,
2026-01-09 22:00:00,
2026-01-09 23:00:00,
2026-01-10 00:00:00,69.0241564274449
2026-01-10 01:00:00,68.924500987812
2026-01-10 02:00:00,68.8693122661798
2026-01-10 03:00:00,69.1179212357781
2026-01-10 04:00:00,69.2000246565755
2026-01-10 05:00:00,69.1362259549957
2026-01-10 06:00:00,68.9217855728204
2026-01-10 08:00:00,68.9229395208762
2026-01-10 09:00:00,69.2060364604113
2026-01-10 10:00:00,69.1505096013256
2026-01-10 11:00:00,69.0915226238776
2026-01-10 12:00:00,69.2390604927617
2026-01-10 13:00:00,68.9188001960629
2026-01-10 14:00:00,68.9268533109506
2026-01-10 15:00:00,69.1248078831741
2026-01-10 16:00:00,69.2810711260667
2026-01-10 17:00:00,69.2050810661752
2026-01-10 18:00:00,69.026558267019
2026-01-10 19:00:00,69.2065154263248
2026-01-10 20:00:00,69.2080802903172
2026-01-10 21:00:00,68.8986856103226
2026-01-10 22:00:00,69.305069522647
2026-01-10 23:00:00,69.246689269121
2026-01-11 00:00:00,68.4136493289905
2026-01-11 01:00:00,68.5550100209061
2026-01-11 02:00:00,68.4449027404408
2026-01-11 03:00:00,68.590131745155
2026-01-11 04:00:00,68.4921225585059
2026-01-11 05:00:00,68.8055857197835
2026-01-11 06:00:00,68.7768145328543
2026-01-11 07:00:00,68.6870877498864
2026-01-11 08:00:00,68.7854951134237
2026-01-11 09:00:00,68.5486751155115
2026-01-11 10:00:00,68.3656073464813
2026-01-11 11:00:00,68.4890311867577
2026-01-11 12:00:00,68.6690062308246
2026-01-11 13:00:00,68.3694464106281
2026-01-11 14:00:00,68.8075965720533
2026-01-11 16:00:00,68.6853931459147
2026-01-11 17:00:00,68.564154382309
2026-01-11 18:00:00,68.6096993901862
2026-01-11 19:00:00,68.4935146273195
2026-01-11 20:00:00,68.6343550234782
2026-01-11 21:00:00,68.8556024321968
2026-01-11 22:00:00,68.6371910411083
2026-01-11 23:00:00,68.7473336535888
2026-01-12 00:00:00,67.8772612280896
2026-01-12 01:00:00,67.930494119655
2026-01-12 02:00:00,68.3252997181625
2026-01-12 03:00:00,67.9520947067564
2026-01-12 04:00:00,67.8996795001231
2026-01-12 05:00:00,68.0055223225481
2026-01-12 06:00:00,68.337780238322
2026-01-12 07:00:00,67.9441172331404
2026-01-12 08:00:00,67.9366810088859
2026-01-12 09:00:00,68.1670017393486
2026-01-12 10:00:00,67.9569304519701
2026-01-12 11:00:00,68.067523162991
2026-01-12 12:00:00,68.0390660803357
2026-01-12 13:00:00,67.9450367250444
2026-01-12 14:00:00,67.959126843377
2026-01-12 15:00:00,68.1379548308262
2026-01-12 16:00:00,68.2928082713117
2026-01-12 17:00:00,53.586536009827
2026-01-12 18:00:00,67.8908022963923
2026-01-12 19:00:00,65.0857074614218
2026-01-12 20:00:00,68.0660239965774
2026-01-12 21:00:00,68.0439041234766
2026-01-12 22:00:00,68.2827928934578
2026-01-12 23:00:00,68.0020628988243
2026-01-13 00:00:00,67.7084713240414
2026-01-13 01:00:00,67.8129028355229
2026-01-13 02:00:00,67.8860394826866
2026-01-13 03:00:00,67.5289185270603
2026-01-13 04:00:00,67.6765109478638
2026-01-13 05:00:00,67.8908509951606
2026-01-13 06:00:00,67.8488106477399
2026-01-13 07:00:00,67.8382415640984
2026-01-13 08:00:00,67.7699190662376
2026-01-13 09:00:00,67.8707889160036
2026-01-13 20:00:00,67.6269174609596
2026-01-13 21:00:00,67.8293593239195
2026-01-13 22:00:00,67.3737882306666
2026-01-13 23:00:00,67.9004020800433
2026-01-14 00:00:00,67.3120943924462
2026-01-14 01:00:00,67.5711848150354
2026-01-14 02:00:00,67.8675774053174
2026-01-14 03:00:00,66.97223851713
2026-01-14 04:00:00,66.8768425338034
2026-01-14 05:00:00,66.9051155493287
2026-01-14 06:00:00,67.0200955624253
2026-01-14 07:00:00,67.0251307002889
2026-01-14 08:00:00,67.2440135725073
2026-01-14 09:00:00,66.7066147355523
2026-01-14 10:00:00,67.159920713112
2026-01-14 11:00:00,67.0288909530574
2026-01-14 12:00:00,66.8948027515716
2026-01-14 13:00:00,66.8731000296139
2026-01-14 14:00:00,67.2563482593455
2026-01-14 15:00:00,67.4713189951886
2026-01-14 16:00:00,67.2737403930372
2026-01-14 17:00:00,67.1142936215974
2026-01-14 18:00:00,67.0263553980958
2026-01-14 19:00:00,67.0783596940668
2026-01-14 20:00:00,67.3279511777722
2026-01-14 21:00:00,66.9037655579084
2026-01-14 22:00:00,67.309825003952
2026-01-14 23:00:00,67.408876275854
2026-01-15 00:00:00,66.950003084754
2026-01-15 01:00:00,66.7228372999543
2026-01-15 02:00:00,67.6666662065093
2026-01-15 03:00:00,66.8457375562429
2026-01-15 04:00:00,66.4594511401123
2026-01-15 05:00:00,67.117202645709
2026-01-15 06:00:00,67.4217439432087
2026-01-15 07:00:00,66.7419441970997
2026-01-15 09:00:00,67.7715724205147
2026-01-15 10:00:00,66.9358384211323
2026-01-15 11:00:00,67.3499393373349
2026-01-15 12:00:00,67.1150544264133
2026-01-15 13:00:00,67.3122954483653
2026-01-15 14:00:00,67.1772135180588
2026-01-15 15:00:00,66.9480606299005
2026-01-15 16:00:00,66.85392116063
2026-01-15 17:00:00,66.7754187495073
2026-01-15 18:00:00,66.3961122776056
2026-01-15 19:00:00,67.1698202580047
2026-01-15 20:00:00,66.6615574846933
2026-01-15 21:00:00,67.0601267792109
2026-01-15 22:00:00,66.5921564544332
2026-01-15 23:00:00,66.9249203894231
2026-01-16 00:00:00,67.2314550921143
2026-01-16 01:00:00,67.1030491715487
2026-01-16 02:00:00,66.6820548378061
2026-01-16 03:00:00,67.2147248542993
2026-01-16 04:00:00,67.0700922380938
2026-01-16 05:00:00,67.2739924143882
2026-01-16 06:00:00,66.9049703221418
2026-01-16 07:00:00,67.004194891401
2026-01-16 09:00:00,66.823760632852
2026-01-16 11:00:00,66.7459771606661
2026-01-16 12:00:00,67.022091510302
2026-01-16 13:00:00,66.1001008256663
2026-01-16 14:00:00,67.1286655059731
2026-01-16 15:00:00,67.2008619000338
2026-01-16 16:00:00,67.2015233626792
2026-01-16 17:00:00,66.7108000694998
2026-01-16 18:00:00,67.1292039271558
2026-01-16 19:00:00,66.7648960614371
2026-01-16 20:00:00,66.7076013550908
2026-01-16 21:00:00,66.2525323210043
2026-01-16 22:00:00,66.8211834644938
2026-01-16 23:00:00,67.1752136292015
2026-01-17 00:00:00,66.9815521566118
2026-01-17 01:00:00,66.2130181972747
2026-01-17 02:00:00,66.3700390811042
2026-01-17 03:00:00,66.6215669931929
2026-01-17 04:00:00,66.1910601333212
2026-01-17 05:00:00,66.7789598464598
2026-01-17 06:00:00,66.8792849895791
2026-01-17 07:00:00,66.3635232379248
2026-01-17 08:00:00,66.751032315592
2026-01-17 09:00:00,66.7941303296191
2026-01-17 10:00:00,65.8714582277853
2026-01-17 11:00:00,66.4929955150612
2026-01-17 12:00:00,66.4790353993781
2026-01-17 13:00:00,66.4943660135689
2026-01-17 14:00:00,66.2737877415441
2026-01-17 15:00:00,66.2857397189348
2026-01-17 16:00:00,66.2327448463898
2026-01-17 17:00:00,66.7283338442208
2026-01-17 18:00:00,66.5219687793747
2026-01-17 19:00:00,66.5277245626171
2026-01-17 20:00:00,66.6725761991402
2026-01-17 21:00:00,66.9024053502779
2026-01-17 22:00:00,66.5518896472339
2026-01-17 23:00:00,66.23310125687
2026-01-18 00:00:00,66.3520493684358
2026-01-18 01:00:00,65.7597271010908
2026-01-18 02:00:00,66.0788051981796
2026-01-18 03:00:00,65.804105641896
2026-01-18 04:00:00,65.6250191784922
2026-01-18 05:00:00,65.9192893849335
2026-01-18 06:00:00,66.2734129813887
2026-01-18 07:00:00,65.9280987041997
2026-01-18 08:00:00,66.3602746867629
2026-01-18 09:00:00,65.8260438564119
2026-01-18 11:00:00,66.2028913863483
2026-01-18 12:00:00,65.9691623811292
2026-01-18 13:00:00,65.9862297885304
2026-01-18 14:00:00,65.9779038803645
2026-01-18 15:00:00,65.8666494853203
2026-01-18 16:00:00,66.241989268246
2026-01-18 17:00:00,66.3199827577198
2026-01-18 18:00:00,65.9420946326806
2026-01-18 19:00:00,66.6419843236163
2026-01-18 20:00:00,66.3353979267969
2026-01-18 21:00:00,66.2177396564389
2026-01-18 22:00:00,66.1201527420062
2026-01-18 23:00:00,66.3358197988493
2026-01-19 00:00:00,66.4400147166307
2026-01-19 01:00:00,65.7130358050154
2026-01-19 02:00:00,66.3538427254054
2026-01-19 03:00:00,66.019535468837
2026-01-19 04:00:00,66.5515111939586
2026-01-19 05:00:00,66.3719884259774
2026-01-19 06:00:00,66.2474076134318
2026-01-19 17:00:00,65.9109786035585
2026-01-19 18:00:00,66.2943417330668
2026-01-19 19:00:00,66.0709746673552
2026-01-19 20:00:00,66.1079513012132
2026-01-19 21:00:00,66.0103725644346
2026-01-19 22:00:00,66.3912692847464
2026-01-19 23:00:00,66.2927127208414
2026-01-20 00:00:00,65.6408735526964
2026-01-20 06:00:00,65.8306362180237
2026-01-20 12:00:00,66.1230712467572
2026-01-20 18:00:00,65.681920034204
2026-01-21 00:00:00,65.2972317325129
2026-01-21 06:00:00,65.1175031379193
2026-01-21 12:00:00,65.2677114584876
2026-01-21 18:00:00,64.9584093282618
2026-01-22 00:00:00,64.5381025563062
2026-01-22 06:00:00,64.4818954021643
2026-01-22 12:00:00,64.2100952636593
2026-01-22 18:00:00,64.9327580086808
2026-01-23 00:00:00,64.2202346554345
2026-01-23 06:00:00,64.0974480663979
2026-01-23 12:00:00,63.6763064911603
2026-01-23 18:00:00,64.0398148394836
2026-01-24 00:00:00,63.7693956758195
2026-01-24 06:00:00,63.3730782795369
2026-01-24 12:00:00,63.3138462427387
2026-01-24 18:00:00,63.2281616535359
2026-01-25 00:00:00,63.4465834318433
2026-01-25 06:00:00,62.7807404566956
2026-01-25 12:00:00,62.7761897733308
2026-01-25 18:00:00,63.196693536685
2026-01-26 00:00:00,62.9146439183421
2026-01-26 06:00:00,63.0529315529904
2026-01-26 12:00:00,62.4861473310686
2026-01-26 18:00:00,62.2802246488602
2026-01-27 00:00:00,62.3922205592991
2026-01-27 06:00:00,62.7085545424613
2026-01-27 12:00:00,62.3506078200155
2026-01-27 18:00:00,62.4733931751356
2026-01-28 00:00:00,62.0320578145092
2026-01-28 06:00:00,61.3994124049606
2026-01-28 12:00:00,62.2544304032964
2026-01-28 18:00:00,62.0773671242163
2026-01-29 00:00:00,44.1879616843416
2026-01-29 06:00:00,60.9338511923273
2026-01-29 12:00:00,61.142249919643
2026-01-29 18:00:00,61.2367848911378
2026-01-30 00:00:00,60.4871617695763
2026-01-30 06:00:00,61.3043449146239
2026-01-30 12:00:00,60.9025537926632
2026-01-30 18:00:00,61.0661994279705
2026-01-31 00:00:00,60.3624294588551
2026-01-31 06:00:00,59.9434624970878
2026-01-31 12:00:00,60.4702141417077
2026-01-31 18:00:00,60.1229201252385
2026-02-01 00:00:00,59.7017121177488
2026-02-01 06:00:00,59.3473861962496
2026-02-01 12:00:00,59.2974088757549
2026-02-01 18:00:00,59.4397838718291
2026-02-02 00:00:00,59.2230235266396
2026-02-02 06:00:00,59.2583778084175
2026-02-02 12:00:00,59.2097342127468
2026-02-02 18:00:00,59.1119952468704
2026-02-03 00:00:00,58.5951561019624
2026-02-03 06:00:00,58.6958014697846
2026-02-03 12:00:00,58.7949231401479
2026-02-03 18:00:00,58.4407159207228
2026-02-04 00:00:00,57.9746304200933
2026-02-04 06:00:00,58.2033151247515
2026-02-04 12:00:00,57.9918493315952
2026-02-04 18:00:00,58.4354254613975
2026-02-05 00:00:00,58.1282652534291
2026-02-05 06:00:00,58.22260288195
2026-02-05 12:00:00,57.7610583552783
2026-02-05 18:00:00,57.5153699903246
2026-02-06 00:00:00,57.0183959687532
2026-02-06 06:00:00,56.9567161550992
2026-02-06 12:00:00,56.9902750622133
2026-02-06 18:00:00,57.1609082560181
2026-02-07 00:00:00,56.6866191945072
2026-02-07 06:00:00,56.6582309102761
2026-02-07 12:00:00,56.6835451953856
2026-02-07 18:00:00,56.7614899596526
2026-02-08 00:00:00,56.5833960854794
2026-02-08 06:00:00,56.4024664288981
2026-02-08 12:00:00,56.1794624666639
2026-02-08 18:00:00,56.4556999060929
2026-02-09 00:00:00,55.0448321419003
2026-02-09 06:00:00,55.6025921612039
2026-02-09 12:00:00,55.4288027188996
2026-02-09 18:00:00,55.2396562774765
2026-02-10 00:00:00,54.4070728715589
2026-02-10 06:00:00,54.780730697675
2026-02-10 12:00:00,54.4643278249863
2026-02-10 18:00:00,54.5629967801024
2026-02-11 00:00:00,53.3929419729022
2026-02-11 06:00:00,53.483854605279
2026-02-11 12:00:00,53.5181466532792
2026-02-11 18:00:00,53.7166828041032
2026-02-12 00:00:00,53.4837869719063
2026-02-12 06:00:00,53.3636654078942
2026-02-12 12:00:00,53.2166674423878
2026-02-12 18:00:00,53.2660234262135
2026-02-13 00:00:00,52.6223961924856
2026-02-13 06:00:00,52.4510354435826
2026-02-13 12:00:00,52.7768875556711
2026-02-13 18:00:00,52.4802296731119
2026-02-14 00:00:00,51.9446770516644
2026-02-14 06:00:00,51.6197905145302
2026-02-14 12:00:00,52.2905497899582
2026-02-14 18:00:00,51.9487882143466
2026-02-15 00:00:00,51.6967667977734
2026-02-15 06:00:00,51.7247843275434
2026-02-15 12:00:00,51.7143223372423
2026-02-15 18:00:00,52.0076776961991
2026-02-16 00:00:00,51.5831686531128
2026-02-16 06:00:00,51.5928754815764
2026-02-16 12:00:00,51.746986781941
2026-02-16 18:00:00,51.6247401941962
2026-02-17 00:00:00,50.4467544300362
2026-02-17 06:00:00,50.6518211590983
2026-02-17 12:00:00,50.3813250491738
2026-02-17 18:00:00,50.3714882292149
2026-02-18 00:00:00,50.0972628068171
2026-02-18 06:00:00,50.2336924465248
2026-02-18 12:00:00,50.0809163077734
2026-02-18 18:00:00,49.5611631725522
2026-02-19 00:00:00,49.4718305130376
2026-02-19 06:00:00,48.8813984880493
2026-02-19 12:00:00,49.5373172289986
2026-02-19 18:00:00,49.2410318734907
2026-02-20 00:00:00,49.2720945212649
2026-02-20 06:00:00,49.2725200217547
2026-02-20 12:00:00,48.8332501209338
2026-02-20 18:00:00,49.1362370752578
2026-02-21 00:00:00,48.0670851439718
2026-02-21 06:00:00,48.278695082449
2026-02-21 12:00:00,48.0830381842413
2026-02-21 18:00:00,47.7565027112907
2026-02-22 00:00:00,47.2868727011004
2026-02-22 06:00:00,47.285105247666
2026-02-22 12:00:00,47.4902651032065
2026-02-22 18:00:00,46.9294059665926
2026-02-23 00:00:00,
2026-02-23 06:00:00,
2026-02-23 12:00:00,
2026-02-23 18:00:00,
2026-02-24 00:00:00,76.7967345911685
2026-02-24 06:00:00,76.7279221462458
2026-02-24 12:00:00,76.9008052705113
2026-02-24 18:00:00,76.7764605017871
2026-02-25 00:00:00,76.5552608754939
2026-02-25 06:00:00,76.3749095676722
2026-02-25 12:00:00,76.4296327152827
2026-02-25 18:00:00,71.0706138936348
2026-02-26 00:00:00,76.0136246403402
2026-02-26 06:00:00,75.8851563954395
2026-02-26 12:00:00,75.911920900001
2026-02-26 18:00:00,76.0882269376137
2026-02-27 00:00:00,75.0137925058317
2026-02-27 06:00:00,75.1904076211723
2026-02-27 12:00:00,75.2828473278215
2026-02-27 18:00:00,75.3598568963134
2026-02-28 00:00:00,74.9654339813516
2026-02-28 06:00:00,74.8682925585679
2026-02-28 12:00:00,75.0353559254743
2026-02-28 18:00:00,74.6728803275272
2026-03-01 00:00:00,74.8954401886119
2026-03-01 06:00:00,74.5704697869831
2026-03-01 12:00:00,74.9124499195872
2026-03-01 18:00:00,74.9469720454658
2026-03-02 00:00:00,
2026-03-02 06:00:00,
2026-03-02 12:00:00,74.7770591228571
2026-03-02 18:00:00,73.0062990565716
2026-03-03 00:00:00,73.9157218473027
2026-03-03 06:00:00,73.6984429105366
2026-03-03 12:00:00,74.311456771986
2026-03-03 18:00:00,74.7116848172311
2026-03-04 00:00:00,75.2714809606593
2026-03-04 06:00:00,72.1240218142869
2026-03-04 12:00:00,74.0306736452445
2026-03-04 18:00:00,74.0849763014489
2026-03-05 00:00:00,73.1464630416782
2026-03-05 06:00:00,73.4827425615505
2026-03-05 12:00:00,74.1490509191997
2026-03-05 18:00:00,74.2837498799397
2026-03-06 00:00:00,74.3789589659981
2026-03-06 06:00:00,73.4457413150384
2026-03-06 12:00:00,73.8285827182196
2026-03-06 18:00:00,74.5213391362395
2026-03-07 00:00:00,73.6451912559343
2026-03-07 06:00:00,72.7506703954463
2026-03-07 12:00:00,74.6144413810796
2026-03-07 18:00:00,75.7754859406978
2026-03-08 00:00:00,74.1245963816567
2026-03-08 06:00:00,72.0441798612369
2026-03-08 12:00:00,73.9431529884816
2026-03-08 18:00:00,73.1835304424548
2026-03-09 00:00:00,72.8032857395475
2026-03-09 06:00:00,72.0021298415684
2026-03-09 12:00:00,72.6004673555432
2026-03-09 18:00:00,72.8472168471834
2026-03-10 00:00:00,74.0964516166448
2026-03-10 06:00:00,71.1905726319426
2026-03-10 12:00:00,70.8205960426711
2026-03-10 18:00:00,72.5044870590691
2026-03-11 00:00:00,70.928894737864
2026-03-11 06:00:00,73.1460606366706
2026-03-11 12:00:00,62.6742464521581
2026-03-11 18:00:00,72.9704576627129
2026-03-12 00:00:00,73.2872470475618
2026-03-12 06:00:00,72.6015868766469
2026-03-12 12:00:00,72.4781604042786
2026-03-12 18:00:00,74.3890991757761
2026-03-13 00:00:00,73.1932248687201
2026-03-13 06:00:00,71.6321005454655
2026-03-13 12:00:00,73.2702965465172
2026-03-13 18:00:00,72.3855730689251
2026-03-14 00:00:00,70.9494312819204
2026-03-14 06:00:00,72.7529610875472
2026-03-14 12:00:00,72.6449498711353
2026-03-14 18:00:00,71.9657510347118
2026-03-15 00:00:00,71.8121078304833
2026-03-15 06:00:00,71.8866969579018
2026-03-15 12:00:00,71.8461761416585
2026-03-15 18:00:00,73.4318926147083
2026-03-16 00:00:00,72.3926902043656
2026-03-16 06:00:00,71.86295416157
2026-03-16 12:00:00,72.6352198307661
2026-03-16 18:00:00,70.8093862629871
2026-03-17 00:00:00,71.7153603309947
2026-03-17 06:00:00,71.73439896998
2026-03-17 12:00:00,72.6485685176745
2026-03-17 18:00:00,71.1581475181899
2026-03-18 00:00:00,72.059991513936
2026-03-18 06:00:00,71.3782870889996
2026-03-18 12:00:00,71.9582612940468
2026-03-18 18:00:00,71.7636771884392
2026-03-19 00:00:00,72.0373183014519
2026-03-19 06:00:00,71.0283236085339
2026-03-19 12:00:00,73.5658319800713
2026-03-19 18:00:00,71.6179145117828
2026-03-20 00:00:00,69.7611498316352
2026-03-20 06:00:00,69.8219993843155
2026-03-20 12:00:00,71.3590076825609
2026-03-20 18:00:00,71.521678581475
2026-03-21 00:00:00,70.4153614093072
2026-03-21 06:00:00,70.2449367177081
2026-03-21 12:00:00,70.9855308992848
2026-03-21 18:00:00,71.3624685977893
2026-03-22 00:00:00,72.2576895710457
2026-03-22 06:00:00,72.5827293853458
2026-03-22 12:00:00,70.6152278046168
2026-03-22 18:00:00,71.5044309771173
2026-03-23 00:00:00,70.6654613313892
2026-03-23 06:00:00,70.8536408728972
2026-03-23 12:00:00,70.9715742135537
2026-03-23 18:00:00,70.6256602491557
2026-03-24 00:00:00,71.6574062397694
2026-03-24 06:00:00,70.2565543623978
2026-03-24 12:00:00,70.4838929206928
2026-03-24 18:00:00,69.1333429916149
2026-03-25 00:00:00,70.7625301064947
2026-03-25 06:00:00,70.7914592772221
2026-03-25 12:00:00,69.561773663543
2026-03-25 18:00:00,68.8614279787969
2026-03-26 00:00:00,70.5539588240692
2026-03-26 06:00:00,51.6780493496238
2026-03-26 12:00:00,70.6435851860122
2026-03-26 18:00:00,78.7735737521871
2026-03-27 00:00:00,69.0775057623638
2026-03-27 06:00:00,69.6601659498216
2026-03-27 12:00:00,70.581282363156
2026-03-27 18:00:00,69.4666539146152
2026-03-28 00:00:00,69.961285887356
2026-03-28 06:00:00,68.9864406681481
2026-03-28 12:00:00,69.2336964340369
2026-03-28 18:00:00,69.8884448749209
2026-03-29 00:00:00,68.8119816892808
2026-03-29 06:00:00,69.4262720130737
2026-03-29 12:00:00,69.1089700868325
2026-03-29 18:00:00,68.9505115782815
2026-03-30 00:00:00,68.1717020669052
2026-03-30 06:00:00,68.8267458414305
2026-03-30 12:00:00,68.6779278554388
2026-03-30 18:00:00,67.7328690414883
2026-03-31 00:00:00,68.4407956471584
2026-03-31 06:00:00,68.1828123291641
2026-03-31 12:00:00,68.1626291870811
2026-03-31 18:00:00,68.0101148869523
2026-04-01 00:00:00,
2026-04-01 06:00:00,
2026-04-01 12:00:00,
2026-04-01 18:00:00,
2026-04-02 00:00:00,87.531222889369
2026-04-02 06:00:00,87.7882340869133
2026-04-02 12:00:00,86.7718997464484
2026-04-02 18:00:00,87.4043936655188
2026-04-03 00:00:00,86.1388292996676
2026-04-03 06:00:00,87.2457015157769
2026-04-03 12:00:00,87.2075012829193
2026-04-03 18:00:00,86.4672615109265
2026-04-04 00:00:00,
2026-04-04 06:00:00,
2026-04-04 12:00:00,
2026-04-04 18:00:00,
2026-04-05 00:00:00,
2026-04-05 06:00:00,85.1300556833096
2026-04-05 12:00:00,88.1318704644161
2026-04-05 18:00:00,86.7233087573054
2026-04-06 00:00:00,85.6341621198109
2026-04-06 06:00:00,86.9683196665174
2026-04-06 12:00:00,87.1949040547092
2026-04-06 18:00:00,84.4577808799269
2026-04-07 00:00:00,86.2206242392004
2026-04-07 06:00:00,84.3392529953017
2026-04-07 12:00:00,86.8798650291174
2026-04-07 18:00:00,86.2706808686461
2026-04-08 00:00:00,84.7734941232484
2026-04-08 06:00:00,87.6980968522031
2026-04-08 12:00:00,83.6142493751062
2026-04-08 18:00:00,84.2787683683932
2026-04-09 00:00:00,84.7932066418126
2026-04-09 06:00:00,82.969344763671
2026-04-09 12:00:00,85.2379087834879
2026-04-09 18:00:00,85.4766344555168
2026-04-10 00:00:00,85.75019925034
2026-04-10 06:00:00,86.1166994854036
2026-04-10 12:00:00,84.4457614439847
2026-04-10 18:00:00,82.7389020368447
